date,news_sentiment
1980-01-01,-0.037858907133340836
1980-01-02,-0.10652124136686325
1980-01-03,-0.08930721879005432
1980-01-05,-0.0669722929596901
1980-01-06,-0.08880139887332916
1980-01-07,-0.12689359486103058
1980-01-08,-0.19587378203868866
1980-01-09,-0.2188701331615448
1980-01-10,-0.2017890214920044
1980-01-11,-0.22198493778705597
1980-01-12,-0.2021002322435379
1980-01-13,-0.1766846477985382
1980-01-14,-0.15638917684555054
1980-01-15,-0.15142755210399628
1980-01-16,-0.1178848072886467
1980-01-17,-0.11806543171405792
1980-01-18,-0.13808368146419525
1980-01-19,-0.15121906995773315
1980-01-20,-0.16762280464172363
1980-01-22,-0.15574362874031067
1980-01-24,-0.15566609799861908
1980-01-25,-0.23487301170825958
1980-01-26,-0.21548214554786682
1980-01-27,-0.2064191699028015
1980-01-29,-0.22178079187870026
1980-01-30,-0.24472740292549133
1980-01-31,-0.2615978717803955
1980-02-02,-0.24749791622161865
1980-02-03,-0.24838446080684662
1980-02-04,-0.24926061928272247
1980-02-05,-0.2589664161205292
1980-02-06,-0.28791043162345886
1980-02-07,-0.28207558393478394
1980-02-08,-0.2743140757083893
1980-02-09,-0.25569844245910645
1980-02-10,-0.2457495778799057
1980-02-12,-0.26256731152534485
1980-02-13,-0.2462603598833084
1980-02-14,-0.2553982734680176
1980-02-15,-0.24737796187400818
1980-02-16,-0.23436908423900604
1980-02-17,-0.23025549948215485
1980-02-19,-0.21846453845500946
1980-02-20,-0.2140865921974182
1980-02-21,-0.18255704641342163
1980-02-22,-0.20779837667942047
1980-02-23,-0.20947100222110748
1980-02-24,-0.21656064689159393
1980-02-25,-0.19938763976097107
1980-02-26,-0.1886613965034485
1980-02-27,-0.16417299211025238
1980-02-28,-0.1521628201007843
1980-03-02,-0.19228044152259827
1980-03-03,-0.22769960761070251
1980-03-04,-0.2723802626132965
1980-03-05,-0.2824483811855316
1980-03-06,-0.2924671769142151
1980-03-07,-0.2830507457256317
1980-03-08,-0.2870338261127472
1980-03-09,-0.3112555146217346
1980-03-10,-0.34343039989471436
1980-03-11,-0.3398357331752777
1980-03-12,-0.3463655710220337
1980-03-13,-0.35248252749443054
1980-03-14,-0.3283735513687134
1980-03-15,-0.33681654930114746
1980-03-16,-0.3557118773460388
1980-03-18,-0.351195365190506
1980-03-19,-0.3659927546977997
1980-03-20,-0.3690766394138336
1980-03-21,-0.37188521027565
1980-03-22,-0.34488967061042786
1980-03-23,-0.3715946078300476
1980-03-24,-0.3323334753513336
1980-03-25,-0.35570627450942993
1980-03-26,-0.37397104501724243
1980-03-27,-0.3920690417289734
1980-03-28,-0.3997965157032013
1980-03-29,-0.36642682552337646
1980-03-30,-0.3720533549785614
1980-03-31,-0.396442174911499
1980-04-01,-0.39229616522789
1980-04-02,-0.3922644853591919
1980-04-03,-0.32216504216194153
1980-04-04,-0.3371385335922241
1980-04-05,-0.310708224773407
1980-04-06,-0.33389660716056824
1980-04-07,-0.44106897711753845
1980-04-08,-0.4716002941131592
1980-04-09,-0.5518527030944824
1980-04-10,-0.5747517347335815
1980-04-11,-0.5700652003288269
1980-04-12,-0.49030089378356934
1980-04-13,-0.5185133814811707
1980-04-15,-0.5359976887702942
1980-04-16,-0.5319665670394897
1980-04-17,-0.5403886437416077
1980-04-18,-0.5407945513725281
1980-04-19,-0.5971553921699524
1980-04-20,-0.5968626141548157
1980-04-21,-0.5912874341011047
1980-04-22,-0.5983225107192993
1980-04-23,-0.5665075182914734
1980-04-24,-0.563840925693512
1980-04-25,-0.5919598340988159
1980-04-26,-0.5350930690765381
1980-04-27,-0.5158661603927612
1980-04-28,-0.5114867687225342
1980-04-30,-0.534156084060669
1980-05-01,-0.5864340662956238
1980-05-02,-0.5942315459251404
1980-05-03,-0.6062245965003967
1980-05-04,-0.6361184120178223
1980-05-05,-0.6317294239997864
1980-05-06,-0.6647182106971741
1980-05-07,-0.64897620677948
1980-05-08,-0.662692666053772
1980-05-09,-0.6486685276031494
1980-05-10,-0.6264200210571289
1980-05-11,-0.634882926940918
1980-05-12,-0.5889555811882019
1980-05-13,-0.5629370212554932
1980-05-14,-0.5781406164169312
1980-05-15,-0.5555509328842163
1980-05-16,-0.5434040427207947
1980-05-17,-0.5896943807601929
1980-05-18,-0.6004842519760132
1980-05-19,-0.5871110558509827
1980-05-21,-0.6226425766944885
1980-05-22,-0.6221359372138977
1980-05-23,-0.6167031526565552
1980-05-24,-0.603818416595459
1980-05-25,-0.6132656931877136
1980-05-26,-0.6555460691452026
1980-05-27,-0.6787534356117249
1980-05-29,-0.6917061805725098
1980-05-30,-0.6960553526878357
1980-05-31,-0.7128434777259827
1980-06-01,-0.6941561698913574
1980-06-02,-0.6781424283981323
1980-06-03,-0.5925350785255432
1980-06-04,-0.601959764957428
1980-06-05,-0.6230349540710449
1980-06-06,-0.6736090779304504
1980-06-07,-0.6977210640907288
1980-06-08,-0.6856778264045715
1980-06-09,-0.6947762966156006
1980-06-10,-0.6846657991409302
1980-06-11,-0.686726450920105
1980-06-12,-0.6968435645103455
1980-06-13,-0.6824001669883728
1980-06-14,-0.6526367664337158
1980-06-15,-0.6605742573738098
1980-06-16,-0.6420636177062988
1980-06-17,-0.6522236466407776
1980-06-18,-0.6458406448364258
1980-06-19,-0.6334724426269531
1980-06-20,-0.6022245287895203
1980-06-21,-0.5861871242523193
1980-06-22,-0.5884553790092468
1980-06-23,-0.5636979341506958
1980-06-24,-0.5742636322975159
1980-06-25,-0.5617223978042603
1980-06-26,-0.5598726272583008
1980-06-27,-0.5511413216590881
1980-06-28,-0.5313018560409546
1980-06-29,-0.5263291597366333
1980-06-30,-0.49675753712654114
1980-07-01,-0.5087787508964539
1980-07-02,-0.5188673138618469
1980-07-03,-0.519526481628418
1980-07-04,-0.531880259513855
1980-07-05,-0.4797317385673523
1980-07-06,-0.4595871865749359
1980-07-07,-0.39279288053512573
1980-07-08,-0.38291099667549133
1980-07-09,-0.39264002442359924
1980-07-10,-0.3863261938095093
1980-07-11,-0.3910997211933136
1980-07-12,-0.3878222405910492
1980-07-13,-0.37197282910346985
1980-07-14,-0.33247846364974976
1980-07-15,-0.3672645390033722
1980-07-16,-0.3794959783554077
1980-07-17,-0.4200384020805359
1980-07-18,-0.417534202337265
1980-07-19,-0.46383407711982727
1980-07-20,-0.4532288610935211
1980-07-21,-0.40812885761260986
1980-07-22,-0.3936264216899872
1980-07-23,-0.387909471988678
1980-07-24,-0.3906879723072052
1980-07-25,-0.3852945864200592
1980-07-26,-0.3919210135936737
1980-07-27,-0.39496904611587524
1980-07-28,-0.37126922607421875
1980-07-29,-0.37685781717300415
1980-07-30,-0.3597055673599243
1980-07-31,-0.35371217131614685
1980-08-01,-0.342072993516922
1980-08-02,-0.343075692653656
1980-08-03,-0.34618017077445984
1980-08-04,-0.3253653347492218
1980-08-05,-0.3034359812736511
1980-08-06,-0.2864111363887787
1980-08-07,-0.28903743624687195
1980-08-08,-0.297921746969223
1980-08-09,-0.28815600275993347
1980-08-10,-0.28791147470474243
1980-08-11,-0.2715919017791748
1980-08-12,-0.26145055890083313
1980-08-13,-0.28050073981285095
1980-08-14,-0.29536694288253784
1980-08-15,-0.29992836713790894
1980-08-16,-0.2855491638183594
1980-08-17,-0.27454259991645813
1980-08-18,-0.2794955372810364
1980-08-19,-0.28784921765327454
1980-08-20,-0.27724865078926086
1980-08-21,-0.29532763361930847
1980-08-22,-0.3148230314254761
1980-08-23,-0.2877108156681061
1980-08-24,-0.2751028537750244
1980-08-25,-0.2720053493976593
1980-08-26,-0.25028201937675476
1980-08-27,-0.2500835359096527
1980-08-28,-0.24814799427986145
1980-08-29,-0.21534940600395203
1980-08-30,-0.19210411608219147
1980-08-31,-0.22874756157398224
1980-09-02,-0.2105972319841385
1980-09-03,-0.246151864528656
1980-09-04,-0.23373495042324066
1980-09-05,-0.1714036464691162
1980-09-06,-0.14563733339309692
1980-09-07,-0.13369148969650269
1980-09-08,-0.0966276153922081
1980-09-09,-0.14600011706352234
1980-09-10,-0.13299892842769623
1980-09-11,-0.14863832294940948
1980-09-12,-0.13458095490932465
1980-09-13,-0.15905024111270905
1980-09-14,-0.16314981877803802
1980-09-15,-0.10572891682386398
1980-09-16,-0.08575280010700226
1980-09-17,-0.08929090946912766
1980-09-18,-0.10465489327907562
1980-09-19,-0.0901157483458519
1980-09-20,-0.0873306393623352
1980-09-21,-0.12855958938598633
1980-09-22,-0.12687264382839203
1980-09-23,-0.15042570233345032
1980-09-24,-0.20247024297714233
1980-09-25,-0.19692720472812653
1980-09-26,-0.19632095098495483
1980-09-27,-0.1919342279434204
1980-09-28,-0.20597174763679504
1980-09-29,-0.16309787333011627
1980-09-30,-0.1443624049425125
1980-10-01,-0.1286897510290146
1980-10-02,-0.11360835283994675
1980-10-03,-0.12529662251472473
1980-10-04,-0.13778746128082275
1980-10-05,-0.14301756024360657
1980-10-06,-0.09814728796482086
1980-10-07,-0.12433210015296936
1980-10-08,-0.12481385469436646
1980-10-09,-0.14928875863552094
1980-10-10,-0.18786457180976868
1980-10-11,-0.1516210287809372
1980-10-12,-0.1575705111026764
1980-10-13,-0.10239940136671066
1980-10-14,-0.07464689016342163
1980-10-15,-0.08108461648225784
1980-10-16,-0.11386293172836304
1980-10-17,-0.10170190781354904
1980-10-18,-0.10914120823144913
1980-10-19,-0.07068468630313873
1980-10-20,-0.002652951283380389
1980-10-22,-0.018989935517311096
1980-10-23,-0.03436611592769623
1980-10-24,-0.05452943965792656
1980-10-25,-0.04618825763463974
1980-10-26,-0.044481221586465836
1980-10-27,-0.10808007419109344
1980-10-28,-0.0874309241771698
1980-10-29,-0.08248039335012436
1980-10-30,-0.039507120847702026
1980-10-31,-0.06015617772936821
1980-11-01,-0.015263820067048073
1980-11-02,0.0008990346686914563
1980-11-03,0.0054403264075517654
1980-11-04,-0.0731956735253334
1980-11-05,-0.12083091586828232
1980-11-06,-0.07712994515895844
1980-11-07,-0.040407694876194
1980-11-08,-0.05735516920685768
1980-11-09,-0.045930568128824234
1980-11-10,-0.061693113297224045
1980-11-11,-0.06050730124115944
1980-11-12,-0.06426618993282318
1980-11-13,-0.07437817007303238
1980-11-14,-0.08365487307310104
1980-11-15,-0.09040967375040054
1980-11-16,-0.12200295925140381
1980-11-17,-0.12483693659305573
1980-11-18,-0.10394037514925003
1980-11-19,-0.10036364197731018
1980-11-20,-0.12051715701818466
1980-11-21,-0.14918947219848633
1980-11-22,-0.13002468645572662
1980-11-23,-0.1432117074728012
1980-11-24,-0.13227936625480652
1980-11-25,-0.12189430743455887
1980-11-26,-0.1028781458735466
1980-11-27,-0.08270581811666489
1980-11-28,-0.019023267552256584
1980-11-29,-0.02411848120391369
1980-11-30,-0.040411584079265594
1980-12-01,-0.020052028819918633
1980-12-02,-0.028153065592050552
1980-12-03,-0.04662337154150009
1980-12-04,-0.06073548272252083
1980-12-05,-0.08304125815629959
1980-12-06,-0.12226461619138718
1980-12-08,-0.07017944753170013
1980-12-09,-0.14208351075649261
1980-12-10,-0.13591186702251434
1980-12-11,-0.12444251775741577
1980-12-12,-0.12188433855772018
1980-12-13,-0.1272948831319809
1980-12-14,-0.13834930956363678
1980-12-15,-0.12110944837331772
1980-12-16,-0.14441654086112976
1980-12-17,-0.13678084313869476
1980-12-18,-0.12407718598842621
1980-12-19,-0.11378046125173569
1980-12-20,-0.11902625858783722
1980-12-21,-0.10307931900024414
1980-12-22,-0.08652380853891373
1980-12-23,-0.06489718705415726
1980-12-24,-0.038322750478982925
1980-12-25,-0.004766765050590038
1980-12-26,0.01831672526896
1980-12-27,0.04223203659057617
1980-12-28,-0.004652458243072033
1980-12-29,-0.007216935511678457
1980-12-30,-0.04030364006757736
1980-12-31,-0.04457840695977211
1981-01-01,-0.00010413210839033127
1981-01-02,-0.004798281472176313
1981-01-03,-0.010267159901559353
1981-01-04,-0.02894897386431694
1981-01-05,-0.04759741574525833
1981-01-06,-0.03187045082449913
1981-01-07,-0.036538511514663696
1981-01-08,-0.0198165662586689
1981-01-09,-0.021314712241292
1981-01-10,-0.0379461906850338
1981-01-11,-0.040776461362838745
1981-01-12,-0.004872071091085672
1981-01-13,-0.004038387909531593
1981-01-14,-0.030238110572099686
1981-01-15,-0.02565377578139305
1981-01-16,-0.021572081372141838
1981-01-17,-0.0035616641398519278
1981-01-18,0.003476908663287759
1981-01-19,-0.022707326337695122
1981-01-20,-0.020588910207152367
1981-01-21,-0.0024190780241042376
1981-01-22,0.0351703017950058
1981-01-23,0.029503626748919487
1981-01-24,0.047385215759277344
1981-01-25,0.03582862392067909
1981-01-26,0.037573397159576416
1981-01-27,0.050231050699949265
1981-01-28,0.03606105595827103
1981-01-29,0.02834017015993595
1981-01-30,0.021730603650212288
1981-01-31,0.013863476924598217
1981-02-01,0.01613081991672516
1981-02-02,0.027220426127314568
1981-02-03,0.05948541685938835
1981-02-04,0.0807139053940773
1981-02-05,0.0805223286151886
1981-02-06,0.08701161295175552
1981-02-07,0.07360035926103592
1981-02-08,0.07557667046785355
1981-02-09,0.07295666635036469
1981-02-10,0.04929661378264427
1981-02-11,0.0743127092719078
1981-02-12,0.043888628482818604
1981-02-13,0.04012172669172287
1981-02-14,0.0443011112511158
1981-02-15,0.02962944656610489
1981-02-16,0.01492937933653593
1981-02-17,0.019049374386668205
1981-02-18,0.0010244068689644337
1981-02-19,0.015338423661887646
1981-02-20,0.031070096418261528
1981-02-21,0.014411162585020065
1981-02-22,0.018370024859905243
1981-02-23,0.0002062141866190359
1981-02-24,-0.010274897329509258
1981-02-25,-0.01785544864833355
1981-02-26,-0.01706695556640625
1981-02-27,-0.019502224400639534
1981-02-28,-0.0179440975189209
1981-03-01,-0.026836497709155083
1981-03-02,-0.021231725811958313
1981-03-03,-0.02616596221923828
1981-03-04,-0.005260748323053122
1981-03-05,0.00039819421363063157
1981-03-06,-0.02402585744857788
1981-03-07,-0.045481644570827484
1981-03-08,-0.04953422024846077
1981-03-09,-0.04521850124001503
1981-03-10,-0.05252881348133087
1981-03-11,-0.05708318576216698
1981-03-12,-0.07030493766069412
1981-03-13,-0.06687125563621521
1981-03-14,-0.07912475615739822
1981-03-15,-0.07717107981443405
1981-03-16,-0.07830525189638138
1981-03-17,-0.08332575857639313
1981-03-18,-0.08546499907970428
1981-03-19,-0.09136256575584412
1981-03-20,-0.0793537124991417
1981-03-21,-0.0654134601354599
1981-03-22,-0.05668129026889801
1981-03-23,-0.03704594448208809
1981-03-24,-0.028772428631782532
1981-03-25,-0.03501730412244797
1981-03-26,-0.03409978374838829
1981-03-27,-0.0397898331284523
1981-03-28,-0.04394328221678734
1981-03-29,-0.03531850501894951
1981-03-30,-0.045815277844667435
1981-03-31,-0.03005857765674591
1981-04-01,-0.041776031255722046
1981-04-02,-0.05309772491455078
1981-04-03,-0.07674857974052429
1981-04-04,-0.0924723744392395
1981-04-05,-0.09399141371250153
1981-04-06,-0.09762760251760483
1981-04-07,-0.0814768597483635
1981-04-08,-0.10022757947444916
1981-04-09,-0.09480243176221848
1981-04-10,-0.08453638106584549
1981-04-11,-0.07824637740850449
1981-04-12,-0.07731029391288757
1981-04-13,-0.07250701636075974
1981-04-14,-0.05725748464465141
1981-04-15,-0.0914093405008316
1981-04-16,-0.07280166447162628
1981-04-17,-0.06315703690052032
1981-04-18,-0.05876085162162781
1981-04-19,-0.06349477171897888
1981-04-20,-0.049107786267995834
1981-04-21,-0.06301786750555038
1981-04-22,-0.05937734246253967
1981-04-23,-0.050708260387182236
1981-04-24,-0.03330749273300171
1981-04-25,-0.012103071436285973
1981-04-26,-0.04191657528281212
1981-04-27,-0.02928035706281662
1981-04-28,-0.03511448949575424
1981-04-29,-0.016514025628566742
1981-04-30,-0.011669538915157318
1981-05-01,5.174670513952151e-05
1981-05-02,0.011846509762108326
1981-05-03,0.014522959478199482
1981-05-04,-0.001280501950532198
1981-05-05,0.01514914445579052
1981-05-06,0.037231702357530594
1981-05-07,0.01828414760529995
1981-05-08,0.03599392622709274
1981-05-09,0.034559059888124466
1981-05-10,0.03061433881521225
1981-05-11,0.04194601625204086
1981-05-12,0.049177348613739014
1981-05-13,0.04496463015675545
1981-05-14,0.03673747554421425
1981-05-15,0.03560193255543709
1981-05-16,0.03632435202598572
1981-05-17,0.0385294184088707
1981-05-18,0.03739728033542633
1981-05-19,0.04062754660844803
1981-05-20,0.05582946911454201
1981-05-21,0.06852582842111588
1981-05-22,0.07779496908187866
1981-05-23,0.07541090250015259
1981-05-24,0.08239655941724777
1981-05-25,0.10045792907476425
1981-05-26,0.12636326253414154
1981-05-27,0.09174815565347672
1981-05-28,0.10245116055011749
1981-05-29,0.10459388047456741
1981-05-30,0.09732870012521744
1981-05-31,0.10568426549434662
1981-06-01,0.1255388706922531
1981-06-02,0.11984686553478241
1981-06-03,0.10768873244524002
1981-06-04,0.11842837929725647
1981-06-05,0.13554581999778748
1981-06-06,0.13704320788383484
1981-06-07,0.14328807592391968
1981-06-08,0.17550653219223022
1981-06-09,0.16234183311462402
1981-06-10,0.1561572551727295
1981-06-11,0.15657153725624084
1981-06-12,0.15484711527824402
1981-06-13,0.13527795672416687
1981-06-14,0.1298903524875641
1981-06-15,0.10133571177721024
1981-06-16,0.07393322885036469
1981-06-17,0.08519291877746582
1981-06-18,0.08683367073535919
1981-06-19,0.08618994057178497
1981-06-20,0.1028367131948471
1981-06-21,0.08464815467596054
1981-06-22,0.07400874048471451
1981-06-23,0.07371950149536133
1981-06-24,0.059712909162044525
1981-06-25,0.07201959937810898
1981-06-26,0.08315430581569672
1981-06-27,0.08788706362247467
1981-06-28,0.09482721984386444
1981-06-29,0.11852140724658966
1981-06-30,0.11951392889022827
1981-07-01,0.12085599452257156
1981-07-02,0.11974722146987915
1981-07-03,0.0986015647649765
1981-07-04,0.06673599034547806
1981-07-05,0.061805449426174164
1981-07-06,0.046740684658288956
1981-07-07,0.04234454408288002
1981-07-08,0.04679727554321289
1981-07-09,0.02483193576335907
1981-07-10,0.02451433427631855
1981-07-11,0.019470540806651115
1981-07-12,0.008684120140969753
1981-07-13,-0.005294939503073692
1981-07-14,0.004564183764159679
1981-07-15,0.0019339320715516806
1981-07-16,-0.006536190863698721
1981-07-17,0.0001637289096834138
1981-07-18,0.0004016494785901159
1981-07-19,-0.02724916860461235
1981-07-20,-0.019927138462662697
1981-07-21,-0.026062622666358948
1981-07-22,-0.012264597229659557
1981-07-23,-0.02055496536195278
1981-07-24,-0.012571900151669979
1981-07-25,0.024388687685132027
1981-07-26,0.02982223406434059
1981-07-27,0.05427534878253937
1981-07-28,0.07473751902580261
1981-07-29,0.08663342148065567
1981-07-30,0.10564333945512772
1981-07-31,0.12565812468528748
1981-08-01,0.14160719513893127
1981-08-02,0.14135701954364777
1981-08-03,0.1383363902568817
1981-08-04,0.13290004432201385
1981-08-05,0.12976324558258057
1981-08-06,0.11109231412410736
1981-08-07,0.10906960815191269
1981-08-08,0.09028419107198715
1981-08-09,0.0729425698518753
1981-08-10,0.10464607179164886
1981-08-11,0.07929075509309769
1981-08-12,0.08547134697437286
1981-08-13,0.07224158197641373
1981-08-14,0.07228019088506699
1981-08-15,0.08445294946432114
1981-08-16,0.08954764902591705
1981-08-17,0.1046554297208786
1981-08-18,0.007531108800321817
1981-08-19,0.008329984731972218
1981-08-20,0.001957837725058198
1981-08-21,-0.0035479397047311068
1981-08-22,-0.002602864056825638
1981-08-23,0.013621397316455841
1981-08-24,0.022370634600520134
1981-08-25,-0.023724757134914398
1981-08-26,-0.014110897667706013
1981-08-27,0.00348011776804924
1981-08-28,0.004793138243257999
1981-08-29,0.007929682731628418
1981-08-30,0.018648702651262283
1981-08-31,0.010066118091344833
1981-09-01,-0.010321560315787792
1981-09-02,-0.012065958231687546
1981-09-03,-0.011573567055165768
1981-09-04,0.018988383933901787
1981-09-05,-0.006696213968098164
1981-09-06,-0.004078731872141361
1981-09-07,-0.014255380257964134
1981-09-08,0.007272616028785706
1981-09-09,0.0077838902361691
1981-09-10,0.007801453582942486
1981-09-11,-0.008499771356582642
1981-09-12,-0.027637315914034843
1981-09-13,-0.04605795443058014
1981-09-14,-0.06886562705039978
1981-09-15,-0.0680224597454071
1981-09-16,-0.06901030987501144
1981-09-17,-0.07149405032396317
1981-09-18,-0.054107099771499634
1981-09-19,-0.06808473914861679
1981-09-20,-0.07477596402168274
1981-09-21,-0.08392155915498734
1981-09-22,-0.07874713838100433
1981-09-23,-0.08765073865652084
1981-09-24,-0.08469131588935852
1981-09-25,-0.088536337018013
1981-09-26,-0.08139820396900177
1981-09-27,-0.0821773037314415
1981-09-28,-0.09912528097629547
1981-09-29,-0.11726026237010956
1981-09-30,-0.1160748302936554
1981-10-01,-0.11738301813602448
1981-10-02,-0.12462469190359116
1981-10-03,-0.1320458948612213
1981-10-04,-0.1477569043636322
1981-10-05,-0.11232218146324158
1981-10-06,-0.1321728378534317
1981-10-07,-0.1476210504770279
1981-10-08,-0.1358618289232254
1981-10-09,-0.1773257851600647
1981-10-10,-0.15879465639591217
1981-10-11,-0.1631038784980774
1981-10-12,-0.15374183654785156
1981-10-13,-0.1799221932888031
1981-10-14,-0.1727887988090515
1981-10-15,-0.17485494911670685
1981-10-16,-0.18047888576984406
1981-10-17,-0.18565645813941956
1981-10-18,-0.17329612374305725
1981-10-19,-0.16835246980190277
1981-10-20,-0.18273265659809113
1981-10-21,-0.17836403846740723
1981-10-22,-0.19324971735477448
1981-10-23,-0.1938297152519226
1981-10-24,-0.17117801308631897
1981-10-25,-0.16682755947113037
1981-10-26,-0.15583571791648865
1981-10-27,-0.13230650126934052
1981-10-28,-0.13313692808151245
1981-10-29,-0.13828808069229126
1981-10-30,-0.1306210607290268
1981-10-31,-0.12392028421163559
1981-11-01,-0.09102340042591095
1981-11-02,-0.05716042220592499
1981-11-03,-0.07174529135227203
1981-11-04,-0.08250609040260315
1981-11-05,-0.09651122987270355
1981-11-06,-0.10805866867303848
1981-11-07,-0.12452805787324905
1981-11-08,-0.13197699189186096
1981-11-09,-0.14163699746131897
1981-11-10,-0.1512765735387802
1981-11-11,-0.16974642872810364
1981-11-12,-0.19234797358512878
1981-11-13,-0.174231618642807
1981-11-14,-0.17525695264339447
1981-11-15,-0.19724276661872864
1981-11-16,-0.21370071172714233
1981-11-17,-0.20991626381874084
1981-11-18,-0.21426528692245483
1981-11-19,-0.20894286036491394
1981-11-20,-0.19780269265174866
1981-11-21,-0.15826094150543213
1981-11-22,-0.16594935953617096
1981-11-23,-0.16547545790672302
1981-11-24,-0.18974825739860535
1981-11-25,-0.1793152093887329
1981-11-26,-0.1799328476190567
1981-11-27,-0.15993614494800568
1981-11-28,-0.14793504774570465
1981-11-29,-0.11015432327985764
1981-11-30,-0.10042919963598251
1981-12-01,-0.10788757354021072
1981-12-02,-0.11473100632429123
1981-12-03,-0.11659929901361465
1981-12-04,-0.13306169211864471
1981-12-05,-0.1448156237602234
1981-12-06,-0.16046012938022614
1981-12-07,-0.17001359164714813
1981-12-08,-0.1714688539505005
1981-12-09,-0.17899274826049805
1981-12-10,-0.1832786202430725
1981-12-11,-0.1882472038269043
1981-12-12,-0.19428792595863342
1981-12-13,-0.19359615445137024
1981-12-14,-0.17924864590168
1981-12-15,-0.17214450240135193
1981-12-16,-0.1482512652873993
1981-12-17,-0.18340352177619934
1981-12-18,-0.17432358860969543
1981-12-19,-0.18442782759666443
1981-12-20,-0.19216078519821167
1981-12-21,-0.17996123433113098
1981-12-22,-0.14463338255882263
1981-12-23,-0.1139693632721901
1981-12-24,-0.12595033645629883
1981-12-25,-0.09049870073795319
1981-12-26,-0.10560518503189087
1981-12-27,-0.1035284623503685
1981-12-28,-0.09604489803314209
1981-12-29,-0.09288816899061203
1981-12-30,-0.10343869775533676
1981-12-31,-0.11580313742160797
1982-01-01,-0.12302666157484055
1982-01-02,-0.10024344176054001
1982-01-03,-0.07487280666828156
1982-01-04,-0.0661151185631752
1982-01-05,-0.07230240106582642
1982-01-06,-0.09557405859231949
1982-01-07,-0.0853571891784668
1982-01-08,-0.09915604442358017
1982-01-09,-0.13430356979370117
1982-01-10,-0.1253034472465515
1982-01-11,-0.12190356850624084
1982-01-12,-0.13953949511051178
1982-01-13,-0.16544216871261597
1982-01-14,-0.17405351996421814
1982-01-15,-0.1757475882768631
1982-01-16,-0.17373910546302795
1982-01-17,-0.18154080212116241
1982-01-18,-0.1866840273141861
1982-01-19,-0.17301754653453827
1982-01-20,-0.17338287830352783
1982-01-21,-0.19087237119674683
1982-01-22,-0.18340179324150085
1982-01-23,-0.17085349559783936
1982-01-24,-0.16619300842285156
1982-01-25,-0.17396852374076843
1982-01-26,-0.1502518504858017
1982-01-27,-0.15388232469558716
1982-01-28,-0.1497631072998047
1982-01-29,-0.14713314175605774
1982-01-30,-0.13265423476696014
1982-01-31,-0.12081651389598846
1982-02-01,-0.12846851348876953
1982-02-02,-0.12175233662128448
1982-02-03,-0.10300487279891968
1982-02-04,-0.11223272979259491
1982-02-05,-0.14182306826114655
1982-02-06,-0.1730291247367859
1982-02-07,-0.1925533413887024
1982-02-08,-0.1895020604133606
1982-02-09,-0.21302588284015656
1982-02-10,-0.22991597652435303
1982-02-11,-0.2228156179189682
1982-02-12,-0.2427385002374649
1982-02-13,-0.2286354899406433
1982-02-14,-0.2226245403289795
1982-02-15,-0.23701830208301544
1982-02-16,-0.25285688042640686
1982-02-17,-0.26177337765693665
1982-02-18,-0.27810266613960266
1982-02-19,-0.2507641911506653
1982-02-20,-0.25598791241645813
1982-02-21,-0.2562146484851837
1982-02-22,-0.2547606825828552
1982-02-23,-0.2142820656299591
1982-02-24,-0.2412441521883011
1982-02-25,-0.23930159211158752
1982-02-26,-0.24515193700790405
1982-02-27,-0.24910981953144073
1982-02-28,-0.2523219585418701
1982-03-01,-0.23214803636074066
1982-03-02,-0.23297713696956635
1982-03-03,-0.24088819324970245
1982-03-04,-0.24528594315052032
1982-03-05,-0.2169720083475113
1982-03-06,-0.2217692881822586
1982-03-07,-0.22320488095283508
1982-03-08,-0.22312812507152557
1982-03-09,-0.2052910476922989
1982-03-10,-0.22164767980575562
1982-03-11,-0.2231568992137909
1982-03-12,-0.2131105661392212
1982-03-13,-0.21337555348873138
1982-03-14,-0.2149510383605957
1982-03-15,-0.19936515390872955
1982-03-16,-0.19531764090061188
1982-03-17,-0.222303107380867
1982-03-18,-0.23472417891025543
1982-03-19,-0.22256159782409668
1982-03-20,-0.20809879899024963
1982-03-21,-0.21066302061080933
1982-03-22,-0.18448203802108765
1982-03-23,-0.1826990395784378
1982-03-24,-0.16863253712654114
1982-03-25,-0.1658274233341217
1982-03-26,-0.16879259049892426
1982-03-27,-0.1628551334142685
1982-03-28,-0.16343022882938385
1982-03-29,-0.15058304369449615
1982-03-30,-0.15481595695018768
1982-03-31,-0.16829228401184082
1982-04-01,-0.17177753150463104
1982-04-02,-0.18601888418197632
1982-04-03,-0.20863468945026398
1982-04-04,-0.21830274164676666
1982-04-05,-0.21612142026424408
1982-04-06,-0.20569048821926117
1982-04-07,-0.22911088168621063
1982-04-08,-0.2510174512863159
1982-04-09,-0.2485775202512741
1982-04-10,-0.23870524764060974
1982-04-11,-0.24102221429347992
1982-04-12,-0.2568392753601074
1982-04-13,-0.2471330314874649
1982-04-14,-0.21278035640716553
1982-04-15,-0.21232454478740692
1982-04-16,-0.2307499796152115
1982-04-17,-0.21610979735851288
1982-04-18,-0.2198495864868164
1982-04-19,-0.19740957021713257
1982-04-20,-0.19505226612091064
1982-04-21,-0.20393233001232147
1982-04-22,-0.22597670555114746
1982-04-23,-0.19682671129703522
1982-04-24,-0.19028542935848236
1982-04-25,-0.19083932042121887
1982-04-26,-0.2231764793395996
1982-04-27,-0.20847328007221222
1982-04-28,-0.21326494216918945
1982-04-29,-0.2225261926651001
1982-04-30,-0.2381592094898224
1982-05-01,-0.24633146822452545
1982-05-02,-0.24632036685943604
1982-05-03,-0.26174673438072205
1982-05-04,-0.26224443316459656
1982-05-05,-0.2698686420917511
1982-05-06,-0.2599555552005768
1982-05-07,-0.2562096118927002
1982-05-08,-0.26058563590049744
1982-05-09,-0.2628810405731201
1982-05-10,-0.23763325810432434
1982-05-11,-0.2304682731628418
1982-05-12,-0.220162495970726
1982-05-13,-0.21820424497127533
1982-05-14,-0.22411061823368073
1982-05-15,-0.21736882627010345
1982-05-16,-0.24730949103832245
1982-05-17,-0.23421858251094818
1982-05-18,-0.21660184860229492
1982-05-19,-0.20088161528110504
1982-05-20,-0.2163299322128296
1982-05-21,-0.19587887823581696
1982-05-22,-0.19279050827026367
1982-05-23,-0.19192734360694885
1982-05-24,-0.20301175117492676
1982-05-25,-0.22088642418384552
1982-05-26,-0.22261986136436462
1982-05-27,-0.21986469626426697
1982-05-28,-0.235822856426239
1982-05-29,-0.2294347584247589
1982-05-30,-0.22076177597045898
1982-05-31,-0.21477694809436798
1982-06-01,-0.22094500064849854
1982-06-02,-0.23074202239513397
1982-06-03,-0.24365919828414917
1982-06-04,-0.25843238830566406
1982-06-05,-0.23678335547447205
1982-06-06,-0.23861266672611237
1982-06-07,-0.22029128670692444
1982-06-08,-0.20793373882770538
1982-06-09,-0.20796571671962738
1982-06-10,-0.22344687581062317
1982-06-11,-0.20478986203670502
1982-06-12,-0.23260650038719177
1982-06-13,-0.2294074296951294
1982-06-14,-0.21604929864406586
1982-06-15,-0.20254403352737427
1982-06-16,-0.20289091765880585
1982-06-17,-0.22310027480125427
1982-06-18,-0.23313932120800018
1982-06-19,-0.22977814078330994
1982-06-20,-0.2249557375907898
1982-06-21,-0.24257120490074158
1982-06-22,-0.23851220309734344
1982-06-23,-0.2469249665737152
1982-06-24,-0.27997326850891113
1982-06-25,-0.3012525141239166
1982-06-26,-0.2797646224498749
1982-06-27,-0.267442911863327
1982-06-28,-0.26886051893234253
1982-06-29,-0.28806832432746887
1982-06-30,-0.2838088274002075
1982-07-01,-0.27640312910079956
1982-07-02,-0.2778696119785309
1982-07-03,-0.288575679063797
1982-07-04,-0.2873547375202179
1982-07-05,-0.26485395431518555
1982-07-06,-0.2654018998146057
1982-07-07,-0.2598496675491333
1982-07-08,-0.2747628092765808
1982-07-09,-0.2460494190454483
1982-07-10,-0.2204192727804184
1982-07-11,-0.23962420225143433
1982-07-12,-0.23737014830112457
1982-07-13,-0.2463660091161728
1982-07-14,-0.25995901226997375
1982-07-15,-0.2576659917831421
1982-07-16,-0.2495974749326706
1982-07-17,-0.2718861997127533
1982-07-18,-0.27011969685554504
1982-07-19,-0.274910569190979
1982-07-20,-0.2608535885810852
1982-07-21,-0.25654301047325134
1982-07-22,-0.24970993399620056
1982-07-23,-0.25133296847343445
1982-07-24,-0.2632371187210083
1982-07-25,-0.2572906017303467
1982-07-26,-0.25040143728256226
1982-07-27,-0.2576999068260193
1982-07-28,-0.2429991066455841
1982-07-29,-0.24646751582622528
1982-07-30,-0.2538939118385315
1982-07-31,-0.25592324137687683
1982-08-01,-0.27653780579566956
1982-08-02,-0.25533193349838257
1982-08-03,-0.24476046860218048
1982-08-04,-0.2577730715274811
1982-08-05,-0.2659335732460022
1982-08-06,-0.25151124596595764
1982-08-07,-0.2883754372596741
1982-08-08,-0.2824844717979431
1982-08-09,-0.2753245532512665
1982-08-10,-0.2973492443561554
1982-08-11,-0.3035295903682709
1982-08-12,-0.28633683919906616
1982-08-13,-0.29423707723617554
1982-08-14,-0.28018084168434143
1982-08-15,-0.2699384093284607
1982-08-16,-0.2692047953605652
1982-08-17,-0.23484671115875244
1982-08-18,-0.20776039361953735
1982-08-19,-0.15875226259231567
1982-08-20,-0.1534210741519928
1982-08-21,-0.13231155276298523
1982-08-22,-0.1419142782688141
1982-08-23,-0.130625918507576
1982-08-24,-0.11569087207317352
1982-08-25,-0.10418429225683212
1982-08-26,-0.12952794134616852
1982-08-27,-0.12787017226219177
1982-08-28,-0.1297329068183899
1982-08-29,-0.15010687708854675
1982-08-30,-0.13948312401771545
1982-08-31,-0.15648531913757324
1982-09-01,-0.1483689844608307
1982-09-02,-0.15884996950626373
1982-09-03,-0.18467238545417786
1982-09-04,-0.2170668989419937
1982-09-05,-0.22249963879585266
1982-09-06,-0.1945551484823227
1982-09-07,-0.19809384644031525
1982-09-08,-0.19371533393859863
1982-09-09,-0.20469535887241364
1982-09-10,-0.22455660998821259
1982-09-11,-0.21071505546569824
1982-09-12,-0.20947538316249847
1982-09-13,-0.2043168544769287
1982-09-14,-0.2084175944328308
1982-09-15,-0.21199265122413635
1982-09-16,-0.20380137860774994
1982-09-17,-0.21828711032867432
1982-09-18,-0.19045951962471008
1982-09-19,-0.1800081580877304
1982-09-20,-0.16945959627628326
1982-09-21,-0.1518031507730484
1982-09-22,-0.12958566844463348
1982-09-23,-0.15469464659690857
1982-09-24,-0.12611187994480133
1982-09-25,-0.11761640757322311
1982-09-26,-0.12067480385303497
1982-09-27,-0.13637502491474152
1982-09-28,-0.14709270000457764
1982-09-29,-0.1417742371559143
1982-09-30,-0.16376866400241852
1982-10-01,-0.17493706941604614
1982-10-02,-0.19258111715316772
1982-10-03,-0.18052087724208832
1982-10-04,-0.20089325308799744
1982-10-05,-0.20243334770202637
1982-10-06,-0.1896943747997284
1982-10-07,-0.1726018637418747
1982-10-08,-0.16281338036060333
1982-10-09,-0.18192075192928314
1982-10-10,-0.18357273936271667
1982-10-11,-0.16071148216724396
1982-10-12,-0.15290893614292145
1982-10-13,-0.14241844415664673
1982-10-14,-0.15539120137691498
1982-10-15,-0.14764177799224854
1982-10-16,-0.16047321259975433
1982-10-17,-0.14640608429908752
1982-10-18,-0.14298821985721588
1982-10-19,-0.16846168041229248
1982-10-20,-0.17051444947719574
1982-10-21,-0.16404521465301514
1982-10-22,-0.17287775874137878
1982-10-23,-0.14302104711532593
1982-10-24,-0.13946667313575745
1982-10-25,-0.13185857236385345
1982-10-26,-0.15271127223968506
1982-10-27,-0.14349213242530823
1982-10-28,-0.14737935364246368
1982-10-29,-0.1393536478281021
1982-10-30,-0.14755088090896606
1982-10-31,-0.16636238992214203
1982-11-01,-0.17986847460269928
1982-11-02,-0.1847897469997406
1982-11-03,-0.19869020581245422
1982-11-04,-0.17344573140144348
1982-11-05,-0.16480186581611633
1982-11-06,-0.1804654449224472
1982-11-07,-0.17549031972885132
1982-11-08,-0.15322712063789368
1982-11-09,-0.15278157591819763
1982-11-10,-0.15734268724918365
1982-11-11,-0.15896061062812805
1982-11-12,-0.15941518545150757
1982-11-13,-0.15498170256614685
1982-11-14,-0.14131291210651398
1982-11-15,-0.12239433825016022
1982-11-16,-0.1322401463985443
1982-11-17,-0.15939852595329285
1982-11-18,-0.17098982632160187
1982-11-19,-0.15036331117153168
1982-11-20,-0.13560210168361664
1982-11-21,-0.1364142745733261
1982-11-22,-0.14246943593025208
1982-11-23,-0.1485283225774765
1982-11-24,-0.1672685444355011
1982-11-25,-0.19220909476280212
1982-11-26,-0.18069013953208923
1982-11-27,-0.1788056194782257
1982-11-28,-0.16133631765842438
1982-11-29,-0.15666331350803375
1982-11-30,-0.15925332903862
1982-12-01,-0.18133774399757385
1982-12-02,-0.19662311673164368
1982-12-03,-0.18595826625823975
1982-12-04,-0.192356675863266
1982-12-05,-0.17642706632614136
1982-12-06,-0.15834684669971466
1982-12-07,-0.14422355592250824
1982-12-08,-0.15560628473758698
1982-12-09,-0.16051021218299866
1982-12-10,-0.1493922621011734
1982-12-11,-0.1490575075149536
1982-12-12,-0.13511013984680176
1982-12-13,-0.11591985076665878
1982-12-14,-0.13922280073165894
1982-12-15,-0.13813291490077972
1982-12-16,-0.1434701383113861
1982-12-17,-0.15511269867420197
1982-12-18,-0.17823106050491333
1982-12-19,-0.18682725727558136
1982-12-20,-0.1892835795879364
1982-12-21,-0.16477353870868683
1982-12-22,-0.16568253934383392
1982-12-23,-0.17847496271133423
1982-12-24,-0.20068036019802094
1982-12-25,-0.21842484176158905
1982-12-26,-0.19594503939151764
1982-12-27,-0.17945656180381775
1982-12-28,-0.15759554505348206
1982-12-29,-0.13089585304260254
1982-12-30,-0.1307222545146942
1982-12-31,-0.11715755611658096
1983-01-01,-0.09029478579759598
1983-01-02,-0.08422616124153137
1983-01-03,-0.0957740843296051
1983-01-04,-0.0756109282374382
1983-01-05,-0.047189075499773026
1983-01-06,-0.026779580861330032
1983-01-07,-0.01617789827287197
1983-01-08,-0.045867521315813065
1983-01-09,-0.0713227316737175
1983-01-10,-0.07300300896167755
1983-01-11,-0.08447650074958801
1983-01-12,-0.08591894060373306
1983-01-13,-0.0848870724439621
1983-01-14,-0.08702504634857178
1983-01-15,-0.09148683398962021
1983-01-16,-0.08463554829359055
1983-01-17,-0.07434313744306564
1983-01-18,-0.07143473625183105
1983-01-19,-0.05693603307008743
1983-01-20,-0.06880410015583038
1983-01-21,-0.06810660660266876
1983-01-22,-0.060902807861566544
1983-01-23,-0.06734482198953629
1983-01-24,-0.07413911074399948
1983-01-25,-0.0825757309794426
1983-01-26,-0.09945937991142273
1983-01-27,-0.09419245272874832
1983-01-28,-0.10230172425508499
1983-01-29,-0.09004775434732437
1983-01-30,-0.08413075655698776
1983-01-31,-0.08843399584293365
1983-02-01,-0.07817257195711136
1983-02-02,-0.09351428598165512
1983-02-03,-0.1081642434000969
1983-02-04,-0.1005791425704956
1983-02-05,-0.11853303760290146
1983-02-06,-0.11166205257177353
1983-02-07,-0.09756352007389069
1983-02-08,-0.08468350768089294
1983-02-09,-0.06268926709890366
1983-02-10,-0.0816078633069992
1983-02-11,-0.06761561334133148
1983-02-12,-0.051445476710796356
1983-02-13,-0.048696838319301605
1983-02-14,-0.03261401876807213
1983-02-15,-0.0411272756755352
1983-02-16,-0.04508552327752113
1983-02-17,-0.05851864814758301
1983-02-18,-0.05297289788722992
1983-02-19,-0.06869033724069595
1983-02-20,-0.05014842376112938
1983-02-21,-0.06804139912128448
1983-02-22,-0.09074655175209045
1983-02-23,-0.08504389971494675
1983-02-24,-0.08991292864084244
1983-02-25,-0.07435639202594757
1983-02-26,-0.07992944121360779
1983-02-27,-0.07419636100530624
1983-02-28,-0.07746951282024384
1983-03-01,-0.11336561292409897
1983-03-02,-0.0798417329788208
1983-03-03,-0.07084152102470398
1983-03-04,-0.07410607486963272
1983-03-05,-0.07818619161844254
1983-03-06,-0.06877738237380981
1983-03-07,-0.07913918048143387
1983-03-08,-0.0912816971540451
1983-03-09,-0.08342204242944717
1983-03-10,-0.09159057587385178
1983-03-11,-0.08156554400920868
1983-03-12,-0.09308099746704102
1983-03-13,-0.10993704944849014
1983-03-14,-0.08820746093988419
1983-03-15,-0.07167961448431015
1983-03-16,-0.06935790181159973
1983-03-17,-0.06226833164691925
1983-03-18,-0.07100889086723328
1983-03-19,-0.07066475600004196
1983-03-20,-0.08027996867895126
1983-03-21,-0.06957043707370758
1983-03-22,-0.08339118957519531
1983-03-23,-0.09960956126451492
1983-03-24,-0.1031820997595787
1983-03-25,-0.11038145422935486
1983-03-26,-0.09711112082004547
1983-03-27,-0.0897085890173912
1983-03-28,-0.07923875004053116
1983-03-29,-0.04256041347980499
1983-03-30,-0.06163638457655907
1983-03-31,-0.027516348287463188
1983-04-01,-0.051112957298755646
1983-04-02,-0.06185163930058479
1983-04-03,-0.022251470014452934
1983-04-04,0.0066779074259102345
1983-04-05,0.005577645264565945
1983-04-06,0.007397957146167755
1983-04-07,-0.0004542999085970223
1983-04-08,-0.009026925079524517
1983-04-09,0.004290395881980658
1983-04-10,-0.02780132181942463
1983-04-11,-0.013904176652431488
1983-04-12,-8.85279878275469e-05
1983-04-13,-0.0007505558896809816
1983-04-14,0.0004478463961277157
1983-04-15,0.005887961480766535
1983-04-16,0.011493426747620106
1983-04-17,0.02712048590183258
1983-04-18,0.06880821287631989
1983-04-19,0.03357498347759247
1983-04-20,0.040839407593011856
1983-04-21,0.06511761993169785
1983-04-22,0.054116927087306976
1983-04-23,0.06127265468239784
1983-04-24,0.0436578094959259
1983-04-25,0.034375034272670746
1983-04-26,0.01774117723107338
1983-04-27,0.013286825269460678
1983-04-28,0.001968199387192726
1983-04-29,0.0026185819879174232
1983-04-30,0.0021354076452553272
1983-05-01,0.01416389923542738
1983-05-02,0.0319521389901638
1983-05-03,0.007065013516694307
1983-05-04,0.024137550964951515
1983-05-05,0.030981209129095078
1983-05-06,0.003952988423407078
1983-05-07,0.006637240760028362
1983-05-08,0.008242289535701275
1983-05-09,0.007874957285821438
1983-05-10,-0.0064400131814181805
1983-05-11,-0.02505919523537159
1983-05-12,-0.06142483651638031
1983-05-13,-0.10263057798147202
1983-05-14,-0.09730789810419083
1983-05-15,-0.08761449158191681
1983-05-16,-0.0899539515376091
1983-05-17,-0.11289142072200775
1983-05-18,-0.1248457133769989
1983-05-19,-0.1410340964794159
1983-05-20,-0.13266535103321075
1983-05-21,-0.12361525744199753
1983-05-22,-0.10441000014543533
1983-05-23,-0.08352532237768173
1983-05-24,-0.06986944377422333
1983-05-25,-0.07264406234025955
1983-05-26,-0.035464219748973846
1983-05-27,-0.026384135708212852
1983-05-28,-0.015336377546191216
1983-05-29,-0.022752555087208748
1983-05-30,-0.01805567368865013
1983-05-31,-0.0069444612599909306
1983-06-01,-0.013175029307603836
1983-06-02,0.005525580607354641
1983-06-03,0.000865854904986918
1983-06-04,-0.018290968611836433
1983-06-05,-0.017143534496426582
1983-06-06,-0.00810953974723816
1983-06-07,-0.009807975962758064
1983-06-08,0.00038703036261722445
1983-06-09,-0.006411817390471697
1983-06-10,-0.006911229807883501
1983-06-11,-0.0030254574958235025
1983-06-12,-0.020206142216920853
1983-06-13,-0.019243139773607254
1983-06-14,-0.034605883061885834
1983-06-15,-0.08528133481740952
1983-06-16,-0.058156389743089676
1983-06-17,-0.05609956756234169
1983-06-18,-0.08309222012758255
1983-06-19,-0.052532974630594254
1983-06-20,-0.03156870976090431
1983-06-21,-0.026778627187013626
1983-06-22,-0.023293793201446533
1983-06-23,-0.011887980625033379
1983-06-24,-0.02016526833176613
1983-06-25,-0.050447750836610794
1983-06-26,-0.03586846590042114
1983-06-27,-0.017149435356259346
1983-06-28,-0.022191209718585014
1983-06-29,-0.025481389835476875
1983-06-30,-0.012639482505619526
1983-07-01,0.00542520172894001
1983-07-02,-0.0005354590830393136
1983-07-03,-0.02147403545677662
1983-07-04,-0.0279531329870224
1983-07-05,-0.01120595633983612
1983-07-06,0.003644529962912202
1983-07-07,0.003419448621571064
1983-07-08,-0.02559555321931839
1983-07-09,-0.03598390892148018
1983-07-10,-0.049948807805776596
1983-07-11,-0.04621163755655289
1983-07-12,-0.014414813369512558
1983-07-13,-0.024220440536737442
1983-07-14,-0.029851794242858887
1983-07-15,-0.04490576311945915
1983-07-16,-0.019439037889242172
1983-07-17,-0.030802510678768158
1983-07-18,-0.02050193026661873
1983-07-19,-0.02586350403726101
1983-07-20,-0.022078394889831543
1983-07-21,0.005349702201783657
1983-07-22,-0.0038639558479189873
1983-07-23,0.007218290586024523
1983-07-24,-0.0025230799801647663
1983-07-25,0.0035381780471652746
1983-07-26,-0.016696175560355186
1983-07-27,-0.018385324627161026
1983-07-28,-0.009279602207243443
1983-07-29,-0.013724165968596935
1983-07-30,-0.017456786707043648
1983-07-31,-0.11217041313648224
1983-08-01,-0.1529589295387268
1983-08-02,-0.14049778878688812
1983-08-03,-0.15226730704307556
1983-08-04,-0.13633476197719574
1983-08-05,-0.10154715925455093
1983-08-06,-0.12935183942317963
1983-08-07,-0.1142343208193779
1983-08-08,-0.10289043933153152
1983-08-09,-0.10976358503103256
1983-08-10,-0.09661159664392471
1983-08-11,-0.08889675885438919
1983-08-12,-0.05076755955815315
1983-08-13,-0.06473608314990997
1983-08-14,-0.07310733944177628
1983-08-15,-0.0765339657664299
1983-08-16,-0.07528259605169296
1983-08-17,-0.06026528403162956
1983-08-18,-0.015682261437177658
1983-08-19,0.011735531501471996
1983-08-20,0.013104874640703201
1983-08-21,0.026787282899022102
1983-08-23,0.0824849084019661
1983-08-24,0.07128486037254333
1983-08-25,0.09828417003154755
1983-08-26,0.09565378725528717
1983-08-27,0.06808330118656158
1983-08-28,0.07986798137426376
1983-08-29,0.07530822604894638
1983-08-30,0.04948412626981735
1983-08-31,0.012468748725950718
1983-09-01,0.05305473506450653
1983-09-02,0.030741587281227112
1983-09-03,0.0018613409483805299
1983-09-04,-0.008778216317296028
1983-09-05,0.022706609219312668
1983-09-06,0.012773187831044197
1983-09-07,-0.0026456492487341166
1983-09-08,0.02690809965133667
1983-09-09,-0.009158806875348091
1983-09-10,0.008231572806835175
1983-09-11,-0.018387995660305023
1983-09-12,-0.04620310664176941
1983-09-13,-0.06153006851673126
1983-09-14,-0.08417060226202011
1983-09-15,-0.08642150461673737
1983-09-16,-0.058721739798784256
1983-09-17,-0.04104537516832352
1983-09-18,-0.03698505088686943
1983-09-19,-0.01548490859568119
1983-09-20,-0.04921063408255577
1983-09-21,-0.0943823978304863
1983-09-22,-0.05534052476286888
1983-09-23,-0.08931677788496017
1983-09-24,-0.09975747019052505
1983-09-25,-0.11851470917463303
1983-09-26,-0.11782512813806534
1983-09-27,-0.08849668502807617
1983-09-28,-0.08342701196670532
1983-09-29,-0.08055172115564346
1983-09-30,-0.07890468090772629
1983-10-01,-0.09305839985609055
1983-10-02,-0.09226066619157791
1983-10-03,-0.07506941258907318
1983-10-04,-0.08141609281301498
1983-10-05,-0.08291773498058319
1983-10-06,-0.0722317174077034
1983-10-07,-0.056601084768772125
1983-10-08,-0.04595780000090599
1983-10-09,-0.07653255015611649
1983-10-10,-0.04394259303808212
1983-10-11,-0.05743147432804108
1983-10-12,-0.03440365195274353
1983-10-13,-0.05009124428033829
1983-10-14,-0.06740454584360123
1983-10-15,-0.04945472627878189
1983-10-16,-0.05507880076766014
1983-10-17,-0.1384117752313614
1983-10-18,-0.15184777975082397
1983-10-19,-0.1901271939277649
1983-10-20,-0.1831761598587036
1983-10-21,-0.17566697299480438
1983-10-22,-0.18497943878173828
1983-10-23,-0.1751328408718109
1983-10-24,-0.14719317853450775
1983-10-25,-0.16628459095954895
1983-10-26,-0.1483195275068283
1983-10-27,-0.17428994178771973
1983-10-28,-0.1651575267314911
1983-10-29,-0.17857922613620758
1983-10-30,-0.16336888074874878
1983-10-31,-0.16582846641540527
1983-11-01,-0.1821291744709015
1983-11-02,-0.19781039655208588
1983-11-03,-0.1697598248720169
1983-11-04,-0.21743981540203094
1983-11-05,-0.2073950171470642
1983-11-06,-0.1800544708967209
1983-11-07,-0.1504543274641037
1983-11-08,-0.14933732151985168
1983-11-09,-0.170629620552063
1983-11-10,-0.16346313059329987
1983-11-11,-0.15317101776599884
1983-11-12,-0.16014830768108368
1983-11-13,-0.1611221730709076
1983-11-14,-0.2215229719877243
1983-11-15,-0.21403902769088745
1983-11-16,-0.1764339953660965
1983-11-17,-0.17982801795005798
1983-11-18,-0.19941706955432892
1983-11-19,-0.1714283972978592
1983-11-20,-0.1552959680557251
1983-11-21,-0.12210382521152496
1983-11-22,-0.10882381349802017
1983-11-23,-0.11840185523033142
1983-11-24,-0.09240125119686127
1983-11-25,-0.08206568658351898
1983-11-26,-0.051810771226882935
1983-11-27,-0.022132474929094315
1983-11-28,-8.336063183378428e-05
1983-11-29,0.011529580689966679
1983-11-30,-0.02215813472867012
1983-12-01,-0.01367218792438507
1983-12-02,-0.07251884788274765
1983-12-03,-0.06265471130609512
1983-12-04,-0.057881712913513184
1983-12-05,-0.027521468698978424
1983-12-06,-0.06815141439437866
1983-12-07,-0.06228240579366684
1983-12-08,-0.0644417330622673
1983-12-09,-0.10426603257656097
1983-12-10,-0.10921137034893036
1983-12-11,-0.12854920327663422
1983-12-12,-0.10642988979816437
1983-12-13,-0.12615056335926056
1983-12-14,-0.07360882312059402
1983-12-15,-0.07901459187269211
1983-12-16,-0.11073392629623413
1983-12-17,-0.11148954927921295
1983-12-18,-0.11311875283718109
1983-12-19,-0.10690080374479294
1983-12-20,-0.08522266149520874
1983-12-21,-0.08085985481739044
1983-12-22,-0.047919370234012604
1983-12-23,-0.06668232381343842
1983-12-24,-0.0652088075876236
1983-12-25,-0.06914657354354858
1983-12-26,-0.06663042306900024
1983-12-27,-0.10164367407560349
1983-12-28,-0.11044870316982269
1983-12-29,-0.0686492770910263
1983-12-30,-0.07202659547328949
1983-12-31,-0.04148804768919945
1984-01-01,-0.04816507548093796
1984-01-02,-0.05766106769442558
1984-01-03,-0.031292982399463654
1984-01-04,-0.0935279130935669
1984-01-05,-0.045094747096300125
1984-01-06,-0.05756871774792671
1984-01-07,-0.10297573357820511
1984-01-08,-0.13424187898635864
1984-01-09,-0.06978996098041534
1984-01-10,-0.05625452846288681
1984-01-11,-0.04188966751098633
1984-01-12,-0.08362938463687897
1984-01-13,-0.07337896525859833
1984-01-14,-0.031696341931819916
1984-01-15,-0.05046720430254936
1984-01-16,-0.027232833206653595
1984-01-17,-0.026685969904065132
1984-01-18,-0.020405760034918785
1984-01-19,-0.030047375708818436
1984-01-20,-0.03847554698586464
1984-01-21,-0.01694013737142086
1984-01-22,-0.010727131739258766
1984-01-23,-0.0027901618741452694
1984-01-24,-0.03726903721690178
1984-01-25,-0.039107546210289
1984-01-26,-0.044510748237371445
1984-01-27,-0.03163716569542885
1984-01-28,-0.05207916349172592
1984-01-29,-0.018969262018799782
1984-01-30,-0.016838986426591873
1984-01-31,0.00011542830907274038
1984-02-01,-0.0070939939469099045
1984-02-02,-0.0019562621600925922
1984-02-03,-0.015435363166034222
1984-02-04,-0.0135723277926445
1984-02-05,-0.005688069388270378
1984-02-06,-0.005528166424483061
1984-02-07,-0.04120472073554993
1984-02-08,-0.061489466577768326
1984-02-09,-0.07294873893260956
1984-02-10,-0.09759460389614105
1984-02-11,-0.10295671224594116
1984-02-12,-0.0798325166106224
1984-02-13,-0.09239283204078674
1984-02-14,-0.11220147460699081
1984-02-15,-0.11160948872566223
1984-02-16,-0.09244740754365921
1984-02-17,-0.03618502989411354
1984-02-18,-0.046306490898132324
1984-02-19,-0.03156708925962448
1984-02-20,-0.04339742660522461
1984-02-21,-0.0017420187359675765
1984-02-22,0.0024300990626215935
1984-02-23,0.01355641521513462
1984-02-24,0.002783376257866621
1984-02-25,0.01348563376814127
1984-02-26,-0.02387339621782303
1984-02-27,-0.06184428930282593
1984-02-28,-0.06677692383527756
1984-02-29,-0.05872942507266998
1984-03-01,-0.05796562507748604
1984-03-02,-0.05134230852127075
1984-03-03,-0.05791724473237991
1984-03-04,-0.03170475363731384
1984-03-05,-0.020153513178229332
1984-03-06,-0.038458481431007385
1984-03-07,-0.012444723397493362
1984-03-08,-0.031999051570892334
1984-03-09,-0.059214700013399124
1984-03-10,-0.06813490390777588
1984-03-11,-0.0656089261174202
1984-03-12,-0.06778615713119507
1984-03-13,-0.06146486476063728
1984-03-14,-0.048837240785360336
1984-03-15,-0.023638447746634483
1984-03-16,-0.02492689900100231
1984-03-17,-0.035619113594293594
1984-03-18,-0.043988727033138275
1984-03-19,-0.03891684487462044
1984-03-20,-0.057085566222667694
1984-03-21,-0.05505262687802315
1984-03-22,-0.04033268988132477
1984-03-23,-0.02950427122414112
1984-03-24,0.004095707554370165
1984-03-25,0.007900022901594639
1984-03-26,0.014639616012573242
1984-03-27,0.03287269175052643
1984-03-28,0.040557991713285446
1984-03-29,0.019281141459941864
1984-03-30,0.007497773971408606
1984-03-31,0.009705591946840286
1984-04-01,0.006947632413357496
1984-04-02,0.028737401589751244
1984-04-03,0.0005615935660898685
1984-04-04,0.010492086410522461
1984-04-05,-0.010060997679829597
1984-04-06,0.003561772173270583
1984-04-07,0.009531383402645588
1984-04-08,0.02158932015299797
1984-04-09,0.002358444267883897
1984-04-10,0.0022931895218789577
1984-04-11,0.03930714726448059
1984-04-12,0.028500927612185478
1984-04-13,0.02035871334373951
1984-04-14,0.034731779247522354
1984-04-15,0.05246970057487488
1984-04-16,0.05191071331501007
1984-04-17,0.05336147919297218
1984-04-18,0.04625876992940903
1984-04-19,0.024607209488749504
1984-04-20,0.044083721935749054
1984-04-21,0.008953277952969074
1984-04-22,0.010682097636163235
1984-04-23,0.015430191531777382
1984-04-24,0.028008636087179184
1984-04-25,0.05154775455594063
1984-04-26,0.08121757209300995
1984-04-27,0.10417111963033676
1984-04-29,0.11655483394861221
1984-04-30,0.12339656054973602
1984-05-01,0.10762583464384079
1984-05-02,0.07988887280225754
1984-05-03,0.07257363945245743
1984-05-04,0.0447889007627964
1984-05-05,0.048684101551771164
1984-05-06,0.04577087238430977
1984-05-07,0.06910711526870728
1984-05-08,0.10549786686897278
1984-05-09,0.0930614322423935
1984-05-10,0.08640577644109726
1984-05-11,0.07153531908988953
1984-05-12,0.07306890189647675
1984-05-13,0.058664750307798386
1984-05-14,0.07782527804374695
1984-05-15,0.06089985370635986
1984-05-16,0.050119757652282715
1984-05-17,0.06117991358041763
1984-05-18,0.03833392634987831
1984-05-19,0.032042715698480606
1984-05-20,0.05713940039277077
1984-05-21,0.07725831121206284
1984-05-22,0.07252882421016693
1984-05-23,0.06336822360754013
1984-05-24,0.09388455748558044
1984-05-25,0.02852603793144226
1984-05-26,-0.03556156903505325
1984-05-27,-0.035897016525268555
1984-05-28,-0.00576431630179286
1984-05-29,-0.0029574818909168243
1984-05-30,-0.016569286584854126
1984-05-31,-0.01070775929838419
1984-06-01,-0.03451677784323692
1984-06-02,-0.04835331067442894
1984-06-03,-0.07738632708787918
1984-06-04,-0.07136888056993484
1984-06-05,-0.06368624418973923
1984-06-06,-0.041825778782367706
1984-06-07,-0.036075443029403687
1984-06-08,-0.04584313556551933
1984-06-09,-0.06782495230436325
1984-06-10,-0.07413677871227264
1984-06-11,-0.05764507129788399
1984-06-12,-0.13751554489135742
1984-06-13,-0.1474975049495697
1984-06-14,-0.1482437700033188
1984-06-15,-0.1524398773908615
1984-06-16,-0.13959084451198578
1984-06-17,-0.12986411154270172
1984-06-18,-0.12815235555171967
1984-06-19,-0.11821766197681427
1984-06-20,-0.09977196902036667
1984-06-21,-0.08417009562253952
1984-06-22,-0.08731917291879654
1984-06-23,-0.060179419815540314
1984-06-24,-0.06057148426771164
1984-06-25,-0.05784541368484497
1984-06-26,-0.07789100706577301
1984-06-27,-0.05175171419978142
1984-06-28,-0.07912473380565643
1984-06-29,-0.12467800080776215
1984-06-30,-0.14857681095600128
1984-07-01,-0.12451658397912979
1984-07-02,-0.12799593806266785
1984-07-03,-0.13985486328601837
1984-07-04,-0.13552109897136688
1984-07-05,-0.14944428205490112
1984-07-06,-0.16621027886867523
1984-07-07,-0.17889153957366943
1984-07-08,-0.16109663248062134
1984-07-09,-0.11920689046382904
1984-07-10,-0.03701288253068924
1984-07-11,-0.07647828012704849
1984-07-12,-0.0338224396109581
1984-07-13,0.013817667961120605
1984-07-14,0.030362064018845558
1984-07-15,0.031772270798683167
1984-07-16,0.06549136340618134
1984-07-17,0.12082774192094803
1984-07-18,0.121473528444767
1984-07-19,0.14178530871868134
1984-07-20,0.14224617183208466
1984-07-21,0.1233193427324295
1984-07-22,0.10227613896131516
1984-07-23,0.10718271136283875
1984-07-24,0.1334606409072876
1984-07-25,0.11437510699033737
1984-07-26,0.10768314450979233
1984-07-27,0.12513896822929382
1984-07-28,0.13756784796714783
1984-07-29,0.150598406791687
1984-07-30,0.12951289117336273
1984-07-31,0.1071116179227829
1984-08-01,0.08542399853467941
1984-08-02,0.10041294991970062
1984-08-03,0.04978124424815178
1984-08-04,0.05037826672196388
1984-08-05,0.01892068237066269
1984-08-06,0.024736696854233742
1984-08-07,0.006426387000828981
1984-08-08,-0.0033406629227101803
1984-08-09,-0.02224213257431984
1984-08-10,-0.029317479580640793
1984-08-11,-0.06300587952136993
1984-08-12,-0.0563475675880909
1984-08-13,-0.033474016934633255
1984-08-14,-0.07544909417629242
1984-08-15,-0.10970402508974075
1984-08-16,-0.09829024970531464
1984-08-17,-0.09643621742725372
1984-08-18,-0.040722526609897614
1984-08-19,-0.05018613487482071
1984-08-20,-0.029406152665615082
1984-08-21,-0.020384788513183594
1984-08-22,0.005461333319544792
1984-08-23,0.04921066761016846
1984-08-24,0.05940578505396843
1984-08-25,0.04711885377764702
1984-08-26,0.06235123425722122
1984-08-27,0.10384716093540192
1984-08-28,0.08445070683956146
1984-08-29,0.10752697288990021
1984-08-30,0.0798477903008461
1984-08-31,0.08867703378200531
1984-09-01,0.07044046372175217
1984-09-02,0.07076775282621384
1984-09-03,0.08460373431444168
1984-09-04,0.07899074256420135
1984-09-05,0.07080841809511185
1984-09-06,0.04524560645222664
1984-09-07,0.028261922299861908
1984-09-08,0.036175988614559174
1984-09-09,0.04178214445710182
1984-09-10,-0.005182856693863869
1984-09-11,-0.0001253914088010788
1984-09-12,0.0009208150440827012
1984-09-13,-0.01593761146068573
1984-09-14,-0.031660597771406174
1984-09-15,-0.06744152307510376
1984-09-16,-0.0584874153137207
1984-09-17,-0.076565220952034
1984-09-18,-0.08915414661169052
1984-09-19,-0.06465866416692734
1984-09-20,-0.06792635470628738
1984-09-21,-0.02858053520321846
1984-09-22,-0.02592783421278
1984-09-23,-0.02606724202632904
1984-09-24,-0.004426501225680113
1984-09-25,-0.021173112094402313
1984-09-26,-0.013437907211482525
1984-09-27,-0.03232979029417038
1984-09-28,-0.009906541556119919
1984-09-29,-0.044180478900671005
1984-09-30,-0.004763005767017603
1984-10-01,0.020351430401206017
1984-10-02,0.002680833451449871
1984-10-03,-0.018627408891916275
1984-10-04,0.0034396271221339703
1984-10-05,-0.017612792551517487
1984-10-06,-0.02751581184566021
1984-10-07,-0.03099534660577774
1984-10-08,-0.04172302410006523
1984-10-09,-0.024880506098270416
1984-10-10,-0.041467636823654175
1984-10-11,-0.04347645491361618
1984-10-12,-0.052479520440101624
1984-10-13,-0.0678831934928894
1984-10-14,-0.037922054529190063
1984-10-15,-0.030326703563332558
1984-10-16,-0.04362817853689194
1984-10-17,-0.04337459057569504
1984-10-18,-0.0449066236615181
1984-10-19,-0.034797534346580505
1984-10-20,-0.03176186606287956
1984-10-21,0.0006687959539704025
1984-10-22,0.01689573936164379
1984-10-23,0.024708248674869537
1984-10-24,-0.004931885749101639
1984-10-25,0.0033777584321796894
1984-10-26,-0.02604481764137745
1984-10-27,-0.027516214177012444
1984-10-28,-0.03499128296971321
1984-10-29,-0.0454903244972229
1984-10-30,-0.03496401011943817
1984-10-31,-0.0404197983443737
1984-11-01,-0.016565091907978058
1984-11-02,-0.05356356501579285
1984-11-03,-0.05745988339185715
1984-11-04,-0.021223021671175957
1984-11-05,0.02186887338757515
1984-11-06,-0.023776113986968994
1984-11-07,0.00828474573791027
1984-11-08,0.025183437392115593
1984-11-09,0.022396981716156006
1984-11-10,-0.004111940972507
1984-11-11,0.016372820362448692
1984-11-12,-0.004743377678096294
1984-11-13,-0.01243540458381176
1984-11-14,0.004337678197771311
1984-11-15,-0.016570337116718292
1984-11-16,-0.03185224160552025
1984-11-17,0.00037660839734598994
1984-11-18,0.002458341419696808
1984-11-19,-0.002244630130007863
1984-11-20,0.004394314717501402
1984-11-21,-0.0015701334923505783
1984-11-22,0.010302777402102947
1984-11-23,-0.00506231002509594
1984-11-24,-0.01553515437990427
1984-11-25,0.006190957501530647
1984-11-26,0.010335177183151245
1984-11-27,0.004943528678268194
1984-11-28,0.017442040145397186
1984-11-29,0.017425771802663803
1984-11-30,0.03609607741236687
1984-12-01,0.04773888736963272
1984-12-02,0.05175551027059555
1984-12-03,0.05851363390684128
1984-12-04,0.07947120815515518
1984-12-05,0.059448108077049255
1984-12-06,0.07194986194372177
1984-12-07,0.07112766057252884
1984-12-08,0.06272250413894653
1984-12-09,0.07215822488069534
1984-12-10,0.07864046841859818
1984-12-11,0.078342966735363
1984-12-12,0.059819191694259644
1984-12-13,0.04309024661779404
1984-12-14,0.014506086707115173
1984-12-15,0.019393177703022957
1984-12-16,0.019038813188672066
1984-12-17,0.07172838598489761
1984-12-18,0.08557528257369995
1984-12-19,0.08538990467786789
1984-12-20,0.06406574696302414
1984-12-21,0.0894809439778328
1984-12-22,0.09451808780431747
1984-12-23,0.10932665318250656
1984-12-24,0.09553325176239014
1984-12-25,0.0952785387635231
1984-12-26,0.08212289959192276
1984-12-27,0.06242479756474495
1984-12-28,0.05101301893591881
1984-12-29,0.05846571549773216
1984-12-30,0.05750363692641258
1984-12-31,0.0920233204960823
1985-01-01,0.09346228837966919
1985-01-02,0.09313309192657471
1985-01-03,0.10343599319458008
1985-01-04,0.10774075984954834
1985-01-05,0.1414766013622284
1985-01-06,0.12462863326072693
1985-01-07,0.12399709969758987
1985-01-08,0.1512461155653
1985-01-09,0.1926644742488861
1985-01-10,0.18807344138622284
1985-01-11,0.1958443522453308
1985-01-12,0.2208581268787384
1985-01-13,0.22082507610321045
1985-01-14,0.20801198482513428
1985-01-15,0.2125667929649353
1985-01-16,0.20820090174674988
1985-01-17,0.1944698840379715
1985-01-18,0.18115690350532532
1985-01-19,0.16855576634407043
1985-01-20,0.17129674553871155
1985-01-21,0.178521528840065
1985-01-22,0.13949820399284363
1985-01-23,0.14682085812091827
1985-01-24,0.17321272194385529
1985-01-25,0.16836243867874146
1985-01-26,0.18301737308502197
1985-01-27,0.17765109241008759
1985-01-28,0.19457696378231049
1985-01-29,0.1644584834575653
1985-01-30,0.15763109922409058
1985-01-31,0.1579117327928543
1985-02-01,0.14657792448997498
1985-02-02,0.13284419476985931
1985-02-03,0.12956859171390533
1985-02-04,0.1181601956486702
1985-02-05,0.11902008205652237
1985-02-06,0.09916850179433823
1985-02-07,0.13614220917224884
1985-02-08,0.12687931954860687
1985-02-09,0.1116594448685646
1985-02-10,0.11311861127614975
1985-02-11,0.10829948633909225
1985-02-12,0.088499516248703
1985-02-13,0.09209296107292175
1985-02-14,0.07286380976438522
1985-02-15,0.0869985967874527
1985-02-16,0.09034416079521179
1985-02-17,0.07871489971876144
1985-02-18,0.054281048476696014
1985-02-19,0.05150662362575531
1985-02-20,0.06809946149587631
1985-02-21,0.0923471748828888
1985-02-22,0.08504535257816315
1985-02-23,0.039171621203422546
1985-02-24,0.031079066917300224
1985-02-25,0.028118597343564034
1985-02-26,0.025171572342514992
1985-02-27,0.010050717741250992
1985-02-28,0.010454271920025349
1985-03-01,0.0026919711381196976
1985-03-02,0.020016992464661598
1985-03-03,0.05366544425487518
1985-03-04,0.0394328273832798
1985-03-05,0.04957697540521622
1985-03-06,0.029711369425058365
1985-03-07,-0.003716428764164448
1985-03-08,-0.030887367203831673
1985-03-09,-0.043789077550172806
1985-03-10,-0.04723893478512764
1985-03-11,-0.053710468113422394
1985-03-12,-0.045737508684396744
1985-03-13,-0.028366465121507645
1985-03-14,-0.03937062621116638
1985-03-15,-0.019792620092630386
1985-03-16,-0.04000146687030792
1985-03-17,-0.030068710446357727
1985-03-18,-0.03368084132671356
1985-03-19,-0.006542685907334089
1985-03-20,-0.02342739701271057
1985-03-21,-0.02164723165333271
1985-03-22,-0.03594224527478218
1985-03-23,-0.014250374399125576
1985-03-24,-0.03175169974565506
1985-03-25,-0.008211318403482437
1985-03-26,-0.01471084076911211
1985-03-27,-0.01836569793522358
1985-03-28,-0.038414366543293
1985-03-29,-0.05580677464604378
1985-03-30,-0.0706668496131897
1985-03-31,-0.0778624564409256
1985-04-01,-0.07687652856111526
1985-04-02,-0.07754122465848923
1985-04-03,-0.08828115463256836
1985-04-04,-0.09604015201330185
1985-04-05,-0.09432414174079895
1985-04-06,-0.08524017035961151
1985-04-07,-0.06413556635379791
1985-04-08,-0.03821282833814621
1985-04-09,-0.029241297394037247
1985-04-10,-0.020852021872997284
1985-04-11,-0.013235151767730713
1985-04-12,-0.004609684459865093
1985-04-13,0.002846705261617899
1985-04-14,0.006127980537712574
1985-04-15,0.013427525758743286
1985-04-16,-0.0009186647948808968
1985-04-17,0.006480845622718334
1985-04-18,0.024869414046406746
1985-04-19,0.006323312874883413
1985-04-20,0.007496199570596218
1985-04-21,-0.01374545507133007
1985-04-22,-0.0035353698767721653
1985-04-23,-0.008353916928172112
1985-04-24,-0.0109329205006361
1985-04-25,-0.007483520079404116
1985-04-26,-0.04346425458788872
1985-04-27,-0.057456403970718384
1985-04-28,-0.05324370041489601
1985-04-29,-0.04435121640563011
1985-04-30,-0.0498589426279068
1985-05-01,-0.06775032728910446
1985-05-02,-0.09126029163599014
1985-05-03,-0.061409011483192444
1985-05-04,-0.07776627689599991
1985-05-05,-0.08361148089170456
1985-05-06,-0.07074514031410217
1985-05-07,-0.07197733223438263
1985-05-08,-0.06705790013074875
1985-05-09,-0.06936537474393845
1985-05-10,-0.07962087541818619
1985-05-11,-0.07301878929138184
1985-05-12,-0.06585118174552917
1985-05-13,-0.021101312711834908
1985-05-14,-0.03600044548511505
1985-05-15,-0.03245237469673157
1985-05-16,-0.029116695746779442
1985-05-17,-0.014845823869109154
1985-05-18,8.91891322680749e-05
1985-05-19,0.025930698961019516
1985-05-20,0.04951228201389313
1985-05-21,0.03301994130015373
1985-05-22,0.038426946848630905
1985-05-23,0.008904627524316311
1985-05-24,0.0038736569695174694
1985-05-25,0.0028739655390381813
1985-05-26,0.019355708733201027
1985-05-27,0.028907060623168945
1985-05-28,0.06439287215471268
1985-05-29,0.09396815299987793
1985-05-30,0.1316194385290146
1985-05-31,0.13647186756134033
1985-06-01,0.17661473155021667
1985-06-02,0.1940787136554718
1985-06-03,0.19344982504844666
1985-06-04,0.1906711608171463
1985-06-05,0.1866297721862793
1985-06-06,0.20865309238433838
1985-06-07,0.17216436564922333
1985-06-08,0.16136282682418823
1985-06-09,0.16183939576148987
1985-06-10,0.1661301851272583
1985-06-11,0.13387981057167053
1985-06-12,0.12274143099784851
1985-06-13,0.11469367146492004
1985-06-14,0.09623932093381882
1985-06-15,0.06602112203836441
1985-06-16,0.059890296310186386
1985-06-17,0.06244233250617981
1985-06-18,0.053267981857061386
1985-06-19,0.06312718987464905
1985-06-20,0.08123841881752014
1985-06-21,0.06351529806852341
1985-06-22,0.09196130186319351
1985-06-23,0.07109925895929337
1985-06-24,0.05326532945036888
1985-06-25,0.06990362703800201
1985-06-26,0.051087886095047
1985-06-27,0.03487560153007507
1985-06-28,0.024246850982308388
1985-06-29,0.015538879670202732
1985-06-30,0.033862754702568054
1985-07-01,0.06486203521490097
1985-07-02,0.07083422690629959
1985-07-03,0.06557560712099075
1985-07-04,0.06677520275115967
1985-07-05,0.06974061578512192
1985-07-06,0.06797470897436142
1985-07-07,0.05923699587583542
1985-07-08,0.07102185487747192
1985-07-09,0.07354529947042465
1985-07-10,0.05778927728533745
1985-07-11,0.0450262650847435
1985-07-12,0.039182230830192566
1985-07-13,0.03076539933681488
1985-07-14,0.008938892744481564
1985-07-15,0.005800292361527681
1985-07-16,-0.08357498794794083
1985-07-17,-0.09422658383846283
1985-07-18,-0.10540828853845596
1985-07-19,-0.11440589278936386
1985-07-20,-0.11367444694042206
1985-07-21,-0.1343313753604889
1985-07-22,-0.13914288580417633
1985-07-23,-0.1477421224117279
1985-07-24,-0.178569033741951
1985-07-25,-0.1642085164785385
1985-07-26,-0.1490245908498764
1985-07-27,-0.13086402416229248
1985-07-28,-0.11400315165519714
1985-07-29,-0.1077602207660675
1985-07-30,-0.12113817036151886
1985-07-31,-0.12150613218545914
1985-08-01,-0.09598201513290405
1985-08-02,-0.1107371523976326
1985-08-03,-0.10121897608041763
1985-08-04,-0.10017838329076767
1985-08-05,-0.08943133801221848
1985-08-06,-0.10406825691461563
1985-08-07,-0.12276489287614822
1985-08-08,-0.1462179273366928
1985-08-09,-0.14423635601997375
1985-08-10,-0.1591462343931198
1985-08-11,-0.1515887826681137
1985-08-12,-0.15320704877376556
1985-08-13,-0.1396641731262207
1985-08-14,-0.12966498732566833
1985-08-15,-0.1699116975069046
1985-08-16,-0.17182986438274384
1985-08-17,-0.16688083112239838
1985-08-18,-0.17551098763942719
1985-08-19,-0.1945204734802246
1985-08-20,-0.1759704053401947
1985-08-21,-0.1610000878572464
1985-08-22,-0.1426968276500702
1985-08-23,-0.12634703516960144
1985-08-24,-0.16587144136428833
1985-08-25,-0.13512074947357178
1985-08-26,-0.14044009149074554
1985-08-27,-0.16762885451316833
1985-08-28,-0.16012144088745117
1985-08-29,-0.1599179208278656
1985-08-30,-0.12101410329341888
1985-08-31,-0.1444491744041443
1985-09-01,-0.16055190563201904
1985-09-02,-0.1882590651512146
1985-09-03,-0.1483737677335739
1985-09-04,-0.1367974877357483
1985-09-05,-0.1394692361354828
1985-09-06,-0.12741617858409882
1985-09-07,-0.14469678699970245
1985-09-08,-0.161698117852211
1985-09-09,-0.13917283713817596
1985-09-10,-0.15500760078430176
1985-09-11,-0.1705341935157776
1985-09-12,-0.16765497624874115
1985-09-13,-0.15700502693653107
1985-09-14,-0.13063937425613403
1985-09-15,-0.1207553818821907
1985-09-16,-0.1327643245458603
1985-09-17,-0.1351633220911026
1985-09-18,-0.09156821668148041
1985-09-19,-0.10829528421163559
1985-09-20,-0.08789177238941193
1985-09-21,-0.11294420808553696
1985-09-22,-0.11460378021001816
1985-09-23,-0.09517202526330948
1985-09-24,-0.09639281034469604
1985-09-25,-0.09377836436033249
1985-09-26,-0.0836896151304245
1985-09-27,-0.0667688176035881
1985-09-28,-0.06975385546684265
1985-09-29,-0.04163382947444916
1985-09-30,-0.03265490382909775
1985-10-01,-0.018102476373314857
1985-10-02,-0.031477008014917374
1985-10-03,-0.05474568530917168
1985-10-04,-0.0496494323015213
1985-10-05,-0.04195155203342438
1985-10-06,-0.04537757858633995
1985-10-07,-0.05247429013252258
1985-10-08,-0.062083594501018524
1985-10-09,-0.08005570620298386
1985-10-10,-0.09754861146211624
1985-10-11,-0.12348880618810654
1985-10-12,-0.11658414453268051
1985-10-13,-0.11834501475095749
1985-10-14,-0.12151306867599487
1985-10-15,-0.10837578773498535
1985-10-16,-0.11499346047639847
1985-10-17,-0.13065259158611298
1985-10-18,-0.14446091651916504
1985-10-19,-0.13162536919116974
1985-10-20,-0.11722134798765182
1985-10-21,-0.07665743678808212
1985-10-22,-0.1542578488588333
1985-10-23,-0.1660090684890747
1985-10-24,-0.16780030727386475
1985-10-25,-0.17516706883907318
1985-10-26,-0.17102184891700745
1985-10-27,-0.15880253911018372
1985-10-28,-0.1475316286087036
1985-10-29,-0.1529276818037033
1985-10-30,-0.17076732218265533
1985-10-31,-0.19295115768909454
1985-11-01,-0.21112260222434998
1985-11-02,-0.18645592033863068
1985-11-03,-0.15356460213661194
1985-11-04,-0.09980501979589462
1985-11-05,-0.09815739840269089
1985-11-06,-0.0989382341504097
1985-11-07,-0.08471919596195221
1985-11-08,-0.08255066722631454
1985-11-09,-0.09927832335233688
1985-11-10,-0.09436129033565521
1985-11-11,-0.050350744277238846
1985-11-12,-0.030978284776210785
1985-11-13,-0.04793728142976761
1985-11-14,-0.0538664348423481
1985-11-15,-0.052949342876672745
1985-11-16,-0.032917480915784836
1985-11-17,-0.002632152521982789
1985-11-18,0.011216935701668262
1985-11-19,0.04741889238357544
1985-11-20,0.054581135511398315
1985-11-21,0.07467884570360184
1985-11-22,0.06942448765039444
1985-11-23,0.08332708477973938
1985-11-24,0.09926460683345795
1985-11-25,0.13043799996376038
1985-11-26,0.12252562493085861
1985-11-27,0.1065390333533287
1985-11-28,0.10374690592288971
1985-11-29,0.07406634092330933
1985-11-30,0.08554985374212265
1985-12-01,0.08571624755859375
1985-12-02,0.05903877690434456
1985-12-03,0.0684928447008133
1985-12-04,0.06742165982723236
1985-12-05,0.055699147284030914
1985-12-06,0.0573907271027565
1985-12-07,0.04334966093301773
1985-12-08,0.04911530390381813
1985-12-09,0.03230087459087372
1985-12-10,0.04644051566720009
1985-12-11,0.043740857392549515
1985-12-12,0.033601321280002594
1985-12-13,0.00944350752979517
1985-12-14,-0.005798944737762213
1985-12-15,-0.011609913781285286
1985-12-16,-0.0122519601136446
1985-12-17,-0.0081397145986557
1985-12-18,-0.00891067460179329
1985-12-19,-0.022082850337028503
1985-12-20,-0.03802087903022766
1985-12-21,-0.04751834645867348
1985-12-22,-0.04886689409613609
1985-12-23,-0.040913838893175125
1985-12-24,-0.03241501748561859
1985-12-25,-0.02609722502529621
1985-12-26,-0.016207827255129814
1985-12-27,-0.03504592180252075
1985-12-28,-0.05747599899768829
1985-12-29,-0.046677954494953156
1985-12-30,-0.04985295981168747
1985-12-31,-0.019668323919177055
1986-01-01,-0.044621359556913376
1986-01-02,-0.0014475071802735329
1986-01-03,0.006976992357522249
1986-01-04,0.00024330437008757144
1986-01-05,0.003986460156738758
1986-01-06,0.017457077279686928
1986-01-07,0.016383349895477295
1986-01-08,0.021123414859175682
1986-01-09,-0.0014373369049280882
1986-01-10,-0.020874345675110817
1986-01-11,-0.04169280827045441
1986-01-12,-0.03322258219122887
1986-01-13,-0.027271147817373276
1986-01-14,-0.026241809129714966
1986-01-15,-0.03197311982512474
1986-01-16,-0.027193007990717888
1986-01-17,-0.01566682942211628
1986-01-18,-0.013090526685118675
1986-01-19,0.006762803066521883
1986-01-20,0.025026628747582436
1986-01-21,0.014144856482744217
1986-01-22,0.007557835895568132
1986-01-23,-0.0018377152737230062
1986-01-24,-0.03499618172645569
1986-01-25,-0.04699372127652168
1986-01-26,-0.03876512870192528
1986-01-27,-0.02730930596590042
1986-01-28,-0.03205068036913872
1986-01-29,-0.04208200052380562
1986-01-30,-0.05123859643936157
1986-01-31,-0.036076661199331284
1986-02-01,-0.057706136256456375
1986-02-02,-0.04781734198331833
1986-02-03,-0.04447557032108307
1986-02-04,-0.06104587763547897
1986-02-05,-0.06284628808498383
1986-02-06,-0.06119893118739128
1986-02-07,-0.06414344906806946
1986-02-08,-0.058318864554166794
1986-02-09,-0.034946173429489136
1986-02-10,-0.020711980760097504
1986-02-11,-0.014072917401790619
1986-02-12,-0.02918877825140953
1986-02-13,-0.03681749850511551
1986-02-14,-0.04611939936876297
1986-02-15,-0.04989795386791229
1986-02-16,-0.05334421619772911
1986-02-17,-0.0474541075527668
1986-02-18,-0.0158371739089489
1986-02-19,-0.054828397929668427
1986-02-20,-0.08102624118328094
1986-02-21,-0.08296225219964981
1986-02-22,-0.10261864960193634
1986-02-23,-0.1188955008983612
1986-02-24,-0.14374659955501556
1986-02-25,-0.18303778767585754
1986-02-26,-0.1612887680530548
1986-02-27,-0.1727733016014099
1986-02-28,-0.19935253262519836
1986-03-01,-0.22734762728214264
1986-03-02,-0.17742732167243958
1986-03-03,-0.18186725676059723
1986-03-04,-0.18759873509407043
1986-03-05,-0.1948322206735611
1986-03-06,-0.19233885407447815
1986-03-07,-0.19439131021499634
1986-03-08,-0.19381609559059143
1986-03-09,-0.21689601242542267
1986-03-10,-0.22387047111988068
1986-03-11,-0.21568304300308228
1986-03-12,-0.1955980360507965
1986-03-13,-0.17808778584003448
1986-03-14,-0.17844925820827484
1986-03-15,-0.14974936842918396
1986-03-16,-0.14280197024345398
1986-03-17,-0.13869282603263855
1986-03-18,-0.13864485919475555
1986-03-19,-0.1205148845911026
1986-03-20,-0.1340899020433426
1986-03-21,-0.15456543862819672
1986-03-22,-0.180196151137352
1986-03-23,-0.17886048555374146
1986-03-24,-0.16948945820331573
1986-03-25,-0.16733069717884064
1986-03-26,-0.17808493971824646
1986-03-27,-0.16862405836582184
1986-03-28,-0.17584510147571564
1986-03-29,-0.16673436760902405
1986-03-30,-0.13519175350666046
1986-03-31,-0.13661427795886993
1986-04-01,-0.13624630868434906
1986-04-02,-0.14638404548168182
1986-04-03,-0.17473137378692627
1986-04-04,-0.20042090117931366
1986-04-05,-0.19527442753314972
1986-04-06,-0.1754504293203354
1986-04-07,-0.1646268367767334
1986-04-08,-0.14850091934204102
1986-04-09,-0.12703844904899597
1986-04-10,-0.13373805582523346
1986-04-11,-0.12202553451061249
1986-04-12,-0.11326614767313004
1986-04-13,-0.09095192700624466
1986-04-14,-0.10649378597736359
1986-04-15,-0.09520777314901352
1986-04-16,-0.1201171800494194
1986-04-17,-0.11639954894781113
1986-04-18,-0.1034267470240593
1986-04-19,-0.1211857795715332
1986-04-20,-0.13620956242084503
1986-04-21,-0.11928952485322952
1986-04-22,-0.10163511335849762
1986-04-23,-0.0949859470129013
1986-04-24,-0.09128314256668091
1986-04-25,-0.07451805472373962
1986-04-26,-0.06741245836019516
1986-04-27,-0.06094888225197792
1986-04-28,-0.003449637209996581
1986-04-29,0.019355857744812965
1986-04-30,0.028465265408158302
1986-05-01,0.035524457693099976
1986-05-02,0.007562662474811077
1986-05-03,0.010977903380990028
1986-05-04,0.006580803077667952
1986-05-05,0.022314194589853287
1986-05-06,0.05236427113413811
1986-05-07,0.06206768378615379
1986-05-08,0.07259426265954971
1986-05-09,0.08744095265865326
1986-05-10,0.07715318351984024
1986-05-11,0.07580491155385971
1986-05-12,0.08984137326478958
1986-05-13,0.10659892857074738
1986-05-14,0.10131384432315826
1986-05-15,0.11253875494003296
1986-05-16,0.11622874438762665
1986-05-17,0.13202229142189026
1986-05-18,0.13067300617694855
1986-05-19,0.12170272320508957
1986-05-20,0.13403591513633728
1986-05-21,0.1418118178844452
1986-05-22,0.1525556594133377
1986-05-23,0.10951752960681915
1986-05-24,0.11957995593547821
1986-05-25,0.10421232879161835
1986-05-26,0.1387096345424652
1986-05-27,0.13696298003196716
1986-05-28,0.1381468027830124
1986-05-29,0.10780522227287292
1986-05-30,0.12846101820468903
1986-05-31,0.12567737698554993
1986-06-01,0.14672309160232544
1986-06-02,0.152633935213089
1986-06-03,0.15633860230445862
1986-06-04,0.1545899659395218
1986-06-05,0.14175228774547577
1986-06-06,0.12705187499523163
1986-06-07,0.10340671986341476
1986-06-08,0.1023952066898346
1986-06-09,0.0885595753788948
1986-06-10,0.07237894833087921
1986-06-11,0.0774623230099678
1986-06-12,0.07841449230909348
1986-06-13,0.043504029512405396
1986-06-14,0.04180010408163071
1986-06-15,0.03190679848194122
1986-06-16,0.006468220613896847
1986-06-17,0.02199135534465313
1986-06-18,0.006754857487976551
1986-06-19,0.003303965786471963
1986-06-20,0.013261050917208195
1986-06-21,0.013542271219193935
1986-06-22,-0.0017325776861980557
1986-06-23,-0.004075448960065842
1986-06-24,0.01225364487618208
1986-06-25,0.020551444962620735
1986-06-26,0.02387121133506298
1986-06-27,0.0016918034525588155
1986-06-28,0.01872962713241577
1986-06-29,0.020732754841446877
1986-06-30,-0.013157772831618786
1986-07-01,-0.015892619267106056
1986-07-02,0.007359672803431749
1986-07-03,-0.02849186770617962
1986-07-04,-0.03109908103942871
1986-07-05,-0.006726830266416073
1986-07-06,-0.019867734983563423
1986-07-07,-0.023901188746094704
1986-07-08,-0.04991752281785011
1986-07-09,-0.03432951867580414
1986-07-10,-0.050422247499227524
1986-07-11,-0.05203651636838913
1986-07-12,-0.048013556748628616
1986-07-13,-0.07039174437522888
1986-07-14,-0.052578262984752655
1986-07-15,-0.04392225667834282
1986-07-16,-0.06783870607614517
1986-07-17,-0.06334005296230316
1986-07-18,-0.08738455176353455
1986-07-19,-0.08945413678884506
1986-07-20,-0.08749224990606308
1986-07-21,-0.09381944686174393
1986-07-22,-0.10599455237388611
1986-07-23,-0.15022771060466766
1986-07-24,-0.19021500647068024
1986-07-25,-0.17602135241031647
1986-07-26,-0.1371457278728485
1986-07-27,-0.13909520208835602
1986-07-28,-0.16038191318511963
1986-07-29,-0.1905093640089035
1986-07-30,-0.19813308119773865
1986-07-31,-0.21306821703910828
1986-08-01,-0.21332603693008423
1986-08-02,-0.18757043778896332
1986-08-03,-0.17162731289863586
1986-08-04,-0.18299396336078644
1986-08-05,-0.18431967496871948
1986-08-06,-0.19287295639514923
1986-08-07,-0.20310449600219727
1986-08-08,-0.20184911787509918
1986-08-09,-0.2017512321472168
1986-08-10,-0.20131225883960724
1986-08-11,-0.19777920842170715
1986-08-12,-0.1979801505804062
1986-08-13,-0.2006576806306839
1986-08-14,-0.19489823281764984
1986-08-15,-0.19074836373329163
1986-08-16,-0.201389878988266
1986-08-17,-0.1883905529975891
1986-08-18,-0.1518528163433075
1986-08-19,-0.13891930878162384
1986-08-20,-0.11805642396211624
1986-08-21,-0.11113366484642029
1986-08-22,-0.08353322744369507
1986-08-23,-0.07505260407924652
1986-08-24,-0.08005145937204361
1986-08-25,-0.08135952055454254
1986-08-26,-0.07163936644792557
1986-08-27,-0.0827961340546608
1986-08-28,-0.06433270126581192
1986-08-29,-0.08843766897916794
1986-08-30,-0.10598558932542801
1986-08-31,-0.09616102278232574
1986-09-01,-0.0799994245171547
1986-09-02,-0.05104818940162659
1986-09-03,-0.05886119604110718
1986-09-04,-0.09173855185508728
1986-09-05,-0.11458081752061844
1986-09-06,-0.08580105006694794
1986-09-07,-0.09014154970645905
1986-09-08,-0.061929572373628616
1986-09-09,-0.05497713387012482
1986-09-10,-0.053067371249198914
1986-09-11,-0.07480087876319885
1986-09-12,-0.08952893316745758
1986-09-13,-0.1114598736166954
1986-09-14,-0.07840938121080399
1986-09-15,-0.06171642243862152
1986-09-16,-0.08291982114315033
1986-09-17,-0.07943145185709
1986-09-18,-0.0856354758143425
1986-09-19,-0.09537675976753235
1986-09-20,-0.09317806363105774
1986-09-21,-0.07870170474052429
1986-09-22,-0.07996458560228348
1986-09-23,-0.09754452109336853
1986-09-24,-0.08351019769906998
1986-09-25,-0.08038055151700974
1986-09-26,-0.08383828401565552
1986-09-27,-0.08433014154434204
1986-09-28,-0.07509683072566986
1986-09-29,-0.07132715731859207
1986-09-30,-0.06161598116159439
1986-10-01,-0.04983246326446533
1986-10-02,-0.06346776336431503
1986-10-03,-0.08802253752946854
1986-10-04,-0.09192001074552536
1986-10-05,-0.08857739716768265
1986-10-06,-0.05247919633984566
1986-10-07,-0.08217673748731613
1986-10-08,-0.1208953857421875
1986-10-09,-0.10330205410718918
1986-10-10,-0.11328718066215515
1986-10-11,-0.12260298430919647
1986-10-12,-0.09772364050149918
1986-10-13,-0.06559167802333832
1986-10-14,-0.11171183735132217
1986-10-15,-0.0995841696858406
1986-10-16,-0.10218729823827744
1986-10-17,-0.11664046347141266
1986-10-18,-0.10203856229782104
1986-10-19,-0.09292569011449814
1986-10-20,-0.07955724745988846
1986-10-21,-0.0723831057548523
1986-10-22,-0.04814613610506058
1986-10-23,-0.01812039501965046
1986-10-24,-0.012629696168005466
1986-10-25,-0.009540331549942493
1986-10-26,-0.006726498249918222
1986-10-27,0.008899339474737644
1986-10-28,0.011589951813220978
1986-10-29,0.018521303310990334
1986-10-30,0.028108472004532814
1986-10-31,0.029858259484171867
1986-11-01,0.06119731441140175
1986-11-02,0.061974842101335526
1986-11-03,0.07072702050209045
1986-11-04,0.06569840759038925
1986-11-05,0.06728175282478333
1986-11-06,0.06354008615016937
1986-11-07,0.055250607430934906
1986-11-08,0.06422673165798187
1986-11-09,0.0764656588435173
1986-11-10,0.05759580433368683
1986-11-11,0.051962874829769135
1986-11-12,0.029414016753435135
1986-11-13,0.03966542333364487
1986-11-14,0.050842560827732086
1986-11-15,0.07584943622350693
1986-11-16,0.11135123670101166
1986-11-17,0.09409557282924652
1986-11-18,0.1207481101155281
1986-11-19,0.13487409055233002
1986-11-20,0.11365289241075516
1986-11-21,0.10016370564699173
1986-11-22,0.09137607365846634
1986-11-23,0.08718760311603546
1986-11-24,0.09410656988620758
1986-11-25,0.10233549773693085
1986-11-26,0.0843224748969078
1986-11-27,0.07715260982513428
1986-11-28,0.05393357574939728
1986-11-29,0.04954985901713371
1986-11-30,0.06447262316942215
1986-12-01,0.09329702705144882
1986-12-02,0.10338757932186127
1986-12-03,0.13884328305721283
1986-12-04,0.10337436944246292
1986-12-05,0.0711531862616539
1986-12-06,0.06855744868516922
1986-12-07,0.07971059530973434
1986-12-08,0.05273676663637161
1986-12-09,0.050972286611795425
1986-12-10,0.06840106844902039
1986-12-11,0.06897100806236267
1986-12-12,0.05320322513580322
1986-12-13,0.052364278584718704
1986-12-14,0.0683121383190155
1986-12-15,0.04478484392166138
1986-12-16,0.05908791720867157
1986-12-17,0.02700527384877205
1986-12-18,0.04277574270963669
1986-12-19,0.022375507280230522
1986-12-20,0.010857422836124897
1986-12-21,0.011212524957954884
1986-12-22,0.018104221671819687
1986-12-23,0.030621204525232315
1986-12-24,0.03479112312197685
1986-12-25,0.02424166351556778
1986-12-26,0.052075717598199844
1986-12-27,0.07224330306053162
1986-12-28,0.09198500961065292
1986-12-29,0.0737764984369278
1986-12-30,0.07930278033018112
1986-12-31,0.06998492777347565
1987-01-01,0.06461413949728012
1987-01-02,0.061742935329675674
1987-01-03,0.04950329288840294
1987-01-04,0.04118802025914192
1987-01-05,0.017175421118736267
1987-01-06,0.008290769532322884
1987-01-07,0.017917929217219353
1987-01-08,0.033115237951278687
1987-01-09,0.027233514934778214
1987-01-10,0.03483697026968002
1987-01-11,0.04966999217867851
1987-01-12,0.04549608379602432
1987-01-13,0.040835749357938766
1987-01-14,0.040137067437171936
1987-01-15,0.028906814754009247
1987-01-16,0.016993626952171326
1987-01-17,-0.004210006911307573
1987-01-18,0.005471495445817709
1987-01-19,0.03146282583475113
1987-01-20,0.02290717139840126
1987-01-21,-0.002492708619683981
1987-01-22,-0.0014149837661534548
1987-01-23,-0.0182457584887743
1987-01-24,0.016605079174041748
1987-01-25,0.005012141074985266
1987-01-26,-0.02125527709722519
1987-01-27,0.00212056003510952
1987-01-28,-0.032462600618600845
1987-01-29,-0.05788509175181389
1987-01-30,-0.06782647222280502
1987-01-31,-0.08671054244041443
1987-02-01,-0.07215775549411774
1987-02-02,-0.05091772973537445
1987-02-03,-0.0689333975315094
1987-02-04,-0.07109104096889496
1987-02-05,-0.05560987442731857
1987-02-06,-0.03585220128297806
1987-02-07,-0.04535531997680664
1987-02-08,-0.04317377135157585
1987-02-09,-0.04499626159667969
1987-02-10,-0.050408415496349335
1987-02-11,-0.05042940750718117
1987-02-12,-0.05884454399347305
1987-02-13,-0.06659319251775742
1987-02-14,-0.049473002552986145
1987-02-15,-0.03522728011012077
1987-02-16,-0.06349506974220276
1987-02-17,-0.07595600187778473
1987-02-18,-0.056219395250082016
1987-02-19,-0.06452524662017822
1987-02-20,-0.055187568068504333
1987-02-21,-0.0345640629529953
1987-02-22,-0.04074210301041603
1987-02-23,-0.03882014378905296
1987-02-24,-0.0446726493537426
1987-02-25,-0.0446510836482048
1987-02-26,-0.029010450467467308
1987-02-27,-0.025474362075328827
1987-02-28,-0.022382333874702454
1987-03-01,-0.010646325536072254
1987-03-02,-0.02422262728214264
1987-03-03,-0.027280200272798538
1987-03-04,-0.015920326113700867
1987-03-05,-0.008496439084410667
1987-03-06,-0.009860241785645485
1987-03-07,0.013396421447396278
1987-03-08,0.05119427666068077
1987-03-09,0.04945927485823631
1987-03-10,0.07177646458148956
1987-03-11,0.03440520912408829
1987-03-12,0.004761137533932924
1987-03-13,0.033880896866321564
1987-03-14,0.03681803494691849
1987-03-15,0.0391632542014122
1987-03-16,0.0837368294596672
1987-03-17,0.08037904649972916
1987-03-18,0.07976905256509781
1987-03-19,0.08837878704071045
1987-03-20,0.072715163230896
1987-03-21,0.08104962110519409
1987-03-22,0.08207861334085464
1987-03-23,0.05531202256679535
1987-03-24,0.05903393402695656
1987-03-25,0.0551547110080719
1987-03-26,0.03510817140340805
1987-03-27,0.042426690459251404
1987-03-28,0.017942847684025764
1987-03-29,-0.005781957414001226
1987-03-30,-0.03816398233175278
1987-03-31,-0.06426909565925598
1987-04-01,-0.057853177189826965
1987-04-02,-0.05345664918422699
1987-04-03,-0.10553659498691559
1987-04-04,-0.10388248413801193
1987-04-05,-0.12027978152036667
1987-04-06,-0.11547371745109558
1987-04-07,-0.13031092286109924
1987-04-08,-0.13994760811328888
1987-04-09,-0.16049422323703766
1987-04-10,-0.15163710713386536
1987-04-11,-0.1641884446144104
1987-04-12,-0.16027165949344635
1987-04-13,-0.15562400221824646
1987-04-14,-0.17263059318065643
1987-04-15,-0.1828153282403946
1987-04-16,-0.21222029626369476
1987-04-17,-0.21681757271289825
1987-04-18,-0.2346498817205429
1987-04-19,-0.22411750257015228
1987-04-20,-0.21957062184810638
1987-04-21,-0.2237604409456253
1987-04-22,-0.23072563111782074
1987-04-23,-0.22488872706890106
1987-04-24,-0.23038525879383087
1987-04-25,-0.2186352163553238
1987-04-26,-0.19653715193271637
1987-04-27,-0.18114051222801208
1987-04-28,-0.19187889993190765
1987-04-29,-0.20459270477294922
1987-04-30,-0.18967846035957336
1987-05-01,-0.1604522168636322
1987-05-02,-0.15125173330307007
1987-05-03,-0.12307041883468628
1987-05-04,-0.09807617217302322
1987-05-05,-0.07882354408502579
1987-05-06,-0.05608994513750076
1987-05-07,-0.042338691651821136
1987-05-08,-0.0549493245780468
1987-05-09,-0.04207031428813934
1987-05-10,-0.05389929190278053
1987-05-11,-0.017581447958946228
1987-05-12,-0.05574166402220726
1987-05-13,-0.048820141702890396
1987-05-14,-0.0895785242319107
1987-05-15,-0.10346110910177231
1987-05-16,-0.0955052375793457
1987-05-17,-0.07099539786577225
1987-05-18,-0.045879509299993515
1987-05-19,-0.056528445333242416
1987-05-20,-0.0629759430885315
1987-05-21,-0.05385366454720497
1987-05-22,-0.053179673850536346
1987-05-23,-0.05413488671183586
1987-05-24,-0.045543454587459564
1987-05-25,-0.03075583651661873
1987-05-26,-0.023464029654860497
1987-05-27,-0.016491228714585304
1987-05-28,-0.03990701958537102
1987-05-29,-0.05861250311136246
1987-05-30,-0.06255928426980972
1987-05-31,-0.0725884735584259
1987-06-01,-0.05343950539827347
1987-06-02,-0.06677533686161041
1987-06-03,-0.06057977303862572
1987-06-04,-0.08730078488588333
1987-06-05,-0.07584198564291
1987-06-06,-0.05666646361351013
1987-06-07,-0.029386302456259727
1987-06-08,-0.005186687223613262
1987-06-09,0.011905412189662457
1987-06-10,0.0064874556846916676
1987-06-11,0.027736226096749306
1987-06-12,0.018705258145928383
1987-06-13,0.0012906055198982358
1987-06-14,0.021501878276467323
1987-06-15,0.022251563146710396
1987-06-16,0.010093191638588905
1987-06-17,0.00045885416329838336
1987-06-18,-0.011481554247438908
1987-06-19,-0.02639448083937168
1987-06-20,-0.019961273297667503
1987-06-21,-0.025514701381325722
1987-06-22,-0.006790714338421822
1987-06-23,-0.01246063131839037
1987-06-24,-0.020406223833560944
1987-06-25,-0.05488463491201401
1987-06-26,-0.04086190089583397
1987-06-27,-0.018849903717637062
1987-06-28,0.007384151685982943
1987-06-29,-0.008534321561455727
1987-06-30,0.0012447050539776683
1987-07-01,-0.0031905181240290403
1987-07-02,-0.013600967824459076
1987-07-03,-0.027697790414094925
1987-07-04,-0.014696844853460789
1987-07-05,0.0027302519883960485
1987-07-06,-0.025694655254483223
1987-07-07,-0.02656453661620617
1987-07-08,-0.021300025284290314
1987-07-09,-0.040504954755306244
1987-07-10,-0.039391547441482544
1987-07-11,-0.049425214529037476
1987-07-12,-0.04023085534572601
1987-07-13,-0.06619235128164291
1987-07-14,-0.04577377066016197
1987-07-15,-0.04594721645116806
1987-07-16,-0.06609714031219482
1987-07-17,-0.07076802849769592
1987-07-18,-0.07200576364994049
1987-07-19,-0.07202392816543579
1987-07-20,-0.054799728095531464
1987-07-21,-0.06324475258588791
1987-07-22,-0.06347446143627167
1987-07-23,-0.056881941854953766
1987-07-24,-0.04269490763545036
1987-07-25,0.016711844131350517
1987-07-26,0.04049040749669075
1987-07-27,0.06773753464221954
1987-07-28,0.08966342359781265
1987-07-29,0.08779188245534897
1987-07-30,0.07168775051832199
1987-07-31,0.05617395415902138
1987-08-01,0.030301257967948914
1987-08-02,0.037707433104515076
1987-08-03,0.033415086567401886
1987-08-04,-0.0067499903962016106
1987-08-05,-0.012634738348424435
1987-08-06,-0.04438142105937004
1987-08-07,-0.06899072229862213
1987-08-08,-0.0610712468624115
1987-08-09,-0.058003030717372894
1987-08-10,-0.06885446608066559
1987-08-11,-0.07894716411828995
1987-08-12,-0.07154375314712524
1987-08-13,-0.1012694388628006
1987-08-14,-0.08784785121679306
1987-08-15,-0.08894743770360947
1987-08-16,-0.08479331433773041
1987-08-17,-0.08174214512109756
1987-08-18,-0.10534902662038803
1987-08-19,-0.11951139569282532
1987-08-20,-0.13490958511829376
1987-08-21,-0.10161590576171875
1987-08-22,-0.08423503488302231
1987-08-23,-0.07129879295825958
1987-08-24,-0.07742073386907578
1987-08-25,-0.061675600707530975
1987-08-26,-0.03692081943154335
1987-08-27,-0.04241672903299332
1987-08-28,-0.03803323581814766
1987-08-29,-0.0038199371192604303
1987-08-30,-0.017463920637965202
1987-08-31,-0.0025850124657154083
1987-09-01,0.010695264674723148
1987-09-02,0.02469867281615734
1987-09-03,0.04548420011997223
1987-09-04,0.03736257925629616
1987-09-05,0.01575528271496296
1987-09-06,0.02323027513921261
1987-09-07,0.04824676737189293
1987-09-08,0.03112233243882656
1987-09-09,0.006478541065007448
1987-09-10,0.026333779096603394
1987-09-11,-0.008029121905565262
1987-09-12,0.01061026006937027
1987-09-13,-4.1398219764232635e-05
1987-09-14,-0.037376392632722855
1987-09-15,-0.02922113984823227
1987-09-16,-0.035481855273246765
1987-09-17,-0.0440509207546711
1987-09-18,-0.046590227633714676
1987-09-19,-0.04098391532897949
1987-09-20,-0.034430813044309616
1987-09-21,-0.028999002650380135
1987-09-22,-0.009425265714526176
1987-09-23,-0.005811468232423067
1987-09-24,0.004972934257239103
1987-09-25,0.0009929909138008952
1987-09-26,0.015132946893572807
1987-09-27,0.019773194566369057
1987-09-28,0.014784978702664375
1987-09-29,0.015514411963522434
1987-09-30,0.02787729538977146
1987-10-01,0.04754163324832916
1987-10-02,0.08585378527641296
1987-10-03,0.08069664984941483
1987-10-04,0.09925531595945358
1987-10-05,0.12538103759288788
1987-10-06,0.14430758357048035
1987-10-07,0.16415484249591827
1987-10-08,0.15941177308559418
1987-10-09,0.1491682529449463
1987-10-10,0.13054612278938293
1987-10-11,0.13713060319423676
1987-10-12,0.17969807982444763
1987-10-13,0.20516781508922577
1987-10-14,0.20911528170108795
1987-10-15,0.19789643585681915
1987-10-16,0.16998715698719025
1987-10-17,0.14833404123783112
1987-10-18,0.15974187850952148
1987-10-19,0.133185014128685
1987-10-20,0.0980294942855835
1987-10-21,0.06658738106489182
1987-10-22,0.06943701207637787
1987-10-23,0.07046350091695786
1987-10-24,0.05097394436597824
1987-10-25,0.013332278467714787
1987-10-26,-0.009629147127270699
1987-10-27,-0.032605208456516266
1987-10-28,-0.04118642583489418
1987-10-29,-0.053054142743349075
1987-10-30,-0.07962096482515335
1987-10-31,-0.0834667980670929
1987-11-01,-0.09391182661056519
1987-11-02,-0.08645675331354141
1987-11-03,-0.08284462243318558
1987-11-04,-0.07786571234464645
1987-11-05,-0.1017899438738823
1987-11-06,-0.09952346235513687
1987-11-07,-0.10231977701187134
1987-11-08,-0.09751170873641968
1987-11-09,-0.09119591116905212
1987-11-10,-0.08626960217952728
1987-11-11,-0.07662039995193481
1987-11-12,-0.08665674924850464
1987-11-13,-0.08846300095319748
1987-11-14,-0.09850990027189255
1987-11-15,-0.11039447039365768
1987-11-16,-0.10702285915613174
1987-11-17,-0.09665580838918686
1987-11-18,-0.10129914432764053
1987-11-19,-0.11065753549337387
1987-11-20,-0.11680213361978531
1987-11-21,-0.10583837330341339
1987-11-22,-0.10539228469133377
1987-11-23,-0.10716928541660309
1987-11-24,-0.09343843907117844
1987-11-25,-0.08046035468578339
1987-11-26,-0.058173712342977524
1987-11-27,-0.06582147628068924
1987-11-28,-0.11217691004276276
1987-11-29,-0.08032894879579544
1987-11-30,-0.05474074184894562
1987-12-01,-0.058047011494636536
1987-12-02,-0.06518682092428207
1987-12-03,-0.08288311958312988
1987-12-04,-0.07913581281900406
1987-12-05,-0.07905177026987076
1987-12-06,-0.0918959230184555
1987-12-07,-0.060042399913072586
1987-12-08,-0.08139939606189728
1987-12-09,-0.07082277536392212
1987-12-10,-0.09212863445281982
1987-12-11,-0.12507225573062897
1987-12-12,-0.12834487855434418
1987-12-13,-0.12099773436784744
1987-12-14,-0.1432827264070511
1987-12-15,-0.15145252645015717
1987-12-16,-0.16734862327575684
1987-12-17,-0.15571314096450806
1987-12-18,-0.17692244052886963
1987-12-19,-0.15756183862686157
1987-12-20,-0.14973844587802887
1987-12-21,-0.1429809033870697
1987-12-22,-0.13734816014766693
1987-12-23,-0.13488416373729706
1987-12-24,-0.09957095980644226
1987-12-25,-0.13402564823627472
1987-12-26,-0.07947073131799698
1987-12-27,-0.06189712509512901
1987-12-28,-0.0888582244515419
1987-12-29,-0.10772090405225754
1987-12-30,-0.13222911953926086
1987-12-31,-0.12712354958057404
1988-01-01,-0.1391078531742096
1988-01-02,-0.12689094245433807
1988-01-03,-0.11668212711811066
1988-01-04,-0.09528914839029312
1988-01-05,-0.09011619538068771
1988-01-06,-0.10601779818534851
1988-01-07,-0.09583952277898788
1988-01-08,-0.08249343186616898
1988-01-09,-0.07603573799133301
1988-01-10,-0.08051881194114685
1988-01-11,-0.06877897679805756
1988-01-12,-0.08505821973085403
1988-01-13,-0.07087472826242447
1988-01-14,-0.05737699568271637
1988-01-15,-0.05033355578780174
1988-01-16,-0.05072568729519844
1988-01-17,-0.039542991667985916
1988-01-18,-0.03155899792909622
1988-01-19,-0.05446462705731392
1988-01-20,-0.05581088364124298
1988-01-21,-0.05646593123674393
1988-01-22,-0.059091031551361084
1988-01-23,-0.06823723763227463
1988-01-24,-0.052771903574466705
1988-01-25,-0.05000126734375954
1988-01-26,-0.03438969701528549
1988-01-27,-0.022239455953240395
1988-01-28,-0.0012730269227176905
1988-01-29,0.006953625939786434
1988-01-30,0.013600576668977737
1988-01-31,0.023193949833512306
1988-02-01,0.027883796021342278
1988-02-02,0.0463138073682785
1988-02-03,0.03644599765539169
1988-02-04,0.05304628238081932
1988-02-05,0.05525313690304756
1988-02-06,0.05835828185081482
1988-02-07,0.05823038890957832
1988-02-08,0.05253983661532402
1988-02-09,0.09313151985406876
1988-02-10,0.08248674124479294
1988-02-11,0.0947645753622055
1988-02-12,0.09668482095003128
1988-02-13,0.0947987362742424
1988-02-14,0.10194800049066544
1988-02-15,0.11530184000730515
1988-02-16,0.10793357342481613
1988-02-17,0.1101757362484932
1988-02-18,0.09670563042163849
1988-02-19,0.10539437085390091
1988-02-20,0.08317123353481293
1988-02-21,0.08888397365808487
1988-02-22,0.10520093888044357
1988-02-23,0.083260677754879
1988-02-24,0.08747928589582443
1988-02-25,0.1133880689740181
1988-02-26,0.0967302918434143
1988-02-27,0.0972641184926033
1988-02-28,0.09626222401857376
1988-02-29,0.07740187644958496
1988-03-01,0.05748651549220085
1988-03-02,0.052251119166612625
1988-03-03,0.07047823071479797
1988-03-04,0.06351461261510849
1988-03-05,0.06119910255074501
1988-03-06,0.07905778288841248
1988-03-07,0.09819863736629486
1988-03-08,0.0987231582403183
1988-03-09,0.1102246567606926
1988-03-10,0.12376419454813004
1988-03-11,0.0868583396077156
1988-03-12,0.07342331856489182
1988-03-13,0.06757549941539764
1988-03-14,0.04745102673768997
1988-03-15,0.024978164583444595
1988-03-16,0.024374332278966904
1988-03-17,0.0182491485029459
1988-03-18,-0.01456957496702671
1988-03-19,-0.028708651661872864
1988-03-20,-0.03517582267522812
1988-03-21,-0.04029933735728264
1988-03-22,-0.03060721419751644
1988-03-23,-0.0496118925511837
1988-03-24,-0.04769361764192581
1988-03-25,-0.05480749160051346
1988-03-26,-0.07235509157180786
1988-03-27,-0.08915983140468597
1988-03-28,-0.07852113246917725
1988-03-29,-0.0979527160525322
1988-03-30,-0.10352706164121628
1988-03-31,-0.1005767211318016
1988-04-01,-0.10936912149190903
1988-04-02,-0.11028782278299332
1988-04-03,-0.10534080117940903
1988-04-04,-0.11028706282377243
1988-04-05,-0.1450038105249405
1988-04-06,-0.1364595592021942
1988-04-07,-0.12027958780527115
1988-04-08,-0.12240753322839737
1988-04-09,-0.09981673210859299
1988-04-10,-0.06668876111507416
1988-04-11,-0.06370451301336288
1988-04-12,-0.07559497654438019
1988-04-13,-0.06656652688980103
1988-04-14,-0.05632583424448967
1988-04-15,-0.0592968687415123
1988-04-16,-0.04507750645279884
1988-04-17,-0.005800992250442505
1988-04-18,-0.004353525582700968
1988-04-19,-0.02582886815071106
1988-04-20,-0.004662034101784229
1988-04-21,-0.016395172104239464
1988-04-22,-0.037026140838861465
1988-04-23,-0.04793163016438484
1988-04-24,-0.02712837979197502
1988-04-25,-0.020559901371598244
1988-04-26,-0.018766062334179878
1988-04-27,-0.03889032080769539
1988-04-28,-0.014236848801374435
1988-04-29,-0.0008740425109863281
1988-04-30,0.018878422677516937
1988-05-01,0.040843553841114044
1988-05-02,0.045909468084573746
1988-05-03,0.0630704015493393
1988-05-04,0.07497978955507278
1988-05-05,0.08455923944711685
1988-05-06,0.0740712508559227
1988-05-07,0.04381244629621506
1988-05-08,0.049308739602565765
1988-05-09,0.07308094948530197
1988-05-10,0.06437143683433533
1988-05-11,0.05414019525051117
1988-05-12,0.05439475551247597
1988-05-13,0.06016918271780014
1988-05-14,0.037233807146549225
1988-05-15,0.047177933156490326
1988-05-16,0.05793024227023125
1988-05-17,0.06296558678150177
1988-05-18,0.06959030777215958
1988-05-19,0.05735302343964577
1988-05-20,0.08969537913799286
1988-05-21,0.09000733494758606
1988-05-22,0.09507422149181366
1988-05-23,0.07109154760837555
1988-05-24,0.07896282523870468
1988-05-25,0.06832081824541092
1988-05-26,0.06944961845874786
1988-05-27,0.056776709854602814
1988-05-28,0.05113253369927406
1988-05-29,0.06255657970905304
1988-05-30,0.060825616121292114
1988-05-31,0.07362473011016846
1988-06-01,0.085518479347229
1988-06-02,0.104685939848423
1988-06-03,0.111246757209301
1988-06-04,0.1022731363773346
1988-06-05,0.11811254173517227
1988-06-06,0.12936721742153168
1988-06-07,0.118301160633564
1988-06-08,0.11352268606424332
1988-06-09,0.14304843544960022
1988-06-10,0.1418251395225525
1988-06-11,0.1306888610124588
1988-06-12,0.13790468871593475
1988-06-13,0.13685891032218933
1988-06-14,0.13086006045341492
1988-06-15,0.12365488708019257
1988-06-16,0.0946667492389679
1988-06-17,0.10286317765712738
1988-06-18,0.11946947872638702
1988-06-19,0.10880248993635178
1988-06-20,0.11112329363822937
1988-06-21,0.11218765377998352
1988-06-22,0.10853240638971329
1988-06-23,0.12604808807373047
1988-06-24,0.11906450241804123
1988-06-25,0.11848101764917374
1988-06-26,0.14174212515354156
1988-06-27,0.15947820246219635
1988-06-28,0.15371496975421906
1988-06-29,0.13763299584388733
1988-06-30,0.1373150795698166
1988-07-01,0.12220856547355652
1988-07-02,0.12159077823162079
1988-07-03,0.12852743268013
1988-07-04,0.1521962285041809
1988-07-05,0.1861189305782318
1988-07-06,0.19757592678070068
1988-07-07,0.18753446638584137
1988-07-08,0.16052186489105225
1988-07-09,0.16367410123348236
1988-07-10,0.16473403573036194
1988-07-11,0.16127242147922516
1988-07-12,0.17769430577754974
1988-07-13,0.15474264323711395
1988-07-14,0.1454283744096756
1988-07-15,0.1478457748889923
1988-07-16,0.14387905597686768
1988-07-17,0.15243420004844666
1988-07-18,0.10554274916648865
1988-07-19,0.15528206527233124
1988-07-20,0.13295070827007294
1988-07-21,0.12931987643241882
1988-07-22,0.1312713772058487
1988-07-23,0.13587383925914764
1988-07-24,0.10653822124004364
1988-07-25,0.10943783819675446
1988-07-26,0.1159212589263916
1988-07-27,0.1343661993741989
1988-07-28,0.14244621992111206
1988-07-29,0.13411368429660797
1988-07-30,0.10525071620941162
1988-07-31,0.10800809413194656
1988-08-01,0.1170024648308754
1988-08-02,0.090375617146492
1988-08-03,0.08383619785308838
1988-08-04,0.09433012455701828
1988-08-05,0.05407341569662094
1988-08-06,0.07048700749874115
1988-08-07,0.07200092077255249
1988-08-08,0.05177603289484978
1988-08-09,0.04658213257789612
1988-08-10,0.03496556729078293
1988-08-11,0.05837777629494667
1988-08-12,0.05015438050031662
1988-08-13,0.04078701138496399
1988-08-14,0.07527724653482437
1988-08-15,0.08086269348859787
1988-08-16,0.06465952098369598
1988-08-17,0.04237089678645134
1988-08-18,0.03677301108837128
1988-08-19,0.04964622110128403
1988-08-20,0.05865510553121567
1988-08-21,0.0563821978867054
1988-08-22,0.0707387626171112
1988-08-23,0.055940575897693634
1988-08-24,0.03784455358982086
1988-08-25,0.042730722576379776
1988-08-26,0.05943779647350311
1988-08-27,0.07607705891132355
1988-08-28,0.10179424285888672
1988-08-29,0.11112550646066666
1988-08-30,0.10032275319099426
1988-08-31,0.08517733961343765
1988-09-01,0.06528173387050629
1988-09-02,0.03579384461045265
1988-09-03,0.040662191808223724
1988-09-04,0.04888278618454933
1988-09-05,0.06484823673963547
1988-09-06,0.0653020590543747
1988-09-07,0.06477566063404083
1988-09-08,0.0670478418469429
1988-09-09,0.06228087842464447
1988-09-10,0.02686426043510437
1988-09-11,0.05340895801782608
1988-09-12,0.0780438780784607
1988-09-13,0.06915789097547531
1988-09-14,0.07700697332620621
1988-09-15,0.08145691454410553
1988-09-16,0.07774908095598221
1988-09-17,0.06221320480108261
1988-09-18,0.0858808234333992
1988-09-19,0.09745317697525024
1988-09-20,0.0903502106666565
1988-09-21,0.08266148716211319
1988-09-22,0.06186433881521225
1988-09-23,0.04628019407391548
1988-09-24,0.05846580117940903
1988-09-25,0.061288829892873764
1988-09-26,0.0497405081987381
1988-09-27,0.02911948785185814
1988-09-28,0.039553817361593246
1988-09-29,0.04377531632781029
1988-09-30,0.007394297514110804
1988-10-01,0.027701890096068382
1988-10-02,0.03174498677253723
1988-10-03,0.04614066332578659
1988-10-04,0.04505312070250511
1988-10-05,0.047923795878887177
1988-10-06,0.03421572595834732
1988-10-07,0.044049222022295
1988-10-08,0.04149822145700455
1988-10-09,0.03468209505081177
1988-10-10,0.044362977147102356
1988-10-11,0.048459816724061966
1988-10-12,0.033093132078647614
1988-10-13,0.02884242683649063
1988-10-14,0.0057592131197452545
1988-10-15,-0.003523093182593584
1988-10-16,-0.018233926966786385
1988-10-17,0.018928304314613342
1988-10-18,-0.0023408751003444195
1988-10-19,-0.018883684650063515
1988-10-20,-0.048124488443136215
1988-10-21,-0.0028569514397531748
1988-10-22,0.012256095185875893
1988-10-23,0.023069296032190323
1988-10-24,0.03536740317940712
1988-10-25,0.01843983493745327
1988-10-26,0.020812418311834335
1988-10-27,0.03170998767018318
1988-10-28,-0.005755213089287281
1988-10-29,-0.008966113440692425
1988-10-30,-0.020699385553598404
1988-10-31,-0.00113853276707232
1988-11-01,-0.02640589512884617
1988-11-02,-0.030785731971263885
1988-11-03,-0.03467250242829323
1988-11-04,-0.03698057308793068
1988-11-05,-0.060630105435848236
1988-11-06,-0.05935494229197502
1988-11-07,-0.04610105976462364
1988-11-08,-0.03953669220209122
1988-11-09,-0.05197080224752426
1988-11-10,-0.05329153314232826
1988-11-11,-0.04268272593617439
1988-11-12,-0.051785532385110855
1988-11-13,-0.019099188968539238
1988-11-14,-0.012644266709685326
1988-11-15,-0.04130864515900612
1988-11-16,-0.058842889964580536
1988-11-17,-0.06578671187162399
1988-11-18,-0.0691341757774353
1988-11-19,-0.05799778550863266
1988-11-20,-0.06301181018352509
1988-11-21,-0.05991993471980095
1988-11-22,-0.0577409528195858
1988-11-23,-0.044549163430929184
1988-11-24,-0.04647001624107361
1988-11-25,-0.025194944813847542
1988-11-26,-0.01952355168759823
1988-11-27,0.013284468092024326
1988-11-28,0.0264296717941761
1988-11-29,0.035807568579912186
1988-11-30,0.03871830552816391
1988-12-01,0.05262158811092377
1988-12-02,0.03719992935657501
1988-12-03,0.04314582794904709
1988-12-04,0.06896749883890152
1988-12-05,0.0605439618229866
1988-12-06,0.049189966171979904
1988-12-07,0.08520083129405975
1988-12-08,0.09224238991737366
1988-12-09,0.05026601627469063
1988-12-10,0.06926525384187698
1988-12-11,0.04961922764778137
1988-12-12,0.028772005811333656
1988-12-13,0.01686626486480236
1988-12-14,0.02201143652200699
1988-12-15,0.020275169983506203
1988-12-16,0.01849076896905899
1988-12-17,0.0018314741319045424
1988-12-18,-0.005861077923327684
1988-12-19,0.004726664628833532
1988-12-20,-0.00282864598557353
1988-12-21,-0.009190447628498077
1988-12-22,0.021140852943062782
1988-12-23,-0.00744063314050436
1988-12-24,0.003333856351673603
1988-12-25,0.002000165870413184
1988-12-26,0.044678982347249985
1988-12-27,0.03152475133538246
1988-12-28,0.039135292172431946
1988-12-29,0.030107885599136353
1988-12-30,0.031170913949608803
1988-12-31,0.04525097832083702
1989-01-01,0.056521546095609665
1989-01-02,0.046657755970954895
1989-01-03,0.06209126487374306
1989-01-04,0.062466997653245926
1989-01-05,0.07851932942867279
1989-01-06,0.07111480832099915
1989-01-07,0.05421973764896393
1989-01-08,0.03197344392538071
1989-01-09,0.03927123174071312
1989-01-10,0.04303676635026932
1989-01-11,0.031906452029943466
1989-01-12,0.05693879723548889
1989-01-13,0.04607575386762619
1989-01-14,0.04764255881309509
1989-01-15,0.0561818890273571
1989-01-16,0.08255257457494736
1989-01-17,0.08541744947433472
1989-01-18,0.06414949893951416
1989-01-19,0.0670839250087738
1989-01-20,0.07526597380638123
1989-01-21,0.08428626507520676
1989-01-22,0.10098445415496826
1989-01-23,0.10147637873888016
1989-01-24,0.0964515283703804
1989-01-25,0.09712687134742737
1989-01-26,0.0990808978676796
1989-01-27,0.1122954785823822
1989-01-28,0.13109593093395233
1989-01-29,0.11420512199401855
1989-01-30,0.12017905712127686
1989-01-31,0.1073925569653511
1989-02-01,0.10753845423460007
1989-02-02,0.11071600764989853
1989-02-03,0.12065833061933517
1989-02-04,0.13001440465450287
1989-02-05,0.1295713186264038
1989-02-06,0.12825080752372742
1989-02-07,0.14330928027629852
1989-02-08,0.13697396218776703
1989-02-09,0.12188464403152466
1989-02-10,0.1423429250717163
1989-02-11,0.13663724064826965
1989-02-12,0.13892008364200592
1989-02-13,0.15177549421787262
1989-02-14,0.1671416312456131
1989-02-15,0.16692201793193817
1989-02-16,0.17131343483924866
1989-02-17,0.17125463485717773
1989-02-18,0.15647266805171967
1989-02-19,0.15238098800182343
1989-02-20,0.1416657567024231
1989-02-21,0.16817772388458252
1989-02-22,0.14188672602176666
1989-02-23,0.13748125731945038
1989-02-24,0.1354043036699295
1989-02-25,0.11382986605167389
1989-02-26,0.1062002182006836
1989-02-27,0.1084982231259346
1989-02-28,0.10238128900527954
1989-03-01,0.07211307436227798
1989-03-02,0.07823531329631805
1989-03-03,0.07076160609722137
1989-03-04,0.07115238904953003
1989-03-05,0.10099770128726959
1989-03-06,0.11211583018302917
1989-03-07,0.11744428426027298
1989-03-08,0.12887567281723022
1989-03-09,0.1269126832485199
1989-03-10,0.13353361189365387
1989-03-11,0.10021928697824478
1989-03-12,0.10487881302833557
1989-03-13,0.11694484949111938
1989-03-14,0.10704129934310913
1989-03-15,0.0988587737083435
1989-03-16,0.10480193793773651
1989-03-17,0.09505831450223923
1989-03-18,0.06826736032962799
1989-03-19,0.0605035200715065
1989-03-20,0.07163491100072861
1989-03-21,0.06463926285505295
1989-03-22,0.05511854216456413
1989-03-23,0.047514062374830246
1989-03-24,0.03302157670259476
1989-03-25,0.029780659824609756
1989-03-26,0.06356202065944672
1989-03-27,0.0645037442445755
1989-03-28,0.0545523501932621
1989-03-29,0.03520219027996063
1989-03-30,0.05584805831313133
1989-03-31,0.059618644416332245
1989-04-01,0.05772028863430023
1989-04-02,0.05205518752336502
1989-04-03,0.04221130907535553
1989-04-04,0.0351056233048439
1989-04-05,0.03720474615693092
1989-04-06,0.029911212623119354
1989-04-07,-0.0105616245418787
1989-04-08,-0.026928333565592766
1989-04-09,-0.036816392093896866
1989-04-10,-0.02156994305551052
1989-04-11,-0.006384437438100576
1989-04-12,-0.0007378339068964124
1989-04-13,-0.00230536051094532
1989-04-14,-0.0038742590695619583
1989-04-15,0.0033889568876475096
1989-04-16,0.02105824276804924
1989-04-17,0.04262303188443184
1989-04-18,0.03704399988055229
1989-04-19,0.038735970854759216
1989-04-20,0.03010420687496662
1989-04-21,0.03139645606279373
1989-04-22,0.029096581041812897
1989-04-23,0.01976211927831173
1989-04-24,0.006802327465265989
1989-04-25,-0.00383588089607656
1989-04-26,0.012658361345529556
1989-04-27,0.0013295005774125457
1989-04-28,0.002026474568992853
1989-04-29,0.01607036404311657
1989-04-30,0.013584627769887447
1989-05-01,0.0352180041372776
1989-05-02,0.03065246157348156
1989-05-03,0.048678286373615265
1989-05-04,0.050477128475904465
1989-05-05,0.04479583725333214
1989-05-06,0.02264651656150818
1989-05-07,0.015097475610673428
1989-05-08,0.0041999961249530315
1989-05-09,0.013148803263902664
1989-05-10,-0.001663115806877613
1989-05-11,-0.018956219777464867
1989-05-12,-0.029533207416534424
1989-05-13,-0.02124999277293682
1989-05-14,-0.02207394689321518
1989-05-15,-0.018284134566783905
1989-05-16,-0.0019466252997517586
1989-05-17,0.032478708773851395
1989-05-18,0.031814251095056534
1989-05-19,0.030585993081331253
1989-05-20,0.009249347262084484
1989-05-21,0.034198712557554245
1989-05-22,0.05097833648324013
1989-05-23,0.03930820897221565
1989-05-24,0.071732297539711
1989-05-25,0.08525458723306656
1989-05-26,0.05794669687747955
1989-05-27,0.024979393929243088
1989-05-28,0.022599030286073685
1989-05-29,0.016492435708642006
1989-05-30,-0.03858153149485588
1989-05-31,-0.026386508718132973
1989-06-01,-0.020497512072324753
1989-06-02,-0.03669535368680954
1989-06-03,-0.053694553673267365
1989-06-04,-0.04396427795290947
1989-06-05,-0.033764805644750595
1989-06-06,-0.018908686935901642
1989-06-07,-0.010546013712882996
1989-06-08,0.009942428208887577
1989-06-09,0.022198157384991646
1989-06-10,0.03851460665464401
1989-06-11,0.03743268921971321
1989-06-12,0.03556700423359871
1989-06-13,0.0509222112596035
1989-06-14,0.050940897315740585
1989-06-15,0.05253220349550247
1989-06-16,0.0477953664958477
1989-06-17,0.02628174051642418
1989-06-18,0.036292243748903275
1989-06-19,0.04021161049604416
1989-06-20,0.04539507254958153
1989-06-21,0.04373331367969513
1989-06-22,0.02164088375866413
1989-06-23,0.029351623728871346
1989-06-24,0.0511007085442543
1989-06-25,0.07134857773780823
1989-06-26,0.07128426432609558
1989-06-27,0.0786503255367279
1989-06-28,0.07990576326847076
1989-06-29,0.07883740216493607
1989-06-30,0.06168113276362419
1989-07-01,0.03863894194364548
1989-07-02,0.036555591970682144
1989-07-03,0.05158047750592232
1989-07-04,0.09369102865457535
1989-07-05,0.10828346014022827
1989-07-06,0.0991814136505127
1989-07-07,0.10479862242937088
1989-07-08,0.09566429257392883
1989-07-09,0.11458304524421692
1989-07-10,0.13743939995765686
1989-07-11,0.12775789201259613
1989-07-12,0.11410775035619736
1989-07-13,0.11070743203163147
1989-07-14,0.07526710629463196
1989-07-15,0.04037117958068848
1989-07-16,0.05608302727341652
1989-07-17,0.057221826165914536
1989-07-18,0.052160799503326416
1989-07-19,0.04109230637550354
1989-07-20,0.04357777535915375
1989-07-21,0.051044024527072906
1989-07-22,0.043672800064086914
1989-07-23,0.06475535035133362
1989-07-24,0.08150587975978851
1989-07-25,0.12878134846687317
1989-07-26,0.09839798510074615
1989-07-27,0.09720617532730103
1989-07-28,0.06209494173526764
1989-07-29,0.07437855005264282
1989-07-30,0.07646600157022476
1989-07-31,0.08680687844753265
1989-08-01,0.09700670093297958
1989-08-02,0.09854409098625183
1989-08-03,0.11069250851869583
1989-08-04,0.08450722694396973
1989-08-05,0.0860336646437645
1989-08-06,0.10096464306116104
1989-08-07,0.11075864732265472
1989-08-08,0.09050434827804565
1989-08-09,0.07381366193294525
1989-08-10,0.08634940534830093
1989-08-11,0.10364945232868195
1989-08-12,0.09821878373622894
1989-08-13,0.06368177384138107
1989-08-14,0.044991638511419296
1989-08-15,0.007817035540938377
1989-08-16,0.022633535787463188
1989-08-17,-0.001515048323199153
1989-08-18,-0.004752649459987879
1989-08-19,0.0009423046722076833
1989-08-20,0.009124389849603176
1989-08-21,0.007933452725410461
1989-08-22,-0.03219792619347572
1989-08-23,-0.06296016275882721
1989-08-24,-0.06412152200937271
1989-08-25,-0.08884866535663605
1989-08-26,-0.1419050097465515
1989-08-27,-0.14321523904800415
1989-08-28,-0.12683352828025818
1989-08-29,-0.1444467306137085
1989-08-30,-0.13292895257472992
1989-08-31,-0.12078358232975006
1989-09-01,-0.11422127485275269
1989-09-02,-0.10518059134483337
1989-09-03,-0.10113152861595154
1989-09-04,-0.09883758425712585
1989-09-05,-0.0875106006860733
1989-09-06,-0.08612499386072159
1989-09-07,-0.09707063436508179
1989-09-08,-0.09009668976068497
1989-09-09,-0.11276628077030182
1989-09-10,-0.07295937836170197
1989-09-11,-0.06276686489582062
1989-09-12,-0.06440357118844986
1989-09-13,-0.06553512066602707
1989-09-14,-0.03109091892838478
1989-09-15,-0.031369999051094055
1989-09-16,-0.03173352777957916
1989-09-17,-0.0055565303191542625
1989-09-18,0.005735738202929497
1989-09-19,-0.001657120999880135
1989-09-20,-0.011428295634686947
1989-09-21,0.0017075305804610252
1989-09-22,0.003336310386657715
1989-09-23,0.013133132830262184
1989-09-24,0.016897762194275856
1989-09-25,0.00911338347941637
1989-09-26,0.005350600462406874
1989-09-27,0.018780838698148727
1989-09-28,0.021228749305009842
1989-09-29,0.049498915672302246
1989-09-30,0.08093813061714172
1989-10-01,0.10250294953584671
1989-10-02,0.12608976662158966
1989-10-03,0.12183263897895813
1989-10-04,0.1390945166349411
1989-10-05,0.14571210741996765
1989-10-06,0.14535123109817505
1989-10-07,0.1393347531557083
1989-10-08,0.15966589748859406
1989-10-09,0.17150327563285828
1989-10-10,0.16258442401885986
1989-10-11,0.1375860720872879
1989-10-12,0.13345107436180115
1989-10-13,0.12949387729167938
1989-10-14,0.11832515150308609
1989-10-15,0.09829790145158768
1989-10-16,0.08235503733158112
1989-10-17,0.05568515509366989
1989-10-18,0.04549428075551987
1989-10-19,0.025008440017700195
1989-10-20,0.03097040392458439
1989-10-21,0.05376586318016052
1989-10-22,0.07255839556455612
1989-10-23,0.050673454999923706
1989-10-24,0.0302602406591177
1989-10-25,0.016998928040266037
1989-10-26,0.028868263587355614
1989-10-27,0.027247415855526924
1989-10-28,0.011243153363466263
1989-10-29,-0.0008495274814777076
1989-10-30,0.014389896765351295
1989-10-31,0.0032896886114031076
1989-11-01,0.0070362696424126625
1989-11-02,0.006095052231103182
1989-11-03,-0.00890889298170805
1989-11-04,-0.018362095579504967
1989-11-05,-0.025003481656312943
1989-11-06,-0.025684965774416924
1989-11-07,-0.028819547966122627
1989-11-08,-0.024193687364459038
1989-11-09,-0.015635168179869652
1989-11-10,-0.009585141204297543
1989-11-11,0.008744520135223866
1989-11-12,0.013829187490046024
1989-11-13,0.045779112726449966
1989-11-14,0.08010940253734589
1989-11-15,0.09471917897462845
1989-11-16,0.06772606819868088
1989-11-17,0.06765968352556229
1989-11-18,0.03716445341706276
1989-11-19,0.06587532162666321
1989-11-20,0.05194618180394173
1989-11-21,0.030912432819604874
1989-11-22,0.02254253439605236
1989-11-23,0.009341050870716572
1989-11-24,0.0228571854531765
1989-11-25,0.008125114254653454
1989-11-26,-0.008162043057382107
1989-11-27,-0.0010232842760160565
1989-11-28,0.006539085414260626
1989-11-29,0.02351824939250946
1989-11-30,-0.0016764200991019607
1989-12-01,0.019696133211255074
1989-12-02,0.005664857104420662
1989-12-03,0.024901272729039192
1989-12-04,0.048246465623378754
1989-12-05,0.053442854434251785
1989-12-06,0.051367226988077164
1989-12-07,0.04881879687309265
1989-12-08,0.035723067820072174
1989-12-09,0.024845948442816734
1989-12-10,0.05172964558005333
1989-12-11,0.06692925840616226
1989-12-12,0.07750149816274643
1989-12-13,0.04792315512895584
1989-12-14,0.0501127727329731
1989-12-15,0.03882836923003197
1989-12-16,0.006667915731668472
1989-12-17,0.010760992765426636
1989-12-18,0.015553672797977924
1989-12-19,0.002256173174828291
1989-12-20,-0.02627796307206154
1989-12-21,-0.028578132390975952
1989-12-22,-0.00922235194593668
1989-12-23,0.014369279146194458
1989-12-24,0.023283671587705612
1989-12-25,0.04163254052400589
1989-12-26,0.05645885318517685
1989-12-27,0.07090207189321518
1989-12-28,0.0802287757396698
1989-12-29,0.08232349902391434
1989-12-30,0.07095033675432205
1989-12-31,0.05519828200340271
1990-01-01,0.06255343556404114
1990-01-02,0.03063126839697361
1990-01-03,0.03298977017402649
1990-01-04,0.02439185418188572
1990-01-05,0.04652884230017662
1990-01-06,0.03591929003596306
1990-01-07,0.052043478935956955
1990-01-08,0.071174256503582
1990-01-09,0.07130266726016998
1990-01-10,0.05647466704249382
1990-01-11,0.06406228989362717
1990-01-12,0.06744682788848877
1990-01-13,0.0685616210103035
1990-01-14,0.0840572640299797
1990-01-15,0.1024470329284668
1990-01-16,0.10806422680616379
1990-01-17,0.09698285907506943
1990-01-18,0.07368355244398117
1990-01-19,0.07823718339204788
1990-01-20,0.06276047229766846
1990-01-21,0.06335441768169403
1990-01-22,0.07015625387430191
1990-01-23,0.07537802308797836
1990-01-24,0.07230523228645325
1990-01-25,0.06175076216459274
1990-01-26,0.049045629799366
1990-01-27,0.06546595692634583
1990-01-28,0.06958411633968353
1990-01-29,0.06113951653242111
1990-01-30,0.07600590586662292
1990-01-31,0.06471817940473557
1990-02-01,0.06894175708293915
1990-02-02,0.05894356966018677
1990-02-03,0.06346544623374939
1990-02-04,0.08141884207725525
1990-02-05,0.07581699639558792
1990-02-06,0.046775102615356445
1990-02-07,0.07034309953451157
1990-02-08,0.08016123622655869
1990-02-09,0.06487872451543808
1990-02-10,0.06827635318040848
1990-02-11,0.06408576667308807
1990-02-12,0.09722798317670822
1990-02-13,0.11504612863063812
1990-02-14,0.0982399731874466
1990-02-15,0.10362228006124496
1990-02-16,0.07968078553676605
1990-02-17,0.07706883549690247
1990-02-18,0.06116979569196701
1990-02-19,0.054308854043483734
1990-02-20,0.03716124966740608
1990-02-21,0.021770622581243515
1990-02-22,0.011818474158644676
1990-02-23,0.012816610746085644
1990-02-24,0.0240582674741745
1990-02-25,0.049619968980550766
1990-02-26,0.03516831994056702
1990-02-27,0.031073732301592827
1990-02-28,0.04481422156095505
1990-03-01,0.058325350284576416
1990-03-02,0.04716279357671738
1990-03-03,0.041126642376184464
1990-03-04,0.06028998643159866
1990-03-05,0.07791654765605927
1990-03-06,0.07227364927530289
1990-03-07,0.08687090128660202
1990-03-08,0.06882533431053162
1990-03-09,0.04978479444980621
1990-03-10,0.04857165366411209
1990-03-11,0.05565546080470085
1990-03-12,0.05555509775876999
1990-03-13,0.039722297340631485
1990-03-14,0.03470293805003166
1990-03-15,0.04840903356671333
1990-03-16,0.008204247802495956
1990-03-17,0.015195141546428204
1990-03-18,0.009767505340278149
1990-03-19,0.015076735988259315
1990-03-20,-0.01339791901409626
1990-03-21,-0.014783799648284912
1990-03-22,-0.01347692497074604
1990-03-23,-0.018854347988963127
1990-03-24,0.005360704846680164
1990-03-25,0.009007591754198074
1990-03-26,0.021062040701508522
1990-03-27,0.0247636828571558
1990-03-28,0.029650893062353134
1990-03-29,0.03523029014468193
1990-03-30,0.043890178203582764
1990-03-31,0.017383236438035965
1990-04-01,0.021627064794301987
1990-04-02,0.005043019540607929
1990-04-03,-0.006587490439414978
1990-04-04,-0.0007673211512155831
1990-04-05,0.0020070497412234545
1990-04-06,-0.002693614922463894
1990-04-07,-0.012341595254838467
1990-04-08,0.0012776622315868735
1990-04-09,0.027884241193532944
1990-04-10,0.020054077729582787
1990-04-11,0.020817870274186134
1990-04-12,-0.004488267935812473
1990-04-13,-0.0031035025604069233
1990-04-14,0.012292856350541115
1990-04-15,0.01598312333226204
1990-04-16,0.005183626431971788
1990-04-17,0.019090693444013596
1990-04-18,0.015343863517045975
1990-04-19,0.02543790638446808
1990-04-20,0.006146266125142574
1990-04-21,0.0034026254434138536
1990-04-22,0.02296466939151287
1990-04-23,0.05381656065583229
1990-04-24,0.047141045331954956
1990-04-25,0.05264952406287193
1990-04-26,0.03990583494305611
1990-04-27,0.04799443483352661
1990-04-28,0.021310674026608467
1990-04-29,0.00887210015207529
1990-04-30,0.004329434596002102
1990-05-01,-0.019050398841500282
1990-05-02,-0.02763323299586773
1990-05-03,-0.007419096305966377
1990-05-04,-0.01093524694442749
1990-05-05,-0.03524976968765259
1990-05-06,-0.027722839266061783
1990-05-07,-0.017450544983148575
1990-05-08,-0.00721818208694458
1990-05-09,-0.02829732559621334
1990-05-10,-0.02807709388434887
1990-05-11,-0.04665971174836159
1990-05-12,-0.051108770072460175
1990-05-13,-0.03582596406340599
1990-05-14,-0.045683011412620544
1990-05-15,-0.03776278719305992
1990-05-16,-0.03996213153004646
1990-05-17,-0.030105434358119965
1990-05-18,-0.048441700637340546
1990-05-19,-0.06898649781942368
1990-05-20,-0.07303646951913834
1990-05-21,-0.0799846276640892
1990-05-22,-0.029753124341368675
1990-05-23,-0.051215797662734985
1990-05-24,-0.06033850461244583
1990-05-25,-0.05153500661253929
1990-05-26,-0.029681917279958725
1990-05-27,-0.029607560485601425
1990-05-28,-0.020025182515382767
1990-05-29,-0.016164183616638184
1990-05-30,-0.005185374990105629
1990-05-31,0.0009759447420947254
1990-06-01,-0.022662034258246422
1990-06-02,-0.019414741545915604
1990-06-03,-0.01578547991812229
1990-06-04,0.007326318416744471
1990-06-05,0.0014774550218135118
1990-06-06,0.027545331045985222
1990-06-07,0.03407445549964905
1990-06-08,0.051769595593214035
1990-06-09,0.03490295261144638
1990-06-10,0.04385947808623314
1990-06-11,0.06463183462619781
1990-06-12,0.0778965875506401
1990-06-13,0.09182020276784897
1990-06-14,0.03728930279612541
1990-06-15,0.04482986405491829
1990-06-16,0.03625698760151863
1990-06-17,0.061609141528606415
1990-06-18,0.05332754924893379
1990-06-19,0.0826934203505516
1990-06-20,0.08227479457855225
1990-06-21,0.07280313968658447
1990-06-22,0.049899592995643616
1990-06-23,0.06433245539665222
1990-06-24,0.10653176158666611
1990-06-25,0.11255460232496262
1990-06-26,0.09427700191736221
1990-06-27,0.0885835587978363
1990-06-28,0.08950689435005188
1990-06-29,0.1070355623960495
1990-06-30,0.12653326988220215
1990-07-01,0.12928415834903717
1990-07-02,0.12376340478658676
1990-07-03,0.10990031808614731
1990-07-04,0.07855512946844101
1990-07-05,0.0993993803858757
1990-07-06,0.11181449890136719
1990-07-07,0.10355979204177856
1990-07-08,0.08400915563106537
1990-07-09,0.09506446868181229
1990-07-10,0.0860075056552887
1990-07-11,0.07489780336618423
1990-07-12,0.09257122874259949
1990-07-13,0.10766567289829254
1990-07-14,0.08922900259494781
1990-07-15,0.07964760810136795
1990-07-16,0.07073777914047241
1990-07-17,0.02588903345167637
1990-07-18,6.5370463744329754e-06
1990-07-19,-0.011468949727714062
1990-07-20,0.0039401282556355
1990-07-21,-0.0012367069721221924
1990-07-22,-0.003091224003583193
1990-07-23,-0.027943195775151253
1990-07-24,-0.04096676781773567
1990-07-25,-0.04842333123087883
1990-07-26,-0.04139389842748642
1990-07-27,-0.04789021611213684
1990-07-28,-0.05384683981537819
1990-07-29,-0.06926742196083069
1990-07-30,-0.05323045700788498
1990-07-31,-0.07642167806625366
1990-08-01,-0.09204541146755219
1990-08-02,-0.08894727379083633
1990-08-03,-0.12706410884857178
1990-08-04,-0.15591050684452057
1990-08-05,-0.13784481585025787
1990-08-06,-0.11957374215126038
1990-08-07,-0.15108422935009003
1990-08-08,-0.1854877471923828
1990-08-09,-0.18580931425094604
1990-08-10,-0.12824422121047974
1990-08-11,-0.1602325737476349
1990-08-12,-0.13937318325042725
1990-08-13,-0.1664825826883316
1990-08-14,-0.17303092777729034
1990-08-15,-0.17792953550815582
1990-08-16,-0.17009104788303375
1990-08-17,-0.1800452023744583
1990-08-18,-0.24163848161697388
1990-08-19,-0.24510161578655243
1990-08-20,-0.2380005121231079
1990-08-21,-0.24527506530284882
1990-08-22,-0.22618471086025238
1990-08-23,-0.21376723051071167
1990-08-24,-0.25343289971351624
1990-08-25,-0.2200188785791397
1990-08-26,-0.21844492852687836
1990-08-27,-0.22806167602539062
1990-08-28,-0.24043282866477966
1990-08-29,-0.2584472596645355
1990-08-30,-0.2578260004520416
1990-08-31,-0.25594714283943176
1990-09-01,-0.24888303875923157
1990-09-02,-0.26885175704956055
1990-09-03,-0.2523772418498993
1990-09-04,-0.27104541659355164
1990-09-05,-0.26474857330322266
1990-09-06,-0.23609425127506256
1990-09-07,-0.23758858442306519
1990-09-08,-0.26029637455940247
1990-09-09,-0.25014644861221313
1990-09-10,-0.22786428034305573
1990-09-11,-0.2416316121816635
1990-09-12,-0.2414531111717224
1990-09-13,-0.2287762463092804
1990-09-14,-0.23652403056621552
1990-09-15,-0.2554967999458313
1990-09-16,-0.24392539262771606
1990-09-17,-0.2061806172132492
1990-09-18,-0.2192654311656952
1990-09-19,-0.23096030950546265
1990-09-20,-0.23923125863075256
1990-09-21,-0.2439628690481186
1990-09-22,-0.25399795174598694
1990-09-23,-0.25582730770111084
1990-09-24,-0.26586198806762695
1990-09-25,-0.2939479351043701
1990-09-26,-0.3231350779533386
1990-09-27,-0.3275441527366638
1990-09-28,-0.3061450719833374
1990-09-29,-0.28952765464782715
1990-09-30,-0.28565940260887146
1990-10-01,-0.2803352177143097
1990-10-02,-0.26013535261154175
1990-10-03,-0.2479528933763504
1990-10-04,-0.24199484288692474
1990-10-05,-0.2578524649143219
1990-10-06,-0.27997973561286926
1990-10-07,-0.2916603982448578
1990-10-08,-0.2897562086582184
1990-10-09,-0.29271671175956726
1990-10-10,-0.2626952826976776
1990-10-11,-0.26244035363197327
1990-10-12,-0.23653264343738556
1990-10-13,-0.21943409740924835
1990-10-14,-0.2137306034564972
1990-10-15,-0.21950875222682953
1990-10-16,-0.21058987081050873
1990-10-17,-0.20219995081424713
1990-10-18,-0.1989484578371048
1990-10-19,-0.20693661272525787
1990-10-20,-0.19841645658016205
1990-10-21,-0.2041880488395691
1990-10-22,-0.19675122201442719
1990-10-23,-0.19273054599761963
1990-10-24,-0.20330260694026947
1990-10-25,-0.19033831357955933
1990-10-26,-0.17579634487628937
1990-10-27,-0.1579034924507141
1990-10-28,-0.15417224168777466
1990-10-29,-0.15610456466674805
1990-10-30,-0.167228102684021
1990-10-31,-0.15895365178585052
1990-11-01,-0.15882647037506104
1990-11-02,-0.1839057207107544
1990-11-03,-0.2015453428030014
1990-11-04,-0.1835649162530899
1990-11-05,-0.1985672116279602
1990-11-06,-0.16695040464401245
1990-11-07,-0.16834737360477448
1990-11-08,-0.17152538895606995
1990-11-09,-0.17376184463500977
1990-11-10,-0.19375959038734436
1990-11-11,-0.18986086547374725
1990-11-12,-0.19220784306526184
1990-11-13,-0.21431434154510498
1990-11-14,-0.2347150593996048
1990-11-15,-0.22158659994602203
1990-11-16,-0.2280881553888321
1990-11-17,-0.23086780309677124
1990-11-18,-0.2291250079870224
1990-11-19,-0.22766517102718353
1990-11-20,-0.22672998905181885
1990-11-21,-0.22137562930583954
1990-11-22,-0.2255101203918457
1990-11-23,-0.2456866204738617
1990-11-24,-0.24380308389663696
1990-11-25,-0.23572766780853271
1990-11-26,-0.25874027609825134
1990-11-27,-0.2667904496192932
1990-11-28,-0.2414029985666275
1990-11-29,-0.23368816077709198
1990-11-30,-0.23833149671554565
1990-12-01,-0.250265508890152
1990-12-02,-0.23045635223388672
1990-12-03,-0.23606128990650177
1990-12-04,-0.28326570987701416
1990-12-05,-0.2715514004230499
1990-12-06,-0.27264460921287537
1990-12-07,-0.2813216745853424
1990-12-08,-0.29130661487579346
1990-12-09,-0.2759225368499756
1990-12-10,-0.2368062287569046
1990-12-11,-0.23804284632205963
1990-12-12,-0.24284398555755615
1990-12-13,-0.2291688472032547
1990-12-14,-0.23698580265045166
1990-12-15,-0.2485632598400116
1990-12-16,-0.23653919994831085
1990-12-17,-0.25553610920906067
1990-12-18,-0.27304404973983765
1990-12-19,-0.2721298336982727
1990-12-20,-0.24537380039691925
1990-12-21,-0.22699607908725739
1990-12-22,-0.22028498351573944
1990-12-23,-0.2262684851884842
1990-12-24,-0.24867606163024902
1990-12-25,-0.19552624225616455
1990-12-26,-0.19465668499469757
1990-12-27,-0.2013322412967682
1990-12-28,-0.2157747596502304
1990-12-29,-0.2122388482093811
1990-12-30,-0.21678724884986877
1990-12-31,-0.19541822373867035
1991-01-01,-0.20833182334899902
1991-01-02,-0.24048452079296112
1991-01-03,-0.25117921829223633
1991-01-04,-0.2513951361179352
1991-01-05,-0.2748936414718628
1991-01-06,-0.2757192552089691
1991-01-07,-0.28163206577301025
1991-01-08,-0.28860995173454285
1991-01-09,-0.3010493218898773
1991-01-10,-0.2744675874710083
1991-01-11,-0.28057020902633667
1991-01-12,-0.31012287735939026
1991-01-13,-0.3170626163482666
1991-01-14,-0.31804102659225464
1991-01-15,-0.3077423870563507
1991-01-16,-0.317996084690094
1991-01-17,-0.33122342824935913
1991-01-18,-0.33971020579338074
1991-01-19,-0.34943848848342896
1991-01-20,-0.3329950273036957
1991-01-21,-0.3375278413295746
1991-01-22,-0.3245672583580017
1991-01-23,-0.3286815881729126
1991-01-24,-0.3326098620891571
1991-01-25,-0.3347852826118469
1991-01-26,-0.31044191122055054
1991-01-27,-0.3127768933773041
1991-01-28,-0.3082104027271271
1991-01-29,-0.3068031668663025
1991-01-30,-0.30369213223457336
1991-01-31,-0.2989581525325775
1991-02-01,-0.3192695379257202
1991-02-02,-0.3501683473587036
1991-02-03,-0.37278199195861816
1991-02-04,-0.354157030582428
1991-02-05,-0.3400733172893524
1991-02-06,-0.3389624059200287
1991-02-07,-0.3410245478153229
1991-02-08,-0.3517804741859436
1991-02-09,-0.3172537386417389
1991-02-10,-0.30976277589797974
1991-02-11,-0.31314557790756226
1991-02-12,-0.3265720009803772
1991-02-13,-0.32837462425231934
1991-02-14,-0.32449427247047424
1991-02-15,-0.3172614276409149
1991-02-16,-0.3055064082145691
1991-02-17,-0.2974943518638611
1991-02-18,-0.28882551193237305
1991-02-19,-0.28982779383659363
1991-02-20,-0.28162965178489685
1991-02-21,-0.2679499685764313
1991-02-22,-0.25868526101112366
1991-02-23,-0.22768789529800415
1991-02-24,-0.20916417241096497
1991-02-25,-0.21727409958839417
1991-02-26,-0.20112262666225433
1991-02-27,-0.17977561056613922
1991-02-28,-0.18801139295101166
1991-03-01,-0.1880759745836258
1991-03-02,-0.20032325387001038
1991-03-03,-0.16974234580993652
1991-03-04,-0.18758054077625275
1991-03-05,-0.20109841227531433
1991-03-06,-0.2195911407470703
1991-03-07,-0.20504295825958252
1991-03-08,-0.22775718569755554
1991-03-09,-0.26390770077705383
1991-03-10,-0.23950795829296112
1991-03-11,-0.21938985586166382
1991-03-12,-0.2164829820394516
1991-03-13,-0.2192579060792923
1991-03-14,-0.2115497589111328
1991-03-15,-0.22689837217330933
1991-03-16,-0.22962260246276855
1991-03-17,-0.2276366502046585
1991-03-18,-0.21183015406131744
1991-03-19,-0.1990060657262802
1991-03-20,-0.21803773939609528
1991-03-21,-0.20011994242668152
1991-03-22,-0.18974310159683228
1991-03-23,-0.20726673305034637
1991-03-24,-0.19976191222667694
1991-03-25,-0.19293653964996338
1991-03-26,-0.18272581696510315
1991-03-27,-0.14925839006900787
1991-03-28,-0.13922926783561707
1991-03-29,-0.13415838778018951
1991-03-30,-0.11547483503818512
1991-03-31,-0.10649770498275757
1991-04-01,-0.09175866842269897
1991-04-02,-0.08539537340402603
1991-04-03,-0.07586245238780975
1991-04-04,-0.10489942133426666
1991-04-05,-0.14283879101276398
1991-04-06,-0.17363141477108002
1991-04-07,-0.14822354912757874
1991-04-08,-0.15901312232017517
1991-04-09,-0.1580582559108734
1991-04-10,-0.16511331498622894
1991-04-11,-0.16268497705459595
1991-04-12,-0.15332180261611938
1991-04-13,-0.15680304169654846
1991-04-14,-0.1332990676164627
1991-04-15,-0.09538684785366058
1991-04-16,-0.09794269502162933
1991-04-17,-0.08909536153078079
1991-04-18,-0.10142723470926285
1991-04-19,-0.11374269425868988
1991-04-20,-0.14138977229595184
1991-04-21,-0.11943741142749786
1991-04-22,-0.10913938283920288
1991-04-23,-0.11230802536010742
1991-04-24,-0.10901542007923126
1991-04-25,-0.11174824833869934
1991-04-26,-0.129654660820961
1991-04-27,-0.12739627063274384
1991-04-28,-0.1481143981218338
1991-04-29,-0.14681203663349152
1991-04-30,-0.1411873996257782
1991-05-01,-0.13086500763893127
1991-05-02,-0.12321727722883224
1991-05-03,-0.12214414775371552
1991-05-04,-0.146925687789917
1991-05-05,-0.15990270674228668
1991-05-06,-0.14472275972366333
1991-05-07,-0.13589486479759216
1991-05-08,-0.13307933509349823
1991-05-09,-0.12964831292629242
1991-05-10,-0.13469330966472626
1991-05-11,-0.13449588418006897
1991-05-12,-0.12939044833183289
1991-05-13,-0.13228881359100342
1991-05-14,-0.13129110634326935
1991-05-15,-0.13098323345184326
1991-05-16,-0.12846329808235168
1991-05-17,-0.13877850770950317
1991-05-18,-0.14083141088485718
1991-05-19,-0.14382359385490417
1991-05-20,-0.15662583708763123
1991-05-21,-0.1573847383260727
1991-05-22,-0.16476820409297943
1991-05-23,-0.15610715746879578
1991-05-24,-0.15572749078273773
1991-05-25,-0.1333119124174118
1991-05-26,-0.13951201736927032
1991-05-27,-0.13754764199256897
1991-05-28,-0.13442248106002808
1991-05-29,-0.11505450308322906
1991-05-30,-0.0966293215751648
1991-05-31,-0.08983258903026581
1991-06-01,-0.08334623277187347
1991-06-02,-0.07444480061531067
1991-06-03,-0.06536455452442169
1991-06-04,-0.04765789583325386
1991-06-05,-0.021472731605172157
1991-06-06,-0.03851202502846718
1991-06-07,-0.0359296016395092
1991-06-08,-0.0708344355225563
1991-06-09,-0.04499438405036926
1991-06-10,-0.04304175078868866
1991-06-11,-0.04485858231782913
1991-06-12,-0.029383568093180656
1991-06-13,-0.017151759937405586
1991-06-14,-0.006889945827424526
1991-06-15,-0.006416523363441229
1991-06-16,-0.015019027516245842
1991-06-17,-0.0012194468872621655
1991-06-18,-0.0033971373923122883
1991-06-19,0.0054044537246227264
1991-06-20,0.014110480435192585
1991-06-21,0.012326283380389214
1991-06-22,0.015167071484029293
1991-06-23,0.02195996791124344
1991-06-24,0.027651755139231682
1991-06-25,0.039066165685653687
1991-06-26,0.040988288819789886
1991-06-27,0.02570672333240509
1991-06-28,0.008289600722491741
1991-06-29,-0.005397143308073282
1991-06-30,-0.026242854073643684
1991-07-01,-0.03378409892320633
1991-07-02,-0.038114018738269806
1991-07-03,-0.04112735018134117
1991-07-04,-0.05116403102874756
1991-07-05,-0.06656740605831146
1991-07-06,-0.04970419034361839
1991-07-07,-0.060967862606048584
1991-07-08,-0.04887808859348297
1991-07-09,-0.04618993401527405
1991-07-10,-0.05025603994727135
1991-07-11,-0.05186223238706589
1991-07-12,-0.05888970568776131
1991-07-13,-0.04345748946070671
1991-07-14,-0.040151197463274
1991-07-15,-0.0389225110411644
1991-07-16,-0.02946806512773037
1991-07-17,-0.030094826593995094
1991-07-18,-0.02272411249577999
1991-07-19,-0.02175038680434227
1991-07-20,0.0003637997433543205
1991-07-21,0.00875174906104803
1991-07-22,0.007916503585875034
1991-07-23,0.015002948231995106
1991-07-24,0.021187882870435715
1991-07-25,-0.00023752990819048136
1991-07-26,-0.01327658724039793
1991-07-27,0.00012513002729974687
1991-07-28,-0.010811700485646725
1991-07-29,-0.008077215403318405
1991-07-30,0.005386894568800926
1991-07-31,0.0065680090337991714
1991-08-01,0.01823236048221588
1991-08-02,0.016412055119872093
1991-08-03,-0.010250924155116081
1991-08-04,-0.013220126740634441
1991-08-05,-0.01222556084394455
1991-08-06,-0.032675351947546005
1991-08-07,-0.02205674536526203
1991-08-08,-0.022246206179261208
1991-08-09,-0.02454477921128273
1991-08-10,-0.005767574533820152
1991-08-11,-0.006743825506418943
1991-08-12,-0.008078113198280334
1991-08-13,-0.006991460453718901
1991-08-14,0.007690850179642439
1991-08-15,0.015264562331140041
1991-08-16,0.003513416275382042
1991-08-17,-0.03373892232775688
1991-08-18,-0.02024763822555542
1991-08-19,-0.02204887755215168
1991-08-20,-0.03541995957493782
1991-08-21,-0.05752641707658768
1991-08-22,-0.06677089631557465
1991-08-23,-0.06174258142709732
1991-08-24,-0.04130939766764641
1991-08-25,-0.030333127826452255
1991-08-26,-0.020581062883138657
1991-08-27,-0.02209445834159851
1991-08-28,-0.011226638220250607
1991-08-29,-0.02362365834414959
1991-08-30,-0.03154206648468971
1991-08-31,0.000471407372970134
1991-09-01,-0.01980758272111416
1991-09-02,-0.015047488734126091
1991-09-03,-0.01618901453912258
1991-09-04,-0.008525795303285122
1991-09-05,-0.02583213336765766
1991-09-06,-0.0394379161298275
1991-09-07,-0.06808999925851822
1991-09-08,-0.08415017277002335
1991-09-09,-0.07823677361011505
1991-09-10,-0.07298019528388977
1991-09-11,-0.07902543991804123
1991-09-12,-0.06588545441627502
1991-09-13,-0.05575281381607056
1991-09-14,-0.04029678553342819
1991-09-15,-0.02726658061146736
1991-09-16,-0.01947709731757641
1991-09-17,-0.03692147135734558
1991-09-18,-0.02556321769952774
1991-09-19,-0.022048411890864372
1991-09-20,-0.020442727953195572
1991-09-21,-0.010670908726751804
1991-09-22,0.0049452949315309525
1991-09-23,0.009929651394486427
1991-09-24,-0.004160171374678612
1991-09-25,-0.020323636010289192
1991-09-26,-0.017873454838991165
1991-09-27,-0.03463072329759598
1991-09-28,-0.02236219495534897
1991-09-29,-0.008549326099455357
1991-09-30,0.009660874493420124
1991-10-01,0.019061293452978134
1991-10-02,0.02498757094144821
1991-10-03,0.026752274483442307
1991-10-04,0.015406901016831398
1991-10-05,-0.004980816971510649
1991-10-06,0.0108136972412467
1991-10-07,0.012679632753133774
1991-10-08,-0.00951120164245367
1991-10-09,-0.008834727108478546
1991-10-10,-0.023712405934929848
1991-10-11,-0.031806156039237976
1991-10-12,-0.05919270217418671
1991-10-13,-0.04241092875599861
1991-10-14,-0.0399274080991745
1991-10-15,-0.05754515528678894
1991-10-16,-0.06155776232481003
1991-10-17,-0.05155876278877258
1991-10-18,-0.04680334031581879
1991-10-19,-0.041462983936071396
1991-10-20,-0.04705476015806198
1991-10-21,-0.0421115942299366
1991-10-22,-0.044709447771310806
1991-10-23,-0.04109469801187515
1991-10-24,-0.04619070887565613
1991-10-25,-0.0567774698138237
1991-10-26,-0.09672833979129791
1991-10-27,-0.08125227689743042
1991-10-28,-0.08002527803182602
1991-10-29,-0.09273936599493027
1991-10-30,-0.09707596898078918
1991-10-31,-0.10993104428052902
1991-11-01,-0.12313130497932434
1991-11-02,-0.14457441866397858
1991-11-03,-0.13993656635284424
1991-11-04,-0.12855081260204315
1991-11-05,-0.1329609602689743
1991-11-06,-0.12906411290168762
1991-11-07,-0.1344304382801056
1991-11-08,-0.12177925556898117
1991-11-09,-0.11203931272029877
1991-11-10,-0.11857795715332031
1991-11-11,-0.1139955148100853
1991-11-12,-0.10430176556110382
1991-11-13,-0.10582790523767471
1991-11-14,-0.10655583441257477
1991-11-15,-0.12296541035175323
1991-11-16,-0.1330251693725586
1991-11-17,-0.12985891103744507
1991-11-18,-0.12945351004600525
1991-11-19,-0.11758052557706833
1991-11-20,-0.12095591425895691
1991-11-21,-0.1196984276175499
1991-11-22,-0.11116279661655426
1991-11-23,-0.07587193697690964
1991-11-24,-0.08159785717725754
1991-11-25,-0.09513210505247116
1991-11-26,-0.09045405685901642
1991-11-27,-0.10987156629562378
1991-11-28,-0.1252749264240265
1991-11-29,-0.13726545870304108
1991-11-30,-0.1341988891363144
1991-12-01,-0.13006076216697693
1991-12-02,-0.12511242926120758
1991-12-03,-0.12663602828979492
1991-12-04,-0.1093323826789856
1991-12-05,-0.10999196022748947
1991-12-06,-0.13228830695152283
1991-12-07,-0.14147861301898956
1991-12-08,-0.16665466129779816
1991-12-09,-0.1355435848236084
1991-12-10,-0.12713344395160675
1991-12-11,-0.12157125025987625
1991-12-12,-0.11870560050010681
1991-12-13,-0.09681756049394608
1991-12-14,-0.10416581481695175
1991-12-15,-0.11548949778079987
1991-12-16,-0.1060461699962616
1991-12-17,-0.10445363074541092
1991-12-18,-0.11410575360059738
1991-12-19,-0.12044518440961838
1991-12-20,-0.13304255902767181
1991-12-21,-0.13017317652702332
1991-12-22,-0.13475532829761505
1991-12-23,-0.12302864342927933
1991-12-24,-0.11783870309591293
1991-12-25,-0.09209718555212021
1991-12-26,-0.08189860731363297
1991-12-27,-0.07084667682647705
1991-12-28,-0.09714331477880478
1991-12-29,-0.07909825444221497
1991-12-30,-0.07970228046178818
1991-12-31,-0.06665422022342682
1992-01-01,-0.042800456285476685
1992-01-02,-0.02262379229068756
1992-01-03,-0.021417710930109024
1992-01-04,-0.01664786785840988
1992-01-05,0.01507461629807949
1992-01-06,0.014277300797402859
1992-01-07,0.02298099733889103
1992-01-08,0.015116770751774311
1992-01-09,0.005946555640548468
1992-01-10,-0.0019453431013971567
1992-01-11,-0.008832656778395176
1992-01-12,-0.0063230497762560844
1992-01-13,-0.008745718747377396
1992-01-14,-0.028222834691405296
1992-01-15,-0.03774010017514229
1992-01-16,-0.040787938982248306
1992-01-17,-0.031688813120126724
1992-01-18,-0.035791706293821335
1992-01-19,-0.034922901540994644
1992-01-20,-0.03338433429598808
1992-01-21,-0.032935094088315964
1992-01-22,-0.032854143530130386
1992-01-23,-0.03544416278600693
1992-01-24,-0.028740830719470978
1992-01-25,-0.02333996258676052
1992-01-26,-0.00748924957588315
1992-01-27,0.012264065444469452
1992-01-28,0.019722450524568558
1992-01-29,0.01998750865459442
1992-01-30,0.02727343887090683
1992-01-31,0.022392185404896736
1992-02-01,0.003988093230873346
1992-02-02,0.022782839834690094
1992-02-03,0.0262860469520092
1992-02-04,0.027307210490107536
1992-02-05,0.04120953381061554
1992-02-06,0.0500643253326416
1992-02-07,0.05092617869377136
1992-02-08,-0.0027282298542559147
1992-02-09,0.012744498439133167
1992-02-10,0.022757042199373245
1992-02-11,0.033688563853502274
1992-02-12,0.04118182137608528
1992-02-13,0.0586179681122303
1992-02-14,0.06745029240846634
1992-02-15,0.09230644255876541
1992-02-16,0.10592622309923172
1992-02-17,0.10210292786359787
1992-02-18,0.11024593561887741
1992-02-19,0.12350530922412872
1992-02-20,0.135501429438591
1992-02-21,0.12462036311626434
1992-02-22,0.13762520253658295
1992-02-23,0.14005036652088165
1992-02-24,0.1326233446598053
1992-02-25,0.12563814222812653
1992-02-26,0.10920400172472
1992-02-27,0.10851142555475235
1992-02-28,0.10002315789461136
1992-02-29,0.08252080529928207
1992-03-01,0.08988191932439804
1992-03-02,0.09304774552583694
1992-03-03,0.10772078484296799
1992-03-04,0.11894908547401428
1992-03-05,0.11656328290700912
1992-03-06,0.11562056094408035
1992-03-07,0.09302634000778198
1992-03-08,0.07611315697431564
1992-03-09,0.08129062503576279
1992-03-10,0.09043195098638535
1992-03-11,0.08746849745512009
1992-03-12,0.09340021014213562
1992-03-13,0.10156305134296417
1992-03-14,0.1096295639872551
1992-03-15,0.11949825286865234
1992-03-16,0.11250375956296921
1992-03-17,0.10245358198881149
1992-03-18,0.12865827977657318
1992-03-19,0.1271008849143982
1992-03-20,0.12117330729961395
1992-03-21,0.11139300465583801
1992-03-22,0.10002219676971436
1992-03-23,0.09775000065565109
1992-03-24,0.10754723846912384
1992-03-25,0.0960625410079956
1992-03-26,0.0853399708867073
1992-03-27,0.07881389558315277
1992-03-28,0.07844042032957077
1992-03-29,0.05343703180551529
1992-03-30,0.0677357092499733
1992-03-31,0.04911578819155693
1992-04-01,0.06681341677904129
1992-04-02,0.07411246746778488
1992-04-03,0.07764507830142975
1992-04-04,0.05979662388563156
1992-04-05,0.05652668699622154
1992-04-06,0.045916445553302765
1992-04-07,0.0459553599357605
1992-04-08,0.03462815657258034
1992-04-09,0.040682680904865265
1992-04-10,0.04013681784272194
1992-04-11,0.05349303409457207
1992-04-12,0.04213005676865578
1992-04-13,0.04548245668411255
1992-04-14,0.03398161381483078
1992-04-15,0.027433231472969055
1992-04-16,0.03326220437884331
1992-04-17,0.040627915412187576
1992-04-18,0.07346712797880173
1992-04-19,0.05105595663189888
1992-04-20,0.056843750178813934
1992-04-21,0.02959817461669445
1992-04-22,0.015629947185516357
1992-04-23,0.03648422285914421
1992-04-24,0.03937586396932602
1992-04-25,-0.004387449007481337
1992-04-26,-0.036017995327711105
1992-04-27,-0.05291690677404404
1992-04-28,-0.04866328090429306
1992-04-29,-0.03055570088326931
1992-04-30,-0.0047256420366466045
1992-05-01,-0.02104533463716507
1992-05-02,-0.03012995980679989
1992-05-03,-0.04068110138177872
1992-05-04,-0.03624583035707474
1992-05-05,-0.021149082109332085
1992-05-06,-0.014797413721680641
1992-05-07,-0.011162158101797104
1992-05-08,0.00030228664400056005
1992-05-09,0.019344396889209747
1992-05-10,-0.005442923400551081
1992-05-11,0.018456202000379562
1992-05-12,0.02023087441921234
1992-05-13,0.03016321361064911
1992-05-14,0.025663651525974274
1992-05-15,0.027872556820511818
1992-05-16,0.016551261767745018
1992-05-17,-0.0017366475658491254
1992-05-18,0.035364072769880295
1992-05-19,0.017334258183836937
1992-05-20,0.0019296855898573995
1992-05-21,0.0017323088832199574
1992-05-22,-0.004336847458034754
1992-05-23,-0.03536142781376839
1992-05-24,-0.05013783276081085
1992-05-25,-0.0004908792907372117
1992-05-26,0.01395974587649107
1992-05-27,0.026113124564290047
1992-05-28,0.02243383601307869
1992-05-29,0.027000460773706436
1992-05-30,0.03778728470206261
1992-05-31,0.05570826679468155
1992-06-01,0.06755121797323227
1992-06-02,0.07186124473810196
1992-06-03,0.0740591436624527
1992-06-04,0.06715074181556702
1992-06-05,0.06711804121732712
1992-06-06,0.05780774727463722
1992-06-07,0.0645187571644783
1992-06-08,0.04659385606646538
1992-06-09,0.033001743257045746
1992-06-10,0.024375276640057564
1992-06-11,0.024722609668970108
1992-06-12,0.03339886665344238
1992-06-13,0.03944297879934311
1992-06-14,0.034269511699676514
1992-06-15,0.029927292838692665
1992-06-16,0.03712829574942589
1992-06-17,0.0541883148252964
1992-06-18,0.0638827309012413
1992-06-19,0.05081603303551674
1992-06-20,0.025618545711040497
1992-06-21,0.032185040414333344
1992-06-22,0.04685730114579201
1992-06-23,0.03814144805073738
1992-06-24,0.03666253387928009
1992-06-25,0.032071467489004135
1992-06-26,0.03222467377781868
1992-06-27,0.04022049903869629
1992-06-28,-0.0038749217055737972
1992-06-29,-0.007058617193251848
1992-06-30,-0.005343237426131964
1992-07-01,-0.009319926612079144
1992-07-02,-0.013515650294721127
1992-07-03,-0.026718759909272194
1992-07-04,-0.024702034890651703
1992-07-05,-0.045096687972545624
1992-07-06,-0.03835492953658104
1992-07-07,-0.02826550044119358
1992-07-08,-0.04028908535838127
1992-07-09,-0.05014315992593765
1992-07-10,-0.0286470465362072
1992-07-11,-0.02492523193359375
1992-07-12,-0.039003320038318634
1992-07-13,-0.027621440589427948
1992-07-14,-0.02692204713821411
1992-07-15,-0.015705224126577377
1992-07-16,-0.015511151403188705
1992-07-17,-0.030342983081936836
1992-07-18,-0.0066986228339374065
1992-07-19,0.008781516924500465
1992-07-20,0.003309600055217743
1992-07-21,-0.0032730421517044306
1992-07-22,-0.022291075438261032
1992-07-23,-0.034703440964221954
1992-07-24,-0.026885507628321648
1992-07-25,-0.027615021914243698
1992-07-26,-0.02667759731411934
1992-07-27,-0.017852189019322395
1992-07-28,0.0004936550976708531
1992-07-29,0.01033803354948759
1992-07-30,0.012184453196823597
1992-07-31,0.005436469800770283
1992-08-01,-0.0076230838894844055
1992-08-02,0.006326946429908276
1992-08-03,-0.005016726907342672
1992-08-04,0.001457712147384882
1992-08-05,0.010982551611959934
1992-08-06,0.0014048849698156118
1992-08-07,-0.005919995252043009
1992-08-08,-0.029046401381492615
1992-08-09,-0.008856029249727726
1992-08-10,0.002980478573590517
1992-08-11,0.005414584651589394
1992-08-12,0.021919267252087593
1992-08-13,0.044115569442510605
1992-08-14,0.05870653688907623
1992-08-15,0.06967205554246902
1992-08-16,0.06771592795848846
1992-08-17,0.07200814038515091
1992-08-18,0.07322719693183899
1992-08-19,0.06852874904870987
1992-08-20,0.05326317995786667
1992-08-21,0.0631551742553711
1992-08-22,0.032967060804367065
1992-08-23,0.0752623975276947
1992-08-24,0.07829485088586807
1992-08-25,0.05417976155877113
1992-08-26,0.059577129781246185
1992-08-27,0.05722878873348236
1992-08-28,0.05492153763771057
1992-08-29,0.041385848075151443
1992-08-30,0.03855537250638008
1992-08-31,0.04731815680861473
1992-09-01,0.03508492559194565
1992-09-02,0.01757686585187912
1992-09-03,-0.0021865132730454206
1992-09-04,-0.014760111458599567
1992-09-05,-0.03582009673118591
1992-09-06,-0.023931952193379402
1992-09-07,-0.03710818663239479
1992-09-08,-0.04747544601559639
1992-09-09,-0.060894936323165894
1992-09-10,-0.0555204302072525
1992-09-11,-0.05134877189993858
1992-09-12,-0.04868597164750099
1992-09-13,-0.042087018489837646
1992-09-14,-0.04636111482977867
1992-09-15,-0.036979686468839645
1992-09-16,-0.03440297022461891
1992-09-17,-0.056459300220012665
1992-09-18,-0.07373210787773132
1992-09-19,-0.07472982257604599
1992-09-20,-0.06940454244613647
1992-09-21,-0.058733612298965454
1992-09-22,-0.06457920372486115
1992-09-23,-0.08052227646112442
1992-09-24,-0.06028911471366882
1992-09-25,-0.05846558138728142
1992-09-26,-0.04603544622659683
1992-09-27,-0.04588325321674347
1992-09-28,-0.043662406504154205
1992-09-29,-0.05709834024310112
1992-09-30,-0.06127778813242912
1992-10-01,-0.05854315310716629
1992-10-02,-0.06221495941281319
1992-10-03,-0.09596433490514755
1992-10-04,-0.09247032552957535
1992-10-05,-0.07726220786571503
1992-10-06,-0.05627618357539177
1992-10-07,-0.050724733620882034
1992-10-08,-0.05652063712477684
1992-10-09,-0.04991436004638672
1992-10-10,-0.06884583830833435
1992-10-11,-0.06328213959932327
1992-10-12,-0.056638482958078384
1992-10-13,-0.0471586175262928
1992-10-14,-0.05417279899120331
1992-10-15,-0.0411599725484848
1992-10-16,-0.03625868633389473
1992-10-17,-0.05027727037668228
1992-10-18,-0.059358421713113785
1992-10-19,-0.06448627263307571
1992-10-20,-0.06077846512198448
1992-10-21,-0.054639678448438644
1992-10-22,-0.062138158828020096
1992-10-23,-0.04932466894388199
1992-10-24,-0.05441278591752052
1992-10-25,-0.05829538032412529
1992-10-26,-0.050707388669252396
1992-10-27,-0.07308816909790039
1992-10-28,-0.0684468224644661
1992-10-29,-0.06908603757619858
1992-10-30,-0.05389256775379181
1992-10-31,-0.02034815400838852
1992-11-01,-0.01308298297226429
1992-11-02,0.001102027716115117
1992-11-03,0.005790148861706257
1992-11-04,-0.004443385638296604
1992-11-05,0.0022168802097439766
1992-11-06,-0.015552052296698093
1992-11-07,-0.02037576027214527
1992-11-08,-0.001803506864234805
1992-11-09,-0.018138738349080086
1992-11-10,-0.015467033721506596
1992-11-11,-0.009179826825857162
1992-11-12,-0.005862710531800985
1992-11-13,0.006266518030315638
1992-11-14,0.0317506417632103
1992-11-15,0.02459610626101494
1992-11-16,0.030802547931671143
1992-11-17,0.030839988961815834
1992-11-18,0.03240036964416504
1992-11-19,0.035981155931949615
1992-11-20,0.04871620237827301
1992-11-21,0.057079341262578964
1992-11-22,0.06897418946027756
1992-11-23,0.08186984807252884
1992-11-24,0.07499824464321136
1992-11-25,0.09421911090612411
1992-11-26,0.09307519346475601
1992-11-27,0.11145512759685516
1992-11-28,0.16981598734855652
1992-11-29,0.1680479794740677
1992-11-30,0.17453445494174957
1992-12-01,0.16637884080410004
1992-12-02,0.1642066389322281
1992-12-03,0.1693960726261139
1992-12-04,0.18575531244277954
1992-12-05,0.18885037302970886
1992-12-06,0.17841942608356476
1992-12-07,0.17843034863471985
1992-12-08,0.19255360960960388
1992-12-09,0.19455178081989288
1992-12-10,0.20155254006385803
1992-12-11,0.20025166869163513
1992-12-12,0.1878134161233902
1992-12-13,0.1999443620443344
1992-12-14,0.21447394788265228
1992-12-15,0.21378406882286072
1992-12-16,0.21829228103160858
1992-12-17,0.21887053549289703
1992-12-18,0.2286379337310791
1992-12-19,0.2393781840801239
1992-12-20,0.24164243042469025
1992-12-21,0.25014832615852356
1992-12-22,0.2530309855937958
1992-12-23,0.24227063357830048
1992-12-24,0.2548457980155945
1992-12-25,0.17030471563339233
1992-12-26,0.17929978668689728
1992-12-27,0.1752583086490631
1992-12-28,0.19728153944015503
1992-12-29,0.219742089509964
1992-12-30,0.23955552279949188
1992-12-31,0.24899713695049286
1993-01-01,0.22830194234848022
1993-01-02,0.2681161165237427
1993-01-03,0.28046715259552
1993-01-04,0.2778499126434326
1993-01-05,0.28910595178604126
1993-01-06,0.2705920338630676
1993-01-07,0.2646424472332001
1993-01-08,0.24970951676368713
1993-01-09,0.24010814726352692
1993-01-10,0.18779465556144714
1993-01-11,0.18603110313415527
1993-01-12,0.17906852066516876
1993-01-13,0.18021109700202942
1993-01-14,0.18821513652801514
1993-01-15,0.18226358294487
1993-01-16,0.18991592526435852
1993-01-17,0.18859556317329407
1993-01-18,0.20103299617767334
1993-01-19,0.20751667022705078
1993-01-20,0.21775956451892853
1993-01-21,0.21630270779132843
1993-01-22,0.24988050758838654
1993-01-23,0.25058043003082275
1993-01-24,0.22216081619262695
1993-01-25,0.23121395707130432
1993-01-26,0.22476772964000702
1993-01-27,0.2133324146270752
1993-01-28,0.20345810055732727
1993-01-29,0.2054271399974823
1993-01-30,0.20331141352653503
1993-01-31,0.19426608085632324
1993-02-01,0.18841055035591125
1993-02-02,0.20310534536838531
1993-02-03,0.19494472444057465
1993-02-04,0.1825609803199768
1993-02-05,0.18488861620426178
1993-02-06,0.18989945948123932
1993-02-07,0.19251178205013275
1993-02-08,0.19691310822963715
1993-02-09,0.1996389478445053
1993-02-10,0.19197595119476318
1993-02-11,0.195180281996727
1993-02-12,0.19622939825057983
1993-02-13,0.2226807326078415
1993-02-14,0.2252977341413498
1993-02-15,0.22632648050785065
1993-02-16,0.23124350607395172
1993-02-17,0.22945106029510498
1993-02-18,0.23681986331939697
1993-02-19,0.23484940826892853
1993-02-20,0.2535422444343567
1993-02-21,0.24554479122161865
1993-02-22,0.2577660083770752
1993-02-23,0.25112709403038025
1993-02-24,0.25081878900527954
1993-02-25,0.24852171540260315
1993-02-26,0.23147055506706238
1993-02-27,0.2383340299129486
1993-02-28,0.2488519847393036
1993-03-01,0.2508273422718048
1993-03-02,0.2671617567539215
1993-03-03,0.25707393884658813
1993-03-04,0.24861271679401398
1993-03-05,0.24880492687225342
1993-03-06,0.24264216423034668
1993-03-07,0.23684604465961456
1993-03-08,0.24589049816131592
1993-03-09,0.2544706463813782
1993-03-10,0.25213882327079773
1993-03-11,0.25580012798309326
1993-03-12,0.24525384604930878
1993-03-13,0.24087627232074738
1993-03-14,0.24408547580242157
1993-03-15,0.23248162865638733
1993-03-16,0.24384109675884247
1993-03-17,0.23908379673957825
1993-03-18,0.22847287356853485
1993-03-19,0.20553459227085114
1993-03-20,0.21648499369621277
1993-03-21,0.2318132072687149
1993-03-22,0.2346799224615097
1993-03-23,0.23900382220745087
1993-03-24,0.24782390892505646
1993-03-25,0.24371027946472168
1993-03-26,0.22770808637142181
1993-03-27,0.2324369251728058
1993-03-28,0.22414718568325043
1993-03-29,0.2141672521829605
1993-03-30,0.21916891634464264
1993-03-31,0.21984438598155975
1993-04-01,0.2064100056886673
1993-04-02,0.19845996797084808
1993-04-03,0.1532098352909088
1993-04-04,0.1533294916152954
1993-04-05,0.16490226984024048
1993-04-06,0.19144752621650696
1993-04-07,0.17179788649082184
1993-04-08,0.16737157106399536
1993-04-09,0.167331263422966
1993-04-10,0.17144832015037537
1993-04-11,0.16961932182312012
1993-04-12,0.17093034088611603
1993-04-13,0.1679360419511795
1993-04-14,0.1486150324344635
1993-04-15,0.14769548177719116
1993-04-16,0.14281050860881805
1993-04-17,0.13790446519851685
1993-04-18,0.15965159237384796
1993-04-19,0.17532849311828613
1993-04-20,0.1783818006515503
1993-04-21,0.16917310655117035
1993-04-22,0.17294330894947052
1993-04-23,0.15676869451999664
1993-04-24,0.15482473373413086
1993-04-25,0.1302996277809143
1993-04-26,0.13028936088085175
1993-04-27,0.13333487510681152
1993-04-28,0.13245552778244019
1993-04-29,0.13607479631900787
1993-04-30,0.12418458610773087
1993-05-01,0.12669381499290466
1993-05-02,0.13776463270187378
1993-05-03,0.13884380459785461
1993-05-04,0.1369321495294571
1993-05-05,0.12789128720760345
1993-05-06,0.1398553103208542
1993-05-07,0.14380040764808655
1993-05-08,0.10791753232479095
1993-05-09,0.08926363289356232
1993-05-10,0.10116485506296158
1993-05-11,0.09871505200862885
1993-05-12,0.08252359181642532
1993-05-13,0.08287005871534348
1993-05-14,0.08144860714673996
1993-05-15,0.11069482564926147
1993-05-16,0.11383718997240067
1993-05-17,0.1300469934940338
1993-05-18,0.0999595895409584
1993-05-19,0.09798815846443176
1993-05-20,0.08599580079317093
1993-05-21,0.1015295535326004
1993-05-22,0.09448876976966858
1993-05-23,0.053604673594236374
1993-05-24,0.05137360468506813
1993-05-25,0.05561313405632973
1993-05-26,0.04531773924827576
1993-05-27,0.05463153496384621
1993-05-28,0.04752742871642113
1993-05-29,0.053954023867845535
1993-05-30,0.06275907158851624
1993-05-31,0.07323939353227615
1993-06-01,0.09482987970113754
1993-06-02,0.09580201655626297
1993-06-03,0.11967533081769943
1993-06-04,0.12704907357692719
1993-06-05,0.1458003968000412
1993-06-06,0.15814749896526337
1993-06-07,0.1487981528043747
1993-06-08,0.15494529902935028
1993-06-09,0.15351484715938568
1993-06-10,0.15624244511127472
1993-06-11,0.1513451337814331
1993-06-12,0.15308137238025665
1993-06-13,0.11389890313148499
1993-06-14,0.11530953645706177
1993-06-15,0.10322495549917221
1993-06-16,0.10766510665416718
1993-06-17,0.09393902122974396
1993-06-18,0.09913811087608337
1993-06-19,0.10029587894678116
1993-06-20,0.09491696953773499
1993-06-21,0.10136102139949799
1993-06-22,0.10000722110271454
1993-06-23,0.09777303040027618
1993-06-24,0.09335678815841675
1993-06-25,0.09223047643899918
1993-06-26,0.10158634185791016
1993-06-27,0.10232257843017578
1993-06-28,0.0983886867761612
1993-06-29,0.09620338678359985
1993-06-30,0.10137461870908737
1993-07-01,0.10478809475898743
1993-07-02,0.09963642805814743
1993-07-03,0.08496344089508057
1993-07-04,0.08322952687740326
1993-07-05,0.09346457570791245
1993-07-06,0.11078618466854095
1993-07-07,0.11449156701564789
1993-07-08,0.11354929953813553
1993-07-09,0.11656773835420609
1993-07-10,0.118920236825943
1993-07-11,0.12402591854333878
1993-07-12,0.12833556532859802
1993-07-13,0.12890148162841797
1993-07-14,0.12475871294736862
1993-07-15,0.13368459045886993
1993-07-16,0.12995664775371552
1993-07-17,0.11367800086736679
1993-07-18,0.11437927931547165
1993-07-19,0.107907235622406
1993-07-20,0.09949561208486557
1993-07-21,0.07024005800485611
1993-07-22,0.11893101781606674
1993-07-23,0.11388947069644928
1993-07-24,0.10801277309656143
1993-07-25,0.087988942861557
1993-07-26,0.09729430079460144
1993-07-27,0.08922145515680313
1993-07-28,0.08687204867601395
1993-07-29,0.09314499795436859
1993-07-30,0.09893754869699478
1993-07-31,0.09528959542512894
1993-08-01,0.09087061882019043
1993-08-02,0.0970105454325676
1993-08-03,0.09838289022445679
1993-08-04,0.09664033353328705
1993-08-05,0.09829934686422348
1993-08-06,0.0901375561952591
1993-08-07,0.09199673682451248
1993-08-08,0.10132043808698654
1993-08-09,0.11534247547388077
1993-08-10,0.13482780754566193
1993-08-11,0.12868577241897583
1993-08-12,0.1287996470928192
1993-08-13,0.12083858251571655
1993-08-14,0.12044892460107803
1993-08-15,0.12336757779121399
1993-08-16,0.11523548513650894
1993-08-17,0.11972983181476593
1993-08-18,0.11193723976612091
1993-08-19,0.12939302623271942
1993-08-20,0.14627648890018463
1993-08-21,0.13269871473312378
1993-08-22,0.14321888983249664
1993-08-23,0.13954883813858032
1993-08-24,0.15020248293876648
1993-08-25,0.15496955811977386
1993-08-26,0.17043860256671906
1993-08-27,0.14942122995853424
1993-08-28,0.16528508067131042
1993-08-29,0.1874401569366455
1993-08-30,0.17728246748447418
1993-08-31,0.17490120232105255
1993-09-01,0.17897376418113708
1993-09-02,0.1657152622938156
1993-09-03,0.13980180025100708
1993-09-04,0.1411653459072113
1993-09-05,0.1545555144548416
1993-09-06,0.162171870470047
1993-09-07,0.17767201364040375
1993-09-08,0.19586919248104095
1993-09-09,0.21880890429019928
1993-09-10,0.20740585029125214
1993-09-11,0.2329786866903305
1993-09-12,0.25117579102516174
1993-09-13,0.26723605394363403
1993-09-14,0.24671140313148499
1993-09-15,0.24875210225582123
1993-09-16,0.24472859501838684
1993-09-17,0.25090524554252625
1993-09-18,0.2716197967529297
1993-09-19,0.2705186903476715
1993-09-20,0.24461641907691956
1993-09-21,0.2365288883447647
1993-09-22,0.2543298304080963
1993-09-23,0.24983632564544678
1993-09-24,0.2628519833087921
1993-09-25,0.2267720252275467
1993-09-26,0.1870802640914917
1993-09-27,0.18551105260849
1993-09-28,0.16859465837478638
1993-09-29,0.18257580697536469
1993-09-30,0.17242789268493652
1993-10-01,0.17879389226436615
1993-10-02,0.16111892461776733
1993-10-03,0.16661915183067322
1993-10-04,0.17714203894138336
1993-10-05,0.16588227450847626
1993-10-06,0.1868540197610855
1993-10-07,0.19237881898880005
1993-10-08,0.19987235963344574
1993-10-09,0.18327675759792328
1993-10-10,0.1789054572582245
1993-10-11,0.19617241621017456
1993-10-12,0.1964416205883026
1993-10-13,0.20403119921684265
1993-10-14,0.21699625253677368
1993-10-15,0.23947955667972565
1993-10-16,0.28957483172416687
1993-10-17,0.2887013554573059
1993-10-18,0.2899136245250702
1993-10-19,0.29163414239883423
1993-10-20,0.2655661404132843
1993-10-21,0.26944127678871155
1993-10-22,0.2741847038269043
1993-10-23,0.29403406381607056
1993-10-24,0.2836717367172241
1993-10-25,0.28934091329574585
1993-10-26,0.2848106920719147
1993-10-27,0.3005949854850769
1993-10-28,0.3032500445842743
1993-10-29,0.29792851209640503
1993-10-30,0.30805206298828125
1993-10-31,0.297090083360672
1993-11-01,0.30541837215423584
1993-11-02,0.30977827310562134
1993-11-03,0.2932029962539673
1993-11-04,0.2935487627983093
1993-11-05,0.2843362092971802
1993-11-06,0.2901613414287567
1993-11-07,0.291974276304245
1993-11-08,0.28976941108703613
1993-11-09,0.29327622056007385
1993-11-10,0.28987380862236023
1993-11-11,0.2926008999347687
1993-11-12,0.3027898073196411
1993-11-13,0.3338838815689087
1993-11-14,0.3385361135005951
1993-11-15,0.3586845099925995
1993-11-16,0.3585818111896515
1993-11-17,0.35266539454460144
1993-11-18,0.36718836426734924
1993-11-19,0.3687443435192108
1993-11-20,0.3464314639568329
1993-11-21,0.3701135516166687
1993-11-22,0.3611446022987366
1993-11-23,0.3563734292984009
1993-11-24,0.35338905453681946
1993-11-25,0.3353220522403717
1993-11-26,0.35789361596107483
1993-11-27,0.3463393747806549
1993-11-28,0.31733042001724243
1993-11-29,0.32060614228248596
1993-11-30,0.3115532696247101
1993-12-01,0.3042233884334564
1993-12-02,0.3340478837490082
1993-12-03,0.32960379123687744
1993-12-04,0.33917930722236633
1993-12-05,0.3354005217552185
1993-12-06,0.3411804139614105
1993-12-07,0.3392969071865082
1993-12-08,0.3503786027431488
1993-12-09,0.36769503355026245
1993-12-10,0.36990460753440857
1993-12-11,0.37015336751937866
1993-12-12,0.3724031448364258
1993-12-13,0.37347015738487244
1993-12-14,0.37398555874824524
1993-12-15,0.3891562223434448
1993-12-16,0.3967769145965576
1993-12-17,0.36079075932502747
1993-12-18,0.345986545085907
1993-12-19,0.35405680537223816
1993-12-20,0.35291048884391785
1993-12-21,0.36640268564224243
1993-12-22,0.35043179988861084
1993-12-23,0.35829731822013855
1993-12-24,0.3609623312950134
1993-12-25,0.3878549635410309
1993-12-26,0.3703966736793518
1993-12-27,0.3893222510814667
1993-12-28,0.3873283267021179
1993-12-29,0.4119740426540375
1993-12-30,0.4308600127696991
1993-12-31,0.428426593542099
1994-01-01,0.42931535840034485
1994-01-02,0.43819087743759155
1994-01-03,0.45513617992401123
1994-01-04,0.43844395875930786
1994-01-05,0.43314874172210693
1994-01-06,0.42153292894363403
1994-01-07,0.41430190205574036
1994-01-08,0.38193076848983765
1994-01-09,0.39558565616607666
1994-01-10,0.38677072525024414
1994-01-11,0.3798852860927582
1994-01-12,0.3839985728263855
1994-01-13,0.38958367705345154
1994-01-14,0.40825068950653076
1994-01-15,0.4098653197288513
1994-01-16,0.4129491448402405
1994-01-17,0.41099390387535095
1994-01-18,0.38722649216651917
1994-01-19,0.3566209673881531
1994-01-20,0.3402103781700134
1994-01-21,0.35630959272384644
1994-01-22,0.3488742411136627
1994-01-23,0.35245123505592346
1994-01-24,0.3551660180091858
1994-01-25,0.3413301408290863
1994-01-26,0.3454943001270294
1994-01-27,0.3468196392059326
1994-01-28,0.3231891989707947
1994-01-29,0.3239617943763733
1994-01-30,0.32206258177757263
1994-01-31,0.3251565396785736
1994-02-01,0.33522695302963257
1994-02-02,0.3377535343170166
1994-02-03,0.3388669788837433
1994-02-04,0.3123486340045929
1994-02-05,0.3088972568511963
1994-02-06,0.29008543491363525
1994-02-07,0.2806869149208069
1994-02-08,0.27621421217918396
1994-02-09,0.27482059597969055
1994-02-10,0.26635581254959106
1994-02-11,0.2618829309940338
1994-02-12,0.24104106426239014
1994-02-13,0.22676339745521545
1994-02-14,0.21685613691806793
1994-02-15,0.21998029947280884
1994-02-16,0.19567331671714783
1994-02-17,0.1818293184041977
1994-02-18,0.17686112225055695
1994-02-19,0.18258780241012573
1994-02-20,0.19495967030525208
1994-02-21,0.17728012800216675
1994-02-22,0.17585165798664093
1994-02-23,0.19168619811534882
1994-02-24,0.19669558107852936
1994-02-25,0.19299659132957458
1994-02-26,0.22188091278076172
1994-02-27,0.23937858641147614
1994-02-28,0.2528103291988373
1994-03-01,0.24824115633964539
1994-03-02,0.24313859641551971
1994-03-03,0.22991220653057098
1994-03-04,0.21815232932567596
1994-03-05,0.21639318764209747
1994-03-06,0.21857717633247375
1994-03-07,0.2070547193288803
1994-03-08,0.237603098154068
1994-03-09,0.2631101608276367
1994-03-10,0.2635592818260193
1994-03-11,0.24339015781879425
1994-03-12,0.2333870232105255
1994-03-13,0.2266218364238739
1994-03-14,0.21331007778644562
1994-03-15,0.22433429956436157
1994-03-16,0.2279396504163742
1994-03-17,0.2275969684123993
1994-03-18,0.1924925595521927
1994-03-19,0.18461313843727112
1994-03-20,0.18886242806911469
1994-03-21,0.17572857439517975
1994-03-22,0.18032285571098328
1994-03-23,0.180917426943779
1994-03-24,0.18094657361507416
1994-03-25,0.1657993197441101
1994-03-26,0.13169905543327332
1994-03-27,0.10863176733255386
1994-03-28,0.09123446047306061
1994-03-29,0.10707177966833115
1994-03-30,0.11278647929430008
1994-03-31,0.11791578680276871
1994-04-01,0.10230375081300735
1994-04-02,0.11941087245941162
1994-04-03,0.11122424900531769
1994-04-04,0.11120355129241943
1994-04-05,0.1024847999215126
1994-04-06,0.11023566126823425
1994-04-07,0.13099050521850586
1994-04-08,0.136184960603714
1994-04-09,0.12509699165821075
1994-04-10,0.1385398805141449
1994-04-11,0.139987975358963
1994-04-12,0.14401814341545105
1994-04-13,0.14415565133094788
1994-04-14,0.15166129171848297
1994-04-15,0.14484772086143494
1994-04-16,0.1557258814573288
1994-04-17,0.16129693388938904
1994-04-18,0.1644980013370514
1994-04-19,0.17374096810817719
1994-04-20,0.18173781037330627
1994-04-21,0.16883866488933563
1994-04-22,0.19194264709949493
1994-04-23,0.20472894608974457
1994-04-24,0.17593054473400116
1994-04-25,0.1964312344789505
1994-04-26,0.2211790829896927
1994-04-27,0.20888805389404297
1994-04-28,0.22018985450267792
1994-04-29,0.21241775155067444
1994-04-30,0.15468156337738037
1994-05-01,0.16320087015628815
1994-05-02,0.16474099457263947
1994-05-03,0.1466720551252365
1994-05-04,0.15767306089401245
1994-05-05,0.160058856010437
1994-05-06,0.16249459981918335
1994-05-07,0.15758752822875977
1994-05-08,0.1664135456085205
1994-05-09,0.16283714771270752
1994-05-10,0.16838964819908142
1994-05-11,0.1721024364233017
1994-05-12,0.1584475040435791
1994-05-13,0.16603849828243256
1994-05-14,0.1696005016565323
1994-05-15,0.11872598528862
1994-05-16,0.11901062726974487
1994-05-17,0.12824822962284088
1994-05-18,0.1421370804309845
1994-05-19,0.12543301284313202
1994-05-20,0.13365130126476288
1994-05-21,0.12492717057466507
1994-05-22,0.13527052104473114
1994-05-23,0.1341220885515213
1994-05-24,0.12445717304944992
1994-05-25,0.11926434189081192
1994-05-26,0.1253155916929245
1994-05-27,0.12944482266902924
1994-05-28,0.16135749220848083
1994-05-29,0.1616184115409851
1994-05-30,0.16945552825927734
1994-05-31,0.17346327006816864
1994-06-01,0.1577116698026657
1994-06-02,0.1547907143831253
1994-06-03,0.14829930663108826
1994-06-04,0.11161159723997116
1994-06-05,0.09014186263084412
1994-06-06,0.10871680825948715
1994-06-07,0.0775986909866333
1994-06-08,0.08595328778028488
1994-06-09,0.09258976578712463
1994-06-10,0.09409961104393005
1994-06-11,0.07516361027956009
1994-06-12,0.0642620101571083
1994-06-13,0.07913631200790405
1994-06-14,0.08167803287506104
1994-06-15,0.09801314771175385
1994-06-16,0.1110309362411499
1994-06-17,0.12319033592939377
1994-06-18,0.129128098487854
1994-06-19,0.13808345794677734
1994-06-20,0.1502755582332611
1994-06-21,0.14332573115825653
1994-06-22,0.1470312476158142
1994-06-23,0.15395627915859222
1994-06-24,0.15428659319877625
1994-06-25,0.12518882751464844
1994-06-26,0.14408740401268005
1994-06-27,0.1443512886762619
1994-06-28,0.13486769795417786
1994-06-29,0.1578008234500885
1994-06-30,0.1435914784669876
1994-07-01,0.14049047231674194
1994-07-02,0.11725364625453949
1994-07-03,0.12061488628387451
1994-07-04,0.12550665438175201
1994-07-05,0.12479673326015472
1994-07-06,0.12322299182415009
1994-07-07,0.1466364860534668
1994-07-08,0.16138333082199097
1994-07-09,0.1592540293931961
1994-07-10,0.16052967309951782
1994-07-11,0.16984720528125763
1994-07-12,0.16914226114749908
1994-07-13,0.15692855417728424
1994-07-14,0.14879955351352692
1994-07-15,0.15372148156166077
1994-07-16,0.1831577867269516
1994-07-17,0.1798190474510193
1994-07-18,0.1788576990365982
1994-07-19,0.1778181940317154
1994-07-20,0.16867898404598236
1994-07-21,0.15587349236011505
1994-07-22,0.1993294507265091
1994-07-23,0.1920078992843628
1994-07-24,0.1616579294204712
1994-07-25,0.16461977362632751
1994-07-26,0.19388939440250397
1994-07-27,0.19962133467197418
1994-07-28,0.221050426363945
1994-07-29,0.23006388545036316
1994-07-30,0.2559700608253479
1994-07-31,0.25471410155296326
1994-08-01,0.2603493332862854
1994-08-02,0.23545286059379578
1994-08-03,0.24723169207572937
1994-08-04,0.2630297541618347
1994-08-05,0.2744249403476715
1994-08-06,0.2920495569705963
1994-08-07,0.2781556248664856
1994-08-08,0.2729637920856476
1994-08-09,0.2714921236038208
1994-08-10,0.27804678678512573
1994-08-11,0.2627529501914978
1994-08-12,0.2661927044391632
1994-08-13,0.2507082521915436
1994-08-14,0.25391218066215515
1994-08-15,0.2645401656627655
1994-08-16,0.2631056010723114
1994-08-17,0.2754065990447998
1994-08-18,0.269681841135025
1994-08-19,0.26074838638305664
1994-08-20,0.2866404950618744
1994-08-21,0.2817932665348053
1994-08-22,0.27793118357658386
1994-08-23,0.28042638301849365
1994-08-24,0.2864449620246887
1994-08-25,0.2631528079509735
1994-08-26,0.2544279396533966
1994-08-27,0.22162431478500366
1994-08-28,0.18343693017959595
1994-08-29,0.2029455006122589
1994-08-30,0.2146119475364685
1994-08-31,0.22479377686977386
1994-09-01,0.2251017987728119
1994-09-02,0.24270880222320557
1994-09-03,0.24206212162971497
1994-09-04,0.20021162927150726
1994-09-05,0.21258750557899475
1994-09-06,0.20042391121387482
1994-09-07,0.1776934415102005
1994-09-08,0.18968762457370758
1994-09-09,0.20495513081550598
1994-09-10,0.20066902041435242
1994-09-11,0.2034757286310196
1994-09-12,0.20193716883659363
1994-09-13,0.20554988086223602
1994-09-14,0.2178160697221756
1994-09-15,0.2296120524406433
1994-09-16,0.23709750175476074
1994-09-17,0.21974562108516693
1994-09-18,0.20817360281944275
1994-09-19,0.19991450011730194
1994-09-20,0.19895726442337036
1994-09-21,0.17159102857112885
1994-09-22,0.21224640309810638
1994-09-23,0.21310031414031982
1994-09-24,0.17258644104003906
1994-09-25,0.16139818727970123
1994-09-26,0.17221800982952118
1994-09-27,0.17537112534046173
1994-09-28,0.189332976937294
1994-09-29,0.1785723865032196
1994-09-30,0.17966900765895844
1994-10-01,0.17120416462421417
1994-10-02,0.18118438124656677
1994-10-03,0.18685679137706757
1994-10-04,0.20025764405727386
1994-10-05,0.22489050030708313
1994-10-06,0.22301624715328217
1994-10-07,0.20515352487564087
1994-10-08,0.19251777231693268
1994-10-09,0.17747896909713745
1994-10-10,0.1827259063720703
1994-10-11,0.17908316850662231
1994-10-12,0.18713732063770294
1994-10-13,0.1788480281829834
1994-10-14,0.17949050664901733
1994-10-15,0.1926097571849823
1994-10-16,0.17424197494983673
1994-10-17,0.18310721218585968
1994-10-18,0.1731593757867813
1994-10-19,0.17560848593711853
1994-10-20,0.17133702337741852
1994-10-21,0.19246795773506165
1994-10-22,0.18911147117614746
1994-10-23,0.19327789545059204
1994-10-24,0.1725740283727646
1994-10-25,0.1657702773809433
1994-10-26,0.17824605107307434
1994-10-27,0.16405127942562103
1994-10-28,0.1741715371608734
1994-10-29,0.19106389582157135
1994-10-30,0.16853338479995728
1994-10-31,0.16633009910583496
1994-11-01,0.17939673364162445
1994-11-02,0.18726417422294617
1994-11-03,0.19930517673492432
1994-11-04,0.20785026252269745
1994-11-05,0.20316483080387115
1994-11-06,0.1974281519651413
1994-11-07,0.21215346455574036
1994-11-08,0.20168660581111908
1994-11-09,0.1870599240064621
1994-11-10,0.19031922519207
1994-11-11,0.18398888409137726
1994-11-12,0.16972170770168304
1994-11-13,0.15788604319095612
1994-11-14,0.16800445318222046
1994-11-15,0.15917019546031952
1994-11-16,0.1810331791639328
1994-11-17,0.19364237785339355
1994-11-18,0.1986292153596878
1994-11-19,0.19078819453716278
1994-11-20,0.18284504115581512
1994-11-21,0.19754740595817566
1994-11-22,0.2102080136537552
1994-11-23,0.19949965178966522
1994-11-24,0.20388047397136688
1994-11-25,0.1971556544303894
1994-11-26,0.19097812473773956
1994-11-27,0.1773664653301239
1994-11-28,0.18804028630256653
1994-11-29,0.2052619308233261
1994-11-30,0.21887600421905518
1994-12-01,0.2348623126745224
1994-12-02,0.2407987117767334
1994-12-03,0.26601535081863403
1994-12-04,0.2726755440235138
1994-12-05,0.27817365527153015
1994-12-06,0.2725164592266083
1994-12-07,0.2597370147705078
1994-12-08,0.24749815464019775
1994-12-09,0.24477507174015045
1994-12-10,0.23112058639526367
1994-12-11,0.24709048867225647
1994-12-12,0.24524633586406708
1994-12-13,0.25166159868240356
1994-12-14,0.24942801892757416
1994-12-15,0.2531004548072815
1994-12-16,0.2562231123447418
1994-12-17,0.26593267917633057
1994-12-18,0.23591522872447968
1994-12-19,0.24305763840675354
1994-12-20,0.24400107562541962
1994-12-21,0.22822365164756775
1994-12-22,0.25698062777519226
1994-12-23,0.26340076327323914
1994-12-24,0.2928081452846527
1994-12-25,0.3008163273334503
1994-12-26,0.2901455760002136
1994-12-27,0.26856565475463867
1994-12-28,0.2755240499973297
1994-12-29,0.26841750741004944
1994-12-30,0.2695537805557251
1994-12-31,0.21439307928085327
1995-01-01,0.17622853815555573
1995-01-02,0.19348356127738953
1995-01-03,0.20563974976539612
1995-01-04,0.22026045620441437
1995-01-05,0.19148172438144684
1995-01-06,0.19768866896629333
1995-01-07,0.1868598312139511
1995-01-08,0.19489189982414246
1995-01-09,0.20197473466396332
1995-01-10,0.1968124806880951
1995-01-11,0.2111990749835968
1995-01-12,0.21406729519367218
1995-01-13,0.20596306025981903
1995-01-14,0.18529638648033142
1995-01-15,0.18160998821258545
1995-01-16,0.1810036301612854
1995-01-17,0.1675102710723877
1995-01-18,0.14730770885944366
1995-01-19,0.1442851722240448
1995-01-20,0.15129153430461884
1995-01-21,0.14465881884098053
1995-01-22,0.15476413071155548
1995-01-23,0.15409284830093384
1995-01-24,0.17053183913230896
1995-01-25,0.17789144814014435
1995-01-26,0.17298702895641327
1995-01-27,0.16716916859149933
1995-01-28,0.166757732629776
1995-01-29,0.14789699018001556
1995-01-30,0.1487898975610733
1995-01-31,0.14051054418087006
1995-02-01,0.14965879917144775
1995-02-02,0.15484417974948883
1995-02-03,0.14392903447151184
1995-02-04,0.1334362030029297
1995-02-05,0.12367741763591766
1995-02-06,0.11608368903398514
1995-02-07,0.11535562574863434
1995-02-08,0.11278320848941803
1995-02-09,0.10807491093873978
1995-02-10,0.10186980664730072
1995-02-11,0.13007806241512299
1995-02-12,0.12329716235399246
1995-02-13,0.11887165158987045
1995-02-14,0.11777100712060928
1995-02-15,0.11569032073020935
1995-02-16,0.09796696901321411
1995-02-17,0.09697483479976654
1995-02-18,0.07959891855716705
1995-02-19,0.08291775733232498
1995-02-20,0.04988046735525131
1995-02-21,0.04994294047355652
1995-02-22,0.05089670419692993
1995-02-23,0.05009559169411659
1995-02-24,0.05946996435523033
1995-02-25,0.045637208968400955
1995-02-26,0.06450111418962479
1995-02-27,0.0732865035533905
1995-02-28,0.07564590126276016
1995-03-01,0.06310148537158966
1995-03-02,0.04793436825275421
1995-03-03,0.033823106437921524
1995-03-04,0.024849822744727135
1995-03-05,0.022475728765130043
1995-03-06,0.009051026776432991
1995-03-07,-0.0163849089294672
1995-03-08,-0.027682332322001457
1995-03-09,-0.03200250118970871
1995-03-10,-0.04153720661997795
1995-03-11,-0.028519779443740845
1995-03-12,-0.010900739580392838
1995-03-13,-0.0019630510360002518
1995-03-14,-0.013781031593680382
1995-03-15,-0.008552918210625648
1995-03-16,-0.008092214353382587
1995-03-17,-0.00442482577636838
1995-03-18,-0.013208556920289993
1995-03-19,-0.030648227781057358
1995-03-20,-0.018504705280065536
1995-03-21,-0.020362453535199165
1995-03-22,-0.00925928819924593
1995-03-23,-0.023408964276313782
1995-03-24,-0.023124950006604195
1995-03-25,-0.018266838043928146
1995-03-26,0.017082737758755684
1995-03-27,0.018171468749642372
1995-03-28,0.008858729153871536
1995-03-29,0.01959979720413685
1995-03-30,0.025754814967513084
1995-03-31,0.026685018092393875
1995-04-01,0.019499290734529495
1995-04-02,0.005674016661942005
1995-04-03,0.0065623689442873
1995-04-04,0.016906997188925743
1995-04-05,0.03133348375558853
1995-04-06,0.04126532003283501
1995-04-07,0.05738931894302368
1995-04-08,0.04736917465925217
1995-04-09,0.053917575627565384
1995-04-10,0.06415504962205887
1995-04-11,0.05942610278725624
1995-04-12,0.06706984341144562
1995-04-13,0.0746852234005928
1995-04-14,0.07716047763824463
1995-04-15,0.08208653330802917
1995-04-16,0.10279273986816406
1995-04-17,0.1143580824136734
1995-04-18,0.10532091557979584
1995-04-19,0.0873454138636589
1995-04-20,0.09322920441627502
1995-04-21,0.07639817148447037
1995-04-22,0.057108934968709946
1995-04-23,0.06264670938253403
1995-04-24,0.054876573383808136
1995-04-25,0.06408336013555527
1995-04-26,0.08270535618066788
1995-04-27,0.10537062585353851
1995-04-28,0.0991169735789299
1995-04-29,0.11201663315296173
1995-04-30,0.0980612114071846
1995-05-01,0.0942034125328064
1995-05-02,0.10085560381412506
1995-05-03,0.10514678806066513
1995-05-04,0.09838128834962845
1995-05-05,0.07306092232465744
1995-05-06,0.022909391671419144
1995-05-07,0.03767237067222595
1995-05-08,0.03584381192922592
1995-05-09,0.030038006603717804
1995-05-10,0.03996196389198303
1995-05-11,0.028103040531277657
1995-05-12,0.02641022764146328
1995-05-13,0.036496035754680634
1995-05-14,0.05486546456813812
1995-05-15,0.0571727529168129
1995-05-16,0.06939386576414108
1995-05-17,0.06393605470657349
1995-05-18,0.046760011464357376
1995-05-19,0.043628763407468796
1995-05-20,0.021111922338604927
1995-05-21,0.014132093638181686
1995-05-22,0.022581368684768677
1995-05-23,0.01644877716898918
1995-05-24,0.03709082305431366
1995-05-25,0.033382758498191833
1995-05-26,0.019042249768972397
1995-05-27,-0.007815373130142689
1995-05-28,-0.023482050746679306
1995-05-29,-0.02454330399632454
1995-05-30,-0.02812276780605316
1995-05-31,-0.017802519723773003
1995-06-01,-0.024837715551257133
1995-06-02,-0.033743392676115036
1995-06-03,-0.03952287137508392
1995-06-04,-0.039655931293964386
1995-06-05,-0.032418929040431976
1995-06-06,-0.01840745471417904
1995-06-07,-0.015591535717248917
1995-06-08,-0.026459794491529465
1995-06-09,-0.01895875111222267
1995-06-10,-0.04125919193029404
1995-06-11,-0.06227593123912811
1995-06-12,-0.04655022174119949
1995-06-13,-0.04359152168035507
1995-06-14,-0.029917968437075615
1995-06-15,-0.032314009964466095
1995-06-16,-0.0266958549618721
1995-06-17,-0.04525464028120041
1995-06-18,-0.04783976450562477
1995-06-19,-0.05195377394556999
1995-06-20,-0.03616316244006157
1995-06-21,-0.03082198277115822
1995-06-22,-0.05010881647467613
1995-06-23,-0.04984619468450546
1995-06-24,-0.05702890455722809
1995-06-25,-0.037803053855895996
1995-06-26,-0.02040092833340168
1995-06-27,-0.03285245969891548
1995-06-28,-0.026239968836307526
1995-06-29,-0.022323884069919586
1995-06-30,-0.017260057851672173
1995-07-01,-0.023405497893691063
1995-07-02,-0.011396793648600578
1995-07-03,-0.00022206483117770404
1995-07-04,0.01102470513433218
1995-07-05,0.021802378818392754
1995-07-06,0.00954053271561861
1995-07-07,0.00793331116437912
1995-07-08,0.015319186262786388
1995-07-09,0.01920766942203045
1995-07-10,0.029787804931402206
1995-07-11,0.02414586953818798
1995-07-12,0.037462033331394196
1995-07-13,0.029607687145471573
1995-07-14,0.03993924707174301
1995-07-15,0.03908088058233261
1995-07-16,0.04279576987028122
1995-07-17,0.07281120866537094
1995-07-18,0.044755928218364716
1995-07-19,0.05333539843559265
1995-07-20,0.04814697429537773
1995-07-21,0.033630505204200745
1995-07-22,0.026256373152136803
1995-07-23,0.03910500928759575
1995-07-24,0.03959301486611366
1995-07-25,0.061366282403469086
1995-07-26,0.0824546068906784
1995-07-27,0.08957076817750931
1995-07-28,0.08743540197610855
1995-07-29,0.08659457415342331
1995-07-30,0.09366425126791
1995-07-31,0.10962977260351181
1995-08-01,0.10411251336336136
1995-08-02,0.09206552803516388
1995-08-03,0.11129020154476166
1995-08-04,0.12313171476125717
1995-08-05,0.10891745984554291
1995-08-06,0.09216567873954773
1995-08-07,0.1088639497756958
1995-08-08,0.0636034831404686
1995-08-09,0.08097623288631439
1995-08-10,0.08849699050188065
1995-08-11,0.08797970414161682
1995-08-12,0.08425397425889969
1995-08-13,0.08007724583148956
1995-08-14,0.08258438110351562
1995-08-15,0.07631054520606995
1995-08-16,0.08821821957826614
1995-08-17,0.10362528264522552
1995-08-18,0.10284373909235
1995-08-19,0.13925105333328247
1995-08-20,0.14091134071350098
1995-08-21,0.1400231570005417
1995-08-22,0.14996638894081116
1995-08-23,0.14864742755889893
1995-08-24,0.15375424921512604
1995-08-25,0.1480087786912918
1995-08-26,0.16922646760940552
1995-08-27,0.1822376698255539
1995-08-28,0.18257305026054382
1995-08-29,0.2007918506860733
1995-08-30,0.21452796459197998
1995-08-31,0.2304830402135849
1995-09-01,0.21626396477222443
1995-09-02,0.1938757747411728
1995-09-03,0.1971340775489807
1995-09-04,0.19191758334636688
1995-09-05,0.186846524477005
1995-09-06,0.1999189406633377
1995-09-07,0.2084713578224182
1995-09-08,0.22268284857273102
1995-09-09,0.23121045529842377
1995-09-10,0.2171333283185959
1995-09-11,0.21305835247039795
1995-09-12,0.20661364495754242
1995-09-13,0.20449547469615936
1995-09-14,0.20660479366779327
1995-09-15,0.20199286937713623
1995-09-16,0.19267460703849792
1995-09-17,0.22957314550876617
1995-09-18,0.23589342832565308
1995-09-19,0.23338699340820312
1995-09-20,0.22737805545330048
1995-09-21,0.21635745465755463
1995-09-22,0.20361167192459106
1995-09-23,0.20408371090888977
1995-09-24,0.21283385157585144
1995-09-25,0.22255991399288177
1995-09-26,0.24407146871089935
1995-09-27,0.23733708262443542
1995-09-28,0.2269374430179596
1995-09-29,0.22701498866081238
1995-09-30,0.23336239159107208
1995-10-01,0.24961325526237488
1995-10-02,0.24988248944282532
1995-10-03,0.2545779049396515
1995-10-04,0.24925312399864197
1995-10-05,0.25751829147338867
1995-10-06,0.25062239170074463
1995-10-07,0.24007156491279602
1995-10-08,0.23587769269943237
1995-10-09,0.22257398068904877
1995-10-10,0.203022301197052
1995-10-11,0.22320528328418732
1995-10-12,0.21812944114208221
1995-10-13,0.2100420445203781
1995-10-14,0.21296697854995728
1995-10-15,0.19639073312282562
1995-10-16,0.22269538044929504
1995-10-17,0.22458894550800323
1995-10-18,0.2115856111049652
1995-10-19,0.19683371484279633
1995-10-20,0.19745266437530518
1995-10-21,0.19395217299461365
1995-10-22,0.21577408909797668
1995-10-23,0.22921952605247498
1995-10-24,0.22424493730068207
1995-10-25,0.24556352198123932
1995-10-26,0.23795819282531738
1995-10-27,0.2371082901954651
1995-10-28,0.21749481558799744
1995-10-29,0.22171546518802643
1995-10-30,0.22074364125728607
1995-10-31,0.2197471559047699
1995-11-01,0.24512805044651031
1995-11-02,0.23554334044456482
1995-11-03,0.23245008289813995
1995-11-04,0.22194169461727142
1995-11-05,0.23636093735694885
1995-11-06,0.23902569711208344
1995-11-07,0.23652240633964539
1995-11-08,0.23039060831069946
1995-11-09,0.21724699437618256
1995-11-10,0.1818193793296814
1995-11-11,0.15106622874736786
1995-11-12,0.14619725942611694
1995-11-13,0.14528250694274902
1995-11-14,0.13335248827934265
1995-11-15,0.13051731884479523
1995-11-16,0.1357199251651764
1995-11-17,0.14454452693462372
1995-11-18,0.11614033579826355
1995-11-19,0.10497263073921204
1995-11-20,0.10708832740783691
1995-11-21,0.11583887040615082
1995-11-22,0.12164752185344696
1995-11-23,0.11732698231935501
1995-11-24,0.12319564819335938
1995-11-25,0.12253621220588684
1995-11-26,0.09165824949741364
1995-11-27,0.1044551283121109
1995-11-28,0.10761679708957672
1995-11-29,0.1257539689540863
1995-11-30,0.12898951768875122
1995-12-01,0.14278894662857056
1995-12-02,0.11559303104877472
1995-12-03,0.11305255442857742
1995-12-04,0.10873548686504364
1995-12-05,0.11116721481084824
1995-12-06,0.12310614436864853
1995-12-07,0.12548188865184784
1995-12-08,0.13173186779022217
1995-12-09,0.08275149762630463
1995-12-10,0.08747196197509766
1995-12-11,0.08409510552883148
1995-12-12,0.09588705003261566
1995-12-13,0.09769099950790405
1995-12-14,0.0985131710767746
1995-12-15,0.104535311460495
1995-12-16,0.0874846950173378
1995-12-17,0.07293827086687088
1995-12-18,0.07646819949150085
1995-12-19,0.07130030542612076
1995-12-20,0.0873388946056366
1995-12-21,0.0808996856212616
1995-12-22,0.06379377096891403
1995-12-23,0.11074180901050568
1995-12-24,0.0577855110168457
1995-12-25,0.036841511726379395
1995-12-26,0.0326848030090332
1995-12-27,0.0453832671046257
1995-12-28,0.008356612175703049
1995-12-29,0.038358695805072784
1995-12-30,-0.014352126978337765
1995-12-31,0.021689414978027344
1996-01-01,0.04463672637939453
1996-01-02,0.057131171226501465
1996-01-03,0.067557193338871
1996-01-04,0.06244802102446556
1996-01-05,0.044692136347293854
1996-01-06,0.03267455846071243
1996-01-07,0.019952161237597466
1996-01-08,0.009318917989730835
1996-01-09,0.014248192310333252
1996-01-10,0.028089936822652817
1996-01-11,0.002055591903626919
1996-01-12,0.010915365070104599
1996-01-13,-0.008994650095701218
1996-01-14,-0.012781049124896526
1996-01-15,-0.0075056287460029125
1996-01-16,0.016308622434735298
1996-01-17,0.033567629754543304
1996-01-18,0.035436276346445084
1996-01-19,0.03394642099738121
1996-01-20,0.03412486985325813
1996-01-21,0.035673920065164566
1996-01-22,0.03684058412909508
1996-01-23,0.05172501504421234
1996-01-24,0.04190348461270332
1996-01-25,0.031859226524829865
1996-01-26,0.017913492396473885
1996-01-27,0.007609430234879255
1996-01-28,0.014357789419591427
1996-01-29,0.027906041592359543
1996-01-30,0.02979752980172634
1996-01-31,0.0407857708632946
1996-02-01,0.04589468240737915
1996-02-02,0.038404203951358795
1996-02-03,-0.003885110840201378
1996-02-04,-0.01884067989885807
1996-02-05,-0.026722723618149757
1996-02-06,-0.009889725595712662
1996-02-07,0.0025935140438377857
1996-02-08,0.0027544843032956123
1996-02-09,0.03159632906317711
1996-02-10,0.04433389753103256
1996-02-11,0.06314748525619507
1996-02-12,0.07495258003473282
1996-02-13,0.09227432310581207
1996-02-14,0.09051626920700073
1996-02-15,0.0910869762301445
1996-02-16,0.09422164410352707
1996-02-17,0.08607256412506104
1996-02-18,0.08130574971437454
1996-02-19,0.08964028209447861
1996-02-20,0.09849251061677933
1996-02-21,0.0929698497056961
1996-02-22,0.09536141157150269
1996-02-23,0.10522309690713882
1996-02-24,0.08189933001995087
1996-02-25,0.09495276212692261
1996-02-26,0.10350684821605682
1996-02-27,0.09330469369888306
1996-02-28,0.095203697681427
1996-02-29,0.08303657919168472
1996-03-01,0.08912304043769836
1996-03-02,0.09776684641838074
1996-03-03,0.09680010378360748
1996-03-04,0.0978870838880539
1996-03-05,0.08866065740585327
1996-03-06,0.08757613599300385
1996-03-07,0.09998655319213867
1996-03-08,0.09636561572551727
1996-03-09,0.08486645668745041
1996-03-10,0.10945873707532883
1996-03-11,0.1027768924832344
1996-03-12,0.11009053885936737
1996-03-13,0.10342272371053696
1996-03-14,0.10463342070579529
1996-03-15,0.09658101946115494
1996-03-16,0.09712354838848114
1996-03-17,0.1035040095448494
1996-03-18,0.09161095321178436
1996-03-19,0.10487104207277298
1996-03-20,0.132619246840477
1996-03-21,0.13596118986606598
1996-03-22,0.12541823089122772
1996-03-23,0.1076994463801384
1996-03-24,0.11705116182565689
1996-03-25,0.1164141297340393
1996-03-26,0.11859951913356781
1996-03-27,0.1210487112402916
1996-03-28,0.12826254963874817
1996-03-29,0.11340540647506714
1996-03-30,0.0981031283736229
1996-03-31,0.10115939378738403
1996-04-01,0.11229611933231354
1996-04-02,0.0966976061463356
1996-04-03,0.09559231251478195
1996-04-04,0.09538561850786209
1996-04-05,0.0866636335849762
1996-04-06,0.08441757410764694
1996-04-07,0.07770979404449463
1996-04-08,0.08531954139471054
1996-04-09,0.07597360014915466
1996-04-10,0.08014336973428726
1996-04-11,0.09165135025978088
1996-04-12,0.10855776071548462
1996-04-13,0.14116434752941132
1996-04-14,0.13526275753974915
1996-04-15,0.14210756123065948
1996-04-16,0.14504374563694
1996-04-17,0.1501370221376419
1996-04-18,0.1533658802509308
1996-04-19,0.16127972304821014
1996-04-20,0.129074826836586
1996-04-21,0.1401425153017044
1996-04-22,0.13366608321666718
1996-04-23,0.13563832640647888
1996-04-24,0.1361357569694519
1996-04-25,0.14739340543746948
1996-04-26,0.14013004302978516
1996-04-27,0.13911035656929016
1996-04-28,0.1374770700931549
1996-04-29,0.15332545340061188
1996-04-30,0.14060556888580322
1996-05-01,0.13465078175067902
1996-05-02,0.14166396856307983
1996-05-03,0.1526329070329666
1996-05-04,0.13890501856803894
1996-05-05,0.1443406641483307
1996-05-06,0.1397499442100525
1996-05-07,0.14534471929073334
1996-05-08,0.13789547979831696
1996-05-09,0.13522103428840637
1996-05-10,0.11068917065858841
1996-05-11,0.08151524513959885
1996-05-12,0.10572517663240433
1996-05-13,0.12387198954820633
1996-05-14,0.12377391010522842
1996-05-15,0.126253142952919
1996-05-16,0.1198456883430481
1996-05-17,0.12974920868873596
1996-05-18,0.11195105314254761
1996-05-19,0.14851732552051544
1996-05-20,0.12037578970193863
1996-05-21,0.1264779418706894
1996-05-22,0.1320056915283203
1996-05-23,0.12527035176753998
1996-05-24,0.12719973921775818
1996-05-25,0.08887413144111633
1996-05-26,0.10052504390478134
1996-05-27,0.10096422582864761
1996-05-28,0.10454520583152771
1996-05-29,0.12479793280363083
1996-05-30,0.13332995772361755
1996-05-31,0.15293793380260468
1996-06-01,0.13352015614509583
1996-06-02,0.10462620109319687
1996-06-03,0.11471456289291382
1996-06-04,0.1155366376042366
1996-06-05,0.13153278827667236
1996-06-06,0.11755870282649994
1996-06-07,0.1085035428404808
1996-06-08,0.11082074046134949
1996-06-09,0.12273918837308884
1996-06-10,0.11929990351200104
1996-06-11,0.11090734601020813
1996-06-12,0.11578021198511124
1996-06-13,0.11821399629116058
1996-06-14,0.09774519503116608
1996-06-15,0.05914577841758728
1996-06-16,0.04094203561544418
1996-06-17,0.05712418630719185
1996-06-18,0.051607172936201096
1996-06-19,0.06192462146282196
1996-06-20,0.07007310539484024
1996-06-21,0.059256572276353836
1996-06-22,0.028265707194805145
1996-06-23,-0.008185416460037231
1996-06-24,0.008728438057005405
1996-06-25,0.014634071849286556
1996-06-26,0.015030802227556705
1996-06-27,0.020968083292245865
1996-06-28,0.03590380400419235
1996-06-29,0.03915386646986008
1996-06-30,0.06922877579927444
1996-07-01,0.07223308086395264
1996-07-02,0.06884364038705826
1996-07-03,0.09165648370981216
1996-07-04,0.06956262141466141
1996-07-05,0.08873963356018066
1996-07-06,0.05843449756503105
1996-07-07,0.08057879656553268
1996-07-08,0.08455614000558853
1996-07-09,0.06957768648862839
1996-07-10,0.07584819197654724
1996-07-11,0.06523124128580093
1996-07-12,0.08586212247610092
1996-07-13,0.0817546397447586
1996-07-14,0.1098693385720253
1996-07-15,0.10826858133077621
1996-07-16,0.1336945742368698
1996-07-17,0.13259755074977875
1996-07-18,0.1292649805545807
1996-07-19,0.14067953824996948
1996-07-20,0.1482364386320114
1996-07-21,0.1590602546930313
1996-07-22,0.14629437029361725
1996-07-23,0.14228524267673492
1996-07-24,0.12678608298301697
1996-07-25,0.11779899150133133
1996-07-26,0.1177196130156517
1996-07-27,0.0958811417222023
1996-07-28,0.09549393504858017
1996-07-29,0.08701866865158081
1996-07-30,0.09582852572202682
1996-07-31,0.10703921318054199
1996-08-01,0.1156010776758194
1996-08-02,0.12050768733024597
1996-08-03,0.13390988111495972
1996-08-04,0.14815279841423035
1996-08-05,0.146095871925354
1996-08-06,0.15253512561321259
1996-08-07,0.14667920768260956
1996-08-08,0.15256157517433167
1996-08-09,0.1536608636379242
1996-08-10,0.15564702451229095
1996-08-11,0.16649053990840912
1996-08-12,0.15757383406162262
1996-08-13,0.13897903263568878
1996-08-14,0.1426445096731186
1996-08-15,0.15820594131946564
1996-08-16,0.1608419418334961
1996-08-17,0.1692187637090683
1996-08-18,0.17721259593963623
1996-08-19,0.17015820741653442
1996-08-20,0.17701712250709534
1996-08-21,0.18873028457164764
1996-08-22,0.18814663589000702
1996-08-23,0.1790730059146881
1996-08-24,0.17160716652870178
1996-08-25,0.17594483494758606
1996-08-26,0.17787469923496246
1996-08-27,0.1747669279575348
1996-08-28,0.1837952435016632
1996-08-29,0.18140245974063873
1996-08-30,0.1889394074678421
1996-08-31,0.19472715258598328
1996-09-01,0.19999143481254578
1996-09-02,0.20192785561084747
1996-09-03,0.2028350681066513
1996-09-04,0.1911328136920929
1996-09-05,0.18900015950202942
1996-09-06,0.19051800668239594
1996-09-07,0.18351991474628448
1996-09-08,0.19238561391830444
1996-09-09,0.19564740359783173
1996-09-10,0.19294233620166779
1996-09-11,0.19207896292209625
1996-09-12,0.19098900258541107
1996-09-13,0.19461311399936676
1996-09-14,0.21358059346675873
1996-09-15,0.2310112863779068
1996-09-16,0.22066253423690796
1996-09-17,0.23077858984470367
1996-09-18,0.2190474271774292
1996-09-19,0.19642777740955353
1996-09-20,0.20670679211616516
1996-09-21,0.20955507457256317
1996-09-22,0.21529033780097961
1996-09-23,0.2402183711528778
1996-09-24,0.22817546129226685
1996-09-25,0.23587457835674286
1996-09-26,0.24467986822128296
1996-09-27,0.23844179511070251
1996-09-28,0.24157316982746124
1996-09-29,0.2552231252193451
1996-09-30,0.26448315382003784
1996-10-01,0.26354649662971497
1996-10-02,0.2835617661476135
1996-10-03,0.2767457365989685
1996-10-04,0.29129043221473694
1996-10-05,0.2773485779762268
1996-10-06,0.2710590958595276
1996-10-07,0.2544575333595276
1996-10-08,0.2502487301826477
1996-10-09,0.2685471475124359
1996-10-10,0.2656191885471344
1996-10-11,0.2285890281200409
1996-10-12,0.24717339873313904
1996-10-13,0.25979024171829224
1996-10-14,0.2576099932193756
1996-10-15,0.2565421462059021
1996-10-16,0.2511166036128998
1996-10-17,0.2490531951189041
1996-10-18,0.25189638137817383
1996-10-19,0.20739203691482544
1996-10-20,0.18353000283241272
1996-10-21,0.19188465178012848
1996-10-22,0.2023565024137497
1996-10-23,0.20844413340091705
1996-10-24,0.2195584774017334
1996-10-25,0.23909439146518707
1996-10-26,0.24174050986766815
1996-10-27,0.2725561559200287
1996-10-28,0.25985872745513916
1996-10-29,0.2225094735622406
1996-10-30,0.22871610522270203
1996-10-31,0.23885145783424377
1996-11-01,0.2444203794002533
1996-11-02,0.24593505263328552
1996-11-03,0.2573796212673187
1996-11-04,0.2600718140602112
1996-11-05,0.2779870927333832
1996-11-06,0.2801813781261444
1996-11-07,0.28569185733795166
1996-11-08,0.3211555480957031
1996-11-09,0.31171905994415283
1996-11-10,0.30482175946235657
1996-11-11,0.30575016140937805
1996-11-12,0.3080768585205078
1996-11-13,0.30438414216041565
1996-11-14,0.298776239156723
1996-11-15,0.2872462272644043
1996-11-16,0.2880067825317383
1996-11-17,0.2535049319267273
1996-11-18,0.25125810503959656
1996-11-19,0.2649520933628082
1996-11-20,0.2589097321033478
1996-11-21,0.24440491199493408
1996-11-22,0.2201451063156128
1996-11-23,0.2084958404302597
1996-11-24,0.18005074560642242
1996-11-25,0.20904727280139923
1996-11-26,0.21547769010066986
1996-11-27,0.23463718593120575
1996-11-28,0.2316654473543167
1996-11-29,0.23830381035804749
1996-11-30,0.24527640640735626
1996-12-01,0.29125121235847473
1996-12-02,0.31253334879875183
1996-12-03,0.32258909940719604
1996-12-04,0.3213430941104889
1996-12-05,0.3309531807899475
1996-12-06,0.33309343457221985
1996-12-07,0.3110334575176239
1996-12-08,0.3365829885005951
1996-12-09,0.352998286485672
1996-12-10,0.3517080843448639
1996-12-11,0.33089083433151245
1996-12-12,0.32097217440605164
1996-12-13,0.3200870752334595
1996-12-14,0.33289849758148193
1996-12-15,0.32458198070526123
1996-12-16,0.3185284435749054
1996-12-17,0.3104282021522522
1996-12-18,0.3082733750343323
1996-12-19,0.2873254120349884
1996-12-20,0.26304367184638977
1996-12-21,0.27303192019462585
1996-12-22,0.2881457209587097
1996-12-23,0.2956629693508148
1996-12-24,0.2947060465812683
1996-12-25,0.3266697824001312
1996-12-26,0.34039831161499023
1996-12-27,0.31792396306991577
1996-12-28,0.3541800379753113
1996-12-29,0.3572455048561096
1996-12-30,0.38940706849098206
1996-12-31,0.3829175531864166
1997-01-01,0.39043882489204407
1997-01-02,0.383863240480423
1997-01-03,0.3848620653152466
1997-01-04,0.3434155583381653
1997-01-05,0.3316963315010071
1997-01-06,0.3316666781902313
1997-01-07,0.3192727565765381
1997-01-08,0.32409346103668213
1997-01-09,0.3452107012271881
1997-01-10,0.35024985671043396
1997-01-11,0.3407858610153198
1997-01-12,0.3185548782348633
1997-01-13,0.3318835496902466
1997-01-14,0.3274065852165222
1997-01-15,0.3501424193382263
1997-01-16,0.37019649147987366
1997-01-17,0.35072875022888184
1997-01-18,0.35336577892303467
1997-01-19,0.3657258152961731
1997-01-20,0.35780075192451477
1997-01-21,0.3575405478477478
1997-01-22,0.35672229528427124
1997-01-23,0.3663259744644165
1997-01-24,0.36150145530700684
1997-01-25,0.3767073452472687
1997-01-26,0.3629513382911682
1997-01-27,0.3364291191101074
1997-01-28,0.33941367268562317
1997-01-29,0.34434276819229126
1997-01-30,0.34797799587249756
1997-01-31,0.3402487635612488
1997-02-01,0.33594560623168945
1997-02-02,0.36664915084838867
1997-02-03,0.3762531876564026
1997-02-04,0.3689773976802826
1997-02-05,0.3722246289253235
1997-02-06,0.3561812937259674
1997-02-07,0.35166528820991516
1997-02-08,0.3484199047088623
1997-02-09,0.34385547041893005
1997-02-10,0.3432159423828125
1997-02-11,0.3241143524646759
1997-02-12,0.3256068825721741
1997-02-13,0.32667404413223267
1997-02-14,0.32019469141960144
1997-02-15,0.31756484508514404
1997-02-16,0.3093559145927429
1997-02-17,0.2935982644557953
1997-02-18,0.29796403646469116
1997-02-19,0.2870914936065674
1997-02-20,0.2724539637565613
1997-02-21,0.2711477279663086
1997-02-22,0.270477831363678
1997-02-23,0.25585317611694336
1997-02-24,0.28302231431007385
1997-02-25,0.27918437123298645
1997-02-26,0.2949168086051941
1997-02-27,0.26646608114242554
1997-02-28,0.24498847126960754
1997-03-01,0.21955838799476624
1997-03-02,0.21796664595603943
1997-03-03,0.21801695227622986
1997-03-04,0.24067865312099457
1997-03-05,0.24091561138629913
1997-03-06,0.2343309372663498
1997-03-07,0.23695646226406097
1997-03-08,0.24931609630584717
1997-03-09,0.2419242560863495
1997-03-10,0.23413126170635223
1997-03-11,0.22657254338264465
1997-03-12,0.22275039553642273
1997-03-13,0.21593879163265228
1997-03-14,0.2118460237979889
1997-03-15,0.22013692557811737
1997-03-16,0.23448878526687622
1997-03-17,0.22805741429328918
1997-03-18,0.24050544202327728
1997-03-19,0.25300368666648865
1997-03-20,0.2401321977376938
1997-03-21,0.24036327004432678
1997-03-22,0.21660944819450378
1997-03-23,0.23105637729167938
1997-03-24,0.22389554977416992
1997-03-25,0.22573335468769073
1997-03-26,0.2418869584798813
1997-03-27,0.25313684344291687
1997-03-28,0.25677719712257385
1997-03-29,0.27844053506851196
1997-03-30,0.28633713722229004
1997-03-31,0.2895338535308838
1997-04-01,0.2887824475765228
1997-04-02,0.29557058215141296
1997-04-03,0.29504746198654175
1997-04-04,0.294429212808609
1997-04-05,0.29024383425712585
1997-04-06,0.28440922498703003
1997-04-07,0.2599358856678009
1997-04-08,0.2721889913082123
1997-04-09,0.2748005986213684
1997-04-10,0.2728227376937866
1997-04-11,0.2738402783870697
1997-04-12,0.21891027688980103
1997-04-13,0.2150760442018509
1997-04-14,0.21258454024791718
1997-04-15,0.22462885081768036
1997-04-16,0.2178584635257721
1997-04-17,0.22757115960121155
1997-04-18,0.2222909778356552
1997-04-19,0.23322831094264984
1997-04-20,0.21097885072231293
1997-04-21,0.208744078874588
1997-04-22,0.2112836241722107
1997-04-23,0.21030792593955994
1997-04-24,0.20423078536987305
1997-04-25,0.17776423692703247
1997-04-26,0.1406608521938324
1997-04-27,0.12868154048919678
1997-04-28,0.12143012136220932
1997-04-29,0.12581855058670044
1997-04-30,0.13480472564697266
1997-05-01,0.15439215302467346
1997-05-02,0.162651926279068
1997-05-03,0.18809805810451508
1997-05-04,0.19683021306991577
1997-05-05,0.19721785187721252
1997-05-06,0.18650586903095245
1997-05-07,0.19289232790470123
1997-05-08,0.2091151475906372
1997-05-09,0.1954513043165207
1997-05-10,0.19146062433719635
1997-05-11,0.20560944080352783
1997-05-12,0.20588235557079315
1997-05-13,0.21148079633712769
1997-05-14,0.23257462680339813
1997-05-15,0.22909727692604065
1997-05-16,0.24321579933166504
1997-05-17,0.2653905153274536
1997-05-18,0.27367645502090454
1997-05-19,0.2785317003726959
1997-05-20,0.26905423402786255
1997-05-21,0.26710137724876404
1997-05-22,0.25302135944366455
1997-05-23,0.24239633977413177
1997-05-24,0.21081234514713287
1997-05-25,0.21929070353507996
1997-05-26,0.24407543241977692
1997-05-27,0.246743306517601
1997-05-28,0.25141119956970215
1997-05-29,0.2614893317222595
1997-05-30,0.265471488237381
1997-05-31,0.29304206371307373
1997-06-01,0.32006800174713135
1997-06-02,0.331708163022995
1997-06-03,0.33255618810653687
1997-06-04,0.33306068181991577
1997-06-05,0.31995105743408203
1997-06-06,0.31033608317375183
1997-06-07,0.29834112524986267
1997-06-08,0.3052593469619751
1997-06-09,0.2997283935546875
1997-06-10,0.30361267924308777
1997-06-11,0.30072131752967834
1997-06-12,0.28789567947387695
1997-06-13,0.26574233174324036
1997-06-14,0.24726510047912598
1997-06-15,0.24242782592773438
1997-06-16,0.2550654709339142
1997-06-17,0.28606516122817993
1997-06-18,0.2988697588443756
1997-06-19,0.3117154836654663
1997-06-20,0.31301212310791016
1997-06-21,0.3137677013874054
1997-06-22,0.32511526346206665
1997-06-23,0.3309968411922455
1997-06-24,0.3251808285713196
1997-06-25,0.3331235349178314
1997-06-26,0.34317076206207275
1997-06-27,0.34665343165397644
1997-06-28,0.3552941679954529
1997-06-29,0.3710152804851532
1997-06-30,0.38993287086486816
1997-07-01,0.39353644847869873
1997-07-02,0.39148831367492676
1997-07-03,0.384569376707077
1997-07-04,0.3859638273715973
1997-07-05,0.3560676872730255
1997-07-06,0.3576454520225525
1997-07-07,0.37103283405303955
1997-07-08,0.4183800518512726
1997-07-09,0.4139207601547241
1997-07-10,0.41896677017211914
1997-07-11,0.40987128019332886
1997-07-12,0.4067303240299225
1997-07-13,0.3839207589626312
1997-07-14,0.3754306435585022
1997-07-15,0.3751511871814728
1997-07-16,0.3915916085243225
1997-07-17,0.39120912551879883
1997-07-18,0.37969711422920227
1997-07-19,0.37674978375434875
1997-07-20,0.38424408435821533
1997-07-21,0.38610318303108215
1997-07-22,0.3763192296028137
1997-07-23,0.3802157938480377
1997-07-24,0.38292375206947327
1997-07-25,0.3681337237358093
1997-07-26,0.4029685854911804
1997-07-27,0.4188989996910095
1997-07-28,0.4060661196708679
1997-07-29,0.41290608048439026
1997-07-30,0.42996230721473694
1997-07-31,0.4322226047515869
1997-08-01,0.435846745967865
1997-08-02,0.44130343198776245
1997-08-03,0.44087812304496765
1997-08-04,0.4536849558353424
1997-08-05,0.44482657313346863
1997-08-06,0.4473048746585846
1997-08-07,0.43302157521247864
1997-08-08,0.4352334439754486
1997-08-09,0.4258958399295807
1997-08-10,0.4253632426261902
1997-08-11,0.40055882930755615
1997-08-12,0.3908785879611969
1997-08-13,0.40499773621559143
1997-08-14,0.4108656644821167
1997-08-15,0.4113335609436035
1997-08-16,0.38875019550323486
1997-08-17,0.41289228200912476
1997-08-18,0.4014502465724945
1997-08-19,0.4045160412788391
1997-08-20,0.40597885847091675
1997-08-21,0.3814418613910675
1997-08-22,0.38139253854751587
1997-08-23,0.39463010430336
1997-08-24,0.3798167407512665
1997-08-25,0.378796249628067
1997-08-26,0.38096579909324646
1997-08-27,0.3900640904903412
1997-08-28,0.3731617331504822
1997-08-29,0.3549809753894806
1997-08-30,0.3639451265335083
1997-08-31,0.34909123182296753
1997-09-01,0.33741530776023865
1997-09-02,0.356542706489563
1997-09-03,0.3523102104663849
1997-09-04,0.3583814203739166
1997-09-05,0.3275514841079712
1997-09-06,0.31399551033973694
1997-09-07,0.24130412936210632
1997-09-08,0.24097494781017303
1997-09-09,0.25671759247779846
1997-09-10,0.26345738768577576
1997-09-11,0.27548450231552124
1997-09-12,0.2562861740589142
1997-09-13,0.2780071496963501
1997-09-14,0.29303520917892456
1997-09-15,0.2981495261192322
1997-09-16,0.2940312922000885
1997-09-17,0.30536162853240967
1997-09-18,0.30580663681030273
1997-09-19,0.30022427439689636
1997-09-20,0.23245945572853088
1997-09-21,0.2503505349159241
1997-09-22,0.25868895649909973
1997-09-23,0.25427931547164917
1997-09-24,0.2565861642360687
1997-09-25,0.25227949023246765
1997-09-26,0.23834602534770966
1997-09-27,0.2158285528421402
1997-09-28,0.2271483838558197
1997-09-29,0.22575163841247559
1997-09-30,0.22570012509822845
1997-10-01,0.22147823870182037
1997-10-02,0.22942577302455902
1997-10-03,0.21832679212093353
1997-10-04,0.19228504598140717
1997-10-05,0.16117757558822632
1997-10-06,0.16798879206180573
1997-10-07,0.18499766290187836
1997-10-08,0.20151281356811523
1997-10-09,0.19136160612106323
1997-10-10,0.19590194523334503
1997-10-11,0.18934978544712067
1997-10-12,0.19317223131656647
1997-10-13,0.19171372056007385
1997-10-14,0.2083851546049118
1997-10-15,0.20888184010982513
1997-10-16,0.22181306779384613
1997-10-17,0.2271987497806549
1997-10-18,0.2132079303264618
1997-10-19,0.2560318410396576
1997-10-20,0.22833336889743805
1997-10-21,0.21952791512012482
1997-10-22,0.2226163148880005
1997-10-23,0.2192348688840866
1997-10-24,0.21930167078971863
1997-10-25,0.22937676310539246
1997-10-26,0.24489529430866241
1997-10-27,0.24645444750785828
1997-10-28,0.22863224148750305
1997-10-29,0.22781376540660858
1997-10-30,0.2251211255788803
1997-10-31,0.22972790896892548
1997-11-01,0.23700210452079773
1997-11-02,0.23452997207641602
1997-11-03,0.23884688317775726
1997-11-04,0.22469636797904968
1997-11-05,0.23524624109268188
1997-11-06,0.21433645486831665
1997-11-07,0.20705433189868927
1997-11-08,0.16835875809192657
1997-11-09,0.18300729990005493
1997-11-10,0.16334499418735504
1997-11-11,0.15237709879875183
1997-11-12,0.14788341522216797
1997-11-13,0.11861087381839752
1997-11-14,0.12936599552631378
1997-11-15,0.12490295618772507
1997-11-16,0.11121796071529388
1997-11-17,0.1107604056596756
1997-11-18,0.1324428766965866
1997-11-19,0.1487535834312439
1997-11-20,0.13655318319797516
1997-11-21,0.11232912540435791
1997-11-22,0.15188348293304443
1997-11-23,0.15753889083862305
1997-11-24,0.15390780568122864
1997-11-25,0.15950556099414825
1997-11-26,0.18078061938285828
1997-11-27,0.19505032896995544
1997-11-28,0.19475162029266357
1997-11-29,0.25829678773880005
1997-11-30,0.2809997797012329
1997-12-01,0.30102819204330444
1997-12-02,0.2822161912918091
1997-12-03,0.27183449268341064
1997-12-04,0.2844564616680145
1997-12-05,0.27750104665756226
1997-12-06,0.2622942626476288
1997-12-07,0.2766077220439911
1997-12-08,0.2747623324394226
1997-12-09,0.2751280963420868
1997-12-10,0.26442885398864746
1997-12-11,0.2599891424179077
1997-12-12,0.24124188721179962
1997-12-13,0.21994785964488983
1997-12-14,0.2630162537097931
1997-12-15,0.24654705822467804
1997-12-16,0.2357790172100067
1997-12-17,0.23490577936172485
1997-12-18,0.23284980654716492
1997-12-19,0.2411993443965912
1997-12-20,0.32251477241516113
1997-12-21,0.2982940673828125
1997-12-22,0.3092641532421112
1997-12-23,0.28564453125
1997-12-24,0.27967435121536255
1997-12-25,0.2874755561351776
1997-12-26,0.25440096855163574
1997-12-27,0.27130618691444397
1997-12-28,0.30053192377090454
1997-12-29,0.2816801965236664
1997-12-30,0.2745209336280823
1997-12-31,0.27663564682006836
1998-01-01,0.2271592766046524
1998-01-02,0.24262697994709015
1998-01-03,0.2372555136680603
1998-01-04,0.21941615641117096
1998-01-05,0.22385050356388092
1998-01-06,0.22057747840881348
1998-01-07,0.2268514484167099
1998-01-08,0.20194751024246216
1998-01-09,0.18580175936222076
1998-01-10,0.15189604461193085
1998-01-11,0.16908042132854462
1998-01-12,0.14981645345687866
1998-01-13,0.1418832540512085
1998-01-14,0.12954750657081604
1998-01-15,0.12025130540132523
1998-01-16,0.11176560074090958
1998-01-17,0.08220559358596802
1998-01-18,0.07329164445400238
1998-01-19,0.07105457782745361
1998-01-20,0.07520830631256104
1998-01-21,0.08593262732028961
1998-01-22,0.07646507024765015
1998-01-23,0.06465316563844681
1998-01-24,0.025441892445087433
1998-01-25,0.037987854331731796
1998-01-26,0.046986036002635956
1998-01-27,0.03244457766413689
1998-01-28,0.04545535147190094
1998-01-29,0.04107431694865227
1998-01-30,0.05025787279009819
1998-01-31,0.05222492665052414
1998-02-01,0.08234860748052597
1998-02-02,0.10047397017478943
1998-02-03,0.1140357181429863
1998-02-04,0.13587330281734467
1998-02-05,0.1280703842639923
1998-02-06,0.1261313557624817
1998-02-07,0.1670537292957306
1998-02-08,0.19504478573799133
1998-02-09,0.1913386732339859
1998-02-10,0.20796947181224823
1998-02-11,0.22578752040863037
1998-02-12,0.24439428746700287
1998-02-13,0.2409067004919052
1998-02-14,0.22475787997245789
1998-02-15,0.21035529673099518
1998-02-16,0.21695126593112946
1998-02-17,0.2221217155456543
1998-02-18,0.21773770451545715
1998-02-19,0.2114502340555191
1998-02-20,0.19069987535476685
1998-02-21,0.1432255357503891
1998-02-22,0.1487857550382614
1998-02-23,0.1479378491640091
1998-02-24,0.16124483942985535
1998-02-25,0.16388069093227386
1998-02-26,0.14041073620319366
1998-02-27,0.14046233892440796
1998-02-28,0.13350118696689606
1998-03-01,0.09290651232004166
1998-03-02,0.08787726610898972
1998-03-03,0.09002384543418884
1998-03-04,0.10329177230596542
1998-03-05,0.12887674570083618
1998-03-06,0.1279686838388443
1998-03-07,0.12233295291662216
1998-03-08,0.12746313214302063
1998-03-09,0.12820449471473694
1998-03-10,0.1432415097951889
1998-03-11,0.15159286558628082
1998-03-12,0.14311286807060242
1998-03-13,0.1422911137342453
1998-03-14,0.1667288988828659
1998-03-15,0.18843194842338562
1998-03-16,0.1736084669828415
1998-03-17,0.16677632927894592
1998-03-18,0.17871417105197906
1998-03-19,0.186185821890831
1998-03-20,0.177556574344635
1998-03-21,0.19783267378807068
1998-03-22,0.17108166217803955
1998-03-23,0.17454931139945984
1998-03-24,0.1756102442741394
1998-03-25,0.16576433181762695
1998-03-26,0.16191989183425903
1998-03-27,0.16861526668071747
1998-03-28,0.17994727194309235
1998-03-29,0.22351738810539246
1998-03-30,0.22033244371414185
1998-03-31,0.2099544256925583
1998-04-01,0.2056150734424591
1998-04-02,0.21939687430858612
1998-04-03,0.204481840133667
1998-04-04,0.20167358219623566
1998-04-05,0.1760224848985672
1998-04-06,0.17438334226608276
1998-04-07,0.18398869037628174
1998-04-08,0.2006588727235794
1998-04-09,0.20517803728580475
1998-04-10,0.19955651462078094
1998-04-11,0.19469933211803436
1998-04-12,0.20733191072940826
1998-04-13,0.2079753577709198
1998-04-14,0.2001621276140213
1998-04-15,0.20525594055652618
1998-04-16,0.21915103495121002
1998-04-17,0.19682644307613373
1998-04-18,0.15759816765785217
1998-04-19,0.16810347139835358
1998-04-20,0.17405498027801514
1998-04-21,0.18122664093971252
1998-04-22,0.16739946603775024
1998-04-23,0.1906437873840332
1998-04-24,0.18705512583255768
1998-04-25,0.18238689005374908
1998-04-26,0.20850268006324768
1998-04-27,0.20339705049991608
1998-04-28,0.1808842122554779
1998-04-29,0.18656280636787415
1998-04-30,0.18530391156673431
1998-05-01,0.1677616387605667
1998-05-02,0.17705215513706207
1998-05-03,0.1688460111618042
1998-05-04,0.1665169596672058
1998-05-05,0.16186228394508362
1998-05-06,0.17185857892036438
1998-05-07,0.17536932229995728
1998-05-08,0.1713273674249649
1998-05-09,0.1118793785572052
1998-05-10,0.09426359087228775
1998-05-11,0.08070376515388489
1998-05-12,0.05030648410320282
1998-05-13,0.05166802182793617
1998-05-14,0.04550210013985634
1998-05-15,0.03498060256242752
1998-05-16,0.06588475406169891
1998-05-17,0.10374142229557037
1998-05-18,0.11559182405471802
1998-05-19,0.11915070563554764
1998-05-20,0.12087137252092361
1998-05-21,0.09674380719661713
1998-05-22,0.08506633341312408
1998-05-23,0.08076600730419159
1998-05-24,0.10399133712053299
1998-05-25,0.13652442395687103
1998-05-26,0.13627706468105316
1998-05-27,0.15285293757915497
1998-05-28,0.11763609945774078
1998-05-29,0.12401483952999115
1998-05-30,0.06662483513355255
1998-05-31,0.09119940549135208
1998-06-01,0.09594779461622238
1998-06-02,0.0939776748418808
1998-06-03,0.09901310503482819
1998-06-04,0.10290414839982986
1998-06-05,0.11009566485881805
1998-06-06,0.10813978314399719
1998-06-07,0.1625663936138153
1998-06-08,0.12816771864891052
1998-06-09,0.13634270429611206
1998-06-10,0.12877844274044037
1998-06-11,0.1007213443517685
1998-06-12,0.10253002494573593
1998-06-13,0.03643675521016121
1998-06-14,0.02448319084942341
1998-06-15,-0.0005804536049254239
1998-06-16,-0.04580460488796234
1998-06-17,-0.035525910556316376
1998-06-18,-0.046240102499723434
1998-06-19,-0.06677296757698059
1998-06-20,-0.10301719605922699
1998-06-21,-0.06111830845475197
1998-06-22,-0.05376480519771576
1998-06-23,-0.048552416265010834
1998-06-24,-0.040409740060567856
1998-06-25,-0.04690411314368248
1998-06-26,-0.035746000707149506
1998-06-27,-0.09118793159723282
1998-06-28,-0.09560053795576096
1998-06-29,-0.08140193670988083
1998-06-30,-0.07094268500804901
1998-07-01,-0.06614233553409576
1998-07-02,-0.06420250236988068
1998-07-03,-0.0769183412194252
1998-07-04,-0.08416528254747391
1998-07-05,-0.10023399442434311
1998-07-06,-0.059586573392152786
1998-07-07,-0.02879839390516281
1998-07-08,-0.01761353388428688
1998-07-09,-0.02283492125570774
1998-07-10,-0.016232099384069443
1998-07-11,-0.05922475457191467
1998-07-12,-0.013313706032931805
1998-07-13,-0.0016056251479312778
1998-07-14,-0.003438272513449192
1998-07-15,0.01806078478693962
1998-07-16,0.00626163836568594
1998-07-17,0.015747856348752975
1998-07-18,0.019449764862656593
1998-07-19,0.020711729303002357
1998-07-20,0.023029787465929985
1998-07-21,0.020683329552412033
1998-07-22,0.026066070422530174
1998-07-23,0.014014855027198792
1998-07-24,-0.00586328748613596
1998-07-25,0.00032212104997597635
1998-07-26,0.037768661975860596
1998-07-27,0.01894073188304901
1998-07-28,0.042153265327215195
1998-07-29,0.05153968930244446
1998-07-30,0.0514189638197422
1998-07-31,0.05185265094041824
1998-08-01,0.056916940957307816
1998-08-02,0.03094642609357834
1998-08-03,0.02414799854159355
1998-08-04,0.030811293050646782
1998-08-05,0.04469616711139679
1998-08-06,0.055474910885095596
1998-08-07,0.06623591482639313
1998-08-08,0.03659892454743385
1998-08-09,0.11941232532262802
1998-08-10,0.11927556991577148
1998-08-11,0.10797601193189621
1998-08-12,0.09369540214538574
1998-08-13,0.07069413363933563
1998-08-14,0.04719908908009529
1998-08-15,0.06703858822584152
1998-08-16,0.004297495819628239
1998-08-17,0.007829404436051846
1998-08-18,0.020866092294454575
1998-08-19,0.016020642593503
1998-08-20,0.00856024120002985
1998-08-21,-0.0063114226795732975
1998-08-22,0.002166972029954195
1998-08-23,-0.016009850427508354
1998-08-24,-0.022234294563531876
1998-08-25,0.006265191826969385
1998-08-26,0.004267110489308834
1998-08-27,0.0012768723536282778
1998-08-28,-0.046686623245477676
1998-08-29,-0.1065579429268837
1998-08-30,-0.0985160768032074
1998-08-31,-0.1092764139175415
1998-09-01,-0.11652263253927231
1998-09-02,-0.10403230041265488
1998-09-03,-0.11565989255905151
1998-09-04,-0.11177916824817657
1998-09-05,-0.12262257188558578
1998-09-06,-0.1388772875070572
1998-09-07,-0.14199867844581604
1998-09-08,-0.134414941072464
1998-09-09,-0.10505294054746628
1998-09-10,-0.12402422726154327
1998-09-11,-0.1437104344367981
1998-09-12,-0.21132409572601318
1998-09-13,-0.18305674195289612
1998-09-14,-0.1866377592086792
1998-09-15,-0.19244033098220825
1998-09-16,-0.16747543215751648
1998-09-17,-0.16646359860897064
1998-09-18,-0.18158750236034393
1998-09-19,-0.1867939978837967
1998-09-20,-0.21316353976726532
1998-09-21,-0.18395301699638367
1998-09-22,-0.17302961647510529
1998-09-23,-0.16345204412937164
1998-09-24,-0.15439727902412415
1998-09-25,-0.15297412872314453
1998-09-26,-0.1123376339673996
1998-09-27,-0.07292299717664719
1998-09-28,-0.06660740077495575
1998-09-29,-0.06556292623281479
1998-09-30,-0.07030898332595825
1998-10-01,-0.08507127314805984
1998-10-02,-0.11927756667137146
1998-10-03,-0.1729043871164322
1998-10-04,-0.19288596510887146
1998-10-05,-0.18004094064235687
1998-10-06,-0.17764395475387573
1998-10-07,-0.18025833368301392
1998-10-08,-0.16921034455299377
1998-10-09,-0.16712120175361633
1998-10-10,-0.1734195202589035
1998-10-11,-0.1719978004693985
1998-10-12,-0.16596634685993195
1998-10-13,-0.16739648580551147
1998-10-14,-0.16510426998138428
1998-10-15,-0.15994691848754883
1998-10-16,-0.15299354493618011
1998-10-17,-0.12432942539453506
1998-10-18,-0.09542945772409439
1998-10-19,-0.10161180049180984
1998-10-20,-0.09866001456975937
1998-10-21,-0.08630035817623138
1998-10-22,-0.08188054710626602
1998-10-23,-0.08452825993299484
1998-10-24,-0.12273360788822174
1998-10-25,-0.11041508615016937
1998-10-26,-0.09468010812997818
1998-10-27,-0.07707377523183823
1998-10-28,-0.06710371375083923
1998-10-29,-0.06111658737063408
1998-10-30,-0.061441387981176376
1998-10-31,-0.033830009400844574
1998-11-01,-0.0085716238245368
1998-11-02,-0.010117732919752598
1998-11-03,0.015175220556557178
1998-11-04,0.01780547760426998
1998-11-05,0.032317038625478745
1998-11-06,0.02006489969789982
1998-11-07,0.011160344816744328
1998-11-08,0.008646102622151375
1998-11-09,0.012288988567888737
1998-11-10,0.0386272594332695
1998-11-11,0.04583900794386864
1998-11-12,0.061927586793899536
1998-11-13,0.06345098465681076
1998-11-14,0.07389391213655472
1998-11-15,0.06285430490970612
1998-11-16,0.04228438064455986
1998-11-17,0.03993570804595947
1998-11-18,0.03926972299814224
1998-11-19,0.030463511124253273
1998-11-20,0.014629259705543518
1998-11-21,-0.0119178406894207
1998-11-22,-0.011632237583398819
1998-11-23,0.0019908780232071877
1998-11-24,0.020766638219356537
1998-11-25,0.026700206100940704
1998-11-26,0.018651438876986504
1998-11-27,0.024365652352571487
1998-11-28,0.01758650317788124
1998-11-29,0.010211670771241188
1998-11-30,0.004216654691845179
1998-12-01,0.005217363592237234
1998-12-02,0.005215013399720192
1998-12-03,0.008620643056929111
1998-12-04,0.005879053846001625
1998-12-05,0.015715302899479866
1998-12-06,0.030741862952709198
1998-12-07,0.03233151137828827
1998-12-08,0.040947891771793365
1998-12-09,0.04762793704867363
1998-12-10,0.060231585055589676
1998-12-11,0.06798191368579865
1998-12-12,0.1183321550488472
1998-12-13,0.12177147716283798
1998-12-14,0.1252664178609848
1998-12-15,0.12790384888648987
1998-12-16,0.11826074123382568
1998-12-17,0.09939262270927429
1998-12-18,0.08832015842199326
1998-12-19,0.051431890577077866
1998-12-20,0.038549453020095825
1998-12-21,0.034962646663188934
1998-12-22,-0.011460467241704464
1998-12-23,-0.021610012277960777
1998-12-24,-0.004436766263097525
1998-12-25,0.007039098534733057
1998-12-26,-0.009933052584528923
1998-12-27,0.00942628551274538
1998-12-28,0.023402052000164986
1998-12-29,0.019944095984101295
1998-12-30,0.04534219950437546
1998-12-31,0.054138731211423874
1999-01-01,0.05496134236454964
1999-01-02,0.16362600028514862
1999-01-03,0.19707919657230377
1999-01-04,0.18452832102775574
1999-01-05,0.180985689163208
1999-01-06,0.17360825836658478
1999-01-07,0.20201417803764343
1999-01-08,0.1821303367614746
1999-01-09,0.18466368317604065
1999-01-10,0.19073988497257233
1999-01-11,0.1790335476398468
1999-01-12,0.18471506237983704
1999-01-13,0.18363270163536072
1999-01-14,0.1621903032064438
1999-01-15,0.14742666482925415
1999-01-16,0.14902010560035706
1999-01-17,0.15355199575424194
1999-01-18,0.14495347440242767
1999-01-19,0.12976226210594177
1999-01-20,0.14019350707530975
1999-01-21,0.1392318457365036
1999-01-22,0.12684214115142822
1999-01-23,0.16012874245643616
1999-01-24,0.16215233504772186
1999-01-25,0.16418258845806122
1999-01-26,0.1801670789718628
1999-01-27,0.16936664283275604
1999-01-28,0.18177394568920135
1999-01-29,0.18512392044067383
1999-01-30,0.18791870772838593
1999-01-31,0.22971580922603607
1999-02-01,0.22045953571796417
1999-02-02,0.23666468262672424
1999-02-03,0.2241702377796173
1999-02-04,0.2267119288444519
1999-02-05,0.2539653182029724
1999-02-06,0.249994158744812
1999-02-07,0.2295704334974289
1999-02-08,0.21695901453495026
1999-02-09,0.2047395557165146
1999-02-10,0.21790474653244019
1999-02-11,0.2255970686674118
1999-02-12,0.23646847903728485
1999-02-13,0.23343011736869812
1999-02-14,0.23165956139564514
1999-02-15,0.23840269446372986
1999-02-16,0.24308031797409058
1999-02-17,0.235454723238945
1999-02-18,0.24220889806747437
1999-02-19,0.2314048707485199
1999-02-20,0.19539767503738403
1999-02-21,0.22593948245048523
1999-02-22,0.2278263121843338
1999-02-23,0.21425871551036835
1999-02-24,0.2175034135580063
1999-02-25,0.22075052559375763
1999-02-26,0.2187732607126236
1999-02-27,0.23620501160621643
1999-02-28,0.22057878971099854
1999-03-01,0.2160709947347641
1999-03-02,0.21758174896240234
1999-03-03,0.19359754025936127
1999-03-04,0.17740629613399506
1999-03-05,0.17469151318073273
1999-03-06,0.1649327576160431
1999-03-07,0.15097598731517792
1999-03-08,0.1501433551311493
1999-03-09,0.14280343055725098
1999-03-10,0.15899688005447388
1999-03-11,0.16146475076675415
1999-03-12,0.15308040380477905
1999-03-13,0.13722720742225647
1999-03-14,0.12227794528007507
1999-03-15,0.1349388211965561
1999-03-16,0.11967587471008301
1999-03-17,0.12707699835300446
1999-03-18,0.13564737141132355
1999-03-19,0.13421691954135895
1999-03-20,0.15606418251991272
1999-03-21,0.16635289788246155
1999-03-22,0.1612129509449005
1999-03-23,0.1508687138557434
1999-03-24,0.1441141664981842
1999-03-25,0.15070030093193054
1999-03-26,0.1384807676076889
1999-03-27,0.12906929850578308
1999-03-28,0.14840540289878845
1999-03-29,0.16916024684906006
1999-03-30,0.18592926859855652
1999-03-31,0.19402335584163666
1999-04-01,0.2057286500930786
1999-04-02,0.20208461582660675
1999-04-03,0.20584937930107117
1999-04-04,0.2212880402803421
1999-04-05,0.22767667472362518
1999-04-06,0.220191091299057
1999-04-07,0.20855142176151276
1999-04-08,0.20483934879302979
1999-04-09,0.20352376997470856
1999-04-10,0.17822961509227753
1999-04-11,0.15709318220615387
1999-04-12,0.15271638333797455
1999-04-13,0.13327062129974365
1999-04-14,0.12357334047555923
1999-04-15,0.12687744200229645
1999-04-16,0.11225465685129166
1999-04-17,0.11339516937732697
1999-04-18,0.12891069054603577
1999-04-19,0.1314409077167511
1999-04-20,0.10818927735090256
1999-04-21,0.08524713665246964
1999-04-22,0.08594110608100891
1999-04-23,0.07605382055044174
1999-04-24,0.06538316607475281
1999-04-25,0.12376415729522705
1999-04-26,0.11868952214717865
1999-04-27,0.1215982735157013
1999-04-28,0.1411948949098587
1999-04-29,0.14431342482566833
1999-04-30,0.14402304589748383
1999-05-01,0.14563092589378357
1999-05-02,0.12941530346870422
1999-05-03,0.14940908551216125
1999-05-04,0.16884727776050568
1999-05-05,0.18723061680793762
1999-05-06,0.18784639239311218
1999-05-07,0.18056777119636536
1999-05-08,0.20112894475460052
1999-05-09,0.17710451781749725
1999-05-10,0.19023703038692474
1999-05-11,0.18276382982730865
1999-05-12,0.1843125969171524
1999-05-13,0.17720948159694672
1999-05-14,0.17490477859973907
1999-05-15,0.1435656100511551
1999-05-16,0.17924219369888306
1999-05-17,0.1861419677734375
1999-05-18,0.176369771361351
1999-05-19,0.16852526366710663
1999-05-20,0.15123748779296875
1999-05-21,0.13741791248321533
1999-05-22,0.1562366932630539
1999-05-23,0.15239594876766205
1999-05-24,0.1569191962480545
1999-05-25,0.15958555042743683
1999-05-26,0.14838576316833496
1999-05-27,0.14131559431552887
1999-05-28,0.13516084849834442
1999-05-29,0.17003005743026733
1999-05-30,0.17987005412578583
1999-05-31,0.21041417121887207
1999-06-01,0.19040022790431976
1999-06-02,0.1998077630996704
1999-06-03,0.15588286519050598
1999-06-04,0.1703983098268509
1999-06-05,0.14480984210968018
1999-06-06,0.15327520668506622
1999-06-07,0.16110849380493164
1999-06-08,0.1658097803592682
1999-06-09,0.17957080900669098
1999-06-10,0.15647368133068085
1999-06-11,0.14517194032669067
1999-06-12,0.1341031938791275
1999-06-13,0.09385798871517181
1999-06-14,0.10570523142814636
1999-06-15,0.12802161276340485
1999-06-16,0.13864479959011078
1999-06-17,0.15506766736507416
1999-06-18,0.15498873591423035
1999-06-19,0.1541687399148941
1999-06-20,0.16336916387081146
1999-06-21,0.18340562283992767
1999-06-22,0.16686610877513885
1999-06-23,0.16077671945095062
1999-06-24,0.16157709062099457
1999-06-25,0.1558270901441574
1999-06-26,0.16722649335861206
1999-06-27,0.16209009289741516
1999-06-28,0.17714627087116241
1999-06-29,0.1897987425327301
1999-06-30,0.19586913287639618
1999-07-01,0.209331676363945
1999-07-02,0.22342582046985626
1999-07-03,0.2392214834690094
1999-07-04,0.2170204222202301
1999-07-05,0.23045527935028076
1999-07-06,0.2392953336238861
1999-07-07,0.2254839539527893
1999-07-08,0.22334830462932587
1999-07-09,0.22779326140880585
1999-07-10,0.2271159142255783
1999-07-11,0.23380637168884277
1999-07-12,0.22972071170806885
1999-07-13,0.2148580551147461
1999-07-14,0.20595921576023102
1999-07-15,0.2019050270318985
1999-07-16,0.19859880208969116
1999-07-17,0.18375439941883087
1999-07-18,0.23589777946472168
1999-07-19,0.2307925671339035
1999-07-20,0.23508286476135254
1999-07-21,0.22811609506607056
1999-07-22,0.20258158445358276
1999-07-23,0.18978318572044373
1999-07-24,0.15943016111850739
1999-07-25,0.15404590964317322
1999-07-26,0.15210166573524475
1999-07-27,0.15257619321346283
1999-07-28,0.14895811676979065
1999-07-29,0.12607821822166443
1999-07-30,0.11090677231550217
1999-07-31,0.12554819881916046
1999-08-01,0.13430476188659668
1999-08-02,0.13165660202503204
1999-08-03,0.14032791554927826
1999-08-04,0.15454448759555817
1999-08-05,0.1589064747095108
1999-08-06,0.1449231207370758
1999-08-07,0.12672604620456696
1999-08-08,0.06263261288404465
1999-08-09,0.07214439660310745
1999-08-10,0.08637438714504242
1999-08-11,0.09752996265888214
1999-08-12,0.10931135714054108
1999-08-13,0.13026361167430878
1999-08-14,0.13562940061092377
1999-08-15,0.1272534430027008
1999-08-16,0.1359354704618454
1999-08-17,0.14482226967811584
1999-08-18,0.15010133385658264
1999-08-19,0.1493091732263565
1999-08-20,0.13313499093055725
1999-08-21,0.14649620652198792
1999-08-22,0.15509755909442902
1999-08-23,0.17133642733097076
1999-08-24,0.15851160883903503
1999-08-25,0.1728375256061554
1999-08-26,0.16266880929470062
1999-08-27,0.13866294920444489
1999-08-28,0.13935847580432892
1999-08-29,0.1552969515323639
1999-08-30,0.1679534912109375
1999-08-31,0.17668798565864563
1999-09-01,0.18659375607967377
1999-09-02,0.19727075099945068
1999-09-03,0.18780407309532166
1999-09-04,0.1928088665008545
1999-09-05,0.17276698350906372
1999-09-06,0.1770898401737213
1999-09-07,0.1683914065361023
1999-09-08,0.15918509662151337
1999-09-09,0.18251989781856537
1999-09-10,0.16368958353996277
1999-09-11,0.1750035583972931
1999-09-12,0.1382434070110321
1999-09-13,0.13790984451770782
1999-09-14,0.12960432469844818
1999-09-15,0.1254141479730606
1999-09-16,0.11948829889297485
1999-09-17,0.12906385958194733
1999-09-18,0.15319854021072388
1999-09-19,0.15121948719024658
1999-09-20,0.15147264301776886
1999-09-21,0.14661657810211182
1999-09-22,0.1333789825439453
1999-09-23,0.11537191271781921
1999-09-24,0.11658089607954025
1999-09-25,0.11943377554416656
1999-09-26,0.10669630020856857
1999-09-27,0.10419096797704697
1999-09-28,0.10293474793434143
1999-09-29,0.09022911638021469
1999-09-30,0.10028260946273804
1999-10-01,0.0890548825263977
1999-10-02,0.07029914110898972
1999-10-03,0.08507352322340012
1999-10-04,0.08518590033054352
1999-10-05,0.08198250085115433
1999-10-06,0.09104710072278976
1999-10-07,0.07813489437103271
1999-10-08,0.0907742977142334
1999-10-09,0.04161534458398819
1999-10-10,0.06912349909543991
1999-10-11,0.08736219257116318
1999-10-12,0.08717208355665207
1999-10-13,0.07833921164274216
1999-10-14,0.09193692356348038
1999-10-15,0.08146561682224274
1999-10-16,0.053267575800418854
1999-10-17,0.06352303922176361
1999-10-18,0.07672508805990219
1999-10-19,0.09139391034841537
1999-10-20,0.08921453356742859
1999-10-21,0.07794270664453506
1999-10-22,0.06697596609592438
1999-10-23,0.08624067157506943
1999-10-24,0.0893087387084961
1999-10-25,0.10477221757173538
1999-10-26,0.09981576353311539
1999-10-27,0.0981651246547699
1999-10-28,0.11763879656791687
1999-10-29,0.1405630111694336
1999-10-30,0.13993427157402039
1999-10-31,0.14112861454486847
1999-11-01,0.1499105989933014
1999-11-02,0.17370881140232086
1999-11-03,0.18370385468006134
1999-11-04,0.1943788379430771
1999-11-05,0.20409218966960907
1999-11-06,0.20474490523338318
1999-11-07,0.17617805302143097
1999-11-08,0.17409385740756989
1999-11-09,0.16841422021389008
1999-11-10,0.16143187880516052
1999-11-11,0.16293124854564667
1999-11-12,0.1817445605993271
1999-11-13,0.19198471307754517
1999-11-14,0.20328037440776825
1999-11-15,0.21934625506401062
1999-11-16,0.23459726572036743
1999-11-17,0.23755784332752228
1999-11-18,0.23175130784511566
1999-11-19,0.20370756089687347
1999-11-20,0.21761170029640198
1999-11-21,0.2352464497089386
1999-11-22,0.2136852890253067
1999-11-23,0.20306247472763062
1999-11-24,0.21203528344631195
1999-11-25,0.22354350984096527
1999-11-26,0.22303138673305511
1999-11-27,0.25290238857269287
1999-11-28,0.23480042815208435
1999-11-29,0.23562206327915192
1999-11-30,0.2346295863389969
1999-12-01,0.23356899619102478
1999-12-02,0.21136197447776794
1999-12-03,0.20631587505340576
1999-12-04,0.19221459329128265
1999-12-05,0.19591550529003143
1999-12-06,0.18786592781543732
1999-12-07,0.20912107825279236
1999-12-08,0.22890326380729675
1999-12-09,0.2355746328830719
1999-12-10,0.22366102039813995
1999-12-11,0.20872315764427185
1999-12-12,0.21737545728683472
1999-12-13,0.22090137004852295
1999-12-14,0.21348755061626434
1999-12-15,0.20836946368217468
1999-12-16,0.2105938196182251
1999-12-17,0.208033949136734
1999-12-18,0.18777203559875488
1999-12-19,0.18380242586135864
1999-12-20,0.1942938268184662
1999-12-21,0.1992613971233368
1999-12-22,0.20982876420021057
1999-12-23,0.24381250143051147
1999-12-24,0.23631148040294647
1999-12-25,0.2124078869819641
1999-12-26,0.22114324569702148
1999-12-27,0.2209690362215042
1999-12-28,0.2419034093618393
1999-12-29,0.262253075838089
1999-12-30,0.285729318857193
1999-12-31,0.29360702633857727
2000-01-01,0.27398353815078735
2000-01-02,0.2842964828014374
2000-01-03,0.3017263114452362
2000-01-04,0.27159082889556885
2000-01-05,0.2867574095726013
2000-01-06,0.2993360161781311
2000-01-07,0.2974295914173126
2000-01-08,0.2901683747768402
2000-01-09,0.2759360074996948
2000-01-10,0.2759113907814026
2000-01-11,0.2751018702983856
2000-01-12,0.2833409607410431
2000-01-13,0.2895970940589905
2000-01-14,0.29658979177474976
2000-01-15,0.3304004967212677
2000-01-16,0.31783509254455566
2000-01-17,0.3174251616001129
2000-01-18,0.3216404914855957
2000-01-19,0.3171877861022949
2000-01-20,0.32400253415107727
2000-01-21,0.3112472593784332
2000-01-22,0.31136858463287354
2000-01-23,0.3156351149082184
2000-01-24,0.3025802969932556
2000-01-25,0.2967580556869507
2000-01-26,0.3074381947517395
2000-01-27,0.3059958815574646
2000-01-28,0.31431370973587036
2000-01-29,0.29966413974761963
2000-01-30,0.27809447050094604
2000-01-31,0.2704748511314392
2000-02-01,0.2798585891723633
2000-02-02,0.28432485461235046
2000-02-03,0.2800136208534241
2000-02-04,0.27017608284950256
2000-02-05,0.263375848531723
2000-02-06,0.2708572745323181
2000-02-07,0.27702105045318604
2000-02-08,0.2775348424911499
2000-02-09,0.29181286692619324
2000-02-10,0.2711489498615265
2000-02-11,0.26074063777923584
2000-02-12,0.24711552262306213
2000-02-13,0.2525607943534851
2000-02-14,0.2414780855178833
2000-02-15,0.24784383177757263
2000-02-16,0.26666635274887085
2000-02-17,0.262185662984848
2000-02-18,0.258077472448349
2000-02-19,0.22970366477966309
2000-02-20,0.22658775746822357
2000-02-21,0.23057611286640167
2000-02-22,0.21579857170581818
2000-02-23,0.21970000863075256
2000-02-24,0.2214563488960266
2000-02-25,0.2078113704919815
2000-02-26,0.22810770571231842
2000-02-27,0.20935402810573578
2000-02-28,0.20657578110694885
2000-02-29,0.19709357619285583
2000-03-01,0.19392716884613037
2000-03-02,0.21327778697013855
2000-03-03,0.21694886684417725
2000-03-04,0.2161927968263626
2000-03-05,0.2345888614654541
2000-03-06,0.2313830405473709
2000-03-07,0.21895751357078552
2000-03-08,0.24322763085365295
2000-03-09,0.24264921247959137
2000-03-10,0.2336130440235138
2000-03-11,0.2247578501701355
2000-03-12,0.23143933713436127
2000-03-13,0.22471961379051208
2000-03-14,0.20913159847259521
2000-03-15,0.2110745906829834
2000-03-16,0.2045474648475647
2000-03-17,0.193966343998909
2000-03-18,0.2241121530532837
2000-03-19,0.235149547457695
2000-03-20,0.253091961145401
2000-03-21,0.2465740591287613
2000-03-22,0.24032768607139587
2000-03-23,0.22026175260543823
2000-03-24,0.20692507922649384
2000-03-25,0.20418652892112732
2000-03-26,0.22475379705429077
2000-03-27,0.21999241411685944
2000-03-28,0.23242366313934326
2000-03-29,0.23733998835086823
2000-03-30,0.24766793847084045
2000-03-31,0.23900875449180603
2000-04-01,0.2273000329732895
2000-04-02,0.22703267633914948
2000-04-03,0.22929000854492188
2000-04-04,0.23835180699825287
2000-04-05,0.23739215731620789
2000-04-06,0.2161325067281723
2000-04-07,0.2165306955575943
2000-04-08,0.2344982922077179
2000-04-09,0.23356851935386658
2000-04-10,0.2330000102519989
2000-04-11,0.25768062472343445
2000-04-12,0.24798525869846344
2000-04-13,0.23474566638469696
2000-04-14,0.22284065186977386
2000-04-15,0.20512665808200836
2000-04-16,0.20121094584465027
2000-04-17,0.20473115146160126
2000-04-18,0.19903144240379333
2000-04-19,0.19797490537166595
2000-04-20,0.16891656816005707
2000-04-21,0.17265962064266205
2000-04-22,0.13755665719509125
2000-04-23,0.12961044907569885
2000-04-24,0.12440074980258942
2000-04-25,0.052835118025541306
2000-04-26,0.05292334780097008
2000-04-27,0.07612431049346924
2000-04-28,0.07901192456483841
2000-04-29,0.12601196765899658
2000-04-30,0.13227316737174988
2000-05-01,0.143562912940979
2000-05-02,0.1422799676656723
2000-05-03,0.13562743365764618
2000-05-04,0.14486460387706757
2000-05-05,0.14685791730880737
2000-05-06,0.14726606011390686
2000-05-07,0.1702151745557785
2000-05-08,0.17584660649299622
2000-05-09,0.17153815925121307
2000-05-10,0.1796106994152069
2000-05-11,0.1809052675962448
2000-05-12,0.18199314177036285
2000-05-13,0.20786157250404358
2000-05-14,0.2175997495651245
2000-05-15,0.229458287358284
2000-05-16,0.23314738273620605
2000-05-17,0.24434684216976166
2000-05-18,0.24576137959957123
2000-05-19,0.24751883745193481
2000-05-20,0.24412298202514648
2000-05-21,0.2446431815624237
2000-05-22,0.25098296999931335
2000-05-23,0.24471627175807953
2000-05-24,0.24209223687648773
2000-05-25,0.24289771914482117
2000-05-26,0.2389289140701294
2000-05-27,0.22204278409481049
2000-05-28,0.23176079988479614
2000-05-29,0.23033037781715393
2000-05-30,0.2263321429491043
2000-05-31,0.218436136841774
2000-06-01,0.21473754942417145
2000-06-02,0.2195500284433365
2000-06-03,0.21262359619140625
2000-06-04,0.2302098125219345
2000-06-05,0.2337835431098938
2000-06-06,0.22572371363639832
2000-06-07,0.24002084136009216
2000-06-08,0.238657608628273
2000-06-09,0.2310647815465927
2000-06-10,0.23888446390628815
2000-06-11,0.240476593375206
2000-06-12,0.24541665613651276
2000-06-13,0.2524487376213074
2000-06-14,0.24979786574840546
2000-06-15,0.2624453604221344
2000-06-16,0.2556900382041931
2000-06-17,0.24984252452850342
2000-06-18,0.2629906237125397
2000-06-19,0.26715806126594543
2000-06-20,0.2584027051925659
2000-06-21,0.24269245564937592
2000-06-22,0.21140499413013458
2000-06-23,0.20337726175785065
2000-06-24,0.20256160199642181
2000-06-25,0.2133464813232422
2000-06-26,0.21882587671279907
2000-06-27,0.21362286806106567
2000-06-28,0.21587307751178741
2000-06-29,0.21151770651340485
2000-06-30,0.20806679129600525
2000-07-01,0.18985947966575623
2000-07-02,0.20618630945682526
2000-07-03,0.22808736562728882
2000-07-04,0.20438890159130096
2000-07-05,0.21776054799556732
2000-07-06,0.2056707888841629
2000-07-07,0.20059214532375336
2000-07-08,0.20483046770095825
2000-07-09,0.21053889393806458
2000-07-10,0.2237481027841568
2000-07-11,0.2297787219285965
2000-07-12,0.23387189209461212
2000-07-13,0.24963602423667908
2000-07-14,0.24336202442646027
2000-07-15,0.250615656375885
2000-07-16,0.2506897747516632
2000-07-17,0.26326581835746765
2000-07-18,0.27866965532302856
2000-07-19,0.27178075909614563
2000-07-20,0.25627630949020386
2000-07-21,0.2509301006793976
2000-07-22,0.23922038078308105
2000-07-23,0.255449503660202
2000-07-24,0.24751365184783936
2000-07-25,0.24848298728466034
2000-07-26,0.2547134459018707
2000-07-27,0.23389489948749542
2000-07-28,0.23737357556819916
2000-07-29,0.23721319437026978
2000-07-30,0.24133016169071198
2000-07-31,0.24649235606193542
2000-08-01,0.2612215578556061
2000-08-02,0.2728053629398346
2000-08-03,0.27696365118026733
2000-08-04,0.26829972863197327
2000-08-05,0.3090171217918396
2000-08-06,0.29999861121177673
2000-08-07,0.29254812002182007
2000-08-08,0.2930935323238373
2000-08-09,0.29207220673561096
2000-08-10,0.2998516857624054
2000-08-11,0.2986719012260437
2000-08-12,0.29832199215888977
2000-08-13,0.3293237090110779
2000-08-14,0.3311178684234619
2000-08-15,0.33312487602233887
2000-08-16,0.33349815011024475
2000-08-17,0.3277052044868469
2000-08-18,0.32572299242019653
2000-08-19,0.2959476411342621
2000-08-20,0.30756157636642456
2000-08-21,0.299738347530365
2000-08-22,0.3044905662536621
2000-08-23,0.3101414144039154
2000-08-24,0.30741086602211
2000-08-25,0.28406158089637756
2000-08-26,0.27572566270828247
2000-08-27,0.28659990429878235
2000-08-28,0.2775503396987915
2000-08-29,0.28872641921043396
2000-08-30,0.2751409113407135
2000-08-31,0.26451575756073
2000-09-01,0.25799959897994995
2000-09-02,0.2471660077571869
2000-09-03,0.25521084666252136
2000-09-04,0.2913988530635834
2000-09-05,0.28990674018859863
2000-09-06,0.28902843594551086
2000-09-07,0.29255467653274536
2000-09-08,0.25802096724510193
2000-09-09,0.21343249082565308
2000-09-10,0.22457893192768097
2000-09-11,0.2427263706922531
2000-09-12,0.25689876079559326
2000-09-13,0.2697370648384094
2000-09-14,0.2425282895565033
2000-09-15,0.23784977197647095
2000-09-16,0.25647252798080444
2000-09-17,0.25151586532592773
2000-09-18,0.23757930099964142
2000-09-19,0.2138199359178543
2000-09-20,0.2116370052099228
2000-09-21,0.1914094239473343
2000-09-22,0.19119690358638763
2000-09-23,0.18103647232055664
2000-09-24,0.1873718500137329
2000-09-25,0.20645835995674133
2000-09-26,0.18848823010921478
2000-09-27,0.19020779430866241
2000-09-28,0.19806356728076935
2000-09-29,0.19265450537204742
2000-09-30,0.1822950839996338
2000-10-01,0.17934942245483398
2000-10-02,0.1948266476392746
2000-10-03,0.18011951446533203
2000-10-04,0.1813533455133438
2000-10-05,0.17588087916374207
2000-10-06,0.15123215317726135
2000-10-07,0.10366387665271759
2000-10-08,0.11512097716331482
2000-10-09,0.12487318366765976
2000-10-10,0.14482858777046204
2000-10-11,0.16556979715824127
2000-10-12,0.16567982733249664
2000-10-13,0.15523622930049896
2000-10-14,0.1291489601135254
2000-10-15,0.14594464004039764
2000-10-16,0.1447250247001648
2000-10-17,0.15084132552146912
2000-10-18,0.1498652845621109
2000-10-19,0.16205036640167236
2000-10-20,0.17039982974529266
2000-10-21,0.18892428278923035
2000-10-22,0.19169844686985016
2000-10-23,0.20638056099414825
2000-10-24,0.22515052556991577
2000-10-25,0.2295234650373459
2000-10-26,0.22472377121448517
2000-10-27,0.21975110471248627
2000-10-28,0.23636013269424438
2000-10-29,0.22790811955928802
2000-10-30,0.2305530160665512
2000-10-31,0.22538916766643524
2000-11-01,0.23890720307826996
2000-11-02,0.23509754240512848
2000-11-03,0.2550372779369354
2000-11-04,0.291948139667511
2000-11-05,0.2792679965496063
2000-11-06,0.27964138984680176
2000-11-07,0.2643309235572815
2000-11-08,0.27084866166114807
2000-11-09,0.27194568514823914
2000-11-10,0.23408597707748413
2000-11-11,0.23658743500709534
2000-11-12,0.20334558188915253
2000-11-13,0.1975807547569275
2000-11-14,0.17484982311725616
2000-11-15,0.17256402969360352
2000-11-16,0.1826639026403427
2000-11-17,0.17637759447097778
2000-11-18,0.11018473654985428
2000-11-19,0.14230963587760925
2000-11-20,0.15706342458724976
2000-11-21,0.14989441633224487
2000-11-22,0.13590919971466064
2000-11-23,0.12445198744535446
2000-11-24,0.1527269333600998
2000-11-25,0.15880678594112396
2000-11-26,0.17601579427719116
2000-11-27,0.17660558223724365
2000-11-28,0.16728535294532776
2000-11-29,0.17617693543434143
2000-11-30,0.16485166549682617
2000-12-01,0.1577322632074356
2000-12-02,0.13132289052009583
2000-12-03,0.14556008577346802
2000-12-04,0.15447966754436493
2000-12-05,0.1574147790670395
2000-12-06,0.15626896917819977
2000-12-07,0.15095467865467072
2000-12-08,0.13452447950839996
2000-12-09,0.10622914880514145
2000-12-10,0.14149193465709686
2000-12-11,0.1166766881942749
2000-12-12,0.13109171390533447
2000-12-13,0.16424857079982758
2000-12-14,0.16119728982448578
2000-12-15,0.15668711066246033
2000-12-16,0.1748894602060318
2000-12-17,0.15716540813446045
2000-12-18,0.16733507812023163
2000-12-19,0.16077369451522827
2000-12-20,0.13847972452640533
2000-12-21,0.1540205031633377
2000-12-22,0.14248090982437134
2000-12-23,0.10606967657804489
2000-12-24,0.11558344960212708
2000-12-25,0.15334834158420563
2000-12-26,0.15732090175151825
2000-12-27,0.17431579530239105
2000-12-28,0.17068904638290405
2000-12-29,0.16389986872673035
2000-12-30,0.1406712532043457
2000-12-31,0.1474871039390564
2001-01-01,0.1479659080505371
2001-01-02,0.1498478353023529
2001-01-03,0.12947921454906464
2001-01-04,0.13553324341773987
2001-01-05,0.11989420652389526
2001-01-06,0.084619902074337
2001-01-07,0.08455172181129456
2001-01-08,0.09184498339891434
2001-01-09,0.11028522253036499
2001-01-10,0.10916916280984879
2001-01-11,0.12097559124231339
2001-01-12,0.11142020672559738
2001-01-13,0.10047044605016708
2001-01-14,0.09318853914737701
2001-01-15,0.10724429041147232
2001-01-16,0.0968688428401947
2001-01-17,0.08748547732830048
2001-01-18,0.09258504956960678
2001-01-19,0.09951930493116379
2001-01-20,0.0826420783996582
2001-01-21,0.09008152782917023
2001-01-22,0.0851740688085556
2001-01-23,0.08765861392021179
2001-01-24,0.08440706133842468
2001-01-25,0.09775751084089279
2001-01-26,0.09453199803829193
2001-01-27,0.11761888861656189
2001-01-28,0.10857654362916946
2001-01-29,0.10994445532560349
2001-01-30,0.10335417091846466
2001-01-31,0.11034585535526276
2001-02-01,0.10478904098272324
2001-02-02,0.10910294950008392
2001-02-03,0.07917284965515137
2001-02-04,0.07793348282575607
2001-02-05,0.08366262167692184
2001-02-06,0.10050760209560394
2001-02-07,0.10852104425430298
2001-02-08,0.11363839358091354
2001-02-09,0.10980983823537827
2001-02-10,0.12305556237697601
2001-02-11,0.13507503271102905
2001-02-12,0.1120489090681076
2001-02-13,0.12676511704921722
2001-02-14,0.1236356720328331
2001-02-15,0.1206565648317337
2001-02-16,0.1148640438914299
2001-02-17,0.09170050919055939
2001-02-18,0.10073572397232056
2001-02-19,0.11852303147315979
2001-02-20,0.12163415551185608
2001-02-21,0.12737302482128143
2001-02-22,0.11537808924913406
2001-02-23,0.10309235751628876
2001-02-24,0.08872777223587036
2001-02-25,0.08782462775707245
2001-02-26,0.08919760584831238
2001-02-27,0.09277202934026718
2001-02-28,0.09185805916786194
2001-03-01,0.08999663591384888
2001-03-02,0.0713416039943695
2001-03-03,0.04503973200917244
2001-03-04,0.059964705258607864
2001-03-05,0.05894879624247551
2001-03-06,0.05584540590643883
2001-03-07,0.059842027723789215
2001-03-08,0.05755729600787163
2001-03-09,0.048832301050424576
2001-03-10,0.021860571578145027
2001-03-11,0.03523125499486923
2001-03-12,0.04055072367191315
2001-03-13,0.02274133265018463
2001-03-14,-0.007644945755600929
2001-03-15,-0.013662656769156456
2001-03-16,-0.044571880251169205
2001-03-17,-0.07360372692346573
2001-03-18,-0.06328627467155457
2001-03-19,-0.07192376255989075
2001-03-20,-0.07004176080226898
2001-03-21,-0.0707608014345169
2001-03-22,-0.07122677564620972
2001-03-23,-0.07757314294576645
2001-03-24,-0.04723992571234703
2001-03-25,-0.010531170293688774
2001-03-26,-0.004055572673678398
2001-03-27,-0.00961602944880724
2001-03-28,0.01435152254998684
2001-03-29,0.02864682860672474
2001-03-30,0.03408760577440262
2001-03-31,0.070366770029068
2001-04-01,0.12350861728191376
2001-04-02,0.1223355382680893
2001-04-03,0.10602059215307236
2001-04-04,0.10232584178447723
2001-04-05,0.09189394116401672
2001-04-06,0.06072332337498665
2001-04-07,0.037463847547769547
2001-04-08,0.05673348158597946
2001-04-09,0.06035452336072922
2001-04-10,0.06304777413606644
2001-04-11,0.08563758432865143
2001-04-12,0.08021945506334305
2001-04-13,0.06482911109924316
2001-04-14,0.08177971094846725
2001-04-15,0.09920894354581833
2001-04-16,0.11519037187099457
2001-04-17,0.10882631689310074
2001-04-18,0.09965445846319199
2001-04-19,0.09959056973457336
2001-04-20,0.09631751477718353
2001-04-21,0.0768529623746872
2001-04-22,0.10159024596214294
2001-04-23,0.11236682534217834
2001-04-24,0.11258295923471451
2001-04-25,0.11897796392440796
2001-04-26,0.12617391347885132
2001-04-27,0.12825022637844086
2001-04-28,0.12304837256669998
2001-04-29,0.14427277445793152
2001-04-30,0.1466066688299179
2001-05-01,0.14122723042964935
2001-05-02,0.16467249393463135
2001-05-03,0.15182574093341827
2001-05-04,0.1373405009508133
2001-05-05,0.09208139777183533
2001-05-06,0.1128232553601265
2001-05-07,0.11144254356622696
2001-05-08,0.10817690193653107
2001-05-09,0.12405391782522202
2001-05-10,0.13174311816692352
2001-05-11,0.12959066033363342
2001-05-12,0.14484131336212158
2001-05-13,0.16758671402931213
2001-05-14,0.17064879834651947
2001-05-15,0.15797677636146545
2001-05-16,0.14554400742053986
2001-05-17,0.15698784589767456
2001-05-18,0.16027550399303436
2001-05-19,0.15736645460128784
2001-05-20,0.1672443002462387
2001-05-21,0.16873443126678467
2001-05-22,0.1657966524362564
2001-05-23,0.16496960818767548
2001-05-24,0.17037387192249298
2001-05-25,0.14962200820446014
2001-05-26,0.16153259575366974
2001-05-27,0.16288329660892487
2001-05-28,0.16734638810157776
2001-05-29,0.15245993435382843
2001-05-30,0.1613863706588745
2001-05-31,0.1660413295030594
2001-06-01,0.1297898143529892
2001-06-02,0.11049970984458923
2001-06-03,0.12147347629070282
2001-06-04,0.13625149428844452
2001-06-05,0.13335241377353668
2001-06-06,0.13854007422924042
2001-06-07,0.12215472757816315
2001-06-08,0.10356760770082474
2001-06-09,0.09930048137903214
2001-06-10,0.12350127100944519
2001-06-11,0.139360710978508
2001-06-12,0.14464491605758667
2001-06-13,0.12993308901786804
2001-06-14,0.11758953332901001
2001-06-15,0.09534934163093567
2001-06-16,0.07327883690595627
2001-06-17,0.07238160818815231
2001-06-18,0.06244784593582153
2001-06-19,0.06383128464221954
2001-06-20,0.07086806744337082
2001-06-21,0.07996224611997604
2001-06-22,0.07475081831216812
2001-06-23,0.06509696692228317
2001-06-24,0.07752083986997604
2001-06-25,0.06721050292253494
2001-06-26,0.06485511362552643
2001-06-27,0.06233416497707367
2001-06-28,0.05520404502749443
2001-06-29,0.04461071640253067
2001-06-30,0.045682527124881744
2001-07-01,0.058178164064884186
2001-07-02,0.07434685528278351
2001-07-03,0.0873844102025032
2001-07-04,0.10211554914712906
2001-07-05,0.12083648890256882
2001-07-06,0.0973280593752861
2001-07-07,0.06374047696590424
2001-07-08,0.07123848050832748
2001-07-09,0.07305873930454254
2001-07-10,0.0539749376475811
2001-07-11,0.05133891478180885
2001-07-12,0.0567561574280262
2001-07-13,0.0434064082801342
2001-07-14,0.03867499157786369
2001-07-15,0.07050412893295288
2001-07-16,0.07740293443202972
2001-07-17,0.06884127110242844
2001-07-18,0.052018046379089355
2001-07-19,0.04248901084065437
2001-07-20,0.03155255317687988
2001-07-21,0.02612128295004368
2001-07-22,0.036887139081954956
2001-07-23,0.02314291149377823
2001-07-24,0.03261204808950424
2001-07-25,0.034012988209724426
2001-07-26,0.04914117977023125
2001-07-27,0.04574606940150261
2001-07-28,0.019429413601756096
2001-07-29,0.028952868655323982
2001-07-30,0.029996981844305992
2001-07-31,0.022960202768445015
2001-08-01,0.020521197468042374
2001-08-02,0.03437470644712448
2001-08-03,0.02023765817284584
2001-08-04,0.009954074397683144
2001-08-05,0.01741982065141201
2001-08-06,0.02384137362241745
2001-08-07,0.030034618452191353
2001-08-08,0.027376478537917137
2001-08-09,0.027210386469960213
2001-08-10,0.019121237099170685
2001-08-11,0.0005443956470116973
2001-08-12,0.03356054052710533
2001-08-13,0.04204760491847992
2001-08-14,0.04934803768992424
2001-08-15,0.07075879722833633
2001-08-16,0.06828401237726212
2001-08-17,0.05516236275434494
2001-08-18,0.023060644045472145
2001-08-19,0.02027505822479725
2001-08-20,0.023361248895525932
2001-08-21,0.007590412627905607
2001-08-22,-0.0052221412770450115
2001-08-23,0.0039620669558644295
2001-08-24,-0.01166861318051815
2001-08-25,-0.012997989542782307
2001-08-26,-0.020585227757692337
2001-08-27,-0.022583389654755592
2001-08-28,-0.026158776134252548
2001-08-29,-0.013976172544062138
2001-08-30,-0.013967543840408325
2001-08-31,-0.017353974282741547
2001-09-01,-0.004683023784309626
2001-09-02,-0.005845946259796619
2001-09-03,0.035828180611133575
2001-09-04,0.04500003531575203
2001-09-05,0.06051519513130188
2001-09-06,0.056820567697286606
2001-09-07,0.04016484320163727
2001-09-08,-0.010904153808951378
2001-09-09,0.0061652385629713535
2001-09-10,0.00410626083612442
2001-09-11,0.0028190077282488346
2001-09-12,-0.05283484607934952
2001-09-13,-0.08879099041223526
2001-09-14,-0.12726302444934845
2001-09-15,-0.1447027325630188
2001-09-16,-0.15630923211574554
2001-09-17,-0.17532508075237274
2001-09-18,-0.19914449751377106
2001-09-19,-0.2223864644765854
2001-09-20,-0.2511102855205536
2001-09-21,-0.2862233519554138
2001-09-22,-0.2999628484249115
2001-09-23,-0.3006545901298523
2001-09-24,-0.311664342880249
2001-09-25,-0.31527015566825867
2001-09-26,-0.3214285969734192
2001-09-27,-0.32079580426216125
2001-09-28,-0.3173292577266693
2001-09-29,-0.3278352916240692
2001-09-30,-0.3017669916152954
2001-10-01,-0.31843677163124084
2001-10-02,-0.3275028169155121
2001-10-03,-0.32387012243270874
2001-10-04,-0.3038744330406189
2001-10-05,-0.3214256167411804
2001-10-06,-0.3066125214099884
2001-10-07,-0.3127458393573761
2001-10-08,-0.31727299094200134
2001-10-09,-0.3236973285675049
2001-10-10,-0.3347908556461334
2001-10-11,-0.33369019627571106
2001-10-12,-0.3379175364971161
2001-10-13,-0.35266366600990295
2001-10-14,-0.3424873948097229
2001-10-15,-0.3234174847602844
2001-10-16,-0.329532265663147
2001-10-17,-0.34078243374824524
2001-10-18,-0.3514368236064911
2001-10-19,-0.3867679834365845
2001-10-20,-0.3815906047821045
2001-10-21,-0.3964516818523407
2001-10-22,-0.39230650663375854
2001-10-23,-0.38556259870529175
2001-10-24,-0.37856072187423706
2001-10-25,-0.3500712811946869
2001-10-26,-0.3399307131767273
2001-10-27,-0.3275432586669922
2001-10-28,-0.30447325110435486
2001-10-29,-0.28851181268692017
2001-10-30,-0.2933844029903412
2001-10-31,-0.2983570992946625
2001-11-01,-0.2879159450531006
2001-11-02,-0.29937243461608887
2001-11-03,-0.31707337498664856
2001-11-04,-0.28743448853492737
2001-11-05,-0.266713410615921
2001-11-06,-0.26411890983581543
2001-11-07,-0.26207199692726135
2001-11-08,-0.24967509508132935
2001-11-09,-0.2400970160961151
2001-11-10,-0.2652011513710022
2001-11-11,-0.2395412176847458
2001-11-12,-0.23094554245471954
2001-11-13,-0.23540042340755463
2001-11-14,-0.23430170118808746
2001-11-15,-0.24122411012649536
2001-11-16,-0.2540634870529175
2001-11-17,-0.24429890513420105
2001-11-18,-0.234271839261055
2001-11-19,-0.20127739012241364
2001-11-20,-0.17857283353805542
2001-11-21,-0.1877092868089676
2001-11-22,-0.16617557406425476
2001-11-23,-0.15698643028736115
2001-11-24,-0.1674351990222931
2001-11-25,-0.16477791965007782
2001-11-26,-0.1505625993013382
2001-11-27,-0.16377873718738556
2001-11-28,-0.16146424412727356
2001-11-29,-0.15211249887943268
2001-11-30,-0.15846188366413116
2001-12-01,-0.16914846003055573
2001-12-02,-0.159357488155365
2001-12-03,-0.1395271271467209
2001-12-04,-0.14799554646015167
2001-12-05,-0.15008489787578583
2001-12-06,-0.14772610366344452
2001-12-07,-0.15293079614639282
2001-12-08,-0.1896081119775772
2001-12-09,-0.17997948825359344
2001-12-10,-0.17101263999938965
2001-12-11,-0.17132985591888428
2001-12-12,-0.1813570261001587
2001-12-13,-0.18169079720973969
2001-12-14,-0.19187229871749878
2001-12-15,-0.1957406848669052
2001-12-16,-0.19100430607795715
2001-12-17,-0.18408814072608948
2001-12-18,-0.18026836216449738
2001-12-19,-0.1815432608127594
2001-12-20,-0.17823576927185059
2001-12-21,-0.1879091113805771
2001-12-22,-0.20221921801567078
2001-12-23,-0.19343112409114838
2001-12-24,-0.19280095398426056
2001-12-25,-0.16192589700222015
2001-12-26,-0.17150086164474487
2001-12-27,-0.1639605611562729
2001-12-28,-0.13640661537647247
2001-12-29,-0.1211792603135109
2001-12-30,-0.09501966834068298
2001-12-31,-0.07899387925863266
2002-01-01,-0.08283420652151108
2002-01-02,-0.08188030868768692
2002-01-03,-0.08025657385587692
2002-01-04,-0.08801969885826111
2002-01-05,-0.12834155559539795
2002-01-06,-0.12713105976581573
2002-01-07,-0.12401919066905975
2002-01-08,-0.1366758793592453
2002-01-09,-0.13798895478248596
2002-01-10,-0.1379554271697998
2002-01-11,-0.14226298034191132
2002-01-12,-0.1432470828294754
2002-01-13,-0.13506066799163818
2002-01-14,-0.12626206874847412
2002-01-15,-0.12039440125226974
2002-01-16,-0.11808454245328903
2002-01-17,-0.11497555673122406
2002-01-18,-0.113849937915802
2002-01-19,-0.12238875776529312
2002-01-20,-0.1195329874753952
2002-01-21,-0.10840074717998505
2002-01-22,-0.08981311321258545
2002-01-23,-0.0834653377532959
2002-01-24,-0.09451563656330109
2002-01-25,-0.10356290638446808
2002-01-26,-0.11255532503128052
2002-01-27,-0.10082744061946869
2002-01-28,-0.08291836082935333
2002-01-29,-0.0819241926074028
2002-01-30,-0.09085261821746826
2002-01-31,-0.08106537163257599
2002-02-01,-0.08506706357002258
2002-02-02,-0.09310496598482132
2002-02-03,-0.09498817473649979
2002-02-04,-0.09443708509206772
2002-02-05,-0.09757564216852188
2002-02-06,-0.09193695336580276
2002-02-07,-0.09394337981939316
2002-02-08,-0.10605235397815704
2002-02-09,-0.11739707738161087
2002-02-10,-0.10328758507966995
2002-02-11,-0.11118772625923157
2002-02-12,-0.11986168473958969
2002-02-13,-0.12310939282178879
2002-02-14,-0.11244775354862213
2002-02-15,-0.1188870221376419
2002-02-16,-0.13221511244773865
2002-02-17,-0.11252477765083313
2002-02-18,-0.08954330533742905
2002-02-19,-0.08207441121339798
2002-02-20,-0.08784635365009308
2002-02-21,-0.08441225439310074
2002-02-22,-0.08883778750896454
2002-02-23,-0.08735314756631851
2002-02-24,-0.07772769778966904
2002-02-25,-0.06869599223136902
2002-02-26,-0.07132017612457275
2002-02-27,-0.06205128878355026
2002-02-28,-0.07111799716949463
2002-03-01,-0.07560191303491592
2002-03-02,-0.03805999457836151
2002-03-03,-0.01767691969871521
2002-03-04,-0.009590376168489456
2002-03-05,-0.016023259609937668
2002-03-06,-0.01849403604865074
2002-03-07,-0.015958018600940704
2002-03-08,-0.028514394536614418
2002-03-09,-0.03666066378355026
2002-03-10,-0.022699875757098198
2002-03-11,-0.012742207385599613
2002-03-12,-0.028015172109007835
2002-03-13,-0.04238169640302658
2002-03-14,-0.03837132081389427
2002-03-15,-0.04823639616370201
2002-03-16,-0.06090478599071503
2002-03-17,-0.043576981872320175
2002-03-18,-0.03080175630748272
2002-03-19,-0.03104257956147194
2002-03-20,-0.026974070817232132
2002-03-21,-0.024063967168331146
2002-03-22,-0.03238984942436218
2002-03-23,-0.04628833383321762
2002-03-24,-0.033258844166994095
2002-03-25,-0.01991288550198078
2002-03-26,-0.03258831799030304
2002-03-27,-0.015740206465125084
2002-03-28,-0.0014540861593559384
2002-03-29,-0.0022292579524219036
2002-03-30,0.002061577048152685
2002-03-31,-0.00540373707190156
2002-04-01,-0.009538538753986359
2002-04-02,-0.01792118325829506
2002-04-03,-0.031037108972668648
2002-04-04,-0.04054854065179825
2002-04-05,-0.049914415925741196
2002-04-06,-0.04684588313102722
2002-04-07,-0.029339199885725975
2002-04-08,-0.014499302953481674
2002-04-09,-0.02283892035484314
2002-04-10,-0.02968040108680725
2002-04-11,-0.025262489914894104
2002-04-12,-0.04250238835811615
2002-04-13,-0.06106596812605858
2002-04-14,-0.0633273795247078
2002-04-15,-0.054041456431150436
2002-04-16,-0.07135345786809921
2002-04-17,-0.06634332239627838
2002-04-18,-0.05917275324463844
2002-04-19,-0.06802534312009811
2002-04-20,-0.08073652535676956
2002-04-21,-0.06584847718477249
2002-04-22,-0.07184943556785583
2002-04-23,-0.08531564474105835
2002-04-24,-0.09657568484544754
2002-04-25,-0.0898440033197403
2002-04-26,-0.10283717513084412
2002-04-27,-0.11248906701803207
2002-04-28,-0.09839624911546707
2002-04-29,-0.08106211572885513
2002-04-30,-0.07542123645544052
2002-05-01,-0.08310314267873764
2002-05-02,-0.08380298316478729
2002-05-03,-0.09002815932035446
2002-05-04,-0.09692034125328064
2002-05-05,-0.06323648244142532
2002-05-06,-0.058757103979587555
2002-05-07,-0.048857953399419785
2002-05-08,-0.045483291149139404
2002-05-09,-0.0456388033926487
2002-05-10,-0.05902547016739845
2002-05-11,-0.06919345259666443
2002-05-12,-0.06609934568405151
2002-05-13,-0.05610524117946625
2002-05-14,-0.04757240414619446
2002-05-15,-0.04995865747332573
2002-05-16,-0.05469992384314537
2002-05-17,-0.05944492667913437
2002-05-18,-0.08528368175029755
2002-05-19,-0.07995478808879852
2002-05-20,-0.08194916695356369
2002-05-21,-0.0751122236251831
2002-05-22,-0.07224590331315994
2002-05-23,-0.06857971847057343
2002-05-24,-0.06621484458446503
2002-05-25,-0.07135403901338577
2002-05-26,-0.05948032811284065
2002-05-27,-0.049071092158555984
2002-05-28,-0.05734476074576378
2002-05-29,-0.0593252070248127
2002-05-30,-0.04928820952773094
2002-05-31,-0.05204399675130844
2002-06-01,-0.05919039249420166
2002-06-02,-0.041947610676288605
2002-06-03,-0.03708748519420624
2002-06-04,-0.03889724239706993
2002-06-05,-0.04992794618010521
2002-06-06,-0.04199856519699097
2002-06-07,-0.05455544590950012
2002-06-08,-0.06668326258659363
2002-06-09,-0.05374392122030258
2002-06-10,-0.03865908831357956
2002-06-11,-0.05476847290992737
2002-06-12,-0.06319942325353622
2002-06-13,-0.07766930013895035
2002-06-14,-0.07673460245132446
2002-06-15,-0.08131445199251175
2002-06-16,-0.07103537023067474
2002-06-17,-0.07932621985673904
2002-06-18,-0.09117767214775085
2002-06-19,-0.09615962952375412
2002-06-20,-0.09128866344690323
2002-06-21,-0.10513896495103836
2002-06-22,-0.11483433097600937
2002-06-23,-0.11213643103837967
2002-06-24,-0.11095765978097916
2002-06-25,-0.12161408364772797
2002-06-26,-0.11750992387533188
2002-06-27,-0.12250617891550064
2002-06-28,-0.13518084585666656
2002-06-29,-0.14432328939437866
2002-06-30,-0.13471484184265137
2002-07-01,-0.1336093693971634
2002-07-02,-0.1356409788131714
2002-07-03,-0.14680342376232147
2002-07-04,-0.14689548313617706
2002-07-05,-0.1289641410112381
2002-07-06,-0.14622889459133148
2002-07-07,-0.1498432606458664
2002-07-08,-0.14744462072849274
2002-07-09,-0.14252640306949615
2002-07-10,-0.1545434296131134
2002-07-11,-0.13995781540870667
2002-07-12,-0.1574806272983551
2002-07-13,-0.1897767335176468
2002-07-14,-0.18324489891529083
2002-07-15,-0.19328317046165466
2002-07-16,-0.1834452748298645
2002-07-17,-0.18050314486026764
2002-07-18,-0.17181798815727234
2002-07-19,-0.17515236139297485
2002-07-20,-0.17742925882339478
2002-07-21,-0.17088885605335236
2002-07-22,-0.17988945543766022
2002-07-23,-0.1780300736427307
2002-07-24,-0.17103324830532074
2002-07-25,-0.17634879052639008
2002-07-26,-0.17450471222400665
2002-07-27,-0.18220914900302887
2002-07-28,-0.1743517369031906
2002-07-29,-0.1632559597492218
2002-07-30,-0.1482134610414505
2002-07-31,-0.14136798679828644
2002-08-01,-0.12948088347911835
2002-08-02,-0.14290021359920502
2002-08-03,-0.15004409849643707
2002-08-04,-0.14881190657615662
2002-08-05,-0.13055366277694702
2002-08-06,-0.12138676643371582
2002-08-07,-0.10448255389928818
2002-08-08,-0.09975366294384003
2002-08-09,-0.09803858399391174
2002-08-10,-0.08870090544223785
2002-08-11,-0.06953628361225128
2002-08-12,-0.06998506188392639
2002-08-13,-0.08062572032213211
2002-08-14,-0.08112863451242447
2002-08-15,-0.05555807799100876
2002-08-16,-0.055579520761966705
2002-08-17,-0.06633114814758301
2002-08-18,-0.05522977560758591
2002-08-19,-0.047266557812690735
2002-08-20,-0.043145593255758286
2002-08-21,-0.06930486112833023
2002-08-22,-0.061814259737730026
2002-08-23,-0.07154758274555206
2002-08-24,-0.08522757887840271
2002-08-25,-0.07274075597524643
2002-08-26,-0.06898640096187592
2002-08-27,-0.07389181107282639
2002-08-28,-0.08389294147491455
2002-08-29,-0.07993815839290619
2002-08-30,-0.09125660359859467
2002-08-31,-0.09446556866168976
2002-09-01,-0.07807541638612747
2002-09-02,-0.07415808737277985
2002-09-03,-0.08046616613864899
2002-09-04,-0.09599874913692474
2002-09-05,-0.08964578807353973
2002-09-06,-0.10244335234165192
2002-09-07,-0.11408765614032745
2002-09-08,-0.11289907991886139
2002-09-09,-0.11418624967336655
2002-09-10,-0.122737817466259
2002-09-11,-0.1336103230714798
2002-09-12,-0.11944090574979782
2002-09-13,-0.13383172452449799
2002-09-14,-0.14568279683589935
2002-09-15,-0.11695599555969238
2002-09-16,-0.11238612979650497
2002-09-17,-0.12451940029859543
2002-09-18,-0.12601445615291595
2002-09-19,-0.12153717875480652
2002-09-20,-0.13163305819034576
2002-09-21,-0.14791709184646606
2002-09-22,-0.14052057266235352
2002-09-23,-0.13165131211280823
2002-09-24,-0.15154913067817688
2002-09-25,-0.17270196974277496
2002-09-26,-0.1653641313314438
2002-09-27,-0.16939491033554077
2002-09-28,-0.18630057573318481
2002-09-29,-0.19330912828445435
2002-09-30,-0.19577689468860626
2002-10-01,-0.20266273617744446
2002-10-02,-0.2018260359764099
2002-10-03,-0.20233657956123352
2002-10-04,-0.21386520564556122
2002-10-05,-0.2247159630060196
2002-10-06,-0.21926891803741455
2002-10-07,-0.21604740619659424
2002-10-08,-0.22056668996810913
2002-10-09,-0.22728660702705383
2002-10-10,-0.21728293597698212
2002-10-11,-0.2169857770204544
2002-10-12,-0.22381266951560974
2002-10-13,-0.21076618134975433
2002-10-14,-0.19453060626983643
2002-10-15,-0.19634030759334564
2002-10-16,-0.18556970357894897
2002-10-17,-0.170291006565094
2002-10-18,-0.17419633269309998
2002-10-19,-0.16437332332134247
2002-10-20,-0.14162637293338776
2002-10-21,-0.1301782876253128
2002-10-22,-0.12892086803913116
2002-10-23,-0.12896451354026794
2002-10-24,-0.11278851330280304
2002-10-25,-0.1342982053756714
2002-10-26,-0.1349414885044098
2002-10-27,-0.10755287110805511
2002-10-28,-0.09616632014513016
2002-10-29,-0.08510960638523102
2002-10-30,-0.08749460428953171
2002-10-31,-0.07575509697198868
2002-11-01,-0.08320052176713943
2002-11-02,-0.09956111013889313
2002-11-03,-0.09214839339256287
2002-11-04,-0.07997307926416397
2002-11-05,-0.09057652205228806
2002-11-06,-0.09298909455537796
2002-11-07,-0.08872035890817642
2002-11-08,-0.08200645446777344
2002-11-09,-0.08571836352348328
2002-11-10,-0.06734928488731384
2002-11-11,-0.07423456013202667
2002-11-12,-0.06938748061656952
2002-11-13,-0.07698392868041992
2002-11-14,-0.07388009130954742
2002-11-15,-0.07420356571674347
2002-11-16,-0.06613174825906754
2002-11-17,-0.056441184133291245
2002-11-18,-0.059267543256282806
2002-11-19,-0.0599517822265625
2002-11-20,-0.05498778820037842
2002-11-21,-0.0391865074634552
2002-11-22,-0.04570230469107628
2002-11-23,-0.05228326469659805
2002-11-24,-0.049351390451192856
2002-11-25,-0.03133350610733032
2002-11-26,-0.035399481654167175
2002-11-27,-0.03300879895687103
2002-11-28,0.003865680191665888
2002-11-29,-0.015250948257744312
2002-11-30,-0.024302300065755844
2002-12-01,-0.0030655397567898035
2002-12-02,0.0013666233280673623
2002-12-03,0.0041303690522909164
2002-12-04,0.0012508872896432877
2002-12-05,0.001372031052596867
2002-12-06,-0.014206678606569767
2002-12-07,-0.021862881258130074
2002-12-08,-0.030955897644162178
2002-12-09,-0.03262631967663765
2002-12-10,-0.023820452392101288
2002-12-11,-0.028551291674375534
2002-12-12,-0.02309466153383255
2002-12-13,-0.03369148448109627
2002-12-14,-0.0439564473927021
2002-12-15,-0.0353737510740757
2002-12-16,-0.02707246132194996
2002-12-17,-0.03075903095304966
2002-12-18,-0.05036177858710289
2002-12-19,-0.04919540509581566
2002-12-20,-0.05712788179516792
2002-12-21,-0.07322337478399277
2002-12-22,-0.06356678903102875
2002-12-23,-0.05904294550418854
2002-12-24,-0.06236879527568817
2002-12-25,-0.07787145674228668
2002-12-26,-0.05304349586367607
2002-12-27,-0.0635261982679367
2002-12-28,-0.09264719486236572
2002-12-29,-0.09231588989496231
2002-12-30,-0.07461266964673996
2002-12-31,-0.08001715689897537
2003-01-01,-0.09447190910577774
2003-01-02,-0.09282216429710388
2003-01-03,-0.08008379489183426
2003-01-04,-0.06952084600925446
2003-01-05,-0.04997158795595169
2003-01-06,-0.04491199925541878
2003-01-07,-0.02754252403974533
2003-01-08,-0.020590677857398987
2003-01-09,-0.018229568377137184
2003-01-10,-0.023872198536992073
2003-01-11,-0.05106101930141449
2003-01-12,-0.0490826740860939
2003-01-13,-0.035956136882305145
2003-01-14,-0.036372482776641846
2003-01-15,-0.03315645828843117
2003-01-16,-0.03662366792559624
2003-01-17,-0.04280262440443039
2003-01-18,-0.07019229233264923
2003-01-19,-0.05071181058883667
2003-01-20,-0.048364534974098206
2003-01-21,-0.04615121707320213
2003-01-22,-0.04926342889666557
2003-01-23,-0.046115972101688385
2003-01-24,-0.04200565814971924
2003-01-25,-0.049882832914590836
2003-01-26,-0.03919621556997299
2003-01-27,-0.03461148962378502
2003-01-28,-0.05798081308603287
2003-01-29,-0.056887783110141754
2003-01-30,-0.06561288982629776
2003-01-31,-0.06648452579975128
2003-02-01,-0.06914515793323517
2003-02-02,-0.05714646726846695
2003-02-03,-0.056012436747550964
2003-02-04,-0.06059451028704643
2003-02-05,-0.07616309076547623
2003-02-06,-0.0744050070643425
2003-02-07,-0.08386752754449844
2003-02-08,-0.09531695395708084
2003-02-09,-0.0840281993150711
2003-02-10,-0.06667102128267288
2003-02-11,-0.0672820508480072
2003-02-12,-0.07575958222150803
2003-02-13,-0.07845696061849594
2003-02-14,-0.08859289437532425
2003-02-15,-0.09124106168746948
2003-02-16,-0.07244456559419632
2003-02-17,-0.06975123286247253
2003-02-18,-0.05758950114250183
2003-02-19,-0.06250325590372086
2003-02-20,-0.06313826888799667
2003-02-21,-0.07408067584037781
2003-02-22,-0.0790192112326622
2003-02-23,-0.07362460345029831
2003-02-24,-0.06715667247772217
2003-02-25,-0.07314047962427139
2003-02-26,-0.06787314265966415
2003-02-27,-0.07334082573652267
2003-02-28,-0.08416126668453217
2003-03-01,-0.09545869380235672
2003-03-02,-0.09464677423238754
2003-03-03,-0.09044022858142853
2003-03-04,-0.1024167388677597
2003-03-05,-0.10180417448282242
2003-03-06,-0.10475093126296997
2003-03-07,-0.11460874229669571
2003-03-08,-0.14023415744304657
2003-03-09,-0.13349498808383942
2003-03-10,-0.1548440158367157
2003-03-11,-0.16444934904575348
2003-03-12,-0.17595452070236206
2003-03-13,-0.16347679495811462
2003-03-14,-0.18178105354309082
2003-03-15,-0.19242142140865326
2003-03-16,-0.1856488138437271
2003-03-17,-0.19062303006649017
2003-03-18,-0.2025497704744339
2003-03-19,-0.2138451337814331
2003-03-20,-0.21888981759548187
2003-03-21,-0.2279239147901535
2003-03-22,-0.23031052947044373
2003-03-23,-0.22495411336421967
2003-03-24,-0.2207626849412918
2003-03-25,-0.23795081675052643
2003-03-26,-0.24259711802005768
2003-03-27,-0.23819181323051453
2003-03-28,-0.241409033536911
2003-03-29,-0.22766698896884918
2003-03-30,-0.22050967812538147
2003-03-31,-0.20703454315662384
2003-04-01,-0.2168922871351242
2003-04-02,-0.22061891853809357
2003-04-03,-0.2137487530708313
2003-04-04,-0.23384186625480652
2003-04-05,-0.24627909064292908
2003-04-06,-0.2274911254644394
2003-04-07,-0.22542957961559296
2003-04-08,-0.24052423238754272
2003-04-09,-0.2284519374370575
2003-04-10,-0.2238977551460266
2003-04-11,-0.24070025980472565
2003-04-12,-0.24373766779899597
2003-04-13,-0.2168724685907364
2003-04-14,-0.20015668869018555
2003-04-15,-0.2003065049648285
2003-04-16,-0.19987347722053528
2003-04-17,-0.19847029447555542
2003-04-18,-0.19535811245441437
2003-04-19,-0.17938771843910217
2003-04-20,-0.16045711934566498
2003-04-21,-0.14979371428489685
2003-04-22,-0.1525534689426422
2003-04-23,-0.14744451642036438
2003-04-24,-0.14369937777519226
2003-04-25,-0.1523943692445755
2003-04-26,-0.15270178020000458
2003-04-27,-0.13953307271003723
2003-04-28,-0.13749611377716064
2003-04-29,-0.13049083948135376
2003-04-30,-0.12610381841659546
2003-05-01,-0.1192036047577858
2003-05-02,-0.11697312444448471
2003-05-03,-0.11111866682767868
2003-05-04,-0.10523133724927902
2003-05-05,-0.10175424814224243
2003-05-06,-0.08798050135374069
2003-05-07,-0.09615820646286011
2003-05-08,-0.09105442464351654
2003-05-09,-0.10032292455434799
2003-05-10,-0.10607679933309555
2003-05-11,-0.09702065587043762
2003-05-12,-0.10241642594337463
2003-05-13,-0.10897969454526901
2003-05-14,-0.1105467677116394
2003-05-15,-0.09868762642145157
2003-05-16,-0.1148512214422226
2003-05-17,-0.1169484406709671
2003-05-18,-0.10925807058811188
2003-05-19,-0.0948096513748169
2003-05-20,-0.09694569557905197
2003-05-21,-0.10324990749359131
2003-05-22,-0.09699905663728714
2003-05-23,-0.09100557863712311
2003-05-24,-0.0815667137503624
2003-05-25,-0.06225030869245529
2003-05-26,-0.0693846344947815
2003-05-27,-0.049725037068128586
2003-05-28,-0.07062860578298569
2003-05-29,-0.06223054230213165
2003-05-30,-0.061170466244220734
2003-05-31,-0.05633162707090378
2003-06-01,-0.04484059661626816
2003-06-02,-0.0503762811422348
2003-06-03,-0.046995993703603745
2003-06-04,-0.036986835300922394
2003-06-05,-0.019055871292948723
2003-06-06,-0.025082681328058243
2003-06-07,-0.025303931906819344
2003-06-08,-0.02278822660446167
2003-06-09,0.008745389059185982
2003-06-10,0.008551744744181633
2003-06-11,0.022539667785167694
2003-06-12,0.019307179376482964
2003-06-13,0.014629038982093334
2003-06-14,0.020138416439294815
2003-06-15,0.028064649552106857
2003-06-16,0.012391127645969391
2003-06-17,0.01252398919314146
2003-06-18,0.011709732003509998
2003-06-19,0.020811008289456367
2003-06-20,0.011254442855715752
2003-06-21,0.00337208597920835
2003-06-22,-0.01183666568249464
2003-06-23,-0.015110316686332226
2003-06-24,-0.023243220522999763
2003-06-25,-0.023038160055875778
2003-06-26,-0.0207821112126112
2003-06-27,-0.02818395383656025
2003-06-28,-0.026050066575407982
2003-06-29,-0.017259744927287102
2003-06-30,-0.0075273276306688786
2003-07-01,-0.009979777038097382
2003-07-02,-0.0025684505235403776
2003-07-03,-0.0060013351030647755
2003-07-04,-0.01601722277700901
2003-07-05,-0.0436883307993412
2003-07-06,-0.02026202529668808
2003-07-07,-0.0063491761684417725
2003-07-08,0.01543832290917635
2003-07-09,0.027748996391892433
2003-07-10,0.039653483778238297
2003-07-11,0.021161554381251335
2003-07-12,0.01888498105108738
2003-07-13,0.02620973251760006
2003-07-14,0.019845709204673767
2003-07-15,0.002311242278665304
2003-07-16,-0.017054518684744835
2003-07-17,-0.009839089587330818
2003-07-18,-0.015218252316117287
2003-07-19,-0.009950545616447926
2003-07-20,-0.004726315848529339
2003-07-21,0.011010454967617989
2003-07-22,0.028021031990647316
2003-07-23,0.02348443679511547
2003-07-24,0.024562405422329903
2003-07-25,0.030910715460777283
2003-07-26,0.023927604779601097
2003-07-27,0.04578940197825432
2003-07-28,0.06693589687347412
2003-07-29,0.0740031749010086
2003-07-30,0.0723857507109642
2003-07-31,0.06806600093841553
2003-08-01,0.08118966221809387
2003-08-02,0.07867065072059631
2003-08-03,0.0967860072851181
2003-08-04,0.09307687729597092
2003-08-05,0.08764635771512985
2003-08-06,0.091683030128479
2003-08-07,0.0899810940027237
2003-08-08,0.10868211835622787
2003-08-09,0.08628425747156143
2003-08-10,0.0801074281334877
2003-08-11,0.09530647099018097
2003-08-12,0.09180014580488205
2003-08-13,0.09221652895212173
2003-08-14,0.10655736923217773
2003-08-15,0.10624833405017853
2003-08-16,0.1188959851861
2003-08-17,0.1270167976617813
2003-08-18,0.12415871769189835
2003-08-19,0.11937125027179718
2003-08-20,0.12698283791542053
2003-08-21,0.12635618448257446
2003-08-22,0.13173523545265198
2003-08-23,0.1599789708852768
2003-08-24,0.18254657089710236
2003-08-25,0.17045527696609497
2003-08-26,0.17646317183971405
2003-08-27,0.16699102520942688
2003-08-28,0.16202571988105774
2003-08-29,0.1580972671508789
2003-08-30,0.175181046128273
2003-08-31,0.1818968802690506
2003-09-01,0.1808568239212036
2003-09-02,0.1897014081478119
2003-09-03,0.18657389283180237
2003-09-04,0.19213055074214935
2003-09-05,0.18566149473190308
2003-09-06,0.1669599711894989
2003-09-07,0.17652606964111328
2003-09-08,0.16261063516139984
2003-09-09,0.1599852442741394
2003-09-10,0.14651623368263245
2003-09-11,0.1314125955104828
2003-09-12,0.13411960005760193
2003-09-13,0.12881052494049072
2003-09-14,0.13512639701366425
2003-09-15,0.1254435032606125
2003-09-16,0.11986079066991806
2003-09-17,0.1171090379357338
2003-09-18,0.12099083513021469
2003-09-19,0.11663548648357391
2003-09-20,0.12127315253019333
2003-09-21,0.1336507946252823
2003-09-22,0.13441281020641327
2003-09-23,0.12393032759428024
2003-09-24,0.14587217569351196
2003-09-25,0.1394629031419754
2003-09-26,0.13481512665748596
2003-09-27,0.11743738502264023
2003-09-28,0.12340213358402252
2003-09-29,0.13691918551921844
2003-09-30,0.1365460306406021
2003-10-01,0.12358744442462921
2003-10-02,0.12417547404766083
2003-10-03,0.10754604637622833
2003-10-04,0.11399883031845093
2003-10-05,0.1362476944923401
2003-10-06,0.14415235817432404
2003-10-07,0.14548072218894958
2003-10-08,0.13477879762649536
2003-10-09,0.13874143362045288
2003-10-10,0.13360555469989777
2003-10-11,0.12217698246240616
2003-10-12,0.12555243074893951
2003-10-13,0.14873862266540527
2003-10-14,0.16202768683433533
2003-10-15,0.15573611855506897
2003-10-16,0.17465311288833618
2003-10-17,0.18155889213085175
2003-10-18,0.1946590691804886
2003-10-19,0.19177347421646118
2003-10-20,0.1939435452222824
2003-10-21,0.20132236182689667
2003-10-22,0.20008572936058044
2003-10-23,0.19932782649993896
2003-10-24,0.1980331391096115
2003-10-25,0.21750569343566895
2003-10-26,0.2277950942516327
2003-10-27,0.23348228633403778
2003-10-28,0.23515942692756653
2003-10-29,0.23908847570419312
2003-10-30,0.24336081743240356
2003-10-31,0.2468278408050537
2003-11-01,0.26162540912628174
2003-11-02,0.2760523557662964
2003-11-03,0.27908769249916077
2003-11-04,0.2902570962905884
2003-11-05,0.2865701913833618
2003-11-06,0.2933003008365631
2003-11-07,0.2991315424442291
2003-11-08,0.30952319502830505
2003-11-09,0.30968964099884033
2003-11-10,0.321128785610199
2003-11-11,0.29458969831466675
2003-11-12,0.27974966168403625
2003-11-13,0.28196874260902405
2003-11-14,0.2856374979019165
2003-11-15,0.2636374831199646
2003-11-16,0.26875248551368713
2003-11-17,0.2673608064651489
2003-11-18,0.26621392369270325
2003-11-19,0.25706249475479126
2003-11-20,0.27028968930244446
2003-11-21,0.2519088685512543
2003-11-22,0.25706982612609863
2003-11-23,0.2636408805847168
2003-11-24,0.2637578547000885
2003-11-25,0.25618118047714233
2003-11-26,0.26309654116630554
2003-11-27,0.2671600580215454
2003-11-28,0.2700401246547699
2003-11-29,0.26315855979919434
2003-11-30,0.2740862965583801
2003-12-01,0.2841535210609436
2003-12-02,0.3098689317703247
2003-12-03,0.3046194016933441
2003-12-04,0.2969050407409668
2003-12-05,0.2775866687297821
2003-12-06,0.28195202350616455
2003-12-07,0.2816964387893677
2003-12-08,0.287640780210495
2003-12-09,0.28069382905960083
2003-12-10,0.2718522548675537
2003-12-11,0.26590123772621155
2003-12-12,0.26937100291252136
2003-12-13,0.25743725895881653
2003-12-14,0.2641094923019409
2003-12-15,0.2626541554927826
2003-12-16,0.2755553126335144
2003-12-17,0.27458450198173523
2003-12-18,0.2784644067287445
2003-12-19,0.27379310131073
2003-12-20,0.27219903469085693
2003-12-21,0.28128471970558167
2003-12-22,0.2640226483345032
2003-12-23,0.25639691948890686
2003-12-24,0.2431344985961914
2003-12-25,0.24637912213802338
2003-12-26,0.23845446109771729
2003-12-27,0.25868818163871765
2003-12-28,0.2670801281929016
2003-12-29,0.25795018672943115
2003-12-30,0.24702201783657074
2003-12-31,0.24151811003684998
2004-01-01,0.2598433196544647
2004-01-02,0.24550165235996246
2004-01-03,0.24647089838981628
2004-01-04,0.2320641577243805
2004-01-05,0.21271899342536926
2004-01-06,0.22064581513404846
2004-01-07,0.2134915590286255
2004-01-08,0.20047692954540253
2004-01-09,0.2044844925403595
2004-01-10,0.20032183825969696
2004-01-11,0.209701806306839
2004-01-12,0.19810499250888824
2004-01-13,0.1949828416109085
2004-01-14,0.18753790855407715
2004-01-15,0.20806366205215454
2004-01-16,0.20325423777103424
2004-01-17,0.21319268643856049
2004-01-18,0.20978306233882904
2004-01-19,0.24139177799224854
2004-01-20,0.23575186729431152
2004-01-21,0.23444698750972748
2004-01-22,0.23789168894290924
2004-01-23,0.24434570968151093
2004-01-24,0.2452121078968048
2004-01-25,0.248768150806427
2004-01-26,0.237705796957016
2004-01-27,0.22249993681907654
2004-01-28,0.2200392484664917
2004-01-29,0.2241058200597763
2004-01-30,0.22794006764888763
2004-01-31,0.2334275245666504
2004-02-01,0.23394180834293365
2004-02-02,0.22910699248313904
2004-02-03,0.22191423177719116
2004-02-04,0.2125941663980484
2004-02-05,0.22622035443782806
2004-02-06,0.21460764110088348
2004-02-07,0.2197706401348114
2004-02-08,0.20931018888950348
2004-02-09,0.21202102303504944
2004-02-10,0.21777962148189545
2004-02-11,0.21137434244155884
2004-02-12,0.20534175634384155
2004-02-13,0.19986659288406372
2004-02-14,0.16400206089019775
2004-02-15,0.1799193024635315
2004-02-16,0.18649503588676453
2004-02-17,0.1917741298675537
2004-02-18,0.19818107783794403
2004-02-19,0.20379982888698578
2004-02-20,0.1912621408700943
2004-02-21,0.20228612422943115
2004-02-22,0.22214312851428986
2004-02-23,0.23331299424171448
2004-02-24,0.2227984517812729
2004-02-25,0.20960542559623718
2004-02-26,0.2166673094034195
2004-02-27,0.2010401040315628
2004-02-28,0.19348657131195068
2004-02-29,0.21062442660331726
2004-03-01,0.21603287756443024
2004-03-02,0.21345506608486176
2004-03-03,0.2125779390335083
2004-03-04,0.2148250937461853
2004-03-05,0.19111309945583344
2004-03-06,0.18296848237514496
2004-03-07,0.20149457454681396
2004-03-08,0.1817748099565506
2004-03-09,0.17026793956756592
2004-03-10,0.1556091606616974
2004-03-11,0.14178550243377686
2004-03-12,0.13617157936096191
2004-03-13,0.1324634552001953
2004-03-14,0.13444310426712036
2004-03-15,0.13141341507434845
2004-03-16,0.1419990509748459
2004-03-17,0.1275869607925415
2004-03-18,0.12905564904212952
2004-03-19,0.13289472460746765
2004-03-20,0.12085969001054764
2004-03-21,0.14174547791481018
2004-03-22,0.13518626987934113
2004-03-23,0.1085495725274086
2004-03-24,0.10387655347585678
2004-03-25,0.09774149954319
2004-03-26,0.092143215239048
2004-03-27,0.0986572876572609
2004-03-28,0.10734447836875916
2004-03-29,0.1089441329240799
2004-03-30,0.09308653324842453
2004-03-31,0.09935636818408966
2004-04-01,0.11058159172534943
2004-04-02,0.11661483347415924
2004-04-03,0.1344144642353058
2004-04-04,0.148065447807312
2004-04-05,0.1579340547323227
2004-04-06,0.1533353626728058
2004-04-07,0.1456281840801239
2004-04-08,0.14393529295921326
2004-04-09,0.14467133581638336
2004-04-10,0.14423200488090515
2004-04-11,0.16363875567913055
2004-04-12,0.1554044485092163
2004-04-13,0.1586478054523468
2004-04-14,0.17179274559020996
2004-04-15,0.17030030488967896
2004-04-16,0.17146243155002594
2004-04-17,0.17780590057373047
2004-04-18,0.18944083154201508
2004-04-19,0.18947353959083557
2004-04-20,0.20511966943740845
2004-04-21,0.20061157643795013
2004-04-22,0.20927782356739044
2004-04-23,0.2169705182313919
2004-04-24,0.2355400025844574
2004-04-25,0.24307072162628174
2004-04-26,0.2567296326160431
2004-04-27,0.25038403272628784
2004-04-28,0.25851157307624817
2004-04-29,0.258850634098053
2004-04-30,0.26014596223831177
2004-05-01,0.2496616244316101
2004-05-02,0.26241013407707214
2004-05-03,0.27599719166755676
2004-05-04,0.2908593416213989
2004-05-05,0.2812501788139343
2004-05-06,0.27315759658813477
2004-05-07,0.26856645941734314
2004-05-08,0.2963944673538208
2004-05-09,0.31338462233543396
2004-05-10,0.30715692043304443
2004-05-11,0.2875775396823883
2004-05-12,0.2803851366043091
2004-05-13,0.28034070134162903
2004-05-14,0.27452048659324646
2004-05-15,0.2812192738056183
2004-05-16,0.2861707806587219
2004-05-17,0.2825987935066223
2004-05-18,0.27297160029411316
2004-05-19,0.2747025787830353
2004-05-20,0.27231189608573914
2004-05-21,0.2692200243473053
2004-05-22,0.2760219871997833
2004-05-23,0.29044342041015625
2004-05-24,0.2722901999950409
2004-05-25,0.2836115062236786
2004-05-26,0.27835479378700256
2004-05-27,0.2722921073436737
2004-05-28,0.2825518548488617
2004-05-29,0.33060479164123535
2004-05-30,0.35033050179481506
2004-05-31,0.36928853392601013
2004-06-01,0.3546082079410553
2004-06-02,0.36000141501426697
2004-06-03,0.35968053340911865
2004-06-04,0.35213735699653625
2004-06-05,0.37059733271598816
2004-06-06,0.3633478879928589
2004-06-07,0.37189871072769165
2004-06-08,0.3803402781486511
2004-06-09,0.3692345917224884
2004-06-10,0.36513751745224
2004-06-11,0.3474361300468445
2004-06-12,0.3644998371601105
2004-06-13,0.35708358883857727
2004-06-14,0.37620753049850464
2004-06-15,0.376606285572052
2004-06-16,0.37136635184288025
2004-06-17,0.3711663782596588
2004-06-18,0.3474041521549225
2004-06-19,0.3533974587917328
2004-06-20,0.3468268811702728
2004-06-21,0.343627005815506
2004-06-22,0.3440636992454529
2004-06-23,0.3238992393016815
2004-06-24,0.32433366775512695
2004-06-25,0.31552889943122864
2004-06-26,0.3130251169204712
2004-06-27,0.2929922938346863
2004-06-28,0.30269721150398254
2004-06-29,0.30766353011131287
2004-06-30,0.3067903220653534
2004-07-01,0.30451440811157227
2004-07-02,0.29977238178253174
2004-07-03,0.30303189158439636
2004-07-04,0.30468544363975525
2004-07-05,0.3093181848526001
2004-07-06,0.30890515446662903
2004-07-07,0.30793502926826477
2004-07-08,0.3087950050830841
2004-07-09,0.30057018995285034
2004-07-10,0.30788078904151917
2004-07-11,0.31598612666130066
2004-07-12,0.2994162142276764
2004-07-13,0.3204275667667389
2004-07-14,0.30630964040756226
2004-07-15,0.3006543815135956
2004-07-16,0.29120248556137085
2004-07-17,0.3009774684906006
2004-07-18,0.3077940344810486
2004-07-19,0.3144451677799225
2004-07-20,0.31400108337402344
2004-07-21,0.31389012932777405
2004-07-22,0.3039901852607727
2004-07-23,0.2976861298084259
2004-07-24,0.2886699140071869
2004-07-25,0.27413007616996765
2004-07-26,0.2717736065387726
2004-07-27,0.2731921970844269
2004-07-28,0.27672216296195984
2004-07-29,0.2811431586742401
2004-07-30,0.26586928963661194
2004-07-31,0.25038447976112366
2004-08-01,0.2392667979001999
2004-08-02,0.23976923525333405
2004-08-03,0.2312440723180771
2004-08-04,0.23667769134044647
2004-08-05,0.25498253107070923
2004-08-06,0.24818158149719238
2004-08-07,0.2326485514640808
2004-08-08,0.22298645973205566
2004-08-09,0.22095859050750732
2004-08-10,0.21751585602760315
2004-08-11,0.22470711171627045
2004-08-12,0.224705308675766
2004-08-13,0.20175836980342865
2004-08-14,0.2030167430639267
2004-08-15,0.21380029618740082
2004-08-16,0.19701310992240906
2004-08-17,0.1967998445034027
2004-08-18,0.20819108188152313
2004-08-19,0.2028585970401764
2004-08-20,0.195406973361969
2004-08-21,0.16434338688850403
2004-08-22,0.1638558954000473
2004-08-23,0.16868862509727478
2004-08-24,0.1574244499206543
2004-08-25,0.16754791140556335
2004-08-26,0.177244633436203
2004-08-27,0.16220375895500183
2004-08-28,0.1693323850631714
2004-08-29,0.1787012368440628
2004-08-30,0.18278878927230835
2004-08-31,0.1940975934267044
2004-09-01,0.18691934645175934
2004-09-02,0.19235147535800934
2004-09-03,0.19150425493717194
2004-09-04,0.19701877236366272
2004-09-05,0.1971834897994995
2004-09-06,0.2029258906841278
2004-09-07,0.20757804811000824
2004-09-08,0.20988433063030243
2004-09-09,0.21195530891418457
2004-09-10,0.20942120254039764
2004-09-11,0.19236911833286285
2004-09-12,0.20053069293498993
2004-09-13,0.2020321786403656
2004-09-14,0.20313364267349243
2004-09-15,0.19836242496967316
2004-09-16,0.1957249790430069
2004-09-17,0.1921786516904831
2004-09-18,0.2048613578081131
2004-09-19,0.19763298332691193
2004-09-20,0.20918156206607819
2004-09-21,0.21108490228652954
2004-09-22,0.2312590628862381
2004-09-23,0.22030331194400787
2004-09-24,0.2056623101234436
2004-09-25,0.1866241991519928
2004-09-26,0.18376092612743378
2004-09-27,0.18611706793308258
2004-09-28,0.17740371823310852
2004-09-29,0.16610942780971527
2004-09-30,0.1714862883090973
2004-10-01,0.16150662302970886
2004-10-02,0.1626138836145401
2004-10-03,0.16658926010131836
2004-10-04,0.15515738725662231
2004-10-05,0.14954787492752075
2004-10-06,0.15674056112766266
2004-10-07,0.14816483855247498
2004-10-08,0.13891927897930145
2004-10-09,0.12733033299446106
2004-10-10,0.14132440090179443
2004-10-11,0.15176643431186676
2004-10-12,0.16097931563854218
2004-10-13,0.16460184752941132
2004-10-14,0.16720719635486603
2004-10-15,0.1525295078754425
2004-10-16,0.1551373153924942
2004-10-17,0.16690853238105774
2004-10-18,0.16774523258209229
2004-10-19,0.1658911257982254
2004-10-20,0.16128405928611755
2004-10-21,0.1655566245317459
2004-10-22,0.15895631909370422
2004-10-23,0.16122810542583466
2004-10-24,0.16985104978084564
2004-10-25,0.16935548186302185
2004-10-26,0.15815705060958862
2004-10-27,0.14475780725479126
2004-10-28,0.13987721502780914
2004-10-29,0.1373753547668457
2004-10-30,0.1646471917629242
2004-10-31,0.1822773814201355
2004-11-01,0.17959380149841309
2004-11-02,0.18124859035015106
2004-11-03,0.18669061362743378
2004-11-04,0.18755942583084106
2004-11-05,0.20983478426933289
2004-11-06,0.21537014842033386
2004-11-07,0.22928021848201752
2004-11-08,0.23422519862651825
2004-11-09,0.22789591550827026
2004-11-10,0.22400157153606415
2004-11-11,0.23550517857074738
2004-11-12,0.2332160621881485
2004-11-13,0.23982512950897217
2004-11-14,0.23812513053417206
2004-11-15,0.24022872745990753
2004-11-16,0.22590677440166473
2004-11-17,0.22926734387874603
2004-11-18,0.22246497869491577
2004-11-19,0.20200522243976593
2004-11-20,0.19894026219844818
2004-11-21,0.19501562416553497
2004-11-22,0.1982468217611313
2004-11-23,0.18744005262851715
2004-11-24,0.1880079060792923
2004-11-25,0.18723131716251373
2004-11-26,0.2005346566438675
2004-11-27,0.19408485293388367
2004-11-28,0.1961384117603302
2004-11-29,0.20895428955554962
2004-11-30,0.22164881229400635
2004-12-01,0.22460655868053436
2004-12-02,0.221619114279747
2004-12-03,0.22793368995189667
2004-12-04,0.22855472564697266
2004-12-05,0.2286061942577362
2004-12-06,0.24270591139793396
2004-12-07,0.23976291716098785
2004-12-08,0.23710866272449493
2004-12-09,0.23056380450725555
2004-12-10,0.22372405230998993
2004-12-11,0.2605249583721161
2004-12-12,0.25305187702178955
2004-12-13,0.2603359818458557
2004-12-14,0.27210938930511475
2004-12-15,0.26974716782569885
2004-12-16,0.2656330466270447
2004-12-17,0.2685137093067169
2004-12-18,0.26147761940956116
2004-12-19,0.26978570222854614
2004-12-20,0.28048670291900635
2004-12-21,0.279070645570755
2004-12-22,0.2807502746582031
2004-12-23,0.28761881589889526
2004-12-24,0.291259229183197
2004-12-25,0.2998904287815094
2004-12-26,0.30240529775619507
2004-12-27,0.2987354099750519
2004-12-28,0.3085246980190277
2004-12-29,0.3267501890659332
2004-12-30,0.333647221326828
2004-12-31,0.3229396343231201
2005-01-01,0.3466523587703705
2005-01-02,0.3543047606945038
2005-01-03,0.3543582558631897
2005-01-04,0.353885680437088
2005-01-05,0.3597889840602875
2005-01-06,0.3559163212776184
2005-01-07,0.36152562499046326
2005-01-08,0.3706526458263397
2005-01-09,0.3645365536212921
2005-01-10,0.3628048002719879
2005-01-11,0.354309618473053
2005-01-12,0.349234014749527
2005-01-13,0.333425909280777
2005-01-14,0.32536256313323975
2005-01-15,0.32167932391166687
2005-01-16,0.31647005677223206
2005-01-17,0.3176892101764679
2005-01-18,0.3201442062854767
2005-01-19,0.3274085223674774
2005-01-20,0.32997241616249084
2005-01-21,0.32167086005210876
2005-01-22,0.34029054641723633
2005-01-23,0.33360159397125244
2005-01-24,0.35228851437568665
2005-01-25,0.3483804166316986
2005-01-26,0.32974979281425476
2005-01-27,0.3161887526512146
2005-01-28,0.3124213218688965
2005-01-29,0.32517990469932556
2005-01-30,0.34200558066368103
2005-01-31,0.3436870574951172
2005-02-01,0.35833001136779785
2005-02-02,0.35710880160331726
2005-02-03,0.35759735107421875
2005-02-04,0.36379656195640564
2005-02-05,0.3550834059715271
2005-02-06,0.36805635690689087
2005-02-07,0.3579985797405243
2005-02-08,0.3380511403083801
2005-02-09,0.32798266410827637
2005-02-10,0.32155072689056396
2005-02-11,0.31031763553619385
2005-02-12,0.3003157675266266
2005-02-13,0.29925331473350525
2005-02-14,0.30366408824920654
2005-02-15,0.2949652373790741
2005-02-16,0.31423625349998474
2005-02-17,0.3227827250957489
2005-02-18,0.3051184415817261
2005-02-19,0.3097885549068451
2005-02-20,0.309824675321579
2005-02-21,0.3220474123954773
2005-02-22,0.32969269156455994
2005-02-23,0.32369017601013184
2005-02-24,0.32313770055770874
2005-02-25,0.3072164058685303
2005-02-26,0.34678393602371216
2005-02-27,0.3542168438434601
2005-02-28,0.3618527352809906
2005-03-01,0.34691545367240906
2005-03-02,0.33712512254714966
2005-03-03,0.32607847452163696
2005-03-04,0.32853254675865173
2005-03-05,0.33327093720436096
2005-03-06,0.3339371681213379
2005-03-07,0.32057201862335205
2005-03-08,0.3224390745162964
2005-03-09,0.3153909742832184
2005-03-10,0.3130156397819519
2005-03-11,0.2952534258365631
2005-03-12,0.27009639143943787
2005-03-13,0.2707701325416565
2005-03-14,0.26868492364883423
2005-03-15,0.25335776805877686
2005-03-16,0.24640384316444397
2005-03-17,0.2319822758436203
2005-03-18,0.23604735732078552
2005-03-19,0.23438826203346252
2005-03-20,0.23046453297138214
2005-03-21,0.24122847616672516
2005-03-22,0.23833408951759338
2005-03-23,0.23004841804504395
2005-03-24,0.23080234229564667
2005-03-25,0.24983006715774536
2005-03-26,0.25759556889533997
2005-03-27,0.261883407831192
2005-03-28,0.25045862793922424
2005-03-29,0.23779518902301788
2005-03-30,0.23053832352161407
2005-03-31,0.23242032527923584
2005-04-01,0.22584159672260284
2005-04-02,0.22347691655158997
2005-04-03,0.20666608214378357
2005-04-04,0.2192593812942505
2005-04-05,0.20342828333377838
2005-04-06,0.1812330186367035
2005-04-07,0.17207857966423035
2005-04-08,0.16501688957214355
2005-04-09,0.15267623960971832
2005-04-10,0.1689225733280182
2005-04-11,0.15955597162246704
2005-04-12,0.1464208960533142
2005-04-13,0.1398565173149109
2005-04-14,0.13401956856250763
2005-04-15,0.1316947042942047
2005-04-16,0.13872265815734863
2005-04-17,0.15510907769203186
2005-04-18,0.15488854050636292
2005-04-19,0.15594229102134705
2005-04-20,0.16327671706676483
2005-04-21,0.17268556356430054
2005-04-22,0.15866591036319733
2005-04-23,0.1544109284877777
2005-04-24,0.15984944999217987
2005-04-25,0.14724457263946533
2005-04-26,0.1609588861465454
2005-04-27,0.16836583614349365
2005-04-28,0.1688569188117981
2005-04-29,0.1505756676197052
2005-04-30,0.16697761416435242
2005-05-01,0.15521469712257385
2005-05-02,0.16112062335014343
2005-05-03,0.16316616535186768
2005-05-04,0.16632796823978424
2005-05-05,0.16999274492263794
2005-05-06,0.18161900341510773
2005-05-07,0.19386447966098785
2005-05-08,0.20550395548343658
2005-05-09,0.208295539021492
2005-05-10,0.20470617711544037
2005-05-11,0.20408976078033447
2005-05-12,0.19686642289161682
2005-05-13,0.19322898983955383
2005-05-14,0.19938898086547852
2005-05-15,0.2025917023420334
2005-05-16,0.21492809057235718
2005-05-17,0.21024233102798462
2005-05-18,0.21811191737651825
2005-05-19,0.22479186952114105
2005-05-20,0.21965530514717102
2005-05-21,0.22508719563484192
2005-05-22,0.23410050570964813
2005-05-23,0.2402939796447754
2005-05-24,0.22112368047237396
2005-05-25,0.21638774871826172
2005-05-26,0.22266660630702972
2005-05-27,0.22104576230049133
2005-05-28,0.23574623465538025
2005-05-29,0.23985904455184937
2005-05-30,0.23694083094596863
2005-05-31,0.22562259435653687
2005-06-01,0.2030927538871765
2005-06-02,0.21041932702064514
2005-06-03,0.2085726261138916
2005-06-04,0.2091662585735321
2005-06-05,0.20334866642951965
2005-06-06,0.19107019901275635
2005-06-07,0.1856730580329895
2005-06-08,0.18629026412963867
2005-06-09,0.19242209196090698
2005-06-10,0.19119234383106232
2005-06-11,0.18643243610858917
2005-06-12,0.18454670906066895
2005-06-13,0.18262627720832825
2005-06-14,0.1834728717803955
2005-06-15,0.1856175661087036
2005-06-16,0.18020731210708618
2005-06-17,0.17458564043045044
2005-06-18,0.19491472840309143
2005-06-19,0.1908305138349533
2005-06-20,0.19881218671798706
2005-06-21,0.18575604259967804
2005-06-22,0.19843290746212006
2005-06-23,0.2167758196592331
2005-06-24,0.20505401492118835
2005-06-25,0.19804826378822327
2005-06-26,0.21167032420635223
2005-06-27,0.21907293796539307
2005-06-28,0.197002112865448
2005-06-29,0.19363144040107727
2005-06-30,0.186137393116951
2005-07-01,0.1916952282190323
2005-07-02,0.19596819579601288
2005-07-03,0.1810673177242279
2005-07-04,0.20626550912857056
2005-07-05,0.21550394594669342
2005-07-06,0.21823875606060028
2005-07-07,0.21545101702213287
2005-07-08,0.2155017852783203
2005-07-09,0.214091494679451
2005-07-10,0.2250271588563919
2005-07-11,0.2102883905172348
2005-07-12,0.20978045463562012
2005-07-13,0.21179813146591187
2005-07-14,0.21652959287166595
2005-07-15,0.2205948531627655
2005-07-16,0.22597341239452362
2005-07-17,0.22075489163398743
2005-07-18,0.22041550278663635
2005-07-19,0.21958233416080475
2005-07-20,0.2274099886417389
2005-07-21,0.24509157240390778
2005-07-22,0.24248625338077545
2005-07-23,0.2544209659099579
2005-07-24,0.26245778799057007
2005-07-25,0.2563095986843109
2005-07-26,0.2556571662425995
2005-07-27,0.2538255751132965
2005-07-28,0.2666817903518677
2005-07-29,0.2740148901939392
2005-07-30,0.2825719118118286
2005-07-31,0.2778862714767456
2005-08-01,0.2946914732456207
2005-08-02,0.28915393352508545
2005-08-03,0.2937833070755005
2005-08-04,0.2930517792701721
2005-08-05,0.3026890754699707
2005-08-06,0.3435371220111847
2005-08-07,0.3419354259967804
2005-08-08,0.35607874393463135
2005-08-09,0.35791337490081787
2005-08-10,0.35685059428215027
2005-08-11,0.35377949476242065
2005-08-12,0.33862945437431335
2005-08-13,0.3437127470970154
2005-08-14,0.33608773350715637
2005-08-15,0.33979305624961853
2005-08-16,0.33783814311027527
2005-08-17,0.33099740743637085
2005-08-18,0.34164461493492126
2005-08-19,0.3358830213546753
2005-08-20,0.32294750213623047
2005-08-21,0.32489827275276184
2005-08-22,0.3325606882572174
2005-08-23,0.32854536175727844
2005-08-24,0.3266505002975464
2005-08-25,0.32511404156684875
2005-08-26,0.3206842541694641
2005-08-27,0.31158867478370667
2005-08-28,0.29410290718078613
2005-08-29,0.2811729311943054
2005-08-30,0.23314109444618225
2005-08-31,0.21268229186534882
2005-09-01,0.1988610327243805
2005-09-02,0.2004079520702362
2005-09-03,0.19238895177841187
2005-09-04,0.17584747076034546
2005-09-05,0.18120314180850983
2005-09-06,0.1528567224740982
2005-09-07,0.13356968760490417
2005-09-08,0.1151358112692833
2005-09-09,0.0868057906627655
2005-09-10,0.0836358591914177
2005-09-11,0.07780025899410248
2005-09-12,0.06597650796175003
2005-09-13,0.06377730518579483
2005-09-14,0.06582940369844437
2005-09-15,0.06649692356586456
2005-09-16,0.05756590887904167
2005-09-17,0.04863037168979645
2005-09-18,0.04728899523615837
2005-09-19,0.06952055543661118
2005-09-20,0.06498801708221436
2005-09-21,0.05813112109899521
2005-09-22,0.0545579232275486
2005-09-23,0.05363254249095917
2005-09-24,0.060966022312641144
2005-09-25,0.07733391225337982
2005-09-26,0.09405334293842316
2005-09-27,0.0926164761185646
2005-09-28,0.10023809969425201
2005-09-29,0.10617724806070328
2005-09-30,0.09565839916467667
2005-10-01,0.08787577599287033
2005-10-02,0.07681326568126678
2005-10-03,0.07654928416013718
2005-10-04,0.08035070449113846
2005-10-05,0.08156011998653412
2005-10-06,0.07401414215564728
2005-10-07,0.05618469789624214
2005-10-08,0.05201466381549835
2005-10-09,0.07285627722740173
2005-10-10,0.08086662739515305
2005-10-11,0.0775013267993927
2005-10-12,0.09177927672863007
2005-10-13,0.09367840737104416
2005-10-14,0.08788629621267319
2005-10-15,0.06513207405805588
2005-10-16,0.08421521633863449
2005-10-17,0.08089210093021393
2005-10-18,0.08127475529909134
2005-10-19,0.08296747505664825
2005-10-20,0.08541940897703171
2005-10-21,0.08739461749792099
2005-10-22,0.10866329818964005
2005-10-23,0.12248940020799637
2005-10-24,0.12332797050476074
2005-10-25,0.13263089954853058
2005-10-26,0.14153777062892914
2005-10-27,0.15507842600345612
2005-10-28,0.1543891876935959
2005-10-29,0.16514891386032104
2005-10-30,0.17599830031394958
2005-10-31,0.17026445269584656
2005-11-01,0.18425847589969635
2005-11-02,0.19257786870002747
2005-11-03,0.1967766284942627
2005-11-04,0.21243149042129517
2005-11-05,0.22587279975414276
2005-11-06,0.2255263328552246
2005-11-07,0.22924619913101196
2005-11-08,0.21290303766727448
2005-11-09,0.21346375346183777
2005-11-10,0.21423134207725525
2005-11-11,0.20105800032615662
2005-11-12,0.20957137644290924
2005-11-13,0.21816711127758026
2005-11-14,0.2421150952577591
2005-11-15,0.2380830943584442
2005-11-16,0.25046491622924805
2005-11-17,0.25039616227149963
2005-11-18,0.2419467568397522
2005-11-19,0.2341870665550232
2005-11-20,0.23128637671470642
2005-11-21,0.2525566518306732
2005-11-22,0.2759413421154022
2005-11-23,0.27312105894088745
2005-11-24,0.2749963104724884
2005-11-25,0.29310575127601624
2005-11-26,0.296816349029541
2005-11-27,0.29890763759613037
2005-11-28,0.30117523670196533
2005-11-29,0.3142058551311493
2005-11-30,0.30638185143470764
2005-12-01,0.3134784996509552
2005-12-02,0.31504741311073303
2005-12-03,0.31404611468315125
2005-12-04,0.31542932987213135
2005-12-05,0.3254193365573883
2005-12-06,0.32009297609329224
2005-12-07,0.31755632162094116
2005-12-08,0.3212842345237732
2005-12-09,0.3162391781806946
2005-12-10,0.32536301016807556
2005-12-11,0.33608153462409973
2005-12-12,0.3304438292980194
2005-12-13,0.3239026963710785
2005-12-14,0.31783485412597656
2005-12-15,0.3058944344520569
2005-12-16,0.3187040686607361
2005-12-17,0.30926454067230225
2005-12-18,0.31252777576446533
2005-12-19,0.30442437529563904
2005-12-20,0.29678454995155334
2005-12-21,0.29927679896354675
2005-12-22,0.2971007227897644
2005-12-23,0.31302228569984436
2005-12-24,0.3477446436882019
2005-12-25,0.38139498233795166
2005-12-26,0.3828378915786743
2005-12-27,0.40432626008987427
2005-12-28,0.39185312390327454
2005-12-29,0.3901352286338806
2005-12-30,0.3911386728286743
2005-12-31,0.37950170040130615
2006-01-01,0.37778106331825256
2006-01-02,0.3866296708583832
2006-01-03,0.3867892324924469
2006-01-04,0.38334164023399353
2006-01-05,0.3772277235984802
2006-01-06,0.38430291414260864
2006-01-07,0.3981223702430725
2006-01-08,0.39164409041404724
2006-01-09,0.3915448486804962
2006-01-10,0.3928445875644684
2006-01-11,0.3790820837020874
2006-01-12,0.3843592405319214
2006-01-13,0.36998432874679565
2006-01-14,0.37154126167297363
2006-01-15,0.383355051279068
2006-01-16,0.40016669034957886
2006-01-17,0.4004841446876526
2006-01-18,0.410848468542099
2006-01-19,0.40721333026885986
2006-01-20,0.39808136224746704
2006-01-21,0.40890100598335266
2006-01-22,0.4008849859237671
2006-01-23,0.4174620807170868
2006-01-24,0.4036746323108673
2006-01-25,0.3972923159599304
2006-01-26,0.37227508425712585
2006-01-27,0.35530996322631836
2006-01-28,0.3541635274887085
2006-01-29,0.3550407886505127
2006-01-30,0.3450063467025757
2006-01-31,0.3426114320755005
2006-02-01,0.344669908285141
2006-02-02,0.34730321168899536
2006-02-03,0.342465877532959
2006-02-04,0.33992189168930054
2006-02-05,0.3508893847465515
2006-02-06,0.3479258120059967
2006-02-07,0.3343523144721985
2006-02-08,0.3220192492008209
2006-02-09,0.3266412019729614
2006-02-10,0.3266303241252899
2006-02-11,0.3138141632080078
2006-02-12,0.32625776529312134
2006-02-13,0.33782222867012024
2006-02-14,0.31450384855270386
2006-02-15,0.30762603878974915
2006-02-16,0.3014626204967499
2006-02-17,0.3096088171005249
2006-02-18,0.29808536171913147
2006-02-19,0.3105818033218384
2006-02-20,0.3080703318119049
2006-02-21,0.29768043756484985
2006-02-22,0.30377721786499023
2006-02-23,0.2950390577316284
2006-02-24,0.2749333679676056
2006-02-25,0.2692825198173523
2006-02-26,0.2678679823875427
2006-02-27,0.2628519535064697
2006-02-28,0.2644928991794586
2006-03-01,0.2605682611465454
2006-03-02,0.27579373121261597
2006-03-03,0.2722775638103485
2006-03-04,0.2859145402908325
2006-03-05,0.290183424949646
2006-03-06,0.30595818161964417
2006-03-07,0.2997305393218994
2006-03-08,0.2944824993610382
2006-03-09,0.2900182008743286
2006-03-10,0.280587375164032
2006-03-11,0.292466938495636
2006-03-12,0.3055971562862396
2006-03-13,0.2936318516731262
2006-03-14,0.2886095345020294
2006-03-15,0.28082114458084106
2006-03-16,0.27252429723739624
2006-03-17,0.26278162002563477
2006-03-18,0.26654282212257385
2006-03-19,0.27966034412384033
2006-03-20,0.26301300525665283
2006-03-21,0.26059481501579285
2006-03-22,0.2563122808933258
2006-03-23,0.26030462980270386
2006-03-24,0.25695091485977173
2006-03-25,0.2566983103752136
2006-03-26,0.28665390610694885
2006-03-27,0.27648982405662537
2006-03-28,0.2668514847755432
2006-03-29,0.2842799127101898
2006-03-30,0.28713127970695496
2006-03-31,0.2610511779785156
2006-04-01,0.2635328769683838
2006-04-02,0.27277398109436035
2006-04-03,0.27234670519828796
2006-04-04,0.27057576179504395
2006-04-05,0.2713264226913452
2006-04-06,0.2898261547088623
2006-04-07,0.27792826294898987
2006-04-08,0.28692105412483215
2006-04-09,0.2830386757850647
2006-04-10,0.269682377576828
2006-04-11,0.2694932818412781
2006-04-12,0.26740315556526184
2006-04-13,0.2509838044643402
2006-04-14,0.24131450057029724
2006-04-15,0.2513793408870697
2006-04-16,0.25753656029701233
2006-04-17,0.2733786404132843
2006-04-18,0.2807486355304718
2006-04-19,0.2763950228691101
2006-04-20,0.26558107137680054
2006-04-21,0.264923095703125
2006-04-22,0.2623274624347687
2006-04-23,0.26822566986083984
2006-04-24,0.24562956392765045
2006-04-25,0.23621486127376556
2006-04-26,0.24955348670482635
2006-04-27,0.25215861201286316
2006-04-28,0.24925453960895538
2006-04-29,0.23962648212909698
2006-04-30,0.24228550493717194
2006-05-01,0.24956606328487396
2006-05-02,0.25694960355758667
2006-05-03,0.25573548674583435
2006-05-04,0.2594928443431854
2006-05-05,0.27429500222206116
2006-05-06,0.2826268672943115
2006-05-07,0.3057246804237366
2006-05-08,0.31708624958992004
2006-05-09,0.31101536750793457
2006-05-10,0.30490511655807495
2006-05-11,0.3087354600429535
2006-05-12,0.3089432120323181
2006-05-13,0.30297935009002686
2006-05-14,0.3132742941379547
2006-05-15,0.3253367841243744
2006-05-16,0.31404247879981995
2006-05-17,0.30354437232017517
2006-05-18,0.29358676075935364
2006-05-19,0.2829837203025818
2006-05-20,0.2962866723537445
2006-05-21,0.3007271885871887
2006-05-22,0.3010258376598358
2006-05-23,0.2886926531791687
2006-05-24,0.2697621285915375
2006-05-25,0.26246559619903564
2006-05-26,0.27151021361351013
2006-05-27,0.2823561131954193
2006-05-28,0.2867467999458313
2006-05-29,0.2943911850452423
2006-05-30,0.28028813004493713
2006-05-31,0.28023865818977356
2006-06-01,0.28591522574424744
2006-06-02,0.2835025489330292
2006-06-03,0.2640376687049866
2006-06-04,0.28405341506004333
2006-06-05,0.2762812674045563
2006-06-06,0.26879435777664185
2006-06-07,0.2682194709777832
2006-06-08,0.2627338767051697
2006-06-09,0.2474460005760193
2006-06-10,0.23252855241298676
2006-06-11,0.2137598693370819
2006-06-12,0.20020994544029236
2006-06-13,0.20525972545146942
2006-06-14,0.19707344472408295
2006-06-15,0.19334807991981506
2006-06-16,0.18866997957229614
2006-06-17,0.18084391951560974
2006-06-18,0.18434585630893707
2006-06-19,0.20819403231143951
2006-06-20,0.201071098446846
2006-06-21,0.21029792726039886
2006-06-22,0.21687185764312744
2006-06-23,0.21923385560512543
2006-06-24,0.2121773362159729
2006-06-25,0.23879870772361755
2006-06-26,0.25686079263687134
2006-06-27,0.24883046746253967
2006-06-28,0.24355769157409668
2006-06-29,0.2457592785358429
2006-06-30,0.2492767572402954
2006-07-01,0.2425771802663803
2006-07-02,0.23796820640563965
2006-07-03,0.2379588931798935
2006-07-04,0.2142876535654068
2006-07-05,0.21283739805221558
2006-07-06,0.2123672515153885
2006-07-07,0.21789219975471497
2006-07-08,0.22003591060638428
2006-07-09,0.2175443321466446
2006-07-10,0.22133560478687286
2006-07-11,0.2227514535188675
2006-07-12,0.21325035393238068
2006-07-13,0.20503845810890198
2006-07-14,0.2002837210893631
2006-07-15,0.19452016055583954
2006-07-16,0.20658820867538452
2006-07-17,0.19659624993801117
2006-07-18,0.20441751182079315
2006-07-19,0.21487435698509216
2006-07-20,0.20534949004650116
2006-07-21,0.19756773114204407
2006-07-22,0.18449638783931732
2006-07-23,0.1948365718126297
2006-07-24,0.18316756188869476
2006-07-25,0.16484040021896362
2006-07-26,0.16212429106235504
2006-07-27,0.15486465394496918
2006-07-28,0.15245403349399567
2006-07-29,0.17000329494476318
2006-07-30,0.1825847327709198
2006-07-31,0.16307194530963898
2006-08-01,0.17062553763389587
2006-08-02,0.16519464552402496
2006-08-03,0.1785086691379547
2006-08-04,0.18155844509601593
2006-08-05,0.1724245548248291
2006-08-06,0.18171845376491547
2006-08-07,0.19856610894203186
2006-08-08,0.190657839179039
2006-08-09,0.19964495301246643
2006-08-10,0.20635679364204407
2006-08-11,0.17382176220417023
2006-08-12,0.18353118002414703
2006-08-13,0.18375639617443085
2006-08-14,0.1695122867822647
2006-08-15,0.1808929145336151
2006-08-16,0.1851830929517746
2006-08-17,0.1968367099761963
2006-08-18,0.18102504312992096
2006-08-19,0.17707513272762299
2006-08-20,0.20129017531871796
2006-08-21,0.19140475988388062
2006-08-22,0.1724654883146286
2006-08-23,0.1673375368118286
2006-08-24,0.1704855114221573
2006-08-25,0.17244510352611542
2006-08-26,0.16442899405956268
2006-08-27,0.15465421974658966
2006-08-28,0.1419653743505478
2006-08-29,0.11797937750816345
2006-08-30,0.11520214378833771
2006-08-31,0.1419711709022522
2006-09-01,0.15220946073532104
2006-09-02,0.15495404601097107
2006-09-03,0.15584225952625275
2006-09-04,0.18267366290092468
2006-09-05,0.19951006770133972
2006-09-06,0.21172478795051575
2006-09-07,0.2168218493461609
2006-09-08,0.20528903603553772
2006-09-09,0.1894710212945938
2006-09-10,0.1953410506248474
2006-09-11,0.19032803177833557
2006-09-12,0.18096685409545898
2006-09-13,0.16844694316387177
2006-09-14,0.15332308411598206
2006-09-15,0.13568581640720367
2006-09-16,0.14515091478824615
2006-09-17,0.14920757710933685
2006-09-18,0.15057818591594696
2006-09-19,0.1533447802066803
2006-09-20,0.12302114069461823
2006-09-21,0.1285059154033661
2006-09-22,0.12394730001688004
2006-09-23,0.12210443615913391
2006-09-24,0.14145676791667938
2006-09-25,0.12489193677902222
2006-09-26,0.1142938956618309
2006-09-27,0.1217290610074997
2006-09-28,0.11628265678882599
2006-09-29,0.1303204745054245
2006-09-30,0.12167501449584961
2006-10-01,0.12648172676563263
2006-10-02,0.1292881965637207
2006-10-03,0.12796415388584137
2006-10-04,0.12560337781906128
2006-10-05,0.12872326374053955
2006-10-06,0.13011498749256134
2006-10-07,0.14156809449195862
2006-10-08,0.17225411534309387
2006-10-09,0.16854606568813324
2006-10-10,0.2027207314968109
2006-10-11,0.21449032425880432
2006-10-12,0.2099212110042572
2006-10-13,0.1950817108154297
2006-10-14,0.20854221284389496
2006-10-15,0.22208140790462494
2006-10-16,0.23050527274608612
2006-10-17,0.232316792011261
2006-10-18,0.22068379819393158
2006-10-19,0.2233305722475052
2006-10-20,0.24023978412151337
2006-10-21,0.26195788383483887
2006-10-22,0.26300978660583496
2006-10-23,0.250667542219162
2006-10-24,0.24588187038898468
2006-10-25,0.2491583526134491
2006-10-26,0.2549811601638794
2006-10-27,0.24574676156044006
2006-10-28,0.24273774027824402
2006-10-29,0.23774205148220062
2006-10-30,0.2129402756690979
2006-10-31,0.22832539677619934
2006-11-01,0.23709271848201752
2006-11-02,0.23523159325122833
2006-11-03,0.24340373277664185
2006-11-04,0.21037651598453522
2006-11-05,0.20602969825267792
2006-11-06,0.19916047155857086
2006-11-07,0.20575830340385437
2006-11-08,0.21321557462215424
2006-11-09,0.21840250492095947
2006-11-10,0.22655950486660004
2006-11-11,0.22181448340415955
2006-11-12,0.24438217282295227
2006-11-13,0.24745561182498932
2006-11-14,0.2581583261489868
2006-11-15,0.26006802916526794
2006-11-16,0.26115432381629944
2006-11-17,0.25680112838745117
2006-11-18,0.26423776149749756
2006-11-19,0.2906907796859741
2006-11-20,0.307773232460022
2006-11-21,0.3075014650821686
2006-11-22,0.2977884113788605
2006-11-23,0.2879747748374939
2006-11-24,0.26657599210739136
2006-11-25,0.23967766761779785
2006-11-26,0.2654626667499542
2006-11-27,0.2573317885398865
2006-11-28,0.26550087332725525
2006-11-29,0.2600853145122528
2006-11-30,0.27664265036582947
2006-12-01,0.26646724343299866
2006-12-02,0.2436395138502121
2006-12-03,0.25326287746429443
2006-12-04,0.2457086145877838
2006-12-05,0.25562265515327454
2006-12-06,0.25220370292663574
2006-12-07,0.24594132602214813
2006-12-08,0.23989735543727875
2006-12-09,0.2322079837322235
2006-12-10,0.24497441947460175
2006-12-11,0.24887551367282867
2006-12-12,0.23684221506118774
2006-12-13,0.2271074652671814
2006-12-14,0.2354903221130371
2006-12-15,0.2435738444328308
2006-12-16,0.25717973709106445
2006-12-17,0.2780178487300873
2006-12-18,0.27062708139419556
2006-12-19,0.26048946380615234
2006-12-20,0.25215944647789
2006-12-21,0.24843129515647888
2006-12-22,0.22690965235233307
2006-12-23,0.24763531982898712
2006-12-24,0.23373858630657196
2006-12-25,0.2818083167076111
2006-12-26,0.2771364450454712
2006-12-27,0.2730894684791565
2006-12-28,0.26788124442100525
2006-12-29,0.2788308262825012
2006-12-30,0.295237272977829
2006-12-31,0.2897958755493164
2007-01-01,0.2944720387458801
2007-01-02,0.29462674260139465
2007-01-03,0.30099862813949585
2007-01-04,0.29035088419914246
2007-01-05,0.28528326749801636
2007-01-06,0.2835319936275482
2007-01-07,0.2919613718986511
2007-01-08,0.2889443039894104
2007-01-09,0.29381126165390015
2007-01-10,0.28800442814826965
2007-01-11,0.2806501090526581
2007-01-12,0.2911027669906616
2007-01-13,0.3022800087928772
2007-01-14,0.3027361035346985
2007-01-15,0.2671898603439331
2007-01-16,0.2865079939365387
2007-01-17,0.2839750051498413
2007-01-18,0.2884979844093323
2007-01-19,0.26586589217185974
2007-01-20,0.27734503149986267
2007-01-21,0.2904311418533325
2007-01-22,0.2954360842704773
2007-01-23,0.29909077286720276
2007-01-24,0.29794958233833313
2007-01-25,0.2917041480541229
2007-01-26,0.28794968128204346
2007-01-27,0.28362584114074707
2007-01-28,0.2879487872123718
2007-01-29,0.2932443916797638
2007-01-30,0.28726398944854736
2007-01-31,0.2934945821762085
2007-02-01,0.3061094880104065
2007-02-02,0.2910216748714447
2007-02-03,0.29338911175727844
2007-02-04,0.2958643138408661
2007-02-05,0.2897920608520508
2007-02-06,0.2817628085613251
2007-02-07,0.2950440049171448
2007-02-08,0.3053207993507385
2007-02-09,0.28936702013015747
2007-02-10,0.29061412811279297
2007-02-11,0.29378610849380493
2007-02-12,0.3100989758968353
2007-02-13,0.3052922189235687
2007-02-14,0.29822346568107605
2007-02-15,0.28925973176956177
2007-02-16,0.2917005717754364
2007-02-17,0.2780876159667969
2007-02-18,0.2792070508003235
2007-02-19,0.2883418798446655
2007-02-20,0.2862520217895508
2007-02-21,0.28834643959999084
2007-02-22,0.290164977312088
2007-02-23,0.29334959387779236
2007-02-24,0.2812941372394562
2007-02-25,0.2693391442298889
2007-02-26,0.2600230872631073
2007-02-27,0.2599659562110901
2007-02-28,0.25090765953063965
2007-03-01,0.24798066914081573
2007-03-02,0.23989208042621613
2007-03-03,0.2384030967950821
2007-03-04,0.2359813153743744
2007-03-05,0.2175421118736267
2007-03-06,0.2021135836839676
2007-03-07,0.18694736063480377
2007-03-08,0.1933044195175171
2007-03-09,0.18760861456394196
2007-03-10,0.1744077503681183
2007-03-11,0.17428980767726898
2007-03-12,0.16532956063747406
2007-03-13,0.15580019354820251
2007-03-14,0.1433071345090866
2007-03-15,0.14433495700359344
2007-03-16,0.11999829113483429
2007-03-17,0.11998820304870605
2007-03-18,0.11917201429605484
2007-03-19,0.09728231281042099
2007-03-20,0.08639059215784073
2007-03-21,0.0814741849899292
2007-03-22,0.07781203091144562
2007-03-23,0.055868685245513916
2007-03-24,0.0531088262796402
2007-03-25,0.07038486748933792
2007-03-26,0.07684111595153809
2007-03-27,0.0697893351316452
2007-03-28,0.07737938314676285
2007-03-29,0.0731511116027832
2007-03-30,0.0623883381485939
2007-03-31,0.06505894660949707
2007-04-01,0.0659298524260521
2007-04-02,0.0578942708671093
2007-04-03,0.05300826579332352
2007-04-04,0.06370615214109421
2007-04-05,0.06746242940425873
2007-04-06,0.07245096564292908
2007-04-07,0.07575035840272903
2007-04-08,0.08800848573446274
2007-04-09,0.09303480386734009
2007-04-10,0.0776963159441948
2007-04-11,0.07713418453931808
2007-04-12,0.06822384148836136
2007-04-13,0.06965140253305435
2007-04-14,0.08342085778713226
2007-04-15,0.10181409865617752
2007-04-16,0.1250872015953064
2007-04-17,0.12291858345270157
2007-04-18,0.12346672266721725
2007-04-19,0.13282833993434906
2007-04-20,0.10999718308448792
2007-04-21,0.12380977720022202
2007-04-22,0.1255212128162384
2007-04-23,0.14833451807498932
2007-04-24,0.13874223828315735
2007-04-25,0.1272793412208557
2007-04-26,0.12680265307426453
2007-04-27,0.1234021782875061
2007-04-28,0.13258913159370422
2007-04-29,0.1332118958234787
2007-04-30,0.15267963707447052
2007-05-01,0.14143651723861694
2007-05-02,0.1290241777896881
2007-05-03,0.12215261906385422
2007-05-04,0.11763733625411987
2007-05-05,0.11452849954366684
2007-05-06,0.12330164760351181
2007-05-07,0.11836746335029602
2007-05-08,0.10621432214975357
2007-05-09,0.11382519453763962
2007-05-10,0.10784120112657547
2007-05-11,0.09539710730314255
2007-05-12,0.0842680111527443
2007-05-13,0.09904240816831589
2007-05-14,0.08816923201084137
2007-05-15,0.09812747687101364
2007-05-16,0.09906017780303955
2007-05-17,0.0981898307800293
2007-05-18,0.08529319614171982
2007-05-19,0.10031872242689133
2007-05-20,0.09266457706689835
2007-05-21,0.09857725352048874
2007-05-22,0.09619292616844177
2007-05-23,0.0918537974357605
2007-05-24,0.10422137379646301
2007-05-25,0.11182478815317154
2007-05-26,0.10095400363206863
2007-05-27,0.10727184265851974
2007-05-28,0.11371703445911407
2007-05-29,0.10125229507684708
2007-05-30,0.12142778187990189
2007-05-31,0.12451385706663132
2007-06-01,0.12574300169944763
2007-06-02,0.15113304555416107
2007-06-03,0.14579656720161438
2007-06-04,0.1272493451833725
2007-06-05,0.12336812913417816
2007-06-06,0.11369895935058594
2007-06-07,0.10694610327482224
2007-06-08,0.11094912141561508
2007-06-09,0.10585260391235352
2007-06-10,0.12440012395381927
2007-06-11,0.15333271026611328
2007-06-12,0.1505182981491089
2007-06-13,0.14961811900138855
2007-06-14,0.15947051346302032
2007-06-15,0.1557370126247406
2007-06-16,0.163288876414299
2007-06-17,0.16687411069869995
2007-06-18,0.1602294147014618
2007-06-19,0.158746138215065
2007-06-20,0.15672628581523895
2007-06-21,0.15839843451976776
2007-06-22,0.15790098905563354
2007-06-23,0.16127629578113556
2007-06-24,0.15977847576141357
2007-06-25,0.13240887224674225
2007-06-26,0.10574554651975632
2007-06-27,0.09045736491680145
2007-06-28,0.09906276315450668
2007-06-29,0.085004061460495
2007-06-30,0.08097093552350998
2007-07-01,0.08451361954212189
2007-07-02,0.08354540914297104
2007-07-03,0.0997053012251854
2007-07-04,0.09981133043766022
2007-07-05,0.09891991317272186
2007-07-06,0.11276578158140182
2007-07-07,0.11891653388738632
2007-07-08,0.12969157099723816
2007-07-09,0.12188558280467987
2007-07-10,0.12583227455615997
2007-07-11,0.11543826758861542
2007-07-12,0.09855827689170837
2007-07-13,0.09968892484903336
2007-07-14,0.09959963709115982
2007-07-15,0.10250074416399002
2007-07-16,0.04667956382036209
2007-07-17,0.047810863703489304
2007-07-18,0.04711772873997688
2007-07-19,0.03526368364691734
2007-07-20,0.01754322275519371
2007-07-21,0.016309406608343124
2007-07-22,0.026410728693008423
2007-07-23,0.01045055128633976
2007-07-24,0.006223667412996292
2007-07-25,0.015905261039733887
2007-07-26,0.021622691303491592
2007-07-27,0.019100133329629898
2007-07-28,0.03084653988480568
2007-07-29,0.041858553886413574
2007-07-30,0.03352994844317436
2007-07-31,0.036693181842565536
2007-08-01,0.07397400587797165
2007-08-02,0.06924302875995636
2007-08-03,0.058365706354379654
2007-08-04,0.04525458812713623
2007-08-05,0.05083254352211952
2007-08-06,0.032818276435136795
2007-08-07,0.007630476728081703
2007-08-08,0.011474734172224998
2007-08-09,0.014425461180508137
2007-08-10,0.003544755280017853
2007-08-11,-0.014787698164582253
2007-08-12,-0.03289635851979256
2007-08-13,-0.03468923270702362
2007-08-14,-0.05347193032503128
2007-08-15,-0.057227544486522675
2007-08-16,-0.057826824486255646
2007-08-17,-0.06263525038957596
2007-08-18,-0.0832415223121643
2007-08-19,-0.08249565958976746
2007-08-20,-0.08314238488674164
2007-08-21,-0.08855891227722168
2007-08-22,-0.09830283373594284
2007-08-23,-0.09035764634609222
2007-08-24,-0.08785858005285263
2007-08-25,-0.04546351730823517
2007-08-26,-0.05402064323425293
2007-08-27,-0.0861070305109024
2007-08-28,-0.09574034065008163
2007-08-29,-0.11792969703674316
2007-08-30,-0.10935679823160172
2007-08-31,-0.11020098626613617
2007-09-01,-0.11385197937488556
2007-09-02,-0.09762030839920044
2007-09-03,-0.09011010080575943
2007-09-04,-0.09650717675685883
2007-09-05,-0.11071478575468063
2007-09-06,-0.11517810076475143
2007-09-07,-0.1220206543803215
2007-09-08,-0.17010441422462463
2007-09-09,-0.16762621700763702
2007-09-10,-0.17255659401416779
2007-09-11,-0.18984369933605194
2007-09-12,-0.19287259876728058
2007-09-13,-0.2003200501203537
2007-09-14,-0.20462989807128906
2007-09-15,-0.22895699739456177
2007-09-16,-0.22306518256664276
2007-09-17,-0.23303918540477753
2007-09-18,-0.228719562292099
2007-09-19,-0.22260236740112305
2007-09-20,-0.2186272293329239
2007-09-21,-0.22783783078193665
2007-09-22,-0.2106904238462448
2007-09-23,-0.22069109976291656
2007-09-24,-0.20624884963035583
2007-09-25,-0.20680776238441467
2007-09-26,-0.2046627551317215
2007-09-27,-0.18021568655967712
2007-09-28,-0.19247549772262573
2007-09-29,-0.18732713162899017
2007-09-30,-0.17305788397789001
2007-10-01,-0.1836702823638916
2007-10-02,-0.19243435561656952
2007-10-03,-0.17648541927337646
2007-10-04,-0.15985487401485443
2007-10-05,-0.17429524660110474
2007-10-06,-0.1640353947877884
2007-10-07,-0.14225056767463684
2007-10-08,-0.1334185153245926
2007-10-09,-0.11004894971847534
2007-10-10,-0.09022901207208633
2007-10-11,-0.09022460132837296
2007-10-12,-0.09097602218389511
2007-10-13,-0.08460430800914764
2007-10-14,-0.07643285393714905
2007-10-15,-0.07160840928554535
2007-10-16,-0.08626653999090195
2007-10-17,-0.10294181853532791
2007-10-18,-0.10750222951173782
2007-10-19,-0.11247457563877106
2007-10-20,-0.1000639796257019
2007-10-21,-0.10112597048282623
2007-10-22,-0.09605483710765839
2007-10-23,-0.08844638615846634
2007-10-24,-0.08912777155637741
2007-10-25,-0.09423910081386566
2007-10-26,-0.09071168303489685
2007-10-27,-0.1013447493314743
2007-10-28,-0.09035337716341019
2007-10-29,-0.07675959169864655
2007-10-30,-0.08662287890911102
2007-10-31,-0.0858679786324501
2007-11-01,-0.08749207854270935
2007-11-02,-0.09872392565011978
2007-11-03,-0.09464678913354874
2007-11-04,-0.09406181424856186
2007-11-05,-0.10250379890203476
2007-11-06,-0.11750154942274094
2007-11-07,-0.11480509489774704
2007-11-08,-0.10447916388511658
2007-11-09,-0.11475928872823715
2007-11-10,-0.13009579479694366
2007-11-11,-0.12085096538066864
2007-11-12,-0.10675527155399323
2007-11-13,-0.11452725529670715
2007-11-14,-0.12245583534240723
2007-11-15,-0.11672880500555038
2007-11-16,-0.11740954220294952
2007-11-17,-0.11553555727005005
2007-11-18,-0.0946880355477333
2007-11-19,-0.07685995101928711
2007-11-20,-0.06487508863210678
2007-11-21,-0.09536635875701904
2007-11-22,-0.09973128885030746
2007-11-23,-0.0979834496974945
2007-11-24,-0.0901569202542305
2007-11-25,-0.09463897347450256
2007-11-26,-0.07463745027780533
2007-11-27,-0.08621171116828918
2007-11-28,-0.10713523626327515
2007-11-29,-0.12536074221134186
2007-11-30,-0.13034512102603912
2007-12-01,-0.14503182470798492
2007-12-02,-0.1470167636871338
2007-12-03,-0.15924425423145294
2007-12-04,-0.16730163991451263
2007-12-05,-0.15997198224067688
2007-12-06,-0.15942047536373138
2007-12-07,-0.1567969173192978
2007-12-08,-0.1404619663953781
2007-12-09,-0.11700596660375595
2007-12-10,-0.11356966197490692
2007-12-11,-0.11078378558158875
2007-12-12,-0.1215045303106308
2007-12-13,-0.13043402135372162
2007-12-14,-0.13019336760044098
2007-12-15,-0.14191977679729462
2007-12-16,-0.11803655326366425
2007-12-17,-0.09742415696382523
2007-12-18,-0.10852795094251633
2007-12-19,-0.1246320828795433
2007-12-20,-0.1333807408809662
2007-12-21,-0.14762304723262787
2007-12-22,-0.14148671925067902
2007-12-23,-0.1386784017086029
2007-12-24,-0.12370333820581436
2007-12-25,-0.09847276657819748
2007-12-26,-0.08099649846553802
2007-12-27,-0.08276151865720749
2007-12-28,-0.090861015021801
2007-12-29,-0.11750715225934982
2007-12-30,-0.1617801934480667
2007-12-31,-0.14246110618114471
2008-01-01,-0.12809430062770844
2008-01-02,-0.14543111622333527
2008-01-03,-0.15586110949516296
2008-01-04,-0.16413085162639618
2008-01-05,-0.21069589257240295
2008-01-06,-0.18730014562606812
2008-01-07,-0.1906682252883911
2008-01-08,-0.20638759434223175
2008-01-09,-0.19112323224544525
2008-01-10,-0.1818321794271469
2008-01-11,-0.20149104297161102
2008-01-12,-0.21818211674690247
2008-01-13,-0.2280004620552063
2008-01-14,-0.2634905278682709
2008-01-15,-0.257651686668396
2008-01-16,-0.2780848741531372
2008-01-17,-0.2817227840423584
2008-01-18,-0.26920759677886963
2008-01-19,-0.2648952603340149
2008-01-20,-0.23409660160541534
2008-01-21,-0.25737959146499634
2008-01-22,-0.2760387063026428
2008-01-23,-0.2911107838153839
2008-01-24,-0.29528889060020447
2008-01-25,-0.2984584867954254
2008-01-26,-0.2920703589916229
2008-01-27,-0.2879578173160553
2008-01-28,-0.2902102768421173
2008-01-29,-0.2919713854789734
2008-01-30,-0.2865677773952484
2008-01-31,-0.28455623984336853
2008-02-01,-0.27923235297203064
2008-02-02,-0.2989908754825592
2008-02-03,-0.3005158007144928
2008-02-04,-0.29137781262397766
2008-02-05,-0.28068870306015015
2008-02-06,-0.2782015800476074
2008-02-07,-0.28132280707359314
2008-02-08,-0.2858157157897949
2008-02-09,-0.26704511046409607
2008-02-10,-0.24429838359355927
2008-02-11,-0.2526080012321472
2008-02-12,-0.23545897006988525
2008-02-13,-0.23341375589370728
2008-02-14,-0.22305764257907867
2008-02-15,-0.23096005618572235
2008-02-16,-0.22806741297245026
2008-02-17,-0.22671757638454437
2008-02-18,-0.22146055102348328
2008-02-19,-0.21950379014015198
2008-02-20,-0.2108086794614792
2008-02-21,-0.21614907681941986
2008-02-22,-0.22856909036636353
2008-02-23,-0.2447262406349182
2008-02-24,-0.22691722214221954
2008-02-25,-0.215713769197464
2008-02-26,-0.21240143477916718
2008-02-27,-0.21488212049007416
2008-02-28,-0.21870432794094086
2008-02-29,-0.23214837908744812
2008-03-01,-0.2416914403438568
2008-03-02,-0.2320248782634735
2008-03-03,-0.2324749231338501
2008-03-04,-0.2480180710554123
2008-03-05,-0.24657391011714935
2008-03-06,-0.24867883324623108
2008-03-07,-0.26355016231536865
2008-03-08,-0.2854558527469635
2008-03-09,-0.2728096842765808
2008-03-10,-0.3011711537837982
2008-03-11,-0.2981308698654175
2008-03-12,-0.2895428240299225
2008-03-13,-0.29139336943626404
2008-03-14,-0.29567036032676697
2008-03-15,-0.31264728307724
2008-03-16,-0.31004762649536133
2008-03-17,-0.3231150805950165
2008-03-18,-0.3273528516292572
2008-03-19,-0.32440853118896484
2008-03-20,-0.3170643448829651
2008-03-21,-0.33819252252578735
2008-03-22,-0.32420068979263306
2008-03-23,-0.30723708868026733
2008-03-24,-0.2875463366508484
2008-03-25,-0.2718779742717743
2008-03-26,-0.2736421227455139
2008-03-27,-0.25449642539024353
2008-03-28,-0.2643955647945404
2008-03-29,-0.271594762802124
2008-03-30,-0.24946525692939758
2008-03-31,-0.2557012736797333
2008-04-01,-0.25642290711402893
2008-04-02,-0.2526685893535614
2008-04-03,-0.25228604674339294
2008-04-04,-0.268136590719223
2008-04-05,-0.2787216603755951
2008-04-06,-0.27096620202064514
2008-04-07,-0.254336953163147
2008-04-08,-0.24714918434619904
2008-04-09,-0.25274696946144104
2008-04-10,-0.27112680673599243
2008-04-11,-0.27280348539352417
2008-04-12,-0.2747199237346649
2008-04-13,-0.27583298087120056
2008-04-14,-0.2759440243244171
2008-04-15,-0.2762971818447113
2008-04-16,-0.2729935348033905
2008-04-17,-0.28214332461357117
2008-04-18,-0.2806348204612732
2008-04-19,-0.27283379435539246
2008-04-20,-0.2506600022315979
2008-04-21,-0.23249654471874237
2008-04-22,-0.21852120757102966
2008-04-23,-0.2086714655160904
2008-04-24,-0.20845118165016174
2008-04-25,-0.2166777402162552
2008-04-26,-0.22068631649017334
2008-04-27,-0.21649588644504547
2008-04-28,-0.2317616045475006
2008-04-29,-0.2385590523481369
2008-04-30,-0.26420754194259644
2008-05-01,-0.25978901982307434
2008-05-02,-0.2619355022907257
2008-05-03,-0.2585448622703552
2008-05-04,-0.24156604707241058
2008-05-05,-0.2534681260585785
2008-05-06,-0.26581427454948425
2008-05-07,-0.27146631479263306
2008-05-08,-0.25812309980392456
2008-05-09,-0.2509586215019226
2008-05-10,-0.2618006765842438
2008-05-11,-0.25708332657814026
2008-05-12,-0.2676566243171692
2008-05-13,-0.2590559720993042
2008-05-14,-0.2750779986381531
2008-05-15,-0.2610895335674286
2008-05-16,-0.27275100350379944
2008-05-17,-0.2697298228740692
2008-05-18,-0.24920442700386047
2008-05-19,-0.23883749544620514
2008-05-20,-0.2183743268251419
2008-05-21,-0.21462909877300262
2008-05-22,-0.2289935201406479
2008-05-23,-0.24125169217586517
2008-05-24,-0.24020110070705414
2008-05-25,-0.2204483151435852
2008-05-26,-0.20297753810882568
2008-05-27,-0.21066752076148987
2008-05-28,-0.21760620176792145
2008-05-29,-0.20698174834251404
2008-05-30,-0.21395424008369446
2008-05-31,-0.21605809032917023
2008-06-01,-0.20936042070388794
2008-06-02,-0.2296241819858551
2008-06-03,-0.22845155000686646
2008-06-04,-0.23751035332679749
2008-06-05,-0.23537872731685638
2008-06-06,-0.2667348086833954
2008-06-07,-0.2919267416000366
2008-06-08,-0.2911189794540405
2008-06-09,-0.2748900055885315
2008-06-10,-0.28675922751426697
2008-06-11,-0.2905983030796051
2008-06-12,-0.2895364463329315
2008-06-13,-0.28851228952407837
2008-06-14,-0.30139970779418945
2008-06-15,-0.2778966724872589
2008-06-16,-0.2841578722000122
2008-06-17,-0.28647536039352417
2008-06-18,-0.2947900593280792
2008-06-19,-0.30210503935813904
2008-06-20,-0.30418074131011963
2008-06-21,-0.30590760707855225
2008-06-22,-0.30710846185684204
2008-06-23,-0.2940126657485962
2008-06-24,-0.303922563791275
2008-06-25,-0.3065486550331116
2008-06-26,-0.30932602286338806
2008-06-27,-0.3193676769733429
2008-06-28,-0.31628987193107605
2008-06-29,-0.3044983744621277
2008-06-30,-0.3072758913040161
2008-07-01,-0.3051341474056244
2008-07-02,-0.3103370666503906
2008-07-03,-0.3189154267311096
2008-07-04,-0.33522140979766846
2008-07-05,-0.33331626653671265
2008-07-06,-0.3260307013988495
2008-07-07,-0.31356436014175415
2008-07-08,-0.31675198674201965
2008-07-09,-0.3137672245502472
2008-07-10,-0.3140362501144409
2008-07-11,-0.31247052550315857
2008-07-12,-0.3344435393810272
2008-07-13,-0.34067341685295105
2008-07-14,-0.35169729590415955
2008-07-15,-0.35159456729888916
2008-07-16,-0.36512818932533264
2008-07-17,-0.36168336868286133
2008-07-18,-0.35719016194343567
2008-07-19,-0.35277655720710754
2008-07-20,-0.33630579710006714
2008-07-21,-0.343183308839798
2008-07-22,-0.3211888074874878
2008-07-23,-0.3138408064842224
2008-07-24,-0.3186623752117157
2008-07-25,-0.3262169361114502
2008-07-26,-0.33766070008277893
2008-07-27,-0.3308759927749634
2008-07-28,-0.3094196915626526
2008-07-29,-0.33262622356414795
2008-07-30,-0.3416207730770111
2008-07-31,-0.34333717823028564
2008-08-01,-0.34848281741142273
2008-08-02,-0.35297006368637085
2008-08-03,-0.3453168272972107
2008-08-04,-0.33067768812179565
2008-08-05,-0.3368081748485565
2008-08-06,-0.3383506238460541
2008-08-07,-0.3411083519458771
2008-08-08,-0.3312361240386963
2008-08-09,-0.33166831731796265
2008-08-10,-0.32002922892570496
2008-08-11,-0.3202398717403412
2008-08-12,-0.3188802897930145
2008-08-13,-0.33004501461982727
2008-08-14,-0.33077654242515564
2008-08-15,-0.3337351083755493
2008-08-16,-0.32218608260154724
2008-08-17,-0.3101770877838135
2008-08-18,-0.3014953136444092
2008-08-19,-0.3058992028236389
2008-08-20,-0.31165850162506104
2008-08-21,-0.3211173117160797
2008-08-22,-0.3349253237247467
2008-08-23,-0.3362760543823242
2008-08-24,-0.30884966254234314
2008-08-25,-0.3038896918296814
2008-08-26,-0.31900322437286377
2008-08-27,-0.3187907040119171
2008-08-28,-0.3152369558811188
2008-08-29,-0.28304988145828247
2008-08-30,-0.28552547097206116
2008-08-31,-0.278958797454834
2008-09-01,-0.2623904049396515
2008-09-02,-0.25833186507225037
2008-09-03,-0.27106305956840515
2008-09-04,-0.2806377708911896
2008-09-05,-0.30295100808143616
2008-09-06,-0.34150761365890503
2008-09-07,-0.3402279019355774
2008-09-08,-0.3363763689994812
2008-09-09,-0.3303229510784149
2008-09-10,-0.3264402151107788
2008-09-11,-0.33627834916114807
2008-09-12,-0.34831252694129944
2008-09-13,-0.35666245222091675
2008-09-14,-0.3643997013568878
2008-09-15,-0.35902535915374756
2008-09-16,-0.383575975894928
2008-09-17,-0.39751335978507996
2008-09-18,-0.40147560834884644
2008-09-19,-0.4047289788722992
2008-09-20,-0.4222068190574646
2008-09-21,-0.4254118502140045
2008-09-22,-0.41743841767311096
2008-09-23,-0.40188664197921753
2008-09-24,-0.40164151787757874
2008-09-25,-0.4025028347969055
2008-09-26,-0.4193611145019531
2008-09-27,-0.42528560757637024
2008-09-28,-0.3955306112766266
2008-09-29,-0.4131993055343628
2008-09-30,-0.44392988085746765
2008-10-01,-0.4524143636226654
2008-10-02,-0.4451141655445099
2008-10-03,-0.45324578881263733
2008-10-04,-0.4744332730770111
2008-10-05,-0.44638097286224365
2008-10-06,-0.4462909996509552
2008-10-07,-0.45619797706604004
2008-10-08,-0.46582841873168945
2008-10-09,-0.46992242336273193
2008-10-10,-0.476934552192688
2008-10-11,-0.49815669655799866
2008-10-12,-0.47021403908729553
2008-10-13,-0.45481058955192566
2008-10-14,-0.44908368587493896
2008-10-15,-0.44317588210105896
2008-10-16,-0.4681173861026764
2008-10-17,-0.47746148705482483
2008-10-18,-0.46216756105422974
2008-10-19,-0.44771531224250793
2008-10-20,-0.43658769130706787
2008-10-21,-0.40545281767845154
2008-10-22,-0.4072975814342499
2008-10-23,-0.4142930209636688
2008-10-24,-0.4213862121105194
2008-10-25,-0.4380500018596649
2008-10-26,-0.425188809633255
2008-10-27,-0.42793938517570496
2008-10-28,-0.43417638540267944
2008-10-29,-0.4379037320613861
2008-10-30,-0.4223300516605377
2008-10-31,-0.4162697196006775
2008-11-01,-0.41950657963752747
2008-11-02,-0.40165913105010986
2008-11-03,-0.38534900546073914
2008-11-04,-0.3933986723423004
2008-11-05,-0.38674819469451904
2008-11-06,-0.3756408095359802
2008-11-07,-0.37827253341674805
2008-11-08,-0.37734028697013855
2008-11-09,-0.3806866407394409
2008-11-10,-0.37349241971969604
2008-11-11,-0.3617793023586273
2008-11-12,-0.375294953584671
2008-11-13,-0.37593474984169006
2008-11-14,-0.38505202531814575
2008-11-15,-0.3966672420501709
2008-11-16,-0.3918628990650177
2008-11-17,-0.3993428349494934
2008-11-18,-0.4035208523273468
2008-11-19,-0.4154489040374756
2008-11-20,-0.4306681156158447
2008-11-21,-0.4579695165157318
2008-11-22,-0.46234938502311707
2008-11-23,-0.46552950143814087
2008-11-24,-0.4405458867549896
2008-11-25,-0.4436901807785034
2008-11-26,-0.4398818612098694
2008-11-27,-0.42464351654052734
2008-11-28,-0.4096814692020416
2008-11-29,-0.4148440957069397
2008-11-30,-0.41538766026496887
2008-12-01,-0.41853436827659607
2008-12-02,-0.4151364862918854
2008-12-03,-0.41251859068870544
2008-12-04,-0.4088510274887085
2008-12-05,-0.41057315468788147
2008-12-06,-0.4434981048107147
2008-12-07,-0.43316319584846497
2008-12-08,-0.4340836703777313
2008-12-09,-0.41765519976615906
2008-12-10,-0.4235089123249054
2008-12-11,-0.42935144901275635
2008-12-12,-0.43963488936424255
2008-12-13,-0.445229709148407
2008-12-14,-0.4309798777103424
2008-12-15,-0.4368573725223541
2008-12-16,-0.4419935643672943
2008-12-17,-0.44816872477531433
2008-12-18,-0.44616955518722534
2008-12-19,-0.4282822012901306
2008-12-20,-0.42029938101768494
2008-12-21,-0.40143802762031555
2008-12-22,-0.40301865339279175
2008-12-23,-0.3971252143383026
2008-12-24,-0.3944769501686096
2008-12-25,-0.4033934772014618
2008-12-26,-0.4079127013683319
2008-12-27,-0.38734978437423706
2008-12-28,-0.3535516560077667
2008-12-29,-0.3369109332561493
2008-12-30,-0.3280520737171173
2008-12-31,-0.33217087388038635
2009-01-01,-0.3499804139137268
2009-01-02,-0.3610621392726898
2009-01-03,-0.34223809838294983
2009-01-04,-0.3370495140552521
2009-01-05,-0.32634204626083374
2009-01-06,-0.3360309302806854
2009-01-07,-0.34056758880615234
2009-01-08,-0.34626561403274536
2009-01-09,-0.3481234610080719
2009-01-10,-0.38405996561050415
2009-01-11,-0.37350913882255554
2009-01-12,-0.37181952595710754
2009-01-13,-0.3683004081249237
2009-01-14,-0.36850491166114807
2009-01-15,-0.3792983889579773
2009-01-16,-0.3984544575214386
2009-01-17,-0.402959406375885
2009-01-18,-0.39644378423690796
2009-01-19,-0.39441823959350586
2009-01-20,-0.3775525689125061
2009-01-21,-0.3660562038421631
2009-01-22,-0.3736658990383148
2009-01-23,-0.3933854103088379
2009-01-24,-0.3900117874145508
2009-01-25,-0.37871766090393066
2009-01-26,-0.3799374997615814
2009-01-27,-0.3705536425113678
2009-01-28,-0.3805646300315857
2009-01-29,-0.36571839451789856
2009-01-30,-0.3688019812107086
2009-01-31,-0.37160059809684753
2009-02-01,-0.3585818409919739
2009-02-02,-0.3438386023044586
2009-02-03,-0.3396626114845276
2009-02-04,-0.3460157513618469
2009-02-05,-0.3392941951751709
2009-02-06,-0.35486602783203125
2009-02-07,-0.3756847381591797
2009-02-08,-0.36797118186950684
2009-02-09,-0.368171364068985
2009-02-10,-0.35035568475723267
2009-02-11,-0.356810986995697
2009-02-12,-0.35242781043052673
2009-02-13,-0.3553433120250702
2009-02-14,-0.3452111482620239
2009-02-15,-0.3444194793701172
2009-02-16,-0.34618544578552246
2009-02-17,-0.3252142071723938
2009-02-18,-0.33319470286369324
2009-02-19,-0.3449855446815491
2009-02-20,-0.3539513051509857
2009-02-21,-0.3463847041130066
2009-02-22,-0.33631354570388794
2009-02-23,-0.3242727518081665
2009-02-24,-0.3323740065097809
2009-02-25,-0.3183179795742035
2009-02-26,-0.3096035122871399
2009-02-27,-0.30929937958717346
2009-02-28,-0.32776182889938354
2009-03-01,-0.3021731376647949
2009-03-02,-0.29788118600845337
2009-03-03,-0.30833667516708374
2009-03-04,-0.31343820691108704
2009-03-05,-0.31043729186058044
2009-03-06,-0.33220022916793823
2009-03-07,-0.35830193758010864
2009-03-08,-0.34631815552711487
2009-03-09,-0.3328225314617157
2009-03-10,-0.32996809482574463
2009-03-11,-0.3272245228290558
2009-03-12,-0.3316827118396759
2009-03-13,-0.3301428258419037
2009-03-14,-0.3269558548927307
2009-03-15,-0.3231157064437866
2009-03-16,-0.31869256496429443
2009-03-17,-0.32054564356803894
2009-03-18,-0.31133031845092773
2009-03-19,-0.302456796169281
2009-03-20,-0.31486976146698
2009-03-21,-0.3128284513950348
2009-03-22,-0.30420398712158203
2009-03-23,-0.3034449815750122
2009-03-24,-0.2682267427444458
2009-03-25,-0.2613523006439209
2009-03-26,-0.2615259885787964
2009-03-27,-0.2793082594871521
2009-03-28,-0.28077268600463867
2009-03-29,-0.28062891960144043
2009-03-30,-0.2741110026836395
2009-03-31,-0.27629354596138
2009-04-01,-0.278212308883667
2009-04-02,-0.2709079086780548
2009-04-03,-0.2735535204410553
2009-04-04,-0.2768358588218689
2009-04-05,-0.27200984954833984
2009-04-06,-0.2556661069393158
2009-04-07,-0.23046882450580597
2009-04-08,-0.24859464168548584
2009-04-09,-0.24164719879627228
2009-04-10,-0.22844213247299194
2009-04-11,-0.21026071906089783
2009-04-12,-0.2178545445203781
2009-04-13,-0.2041957974433899
2009-04-14,-0.21012815833091736
2009-04-15,-0.2327733337879181
2009-04-16,-0.2339300811290741
2009-04-17,-0.23794713616371155
2009-04-18,-0.2452002763748169
2009-04-19,-0.25033947825431824
2009-04-20,-0.23943589627742767
2009-04-21,-0.2289915233850479
2009-04-22,-0.2362208068370819
2009-04-23,-0.2628558874130249
2009-04-24,-0.27635249495506287
2009-04-25,-0.2844102382659912
2009-04-26,-0.25461545586586
2009-04-27,-0.24857020378112793
2009-04-28,-0.2614257037639618
2009-04-29,-0.22786492109298706
2009-04-30,-0.22702568769454956
2009-05-01,-0.2391122281551361
2009-05-02,-0.23627544939517975
2009-05-03,-0.23115502297878265
2009-05-04,-0.22925812005996704
2009-05-05,-0.2456352561712265
2009-05-06,-0.24208521842956543
2009-05-07,-0.23893634974956512
2009-05-08,-0.2395603060722351
2009-05-09,-0.24511371552944183
2009-05-10,-0.2518347501754761
2009-05-11,-0.26934465765953064
2009-05-12,-0.2840593457221985
2009-05-13,-0.2954769730567932
2009-05-14,-0.30311092734336853
2009-05-15,-0.3211522102355957
2009-05-16,-0.3078472912311554
2009-05-17,-0.2952289879322052
2009-05-18,-0.2919447720050812
2009-05-19,-0.2866298258304596
2009-05-20,-0.28867924213409424
2009-05-21,-0.3030180335044861
2009-05-22,-0.3175242841243744
2009-05-23,-0.31946584582328796
2009-05-24,-0.29324138164520264
2009-05-25,-0.2729133069515228
2009-05-26,-0.26386842131614685
2009-05-27,-0.25985249876976013
2009-05-28,-0.270883709192276
2009-05-29,-0.2842382788658142
2009-05-30,-0.27674251794815063
2009-05-31,-0.27725616097450256
2009-06-01,-0.2872326076030731
2009-06-02,-0.2809487283229828
2009-06-03,-0.28753504157066345
2009-06-04,-0.29558077454566956
2009-06-05,-0.30845195055007935
2009-06-06,-0.3328423798084259
2009-06-07,-0.33530813455581665
2009-06-08,-0.32441309094429016
2009-06-09,-0.348628968000412
2009-06-10,-0.3639736771583557
2009-06-11,-0.3738733232021332
2009-06-12,-0.37944215536117554
2009-06-13,-0.37794265151023865
2009-06-14,-0.3595641553401947
2009-06-15,-0.312231183052063
2009-06-16,-0.31243622303009033
2009-06-17,-0.32965266704559326
2009-06-18,-0.3313973844051361
2009-06-19,-0.34076008200645447
2009-06-20,-0.33799025416374207
2009-06-21,-0.3326018154621124
2009-06-22,-0.34761765599250793
2009-06-23,-0.3161151111125946
2009-06-24,-0.32487574219703674
2009-06-25,-0.32137763500213623
2009-06-26,-0.3356020748615265
2009-06-27,-0.331540048122406
2009-06-28,-0.3317994177341461
2009-06-29,-0.3424593210220337
2009-06-30,-0.33122092485427856
2009-07-01,-0.3344661295413971
2009-07-02,-0.3364335596561432
2009-07-03,-0.3488691747188568
2009-07-04,-0.33396682143211365
2009-07-05,-0.3223847448825836
2009-07-06,-0.301840215921402
2009-07-07,-0.2904209494590759
2009-07-08,-0.2805832624435425
2009-07-09,-0.27810898423194885
2009-07-10,-0.2862846851348877
2009-07-11,-0.30813613533973694
2009-07-12,-0.3157590329647064
2009-07-13,-0.3119169771671295
2009-07-14,-0.31956779956817627
2009-07-15,-0.3158838450908661
2009-07-16,-0.3144073188304901
2009-07-17,-0.30887991189956665
2009-07-18,-0.3209179639816284
2009-07-19,-0.3435201048851013
2009-07-20,-0.31612706184387207
2009-07-21,-0.3039696216583252
2009-07-22,-0.3174423277378082
2009-07-23,-0.30900606513023376
2009-07-24,-0.30216577649116516
2009-07-25,-0.3002513647079468
2009-07-26,-0.2911891043186188
2009-07-27,-0.2735004127025604
2009-07-28,-0.27765142917633057
2009-07-29,-0.25609806180000305
2009-07-30,-0.2691732347011566
2009-07-31,-0.26074784994125366
2009-08-01,-0.2737358808517456
2009-08-02,-0.2629552483558655
2009-08-03,-0.25731027126312256
2009-08-04,-0.24751222133636475
2009-08-05,-0.24143213033676147
2009-08-06,-0.2456343173980713
2009-08-07,-0.2529926598072052
2009-08-08,-0.25737130641937256
2009-08-09,-0.2453816682100296
2009-08-10,-0.2272069901227951
2009-08-11,-0.23086285591125488
2009-08-12,-0.22394733130931854
2009-08-13,-0.22258971631526947
2009-08-14,-0.20399142801761627
2009-08-15,-0.21364448964595795
2009-08-16,-0.22127792239189148
2009-08-17,-0.2181243896484375
2009-08-18,-0.20810528099536896
2009-08-19,-0.19925372302532196
2009-08-20,-0.2064594030380249
2009-08-21,-0.23662813007831573
2009-08-22,-0.2290283888578415
2009-08-23,-0.22456876933574677
2009-08-24,-0.19628557562828064
2009-08-25,-0.2044604867696762
2009-08-26,-0.1895817369222641
2009-08-27,-0.18232892453670502
2009-08-28,-0.18519173562526703
2009-08-29,-0.19118478894233704
2009-08-30,-0.18879783153533936
2009-08-31,-0.16622741520404816
2009-09-01,-0.16922883689403534
2009-09-02,-0.1614750176668167
2009-09-03,-0.13626442849636078
2009-09-04,-0.13575848937034607
2009-09-05,-0.16438603401184082
2009-09-06,-0.15616604685783386
2009-09-07,-0.15515391528606415
2009-09-08,-0.16401338577270508
2009-09-09,-0.15194310247898102
2009-09-10,-0.15148909389972687
2009-09-11,-0.155972421169281
2009-09-12,-0.1524386703968048
2009-09-13,-0.13458263874053955
2009-09-14,-0.15261811017990112
2009-09-15,-0.14965681731700897
2009-09-16,-0.14300234615802765
2009-09-17,-0.13714206218719482
2009-09-18,-0.14379212260246277
2009-09-19,-0.1469966620206833
2009-09-20,-0.13645172119140625
2009-09-21,-0.11598850786685944
2009-09-22,-0.11868976801633835
2009-09-23,-0.11047284305095673
2009-09-24,-0.10531120002269745
2009-09-25,-0.10735864192247391
2009-09-26,-0.10634210705757141
2009-09-27,-0.0910232737660408
2009-09-28,-0.06655862927436829
2009-09-29,-0.04889978840947151
2009-09-30,-0.04412984102964401
2009-10-01,-0.03617485240101814
2009-10-02,-0.05016632750630379
2009-10-03,-0.08307294547557831
2009-10-04,-0.08420142531394958
2009-10-05,-0.0721898227930069
2009-10-06,-0.07801796495914459
2009-10-07,-0.09131070226430893
2009-10-08,-0.08394428342580795
2009-10-09,-0.08810707926750183
2009-10-10,-0.10605039447546005
2009-10-11,-0.09140364080667496
2009-10-12,-0.10037513822317123
2009-10-13,-0.0876191034913063
2009-10-14,-0.07917282730340958
2009-10-15,-0.07831842452287674
2009-10-16,-0.08154243975877762
2009-10-17,-0.0719965323805809
2009-10-18,-0.08478320389986038
2009-10-19,-0.06490641832351685
2009-10-20,-0.07818212360143661
2009-10-21,-0.0770757645368576
2009-10-22,-0.06958656013011932
2009-10-23,-0.07370453327894211
2009-10-24,-0.06987228989601135
2009-10-25,-0.07227978855371475
2009-10-26,-0.07372943311929703
2009-10-27,-0.06445114314556122
2009-10-28,-0.06989655643701553
2009-10-29,-0.04812426120042801
2009-10-30,-0.04374539852142334
2009-10-31,-0.050233855843544006
2009-11-01,-0.03567935898900032
2009-11-02,-0.02402506209909916
2009-11-03,-0.01201289426535368
2009-11-04,0.006042452994734049
2009-11-05,0.008301205933094025
2009-11-06,0.007567844819277525
2009-11-07,-0.020032664760947227
2009-11-08,-0.001663359347730875
2009-11-09,0.01576586440205574
2009-11-10,0.0180962011218071
2009-11-11,0.014770366251468658
2009-11-12,0.0040948521345853806
2009-11-13,0.007329912390559912
2009-11-14,0.02026972360908985
2009-11-15,0.04559079930186272
2009-11-16,0.03992491587996483
2009-11-17,0.04560578614473343
2009-11-18,0.03284590318799019
2009-11-19,0.021085210144519806
2009-11-20,-0.005801191087812185
2009-11-21,-0.009857557713985443
2009-11-22,-0.00038723499164916575
2009-11-23,-0.010527007281780243
2009-11-24,-0.004216906614601612
2009-11-25,-0.000770130252931267
2009-11-26,0.026631997898221016
2009-11-27,0.03381570801138878
2009-11-28,0.0319083034992218
2009-11-29,0.04201702028512955
2009-11-30,0.033151112496852875
2009-12-01,0.02996421791613102
2009-12-02,0.02012517675757408
2009-12-03,0.022998472675681114
2009-12-04,0.019142402336001396
2009-12-05,0.02945629134774208
2009-12-06,0.03942729905247688
2009-12-07,0.05280129984021187
2009-12-08,0.048476845026016235
2009-12-09,0.022742025554180145
2009-12-10,0.0214201882481575
2009-12-11,0.01804031990468502
2009-12-12,0.024279799312353134
2009-12-13,0.03559880331158638
2009-12-14,0.043570343405008316
2009-12-15,0.036495231091976166
2009-12-16,0.030847661197185516
2009-12-17,0.03873175010085106
2009-12-18,0.04884149134159088
2009-12-19,0.05014583095908165
2009-12-20,0.07105189561843872
2009-12-21,0.08521992713212967
2009-12-22,0.09405123442411423
2009-12-23,0.1132763996720314
2009-12-24,0.10942557454109192
2009-12-25,0.12272626906633377
2009-12-26,0.1356176733970642
2009-12-27,0.1570538878440857
2009-12-28,0.16618221998214722
2009-12-29,0.17570850253105164
2009-12-30,0.17320674657821655
2009-12-31,0.15813155472278595
2010-01-01,0.13530264794826508
2010-01-02,0.12999604642391205
2010-01-03,0.13581308722496033
2010-01-04,0.11053533852100372
2010-01-05,0.11457949131727219
2010-01-06,0.11729211360216141
2010-01-07,0.10046640783548355
2010-01-08,0.08404272049665451
2010-01-09,0.05753611400723457
2010-01-10,0.06022636219859123
2010-01-11,0.05205494537949562
2010-01-12,0.034414369612932205
2010-01-13,0.015216914005577564
2010-01-14,0.011154663749039173
2010-01-15,0.007505983579903841
2010-01-16,-0.002817790023982525
2010-01-17,-0.0177374929189682
2010-01-18,-0.03132840618491173
2010-01-19,-0.04115951806306839
2010-01-20,-0.04003196582198143
2010-01-21,-0.048608049750328064
2010-01-22,-0.08930891007184982
2010-01-23,-0.0885869488120079
2010-01-24,-0.07684457302093506
2010-01-25,-0.08478634059429169
2010-01-26,-0.07675755769014359
2010-01-27,-0.08035484701395035
2010-01-28,-0.09443231672048569
2010-01-29,-0.07173901796340942
2010-01-30,-0.056125935167074203
2010-01-31,-0.030596833676099777
2010-02-01,-0.018898021429777145
2010-02-02,-0.012509199790656567
2010-02-03,-0.010317484848201275
2010-02-04,-0.0025730051565915346
2010-02-05,-0.018970903009176254
2010-02-06,-0.040745463222265244
2010-02-07,-0.052042413502931595
2010-02-08,-0.045543842017650604
2010-02-09,-0.054732102900743484
2010-02-10,-0.06751524657011032
2010-02-11,-0.07319560647010803
2010-02-12,-0.08531912416219711
2010-02-13,-0.09085319191217422
2010-02-14,-0.08784403651952744
2010-02-15,-0.08467787504196167
2010-02-16,-0.08155886828899384
2010-02-17,-0.08482364565134048
2010-02-18,-0.08070645481348038
2010-02-19,-0.0907691940665245
2010-02-20,-0.09151224046945572
2010-02-21,-0.08761906623840332
2010-02-22,-0.08815398067235947
2010-02-23,-0.08218584954738617
2010-02-24,-0.07266302406787872
2010-02-25,-0.0685008317232132
2010-02-26,-0.1044798269867897
2010-02-27,-0.1001112163066864
2010-02-28,-0.09199769049882889
2010-03-01,-0.10692818462848663
2010-03-02,-0.11173200607299805
2010-03-03,-0.12350180745124817
2010-03-04,-0.12615817785263062
2010-03-05,-0.12499234080314636
2010-03-06,-0.11602983623743057
2010-03-07,-0.12480505555868149
2010-03-08,-0.11867666244506836
2010-03-09,-0.10850603878498077
2010-03-10,-0.11571913957595825
2010-03-11,-0.11253519356250763
2010-03-12,-0.11642859131097794
2010-03-13,-0.09529626369476318
2010-03-14,-0.09189336746931076
2010-03-15,-0.09320084750652313
2010-03-16,-0.08411277830600739
2010-03-17,-0.08964785188436508
2010-03-18,-0.07525163143873215
2010-03-19,-0.07978102564811707
2010-03-20,-0.07151424139738083
2010-03-21,-0.062593013048172
2010-03-22,-0.062402304261922836
2010-03-23,-0.03451768308877945
2010-03-24,-0.03614744171500206
2010-03-25,-0.0448196604847908
2010-03-26,-0.04544009640812874
2010-03-27,-0.04134303331375122
2010-03-28,-0.05038333311676979
2010-03-29,-0.04780302569270134
2010-03-30,-0.02690572291612625
2010-03-31,-0.013408742845058441
2010-04-01,-0.012288200668990612
2010-04-02,-0.009771138429641724
2010-04-03,-0.0010774452239274979
2010-04-04,0.0005988077027723193
2010-04-05,0.013803292065858841
2010-04-06,0.008501132018864155
2010-04-07,0.0005017490475438535
2010-04-08,-0.03180992975831032
2010-04-09,-0.056979868561029434
2010-04-10,-0.04983533173799515
2010-04-11,-0.058537520468235016
2010-04-12,-0.08773206919431686
2010-04-13,-0.1101905107498169
2010-04-14,-0.10497391223907471
2010-04-15,-0.09191147983074188
2010-04-16,-0.10838785767555237
2010-04-17,-0.11892364919185638
2010-04-18,-0.12818850576877594
2010-04-19,-0.13281619548797607
2010-04-20,-0.12466869503259659
2010-04-21,-0.1146463006734848
2010-04-22,-0.11274123191833496
2010-04-23,-0.11222843825817108
2010-04-24,-0.08837608993053436
2010-04-25,-0.09091240167617798
2010-04-26,-0.08876597136259079
2010-04-27,-0.11424314230680466
2010-04-28,-0.13274437189102173
2010-04-29,-0.13784708082675934
2010-04-30,-0.15361401438713074
2010-05-01,-0.14771929383277893
2010-05-02,-0.13821357488632202
2010-05-03,-0.12871843576431274
2010-05-04,-0.1266484558582306
2010-05-05,-0.14242731034755707
2010-05-06,-0.1479286551475525
2010-05-07,-0.17406709492206573
2010-05-08,-0.1832863688468933
2010-05-09,-0.196107417345047
2010-05-10,-0.20333856344223022
2010-05-11,-0.21454770863056183
2010-05-12,-0.2213812917470932
2010-05-13,-0.2187272310256958
2010-05-14,-0.22889170050621033
2010-05-15,-0.23339635133743286
2010-05-16,-0.22143499553203583
2010-05-17,-0.21862101554870605
2010-05-18,-0.23091596364974976
2010-05-19,-0.23123642802238464
2010-05-20,-0.2514617145061493
2010-05-21,-0.27422255277633667
2010-05-22,-0.2755897641181946
2010-05-23,-0.26090115308761597
2010-05-24,-0.24950405955314636
2010-05-25,-0.24821865558624268
2010-05-26,-0.2527051270008087
2010-05-27,-0.2658015191555023
2010-05-28,-0.2694627642631531
2010-05-29,-0.2651909291744232
2010-05-30,-0.26932835578918457
2010-05-31,-0.25672775506973267
2010-06-01,-0.2618568241596222
2010-06-02,-0.25702643394470215
2010-06-03,-0.24918639659881592
2010-06-04,-0.23690451681613922
2010-06-05,-0.24262364208698273
2010-06-06,-0.23377938568592072
2010-06-07,-0.23504894971847534
2010-06-08,-0.2610052227973938
2010-06-09,-0.254561185836792
2010-06-10,-0.25935232639312744
2010-06-11,-0.2492263913154602
2010-06-12,-0.2292652428150177
2010-06-13,-0.2337448000907898
2010-06-14,-0.21480540931224823
2010-06-15,-0.2150874137878418
2010-06-16,-0.215282142162323
2010-06-17,-0.2088528424501419
2010-06-18,-0.21698950231075287
2010-06-19,-0.22317703068256378
2010-06-20,-0.19349926710128784
2010-06-21,-0.190610870718956
2010-06-22,-0.174434095621109
2010-06-23,-0.1716630756855011
2010-06-24,-0.17777827382087708
2010-06-25,-0.18351872265338898
2010-06-26,-0.18577714264392853
2010-06-27,-0.1711929589509964
2010-06-28,-0.17708560824394226
2010-06-29,-0.18553121387958527
2010-06-30,-0.1728493571281433
2010-07-01,-0.17873525619506836
2010-07-02,-0.19594049453735352
2010-07-03,-0.19940315186977386
2010-07-04,-0.19659431278705597
2010-07-05,-0.21706220507621765
2010-07-06,-0.2003440260887146
2010-07-07,-0.20112338662147522
2010-07-08,-0.18853509426116943
2010-07-09,-0.19213521480560303
2010-07-10,-0.196033775806427
2010-07-11,-0.1894141435623169
2010-07-12,-0.18904906511306763
2010-07-13,-0.20514467358589172
2010-07-14,-0.19931325316429138
2010-07-15,-0.1928010880947113
2010-07-16,-0.2083795815706253
2010-07-17,-0.2106560468673706
2010-07-18,-0.2136022001504898
2010-07-19,-0.22502802312374115
2010-07-20,-0.22678028047084808
2010-07-21,-0.22996728122234344
2010-07-22,-0.2210790365934372
2010-07-23,-0.2127271145582199
2010-07-24,-0.21284280717372894
2010-07-25,-0.20502428710460663
2010-07-26,-0.21455302834510803
2010-07-27,-0.19700457155704498
2010-07-28,-0.18565061688423157
2010-07-29,-0.1819138079881668
2010-07-30,-0.1828909069299698
2010-07-31,-0.1807127743959427
2010-08-01,-0.18317455053329468
2010-08-02,-0.16076678037643433
2010-08-03,-0.14003658294677734
2010-08-04,-0.11120571941137314
2010-08-05,-0.11174730211496353
2010-08-06,-0.12262014299631119
2010-08-07,-0.1366475522518158
2010-08-08,-0.1180155947804451
2010-08-09,-0.09095388650894165
2010-08-10,-0.08802174031734467
2010-08-11,-0.08803800493478775
2010-08-12,-0.10209755599498749
2010-08-13,-0.0978720486164093
2010-08-14,-0.08941420167684555
2010-08-15,-0.08840317279100418
2010-08-16,-0.09421154111623764
2010-08-17,-0.09676483273506165
2010-08-18,-0.10382837057113647
2010-08-19,-0.10712499171495438
2010-08-20,-0.13131359219551086
2010-08-21,-0.1409066766500473
2010-08-22,-0.13036797940731049
2010-08-23,-0.132672980427742
2010-08-24,-0.15760017931461334
2010-08-25,-0.16647614538669586
2010-08-26,-0.16174530982971191
2010-08-27,-0.20749878883361816
2010-08-28,-0.19870680570602417
2010-08-29,-0.18981201946735382
2010-08-30,-0.17848986387252808
2010-08-31,-0.1671520173549652
2010-09-01,-0.1471928507089615
2010-09-02,-0.14539361000061035
2010-09-03,-0.1348152905702591
2010-09-04,-0.1445559710264206
2010-09-05,-0.13478632271289825
2010-09-06,-0.13674570620059967
2010-09-07,-0.12427076697349548
2010-09-08,-0.09638427197933197
2010-09-09,-0.09659933298826218
2010-09-10,-0.09502068907022476
2010-09-11,-0.08458176255226135
2010-09-12,-0.08045558631420135
2010-09-13,-0.08812018483877182
2010-09-14,-0.08612532168626785
2010-09-15,-0.0787469744682312
2010-09-16,-0.08892412483692169
2010-09-17,-0.10286009311676025
2010-09-18,-0.10083430260419846
2010-09-19,-0.0955590233206749
2010-09-20,-0.0923847034573555
2010-09-21,-0.1040019690990448
2010-09-22,-0.1186775341629982
2010-09-23,-0.1183331161737442
2010-09-24,-0.1465366780757904
2010-09-25,-0.13149550557136536
2010-09-26,-0.13012775778770447
2010-09-27,-0.13540729880332947
2010-09-28,-0.13690783083438873
2010-09-29,-0.1425912231206894
2010-09-30,-0.1402295082807541
2010-10-01,-0.14815127849578857
2010-10-02,-0.12400170415639877
2010-10-03,-0.12365171313285828
2010-10-04,-0.12356111407279968
2010-10-05,-0.12217625975608826
2010-10-06,-0.09628681093454361
2010-10-07,-0.09946057200431824
2010-10-08,-0.10942427814006805
2010-10-09,-0.1402074694633484
2010-10-10,-0.11892241984605789
2010-10-11,-0.12270191311836243
2010-10-12,-0.12291277945041656
2010-10-13,-0.09716799110174179
2010-10-14,-0.11760565638542175
2010-10-15,-0.13844487071037292
2010-10-16,-0.15163961052894592
2010-10-17,-0.13606637716293335
2010-10-18,-0.13349390029907227
2010-10-19,-0.13206808269023895
2010-10-20,-0.13611678779125214
2010-10-21,-0.1452413946390152
2010-10-22,-0.1553029716014862
2010-10-23,-0.16930007934570312
2010-10-24,-0.1629660725593567
2010-10-25,-0.1554839164018631
2010-10-26,-0.16723021864891052
2010-10-27,-0.1621825397014618
2010-10-28,-0.16107778251171112
2010-10-29,-0.1550838053226471
2010-10-30,-0.14881223440170288
2010-10-31,-0.1406429558992386
2010-11-01,-0.14879848062992096
2010-11-02,-0.1349669098854065
2010-11-03,-0.13647153973579407
2010-11-04,-0.13040564954280853
2010-11-05,-0.12294702231884003
2010-11-06,-0.11955776810646057
2010-11-07,-0.11846443265676498
2010-11-08,-0.11898574978113174
2010-11-09,-0.1289251744747162
2010-11-10,-0.11477191001176834
2010-11-11,-0.10900582373142242
2010-11-12,-0.1114729642868042
2010-11-13,-0.09361103922128677
2010-11-14,-0.06875838339328766
2010-11-15,-0.05123169347643852
2010-11-16,-0.0582999549806118
2010-11-17,-0.07196782529354095
2010-11-18,-0.07561755925416946
2010-11-19,-0.09836746007204056
2010-11-20,-0.10608361661434174
2010-11-21,-0.08802616596221924
2010-11-22,-0.07160066068172455
2010-11-23,-0.06403522938489914
2010-11-24,-0.08252479881048203
2010-11-25,-0.09071102738380432
2010-11-26,-0.0906432718038559
2010-11-27,-0.09081847220659256
2010-11-28,-0.06363096833229065
2010-11-29,-0.05320945754647255
2010-11-30,-0.07458146661520004
2010-12-01,-0.07821034640073776
2010-12-02,-0.06556157767772675
2010-12-03,-0.07250113785266876
2010-12-04,-0.08058474212884903
2010-12-05,-0.09641459584236145
2010-12-06,-0.11701163649559021
2010-12-07,-0.11470472067594528
2010-12-08,-0.08786861598491669
2010-12-09,-0.08967854082584381
2010-12-10,-0.08571606129407883
2010-12-11,-0.0704207718372345
2010-12-12,-0.06564961373806
2010-12-13,-0.05302133783698082
2010-12-14,-0.05494385585188866
2010-12-15,-0.04318654164671898
2010-12-16,-0.041237082332372665
2010-12-17,-0.046474769711494446
2010-12-18,-0.043859828263521194
2010-12-19,-0.04387841746211052
2010-12-20,-0.028551539406180382
2010-12-21,-0.04514218121767044
2010-12-22,-0.06035887449979782
2010-12-23,-0.058359287679195404
2010-12-24,-0.04375448450446129
2010-12-25,-0.02944476529955864
2010-12-26,-0.022446364164352417
2010-12-27,-0.019894851371645927
2010-12-28,-0.024661963805556297
2010-12-29,-0.005310683511197567
2010-12-30,0.009550103917717934
2010-12-31,0.01281878724694252
2011-01-01,0.02167079783976078
2011-01-02,0.044461749494075775
2011-01-03,0.030581392347812653
2011-01-04,0.031755782663822174
2011-01-05,0.048592302948236465
2011-01-06,0.04683048650622368
2011-01-07,0.021287156268954277
2011-01-08,0.0020019100047647953
2011-01-09,0.003828726476058364
2011-01-10,0.007661987096071243
2011-01-11,-0.010518666356801987
2011-01-12,-0.015501960180699825
2011-01-13,-0.00480272714048624
2011-01-14,-0.01483592763543129
2011-01-15,-0.00517105869948864
2011-01-16,-0.0028777748811990023
2011-01-17,-0.013653392903506756
2011-01-18,-0.02016209252178669
2011-01-19,-0.023192239925265312
2011-01-20,-0.019779285416007042
2011-01-21,-0.02844635769724846
2011-01-22,-0.02773442491889
2011-01-23,-0.020335471257567406
2011-01-24,-0.0009236463229171932
2011-01-25,-0.0032253977842628956
2011-01-26,-0.004153062589466572
2011-01-27,-0.01028234139084816
2011-01-28,-0.02876117080450058
2011-01-29,-0.01149139367043972
2011-01-30,-0.00898579228669405
2011-01-31,-0.020194144919514656
2011-02-01,-0.011647866107523441
2011-02-02,0.009152260608971119
2011-02-03,0.009841007180511951
2011-02-04,0.011842867359519005
2011-02-05,-0.005850252695381641
2011-02-06,0.004482943564653397
2011-02-07,0.007419140078127384
2011-02-08,0.018740426748991013
2011-02-09,0.010762909427285194
2011-02-10,0.007006915286183357
2011-02-11,-0.010235927067697048
2011-02-12,-0.007880030199885368
2011-02-13,0.0024292152374982834
2011-02-14,-0.00397783238440752
2011-02-15,-0.00990238320082426
2011-02-16,-0.014791169203817844
2011-02-17,-0.023713527247309685
2011-02-18,-0.04575011134147644
2011-02-19,-0.04992089048027992
2011-02-20,-0.034386035054922104
2011-02-21,-0.04654791206121445
2011-02-22,-0.060691796243190765
2011-02-23,-0.055564358830451965
2011-02-24,-0.050136931240558624
2011-02-25,-0.05423711985349655
2011-02-26,-0.050339408218860626
2011-02-27,-0.048697952181100845
2011-02-28,-0.05735155567526817
2011-03-01,-0.0530654713511467
2011-03-02,-0.05935100466012955
2011-03-03,-0.06141340732574463
2011-03-04,-0.0630514919757843
2011-03-05,-0.06489536166191101
2011-03-06,-0.06111777201294899
2011-03-07,-0.06830977648496628
2011-03-08,-0.0796886682510376
2011-03-09,-0.077972911298275
2011-03-10,-0.0809115394949913
2011-03-11,-0.09546581655740738
2011-03-12,-0.10610951483249664
2011-03-13,-0.08950873464345932
2011-03-14,-0.08130611479282379
2011-03-15,-0.10777173191308975
2011-03-16,-0.12120164930820465
2011-03-17,-0.13790571689605713
2011-03-18,-0.13995185494422913
2011-03-19,-0.1422288566827774
2011-03-20,-0.1379278004169464
2011-03-21,-0.11496149003505707
2011-03-22,-0.12143935263156891
2011-03-23,-0.12829163670539856
2011-03-24,-0.12941397726535797
2011-03-25,-0.13840697705745697
2011-03-26,-0.135210782289505
2011-03-27,-0.12629392743110657
2011-03-28,-0.13518725335597992
2011-03-29,-0.14468534290790558
2011-03-30,-0.15714029967784882
2011-03-31,-0.14743155241012573
2011-04-01,-0.15882402658462524
2011-04-02,-0.14867731928825378
2011-04-03,-0.1335601806640625
2011-04-04,-0.1227518767118454
2011-04-05,-0.12060833722352982
2011-04-06,-0.12448285520076752
2011-04-07,-0.11175842583179474
2011-04-08,-0.11844880878925323
2011-04-09,-0.12794573605060577
2011-04-10,-0.1250440925359726
2011-04-11,-0.11603015661239624
2011-04-12,-0.1273336410522461
2011-04-13,-0.12872332334518433
2011-04-14,-0.1380002349615097
2011-04-15,-0.15267275273799896
2011-04-16,-0.1486547589302063
2011-04-17,-0.13869422674179077
2011-04-18,-0.14408530294895172
2011-04-19,-0.16179901361465454
2011-04-20,-0.15362176299095154
2011-04-21,-0.13863785564899445
2011-04-22,-0.13408441841602325
2011-04-23,-0.13971132040023804
2011-04-24,-0.10550351440906525
2011-04-25,-0.09950021654367447
2011-04-26,-0.09235534816980362
2011-04-27,-0.09212159365415573
2011-04-28,-0.08108355849981308
2011-04-29,-0.0791616439819336
2011-04-30,-0.06271769106388092
2011-05-01,-0.04517750442028046
2011-05-02,-0.02493773028254509
2011-05-03,-0.031260501593351364
2011-05-04,-0.045973826199769974
2011-05-05,-0.05597631260752678
2011-05-06,-0.08060925453901291
2011-05-07,-0.09597089886665344
2011-05-08,-0.08650050312280655
2011-05-09,-0.077219657599926
2011-05-10,-0.09061219543218613
2011-05-11,-0.08651146292686462
2011-05-12,-0.10240961611270905
2011-05-13,-0.09924931079149246
2011-05-14,-0.10020026564598083
2011-05-15,-0.12499739229679108
2011-05-16,-0.13684099912643433
2011-05-17,-0.1260637789964676
2011-05-18,-0.13405540585517883
2011-05-19,-0.14559876918792725
2011-05-20,-0.15901969373226166
2011-05-21,-0.17772944271564484
2011-05-22,-0.15983562171459198
2011-05-23,-0.17233386635780334
2011-05-24,-0.19732627272605896
2011-05-25,-0.20636114478111267
2011-05-26,-0.1911110281944275
2011-05-27,-0.20351220667362213
2011-05-28,-0.20599062740802765
2011-05-29,-0.18972305953502655
2011-05-30,-0.1909816414117813
2011-05-31,-0.1786406934261322
2011-06-01,-0.18451060354709625
2011-06-02,-0.18229006230831146
2011-06-03,-0.18754112720489502
2011-06-04,-0.19514410197734833
2011-06-05,-0.2090933471918106
2011-06-06,-0.2126617133617401
2011-06-07,-0.20698387920856476
2011-06-08,-0.2077569216489792
2011-06-09,-0.1956477016210556
2011-06-10,-0.20959842205047607
2011-06-11,-0.21834023296833038
2011-06-12,-0.21363422274589539
2011-06-13,-0.19228459894657135
2011-06-14,-0.20306462049484253
2011-06-15,-0.20553596317768097
2011-06-16,-0.22133250534534454
2011-06-17,-0.22480064630508423
2011-06-18,-0.2267945557832718
2011-06-19,-0.23232407867908478
2011-06-20,-0.2378622442483902
2011-06-21,-0.25514906644821167
2011-06-22,-0.25845128297805786
2011-06-23,-0.25637373328208923
2011-06-24,-0.26269927620887756
2011-06-25,-0.2536773681640625
2011-06-26,-0.24411432445049286
2011-06-27,-0.244400754570961
2011-06-28,-0.24134454131126404
2011-06-29,-0.24373790621757507
2011-06-30,-0.24356991052627563
2011-07-01,-0.2594054639339447
2011-07-02,-0.2589206099510193
2011-07-03,-0.25668421387672424
2011-07-04,-0.2766357362270355
2011-07-05,-0.28980395197868347
2011-07-06,-0.288607656955719
2011-07-07,-0.2949430048465729
2011-07-08,-0.2867615222930908
2011-07-09,-0.30143067240715027
2011-07-10,-0.28644171357154846
2011-07-11,-0.27762508392333984
2011-07-12,-0.2907204329967499
2011-07-13,-0.3001183867454529
2011-07-14,-0.3127170503139496
2011-07-15,-0.33733880519866943
2011-07-16,-0.34013476967811584
2011-07-17,-0.32635003328323364
2011-07-18,-0.34250321984291077
2011-07-19,-0.3806576728820801
2011-07-20,-0.36270251870155334
2011-07-21,-0.35545453429222107
2011-07-22,-0.3663831651210785
2011-07-23,-0.39080318808555603
2011-07-24,-0.3614451587200165
2011-07-25,-0.3806147873401642
2011-07-26,-0.40799590945243835
2011-07-27,-0.41524645686149597
2011-07-28,-0.42019546031951904
2011-07-29,-0.42872220277786255
2011-07-30,-0.44551485776901245
2011-07-31,-0.42858821153640747
2011-08-01,-0.42907363176345825
2011-08-02,-0.4322507381439209
2011-08-03,-0.442125529050827
2011-08-04,-0.4313507080078125
2011-08-05,-0.4397340714931488
2011-08-06,-0.4530159533023834
2011-08-07,-0.43657076358795166
2011-08-08,-0.465930312871933
2011-08-09,-0.4831784665584564
2011-08-10,-0.4711526930332184
2011-08-11,-0.4596629738807678
2011-08-12,-0.46607595682144165
2011-08-13,-0.4691855311393738
2011-08-14,-0.43267881870269775
2011-08-15,-0.410666286945343
2011-08-16,-0.40169113874435425
2011-08-17,-0.3882864713668823
2011-08-18,-0.37296438217163086
2011-08-19,-0.3739176392555237
2011-08-20,-0.3755967319011688
2011-08-21,-0.3472311794757843
2011-08-22,-0.33177149295806885
2011-08-23,-0.34363871812820435
2011-08-24,-0.3494442403316498
2011-08-25,-0.34861427545547485
2011-08-26,-0.34396302700042725
2011-08-27,-0.32789701223373413
2011-08-28,-0.300063818693161
2011-08-29,-0.28869813680648804
2011-08-30,-0.26364865899086
2011-08-31,-0.26725977659225464
2011-09-01,-0.27129557728767395
2011-09-02,-0.27658766508102417
2011-09-03,-0.30202576518058777
2011-09-04,-0.30047497153282166
2011-09-05,-0.2914188802242279
2011-09-06,-0.30750173330307007
2011-09-07,-0.30630815029144287
2011-09-08,-0.29405197501182556
2011-09-09,-0.28301307559013367
2011-09-10,-0.2926194667816162
2011-09-11,-0.27693524956703186
2011-09-12,-0.2767745554447174
2011-09-13,-0.2847050428390503
2011-09-14,-0.28494176268577576
2011-09-15,-0.3037741780281067
2011-09-16,-0.3194495737552643
2011-09-17,-0.3264644145965576
2011-09-18,-0.3097149729728699
2011-09-19,-0.3143399953842163
2011-09-20,-0.3059423267841339
2011-09-21,-0.31289559602737427
2011-09-22,-0.30956125259399414
2011-09-23,-0.32137244939804077
2011-09-24,-0.31843072175979614
2011-09-25,-0.3058186173439026
2011-09-26,-0.31502601504325867
2011-09-27,-0.31653347611427307
2011-09-28,-0.30206364393234253
2011-09-29,-0.293484628200531
2011-09-30,-0.2952031195163727
2011-10-01,-0.2966368496417999
2011-10-02,-0.2979924976825714
2011-10-03,-0.29423031210899353
2011-10-04,-0.28320810198783875
2011-10-05,-0.2835187315940857
2011-10-06,-0.2605205476284027
2011-10-07,-0.2601453959941864
2011-10-08,-0.2668132781982422
2011-10-09,-0.26261600852012634
2011-10-10,-0.27570781111717224
2011-10-11,-0.2670529782772064
2011-10-12,-0.24976181983947754
2011-10-13,-0.22992262244224548
2011-10-14,-0.2193758636713028
2011-10-15,-0.20216892659664154
2011-10-16,-0.17699888348579407
2011-10-17,-0.17125992476940155
2011-10-18,-0.17141419649124146
2011-10-19,-0.17047587037086487
2011-10-20,-0.16297075152397156
2011-10-21,-0.16088305413722992
2011-10-22,-0.16624130308628082
2011-10-23,-0.16088449954986572
2011-10-24,-0.15435397624969482
2011-10-25,-0.13866114616394043
2011-10-26,-0.1316269040107727
2011-10-27,-0.12683287262916565
2011-10-28,-0.13167470693588257
2011-10-29,-0.11573679745197296
2011-10-30,-0.08653626590967178
2011-10-31,-0.09354715794324875
2011-11-01,-0.10527107119560242
2011-11-02,-0.11598322540521622
2011-11-03,-0.11240562796592712
2011-11-04,-0.12326528131961823
2011-11-05,-0.14450329542160034
2011-11-06,-0.14216165244579315
2011-11-07,-0.15805473923683167
2011-11-08,-0.15155968070030212
2011-11-09,-0.16080926358699799
2011-11-10,-0.18738949298858643
2011-11-11,-0.192447230219841
2011-11-12,-0.19434037804603577
2011-11-13,-0.1695328950881958
2011-11-14,-0.16363978385925293
2011-11-15,-0.17419902980327606
2011-11-16,-0.15655943751335144
2011-11-17,-0.17060354351997375
2011-11-18,-0.1652766764163971
2011-11-19,-0.16888445615768433
2011-11-20,-0.17387664318084717
2011-11-21,-0.17696453630924225
2011-11-22,-0.20114505290985107
2011-11-23,-0.2024679332971573
2011-11-24,-0.21308816969394684
2011-11-25,-0.22451642155647278
2011-11-26,-0.22692032158374786
2011-11-27,-0.21266460418701172
2011-11-28,-0.2123960554599762
2011-11-29,-0.23272393643856049
2011-11-30,-0.23946237564086914
2011-12-01,-0.25186994671821594
2011-12-02,-0.2619872987270355
2011-12-03,-0.27757346630096436
2011-12-04,-0.26982104778289795
2011-12-05,-0.24867545068264008
2011-12-06,-0.2593304514884949
2011-12-07,-0.2648811638355255
2011-12-08,-0.2677135169506073
2011-12-09,-0.27827227115631104
2011-12-10,-0.2769929766654968
2011-12-11,-0.2721981406211853
2011-12-12,-0.28473255038261414
2011-12-13,-0.2904406785964966
2011-12-14,-0.29377982020378113
2011-12-15,-0.3114630877971649
2011-12-16,-0.30518007278442383
2011-12-17,-0.3188231289386749
2011-12-18,-0.320632666349411
2011-12-19,-0.2887466251850128
2011-12-20,-0.30321720242500305
2011-12-21,-0.30097681283950806
2011-12-22,-0.31011030077934265
2011-12-23,-0.32409238815307617
2011-12-24,-0.2912094295024872
2011-12-25,-0.2936014235019684
2011-12-26,-0.2973763346672058
2011-12-27,-0.30538180470466614
2011-12-28,-0.28999629616737366
2011-12-29,-0.29692378640174866
2011-12-30,-0.3141171336174011
2011-12-31,-0.3227451741695404
2012-01-01,-0.3001471161842346
2012-01-02,-0.2855806052684784
2012-01-03,-0.3101331889629364
2012-01-04,-0.2845574915409088
2012-01-05,-0.2657416760921478
2012-01-06,-0.2510335445404053
2012-01-07,-0.2546727657318115
2012-01-08,-0.23018275201320648
2012-01-09,-0.2057856321334839
2012-01-10,-0.20632724463939667
2012-01-11,-0.1908629685640335
2012-01-12,-0.1895608752965927
2012-01-13,-0.20541039109230042
2012-01-14,-0.24312368035316467
2012-01-15,-0.22010138630867004
2012-01-16,-0.21984678506851196
2012-01-17,-0.2176467478275299
2012-01-18,-0.2036498486995697
2012-01-19,-0.20042411983013153
2012-01-20,-0.18140600621700287
2012-01-21,-0.17401902377605438
2012-01-22,-0.17536631226539612
2012-01-23,-0.18438884615898132
2012-01-24,-0.16727802157402039
2012-01-25,-0.16233225166797638
2012-01-26,-0.14193174242973328
2012-01-27,-0.12884840369224548
2012-01-28,-0.10441073775291443
2012-01-29,-0.08605256676673889
2012-01-30,-0.08459362387657166
2012-01-31,-0.07103226333856583
2012-02-01,-0.075277179479599
2012-02-02,-0.07840871810913086
2012-02-03,-0.07979657500982285
2012-02-04,-0.06563746929168701
2012-02-05,-0.04594002291560173
2012-02-06,-0.03289862349629402
2012-02-07,-0.06303581595420837
2012-02-08,-0.0813901275396347
2012-02-09,-0.09432767331600189
2012-02-10,-0.11127077788114548
2012-02-11,-0.11792715638875961
2012-02-12,-0.10215392708778381
2012-02-13,-0.09173434227705002
2012-02-14,-0.09411758184432983
2012-02-15,-0.08974893391132355
2012-02-16,-0.09806973487138748
2012-02-17,-0.10492539405822754
2012-02-18,-0.10036398470401764
2012-02-19,-0.0871092826128006
2012-02-20,-0.09240454435348511
2012-02-21,-0.10153807699680328
2012-02-22,-0.09537103772163391
2012-02-23,-0.08252507448196411
2012-02-24,-0.0868263989686966
2012-02-25,-0.0889783427119255
2012-02-26,-0.07911918312311172
2012-02-27,-0.08629000931978226
2012-02-28,-0.0783548355102539
2012-02-29,-0.07942851632833481
2012-03-01,-0.08685482293367386
2012-03-02,-0.06561063975095749
2012-03-03,-0.06569648534059525
2012-03-04,-0.05117137357592583
2012-03-05,-0.030082853510975838
2012-03-06,-0.03373159095644951
2012-03-07,-0.034795988351106644
2012-03-08,-0.027630114927887917
2012-03-09,-0.03549356758594513
2012-03-10,-0.02174909971654415
2012-03-11,-0.018662020564079285
2012-03-12,-0.021719370037317276
2012-03-13,-0.037504322826862335
2012-03-14,-0.025219663977622986
2012-03-15,-0.008280284702777863
2012-03-16,-0.007733125705271959
2012-03-17,-0.0027345982380211353
2012-03-18,0.0026083807460963726
2012-03-19,0.008113807998597622
2012-03-20,0.0007217640522867441
2012-03-21,-0.007546259090304375
2012-03-22,-0.002527495613321662
2012-03-23,-0.0017959403339773417
2012-03-24,0.012033038772642612
2012-03-25,0.008708138950169086
2012-03-26,0.012054473161697388
2012-03-27,-0.006459434982389212
2012-03-28,-0.013695316389203072
2012-03-29,-0.003452547127380967
2012-03-30,-0.0032733536791056395
2012-03-31,0.0015337170334532857
2012-04-01,0.0055435034446418285
2012-04-02,0.017436837777495384
2012-04-03,0.0003810961788985878
2012-04-04,0.005756943486630917
2012-04-05,0.00452243210747838
2012-04-06,-0.008954891003668308
2012-04-07,-0.018290795385837555
2012-04-08,-0.014815817587077618
2012-04-09,-0.002712877234444022
2012-04-10,-0.0008785066893324256
2012-04-11,0.00616439851000905
2012-04-12,-0.020329978317022324
2012-04-13,-0.029080606997013092
2012-04-14,-0.031305260956287384
2012-04-15,-0.016788462176918983
2012-04-16,-0.004303083289414644
2012-04-17,0.005876896437257528
2012-04-18,0.01611364260315895
2012-04-19,0.026941746473312378
2012-04-20,0.0167243555188179
2012-04-21,0.009641073644161224
2012-04-22,0.002192797837778926
2012-04-23,0.0033302761148661375
2012-04-24,-0.01840154081583023
2012-04-25,-0.01137720886617899
2012-04-26,-0.0048958295956254005
2012-04-27,-0.0021918597631156445
2012-04-28,0.011732780374586582
2012-04-29,0.011979509145021439
2012-04-30,0.02244921773672104
2012-05-01,0.024652186781167984
2012-05-02,0.022866295650601387
2012-05-03,0.01296924240887165
2012-05-04,0.003293527290225029
2012-05-05,-0.02076573856174946
2012-05-06,-0.014648063108325005
2012-05-07,-0.0175054669380188
2012-05-08,-0.029129061847925186
2012-05-09,-0.054585836827754974
2012-05-10,-0.05486420914530754
2012-05-11,-0.07830458134412766
2012-05-12,-0.08358979970216751
2012-05-13,-0.10470716655254364
2012-05-14,-0.1354106217622757
2012-05-15,-0.17179898917675018
2012-05-16,-0.1753559112548828
2012-05-17,-0.18704240024089813
2012-05-18,-0.1934524029493332
2012-05-19,-0.215732604265213
2012-05-20,-0.23318740725517273
2012-05-21,-0.21692712604999542
2012-05-22,-0.200679749250412
2012-05-23,-0.19806185364723206
2012-05-24,-0.20582689344882965
2012-05-25,-0.20217621326446533
2012-05-26,-0.19122762978076935
2012-05-27,-0.18216602504253387
2012-05-28,-0.16352006793022156
2012-05-29,-0.17548522353172302
2012-05-30,-0.17567631602287292
2012-05-31,-0.17099815607070923
2012-06-01,-0.20128165185451508
2012-06-02,-0.23894773423671722
2012-06-03,-0.2420579493045807
2012-06-04,-0.26867014169692993
2012-06-05,-0.2714507579803467
2012-06-06,-0.26603779196739197
2012-06-07,-0.2580835223197937
2012-06-08,-0.2561904191970825
2012-06-09,-0.2495851069688797
2012-06-10,-0.24195235967636108
2012-06-11,-0.24535194039344788
2012-06-12,-0.24234618246555328
2012-06-13,-0.23783376812934875
2012-06-14,-0.24104133248329163
2012-06-15,-0.24241027235984802
2012-06-16,-0.24726442992687225
2012-06-17,-0.24390289187431335
2012-06-18,-0.2510022521018982
2012-06-19,-0.24809429049491882
2012-06-20,-0.23169691860675812
2012-06-21,-0.22822090983390808
2012-06-22,-0.23383744060993195
2012-06-23,-0.24183645844459534
2012-06-24,-0.21827663481235504
2012-06-25,-0.23039156198501587
2012-06-26,-0.23834533989429474
2012-06-27,-0.22072568535804749
2012-06-28,-0.21452687680721283
2012-06-29,-0.2019309550523758
2012-06-30,-0.20407439768314362
2012-07-01,-0.2015618085861206
2012-07-02,-0.21155701577663422
2012-07-03,-0.21989980340003967
2012-07-04,-0.20164455473423004
2012-07-05,-0.19896067678928375
2012-07-06,-0.19959960877895355
2012-07-07,-0.22417591512203217
2012-07-08,-0.20225739479064941
2012-07-09,-0.18909631669521332
2012-07-10,-0.18234896659851074
2012-07-11,-0.18872448801994324
2012-07-12,-0.2072232961654663
2012-07-13,-0.22688192129135132
2012-07-14,-0.22226987779140472
2012-07-15,-0.2207823544740677
2012-07-16,-0.2249331921339035
2012-07-17,-0.23537686467170715
2012-07-18,-0.25408583879470825
2012-07-19,-0.25127914547920227
2012-07-20,-0.24779129028320312
2012-07-21,-0.25664588809013367
2012-07-22,-0.23925085365772247
2012-07-23,-0.23195628821849823
2012-07-24,-0.25633296370506287
2012-07-25,-0.2581506669521332
2012-07-26,-0.27005672454833984
2012-07-27,-0.2691710591316223
2012-07-28,-0.3116743862628937
2012-07-29,-0.29266515374183655
2012-07-30,-0.29152360558509827
2012-07-31,-0.29304054379463196
2012-08-01,-0.2839464545249939
2012-08-02,-0.28610193729400635
2012-08-03,-0.2763282060623169
2012-08-04,-0.2809450924396515
2012-08-05,-0.2841707766056061
2012-08-06,-0.25065872073173523
2012-08-07,-0.23826763033866882
2012-08-08,-0.22923687100410461
2012-08-09,-0.2195824831724167
2012-08-10,-0.21673746407032013
2012-08-11,-0.19852949678897858
2012-08-12,-0.18440358340740204
2012-08-13,-0.17495740950107574
2012-08-14,-0.16422556340694427
2012-08-15,-0.16832232475280762
2012-08-16,-0.15125758945941925
2012-08-17,-0.13892294466495514
2012-08-18,-0.11660701036453247
2012-08-19,-0.09473223239183426
2012-08-20,-0.08760154247283936
2012-08-21,-0.10379783809185028
2012-08-22,-0.0966535434126854
2012-08-23,-0.10113504528999329
2012-08-24,-0.11938145756721497
2012-08-25,-0.1435098648071289
2012-08-26,-0.14682283997535706
2012-08-27,-0.13928936421871185
2012-08-28,-0.10773914307355881
2012-08-29,-0.09394410997629166
2012-08-30,-0.08020476996898651
2012-08-31,-0.05942673236131668
2012-09-01,-0.05658605694770813
2012-09-02,-0.06572455912828445
2012-09-03,-0.05500783398747444
2012-09-04,-0.052847519516944885
2012-09-05,-0.05756174772977829
2012-09-06,-0.06203586980700493
2012-09-07,-0.07612589746713638
2012-09-08,-0.09953846782445908
2012-09-09,-0.07716608792543411
2012-09-10,-0.07112444937229156
2012-09-11,-0.07767582684755325
2012-09-12,-0.07991545647382736
2012-09-13,-0.08276129513978958
2012-09-14,-0.0773523598909378
2012-09-15,-0.07287212461233139
2012-09-16,-0.055773694068193436
2012-09-17,-0.03984887897968292
2012-09-18,-0.056895237416028976
2012-09-19,-0.054774586111307144
2012-09-20,-0.05212043225765228
2012-09-21,-0.051076263189315796
2012-09-22,-0.033546511083841324
2012-09-23,-0.027124231681227684
2012-09-24,-0.008515930734574795
2012-09-25,0.001432949211448431
2012-09-26,0.024722062051296234
2012-09-27,0.018929803743958473
2012-09-28,0.013407371006906033
2012-09-29,0.008594942279160023
2012-09-30,0.011639518663287163
2012-10-01,0.0035648862831294537
2012-10-02,-0.013763046823441982
2012-10-03,-0.010117833502590656
2012-10-04,-0.006061122752726078
2012-10-05,0.002460191957652569
2012-10-06,-0.004087385255843401
2012-10-07,-0.00017805227253120393
2012-10-08,-0.009055431000888348
2012-10-09,-0.02223258838057518
2012-10-10,-0.03690356761217117
2012-10-11,-0.038020797073841095
2012-10-12,-0.03504945710301399
2012-10-13,-0.027110494673252106
2012-10-14,-0.020686473697423935
2012-10-15,0.004735747817903757
2012-10-16,0.03338693082332611
2012-10-17,0.03902203217148781
2012-10-18,0.03799126669764519
2012-10-19,0.028910303488373756
2012-10-20,0.02942476235330105
2012-10-21,0.02544531412422657
2012-10-22,0.04495396092534065
2012-10-23,0.03473478928208351
2012-10-24,0.006592748686671257
2012-10-25,0.01571553200483322
2012-10-26,0.007707103155553341
2012-10-27,0.0006696363561786711
2012-10-28,0.003641617251560092
2012-10-29,0.005833976436406374
2012-10-30,0.019485726952552795
2012-10-31,0.0178696196526289
2012-11-01,0.018185114488005638
2012-11-02,0.02175098843872547
2012-11-03,0.015393678098917007
2012-11-04,0.029479878023266792
2012-11-05,0.023175671696662903
2012-11-06,0.007233100477606058
2012-11-07,0.016674576327204704
2012-11-08,-0.002559009473770857
2012-11-09,-0.008722280152142048
2012-11-10,-0.00026073973276652396
2012-11-11,-0.006760598625987768
2012-11-12,-0.013075822964310646
2012-11-13,-0.014243394136428833
2012-11-14,-0.017139660194516182
2012-11-15,-0.03259424492716789
2012-11-16,-0.049552351236343384
2012-11-17,-0.03322003781795502
2012-11-18,-0.02191508747637272
2012-11-19,-0.007659536320716143
2012-11-20,0.005348379258066416
2012-11-21,-0.022831646725535393
2012-11-22,-0.03507859259843826
2012-11-23,-0.012977208942174911
2012-11-24,-0.00945037230849266
2012-11-25,0.007857750169932842
2012-11-26,0.021739287301898003
2012-11-27,0.030406588688492775
2012-11-28,0.0383971706032753
2012-11-29,0.03591227903962135
2012-11-30,0.022361190989613533
2012-12-01,0.025887982919812202
2012-12-02,0.02317560836672783
2012-12-03,0.027865827083587646
2012-12-04,0.028244322165846825
2012-12-05,0.024258559569716454
2012-12-06,0.02022860385477543
2012-12-07,0.00959891639649868
2012-12-08,-0.0020175576210021973
2012-12-09,0.0007219196413643658
2012-12-10,0.0061996313743293285
2012-12-11,0.008250417187809944
2012-12-12,0.009201779030263424
2012-12-13,0.013051515445113182
2012-12-14,0.016000783070921898
2012-12-15,0.019055288285017014
2012-12-16,0.017318814992904663
2012-12-17,0.027824340388178825
2012-12-18,0.018801148980855942
2012-12-19,0.0177253820002079
2012-12-20,0.010402193292975426
2012-12-21,0.010168032720685005
2012-12-22,0.00268068490549922
2012-12-23,-0.005962764378637075
2012-12-24,-0.03151223808526993
2012-12-25,-0.06690346449613571
2012-12-26,-0.05850275978446007
2012-12-27,-0.055135466158390045
2012-12-28,-0.06722370535135269
2012-12-29,-0.07385564595460892
2012-12-30,-0.0663120225071907
2012-12-31,-0.07622984051704407
2013-01-01,-0.07854138314723969
2013-01-02,-0.07862742990255356
2013-01-03,-0.07851970195770264
2013-01-04,-0.06459483504295349
2013-01-05,-0.05637747049331665
2013-01-06,-0.0451018400490284
2013-01-07,-0.05093858018517494
2013-01-08,-0.0672505721449852
2013-01-09,-0.0653989315032959
2013-01-10,-0.050092004239559174
2013-01-11,-0.05623789504170418
2013-01-12,-0.04514693096280098
2013-01-13,-0.04213539510965347
2013-01-14,-0.058293744921684265
2013-01-15,-0.09380435943603516
2013-01-16,-0.10880201309919357
2013-01-17,-0.11577213555574417
2013-01-18,-0.1241297572851181
2013-01-19,-0.13586628437042236
2013-01-20,-0.14250124990940094
2013-01-21,-0.11698853224515915
2013-01-22,-0.11758145689964294
2013-01-23,-0.1087842583656311
2013-01-24,-0.10787675529718399
2013-01-25,-0.09932276606559753
2013-01-26,-0.0758500024676323
2013-01-27,-0.060455434024333954
2013-01-28,-0.04139198362827301
2013-01-29,-0.03913336619734764
2013-01-30,-0.027553753927350044
2013-01-31,-0.03304333984851837
2013-02-01,-0.03953241929411888
2013-02-02,-0.0336773619055748
2013-02-03,-0.022462058812379837
2013-02-04,-0.008620702661573887
2013-02-05,-0.025668742135167122
2013-02-06,-0.042862460017204285
2013-02-07,-0.05252769961953163
2013-02-08,-0.04622665420174599
2013-02-09,-0.04488878697156906
2013-02-10,-0.017899876460433006
2013-02-11,-0.03853929042816162
2013-02-12,-0.043234292417764664
2013-02-13,-0.04203525185585022
2013-02-14,-0.03631291911005974
2013-02-15,-0.03321661800146103
2013-02-16,-0.024751827120780945
2013-02-17,-0.029021531343460083
2013-02-18,-0.0008671398973092437
2013-02-19,0.0038945639971643686
2013-02-20,-0.006159485783427954
2013-02-21,-0.02186383120715618
2013-02-22,-0.021010152995586395
2013-02-23,-0.03366208076477051
2013-02-24,-0.05474920943379402
2013-02-25,-0.06805554032325745
2013-02-26,-0.08719270676374435
2013-02-27,-0.08806011825799942
2013-02-28,-0.08891966938972473
2013-03-01,-0.08978897333145142
2013-03-02,-0.11268849670886993
2013-03-03,-0.11314155906438828
2013-03-04,-0.1153831034898758
2013-03-05,-0.11608654260635376
2013-03-06,-0.11289574950933456
2013-03-07,-0.10426747053861618
2013-03-08,-0.09383296966552734
2013-03-09,-0.0748642161488533
2013-03-10,-0.061685509979724884
2013-03-11,-0.06310833990573883
2013-03-12,-0.053655967116355896
2013-03-13,-0.048526111990213394
2013-03-14,-0.03205087408423424
2013-03-15,-0.04135007783770561
2013-03-16,-0.025815125554800034
2013-03-17,0.00032730866223573685
2013-03-18,0.0049743084236979485
2013-03-19,-0.004959280602633953
2013-03-20,-0.021751781925559044
2013-03-21,-0.035707395523786545
2013-03-22,-0.0301444660872221
2013-03-23,-0.0012517471332103014
2013-03-24,-0.010311119258403778
2013-03-25,-0.014078371226787567
2013-03-26,-0.020333508029580116
2013-03-27,-0.010631737299263477
2013-03-28,-0.0034625749103724957
2013-03-29,-0.0025693587958812714
2013-03-30,-0.013708094134926796
2013-03-31,-0.006502340082079172
2013-04-01,0.005329914391040802
2013-04-02,-0.009669139981269836
2013-04-03,0.004490276798605919
2013-04-04,-0.011047286912798882
2013-04-05,-0.01742725819349289
2013-04-06,-0.027423439547419548
2013-04-07,-0.016949554905295372
2013-04-08,-0.02111373282968998
2013-04-09,-0.015882767736911774
2013-04-10,-0.02478930912911892
2013-04-11,-0.020180195569992065
2013-04-12,-0.015031177550554276
2013-04-13,-0.017572777345776558
2013-04-14,0.00038096244679763913
2013-04-15,0.0043710567988455296
2013-04-16,0.015590928494930267
2013-04-17,0.019571496173739433
2013-04-18,0.0018257845658808947
2013-04-19,0.009898455813527107
2013-04-20,0.0015984817873686552
2013-04-21,0.016983861103653908
2013-04-22,0.0324816070497036
2013-04-23,0.028404533863067627
2013-04-24,0.022842509672045708
2013-04-25,0.0481906495988369
2013-04-26,0.05285397917032242
2013-04-27,0.04487377032637596
2013-04-28,0.04207052290439606
2013-04-29,0.030873987823724747
2013-04-30,0.03440422937273979
2013-05-01,0.04325806349515915
2013-05-02,0.04429192841053009
2013-05-03,0.04356984421610832
2013-05-04,0.045002736151218414
2013-05-05,0.054744116961956024
2013-05-06,0.045131854712963104
2013-05-07,0.04682689532637596
2013-05-08,0.037812285125255585
2013-05-09,0.037706758826971054
2013-05-10,0.02963232807815075
2013-05-11,0.017967477440834045
2013-05-12,0.012739370577037334
2013-05-13,0.0059819770976901054
2013-05-14,-0.0018926900811493397
2013-05-15,-0.016398729756474495
2013-05-16,-0.023139426484704018
2013-05-17,-0.02642860636115074
2013-05-18,-0.017791051417589188
2013-05-19,-0.020854314789175987
2013-05-20,-0.034224484115839005
2013-05-21,-0.02841605804860592
2013-05-22,-0.019876785576343536
2013-05-23,-0.018796784803271294
2013-05-24,-0.021312188357114792
2013-05-25,-0.026331966742873192
2013-05-26,-0.010638609528541565
2013-05-27,0.0015235021710395813
2013-05-28,0.02235405333340168
2013-05-29,0.03751099109649658
2013-05-30,0.045555662363767624
2013-05-31,0.05376017093658447
2013-06-01,0.04743931069970131
2013-06-02,0.047403331845998764
2013-06-03,0.03606801480054855
2013-06-04,0.04187440872192383
2013-06-05,0.04957388713955879
2013-06-06,0.04122012108564377
2013-06-07,0.03992509841918945
2013-06-08,0.05220877751708031
2013-06-09,0.0595758780837059
2013-06-10,0.06881102919578552
2013-06-11,0.06628506630659103
2013-06-12,0.0516192764043808
2013-06-13,0.03242426738142967
2013-06-14,0.0507737435400486
2013-06-15,0.048227906227111816
2013-06-16,0.05117429792881012
2013-06-17,0.0609486885368824
2013-06-18,0.0639498308300972
2013-06-19,0.0656438022851944
2013-06-20,0.07051794230937958
2013-06-21,0.06380141526460648
2013-06-22,0.05694225803017616
2013-06-23,0.06701719015836716
2013-06-24,0.07033170759677887
2013-06-25,0.06279255449771881
2013-06-26,0.07973063737154007
2013-06-27,0.08240179717540741
2013-06-28,0.08380430191755295
2013-06-29,0.08398549258708954
2013-06-30,0.095980204641819
2013-07-01,0.09763912111520767
2013-07-02,0.10013215988874435
2013-07-03,0.10460831224918365
2013-07-04,0.09445371478796005
2013-07-05,0.11176028102636337
2013-07-06,0.12970420718193054
2013-07-07,0.16463325917720795
2013-07-08,0.18980436027050018
2013-07-09,0.17323844134807587
2013-07-10,0.14972816407680511
2013-07-11,0.14380258321762085
2013-07-12,0.1384529322385788
2013-07-13,0.14510002732276917
2013-07-14,0.124016173183918
2013-07-15,0.13407211005687714
2013-07-16,0.14799849689006805
2013-07-17,0.15749748051166534
2013-07-18,0.14697544276714325
2013-07-19,0.12026867270469666
2013-07-20,0.10608994215726852
2013-07-21,0.09797289967536926
2013-07-22,0.08950932323932648
2013-07-23,0.0799921378493309
2013-07-24,0.08412785083055496
2013-07-25,0.10707107931375504
2013-07-26,0.09595236927270889
2013-07-27,0.10807052254676819
2013-07-28,0.09260278195142746
2013-07-29,0.08697345852851868
2013-07-30,0.07638756185770035
2013-07-31,0.08756091445684433
2013-08-01,0.09320475161075592
2013-08-02,0.08437768369913101
2013-08-03,0.06907332688570023
2013-08-04,0.0765666589140892
2013-08-05,0.06741775572299957
2013-08-06,0.057513922452926636
2013-08-07,0.04634982347488403
2013-08-08,0.0550290048122406
2013-08-09,0.05252430588006973
2013-08-10,0.05284436047077179
2013-08-11,0.05490687116980553
2013-08-12,0.06134609878063202
2013-08-13,0.053188975900411606
2013-08-14,0.05932867154479027
2013-08-15,0.049433350563049316
2013-08-16,0.050614193081855774
2013-08-17,0.051434341818094254
2013-08-18,0.06314787268638611
2013-08-19,0.07270967960357666
2013-08-20,0.05501987412571907
2013-08-21,0.053946688771247864
2013-08-22,0.050624825060367584
2013-08-23,0.06658902764320374
2013-08-24,0.06364645808935165
2013-08-25,0.05892445147037506
2013-08-26,0.05441546067595482
2013-08-27,0.05792481452226639
2013-08-28,0.05903233215212822
2013-08-29,0.05521729961037636
2013-08-30,0.05980228632688522
2013-08-31,0.06757424026727676
2013-09-01,0.08304254710674286
2013-09-02,0.07601035386323929
2013-09-03,0.08352046459913254
2013-09-04,0.0906272754073143
2013-09-05,0.11161614209413528
2013-09-06,0.10966188460588455
2013-09-07,0.09878668189048767
2013-09-08,0.0949656069278717
2013-09-09,0.08802978694438934
2013-09-10,0.06295046210289001
2013-09-11,0.047087978571653366
2013-09-12,0.032995082437992096
2013-09-13,0.023429159075021744
2013-09-14,0.014957236126065254
2013-09-15,0.016080334782600403
2013-09-16,0.013789253309369087
2013-09-17,-0.00456718634814024
2013-09-18,-0.004259025678038597
2013-09-19,-0.011629132553935051
2013-09-20,-0.010538375005126
2013-09-21,-0.018826929852366447
2013-09-22,-0.03674392029643059
2013-09-23,-0.05802501365542412
2013-09-24,-0.06433959305286407
2013-09-25,-0.0709686353802681
2013-09-26,-0.08354740589857101
2013-09-27,-0.09292055666446686
2013-09-28,-0.08611142635345459
2013-09-29,-0.08331086486577988
2013-09-30,-0.10333158075809479
2013-10-01,-0.12107527256011963
2013-10-02,-0.13407865166664124
2013-10-03,-0.16120301187038422
2013-10-04,-0.19136567413806915
2013-10-05,-0.20925816893577576
2013-10-06,-0.20699550211429596
2013-10-07,-0.22424699366092682
2013-10-08,-0.23595090210437775
2013-10-09,-0.2500717341899872
2013-10-10,-0.24327853322029114
2013-10-11,-0.2452964335680008
2013-10-12,-0.24594426155090332
2013-10-13,-0.23153553903102875
2013-10-14,-0.24730563163757324
2013-10-15,-0.2551654577255249
2013-10-16,-0.2749783992767334
2013-10-17,-0.26837408542633057
2013-10-18,-0.27418002486228943
2013-10-19,-0.2896985113620758
2013-10-20,-0.2703644335269928
2013-10-21,-0.27723419666290283
2013-10-22,-0.27951112389564514
2013-10-23,-0.2932218611240387
2013-10-24,-0.3087039887905121
2013-10-25,-0.29495754837989807
2013-10-26,-0.28102922439575195
2013-10-27,-0.26891839504241943
2013-10-28,-0.2614849805831909
2013-10-29,-0.25353503227233887
2013-10-30,-0.2431180775165558
2013-10-31,-0.24123165011405945
2013-11-01,-0.25127658247947693
2013-11-02,-0.21464213728904724
2013-11-03,-0.20345279574394226
2013-11-04,-0.183456689119339
2013-11-05,-0.17550455033779144
2013-11-06,-0.16038291156291962
2013-11-07,-0.16157637536525726
2013-11-08,-0.15831010043621063
2013-11-09,-0.1392074078321457
2013-11-10,-0.13088007271289825
2013-11-11,-0.11370855569839478
2013-11-12,-0.0936889722943306
2013-11-13,-0.0854543074965477
2013-11-14,-0.09192341566085815
2013-11-15,-0.08202890306711197
2013-11-16,-0.06602886319160461
2013-11-17,-0.039056118577718735
2013-11-18,-0.036528442054986954
2013-11-19,-0.03339221328496933
2013-11-20,-0.02700391411781311
2013-11-21,-0.02283964678645134
2013-11-22,-0.011465541087090969
2013-11-23,-0.009483052417635918
2013-11-24,0.003517234232276678
2013-11-25,0.02707507088780403
2013-11-26,0.029194023460149765
2013-11-27,0.034857869148254395
2013-11-28,0.031744614243507385
2013-11-29,0.041931383311748505
2013-11-30,0.061364416033029556
2013-12-01,0.07393646240234375
2013-12-02,0.08525066077709198
2013-12-03,0.07622110098600388
2013-12-04,0.06157182902097702
2013-12-05,0.06831972301006317
2013-12-06,0.06780736148357391
2013-12-07,0.08518075942993164
2013-12-08,0.09404187649488449
2013-12-09,0.09358580410480499
2013-12-10,0.10163970291614532
2013-12-11,0.10685557126998901
2013-12-12,0.11169718205928802
2013-12-13,0.09228344261646271
2013-12-14,0.08103558421134949
2013-12-15,0.07170343399047852
2013-12-16,0.0846233069896698
2013-12-17,0.09009692817926407
2013-12-18,0.09382401406764984
2013-12-19,0.094073586165905
2013-12-20,0.09385881572961807
2013-12-21,0.09563065320253372
2013-12-22,0.10160112380981445
2013-12-23,0.1300593763589859
2013-12-24,0.16572991013526917
2013-12-25,0.15730883181095123
2013-12-26,0.1622939109802246
2013-12-27,0.1622001677751541
2013-12-28,0.15316994488239288
2013-12-29,0.15894170105457306
2013-12-30,0.1754966378211975
2013-12-31,0.16525183618068695
2014-01-01,0.17377854883670807
2014-01-02,0.16992852091789246
2014-01-03,0.17375023663043976
2014-01-04,0.18515785038471222
2014-01-05,0.18064002692699432
2014-01-06,0.18736790120601654
2014-01-07,0.18444836139678955
2014-01-08,0.17391552031040192
2014-01-09,0.16822849214076996
2014-01-10,0.1545046716928482
2014-01-11,0.14049451053142548
2014-01-12,0.14015087485313416
2014-01-13,0.14624756574630737
2014-01-14,0.13800442218780518
2014-01-15,0.12723278999328613
2014-01-16,0.11736319214105606
2014-01-17,0.11200855672359467
2014-01-18,0.11212605983018875
2014-01-19,0.11999247223138809
2014-01-20,0.12489239126443863
2014-01-21,0.12863995134830475
2014-01-22,0.11875119060277939
2014-01-23,0.12036564201116562
2014-01-24,0.11114462465047836
2014-01-25,0.10189031809568405
2014-01-26,0.10713198781013489
2014-01-27,0.10634566098451614
2014-01-28,0.11416490375995636
2014-01-29,0.12401153147220612
2014-01-30,0.12992727756500244
2014-01-31,0.13775674998760223
2014-02-01,0.1477167159318924
2014-02-02,0.15416167676448822
2014-02-03,0.15016978979110718
2014-02-04,0.14075933396816254
2014-02-05,0.13827261328697205
2014-02-06,0.1445968896150589
2014-02-07,0.1308569312095642
2014-02-08,0.12239932268857956
2014-02-09,0.13017608225345612
2014-02-10,0.13227927684783936
2014-02-11,0.12390732765197754
2014-02-12,0.12280073761940002
2014-02-13,0.1021151915192604
2014-02-14,0.07332059741020203
2014-02-15,0.06063714623451233
2014-02-16,0.09195167571306229
2014-02-17,0.10349038243293762
2014-02-18,0.09454333782196045
2014-02-19,0.08590033650398254
2014-02-20,0.07644768804311752
2014-02-21,0.06823663413524628
2014-02-22,0.05677930638194084
2014-02-23,0.06306741386651993
2014-02-24,0.0423852801322937
2014-02-25,0.045869436115026474
2014-02-26,0.05980079621076584
2014-02-27,0.06376521289348602
2014-02-28,0.06263300031423569
2014-03-01,0.06647112220525742
2014-03-02,0.07367359101772308
2014-03-03,0.08027569949626923
2014-03-04,0.07527432590723038
2014-03-05,0.07716883718967438
2014-03-06,0.07796293497085571
2014-03-07,0.08150310814380646
2014-03-08,0.08661085367202759
2014-03-09,0.09019497036933899
2014-03-10,0.0761360302567482
2014-03-11,0.07820913195610046
2014-03-12,0.07264314591884613
2014-03-13,0.06992947310209274
2014-03-14,0.06263446807861328
2014-03-15,0.04808129370212555
2014-03-16,0.06044571474194527
2014-03-17,0.07187890261411667
2014-03-18,0.05782734975218773
2014-03-19,0.04218539968132973
2014-03-20,0.03790293261408806
2014-03-21,0.02625199966132641
2014-03-22,0.025787267833948135
2014-03-23,0.03841494768857956
2014-03-24,0.036631543189287186
2014-03-25,0.03468523547053337
2014-03-26,0.04638470336794853
2014-03-27,0.06319480389356613
2014-03-28,0.06390179693698883
2014-03-29,0.07724735885858536
2014-03-30,0.057538121938705444
2014-03-31,0.07856884598731995
2014-04-01,0.08225204795598984
2014-04-02,0.09491642564535141
2014-04-03,0.08893309533596039
2014-04-04,0.08854459971189499
2014-04-05,0.09618201851844788
2014-04-06,0.11163094639778137
2014-04-07,0.115529365837574
2014-04-08,0.1124216765165329
2014-04-09,0.09533994644880295
2014-04-10,0.09511075168848038
2014-04-11,0.07105746865272522
2014-04-12,0.08297865092754364
2014-04-13,0.09465089440345764
2014-04-14,0.08809957653284073
2014-04-15,0.07834504544734955
2014-04-16,0.08811123669147491
2014-04-17,0.08938820660114288
2014-04-18,0.10104680806398392
2014-04-19,0.1126740500330925
2014-04-20,0.09505392611026764
2014-04-21,0.07124156504869461
2014-04-22,0.07369192689657211
2014-04-23,0.06849481910467148
2014-04-24,0.06718224287033081
2014-04-25,0.06334464251995087
2014-04-26,0.0568602979183197
2014-04-27,0.05081140622496605
2014-04-28,0.03476546332240105
2014-04-29,0.017844047397375107
2014-04-30,0.01966683752834797
2014-05-01,0.021730538457632065
2014-05-02,0.024935688823461533
2014-05-03,0.01804002746939659
2014-05-04,0.035179637372493744
2014-05-05,0.03990473225712776
2014-05-06,0.04485591873526573
2014-05-07,0.055867474526166916
2014-05-08,0.06446948647499084
2014-05-09,0.05157828703522682
2014-05-10,0.06758294999599457
2014-05-11,0.09486057609319687
2014-05-12,0.07714376598596573
2014-05-13,0.07424481958150864
2014-05-14,0.06399866938591003
2014-05-15,0.06411853432655334
2014-05-16,0.03992260992527008
2014-05-17,0.04600739851593971
2014-05-18,0.04644889757037163
2014-05-19,0.02916141226887703
2014-05-20,0.018812350928783417
2014-05-21,0.01384586188942194
2014-05-22,0.020504899322986603
2014-05-23,0.007063416298478842
2014-05-24,0.0016676133964210749
2014-05-25,0.008418082259595394
2014-05-26,0.007965491153299809
2014-05-27,-0.0011777197942137718
2014-05-28,-0.008337615989148617
2014-05-29,-0.009526110254228115
2014-05-30,-0.018765626475214958
2014-05-31,-0.021700777113437653
2014-06-01,-0.011652041226625443
2014-06-02,0.006142767146229744
2014-06-03,0.016337472945451736
2014-06-04,0.016316073015332222
2014-06-05,0.03377540782094002
2014-06-06,0.040529631078243256
2014-06-07,0.05555995553731918
2014-06-08,0.07767283916473389
2014-06-09,0.07679924368858337
2014-06-10,0.07283861190080643
2014-06-11,0.07717782258987427
2014-06-12,0.0733301118016243
2014-06-13,0.09213878959417343
2014-06-14,0.07152258604764938
2014-06-15,0.06091417744755745
2014-06-16,0.062386855483055115
2014-06-17,0.04968685284256935
2014-06-18,0.048912353813648224
2014-06-19,0.0513908825814724
2014-06-20,0.05438069626688957
2014-06-21,0.05236910283565521
2014-06-22,0.07689076662063599
2014-06-23,0.0797184482216835
2014-06-24,0.08904087543487549
2014-06-25,0.08071278780698776
2014-06-26,0.06690523028373718
2014-06-27,0.07804939895868301
2014-06-28,0.0641416534781456
2014-06-29,0.061530012637376785
2014-06-30,0.05338446423411369
2014-07-01,0.02485685609281063
2014-07-02,0.03243894875049591
2014-07-03,0.030242379754781723
2014-07-04,0.046990010887384415
2014-07-05,0.05631740018725395
2014-07-06,0.05471523478627205
2014-07-07,0.053831394761800766
2014-07-08,0.03744405135512352
2014-07-09,0.03649849817156792
2014-07-10,0.036208271980285645
2014-07-11,0.014375359751284122
2014-07-12,-0.01190824992954731
2014-07-13,0.015379567630589008
2014-07-14,0.00723642110824585
2014-07-15,0.02130487561225891
2014-07-16,0.029796993359923363
2014-07-17,0.03320809081196785
2014-07-18,0.013944491744041443
2014-07-19,0.023107271641492844
2014-07-20,0.025391707196831703
2014-07-21,0.02052948996424675
2014-07-22,0.012446620501577854
2014-07-23,0.019260402768850327
2014-07-24,0.03319853916764259
2014-07-25,0.04445570334792137
2014-07-26,0.028659790754318237
2014-07-27,0.011725049465894699
2014-07-28,0.011209811083972454
2014-07-29,0.0068859257735311985
2014-07-30,0.012098809704184532
2014-07-31,0.017391080036759377
2014-08-01,0.021749675273895264
2014-08-02,0.039304617792367935
2014-08-03,0.05415474995970726
2014-08-04,0.06244590878486633
2014-08-05,0.062156740576028824
2014-08-06,0.05210370570421219
2014-08-07,0.02488633245229721
2014-08-08,0.010983312502503395
2014-08-09,0.0009969909442588687
2014-08-10,-0.0015688844723626971
2014-08-11,0.018352145329117775
2014-08-12,0.017373912036418915
2014-08-13,0.011120234616100788
2014-08-14,0.013578321784734726
2014-08-15,0.005385546945035458
2014-08-16,0.016298584640026093
2014-08-17,0.028354590758681297
2014-08-18,0.031350117176771164
2014-08-19,0.023717282339930534
2014-08-20,0.03212042525410652
2014-08-21,0.027652055025100708
2014-08-22,0.036882199347019196
2014-08-23,0.031873803585767746
2014-08-24,0.05047367885708809
2014-08-25,0.05722475424408913
2014-08-26,0.07226704806089401
2014-08-27,0.07987768203020096
2014-08-28,0.08736857026815414
2014-08-29,0.08518790453672409
2014-08-30,0.0898747444152832
2014-08-31,0.0897752046585083
2014-09-01,0.07190046459436417
2014-09-02,0.07269620895385742
2014-09-03,0.07075201719999313
2014-09-04,0.07375257462263107
2014-09-05,0.08382821828126907
2014-09-06,0.07937023788690567
2014-09-07,0.08759862929582596
2014-09-08,0.08015092462301254
2014-09-09,0.09104499965906143
2014-09-10,0.08078616857528687
2014-09-11,0.08521074801683426
2014-09-12,0.08166094869375229
2014-09-13,0.09925147891044617
2014-09-14,0.10135669261217117
2014-09-15,0.11799732595682144
2014-09-16,0.10118748247623444
2014-09-17,0.09429992735385895
2014-09-18,0.10596679896116257
2014-09-19,0.10739806294441223
2014-09-20,0.09418033063411713
2014-09-21,0.10908450186252594
2014-09-22,0.11014664173126221
2014-09-23,0.11260204762220383
2014-09-24,0.1126832589507103
2014-09-25,0.10559932142496109
2014-09-26,0.09503354132175446
2014-09-27,0.12823550403118134
2014-09-28,0.12517493963241577
2014-09-29,0.11940377950668335
2014-09-30,0.11685846745967865
2014-10-01,0.10623983293771744
2014-10-02,0.10671990364789963
2014-10-03,0.11162573099136353
2014-10-04,0.12169881165027618
2014-10-05,0.1442696452140808
2014-10-06,0.153721883893013
2014-10-07,0.13997597992420197
2014-10-08,0.13020721077919006
2014-10-09,0.1391303837299347
2014-10-10,0.1262773722410202
2014-10-11,0.1069398894906044
2014-10-12,0.11032260209321976
2014-10-13,0.08926740288734436
2014-10-14,0.07115241140127182
2014-10-15,0.05960431694984436
2014-10-16,0.025039998814463615
2014-10-17,0.01734727807343006
2014-10-18,0.0315915010869503
2014-10-19,0.03765002638101578
2014-10-20,0.02057049795985222
2014-10-21,0.01612118072807789
2014-10-22,0.004372162278741598
2014-10-23,0.021580656990408897
2014-10-24,0.019794143736362457
2014-10-25,0.029621362686157227
2014-10-26,0.04162595421075821
2014-10-27,0.011605236679315567
2014-10-28,0.0192978847771883
2014-10-29,0.043150246143341064
2014-10-30,0.04509454593062401
2014-10-31,0.05256514996290207
2014-11-01,0.054481543600559235
2014-11-02,0.07463262975215912
2014-11-03,0.06351225078105927
2014-11-04,0.09084431827068329
2014-11-05,0.08708280324935913
2014-11-06,0.09310910105705261
2014-11-07,0.11138217151165009
2014-11-08,0.12320578098297119
2014-11-09,0.12962588667869568
2014-11-10,0.13899262249469757
2014-11-11,0.1351122111082077
2014-11-12,0.13904926180839539
2014-11-13,0.14021363854408264
2014-11-14,0.12704214453697205
2014-11-15,0.15484599769115448
2014-11-16,0.17527520656585693
2014-11-17,0.16674964129924774
2014-11-18,0.1406448483467102
2014-11-19,0.15960167348384857
2014-11-20,0.1592656821012497
2014-11-21,0.1647661328315735
2014-11-22,0.1667112559080124
2014-11-23,0.15730057656764984
2014-11-24,0.17191888391971588
2014-11-25,0.16326212882995605
2014-11-26,0.1710495799779892
2014-11-27,0.17278419435024261
2014-11-28,0.16857826709747314
2014-11-29,0.15477414429187775
2014-11-30,0.1890897899866104
2014-12-01,0.19151662290096283
2014-12-02,0.17953668534755707
2014-12-03,0.18348409235477448
2014-12-04,0.17385129630565643
2014-12-05,0.18514089286327362
2014-12-06,0.20143792033195496
2014-12-07,0.20463073253631592
2014-12-08,0.21654440462589264
2014-12-09,0.22143933176994324
2014-12-10,0.21527127921581268
2014-12-11,0.21194469928741455
2014-12-12,0.19120360910892487
2014-12-13,0.22398369014263153
2014-12-14,0.23314735293388367
2014-12-15,0.21751941740512848
2014-12-16,0.208892822265625
2014-12-17,0.1907486766576767
2014-12-18,0.19559475779533386
2014-12-19,0.19924016296863556
2014-12-20,0.2056547999382019
2014-12-21,0.19459585845470428
2014-12-22,0.16433753073215485
2014-12-23,0.18935143947601318
2014-12-24,0.22374647855758667
2014-12-25,0.22550639510154724
2014-12-26,0.243251770734787
2014-12-27,0.23689424991607666
2014-12-28,0.23817439377307892
2014-12-29,0.24811184406280518
2014-12-30,0.2369483858346939
2014-12-31,0.23768159747123718
2015-01-01,0.24218177795410156
2015-01-02,0.23332053422927856
2015-01-03,0.2302698940038681
2015-01-04,0.22191883623600006
2015-01-05,0.20354712009429932
2015-01-06,0.22014248371124268
2015-01-07,0.23391883075237274
2015-01-08,0.22754795849323273
2015-01-09,0.23140650987625122
2015-01-10,0.23634059727191925
2015-01-11,0.23862193524837494
2015-01-12,0.24092668294906616
2015-01-13,0.23569487035274506
2015-01-14,0.2225196808576584
2015-01-15,0.2144661396741867
2015-01-16,0.18796387314796448
2015-01-17,0.17981576919555664
2015-01-18,0.19294199347496033
2015-01-19,0.20402255654335022
2015-01-20,0.20810450613498688
2015-01-21,0.22085949778556824
2015-01-22,0.21698999404907227
2015-01-23,0.2050117403268814
2015-01-24,0.2122628092765808
2015-01-25,0.2117697298526764
2015-01-26,0.1986982226371765
2015-01-27,0.19726309180259705
2015-01-28,0.19216136634349823
2015-01-29,0.1901686191558838
2015-01-30,0.19567491114139557
2015-01-31,0.20882153511047363
2015-02-01,0.22077389061450958
2015-02-02,0.2183844894170761
2015-02-03,0.20504426956176758
2015-02-04,0.19443030655384064
2015-02-05,0.20577266812324524
2015-02-06,0.20515096187591553
2015-02-07,0.22219710052013397
2015-02-08,0.21201978623867035
2015-02-09,0.18846671283245087
2015-02-10,0.18335434794425964
2015-02-11,0.17562730610370636
2015-02-12,0.17396292090415955
2015-02-13,0.17874717712402344
2015-02-14,0.17374587059020996
2015-02-15,0.17133568227291107
2015-02-16,0.16574521362781525
2015-02-17,0.14792200922966003
2015-02-18,0.1377406120300293
2015-02-19,0.11187685281038284
2015-02-20,0.10587508231401443
2015-02-21,0.06941454112529755
2015-02-22,0.08868759125471115
2015-02-23,0.09536859393119812
2015-02-24,0.08609399199485779
2015-02-25,0.10004650056362152
2015-02-26,0.12112654000520706
2015-02-27,0.130380779504776
2015-02-28,0.14438308775424957
2015-03-01,0.1299530267715454
2015-03-02,0.13129961490631104
2015-03-03,0.12863567471504211
2015-03-04,0.13245800137519836
2015-03-05,0.12720249593257904
2015-03-06,0.12110348790884018
2015-03-07,0.13848815858364105
2015-03-08,0.1476568728685379
2015-03-09,0.14400404691696167
2015-03-10,0.1380225121974945
2015-03-11,0.12949731945991516
2015-03-12,0.12458594888448715
2015-03-13,0.10936736315488815
2015-03-14,0.10431433469057083
2015-03-15,0.11961667984724045
2015-03-16,0.12896084785461426
2015-03-17,0.12426534295082092
2015-03-18,0.12630993127822876
2015-03-19,0.13776053488254547
2015-03-20,0.12669546902179718
2015-03-21,0.12502288818359375
2015-03-22,0.13157925009727478
2015-03-23,0.13442353904247284
2015-03-24,0.13670197129249573
2015-03-25,0.1380952149629593
2015-03-26,0.1335575133562088
2015-03-27,0.13928940892219543
2015-03-28,0.1462831348180771
2015-03-29,0.16117499768733978
2015-03-30,0.1637270599603653
2015-03-31,0.1603105366230011
2015-04-01,0.17023123800754547
2015-04-02,0.17632973194122314
2015-04-03,0.17356164753437042
2015-04-04,0.17006878554821014
2015-04-05,0.17433394491672516
2015-04-06,0.16252197325229645
2015-04-07,0.1738341599702835
2015-04-08,0.18339358270168304
2015-04-09,0.19165413081645966
2015-04-10,0.17159831523895264
2015-04-11,0.1606830656528473
2015-04-12,0.1575380265712738
2015-04-13,0.1383771300315857
2015-04-14,0.14202828705310822
2015-04-15,0.1445988118648529
2015-04-16,0.13617409765720367
2015-04-17,0.12865692377090454
2015-04-18,0.11482806503772736
2015-04-19,0.13190017640590668
2015-04-20,0.1320318579673767
2015-04-21,0.13181069493293762
2015-04-22,0.12620647251605988
2015-04-23,0.11581484228372574
2015-04-24,0.10253284126520157
2015-04-25,0.1094912737607956
2015-04-26,0.11960262805223465
2015-04-27,0.1283922791481018
2015-04-28,0.14313769340515137
2015-04-29,0.14619290828704834
2015-04-30,0.14751063287258148
2015-05-01,0.15552553534507751
2015-05-02,0.16812258958816528
2015-05-03,0.17055779695510864
2015-05-04,0.17032308876514435
2015-05-05,0.17027878761291504
2015-05-06,0.15372875332832336
2015-05-07,0.15536220371723175
2015-05-08,0.16704024374485016
2015-05-09,0.16425642371177673
2015-05-10,0.1449432522058487
2015-05-11,0.14835204184055328
2015-05-12,0.13369019329547882
2015-05-13,0.1327468603849411
2015-05-14,0.1276157945394516
2015-05-15,0.1262216418981552
2015-05-16,0.13738124072551727
2015-05-17,0.14300352334976196
2015-05-18,0.14796602725982666
2015-05-19,0.14392238855361938
2015-05-20,0.14527207612991333
2015-05-21,0.14343591034412384
2015-05-22,0.12729130685329437
2015-05-23,0.1405789703130722
2015-05-24,0.12285413593053818
2015-05-25,0.10791339725255966
2015-05-26,0.09980586171150208
2015-05-27,0.07794523239135742
2015-05-28,0.04810384288430214
2015-05-29,0.04013991355895996
2015-05-30,0.042771100997924805
2015-05-31,0.03390096127986908
2015-06-01,0.048923227936029434
2015-06-02,0.04801926016807556
2015-06-03,0.042328182607889175
2015-06-04,0.03256971016526222
2015-06-05,0.03438074141740799
2015-06-06,0.04053015261888504
2015-06-07,0.06313440203666687
2015-06-08,0.05957953259348869
2015-06-09,0.04157274216413498
2015-06-10,0.04109223559498787
2015-06-11,0.04354541376233101
2015-06-12,0.03941386193037033
2015-06-13,0.03850725665688515
2015-06-14,0.046253617852926254
2015-06-15,0.036686595529317856
2015-06-16,0.04056961089372635
2015-06-17,0.05144480615854263
2015-06-18,0.06565245985984802
2015-06-19,0.0688704177737236
2015-06-20,0.058600444346666336
2015-06-21,0.06505223363637924
2015-06-22,0.07258544862270355
2015-06-23,0.06798885017633438
2015-06-24,0.0779995322227478
2015-06-25,0.07440049946308136
2015-06-26,0.09198973327875137
2015-06-27,0.10872162878513336
2015-06-28,0.12189981341362
2015-06-29,0.08909940719604492
2015-06-30,0.051926009356975555
2015-07-01,0.050956517457962036
2015-07-02,0.054724570363759995
2015-07-03,0.044148124754428864
2015-07-04,0.030615653842687607
2015-07-05,0.015836214646697044
2015-07-06,-0.004372584167867899
2015-07-07,0.0029761798214167356
2015-07-08,-0.006493814755231142
2015-07-09,-0.011506418697535992
2015-07-10,-0.028507495298981667
2015-07-11,-0.03379419818520546
2015-07-12,-0.034996431320905685
2015-07-13,-0.0426996685564518
2015-07-14,-0.042874641716480255
2015-07-15,-0.042056333273649216
2015-07-16,-0.03695295378565788
2015-07-17,-0.029646702110767365
2015-07-18,-0.00187479960732162
2015-07-19,-0.00199141725897789
2015-07-20,0.008497477509081364
2015-07-21,0.00315905106253922
2015-07-22,0.019327688962221146
2015-07-23,0.03249896690249443
2015-07-24,0.04381970688700676
2015-07-25,0.04267629608511925
2015-07-26,0.04108678922057152
2015-07-27,0.05172242596745491
2015-07-28,0.06370681524276733
2015-07-29,0.08350222557783127
2015-07-30,0.09024515748023987
2015-07-31,0.08886542916297913
2015-08-01,0.09282863140106201
2015-08-02,0.07513602823019028
2015-08-03,0.07193106412887573
2015-08-04,0.07823143899440765
2015-08-05,0.09613008797168732
2015-08-06,0.10317735373973846
2015-08-07,0.11782798171043396
2015-08-08,0.13298770785331726
2015-08-09,0.13052135705947876
2015-08-10,0.14787019789218903
2015-08-11,0.1461942493915558
2015-08-12,0.14178596436977386
2015-08-13,0.12990035116672516
2015-08-14,0.1218227669596672
2015-08-15,0.10332902520895004
2015-08-16,0.1191411018371582
2015-08-17,0.12243308871984482
2015-08-18,0.13200442492961884
2015-08-19,0.11115718632936478
2015-08-20,0.09928402304649353
2015-08-21,0.07644427567720413
2015-08-22,0.0522446483373642
2015-08-23,0.06414544582366943
2015-08-24,0.05391310527920723
2015-08-25,0.011192722246050835
2015-08-26,0.004133948590606451
2015-08-27,0.017019866034388542
2015-08-28,0.025567179545760155
2015-08-29,0.05496186017990112
2015-08-30,0.05287019535899162
2015-08-31,0.0470116063952446
2015-09-01,0.04336114227771759
2015-09-02,0.04548358544707298
2015-09-03,0.05067262053489685
2015-09-04,0.05012042075395584
2015-09-05,0.03923257812857628
2015-09-06,0.05448395758867264
2015-09-07,0.04473630338907242
2015-09-08,0.049823153764009476
2015-09-09,0.0646325871348381
2015-09-10,0.05454912781715393
2015-09-11,0.051984455436468124
2015-09-12,0.04514985904097557
2015-09-13,0.040899038314819336
2015-09-14,0.040115974843502045
2015-09-15,0.035680294036865234
2015-09-16,0.02689078450202942
2015-09-17,0.03134046494960785
2015-09-18,0.019380012527108192
2015-09-19,0.017145249992609024
2015-09-20,0.0382850281894207
2015-09-21,0.04564623534679413
2015-09-22,0.0528046116232872
2015-09-23,0.027135195210576057
2015-09-24,0.020646832883358
2015-09-25,0.019503343850374222
2015-09-26,0.014974182471632957
2015-09-27,0.03059103712439537
2015-09-28,0.05036545544862747
2015-09-29,0.053177788853645325
2015-09-30,0.061325553804636
2015-10-01,0.04557325318455696
2015-10-02,0.03085356205701828
2015-10-03,0.01913340762257576
2015-10-04,0.029464203864336014
2015-10-05,0.037747081369161606
2015-10-06,0.04541466012597084
2015-10-07,0.03941580280661583
2015-10-08,0.02585054561495781
2015-10-09,0.0122204115614295
2015-10-10,0.0038657987024635077
2015-10-11,-0.003043142845854163
2015-10-12,0.012422838248312473
2015-10-13,0.047066524624824524
2015-10-14,0.02637551724910736
2015-10-15,0.012233166955411434
2015-10-16,0.0019487141398712993
2015-10-17,0.013871840201318264
2015-10-18,0.023371858522295952
2015-10-19,0.02328972890973091
2015-10-20,0.02437952533364296
2015-10-21,0.02224227972328663
2015-10-22,0.01703338325023651
2015-10-23,0.01634817011654377
2015-10-24,0.021458391100168228
2015-10-25,0.015648141503334045
2015-10-26,0.010038206353783607
2015-10-27,0.013608183711767197
2015-10-28,0.012262673117220402
2015-10-29,0.006968609057366848
2015-10-30,0.007839984260499477
2015-10-31,-0.008553300984203815
2015-11-01,-0.014794943854212761
2015-11-02,-0.005065905395895243
2015-11-03,-0.009891439229249954
2015-11-04,0.002905361820012331
2015-11-05,0.006203872617334127
2015-11-06,0.0033863806165754795
2015-11-07,0.03046732395887375
2015-11-08,0.06541620194911957
2015-11-09,0.08514470607042313
2015-11-10,0.08933024853467941
2015-11-11,0.09014399349689484
2015-11-12,0.09308309108018875
2015-11-13,0.11195813864469528
2015-11-14,0.10516376048326492
2015-11-15,0.1085522472858429
2015-11-16,0.09583190828561783
2015-11-17,0.10337583720684052
2015-11-18,0.0935271605849266
2015-11-19,0.07423385977745056
2015-11-20,0.0750623494386673
2015-11-21,0.08259211480617523
2015-11-22,0.10203169286251068
2015-11-23,0.11085542291402817
2015-11-24,0.09831809252500534
2015-11-25,0.09497027844190598
2015-11-26,0.09854286164045334
2015-11-27,0.11332736164331436
2015-11-28,0.13494810461997986
2015-11-29,0.1643041968345642
2015-11-30,0.16635514795780182
2015-12-01,0.141631618142128
2015-12-02,0.15061326324939728
2015-12-03,0.13576021790504456
2015-12-04,0.1288268268108368
2015-12-05,0.15270008146762848
2015-12-06,0.1624433398246765
2015-12-07,0.17703518271446228
2015-12-08,0.17404939234256744
2015-12-09,0.14911875128746033
2015-12-10,0.1426100879907608
2015-12-11,0.14420461654663086
2015-12-12,0.16538786888122559
2015-12-13,0.17223185300827026
2015-12-14,0.1524391770362854
2015-12-15,0.15810194611549377
2015-12-16,0.15931783616542816
2015-12-17,0.16157732903957367
2015-12-18,0.15817172825336456
2015-12-19,0.14335662126541138
2015-12-20,0.14129863679409027
2015-12-21,0.13321809470653534
2015-12-22,0.13483819365501404
2015-12-23,0.13517116010189056
2015-12-24,0.1343003660440445
2015-12-25,0.1450730264186859
2015-12-26,0.1910398006439209
2015-12-27,0.18959064781665802
2015-12-28,0.19393663108348846
2015-12-29,0.21609041094779968
2015-12-30,0.2077101767063141
2015-12-31,0.1895187944173813
2016-01-01,0.1605943739414215
2016-01-02,0.18949444591999054
2016-01-03,0.17123781144618988
2016-01-04,0.18463754653930664
2016-01-05,0.1486952304840088
2016-01-06,0.14345389604568481
2016-01-07,0.11962789297103882
2016-01-08,0.1165606752038002
2016-01-09,0.13010136783123016
2016-01-10,0.13731791079044342
2016-01-11,0.1345285326242447
2016-01-12,0.11493480950593948
2016-01-13,0.11692596971988678
2016-01-14,0.1131480410695076
2016-01-15,0.10266105830669403
2016-01-16,0.06593801081180573
2016-01-17,0.0604635588824749
2016-01-18,0.05797814205288887
2016-01-19,0.05123201757669449
2016-01-20,0.026004474610090256
2016-01-21,0.00722361309453845
2016-01-22,0.011272137053310871
2016-01-23,0.0005025581922382116
2016-01-24,0.0010789016960188746
2016-01-25,-0.0011856218334287405
2016-01-26,0.003695688908919692
2016-01-27,-0.00042877954547293484
2016-01-28,-0.0015066772466525435
2016-01-29,-0.007549135014414787
2016-01-30,-0.005313990171998739
2016-01-31,-0.009149577468633652
2016-02-01,-0.01587902195751667
2016-02-02,-0.0019524195231497288
2016-02-03,0.006305999122560024
2016-02-04,0.0039002157282084227
2016-02-05,-0.007357271853834391
2016-02-06,-0.022150009870529175
2016-02-07,-0.015779070556163788
2016-02-08,-0.0174150001257658
2016-02-09,-0.03212811425328255
2016-02-10,-0.045721303671598434
2016-02-11,-0.06657800078392029
2016-02-12,-0.09130531549453735
2016-02-13,-0.08958879858255386
2016-02-14,-0.08352293074131012
2016-02-15,-0.08023343980312347
2016-02-16,-0.09034617245197296
2016-02-17,-0.0909026712179184
2016-02-18,-0.09557947516441345
2016-02-19,-0.08501485735177994
2016-02-20,-0.07535421848297119
2016-02-21,-0.04574773088097572
2016-02-22,-0.04988129064440727
2016-02-23,-0.043423399329185486
2016-02-24,-0.05242667347192764
2016-02-25,-0.05378792807459831
2016-02-26,-0.046945467591285706
2016-02-27,-0.038400840014219284
2016-02-28,-0.021603120490908623
2016-02-29,-0.025983469560742378
2016-03-01,-0.03953944519162178
2016-03-02,-0.03264826908707619
2016-03-03,-0.03304693102836609
2016-03-04,-0.040661416947841644
2016-03-05,-0.034827422350645065
2016-03-06,-0.015293196775019169
2016-03-07,-0.01875937730073929
2016-03-08,-0.020015861839056015
2016-03-09,-0.02055080235004425
2016-03-10,-0.032839272171258926
2016-03-11,-0.03195575624704361
2016-03-12,-0.05155078321695328
2016-03-13,-0.03749624639749527
2016-03-14,-0.03541441261768341
2016-03-15,-0.029736176133155823
2016-03-16,-0.030960338190197945
2016-03-17,-0.04064156487584114
2016-03-18,-0.050608113408088684
2016-03-19,-0.044748518615961075
2016-03-20,-0.028505804017186165
2016-03-21,-0.015946222469210625
2016-03-22,-0.02082013711333275
2016-03-23,-0.015252932906150818
2016-03-24,-0.029209595173597336
2016-03-25,-0.02431569993495941
2016-03-26,0.0038432602304965258
2016-03-27,-0.003470896976068616
2016-03-28,0.0011421378003433347
2016-03-29,0.017438402399420738
2016-03-30,0.01843048445880413
2016-03-31,0.011236540041863918
2016-04-01,0.01895708404481411
2016-04-02,0.016279874369502068
2016-04-03,0.011868050321936607
2016-04-04,0.015470982529222965
2016-04-05,-0.00417106319218874
2016-04-06,-0.010811256244778633
2016-04-07,-0.02787022292613983
2016-04-08,-0.029172439128160477
2016-04-09,-0.022331969812512398
2016-04-10,-0.006814090069383383
2016-04-11,0.0007374619017355144
2016-04-12,0.014213556423783302
2016-04-13,-0.00263487221673131
2016-04-14,-0.009746749885380268
2016-04-15,-0.028086695820093155
2016-04-16,-0.02618735283613205
2016-04-17,-0.01280251145362854
2016-04-18,-0.017231406643986702
2016-04-19,-0.023105792701244354
2016-04-20,-0.020872779190540314
2016-04-21,-0.01921728439629078
2016-04-22,-0.015518850646913052
2016-04-23,0.00786574650555849
2016-04-24,-0.013061217963695526
2016-04-25,-0.007634662091732025
2016-04-26,-0.0022615783382207155
2016-04-27,-0.01619161106646061
2016-04-28,-0.015678295865654945
2016-04-29,-0.010893236845731735
2016-04-30,-0.020274432376027107
2016-05-01,-0.018297802656888962
2016-05-02,-0.017280923202633858
2016-05-03,-0.02073024772107601
2016-05-04,-0.0099366819486022
2016-05-05,-0.016369175165891647
2016-05-06,-0.003568710293620825
2016-05-07,-0.007646169047802687
2016-05-08,0.010062328539788723
2016-05-09,0.009595218114554882
2016-05-10,0.0029519416857510805
2016-05-11,-0.002356709912419319
2016-05-12,0.008808880113065243
2016-05-13,0.007458198815584183
2016-05-14,0.02252655103802681
2016-05-15,0.015432707965373993
2016-05-16,0.026195991784334183
2016-05-17,0.04115940257906914
2016-05-18,0.033060647547245026
2016-05-19,0.04351809620857239
2016-05-20,0.038641307502985
2016-05-21,0.06784829497337341
2016-05-22,0.09930501878261566
2016-05-23,0.08692316710948944
2016-05-24,0.07118543982505798
2016-05-25,0.06985560804605484
2016-05-26,0.07949420064687729
2016-05-27,0.09076772630214691
2016-05-28,0.1016109436750412
2016-05-29,0.09521085023880005
2016-05-30,0.10979682952165604
2016-05-31,0.12166021019220352
2016-06-01,0.14442144334316254
2016-06-02,0.1374557614326477
2016-06-03,0.12176781892776489
2016-06-04,0.10373741388320923
2016-06-05,0.1165999323129654
2016-06-06,0.1192203164100647
2016-06-07,0.11499809473752975
2016-06-08,0.12599065899848938
2016-06-09,0.12564663589000702
2016-06-10,0.11283888667821884
2016-06-11,0.09754149615764618
2016-06-12,0.10745137184858322
2016-06-13,0.0900324359536171
2016-06-14,0.08510738611221313
2016-06-15,0.08453618735074997
2016-06-16,0.06332547962665558
2016-06-17,0.050644584000110626
2016-06-18,0.002796981018036604
2016-06-19,-0.022448807954788208
2016-06-20,-0.038745734840631485
2016-06-21,-0.041194599121809006
2016-06-22,-0.04333600029349327
2016-06-23,-0.044276025146245956
2016-06-24,-0.048931024968624115
2016-06-25,-0.05276902765035629
2016-06-26,-0.05619194358587265
2016-06-27,-0.07110276818275452
2016-06-28,-0.07327517122030258
2016-06-29,-0.07348739355802536
2016-06-30,-0.07884685695171356
2016-07-01,-0.076685331761837
2016-07-02,-0.07286923378705978
2016-07-03,-0.049240194261074066
2016-07-04,-0.04643278568983078
2016-07-05,-0.05778367817401886
2016-07-06,-0.07050235569477081
2016-07-07,-0.0727623775601387
2016-07-08,-0.061039552092552185
2016-07-09,-0.04377142712473869
2016-07-10,-0.030315229669213295
2016-07-11,-0.032435037195682526
2016-07-12,-0.04810655489563942
2016-07-13,-0.04923020303249359
2016-07-14,-0.046587977558374405
2016-07-15,-0.0331578403711319
2016-07-16,-0.01643502712249756
2016-07-17,-0.030484594404697418
2016-07-18,-0.024159332737326622
2016-07-19,-0.034864023327827454
2016-07-20,-0.01861710660159588
2016-07-21,-0.02113727293908596
2016-07-22,-0.011005405336618423
2016-07-23,0.010252675041556358
2016-07-24,0.008673261851072311
2016-07-25,0.011502835899591446
2016-07-26,0.02205008827149868
2016-07-27,0.037357453256845474
2016-07-28,0.03377709537744522
2016-07-29,0.0372454896569252
2016-07-30,0.04718172550201416
2016-07-31,0.0676092728972435
2016-08-01,0.07561550289392471
2016-08-02,0.07674757391214371
2016-08-03,0.08421801030635834
2016-08-04,0.07152516394853592
2016-08-05,0.0772930458188057
2016-08-06,0.09601347893476486
2016-08-07,0.09377828985452652
2016-08-08,0.09992516040802002
2016-08-09,0.10327491164207458
2016-08-10,0.11742406338453293
2016-08-11,0.11168032139539719
2016-08-12,0.11703312397003174
2016-08-13,0.1404651701450348
2016-08-14,0.1478712409734726
2016-08-15,0.1352895200252533
2016-08-16,0.14677730202674866
2016-08-17,0.15442168712615967
2016-08-18,0.1614040732383728
2016-08-19,0.17128752171993256
2016-08-20,0.18092156946659088
2016-08-21,0.18955998122692108
2016-08-22,0.19921289384365082
2016-08-23,0.1943391114473343
2016-08-24,0.18680468201637268
2016-08-25,0.17437654733657837
2016-08-26,0.17485332489013672
2016-08-27,0.18143416941165924
2016-08-28,0.19008782505989075
2016-08-29,0.1784290224313736
2016-08-30,0.17409555613994598
2016-08-31,0.16146251559257507
2016-09-01,0.1486993432044983
2016-09-02,0.13678725063800812
2016-09-03,0.13445399701595306
2016-09-04,0.15258364379405975
2016-09-05,0.151777982711792
2016-09-06,0.14517177641391754
2016-09-07,0.14409677684307098
2016-09-08,0.12799735367298126
2016-09-09,0.11958616226911545
2016-09-10,0.12792035937309265
2016-09-11,0.12633852660655975
2016-09-12,0.1191813126206398
2016-09-13,0.11833026260137558
2016-09-14,0.1261579990386963
2016-09-15,0.12769711017608643
2016-09-16,0.13043954968452454
2016-09-17,0.13302604854106903
2016-09-18,0.13343602418899536
2016-09-19,0.10612349212169647
2016-09-20,0.09843597561120987
2016-09-21,0.0879179909825325
2016-09-22,0.08714163303375244
2016-09-23,0.08104895055294037
2016-09-24,0.09382349252700806
2016-09-25,0.09782882034778595
2016-09-26,0.08094850182533264
2016-09-27,0.06729470938444138
2016-09-28,0.0675070583820343
2016-09-29,0.06366464495658875
2016-09-30,0.05951007083058357
2016-10-01,0.0591467022895813
2016-10-02,0.06902819871902466
2016-10-03,0.06563403457403183
2016-10-04,0.057166121900081635
2016-10-05,0.055155400186777115
2016-10-06,0.05468689277768135
2016-10-07,0.053320009261369705
2016-10-08,0.05338427796959877
2016-10-09,0.0634293258190155
2016-10-10,0.07234101742506027
2016-10-11,0.07069072872400284
2016-10-12,0.0718005895614624
2016-10-13,0.06136893853545189
2016-10-14,0.06271287798881531
2016-10-15,0.06790053099393845
2016-10-16,0.059972554445266724
2016-10-17,0.048520900309085846
2016-10-18,0.0545111745595932
2016-10-19,0.05970972031354904
2016-10-20,0.055905167013406754
2016-10-21,0.05409993231296539
2016-10-22,0.07105211913585663
2016-10-23,0.07223628461360931
2016-10-24,0.0776379331946373
2016-10-25,0.10210656374692917
2016-10-26,0.1004062220454216
2016-10-27,0.09709272533655167
2016-10-28,0.09219885617494583
2016-10-29,0.12006691098213196
2016-10-30,0.11857246607542038
2016-10-31,0.10747826844453812
2016-11-01,0.10503743588924408
2016-11-02,0.08898639678955078
2016-11-03,0.08300641924142838
2016-11-04,0.09956800937652588
2016-11-05,0.11765153706073761
2016-11-06,0.11882662773132324
2016-11-07,0.11805107444524765
2016-11-08,0.13048690557479858
2016-11-09,0.139205202460289
2016-11-10,0.15210376679897308
2016-11-11,0.16474378108978271
2016-11-12,0.1898682415485382
2016-11-13,0.21287795901298523
2016-11-14,0.22394943237304688
2016-11-15,0.22822682559490204
2016-11-16,0.2311543971300125
2016-11-17,0.22732427716255188
2016-11-18,0.24548675119876862
2016-11-19,0.260367751121521
2016-11-20,0.26975753903388977
2016-11-21,0.27206742763519287
2016-11-22,0.27323678135871887
2016-11-23,0.28282713890075684
2016-11-24,0.2768591344356537
2016-11-25,0.2712125778198242
2016-11-26,0.2642742693424225
2016-11-27,0.2884891927242279
2016-11-28,0.2917567491531372
2016-11-29,0.28619059920310974
2016-11-30,0.2994288504123688
2016-12-01,0.3048579692840576
2016-12-02,0.30552908778190613
2016-12-03,0.3137931525707245
2016-12-04,0.3243313133716583
2016-12-05,0.3221156597137451
2016-12-06,0.3131628930568695
2016-12-07,0.3094054162502289
2016-12-08,0.3080814778804779
2016-12-09,0.3119078576564789
2016-12-10,0.32894349098205566
2016-12-11,0.3290575444698334
2016-12-12,0.3232209086418152
2016-12-13,0.31271928548812866
2016-12-14,0.3209347724914551
2016-12-15,0.3236050605773926
2016-12-16,0.31915631890296936
2016-12-17,0.3114265203475952
2016-12-18,0.3178431987762451
2016-12-19,0.284964919090271
2016-12-20,0.27126413583755493
2016-12-21,0.25317642092704773
2016-12-22,0.2502979040145874
2016-12-23,0.2670805752277374
2016-12-24,0.24850879609584808
2016-12-25,0.23436883091926575
2016-12-26,0.24455861747264862
2016-12-27,0.25500330328941345
2016-12-28,0.24858087301254272
2016-12-29,0.25702086091041565
2016-12-30,0.253073126077652
2016-12-31,0.250967413187027
2017-01-01,0.2602578103542328
2017-01-02,0.2632278800010681
2017-01-03,0.27251648902893066
2017-01-04,0.2837042808532715
2017-01-05,0.29207950830459595
2017-01-06,0.30915117263793945
2017-01-07,0.32899096608161926
2017-01-08,0.32123368978500366
2017-01-09,0.31163597106933594
2017-01-10,0.3007037341594696
2017-01-11,0.29894527792930603
2017-01-12,0.2752513885498047
2017-01-13,0.2725507915019989
2017-01-14,0.29725486040115356
2017-01-15,0.2993391752243042
2017-01-16,0.3125181794166565
2017-01-17,0.3171916902065277
2017-01-18,0.3266068994998932
2017-01-19,0.32959696650505066
2017-01-20,0.3222513198852539
2017-01-21,0.31647083163261414
2017-01-22,0.3177728056907654
2017-01-23,0.32018178701400757
2017-01-24,0.3188214600086212
2017-01-25,0.3135940134525299
2017-01-26,0.30350178480148315
2017-01-27,0.29956528544425964
2017-01-28,0.3102419078350067
2017-01-29,0.31377992033958435
2017-01-30,0.29941418766975403
2017-01-31,0.28914177417755127
2017-02-01,0.28411680459976196
2017-02-02,0.28837764263153076
2017-02-03,0.28723612427711487
2017-02-04,0.31119298934936523
2017-02-05,0.3243449926376343
2017-02-06,0.3168179392814636
2017-02-07,0.31874221563339233
2017-02-08,0.31519338488578796
2017-02-09,0.3092558979988098
2017-02-10,0.30738145112991333
2017-02-11,0.3050902783870697
2017-02-12,0.2951127290725708
2017-02-13,0.30501723289489746
2017-02-14,0.3075731694698334
2017-02-15,0.31004732847213745
2017-02-16,0.3079150319099426
2017-02-17,0.3002296984195709
2017-02-18,0.3044685125350952
2017-02-19,0.330498069524765
2017-02-20,0.3276344835758209
2017-02-21,0.32220491766929626
2017-02-22,0.314834862947464
2017-02-23,0.31691277027130127
2017-02-24,0.3133649230003357
2017-02-25,0.32119449973106384
2017-02-26,0.3235815465450287
2017-02-27,0.3353186547756195
2017-02-28,0.33532899618148804
2017-03-01,0.33351537585258484
2017-03-02,0.32830944657325745
2017-03-03,0.32754361629486084
2017-03-04,0.3297879099845886
2017-03-05,0.33507776260375977
2017-03-06,0.324240118265152
2017-03-07,0.3156225085258484
2017-03-08,0.30085235834121704
2017-03-09,0.28625091910362244
2017-03-10,0.2801506519317627
2017-03-11,0.2958572208881378
2017-03-12,0.27892211079597473
2017-03-13,0.277603417634964
2017-03-14,0.2636564075946808
2017-03-15,0.2606826424598694
2017-03-16,0.2624587416648865
2017-03-17,0.2590278089046478
2017-03-18,0.26421305537223816
2017-03-19,0.26089826226234436
2017-03-20,0.25765082240104675
2017-03-21,0.24798202514648438
2017-03-22,0.23765672743320465
2017-03-23,0.2343994677066803
2017-03-24,0.23475301265716553
2017-03-25,0.22136597335338593
2017-03-26,0.23964723944664001
2017-03-27,0.2381865233182907
2017-03-28,0.22382527589797974
2017-03-29,0.233849436044693
2017-03-30,0.22123552858829498
2017-03-31,0.22098611295223236
2017-04-01,0.22149349749088287
2017-04-02,0.22852325439453125
2017-04-03,0.23282715678215027
2017-04-04,0.2193959355354309
2017-04-05,0.20552094280719757
2017-04-06,0.19653591513633728
2017-04-07,0.19721156358718872
2017-04-08,0.19402068853378296
2017-04-09,0.2055647224187851
2017-04-10,0.19924648106098175
2017-04-11,0.18816512823104858
2017-04-12,0.1751859188079834
2017-04-13,0.1840001493692398
2017-04-14,0.1980082094669342
2017-04-15,0.17118030786514282
2017-04-16,0.1782163828611374
2017-04-17,0.19649925827980042
2017-04-18,0.18972544372081757
2017-04-19,0.19042937457561493
2017-04-20,0.18649321794509888
2017-04-21,0.16445530951023102
2017-04-22,0.1602364331483841
2017-04-23,0.16216088831424713
2017-04-24,0.1646607220172882
2017-04-25,0.16066977381706238
2017-04-26,0.16616885364055634
2017-04-27,0.18067944049835205
2017-04-28,0.1827540546655655
2017-04-29,0.18637461960315704
2017-04-30,0.2002439647912979
2017-05-01,0.21216356754302979
2017-05-02,0.22325101494789124
2017-05-03,0.22353018820285797
2017-05-04,0.20824404060840607
2017-05-05,0.2071203589439392
2017-05-06,0.2102988064289093
2017-05-07,0.2205762416124344
2017-05-08,0.2277989536523819
2017-05-09,0.21477428078651428
2017-05-10,0.22536079585552216
2017-05-11,0.2206261307001114
2017-05-12,0.2342718243598938
2017-05-13,0.22746093571186066
2017-05-14,0.22699536383152008
2017-05-15,0.24503976106643677
2017-05-16,0.23615972697734833
2017-05-17,0.2263881266117096
2017-05-18,0.2160172164440155
2017-05-19,0.2141735553741455
2017-05-20,0.19690930843353271
2017-05-21,0.19800980389118195
2017-05-22,0.1996621936559677
2017-05-23,0.19215567409992218
2017-05-24,0.18878625333309174
2017-05-25,0.17855311930179596
2017-05-26,0.1655016541481018
2017-05-27,0.167124405503273
2017-05-28,0.18614687025547028
2017-05-29,0.1815006136894226
2017-05-30,0.1802825927734375
2017-05-31,0.184697687625885
2017-06-01,0.18581798672676086
2017-06-02,0.17064693570137024
2017-06-03,0.16407589614391327
2017-06-04,0.1512579470872879
2017-06-05,0.14520099759101868
2017-06-06,0.14252619445323944
2017-06-07,0.13154205679893494
2017-06-08,0.11133082956075668
2017-06-09,0.09915036708116531
2017-06-10,0.08174362778663635
2017-06-11,0.09177574515342712
2017-06-12,0.09860070794820786
2017-06-13,0.08894041180610657
2017-06-14,0.09677755832672119
2017-06-15,0.09295561909675598
2017-06-16,0.09939630329608917
2017-06-17,0.10677733272314072
2017-06-18,0.11249710619449615
2017-06-19,0.11044041067361832
2017-06-20,0.11373373866081238
2017-06-21,0.11670480668544769
2017-06-22,0.11343961954116821
2017-06-23,0.10325168073177338
2017-06-24,0.08218123018741608
2017-06-25,0.09004507958889008
2017-06-26,0.09465613961219788
2017-06-27,0.08054837584495544
2017-06-28,0.07753586769104004
2017-06-29,0.06722584366798401
2017-06-30,0.05908239632844925
2017-07-01,0.04164662957191467
2017-07-02,0.031571164727211
2017-07-03,0.03857070207595825
2017-07-04,0.04247921332716942
2017-07-05,0.030111193656921387
2017-07-06,0.02707514353096485
2017-07-07,0.03711272403597832
2017-07-08,0.041786305606365204
2017-07-09,0.036540914326906204
2017-07-10,0.0511513352394104
2017-07-11,0.04965983331203461
2017-07-12,0.052865609526634216
2017-07-13,0.05525323376059532
2017-07-14,0.0682828277349472
2017-07-15,0.07782985270023346
2017-07-16,0.07672498375177383
2017-07-17,0.08281749486923218
2017-07-18,0.09144499897956848
2017-07-19,0.10028746724128723
2017-07-20,0.0977054312825203
2017-07-21,0.10402562469244003
2017-07-22,0.0935758650302887
2017-07-23,0.10223589837551117
2017-07-24,0.09997791051864624
2017-07-25,0.10381580144166946
2017-07-26,0.11802007257938385
2017-07-27,0.1176997572183609
2017-07-28,0.13381411135196686
2017-07-29,0.15456469357013702
2017-07-30,0.14564205706119537
2017-07-31,0.14551116526126862
2017-08-01,0.1611759513616562
2017-08-02,0.1521785855293274
2017-08-03,0.15613067150115967
2017-08-04,0.1555851399898529
2017-08-05,0.17834143340587616
2017-08-06,0.18316292762756348
2017-08-07,0.1863606870174408
2017-08-08,0.17175349593162537
2017-08-09,0.1932445913553238
2017-08-10,0.17813341319561005
2017-08-11,0.1572405844926834
2017-08-12,0.13474485278129578
2017-08-13,0.11998505145311356
2017-08-14,0.14332503080368042
2017-08-15,0.14556044340133667
2017-08-16,0.1399870216846466
2017-08-17,0.13777165114879608
2017-08-18,0.13809727132320404
2017-08-19,0.13913756608963013
2017-08-20,0.14940889179706573
2017-08-21,0.16163970530033112
2017-08-22,0.15035586059093475
2017-08-23,0.13154251873493195
2017-08-24,0.10164961963891983
2017-08-25,0.078912153840065
2017-08-26,0.07510571926832199
2017-08-27,0.08930203318595886
2017-08-28,0.1060326024889946
2017-08-29,0.10240805894136429
2017-08-30,0.12177926301956177
2017-08-31,0.14221633970737457
2017-09-01,0.14775240421295166
2017-09-02,0.13558830320835114
2017-09-03,0.11410681158304214
2017-09-04,0.07862477004528046
2017-09-05,0.06643129140138626
2017-09-06,0.05876920372247696
2017-09-07,0.042062658816576004
2017-09-08,0.031283773481845856
2017-09-09,0.018238216638565063
2017-09-10,0.03553067520260811
2017-09-11,0.020645156502723694
2017-09-12,0.01678144745528698
2017-09-13,0.025100024417042732
2017-09-14,0.03209477663040161
2017-09-15,0.020703963935375214
2017-09-16,0.018265990540385246
2017-09-17,0.018802743405103683
2017-09-18,0.029728824272751808
2017-09-19,0.040643807500600815
2017-09-20,0.0378144308924675
2017-09-21,0.04820749908685684
2017-09-22,0.04237458109855652
2017-09-23,0.045020416378974915
2017-09-24,0.0575605146586895
2017-09-25,0.05140174552798271
2017-09-26,0.04748796671628952
2017-09-27,0.05662310868501663
2017-09-28,0.07446696609258652
2017-09-29,0.10050823539495468
2017-09-30,0.12094909697771072
2017-10-01,0.13655853271484375
2017-10-02,0.15294532477855682
2017-10-03,0.15198954939842224
2017-10-04,0.15315215289592743
2017-10-05,0.14610028266906738
2017-10-06,0.1459255963563919
2017-10-07,0.13174328207969666
2017-10-08,0.11502876877784729
2017-10-09,0.10875081270933151
2017-10-10,0.1000027060508728
2017-10-11,0.1079120859503746
2017-10-12,0.11031661927700043
2017-10-13,0.12244360148906708
2017-10-14,0.10473548620939255
2017-10-15,0.11550915986299515
2017-10-16,0.13795888423919678
2017-10-17,0.15360626578330994
2017-10-18,0.17173075675964355
2017-10-19,0.17388512194156647
2017-10-20,0.1699448525905609
2017-10-21,0.15392179787158966
2017-10-22,0.15024498105049133
2017-10-23,0.16679158806800842
2017-10-24,0.16572493314743042
2017-10-25,0.17667916417121887
2017-10-26,0.18164725601673126
2017-10-27,0.2001199573278427
2017-10-28,0.22047731280326843
2017-10-29,0.23035483062267303
2017-10-30,0.23592758178710938
2017-10-31,0.2487393021583557
2017-11-01,0.25026798248291016
2017-11-02,0.25505784153938293
2017-11-03,0.2617134749889374
2017-11-04,0.2639269232749939
2017-11-05,0.27364715933799744
2017-11-06,0.279044508934021
2017-11-07,0.28747066855430603
2017-11-08,0.30239948630332947
2017-11-09,0.2978163957595825
2017-11-10,0.29112622141838074
2017-11-11,0.2911047041416168
2017-11-12,0.2973960340023041
2017-11-13,0.30482664704322815
2017-11-14,0.298750102519989
2017-11-15,0.30129244923591614
2017-11-16,0.29535314440727234
2017-11-17,0.27765241265296936
2017-11-18,0.2662687599658966
2017-11-19,0.27334436774253845
2017-11-20,0.2863398492336273
2017-11-21,0.2900612950325012
2017-11-22,0.27123650908470154
2017-11-23,0.24198876321315765
2017-11-24,0.24206839501857758
2017-11-25,0.202582448720932
2017-11-26,0.20162807404994965
2017-11-27,0.19597665965557098
2017-11-28,0.21071596443653107
2017-11-29,0.20938585698604584
2017-11-30,0.21209971606731415
2017-12-01,0.2103886604309082
2017-12-02,0.20529751479625702
2017-12-03,0.19719478487968445
2017-12-04,0.19993185997009277
2017-12-05,0.20894528925418854
2017-12-06,0.207638680934906
2017-12-07,0.20172038674354553
2017-12-08,0.21700499951839447
2017-12-09,0.22975553572177887
2017-12-10,0.2467312514781952
2017-12-11,0.2531159222126007
2017-12-12,0.2677097022533417
2017-12-13,0.26375994086265564
2017-12-14,0.2597068250179291
2017-12-15,0.26890674233436584
2017-12-16,0.2817101776599884
2017-12-17,0.28897783160209656
2017-12-18,0.2859577238559723
2017-12-19,0.2774679660797119
2017-12-20,0.27684518694877625
2017-12-21,0.2833556830883026
2017-12-22,0.2805679440498352
2017-12-23,0.29080232977867126
2017-12-24,0.2922002077102661
2017-12-25,0.308345764875412
2017-12-26,0.3112999498844147
2017-12-27,0.31326374411582947
2017-12-28,0.29998257756233215
2017-12-29,0.28724992275238037
2017-12-30,0.27475693821907043
2017-12-31,0.28934013843536377
2018-01-01,0.27240869402885437
2018-01-02,0.2653745412826538
2018-01-03,0.2837488353252411
2018-01-04,0.2551415264606476
2018-01-05,0.254276841878891
2018-01-06,0.2662595212459564
2018-01-07,0.27489930391311646
2018-01-08,0.2873857319355011
2018-01-09,0.2929329574108124
2018-01-10,0.30061280727386475
2018-01-11,0.29535913467407227
2018-01-12,0.2993675768375397
2018-01-13,0.2913561463356018
2018-01-14,0.2895359396934509
2018-01-15,0.25470301508903503
2018-01-16,0.24475596845149994
2018-01-17,0.24627776443958282
2018-01-18,0.2368163764476776
2018-01-19,0.23675133287906647
2018-01-20,0.2229883074760437
2018-01-21,0.18989957869052887
2018-01-22,0.18223856389522552
2018-01-23,0.18364286422729492
2018-01-24,0.1843845695257187
2018-01-25,0.19152946770191193
2018-01-26,0.20686489343643188
2018-01-27,0.21496950089931488
2018-01-28,0.2069399356842041
2018-01-29,0.1992853432893753
2018-01-30,0.21452532708644867
2018-01-31,0.22820332646369934
2018-02-01,0.227164626121521
2018-02-02,0.23257291316986084
2018-02-03,0.2342516928911209
2018-02-04,0.24224598705768585
2018-02-05,0.2559766471385956
2018-02-06,0.23083126544952393
2018-02-07,0.20913636684417725
2018-02-08,0.1901150941848755
2018-02-09,0.17539270222187042
2018-02-10,0.17330040037631989
2018-02-11,0.164663165807724
2018-02-12,0.1607271134853363
2018-02-13,0.1664121150970459
2018-02-14,0.17104081809520721
2018-02-15,0.1708502322435379
2018-02-16,0.17152634263038635
2018-02-17,0.16273754835128784
2018-02-18,0.14878973364830017
2018-02-19,0.1307477355003357
2018-02-20,0.1382889449596405
2018-02-21,0.13766707479953766
2018-02-22,0.13435791432857513
2018-02-23,0.13642175495624542
2018-02-24,0.13888733088970184
2018-02-25,0.13958463072776794
2018-02-26,0.15740422904491425
2018-02-27,0.16835156083106995
2018-02-28,0.19176335632801056
2018-03-01,0.18394799530506134
2018-03-02,0.16706256568431854
2018-03-03,0.14974939823150635
2018-03-04,0.1383722722530365
2018-03-05,0.1286597102880478
2018-03-06,0.12256153672933578
2018-03-07,0.11487118899822235
2018-03-08,0.1064218282699585
2018-03-09,0.10341842472553253
2018-03-10,0.11586412042379379
2018-03-11,0.12051407247781754
2018-03-12,0.12821394205093384
2018-03-13,0.1313028484582901
2018-03-14,0.14367720484733582
2018-03-15,0.13851548731327057
2018-03-16,0.1406746357679367
2018-03-17,0.15244615077972412
2018-03-18,0.1611400991678238
2018-03-19,0.149469256401062
2018-03-20,0.14519405364990234
2018-03-21,0.1345018595457077
2018-03-22,0.13135938346385956
2018-03-23,0.11388793587684631
2018-03-24,0.09420760720968246
2018-03-25,0.09257565438747406
2018-03-26,0.08582036942243576
2018-03-27,0.0761752724647522
2018-03-28,0.08057714253664017
2018-03-29,0.08627106994390488
2018-03-30,0.08705715090036392
2018-03-31,0.08443692326545715
2018-04-01,0.07746528834104538
2018-04-02,0.052650053054094315
2018-04-03,0.0625416710972786
2018-04-04,0.04998773708939552
2018-04-05,0.026976203545928
2018-04-06,0.008442938327789307
2018-04-07,-0.006127030588686466
2018-04-08,0.006568626035004854
2018-04-09,-0.0028825663030147552
2018-04-10,-0.02111619897186756
2018-04-11,-0.017975332215428352
2018-04-12,-0.012944811955094337
2018-04-13,-0.004725000821053982
2018-04-14,0.0013289214111864567
2018-04-15,0.01952887326478958
2018-04-16,0.012797698378562927
2018-04-17,0.019621383398771286
2018-04-18,0.008181312121450901
2018-04-19,0.013789358548820019
2018-04-20,0.006106551270931959
2018-04-21,0.022030333057045937
2018-04-22,0.0005064508877694607
2018-04-23,0.012303805910050869
2018-04-24,0.022707324475049973
2018-04-25,0.021245183423161507
2018-04-26,0.015175152570009232
2018-04-27,0.03418813273310661
2018-04-28,0.04430164024233818
2018-04-29,0.05814129486680031
2018-04-30,0.057106319814920425
2018-05-01,0.05354253202676773
2018-05-02,0.05493326485157013
2018-05-03,0.052082765847444534
2018-05-04,0.053324144333601
2018-05-05,0.05924144759774208
2018-05-06,0.05765821039676666
2018-05-07,0.06535104662179947
2018-05-08,0.07462437450885773
2018-05-09,0.07379335910081863
2018-05-10,0.05371362343430519
2018-05-11,0.05202740803360939
2018-05-12,0.0500267818570137
2018-05-13,0.059446416795253754
2018-05-14,0.06036633998155594
2018-05-15,0.0636150985956192
2018-05-16,0.05392736941576004
2018-05-17,0.05363211780786514
2018-05-18,0.04644351452589035
2018-05-19,0.0490163192152977
2018-05-20,0.05373208597302437
2018-05-21,0.060531746596097946
2018-05-22,0.04208787903189659
2018-05-23,0.027531353756785393
2018-05-24,0.020318105816841125
2018-05-25,0.01660773530602455
2018-05-26,0.02292465977370739
2018-05-27,0.03791207820177078
2018-05-28,0.03936184570193291
2018-05-29,0.01970818266272545
2018-05-30,-0.0008812537416815758
2018-05-31,-0.012747942470014095
2018-06-01,-0.02579484134912491
2018-06-02,-0.026784349232912064
2018-06-03,-0.04141926020383835
2018-06-04,-0.04797292873263359
2018-06-05,-0.05983006954193115
2018-06-06,-0.06426224112510681
2018-06-07,-0.06297624111175537
2018-06-08,-0.04994521662592888
2018-06-09,-0.04165593907237053
2018-06-10,-0.044291526079177856
2018-06-11,-0.05226587504148483
2018-06-12,-0.04788748174905777
2018-06-13,-0.03675622120499611
2018-06-14,-0.029925933107733727
2018-06-15,-0.027355529367923737
2018-06-16,-0.0330323688685894
2018-06-17,-0.03357786685228348
2018-06-18,-0.03722339868545532
2018-06-19,-0.060746047645807266
2018-06-20,-0.08021770417690277
2018-06-21,-0.09139697253704071
2018-06-22,-0.09154217690229416
2018-06-23,-0.09373508393764496
2018-06-24,-0.09438060224056244
2018-06-25,-0.1079646423459053
2018-06-26,-0.12902463972568512
2018-06-27,-0.13793405890464783
2018-06-28,-0.13528560101985931
2018-06-29,-0.13246361911296844
2018-06-30,-0.13868333399295807
2018-07-01,-0.13053329288959503
2018-07-02,-0.12873047590255737
2018-07-03,-0.12956038117408752
2018-07-04,-0.13947775959968567
2018-07-05,-0.1507808417081833
2018-07-06,-0.15227268636226654
2018-07-07,-0.1662808507680893
2018-07-08,-0.16880956292152405
2018-07-09,-0.1494484692811966
2018-07-10,-0.13726414740085602
2018-07-11,-0.14281772077083588
2018-07-12,-0.14963769912719727
2018-07-13,-0.1397155076265335
2018-07-14,-0.13878192007541656
2018-07-15,-0.12512950599193573
2018-07-16,-0.12252531945705414
2018-07-17,-0.1197633445262909
2018-07-18,-0.12067029625177383
2018-07-19,-0.1248403787612915
2018-07-20,-0.12931273877620697
2018-07-21,-0.11994237452745438
2018-07-22,-0.11544281989336014
2018-07-23,-0.1047353744506836
2018-07-24,-0.09497016668319702
2018-07-25,-0.0946945771574974
2018-07-26,-0.08599943667650223
2018-07-27,-0.07089784741401672
2018-07-28,-0.030430812388658524
2018-07-29,-0.02866799384355545
2018-07-30,-0.03649074211716652
2018-07-31,-0.019122853875160217
2018-08-01,-0.00878574512898922
2018-08-02,0.0003090538957621902
2018-08-03,0.009018355049192905
2018-08-04,-0.0037410494405776262
2018-08-05,-0.014617807231843472
2018-08-06,-0.016032004728913307
2018-08-07,-0.02784883603453636
2018-08-08,-0.025746138766407967
2018-08-09,-0.028170553967356682
2018-08-10,-0.011960675939917564
2018-08-11,-0.024894731119275093
2018-08-12,-0.018825123086571693
2018-08-13,-0.024602683261036873
2018-08-14,-0.0476449579000473
2018-08-15,-0.0794350653886795
2018-08-16,-0.08328503370285034
2018-08-17,-0.08561135828495026
2018-08-18,-0.09287117421627045
2018-08-19,-0.06784435361623764
2018-08-20,-0.06763517111539841
2018-08-21,-0.05021454766392708
2018-08-22,-0.04004540666937828
2018-08-23,-0.040693145245313644
2018-08-24,-0.03382675722241402
2018-08-25,-0.032936107367277145
2018-08-26,-0.04532400146126747
2018-08-27,-0.03879856318235397
2018-08-28,-0.014960089698433876
2018-08-29,0.002487558638677001
2018-08-30,0.013681785203516483
2018-08-31,0.019114866852760315
2018-09-01,0.03825928270816803
2018-09-02,0.04022833704948425
2018-09-03,0.027134308591485023
2018-09-04,0.016659408807754517
2018-09-05,0.02292466349899769
2018-09-06,0.03138590604066849
2018-09-07,0.04306675121188164
2018-09-08,0.04357603192329407
2018-09-09,0.03571067005395889
2018-09-10,0.02909807488322258
2018-09-11,0.021921860054135323
2018-09-12,0.019267171621322632
2018-09-13,0.007229162845760584
2018-09-14,-0.003011028515174985
2018-09-15,-0.00894757267087698
2018-09-16,-0.030465560033917427
2018-09-17,-0.011678415350615978
2018-09-18,-0.013501872308552265
2018-09-19,-0.01866774447262287
2018-09-20,-0.018666990101337433
2018-09-21,-0.030934900045394897
2018-09-22,-0.031111642718315125
2018-09-23,-0.02018957957625389
2018-09-24,-0.01943375915288925
2018-09-25,-0.015898138284683228
2018-09-26,-0.014600113965570927
2018-09-27,-0.0011504836147651076
2018-09-28,-0.002532969694584608
2018-09-29,0.019570522010326385
2018-09-30,0.030232682824134827
2018-10-01,0.056281864643096924
2018-10-02,0.08097011595964432
2018-10-03,0.09743258357048035
2018-10-04,0.10178603231906891
2018-10-05,0.09542582929134369
2018-10-06,0.08811111003160477
2018-10-07,0.09726143628358841
2018-10-08,0.11045558005571365
2018-10-09,0.0915304645895958
2018-10-10,0.09791689366102219
2018-10-11,0.087004654109478
2018-10-12,0.0802043005824089
2018-10-13,0.06896605342626572
2018-10-14,0.0699477270245552
2018-10-15,0.04916927218437195
2018-10-16,0.04764900729060173
2018-10-17,0.038937315344810486
2018-10-18,0.02417750656604767
2018-10-19,-0.005418628454208374
2018-10-20,0.016185710206627846
2018-10-21,0.000912632152903825
2018-10-22,0.003373293671756983
2018-10-23,0.00013826826761942357
2018-10-24,0.006692703813314438
2018-10-25,-0.004905544221401215
2018-10-26,0.0002844565606210381
2018-10-27,0.010019432753324509
2018-10-28,0.019360549747943878
2018-10-29,0.027522951364517212
2018-10-30,0.0192071795463562
2018-10-31,0.03236990049481392
2018-11-01,0.04292292520403862
2018-11-02,0.04434878006577492
2018-11-03,0.054546110332012177
2018-11-04,0.04006754606962204
2018-11-05,0.046095628291368484
2018-11-06,0.04412219673395157
2018-11-07,0.03393653780221939
2018-11-08,0.029934486374258995
2018-11-09,0.03860442712903023
2018-11-10,0.04257960245013237
2018-11-11,0.034534912556409836
2018-11-12,0.0411040224134922
2018-11-13,0.05447369068861008
2018-11-14,0.06897056847810745
2018-11-15,0.06537408381700516
2018-11-16,0.06359484046697617
2018-11-17,0.07109434902667999
2018-11-18,0.06184316799044609
2018-11-19,0.051052212715148926
2018-11-20,0.06642989069223404
2018-11-21,0.043284934014081955
2018-11-22,0.04576689749956131
2018-11-23,0.042524874210357666
2018-11-24,0.05240609496831894
2018-11-25,0.08138284832239151
2018-11-26,0.08791489899158478
2018-11-27,0.08263630419969559
2018-11-28,0.08706694096326828
2018-11-29,0.08118990063667297
2018-11-30,0.08020985126495361
2018-12-01,0.08592890948057175
2018-12-02,0.08788376301527023
2018-12-03,0.09130486845970154
2018-12-04,0.08689961582422256
2018-12-05,0.09085727483034134
2018-12-06,0.07743918150663376
2018-12-07,0.06184011325240135
2018-12-08,0.04899470880627632
2018-12-09,0.06793545931577682
2018-12-10,0.05920702964067459
2018-12-11,0.032605260610580444
2018-12-12,0.020798664540052414
2018-12-13,0.010149438865482807
2018-12-14,0.008898712694644928
2018-12-15,0.006439574994146824
2018-12-16,0.00904597993940115
2018-12-17,0.0053491489961743355
2018-12-18,-0.0117496931925416
2018-12-19,-0.011222457513213158
2018-12-20,-0.026046767830848694
2018-12-21,-0.03927372023463249
2018-12-22,-0.03985417261719704
2018-12-23,-0.03818411007523537
2018-12-24,-0.03366086632013321
2018-12-25,-0.05965840071439743
2018-12-26,-0.07264837622642517
2018-12-27,-0.0662451758980751
2018-12-28,-0.06967595219612122
2018-12-29,-0.07144743949174881
2018-12-30,-0.0593341626226902
2018-12-31,-0.05504904314875603
2019-01-01,-0.0672229677438736
2019-01-02,-0.0782163217663765
2019-01-03,-0.09133441001176834
2019-01-04,-0.09150660783052444
2019-01-05,-0.08966054767370224
2019-01-06,-0.08388876914978027
2019-01-07,-0.07290630042552948
2019-01-08,-0.06659345328807831
2019-01-09,-0.07115665823221207
2019-01-10,-0.08205295354127884
2019-01-11,-0.08978099375963211
2019-01-12,-0.09756743162870407
2019-01-13,-0.083853580057621
2019-01-14,-0.09718864411115646
2019-01-15,-0.09636715054512024
2019-01-16,-0.08712398260831833
2019-01-17,-0.09584023058414459
2019-01-18,-0.09057452529668808
2019-01-19,-0.0814184918999672
2019-01-20,-0.07316595315933228
2019-01-21,-0.07046468555927277
2019-01-22,-0.09156091511249542
2019-01-23,-0.1054363027215004
2019-01-24,-0.11117993295192719
2019-01-25,-0.10548620671033859
2019-01-26,-0.08528359234333038
2019-01-27,-0.08376307040452957
2019-01-28,-0.09195585548877716
2019-01-29,-0.10507319867610931
2019-01-30,-0.10853797942399979
2019-01-31,-0.11023175716400146
2019-02-01,-0.09471340477466583
2019-02-02,-0.07716453820466995
2019-02-03,-0.05664408206939697
2019-02-04,-0.047233473509550095
2019-02-05,-0.036849360913038254
2019-02-06,-0.03250003233551979
2019-02-07,-0.030525535345077515
2019-02-08,-0.027011098340153694
2019-02-09,-0.018932998180389404
2019-02-10,-0.0005289468681439757
2019-02-11,-0.006975126918405294
2019-02-12,-0.014792049303650856
2019-02-13,-0.007368807680904865
2019-02-14,-0.018099863082170486
2019-02-15,-0.015609623864293098
2019-02-16,-0.020104339346289635
2019-02-17,-0.0034490604884922504
2019-02-18,0.002895133104175329
2019-02-19,0.012150328606367111
2019-02-20,0.01888926513493061
2019-02-21,0.03475980460643768
2019-02-22,0.03785460814833641
2019-02-23,0.04203221574425697
2019-02-24,0.061440423130989075
2019-02-25,0.05244963988661766
2019-02-26,0.05234840139746666
2019-02-27,0.05522875860333443
2019-02-28,0.05933127924799919
2019-03-01,0.0716564953327179
2019-03-02,0.08856035023927689
2019-03-03,0.09995841234922409
2019-03-04,0.11571580171585083
2019-03-05,0.1296500414609909
2019-03-06,0.13092130422592163
2019-03-07,0.12218884378671646
2019-03-08,0.11613123118877411
2019-03-09,0.1079833060503006
2019-03-10,0.10073651373386383
2019-03-11,0.10153642296791077
2019-03-12,0.10271086543798447
2019-03-13,0.10517926514148712
2019-03-14,0.10117259621620178
2019-03-15,0.10084063559770584
2019-03-16,0.12636393308639526
2019-03-17,0.11580715328454971
2019-03-18,0.13171762228012085
2019-03-19,0.14489249885082245
2019-03-20,0.15290220081806183
2019-03-21,0.14996300637722015
2019-03-22,0.13255098462104797
2019-03-23,0.11086428165435791
2019-03-24,0.11267100274562836
2019-03-25,0.09600819647312164
2019-03-26,0.08777176588773727
2019-03-27,0.08144037425518036
2019-03-28,0.0705609917640686
2019-03-29,0.06364231556653976
2019-03-30,0.04174244403839111
2019-03-31,0.03667717054486275
2019-04-01,0.03300224617123604
2019-04-02,0.032856423407793045
2019-04-03,0.03379843384027481
2019-04-04,0.048859380185604095
2019-04-05,0.05652338266372681
2019-04-06,0.07683961093425751
2019-04-07,0.08125817030668259
2019-04-08,0.0865861251950264
2019-04-09,0.07671236991882324
2019-04-10,0.06743926554918289
2019-04-11,0.059926893562078476
2019-04-12,0.06752923876047134
2019-04-13,0.07721374183893204
2019-04-14,0.08587225526571274
2019-04-15,0.10873641818761826
2019-04-16,0.10689327865839005
2019-04-17,0.11500245332717896
2019-04-18,0.12375438213348389
2019-04-19,0.1393565982580185
2019-04-20,0.13701479136943817
2019-04-21,0.14280371367931366
2019-04-22,0.1433034986257553
2019-04-23,0.15287545323371887
2019-04-24,0.1583564579486847
2019-04-25,0.145663782954216
2019-04-26,0.1467251479625702
2019-04-27,0.16499736905097961
2019-04-28,0.18526585400104523
2019-04-29,0.18531939387321472
2019-04-30,0.20253552496433258
2019-05-01,0.1914246827363968
2019-05-02,0.1786360889673233
2019-05-03,0.19189955294132233
2019-05-04,0.21682681143283844
2019-05-05,0.23400062322616577
2019-05-06,0.21985891461372375
2019-05-07,0.19324469566345215
2019-05-08,0.173325777053833
2019-05-09,0.15659645199775696
2019-05-10,0.14188836514949799
2019-05-11,0.12348101288080215
2019-05-12,0.10605084896087646
2019-05-13,0.08119888603687286
2019-05-14,0.06348568201065063
2019-05-15,0.05503658577799797
2019-05-16,0.049275562167167664
2019-05-17,0.042519181966781616
2019-05-18,0.04105190187692642
2019-05-19,0.06673799455165863
2019-05-20,0.05751751735806465
2019-05-21,0.04362809285521507
2019-05-22,0.030972279608249664
2019-05-23,0.010325005277991295
2019-05-24,-0.0055489432998001575
2019-05-25,-0.00672217458486557
2019-05-26,0.00152489822357893
2019-05-27,0.0067366305738687515
2019-05-28,-0.0030719591304659843
2019-05-29,-0.014362441375851631
2019-05-30,-0.03202830255031586
2019-05-31,-0.0513143464922905
2019-06-01,-0.09089761972427368
2019-06-02,-0.10722459852695465
2019-06-03,-0.12066095322370529
2019-06-04,-0.14180058240890503
2019-06-05,-0.16558852791786194
2019-06-06,-0.1786649227142334
2019-06-07,-0.19398531317710876
2019-06-08,-0.20523931086063385
2019-06-09,-0.21882441639900208
2019-06-10,-0.2177620232105255
2019-06-11,-0.21510346233844757
2019-06-12,-0.21106797456741333
2019-06-13,-0.2094476968050003
2019-06-14,-0.2062927931547165
2019-06-15,-0.19201873242855072
2019-06-16,-0.1977635771036148
2019-06-17,-0.18467861413955688
2019-06-18,-0.1850186437368393
2019-06-19,-0.16464416682720184
2019-06-20,-0.1627505123615265
2019-06-21,-0.1675209254026413
2019-06-22,-0.1822870969772339
2019-06-23,-0.17515631020069122
2019-06-24,-0.18032529950141907
2019-06-25,-0.1823873072862625
2019-06-26,-0.1803802102804184
2019-06-27,-0.17489442229270935
2019-06-28,-0.15996013581752777
2019-06-29,-0.14333613216876984
2019-06-30,-0.14666089415550232
2019-07-01,-0.15692046284675598
2019-07-02,-0.16208647191524506
2019-07-03,-0.14505472779273987
2019-07-04,-0.15286779403686523
2019-07-05,-0.1388954073190689
2019-07-06,-0.1492602825164795
2019-07-07,-0.12519632279872894
2019-07-08,-0.13508202135562897
2019-07-09,-0.142333984375
2019-07-10,-0.13100412487983704
2019-07-11,-0.12306036055088043
2019-07-12,-0.12420691549777985
2019-07-13,-0.10908754169940948
2019-07-14,-0.10482600331306458
2019-07-15,-0.10214614868164062
2019-07-16,-0.10488107055425644
2019-07-17,-0.09736888110637665
2019-07-18,-0.08895247429609299
2019-07-19,-0.09047732502222061
2019-07-20,-0.07154767215251923
2019-07-21,-0.0471208356320858
2019-07-22,-0.03765800595283508
2019-07-23,-0.03136809170246124
2019-07-24,-0.043252795934677124
2019-07-25,-0.07007911056280136
2019-07-26,-0.0661410316824913
2019-07-27,-0.05490387603640556
2019-07-28,-0.043688949197530746
2019-07-29,-0.04256482049822807
2019-07-30,-0.037944402545690536
2019-07-31,-0.037615884095430374
2019-08-01,-0.05733633413910866
2019-08-02,-0.07347141206264496
2019-08-03,-0.08186107873916626
2019-08-04,-0.06241583451628685
2019-08-05,-0.06666111201047897
2019-08-06,-0.11317659169435501
2019-08-07,-0.13614104688167572
2019-08-08,-0.14991062879562378
2019-08-09,-0.18662184476852417
2019-08-10,-0.18484222888946533
2019-08-11,-0.17114035785198212
2019-08-12,-0.1849285215139389
2019-08-13,-0.20176765322685242
2019-08-14,-0.21752044558525085
2019-08-15,-0.24465276300907135
2019-08-16,-0.25772660970687866
2019-08-17,-0.28445398807525635
2019-08-18,-0.293925404548645
2019-08-19,-0.28161466121673584
2019-08-20,-0.28908950090408325
2019-08-21,-0.2873934507369995
2019-08-22,-0.29023125767707825
2019-08-23,-0.2915557622909546
2019-08-24,-0.3084600567817688
2019-08-25,-0.30694764852523804
2019-08-26,-0.299496591091156
2019-08-27,-0.27667486667633057
2019-08-28,-0.2507239580154419
2019-08-29,-0.20580509305000305
2019-08-30,-0.20404702425003052
2019-08-31,-0.19546091556549072
2019-09-01,-0.17670489847660065
2019-09-02,-0.173501655459404
2019-09-03,-0.1926884800195694
2019-09-04,-0.19190745055675507
2019-09-05,-0.18795767426490784
2019-09-06,-0.1870686560869217
2019-09-07,-0.1912144124507904
2019-09-08,-0.20238645374774933
2019-09-09,-0.20158474147319794
2019-09-10,-0.19851534068584442
2019-09-11,-0.19644606113433838
2019-09-12,-0.18147216737270355
2019-09-13,-0.17184773087501526
2019-09-14,-0.1717981994152069
2019-09-15,-0.16417504847049713
2019-09-16,-0.17751261591911316
2019-09-17,-0.1854555606842041
2019-09-18,-0.1818203181028366
2019-09-19,-0.19583797454833984
2019-09-20,-0.19454197585582733
2019-09-21,-0.1979801058769226
2019-09-22,-0.186567023396492
2019-09-23,-0.18288354575634003
2019-09-24,-0.15617486834526062
2019-09-25,-0.14910803735256195
2019-09-26,-0.1415219008922577
2019-09-27,-0.14030134677886963
2019-09-28,-0.16408845782279968
2019-09-29,-0.15399175882339478
2019-09-30,-0.14813664555549622
2019-10-01,-0.16456691920757294
2019-10-02,-0.1870407611131668
2019-10-03,-0.19782976806163788
2019-10-04,-0.19876089692115784
2019-10-05,-0.2021518051624298
2019-10-06,-0.22181198000907898
2019-10-07,-0.22739318013191223
2019-10-08,-0.2464558184146881
2019-10-09,-0.2475946545600891
2019-10-10,-0.25803712010383606
2019-10-11,-0.2388230264186859
2019-10-12,-0.21451574563980103
2019-10-13,-0.19541595876216888
2019-10-14,-0.1939469277858734
2019-10-15,-0.18602564930915833
2019-10-16,-0.18214303255081177
2019-10-17,-0.1930481642484665
2019-10-18,-0.18683978915214539
2019-10-19,-0.19085098803043365
2019-10-20,-0.1871047019958496
2019-10-21,-0.18056604266166687
2019-10-22,-0.1786728799343109
2019-10-23,-0.1700809746980667
2019-10-24,-0.16371731460094452
2019-10-25,-0.17687858641147614
2019-10-26,-0.19554677605628967
2019-10-27,-0.17745082080364227
2019-10-28,-0.1694599986076355
2019-10-29,-0.17133308947086334
2019-10-30,-0.1588584929704666
2019-10-31,-0.1610572785139084
2019-11-01,-0.143499493598938
2019-11-02,-0.13194739818572998
2019-11-03,-0.13677383959293365
2019-11-04,-0.12519168853759766
2019-11-05,-0.10089334845542908
2019-11-06,-0.09401130676269531
2019-11-07,-0.09075721353292465
2019-11-08,-0.06900212913751602
2019-11-09,-0.06657987087965012
2019-11-10,-0.043436259031295776
2019-11-11,-0.031218672171235085
2019-11-12,-0.02221924625337124
2019-11-13,-0.019941290840506554
2019-11-14,-0.01126042753458023
2019-11-15,0.009856805205345154
2019-11-16,0.020794207230210304
2019-11-17,0.014939259737730026
2019-11-18,-0.021699121221899986
2019-11-19,-0.025005409494042397
2019-11-20,-0.02986273728311062
2019-11-21,-0.02923813834786415
2019-11-22,-0.026836412027478218
2019-11-23,-0.02297324500977993
2019-11-24,-0.0445081926882267
2019-11-25,-0.032795365899801254
2019-11-26,-0.029749587178230286
2019-11-27,-0.03372441232204437
2019-11-28,-0.025334293022751808
2019-11-29,-0.03653644397854805
2019-11-30,-0.021485840901732445
2019-12-01,-0.0065256948582828045
2019-12-02,-0.0002836835919879377
2019-12-03,-0.0033751693554222584
2019-12-04,-0.0029470729641616344
2019-12-05,0.0004706182808149606
2019-12-06,0.010229197330772877
2019-12-07,0.020708242431282997
2019-12-08,0.03445861488580704
2019-12-09,0.015595451928675175
2019-12-10,0.0342383086681366
2019-12-11,0.05532999336719513
2019-12-12,0.05553247779607773
2019-12-13,0.06760223954916
2019-12-14,0.08359284698963165
2019-12-15,0.0997040793299675
2019-12-16,0.09630551934242249
2019-12-17,0.09251216799020767
2019-12-18,0.1087045967578888
2019-12-19,0.11424469202756882
2019-12-20,0.13741810619831085
2019-12-21,0.13582417368888855
2019-12-22,0.12208165228366852
2019-12-23,0.13255560398101807
2019-12-24,0.14814811944961548
2019-12-25,0.15732020139694214
2019-12-26,0.156013622879982
2019-12-27,0.1738869994878769
2019-12-28,0.203456848859787
2019-12-29,0.1963234543800354
2019-12-30,0.17554634809494019
2019-12-31,0.18606214225292206
2020-01-01,0.17678047716617584
2020-01-02,0.1707274317741394
2020-01-03,0.1793179214000702
2020-01-04,0.16723497211933136
2020-01-05,0.15397609770298004
2020-01-06,0.14636172354221344
2020-01-07,0.1296997219324112
2020-01-08,0.11647417396306992
2020-01-09,0.12179168313741684
2020-01-10,0.1387626826763153
2020-01-11,0.13417395949363708
2020-01-12,0.1493082195520401
2020-01-13,0.1474405825138092
2020-01-14,0.13823021948337555
2020-01-15,0.1408081203699112
2020-01-16,0.14760731160640717
2020-01-17,0.14730827510356903
2020-01-18,0.13110047578811646
2020-01-19,0.14721530675888062
2020-01-20,0.13482433557510376
2020-01-21,0.12177331745624542
2020-01-22,0.11718692630529404
2020-01-23,0.10475466400384903
2020-01-24,0.0782095342874527
2020-01-25,0.08791913837194443
2020-01-26,0.09824375063180923
2020-01-27,0.10093195736408234
2020-01-28,0.10116908699274063
2020-01-29,0.09232944995164871
2020-01-30,0.07959616929292679
2020-01-31,0.06633149087429047
2020-02-01,0.04772362858057022
2020-02-02,0.05200411379337311
2020-02-03,0.0315435416996479
2020-02-04,0.012101118452847004
2020-02-05,0.03660888224840164
2020-02-06,0.03425956517457962
2020-02-07,0.019942156970500946
2020-02-08,0.027715561911463737
2020-02-09,0.04439234361052513
2020-02-10,0.04814808443188667
2020-02-11,0.052048180252313614
2020-02-12,0.044803187251091
2020-02-13,0.054102323949337006
2020-02-14,0.049727313220500946
2020-02-15,0.04940629377961159
2020-02-16,0.04793010279536247
2020-02-17,0.04916650429368019
2020-02-18,0.03447378799319267
2020-02-19,0.028755636885762215
2020-02-20,0.008846992626786232
2020-02-21,-0.010991697199642658
2020-02-22,-0.014044390060007572
2020-02-23,-0.012724298052489758
2020-02-24,-0.002426543738692999
2020-02-25,-0.013380292803049088
2020-02-26,-0.006663665175437927
2020-02-27,-0.02099653333425522
2020-02-28,-0.07600101828575134
2020-02-29,-0.12271343171596527
2020-03-01,-0.16508445143699646
2020-03-02,-0.17267504334449768
2020-03-03,-0.20279192924499512
2020-03-04,-0.24082037806510925
2020-03-05,-0.23149581253528595
2020-03-06,-0.24582038819789886
2020-03-07,-0.25880855321884155
2020-03-08,-0.23723167181015015
2020-03-09,-0.25882992148399353
2020-03-10,-0.29450318217277527
2020-03-11,-0.3022659420967102
2020-03-12,-0.3280944228172302
2020-03-13,-0.35216593742370605
2020-03-14,-0.3598913848400116
2020-03-15,-0.3733803331851959
2020-03-16,-0.3844004273414612
2020-03-17,-0.4121372401714325
2020-03-18,-0.41928061842918396
2020-03-19,-0.4342810809612274
2020-03-20,-0.45367640256881714
2020-03-21,-0.46954599022865295
2020-03-22,-0.4915696978569031
2020-03-23,-0.5052328109741211
2020-03-24,-0.5194233059883118
2020-03-25,-0.5140984654426575
2020-03-26,-0.5199251770973206
2020-03-27,-0.5373650789260864
2020-03-28,-0.5397467017173767
2020-03-29,-0.5438882112503052
2020-03-30,-0.5566619634628296
2020-03-31,-0.5539461970329285
2020-04-01,-0.5635087490081787
2020-04-02,-0.57326340675354
2020-04-03,-0.5899932980537415
2020-04-04,-0.6168248057365417
2020-04-05,-0.6092796921730042
2020-04-06,-0.6075013279914856
2020-04-07,-0.6051816344261169
2020-04-08,-0.5966530442237854
2020-04-09,-0.6039011478424072
2020-04-10,-0.6041732430458069
2020-04-11,-0.5872725248336792
2020-04-12,-0.5830869078636169
2020-04-13,-0.5726186633110046
2020-04-14,-0.5598812103271484
2020-04-15,-0.5765222311019897
2020-04-16,-0.5824740529060364
2020-04-17,-0.5877546072006226
2020-04-18,-0.5841270089149475
2020-04-19,-0.6019675731658936
2020-04-20,-0.6160793304443359
2020-04-21,-0.6179425716400146
2020-04-22,-0.620190441608429
2020-04-23,-0.625872790813446
2020-04-24,-0.6482611894607544
2020-04-25,-0.6421897411346436
2020-04-26,-0.6363440155982971
2020-04-27,-0.6359296441078186
2020-04-28,-0.6217230558395386
2020-04-29,-0.6127945780754089
2020-04-30,-0.6052516102790833
2020-05-01,-0.6113921403884888
2020-05-02,-0.6066794991493225
2020-05-03,-0.6181952953338623
2020-05-04,-0.6184501647949219
2020-05-05,-0.6098132729530334
2020-05-06,-0.6070809364318848
2020-05-07,-0.6234545707702637
2020-05-08,-0.6390541791915894
2020-05-09,-0.6441178321838379
2020-05-10,-0.6596203446388245
2020-05-11,-0.6502662301063538
2020-05-12,-0.6577382683753967
2020-05-13,-0.6469178199768066
2020-05-14,-0.6469811201095581
2020-05-15,-0.6659358143806458
2020-05-16,-0.6642196774482727
2020-05-17,-0.6480974555015564
2020-05-18,-0.6418324112892151
2020-05-19,-0.6367195844650269
2020-05-20,-0.6363598108291626
2020-05-21,-0.6155482530593872
2020-05-22,-0.6459431648254395
2020-05-23,-0.6570126414299011
2020-05-24,-0.6304888129234314
2020-05-25,-0.6345556378364563
2020-05-26,-0.6151017546653748
2020-05-27,-0.6000159978866577
2020-05-28,-0.5980821251869202
2020-05-29,-0.6200783252716064
2020-05-30,-0.6077740788459778
2020-05-31,-0.5996507406234741
2020-06-01,-0.5777705907821655
2020-06-02,-0.6005903482437134
2020-06-03,-0.6053025722503662
2020-06-04,-0.6144046783447266
2020-06-05,-0.6167902946472168
2020-06-06,-0.6155605912208557
2020-06-07,-0.6146007776260376
2020-06-08,-0.6091053485870361
2020-06-09,-0.6193274259567261
2020-06-10,-0.607523500919342
2020-06-11,-0.6004495620727539
2020-06-12,-0.619252622127533
2020-06-13,-0.6220218539237976
2020-06-14,-0.6236158609390259
2020-06-15,-0.6264565587043762
2020-06-16,-0.6183462738990784
2020-06-17,-0.6133400201797485
2020-06-18,-0.6234359741210938
2020-06-19,-0.6100079417228699
2020-06-20,-0.606200098991394
2020-06-21,-0.5928425788879395
2020-06-22,-0.5876710414886475
2020-06-23,-0.5641193389892578
2020-06-24,-0.562124490737915
2020-06-25,-0.5736255049705505
2020-06-26,-0.5812221765518188
2020-06-27,-0.5742786526679993
2020-06-28,-0.5620713233947754
2020-06-29,-0.5507285594940186
2020-06-30,-0.5398225784301758
2020-07-01,-0.5223265886306763
2020-07-02,-0.5229500532150269
2020-07-03,-0.5429248809814453
2020-07-04,-0.5248315334320068
2020-07-05,-0.5142581462860107
2020-07-06,-0.5040159225463867
2020-07-07,-0.4873313307762146
2020-07-08,-0.47706490755081177
2020-07-09,-0.45789775252342224
2020-07-10,-0.4657408595085144
2020-07-11,-0.47439301013946533
2020-07-12,-0.4713219702243805
2020-07-13,-0.4629305899143219
2020-07-14,-0.4797748923301697
2020-07-15,-0.4573780596256256
2020-07-16,-0.4661652445793152
2020-07-17,-0.4664703607559204
2020-07-18,-0.46087414026260376
2020-07-19,-0.4411325752735138
2020-07-20,-0.44805335998535156
2020-07-21,-0.4542835056781769
2020-07-22,-0.429055780172348
2020-07-23,-0.4326689541339874
2020-07-24,-0.45035284757614136
2020-07-25,-0.4619126617908478
2020-07-26,-0.44636523723602295
2020-07-27,-0.41888347268104553
2020-07-28,-0.4204968512058258
2020-07-29,-0.4127330780029297
2020-07-30,-0.415764719247818
2020-07-31,-0.43712764978408813
2020-08-01,-0.4209784269332886
2020-08-02,-0.419328510761261
2020-08-03,-0.41606318950653076
2020-08-04,-0.41303443908691406
2020-08-05,-0.4044698178768158
2020-08-06,-0.4070335328578949
2020-08-07,-0.41464436054229736
2020-08-08,-0.4211071729660034
2020-08-09,-0.40569519996643066
2020-08-10,-0.4096672534942627
2020-08-11,-0.4107556939125061
2020-08-12,-0.3930337429046631
2020-08-13,-0.38687247037887573
2020-08-14,-0.4004516899585724
2020-08-15,-0.38866037130355835
2020-08-16,-0.3744647204875946
2020-08-17,-0.35040777921676636
2020-08-18,-0.3437100350856781
2020-08-19,-0.3246782124042511
2020-08-20,-0.3397471308708191
2020-08-21,-0.3607984483242035
2020-08-22,-0.3577626347541809
2020-08-23,-0.3463885486125946
2020-08-24,-0.346087247133255
2020-08-25,-0.326433002948761
2020-08-26,-0.31536760926246643
2020-08-27,-0.3194968104362488
2020-08-28,-0.33145618438720703
2020-08-29,-0.33278053998947144
2020-08-30,-0.33280861377716064
2020-08-31,-0.3397407829761505
2020-09-01,-0.3244353234767914
2020-09-02,-0.32715168595314026
2020-09-03,-0.3231523931026459
2020-09-04,-0.32410338521003723
2020-09-05,-0.32244187593460083
2020-09-06,-0.3017779290676117
2020-09-07,-0.30857613682746887
2020-09-08,-0.30526137351989746
2020-09-09,-0.30046045780181885
2020-09-10,-0.2884570062160492
2020-09-11,-0.2938401699066162
2020-09-12,-0.2872740626335144
2020-09-13,-0.26946932077407837
2020-09-14,-0.2823222875595093
2020-09-15,-0.28062984347343445
2020-09-16,-0.27486392855644226
2020-09-17,-0.26483750343322754
2020-09-18,-0.28241676092147827
2020-09-19,-0.26515817642211914
2020-09-20,-0.26458442211151123
2020-09-21,-0.2699718475341797
2020-09-22,-0.2639869451522827
2020-09-23,-0.24692213535308838
2020-09-24,-0.2461676150560379
2020-09-25,-0.2599191665649414
2020-09-26,-0.22878992557525635
2020-09-27,-0.23884117603302002
2020-09-28,-0.21571718156337738
2020-09-29,-0.19490888714790344
2020-09-30,-0.18599067628383636
2020-10-01,-0.19140805304050446
2020-10-02,-0.2052312195301056
2020-10-03,-0.2482949048280716
2020-10-04,-0.2439136952161789
2020-10-05,-0.22147321701049805
2020-10-06,-0.2234286367893219
2020-10-07,-0.22364574670791626
2020-10-08,-0.24430638551712036
2020-10-09,-0.26061373949050903
2020-10-10,-0.2505655288696289
2020-10-11,-0.22355161607265472
2020-10-12,-0.2034561038017273
2020-10-13,-0.20911774039268494
2020-10-14,-0.19286653399467468
2020-10-15,-0.19574835896492004
2020-10-16,-0.20887914299964905
2020-10-17,-0.21506334841251373
2020-10-18,-0.1876487135887146
2020-10-19,-0.18476919829845428
2020-10-20,-0.1771027147769928
2020-10-21,-0.1590561419725418
2020-10-22,-0.15620405972003937
2020-10-23,-0.16534340381622314
2020-10-24,-0.16340970993041992
2020-10-25,-0.16577984392642975
2020-10-26,-0.14109185338020325
2020-10-27,-0.13508012890815735
2020-10-28,-0.13215523958206177
2020-10-29,-0.13605819642543793
2020-10-30,-0.13409416377544403
2020-10-31,-0.1058245301246643
2020-11-01,-0.09588748961687088
2020-11-02,-0.0847458615899086
2020-11-03,-0.09476830810308456
2020-11-04,-0.09417683631181717
2020-11-05,-0.08753844350576401
2020-11-06,-0.11804180592298508
2020-11-07,-0.12184242159128189
2020-11-08,-0.11678937822580338
2020-11-09,-0.10022825002670288
2020-11-10,-0.0981435626745224
2020-11-11,-0.10988462716341019
2020-11-12,-0.12224648892879486
2020-11-13,-0.14731797575950623
2020-11-14,-0.15010812878608704
2020-11-15,-0.14067059755325317
2020-11-16,-0.1540723741054535
2020-11-17,-0.13712775707244873
2020-11-18,-0.1353934407234192
2020-11-19,-0.1284056007862091
2020-11-20,-0.1539134830236435
2020-11-21,-0.1407298743724823
2020-11-22,-0.12688085436820984
2020-11-23,-0.10490622371435165
2020-11-24,-0.09663441777229309
2020-11-25,-0.1142965778708458
2020-11-26,-0.15016375482082367
2020-11-27,-0.15062497556209564
2020-11-28,-0.16379910707473755
2020-11-29,-0.17165763676166534
2020-11-30,-0.16583530604839325
2020-12-01,-0.1844806969165802
2020-12-02,-0.1665985882282257
2020-12-03,-0.16021767258644104
2020-12-04,-0.1738642156124115
2020-12-05,-0.17791710793972015
2020-12-06,-0.17049163579940796
2020-12-07,-0.17131280899047852
2020-12-08,-0.1704344004392624
2020-12-09,-0.1632360816001892
2020-12-10,-0.16600097715854645
2020-12-11,-0.17072045803070068
2020-12-12,-0.15373142063617706
2020-12-13,-0.15811966359615326
2020-12-14,-0.13863211870193481
2020-12-15,-0.15677320957183838
2020-12-16,-0.15553265810012817
2020-12-17,-0.16182416677474976
2020-12-18,-0.1652662754058838
2020-12-19,-0.17143291234970093
2020-12-20,-0.1968129724264145
2020-12-21,-0.18093876540660858
2020-12-22,-0.1737276166677475
2020-12-23,-0.15505707263946533
2020-12-24,-0.15715159475803375
2020-12-25,-0.13733187317848206
2020-12-26,-0.12570008635520935
2020-12-27,-0.12932321429252625
2020-12-28,-0.12179747223854065
2020-12-29,-0.1030331701040268
2020-12-30,-0.09233079105615616
2020-12-31,-0.09249463677406311
2021-01-01,-0.11692690849304199
2021-01-02,-0.09837467223405838
2021-01-03,-0.09660463035106659
2021-01-04,-0.0925794243812561
2021-01-05,-0.09794791042804718
2021-01-06,-0.09178420901298523
2021-01-07,-0.07498239725828171
2021-01-08,-0.07870927453041077
2021-01-09,-0.09094046801328659
2021-01-10,-0.08968273550271988
2021-01-11,-0.06364169716835022
2021-01-12,-0.06043724715709686
2021-01-13,-0.055004920810461044
2021-01-14,-0.05667080357670784
2021-01-15,-0.08002135157585144
2021-01-16,-0.059638626873493195
2021-01-17,-0.0804060772061348
2021-01-18,-0.07535354048013687
2021-01-19,-0.07902063429355621
2021-01-20,-0.08450713008642197
2021-01-21,-0.0846734270453453
2021-01-22,-0.10097319632768631
2021-01-23,-0.11475977301597595
2021-01-24,-0.10204694420099258
2021-01-25,-0.08734280616044998
2021-01-26,-0.08122748881578445
2021-01-27,-0.0645916610956192
2021-01-28,-0.05745849758386612
2021-01-29,-0.07065586745738983
2021-01-30,-0.07792212814092636
2021-01-31,-0.04748018831014633
2021-02-01,-0.03217167779803276
2021-02-02,-0.026078559458255768
2021-02-03,-0.022878330200910568
2021-02-04,-0.03249911218881607
2021-02-05,-0.03906157240271568
2021-02-06,-0.035099275410175323
2021-02-07,-0.04099259153008461
2021-02-08,-0.03538692742586136
2021-02-09,-0.02544429898262024
2021-02-10,-0.02490862086415291
2021-02-11,-0.013214779086411
2021-02-12,-0.024043509736657143
2021-02-13,-0.03125539422035217
2021-02-14,-0.03623856604099274
2021-02-15,-0.04371699318289757
2021-02-16,-0.048619575798511505
2021-02-17,-0.039096955209970474
2021-02-18,-0.030614061281085014
2021-02-19,-0.03905072808265686
2021-02-20,-0.025829391553997993
2021-02-21,-0.005751905031502247
2021-02-22,0.002482980489730835
2021-02-23,-0.004657161887735128
2021-02-24,0.006844993680715561
2021-02-25,0.0129708182066679
2021-02-26,-0.00963960587978363
2021-02-27,0.001767039648257196
2021-02-28,-0.00018144908244721591
2021-03-01,-0.0028564080130308867
2021-03-02,0.01853005960583687
2021-03-03,0.036954015493392944
2021-03-04,0.043514516204595566
2021-03-05,0.03737672045826912
2021-03-06,0.05274486541748047
2021-03-07,0.04490237310528755
2021-03-08,0.06033515930175781
2021-03-09,0.060436442494392395
2021-03-10,0.058963678777217865
2021-03-11,0.06341329962015152
2021-03-12,0.059319913387298584
2021-03-13,0.0581839419901371
2021-03-14,0.0696527287364006
2021-03-15,0.06331691145896912
2021-03-16,0.06001579016447067
2021-03-17,0.06787723302841187
2021-03-18,0.06540074944496155
2021-03-19,0.07121768593788147
2021-03-20,0.06542810052633286
2021-03-21,0.06129158288240433
2021-03-22,0.06858354806900024
2021-03-23,0.06149587035179138
2021-03-24,0.06903741508722305
2021-03-25,0.07212453335523605
2021-03-26,0.05801363289356232
2021-03-27,0.03727693855762482
2021-03-28,0.055319737643003464
2021-03-29,0.05189315229654312
2021-03-30,0.05407796427607536
2021-03-31,0.06589217483997345
2021-04-01,0.062085315585136414
2021-04-02,0.05868319794535637
2021-04-03,0.07725301384925842
2021-04-04,0.08778290450572968
2021-04-05,0.10379156470298767
2021-04-06,0.11830978840589523
2021-04-07,0.12218670547008514
2021-04-08,0.12432801723480225
2021-04-09,0.11767439544200897
2021-04-10,0.11356760561466217
2021-04-11,0.12401185929775238
2021-04-12,0.13824015855789185
2021-04-13,0.13799835741519928
2021-04-14,0.13910165429115295
2021-04-15,0.1354440152645111
2021-04-16,0.13540036976337433
2021-04-17,0.11420296877622604
2021-04-18,0.1115056648850441
2021-04-19,0.09740491956472397
2021-04-20,0.10175077617168427
2021-04-21,0.09570620954036713
2021-04-22,0.10402850061655045
2021-04-23,0.08869589865207672
2021-04-24,0.08847259730100632
2021-04-25,0.09815698862075806
2021-04-26,0.11036636680364609
2021-04-27,0.11793729662895203
2021-04-28,0.13770978152751923
2021-04-29,0.15608547627925873
2021-04-30,0.15795005857944489
2021-05-01,0.18126322329044342
2021-05-02,0.17434994876384735
2021-05-03,0.20036405324935913
2021-05-04,0.19458945095539093
2021-05-05,0.19311974942684174
2021-05-06,0.18452610075473785
2021-05-07,0.1497325450181961
2021-05-08,0.13272610306739807
2021-05-09,0.1424405723810196
2021-05-10,0.14518298208713531
2021-05-11,0.124139204621315
2021-05-12,0.11040183901786804
2021-05-13,0.10410469770431519
2021-05-14,0.09315513074398041
2021-05-15,0.1004517525434494
2021-05-16,0.10640103369951248
2021-05-17,0.10143102705478668
2021-05-18,0.10885565727949142
2021-05-19,0.11893385648727417
2021-05-20,0.10792941600084305
2021-05-21,0.08663506805896759
2021-05-22,0.11125786602497101
2021-05-23,0.10214347392320633
2021-05-24,0.09795118868350983
2021-05-25,0.10135693103075027
2021-05-26,0.10176459699869156
2021-05-27,0.0981256365776062
2021-05-28,0.09914311021566391
2021-05-29,0.10127238184213638
2021-05-30,0.10474275052547455
2021-05-31,0.09346266090869904
2021-06-01,0.07946605980396271
2021-06-02,0.07195721566677094
2021-06-03,0.0739508867263794
2021-06-04,0.06894205510616302
2021-06-05,0.08088020980358124
2021-06-06,0.08857233822345734
2021-06-07,0.0769001692533493
2021-06-08,0.07423962652683258
2021-06-09,0.10174678266048431
2021-06-10,0.10169798880815506
2021-06-11,0.08800353854894638
2021-06-12,0.07237774133682251
2021-06-13,0.084287628531456
2021-06-14,0.08717872202396393
2021-06-15,0.07759323716163635
2021-06-16,0.07176685333251953
2021-06-17,0.08480782061815262
2021-06-18,0.08045904338359833
2021-06-19,0.08440204709768295
2021-06-20,0.09112382680177689
2021-06-21,0.10736308246850967
2021-06-22,0.10496940463781357
2021-06-23,0.09245342761278152
2021-06-24,0.08774393796920776
2021-06-25,0.06915930658578873
2021-06-26,0.07139505445957184
2021-06-27,0.08498827368021011
2021-06-28,0.09601277858018875
2021-06-29,0.0824747160077095
2021-06-30,0.0804201066493988
2021-07-01,0.08222602307796478
2021-07-02,0.08055815100669861
2021-07-03,0.09125734120607376
2021-07-04,0.0916355699300766
2021-07-05,0.07969394326210022
2021-07-06,0.08530078828334808
2021-07-07,0.07725997269153595
2021-07-08,0.06913557648658752
2021-07-09,0.05425462871789932
2021-07-10,0.07648514956235886
2021-07-11,0.08243095874786377
2021-07-12,0.0872858315706253
2021-07-13,0.08918479830026627
2021-07-14,0.11024753004312515
2021-07-15,0.1303594708442688
2021-07-16,0.1215905025601387
2021-07-17,0.11139509826898575
2021-07-18,0.11186347901821136
2021-07-19,0.11603424698114395
2021-07-20,0.10076012462377548
2021-07-21,0.11060477048158646
2021-07-22,0.09193560481071472
2021-07-23,0.07782289385795593
2021-07-24,0.06152043119072914
2021-07-25,0.07862319052219391
2021-07-26,0.10029343515634537
2021-07-27,0.0989178940653801
2021-07-28,0.09629478305578232
2021-07-29,0.09409958869218826
2021-07-30,0.09654821455478668
2021-07-31,0.07833299785852432
2021-08-01,0.07173199951648712
2021-08-02,0.06425409764051437
2021-08-03,0.07423625886440277
2021-08-04,0.06565061956644058
2021-08-05,0.07290701568126678
2021-08-06,0.06914673000574112
2021-08-07,0.08342850208282471
2021-08-08,0.06447596102952957
2021-08-09,0.04728830233216286
2021-08-10,0.05777285248041153
2021-08-11,0.05698246881365776
2021-08-12,0.05033160373568535
2021-08-13,0.06581759452819824
2021-08-14,0.06771164387464523
2021-08-15,0.07915378361940384
2021-08-16,0.07819825410842896
2021-08-17,0.05956690385937691
2021-08-18,0.053513191640377045
2021-08-19,0.06150292232632637
2021-08-20,0.04456382617354393
2021-08-21,0.03283374756574631
2021-08-22,0.006400590296834707
2021-08-23,-0.004399910103529692
2021-08-24,-0.007066996768116951
2021-08-25,-0.0007023890502750874
2021-08-26,0.0013398120645433664
2021-08-27,0.004794042557477951
2021-08-28,0.02791314758360386
2021-08-29,0.04713314399123192
2021-08-30,0.05427718162536621
2021-08-31,0.05530298128724098
2021-09-01,0.04152465611696243
2021-09-02,0.02656891569495201
2021-09-03,0.012204381637275219
2021-09-04,0.00020378571934998035
2021-09-05,0.005433185491710901
2021-09-06,0.0019566386472433805
2021-09-07,-0.0005082972347736359
2021-09-08,0.00025085645029321313
2021-09-09,-0.0062028635293245316
2021-09-10,-0.014670453034341335
2021-09-11,-0.02181144431233406
2021-09-12,-0.0322762057185173
2021-09-13,-0.0250653475522995
2021-09-14,-0.01911124587059021
2021-09-15,-0.03315999358892441
2021-09-16,-0.028593508526682854
2021-09-17,-0.018726063892245293
2021-09-18,-0.00416781660169363
2021-09-19,0.010566651821136475
2021-09-20,-0.0008208209765143692
2021-09-21,-0.04794514924287796
2021-09-22,-0.059707414358854294
2021-09-23,-0.07611942291259766
2021-09-24,-0.08311521261930466
2021-09-25,-0.08773956447839737
2021-09-26,-0.10421653836965561
2021-09-27,-0.10088429600000381
2021-09-28,-0.12215714901685715
2021-09-29,-0.1423945128917694
2021-09-30,-0.15687550604343414
2021-10-01,-0.1564289778470993
2021-10-02,-0.13912127912044525
2021-10-03,-0.14554020762443542
2021-10-04,-0.13366581499576569
2021-10-05,-0.1372782588005066
2021-10-06,-0.15264590084552765
2021-10-07,-0.1752104014158249
2021-10-08,-0.1976384073495865
2021-10-09,-0.19310596585273743
2021-10-10,-0.18652793765068054
2021-10-11,-0.155809223651886
2021-10-12,-0.14496907591819763
2021-10-13,-0.16903746128082275
2021-10-14,-0.16044893860816956
2021-10-15,-0.16188621520996094
2021-10-16,-0.16478125751018524
2021-10-17,-0.1588791161775589
2021-10-18,-0.15466560423374176
2021-10-19,-0.18362590670585632
2021-10-20,-0.17403283715248108
2021-10-21,-0.15108737349510193
2021-10-22,-0.149127796292305
2021-10-23,-0.13824138045310974
2021-10-24,-0.10904936492443085
2021-10-25,-0.0926743894815445
2021-10-26,-0.06290451437234879
2021-10-27,-0.05119316652417183
2021-10-28,-0.027534283697605133
2021-10-29,-0.020314207300543785
2021-10-30,-0.0037042994517832994
2021-10-31,-0.007188654504716396
2021-11-01,-0.01026134192943573
2021-11-02,-0.02193429134786129
2021-11-03,-0.014286253601312637
2021-11-04,-0.0034064860083162785
2021-11-05,0.01154166366904974
2021-11-06,0.03419742360711098
2021-11-07,0.051054585725069046
2021-11-08,0.06929733604192734
2021-11-09,0.07364718616008759
2021-11-10,0.0682152658700943
2021-11-11,0.06034478545188904
2021-11-12,0.056930240243673325
2021-11-13,0.0654401034116745
2021-11-14,0.05767683684825897
2021-11-15,0.04982423409819603
2021-11-16,0.056511372327804565
2021-11-17,0.05431998148560524
2021-11-18,0.05371706187725067
2021-11-19,0.05931264907121658
2021-11-20,0.08748728781938553
2021-11-21,0.09138590842485428
2021-11-22,0.10010642558336258
2021-11-23,0.10913870483636856
2021-11-24,0.10279674082994461
2021-11-25,0.09143368899822235
2021-11-26,0.09131422638893127
2021-11-27,0.07834642380475998
2021-11-28,0.08579226583242416
2021-11-29,0.09082901477813721
2021-11-30,0.05877358838915825
2021-12-01,0.051487766206264496
2021-12-02,0.05347442254424095
2021-12-03,0.037375558167696
2021-12-04,0.04531654343008995
2021-12-05,0.07806911319494247
2021-12-06,0.06668639183044434
2021-12-07,0.06385684013366699
2021-12-08,0.03942670300602913
2021-12-09,0.020351946353912354
2021-12-10,0.007639487273991108
2021-12-11,0.01139367651194334
2021-12-12,0.01109099667519331
2021-12-13,0.00426133256405592
2021-12-14,-0.009791327640414238
2021-12-15,-0.01051260344684124
2021-12-16,-0.015668757259845734
2021-12-17,-0.03502864018082619
2021-12-18,-0.028524592518806458
2021-12-19,-0.01529060397297144
2021-12-20,-0.016458218917250633
2021-12-21,-0.009823535569012165
2021-12-22,5.0939666834892705e-05
2021-12-23,0.014894865453243256
2021-12-24,0.03781244903802872
2021-12-25,-0.03848036378622055
2021-12-26,-0.02922130934894085
2021-12-27,-0.00781694520264864
2021-12-28,0.010991362854838371
2021-12-29,0.020355049520730972
2021-12-30,0.018520455807447433
2021-12-31,0.025484703481197357
2022-01-01,0.03957941383123398
2022-01-02,0.05753730610013008
2022-01-03,0.07480764389038086
2022-01-04,0.09446804970502853
2022-01-05,0.08939838409423828
2022-01-06,0.06954187154769897
2022-01-07,0.061743490397930145
2022-01-08,0.053411759436130524
2022-01-09,0.062077924609184265
2022-01-10,0.06309797614812851
2022-01-11,0.0412168875336647
2022-01-12,0.03269895911216736
2022-01-13,0.026138462126255035
2022-01-14,0.010317252017557621
2022-01-15,0.02674192748963833
2022-01-16,0.02420978993177414
2022-01-17,0.03160219267010689
2022-01-18,0.01913447119295597
2022-01-19,0.015290590934455395
2022-01-20,0.023890525102615356
2022-01-21,0.012300589121878147
2022-01-22,-0.012590065598487854
2022-01-23,-0.013471705839037895
2022-01-24,-0.01868554949760437
2022-01-25,-0.03477412834763527
2022-01-26,-0.04871807619929314
2022-01-27,-0.04527333006262779
2022-01-28,-0.05544227734208107
2022-01-29,-0.06026263162493706
2022-01-30,-0.06237150356173515
2022-01-31,-0.0646560937166214
2022-02-01,-0.0674913302063942
2022-02-02,-0.05817733705043793
2022-02-03,-0.06371231377124786
2022-02-04,-0.05887477472424507
2022-02-05,-0.02097061276435852
2022-02-06,-0.019980810582637787
2022-02-07,-0.02194463461637497
2022-02-08,-0.03068450093269348
2022-02-09,-0.02564728446304798
2022-02-10,-0.020835334435105324
2022-02-11,-0.03638264909386635
2022-02-12,-0.0426902137696743
2022-02-13,-0.02585374005138874
2022-02-14,-0.013610897585749626
2022-02-15,-0.01589268632233143
2022-02-16,-0.017442572861909866
2022-02-17,-0.017271239310503006
2022-02-18,-0.02615596354007721
2022-02-19,-0.0318073108792305
2022-02-20,-0.03813600167632103
2022-02-21,-0.02403939515352249
2022-02-22,-0.03534188121557236
2022-02-23,-0.04977588355541229
2022-02-24,-0.05918583646416664
2022-02-25,-0.0831630527973175
2022-02-26,-0.09205248206853867
2022-02-27,-0.10341937839984894
2022-02-28,-0.11380176991224289
2022-03-01,-0.14042848348617554
2022-03-02,-0.14399783313274384
2022-03-03,-0.14968082308769226
2022-03-04,-0.1484738290309906
2022-03-05,-0.15845680236816406
2022-03-06,-0.16637933254241943
2022-03-07,-0.16653303802013397
2022-03-08,-0.18139122426509857
2022-03-09,-0.1897730827331543
2022-03-10,-0.1816171407699585
2022-03-11,-0.20070931315422058
2022-03-12,-0.19838988780975342
2022-03-13,-0.17954692244529724
2022-03-14,-0.1635429710149765
2022-03-15,-0.18417926132678986
2022-03-16,-0.1909714639186859
2022-03-17,-0.1965973675251007
2022-03-18,-0.20121097564697266
2022-03-19,-0.2136431187391281
2022-03-20,-0.20642782747745514
2022-03-21,-0.21401821076869965
2022-03-22,-0.20331701636314392
2022-03-23,-0.1941807121038437
2022-03-24,-0.20448395609855652
2022-03-25,-0.2103918343782425
2022-03-26,-0.19897930324077606
2022-03-27,-0.1752905398607254
2022-03-28,-0.17399655282497406
2022-03-29,-0.15775136649608612
2022-03-30,-0.1371634304523468
2022-03-31,-0.14618085324764252
2022-04-01,-0.1319607049226761
2022-04-02,-0.11179283261299133
2022-04-03,-0.11360037326812744
2022-04-04,-0.10999138653278351
2022-04-05,-0.11228074133396149
2022-04-06,-0.12755990028381348
2022-04-07,-0.136082261800766
2022-04-08,-0.14728449285030365
2022-04-09,-0.14882829785346985
2022-04-10,-0.13882897794246674
2022-04-11,-0.13296644389629364
2022-04-12,-0.13423357903957367
2022-04-13,-0.1388157159090042
2022-04-14,-0.13404710590839386
2022-04-15,-0.122258260846138
2022-04-16,-0.10244207084178925
2022-04-17,-0.07754126191139221
2022-04-18,-0.06799522042274475
2022-04-19,-0.06057260185480118
2022-04-20,-0.04419321566820145
2022-04-21,-0.04695670306682587
2022-04-22,-0.0532720647752285
2022-04-23,-0.05251073092222214
2022-04-24,-0.04950116574764252
2022-04-25,-0.02014356106519699
2022-04-26,-0.007614360190927982
2022-04-27,7.435339648509398e-05
2022-04-28,-0.018341733142733574
2022-04-29,-0.03215636685490608
2022-04-30,-0.04562920331954956
2022-05-01,-0.06272797286510468
2022-05-02,-0.0661582499742508
2022-05-03,-0.0631009191274643
2022-05-04,-0.06014871969819069
2022-05-05,-0.06193011254072189
2022-05-06,-0.06828559190034866
2022-05-07,-0.07650524377822876
2022-05-08,-0.06942393630743027
2022-05-09,-0.06350377947092056
2022-05-10,-0.06400346755981445
2022-05-11,-0.07174153625965118
2022-05-12,-0.07203209400177002
2022-05-13,-0.05850439891219139
2022-05-14,-0.05353103578090668
2022-05-15,-0.03913715481758118
2022-05-16,-0.03168502822518349
2022-05-17,-0.01679508574306965
2022-05-18,-0.03227026015520096
2022-05-19,-0.05795574560761452
2022-05-20,-0.06918228417634964
2022-05-21,-0.07815633714199066
2022-05-22,-0.07902093976736069
2022-05-23,-0.0670243427157402
2022-05-24,-0.08043023943901062
2022-05-25,-0.10053035616874695
2022-05-26,-0.10768694430589676
2022-05-27,-0.09506650269031525
2022-05-28,-0.0802321508526802
2022-05-29,-0.07016205787658691
2022-05-30,-0.05260113626718521
2022-05-31,-0.05492561683058739
2022-06-01,-0.0404333658516407
2022-06-02,-0.033956971019506454
2022-06-03,-0.021509315818548203
2022-06-04,-0.01468411460518837
2022-06-05,0.0009697306668385863
2022-06-06,-0.00040059073944576085
2022-06-07,-0.024843450635671616
2022-06-08,-0.0413619726896286
2022-06-09,-0.0581011101603508
2022-06-10,-0.06394550204277039
2022-06-11,-0.08679263293743134
2022-06-12,-0.08511289954185486
2022-06-13,-0.09041181951761246
2022-06-14,-0.09949768334627151
2022-06-15,-0.120773546397686
2022-06-16,-0.1295177936553955
2022-06-17,-0.14525562524795532
2022-06-18,-0.14952203631401062
2022-06-19,-0.16209092736244202
2022-06-20,-0.14286306500434875
2022-06-21,-0.15051870048046112
2022-06-22,-0.16480723023414612
2022-06-23,-0.17859506607055664
2022-06-24,-0.1883315145969391
2022-06-25,-0.1667381376028061
2022-06-26,-0.1614212989807129
2022-06-27,-0.16074281930923462
2022-06-28,-0.16892512142658234
2022-06-29,-0.1607796549797058
2022-06-30,-0.1723584234714508
2022-07-01,-0.17467989027500153
2022-07-02,-0.1739143282175064
2022-07-03,-0.1710093468427658
2022-07-04,-0.17156943678855896
2022-07-05,-0.18159016966819763
2022-07-06,-0.20343582332134247
2022-07-07,-0.19990181922912598
2022-07-08,-0.19425280392169952
2022-07-09,-0.17542965710163116
2022-07-10,-0.18116924166679382
2022-07-11,-0.1638876348733902
2022-07-12,-0.17172975838184357
2022-07-13,-0.17387722432613373
2022-07-14,-0.19248510897159576
2022-07-15,-0.19082874059677124
2022-07-16,-0.17862677574157715
2022-07-17,-0.18471106886863708
2022-07-18,-0.19509071111679077
2022-07-19,-0.1876712292432785
2022-07-20,-0.20148898661136627
2022-07-21,-0.1930697113275528
2022-07-22,-0.193827822804451
2022-07-23,-0.18334074318408966
2022-07-24,-0.17735791206359863
2022-07-25,-0.19998544454574585
2022-07-26,-0.2071210741996765
2022-07-27,-0.20623813569545746
2022-07-28,-0.215958371758461
2022-07-29,-0.22051943838596344
2022-07-30,-0.21707367897033691
2022-07-31,-0.20745718479156494
2022-08-01,-0.20594610273838043
2022-08-02,-0.2038961797952652
2022-08-03,-0.20357482135295868
2022-08-04,-0.21497724950313568
2022-08-05,-0.2080928087234497
2022-08-06,-0.191242977976799
2022-08-07,-0.16555599868297577
2022-08-08,-0.15146660804748535
2022-08-09,-0.13859985768795013
2022-08-10,-0.12131256610155106
2022-08-11,-0.12133312225341797
2022-08-12,-0.1067257896065712
2022-08-13,-0.08842190355062485
2022-08-14,-0.05300780013203621
2022-08-15,-0.04905883967876434
2022-08-16,-0.06232476606965065
2022-08-17,-0.054857928305864334
2022-08-18,-0.05004306510090828
2022-08-19,-0.04303937777876854
2022-08-20,-0.03329632431268692
2022-08-21,-0.021207289770245552
2022-08-22,-0.03370879217982292
2022-08-23,-0.03570438176393509
2022-08-24,-0.06752132624387741
2022-08-25,-0.07624980062246323
2022-08-26,-0.09457820653915405
2022-08-27,-0.09199266135692596
2022-08-28,-0.08066176623106003
2022-08-29,-0.09567330032587051
2022-08-30,-0.09062376618385315
2022-08-31,-0.10461883991956711
2022-09-01,-0.11778593808412552
2022-09-02,-0.10446057468652725
2022-09-03,-0.08578972518444061
2022-09-04,-0.0972534567117691
2022-09-05,-0.08188924938440323
2022-09-06,-0.08957013487815857
2022-09-07,-0.08850051462650299
2022-09-08,-0.0852731242775917
2022-09-09,-0.07590827345848083
2022-09-10,-0.0680222138762474
2022-09-11,-0.06080709770321846
2022-09-12,-0.06030309200286865
2022-09-13,-0.06871670484542847
2022-09-14,-0.07853423058986664
2022-09-15,-0.07361617684364319
2022-09-16,-0.07979586720466614
2022-09-17,-0.07215269654989243
2022-09-18,-0.09385143965482712
2022-09-19,-0.09400962293148041
2022-09-20,-0.10533281415700912
2022-09-21,-0.11349121481180191
2022-09-22,-0.1229993999004364
2022-09-23,-0.12711986899375916
2022-09-24,-0.11228430271148682
2022-09-25,-0.10336978733539581
2022-09-26,-0.12862154841423035
2022-09-27,-0.140860915184021
2022-09-28,-0.13932009041309357
2022-09-29,-0.14800772070884705
2022-09-30,-0.17099350690841675
2022-10-01,-0.18239526450634003
2022-10-02,-0.1845797896385193
2022-10-03,-0.17810578644275665
2022-10-04,-0.17763575911521912
2022-10-05,-0.1960311233997345
2022-10-06,-0.23024941980838776
2022-10-07,-0.22699934244155884
2022-10-08,-0.22183755040168762
2022-10-09,-0.1862155646085739
2022-10-10,-0.18134374916553497
2022-10-11,-0.19617457687854767
2022-10-12,-0.23147033154964447
2022-10-13,-0.24287787079811096
2022-10-14,-0.25259748101234436
2022-10-15,-0.2363421767950058
2022-10-16,-0.23072922229766846
2022-10-17,-0.21706634759902954
2022-10-18,-0.21597138047218323
2022-10-19,-0.21798695623874664
2022-10-20,-0.228326678276062
2022-10-21,-0.25342702865600586
2022-10-22,-0.27502793073654175
2022-10-23,-0.2731013298034668
2022-10-24,-0.25684866309165955
2022-10-25,-0.2393009513616562
2022-10-26,-0.24690423905849457
2022-10-27,-0.24909664690494537
2022-10-28,-0.24531617760658264
2022-10-29,-0.22358401119709015
2022-10-30,-0.2087191641330719
2022-10-31,-0.19707819819450378
2022-11-01,-0.18227620422840118
2022-11-02,-0.17605288326740265
2022-11-03,-0.16205768287181854
2022-11-04,-0.1539296954870224
2022-11-05,-0.13897302746772766
2022-11-06,-0.1300387680530548
2022-11-07,-0.11628769338130951
2022-11-08,-0.11159151792526245
2022-11-09,-0.11139154434204102
2022-11-10,-0.12097401171922684
2022-11-11,-0.1211974173784256
2022-11-12,-0.1473567634820938
2022-11-13,-0.13067202270030975
2022-11-14,-0.11520880460739136
2022-11-15,-0.10251978784799576
2022-11-16,-0.09700050950050354
2022-11-17,-0.10127074271440506
2022-11-18,-0.10153660178184509
2022-11-19,-0.11296282708644867
2022-11-20,-0.09838047623634338
2022-11-21,-0.09780634194612503
2022-11-22,-0.11804114282131195
2022-11-23,-0.12385112047195435
2022-11-24,-0.12566719949245453
2022-11-25,-0.11705401539802551
2022-11-26,-0.10312938690185547
2022-11-27,-0.09745920449495316
2022-11-28,-0.09201680123806
2022-11-29,-0.09046534448862076
2022-11-30,-0.08639724552631378
2022-12-01,-0.0871770828962326
2022-12-02,-0.08159855753183365
2022-12-03,-0.07139110565185547
2022-12-04,-0.0890284851193428
2022-12-05,-0.1021532416343689
2022-12-06,-0.10711424052715302
2022-12-07,-0.10740020871162415
2022-12-08,-0.11499056220054626
2022-12-09,-0.1410285085439682
2022-12-10,-0.15256759524345398
2022-12-11,-0.14342959225177765
2022-12-12,-0.14589548110961914
2022-12-13,-0.14472857117652893
2022-12-14,-0.14665630459785461
2022-12-15,-0.13513927161693573
2022-12-16,-0.13438642024993896
2022-12-17,-0.15957531332969666
2022-12-18,-0.15788812935352325
2022-12-19,-0.15253838896751404
2022-12-20,-0.14609943330287933
2022-12-21,-0.14426875114440918
2022-12-22,-0.14425210654735565
2022-12-23,-0.13944950699806213
2022-12-24,-0.1299261897802353
2022-12-25,-0.11788134276866913
2022-12-26,-0.09278374165296555
2022-12-27,-0.09131237119436264
2022-12-28,-0.08113530278205872
2022-12-29,-0.07589930295944214
2022-12-30,-0.07506915181875229
2022-12-31,-0.07903804630041122
2023-01-01,-0.05997603386640549
2023-01-02,-0.056427717208862305
2023-01-03,-0.04205311834812164
2023-01-04,-0.04265094920992851
2023-01-05,-0.04786260053515434
2023-01-06,-0.03991347551345825
2023-01-07,-0.05650027096271515
2023-01-08,-0.05705644562840462
2023-01-09,-0.04483313858509064
2023-01-10,-0.0588507317006588
2023-01-11,-0.07486278563737869
2023-01-12,-0.05995997041463852
2023-01-13,-0.0770760104060173
2023-01-14,-0.08813142776489258
2023-01-15,-0.0800485759973526
2023-01-16,-0.09125614166259766
2023-01-17,-0.09588825702667236
2023-01-18,-0.0972106084227562
2023-01-19,-0.12124571949243546
2023-01-20,-0.13850843906402588
2023-01-21,-0.14069345593452454
2023-01-22,-0.17206425964832306
2023-01-23,-0.17944298684597015
2023-01-24,-0.16904115676879883
2023-01-25,-0.16116556525230408
2023-01-26,-0.16751325130462646
2023-01-27,-0.16694492101669312
2023-01-28,-0.14488589763641357
2023-01-29,-0.13965147733688354
2023-01-30,-0.15888696908950806
2023-01-31,-0.16912315785884857
2023-02-01,-0.1447146087884903
2023-02-02,-0.13329550623893738
2023-02-03,-0.13304951786994934
2023-02-04,-0.12504439055919647
2023-02-05,-0.09931796789169312
2023-02-06,-0.08349964767694473
2023-02-07,-0.07446544617414474
2023-02-08,-0.06456606835126877
2023-02-09,-0.046338312327861786
2023-02-10,-0.034817688167095184
2023-02-11,-0.03256062790751457
2023-02-12,-0.004125411156564951
2023-02-13,-0.0002745640813373029
2023-02-14,0.02546609379351139
2023-02-15,0.02647227980196476
2023-02-16,0.02959180250763893
2023-02-17,0.0070757996290922165
2023-02-18,0.012171505019068718
2023-02-19,0.003730405354872346
2023-02-20,-0.00819945428520441
2023-02-21,-0.008929505944252014
2023-02-22,-0.011133359745144844
2023-02-23,-0.022128699347376823
2023-02-24,-0.02098604291677475
2023-02-25,-0.023869140073657036
2023-02-26,-0.03144959360361099
2023-02-27,-0.013296210207045078
2023-02-28,-0.0007390632526949048
2023-03-01,-0.014837549068033695
2023-03-02,-0.017322642728686333
2023-03-03,0.0033568537328392267
2023-03-04,-0.007920312695205212
2023-03-05,0.01290016807615757
2023-03-06,0.02594457007944584
2023-03-07,0.038866039365530014
2023-03-08,0.028748786076903343
2023-03-09,0.03164901211857796
2023-03-10,0.02187739871442318
2023-03-11,0.012969146482646465
2023-03-12,0.006981893442571163
2023-03-13,-0.011808960698544979
2023-03-14,-0.04251347482204437
2023-03-15,-0.07076670229434967
2023-03-16,-0.10200252383947372
2023-03-17,-0.1228969618678093
2023-03-18,-0.14320436120033264
2023-03-19,-0.16781184077262878
2023-03-20,-0.19907943904399872
2023-03-21,-0.2306901216506958
2023-03-22,-0.24952049553394318
2023-03-23,-0.255267471075058
2023-03-24,-0.25769853591918945
2023-03-25,-0.26543402671813965
2023-03-26,-0.26529714465141296
2023-03-27,-0.29366353154182434
2023-03-28,-0.3224104344844818
2023-03-29,-0.33131977915763855
2023-03-30,-0.34101545810699463
2023-03-31,-0.3149646520614624
2023-04-01,-0.2878285348415375
2023-04-02,-0.28513193130493164
2023-04-03,-0.2759053111076355
2023-04-04,-0.2594764828681946
2023-04-05,-0.2606794238090515
2023-04-06,-0.255654513835907
2023-04-07,-0.2506018877029419
2023-04-08,-0.21710263192653656
2023-04-09,-0.22140610218048096
2023-04-10,-0.21470263600349426
2023-04-11,-0.2159741222858429
2023-04-12,-0.21072930097579956
2023-04-13,-0.20051288604736328
2023-04-14,-0.19644112884998322
2023-04-15,-0.18927404284477234
2023-04-16,-0.16248923540115356
2023-04-17,-0.17517128586769104
2023-04-18,-0.1638452112674713
2023-04-19,-0.16435261070728302
2023-04-20,-0.15714623034000397
2023-04-21,-0.1739996373653412
2023-04-22,-0.1846504807472229
2023-04-23,-0.1867714822292328
2023-04-24,-0.17019852995872498
2023-04-25,-0.18239715695381165
2023-04-26,-0.20129527151584625
2023-04-27,-0.20900818705558777
2023-04-28,-0.22144298255443573
2023-04-29,-0.2506187856197357
2023-04-30,-0.2560949921607971
2023-05-01,-0.24600811302661896
2023-05-02,-0.2594618797302246
2023-05-03,-0.26447856426239014
2023-05-04,-0.2674449384212494
2023-05-05,-0.28459325432777405
2023-05-06,-0.27048760652542114
2023-05-07,-0.2708682119846344
2023-05-08,-0.2995429039001465
2023-05-09,-0.31538695096969604
2023-05-10,-0.3364712595939636
2023-05-11,-0.34626317024230957
2023-05-12,-0.36552801728248596
2023-05-13,-0.36723512411117554
2023-05-14,-0.35325533151626587
2023-05-15,-0.36429134011268616
2023-05-16,-0.35005244612693787
2023-05-17,-0.3503410816192627
2023-05-18,-0.3488214910030365
2023-05-19,-0.3362449109554291
2023-05-20,-0.33550122380256653
2023-05-21,-0.3393898606300354
2023-05-22,-0.35830533504486084
2023-05-23,-0.35718709230422974
2023-05-24,-0.36934152245521545
2023-05-25,-0.3761259913444519
2023-05-26,-0.3883283734321594
2023-05-27,-0.38832464814186096
2023-05-28,-0.39032116532325745
2023-05-29,-0.41133928298950195
2023-05-30,-0.4115424156188965
2023-05-31,-0.4236008822917938
2023-06-01,-0.4008893072605133
2023-06-02,-0.4063844382762909
2023-06-03,-0.4027959406375885
2023-06-04,-0.3930118978023529
2023-06-05,-0.37306052446365356
2023-06-06,-0.3771064579486847
2023-06-07,-0.37874552607536316
2023-06-08,-0.3759573996067047
2023-06-09,-0.3830350339412689
2023-06-10,-0.3620280921459198
2023-06-11,-0.3331972360610962
2023-06-12,-0.30788448452949524
2023-06-13,-0.30239951610565186
2023-06-14,-0.2774505019187927
2023-06-15,-0.26881521940231323
2023-06-16,-0.2639656364917755
2023-06-17,-0.2507515847682953
2023-06-18,-0.21780382096767426
2023-06-19,-0.21009153127670288
2023-06-20,-0.22456461191177368
2023-06-21,-0.24973861873149872
2023-06-22,-0.24447950720787048
2023-06-23,-0.24511228501796722
2023-06-24,-0.23956717550754547
2023-06-25,-0.211971715092659
2023-06-26,-0.20380517840385437
2023-06-27,-0.18350160121917725
2023-06-28,-0.17637600004673004
2023-06-29,-0.16175046563148499
2023-06-30,-0.1366575062274933
2023-07-01,-0.1180630475282669
2023-07-02,-0.08223583549261093
2023-07-03,-0.07484199851751328
2023-07-04,-0.056775420904159546
2023-07-05,-0.059989187866449356
2023-07-06,-0.07071451097726822
2023-07-07,-0.05528828501701355
2023-07-08,-0.03525709733366966
2023-07-09,-0.04193776845932007
2023-07-10,-0.04961559921503067
2023-07-11,-0.05222460255026817
2023-07-12,-0.04002094641327858
2023-07-13,-0.0457022599875927
2023-07-14,-0.04823405668139458
2023-07-15,-0.05348074063658714
2023-07-16,-0.03269334137439728
2023-07-17,-0.015136579051613808
2023-07-18,-0.009158188477158546
2023-07-19,-0.011240189895033836
2023-07-20,-0.013078139163553715
2023-07-21,-0.005333260633051395
2023-07-22,0.007992829196155071
2023-07-23,0.005370070226490498
2023-07-24,-0.006854402367025614
2023-07-25,-0.019470443949103355
2023-07-26,-0.04176893085241318
2023-07-27,-0.04251360893249512
2023-07-28,-0.03622595965862274
2023-07-29,-0.046824198216199875
2023-07-30,-0.030497245490550995
2023-07-31,-0.036337584257125854
2023-08-01,-0.05175304785370827
2023-08-02,-0.07816611230373383
2023-08-03,-0.0824974775314331
2023-08-04,-0.08389423042535782
2023-08-05,-0.06807351857423782
2023-08-06,-0.05286561697721481
2023-08-07,-0.04431447386741638
2023-08-08,-0.057553984224796295
2023-08-09,-0.06387965381145477
2023-08-10,-0.05969272181391716
2023-08-11,-0.059170011430978775
2023-08-12,-0.07517275214195251
2023-08-13,-0.07306638360023499
2023-08-14,-0.07187876105308533
2023-08-15,-0.0791337862610817
2023-08-16,-0.08466829359531403
2023-08-17,-0.08007246255874634
2023-08-18,-0.07758770883083344
2023-08-19,-0.05802135914564133
2023-08-20,-0.03865329921245575
2023-08-21,-0.03994337469339371
2023-08-22,-0.03471687063574791
2023-08-23,-0.01573888026177883
2023-08-24,-0.01608286425471306
2023-08-25,-0.014561830088496208
2023-08-26,-0.0031139894854277372
2023-08-27,-0.00936857145279646
2023-08-28,-0.005238636396825314
2023-08-29,-0.0008977571269497275
2023-08-30,-1.1574302334338427e-06
2023-08-31,0.010486599057912827
2023-09-01,0.024834100157022476
2023-09-02,0.021412858739495277
2023-09-03,0.010875155217945576
2023-09-04,-0.0024991068057715893
2023-09-05,-0.00876517966389656
2023-09-06,-0.023448705673217773
2023-09-07,-0.032620612531900406
2023-09-08,-0.017648819833993912
2023-09-09,-0.001785534666851163
2023-09-10,0.013134327717125416
2023-09-11,0.007375436369329691
2023-09-12,0.008890251629054546
2023-09-13,0.008856970816850662
2023-09-14,0.010806421749293804
2023-09-15,0.02269190363585949
2023-09-16,0.0030651891138404608
2023-09-17,-0.014206326566636562
2023-09-18,-0.016295360401272774
2023-09-19,-0.025772321969270706
2023-09-20,-0.024006318300962448
2023-09-21,-0.022067029029130936
2023-09-22,-0.017826596274971962
2023-09-23,-0.01317332312464714
2023-09-24,-0.01592146046459675
2023-09-25,-0.034633103758096695
2023-09-26,-0.041128236800432205
2023-09-27,-0.05074811726808548
2023-09-28,-0.06797933578491211
2023-09-29,-0.08995742350816727
2023-09-30,-0.11814021319150925
2023-10-01,-0.11590959876775742
2023-10-02,-0.13001903891563416
2023-10-03,-0.14001210033893585
2023-10-04,-0.10286621004343033
2023-10-05,-0.08701785653829575
2023-10-06,-0.08974825590848923
2023-10-07,-0.08048945665359497
2023-10-08,-0.05768018960952759
2023-10-09,-0.0716002807021141
2023-10-10,-0.0999453216791153
2023-10-11,-0.07691199332475662
2023-10-12,-0.06574596464633942
2023-10-13,-0.06607910990715027
2023-10-14,-0.0673203095793724
2023-10-15,-0.07779549807310104
2023-10-16,-0.07848335057497025
2023-10-17,-0.07173202186822891
2023-10-18,-0.04953164979815483
2023-10-19,-0.04228026792407036
2023-10-20,-0.040299370884895325
2023-10-21,-0.042153604328632355
2023-10-22,-0.03718026727437973
2023-10-23,-0.033075734972953796
2023-10-24,-0.022467095404863358
2023-10-25,-0.031828705221414566
2023-10-26,-0.022545598447322845
2023-10-27,-0.014497783035039902
2023-10-28,-0.004608873277902603
2023-10-29,0.00473457295447588
2023-10-30,0.02433283068239689
2023-10-31,0.01809076964855194
2023-11-01,0.01742350310087204
2023-11-02,0.03407176956534386
2023-11-03,0.04242000728845596
2023-11-04,0.046031370759010315
2023-11-05,0.06147873029112816
2023-11-06,0.06175177916884422
2023-11-07,0.05295397341251373
2023-11-08,0.04264770820736885
2023-11-09,0.036626558750867844
2023-11-10,0.02751540206372738
2023-11-11,-0.0021558888256549835
2023-11-12,0.005731129087507725
2023-11-13,-0.005093549843877554
2023-11-14,0.01862836815416813
2023-11-15,0.024944158270955086
2023-11-16,0.029674561694264412
2023-11-17,0.023372532799839973
2023-11-18,0.027072224766016006
2023-11-19,0.04861549288034439
2023-11-20,0.04638240113854408
2023-11-21,0.02102656476199627
2023-11-22,0.03588518872857094
2023-11-23,0.04828975722193718
2023-11-24,0.05115678161382675
2023-11-25,0.04722033441066742
2023-11-26,0.07428616285324097
2023-11-27,0.09067152440547943
2023-11-28,0.10106223821640015
2023-11-29,0.10043894499540329
2023-11-30,0.09852182120084763
2023-12-01,0.11758653074502945
2023-12-02,0.12394734472036362
2023-12-03,0.1280854046344757
2023-12-04,0.1344815194606781
2023-12-05,0.11918723583221436
2023-12-06,0.12685807049274445
2023-12-07,0.1162017434835434
2023-12-08,0.10711073130369186
2023-12-09,0.08195451647043228
2023-12-10,0.09395793825387955
2023-12-11,0.10816699266433716
2023-12-12,0.10504087805747986
2023-12-13,0.10604456812143326
2023-12-14,0.11320191621780396
2023-12-15,0.13267017900943756
2023-12-16,0.12557432055473328
2023-12-17,0.13283441960811615
2023-12-18,0.1280820667743683
2023-12-19,0.11264452338218689
2023-12-20,0.09359893947839737
2023-12-21,0.10485771298408508
2023-12-22,0.12366607040166855
2023-12-23,0.1201723963022232
2023-12-24,0.09775327146053314
2023-12-25,0.11497080326080322
2023-12-26,0.1277940720319748
2023-12-27,0.12172520160675049
2023-12-28,0.12433367222547531
2023-12-29,0.1241944283246994
2023-12-30,0.10976412147283554
2023-12-31,0.12273530662059784
2024-01-01,0.14828532934188843
2024-01-02,0.14920388162136078
2024-01-03,0.15148159861564636
2024-01-04,0.12681347131729126
2024-01-05,0.1258033961057663
2024-01-06,0.13756129145622253
2024-01-07,0.12603840231895447
2024-01-08,0.1316182017326355
2024-01-09,0.10390114039182663
2024-01-10,0.09519654512405396
2024-01-11,0.08233419060707092
2024-01-12,0.06423459202051163
2024-01-13,0.038170285522937775
2024-01-14,0.04285348579287529
2024-01-15,0.025506122037768364
2024-01-16,0.030858928337693214
2024-01-17,0.022092804312705994
2024-01-18,0.022671787068247795
2024-01-19,0.03348919004201889
2024-01-20,0.031126532703638077
2024-01-21,0.044403839856386185
2024-01-22,0.04314074292778969
2024-01-23,0.04456033930182457
2024-01-24,0.051834654062986374
2024-01-25,0.060303304344415665
2024-01-26,0.08502528071403503
2024-01-27,0.0843358188867569
2024-01-28,0.0809868648648262
2024-01-29,0.07450473308563232
2024-01-30,0.049195390194654465
2024-01-31,0.0578182116150856
2024-02-01,0.07241559028625488
2024-02-02,0.09871085733175278
2024-02-03,0.1285606026649475
2024-02-04,0.1298496574163437
2024-02-05,0.153763547539711
2024-02-06,0.16841018199920654
2024-02-07,0.17351257801055908
2024-02-08,0.1678774207830429
2024-02-09,0.16416983306407928
2024-02-10,0.16693951189517975
2024-02-11,0.17609050869941711
2024-02-12,0.1816754937171936
2024-02-13,0.17612670361995697
2024-02-14,0.1798587143421173
2024-02-15,0.1769069880247116
2024-02-16,0.16860604286193848
2024-02-17,0.17728640139102936
2024-02-18,0.1893908828496933
2024-02-19,0.19319523870944977
2024-02-20,0.186298668384552
2024-02-21,0.19024890661239624
2024-02-22,0.1839999407529831
2024-02-23,0.15481728315353394
2024-02-24,0.13048547506332397
2024-02-25,0.14847154915332794
2024-02-26,0.1343994289636612
2024-02-27,0.16507317125797272
2024-02-28,0.1643534153699875
2024-02-29,0.17878657579421997
2024-03-01,0.17243598401546478
2024-03-02,0.15562981367111206
2024-03-03,0.14893001317977905
2024-03-04,0.15317562222480774
2024-03-05,0.1530822068452835
2024-03-06,0.15638603270053864
2024-03-07,0.15688396990299225
2024-03-08,0.1588428020477295
2024-03-09,0.15558843314647675
2024-03-10,0.15940754115581512
2024-03-11,0.16746331751346588
2024-03-12,0.16925276815891266
2024-03-13,0.18425986170768738
2024-03-14,0.19296668469905853
2024-03-15,0.19879405200481415
2024-03-16,0.18814700841903687
2024-03-17,0.20265725255012512
2024-03-18,0.18191412091255188
2024-03-19,0.17328982055187225
2024-03-20,0.18099665641784668
2024-03-21,0.1748577505350113
2024-03-22,0.16979025304317474
2024-03-23,0.1479145586490631
2024-03-24,0.1537950187921524
2024-03-25,0.15262743830680847
2024-03-26,0.15885645151138306
2024-03-27,0.15160927176475525
2024-03-28,0.13488221168518066
2024-03-29,0.1162748858332634
2024-03-30,0.13453137874603271
2024-03-31,0.12471500784158707
2024-04-01,0.14936304092407227
2024-04-02,0.17430837452411652
2024-04-03,0.1652882844209671
2024-04-04,0.15155372023582458
2024-04-05,0.15767504274845123
2024-04-06,0.17473061382770538
2024-04-07,0.16488900780677795
2024-04-08,0.15752139687538147
2024-04-09,0.16112792491912842
2024-04-10,0.14467091858386993
2024-04-11,0.12789231538772583
2024-04-12,0.12664169073104858
2024-04-13,0.12064197659492493
2024-04-14,0.11949929594993591
2024-04-15,0.12234178930521011
2024-04-16,0.13087275624275208
2024-04-17,0.12655632197856903
2024-04-18,0.11352796852588654
2024-04-19,0.08303672820329666
2024-04-20,0.08285443484783173
2024-04-21,0.10789820551872253
2024-04-22,0.10744357109069824
2024-04-23,0.11283097416162491
2024-04-24,0.08123471587896347
2024-04-25,0.056745920330286026
2024-04-26,0.06244181469082832
2024-04-27,0.08424707502126694
2024-04-28,0.07253694534301758
2024-04-29,0.06948509812355042
2024-04-30,0.05822088196873665
2024-05-01,0.050322216004133224
2024-05-02,0.03489905223250389
2024-05-03,0.022566527128219604
2024-05-04,0.053656067699193954
2024-05-05,0.04752223566174507
2024-05-06,0.04341060668230057
2024-05-07,0.05687205120921135
2024-05-08,0.058955177664756775
2024-05-09,0.04719727113842964
2024-05-10,0.039491910487413406
2024-05-11,0.047999102622270584
2024-05-12,0.05721058323979378
2024-05-13,0.04111967608332634
2024-05-14,0.05524226650595665
2024-05-15,0.049839433282613754
2024-05-16,0.05164635553956032
2024-05-17,0.06502237170934677
2024-05-18,0.05217399075627327
2024-05-19,0.05162381753325462
2024-05-20,0.06469498574733734
2024-05-21,0.07297858595848083
2024-05-22,0.07024679332971573
2024-05-23,0.09371450543403625
2024-05-24,0.0943366289138794
2024-05-25,0.08316624164581299
2024-05-26,0.0777638852596283
2024-05-27,0.0819312334060669
2024-05-28,0.07075221836566925
2024-05-29,0.06327879428863525
2024-05-30,0.07044823467731476
2024-05-31,0.061462581157684326
2024-06-01,0.07081709057092667
2024-06-02,0.09590142965316772
2024-06-03,0.08784516155719757
2024-06-04,0.06534011662006378
2024-06-05,0.07627615332603455
2024-06-06,0.0846375972032547
2024-06-07,0.08722449839115143
2024-06-08,0.08866778761148453
2024-06-09,0.11542680114507675
2024-06-10,0.12796664237976074
2024-06-11,0.140257328748703
2024-06-12,0.13248270750045776
2024-06-13,0.1417730152606964
2024-06-14,0.13301537930965424
2024-06-15,0.12791098654270172
2024-06-16,0.12864430248737335
2024-06-17,0.12794768810272217
2024-06-18,0.13164974749088287
2024-06-19,0.10243460536003113
2024-06-20,0.09949807822704315
2024-06-21,0.07562913745641708
2024-06-22,0.06366754323244095
2024-06-23,0.06608504056930542
2024-06-24,0.06415271013975143
2024-06-25,0.058846794068813324
2024-06-26,0.05455213412642479
2024-06-27,0.03329363837838173
2024-06-28,0.02219819836318493
2024-06-29,0.028364460915327072
2024-06-30,0.032110027968883514
2024-07-01,0.03923078998923302
2024-07-02,0.029726259410381317
2024-07-03,0.03456877917051315
2024-07-04,0.03218923881649971
2024-07-05,0.052830811589956284
2024-07-06,0.07597195357084274
2024-07-07,0.060207534581422806
2024-07-08,0.06440405547618866
2024-07-09,0.08658601343631744
2024-07-10,0.09891597926616669
2024-07-11,0.10319067537784576
2024-07-12,0.10034697502851486
2024-07-13,0.0774989053606987
2024-07-14,0.07299987971782684
2024-07-15,0.08525218814611435
2024-07-16,0.0942598432302475
2024-07-17,0.11389107257127762
2024-07-18,0.12251535803079605
2024-07-19,0.11769508570432663
2024-07-20,0.06880504637956619
2024-07-21,0.09520343691110611
2024-07-22,0.12375946342945099
2024-07-23,0.12774334847927094
2024-07-24,0.12531507015228271
2024-07-25,0.12925715744495392
2024-07-26,0.13163702189922333
2024-07-27,0.13946209847927094
2024-07-28,0.13010168075561523
2024-07-29,0.11863211542367935
2024-07-30,0.11985106021165848
2024-07-31,0.11829619854688644
2024-08-01,0.1143353208899498
2024-08-02,0.08198259025812149
2024-08-03,0.042055513709783554
2024-08-04,0.04894957318902016
2024-08-05,0.008771184831857681
2024-08-06,-0.03100002557039261
2024-08-07,-0.041040945798158646
2024-08-08,-0.03706885129213333
2024-08-09,-0.059968918561935425
2024-08-10,-0.0619705393910408
2024-08-11,-0.05479052662849426
2024-08-12,-0.028248149901628494
2024-08-13,-0.005451804958283901
2024-08-14,0.008176199160516262
2024-08-15,0.016078725457191467
2024-08-16,0.028594106435775757
2024-08-17,0.04857512190937996
2024-08-18,0.06895714998245239
2024-08-19,0.06461583822965622
2024-08-20,0.07611501216888428
2024-08-21,0.05277543142437935
2024-08-22,0.03604857623577118
2024-08-23,0.03799623250961304
2024-08-24,0.03634943813085556
2024-08-25,0.05549630522727966
2024-08-26,0.05902506038546562
2024-08-27,0.07818412780761719
2024-08-28,0.08011697232723236
2024-08-29,0.08673899620771408
2024-08-30,0.10280593484640121
2024-08-31,0.08795222640037537
2024-09-01,0.09709981083869934
2024-09-02,0.09188038855791092
2024-09-03,0.09520360827445984
2024-09-04,0.10573317855596542
2024-09-05,0.11045563966035843
2024-09-06,0.0675472691655159
2024-09-07,0.0502963624894619
2024-09-08,0.07020414620637894
2024-09-09,0.06652291119098663
2024-09-10,0.06389521062374115
2024-09-11,0.04867439344525337
2024-09-12,0.04775269329547882
2024-09-13,0.05512835457921028
2024-09-14,0.05952345207333565
2024-09-15,0.0913192629814148
2024-09-16,0.07441306114196777
2024-09-17,0.07892307639122009
2024-09-18,0.08407441526651382
2024-09-19,0.08403684198856354
2024-09-20,0.09751549363136292
2024-09-21,0.0932244285941124
2024-09-22,0.09387029707431793
2024-09-23,0.10232257843017578
2024-09-24,0.08432210236787796
2024-09-25,0.08527593314647675
2024-09-26,0.09813009947538376
2024-09-27,0.07370343059301376
2024-09-28,0.08813133090734482
2024-09-29,0.10677020996809006
2024-09-30,0.11135242134332657
2024-10-01,0.10889965295791626
2024-10-02,0.09938663244247437
2024-10-03,0.11714786291122437
2024-10-04,0.11884447932243347
2024-10-05,0.1408126801252365
2024-10-06,0.14328370988368988
2024-10-07,0.15078729391098022
2024-10-08,0.13043658435344696
2024-10-09,0.1336694359779358
2024-10-10,0.1278228461742401
2024-10-11,0.131292462348938
2024-10-12,0.12338939309120178
2024-10-13,0.1385037750005722
2024-10-14,0.12967215478420258
2024-10-15,0.13606053590774536
2024-10-16,0.15099816024303436
2024-10-17,0.15465189516544342
2024-10-18,0.16146957874298096
2024-10-19,0.1682647168636322
2024-10-20,0.18028157949447632
2024-10-21,0.1995764672756195
2024-10-22,0.21715201437473297
2024-10-23,0.2121269404888153
2024-10-24,0.2078058123588562
2024-10-25,0.19909565150737762
2024-10-26,0.19727450609207153
2024-10-27,0.21059861779212952
2024-10-28,0.19290415942668915
2024-10-29,0.17330770194530487
2024-10-30,0.1848347932100296
2024-10-31,0.18864411115646362
2024-11-01,0.20117679238319397
2024-11-02,0.20210720598697662
2024-11-03,0.2013372927904129
2024-11-04,0.21412910521030426
2024-11-05,0.2364697903394699
2024-11-06,0.2488137036561966
2024-11-07,0.24644236266613007
2024-11-08,0.25832778215408325
2024-11-09,0.26381319761276245
2024-11-10,0.2610348165035248
2024-11-11,0.2680301070213318
2024-11-12,0.26656776666641235
2024-11-13,0.2917971611022949
2024-11-14,0.2997904419898987
2024-11-15,0.2905716598033905
2024-11-16,0.27392035722732544
2024-11-17,0.2658020257949829
2024-11-18,0.2523481249809265
2024-11-19,0.25754818320274353
2024-11-20,0.2535213232040405
2024-11-21,0.24468642473220825
2024-11-22,0.24231798946857452
2024-11-23,0.24495625495910645
2024-11-24,0.23632991313934326
2024-11-25,0.23128686845302582
2024-11-26,0.2311639040708542
2024-11-27,0.2131490409374237
2024-11-28,0.20997093617916107
2024-11-29,0.19414103031158447
2024-11-30,0.17154856026172638
2024-12-01,0.19492734968662262
2024-12-02,0.19500479102134705
2024-12-03,0.19401505589485168
2024-12-04,0.19137564301490784
2024-12-05,0.1944500058889389
2024-12-06,0.19193899631500244
2024-12-07,0.206730917096138
2024-12-08,0.22537992894649506
2024-12-09,0.24711108207702637
2024-12-10,0.26053205132484436
2024-12-11,0.24683836102485657
2024-12-12,0.23877345025539398
2024-12-13,0.22620925307273865
2024-12-14,0.23293185234069824
2024-12-15,0.2075728476047516
2024-12-16,0.195481538772583
2024-12-17,0.2058645635843277
2024-12-18,0.19383233785629272
2024-12-19,0.1721017062664032
2024-12-20,0.14924724400043488
2024-12-21,0.13012076914310455
2024-12-22,0.12406796962022781
2024-12-23,0.12589681148529053
2024-12-24,0.13404063880443573
2024-12-25,0.1290673464536667
2024-12-26,0.13099776208400726
2024-12-27,0.13034632802009583
2024-12-28,0.10721083730459213
2024-12-29,0.09555622935295105
2024-12-30,0.11617632210254669
2024-12-31,0.14461496472358704
2025-01-01,0.15470156073570251
2025-01-02,0.17029790580272675
2025-01-03,0.18643581867218018
2025-01-04,0.19269564747810364
2025-01-05,0.1858496516942978
2025-01-06,0.18059277534484863
2025-01-07,0.18644176423549652
2025-01-08,0.1821185052394867
2025-01-09,0.15401685237884521
2025-01-10,0.1671387106180191
2025-01-11,0.1726408153772354
2025-01-12,0.1821502298116684
2025-01-13,0.18745191395282745
2025-01-14,0.1785910427570343
2025-01-15,0.17377933859825134
2025-01-16,0.15891090035438538
2025-01-17,0.1571386158466339
2025-01-18,0.13202247023582458
2025-01-19,0.11343628168106079
2025-01-20,0.1019403487443924
2025-01-21,0.09820731729269028
2025-01-22,0.10176621377468109
2025-01-23,0.1029796451330185
2025-01-24,0.11344961822032928
2025-01-25,0.11304834485054016
2025-01-26,0.10952773690223694
2025-01-27,0.10352626442909241
2025-01-28,0.09584274888038635
2025-01-29,0.08139590919017792
2025-01-30,0.08560292422771454
2025-01-31,0.09286115318536758
2025-02-01,0.0781303122639656
2025-02-02,0.06929349899291992
2025-02-03,0.06160352751612663
2025-02-04,0.048751261085271835
2025-02-05,0.04014534503221512
2025-02-06,0.04002595692873001
2025-02-07,0.03921354562044144
2025-02-08,0.03768149018287659
2025-02-09,0.040228765457868576
2025-02-10,0.027187472209334373
2025-02-11,0.01856835186481476
2025-02-12,0.03088516555726528
2025-02-13,0.037286050617694855
2025-02-14,0.04015359282493591
2025-02-15,0.05777542293071747
2025-02-16,0.07768327742815018
2025-02-17,0.08811634033918381
2025-02-18,0.09991046786308289
2025-02-19,0.10201817005872726
2025-02-20,0.10958836227655411
2025-02-21,0.12210908532142639
2025-02-22,0.10841735452413559
2025-02-23,0.09324075281620026
2025-02-24,0.09433411806821823
2025-02-25,0.08504792302846909
2025-02-26,0.08863858878612518
2025-02-27,0.07978785783052444
2025-02-28,0.06275035440921783
2025-03-01,0.062194932252168655
2025-03-02,0.057284992188215256
2025-03-03,0.053887929767370224
2025-03-04,0.04900410398840904
2025-03-05,0.036059003323316574
2025-03-06,0.023263394832611084
2025-03-07,0.007157745771110058
2025-03-08,-0.02428429014980793
2025-03-09,-0.03480920568108559
2025-03-10,-0.03465592861175537
2025-03-11,-0.050036292523145676
2025-03-12,-0.06391339004039764
2025-03-13,-0.07937242090702057
2025-03-14,-0.08708500862121582
2025-03-15,-0.09518930315971375
2025-03-16,-0.11883553117513657
2025-03-17,-0.11122211813926697
2025-03-18,-0.12278319895267487
2025-03-19,-0.13158945739269257
2025-03-20,-0.13559439778327942
2025-03-21,-0.12251191586256027
2025-03-22,-0.1280311644077301
2025-03-23,-0.1317056119441986
2025-03-24,-0.12733235955238342
2025-03-25,-0.1277339905500412
2025-03-26,-0.13298583030700684
2025-03-27,-0.1317596286535263
2025-03-28,-0.1309996396303177
2025-03-29,-0.12300460040569305
2025-03-30,-0.10910139977931976
2025-03-31,-0.1052328571677208
2025-04-01,-0.11943717300891876
2025-04-02,-0.12271586060523987
2025-04-03,-0.12932439148426056
2025-04-04,-0.13485507667064667
2025-04-05,-0.14453524351119995
2025-04-06,-0.14239433407783508
2025-04-07,-0.14480848610401154
2025-04-08,-0.15349414944648743
2025-04-09,-0.159149631857872
2025-04-10,-0.15499506890773773
2025-04-11,-0.1643970012664795
2025-04-12,-0.15761682391166687
2025-04-13,-0.14589384198188782
2025-04-14,-0.1406259983778
2025-04-15,-0.14164744317531586
2025-04-16,-0.1531691700220108
2025-04-17,-0.1471129059791565
2025-04-18,-0.14412102103233337
2025-04-19,-0.14029857516288757
2025-04-20,-0.14190517365932465
2025-04-21,-0.14094769954681396
2025-04-22,-0.14154009521007538
2025-04-23,-0.1310371607542038
2025-04-24,-0.13155770301818848
2025-04-25,-0.1419641226530075
2025-04-26,-0.14091679453849792
2025-04-27,-0.13448867201805115
2025-04-28,-0.11642463505268097
2025-04-29,-0.10815508663654327
2025-04-30,-0.10577250272035599
2025-05-01,-0.10897733271121979
2025-05-02,-0.10462264716625214
2025-05-03,-0.09575651586055756
2025-05-04,-0.07588078826665878
2025-05-05,-0.0686517283320427
2025-05-06,-0.0802897959947586
2025-05-07,-0.06388846784830093
2025-05-08,-0.0489453561604023
2025-05-09,-0.03223797678947449
2025-05-10,-0.037362854927778244
2025-05-11,-0.030967343598604202
2025-05-12,-0.017289137467741966
2025-05-13,-0.009342381730675697
2025-05-14,-0.020488163456320763
2025-05-15,-0.02824707329273224
2025-05-16,-0.02434832975268364
2025-05-17,-0.026901856064796448
2025-05-18,-0.041595734655857086
2025-05-19,-0.041030097752809525
2025-05-20,-0.05168026313185692
2025-05-21,-0.0594327449798584
2025-05-22,-0.06784292310476303
2025-05-23,-0.07495530694723129
2025-05-24,-0.08225121349096298
2025-05-25,-0.08474469929933548
2025-05-26,-0.08800237625837326
2025-05-27,-0.0805659219622612
2025-05-28,-0.07627135515213013
2025-05-29,-0.06994108110666275
2025-05-30,-0.0714564099907875
2025-05-31,-0.0819399431347847
2025-06-01,-0.06609425693750381
2025-06-02,-0.07367612421512604
2025-06-03,-0.07380430400371552
2025-06-04,-0.08583888411521912
2025-06-05,-0.0987011268734932
2025-06-06,-0.0990985557436943
2025-06-07,-0.08878058940172195
2025-06-08,-0.0820801705121994
2025-06-09,-0.07496173679828644
2025-06-10,-0.07802128046751022
2025-06-11,-0.06943967193365097
2025-06-12,-0.06835997104644775
2025-06-13,-0.07716891169548035
2025-06-14,-0.07439767569303513
2025-06-15,-0.0700170174241066
2025-06-16,-0.059103842824697495
2025-06-17,-0.05849472060799599
2025-06-18,-0.060559630393981934
2025-06-19,-0.07379648834466934
2025-06-20,-0.07665183395147324
2025-06-21,-0.08296425640583038
2025-06-22,-0.0675419420003891
2025-06-23,-0.05310827121138573
2025-06-24,-0.057794928550720215
2025-06-25,-0.06598372757434845
2025-06-26,-0.07707641273736954
2025-06-27,-0.0768168494105339
2025-06-28,-0.09247114509344101
2025-06-29,-0.08322954177856445
2025-06-30,-0.08245407789945602
2025-07-01,-0.08569458872079849
2025-07-02,-0.08691800385713577
2025-07-03,-0.07721447199583054
2025-07-04,-0.07271318137645721
2025-07-05,-0.062221456319093704
2025-07-06,-0.046010375022888184
2025-07-07,-0.04251911863684654
2025-07-08,-0.03319067135453224
2025-07-09,-0.022168977186083794
2025-07-10,-0.012359336018562317
2025-07-11,-0.024401940405368805
2025-07-12,-0.024205150082707405
2025-07-13,-0.018663564696907997
2025-07-14,-0.016552792862057686
2025-07-15,-0.01022452674806118
2025-07-16,-0.020211033523082733
2025-07-17,-0.019302643835544586
2025-07-18,-0.0240606851875782
2025-07-19,-0.030156860128045082
2025-07-20,-0.017015701159834862
2025-07-21,-0.028867173939943314
2025-07-22,-0.030773641541600227
2025-07-23,-0.018245067447423935
2025-07-24,-0.010486608371138573
2025-07-25,0.00035341130569577217
2025-07-26,0.018636150285601616
2025-07-27,0.019605306908488274
2025-07-28,0.039067234843969345
2025-07-29,0.04513398930430412
2025-07-30,0.04045914486050606
2025-07-31,0.02879488654434681
2025-08-01,0.028078367933630943
2025-08-02,0.02382824383676052
2025-08-03,0.022776568308472633
2025-08-04,0.03641662001609802
2025-08-05,0.0308120958507061
2025-08-06,0.018393293023109436
2025-08-07,0.021080011501908302
2025-08-08,0.01935291849076748
2025-08-09,-0.00034298180253244936
2025-08-10,-0.002333135576918721
2025-08-11,0.023816289380192757
2025-08-12,0.03969443216919899
2025-08-13,0.04910055547952652
2025-08-14,0.06187351047992706
2025-08-15,0.07469239830970764
2025-08-16,0.07455287873744965
2025-08-17,0.0888635516166687
2025-08-18,0.07188716530799866
2025-08-19,0.056708890944719315
2025-08-20,0.06152712553739548
2025-08-21,0.05645027756690979
2025-08-22,0.04944728687405586
2025-08-23,0.04798940196633339
2025-08-24,0.06813500076532364
2025-08-25,0.059189483523368835
2025-08-26,0.04741912707686424
2025-08-27,0.03555277734994888
2025-08-28,0.015135237015783787
2025-08-29,0.010276660323143005
2025-08-30,-0.009451620280742645
2025-08-31,0.001108519732952118
2025-09-01,-0.01253005862236023
2025-09-02,-0.0048732454888522625
2025-09-03,-0.00836656428873539
2025-09-04,-0.02517712116241455
2025-09-05,-0.04279472306370735
2025-09-06,-0.04270981624722481
2025-09-07,-0.0376063734292984
2025-09-08,-0.04266546294093132
2025-09-09,-0.040258657187223434
2025-09-10,-0.03294120728969574
2025-09-11,-0.04943341761827469
2025-09-12,-0.05640426278114319
2025-09-13,-0.04523991048336029
2025-09-14,-0.03378831595182419
2025-09-15,-0.025769801810383797
2025-09-16,-0.03231910243630409
2025-09-17,-0.040847212076187134
2025-09-18,-0.04912717640399933
2025-09-19,-0.05009277164936066
2025-09-20,-0.06076560169458389
2025-09-21,-0.04867248982191086
2025-09-22,-0.031929295510053635
2025-09-23,-0.018070928752422333
2025-09-24,-0.020898105576634407
2025-09-25,-0.025336455553770065
2025-09-26,-0.03366734832525253
2025-09-27,-0.05444508045911789
2025-09-28,-0.039405785501003265
2025-09-29,-0.0400124117732048
2025-09-30,-0.07170315831899643
2025-10-01,-0.07818446308374405
2025-10-02,-0.08832242339849472
2025-10-03,-0.09859789162874222
2025-10-04,-0.11257968842983246
2025-10-05,-0.12652994692325592
2025-10-06,-0.12368763238191605
2025-10-07,-0.11647006124258041
2025-10-08,-0.11016520857810974
2025-10-09,-0.1020979955792427
2025-10-10,-0.11749457567930222
2025-10-11,-0.15293322503566742
2025-10-12,-0.16495072841644287
2025-10-13,-0.15908950567245483
2025-10-14,-0.15086813271045685
2025-10-15,-0.15449915826320648
2025-10-16,-0.15418151021003723
2025-10-17,-0.15580356121063232
2025-10-18,-0.1495906412601471
2025-10-19,-0.12932506203651428
2025-10-20,-0.14032897353172302
2025-10-21,-0.12394516170024872
2025-10-22,-0.12760098278522491
2025-10-23,-0.1369355171918869
2025-10-24,-0.13209845125675201
2025-10-25,-0.12088391929864883
2025-10-26,-0.10519534349441528
2025-10-27,-0.08377809822559357
2025-10-28,-0.0924365445971489
2025-10-29,-0.08862918615341187
2025-10-30,-0.06663918495178223
2025-10-31,-0.06574665009975433
2025-11-01,-0.07212278991937637
2025-11-02,-0.07711175829172134
2025-11-03,-0.08691734075546265
2025-11-04,-0.08954522758722305
2025-11-05,-0.10885968804359436
2025-11-06,-0.11051134765148163
2025-11-07,-0.1220252737402916
2025-11-08,-0.115763358771801
2025-11-09,-0.08846226334571838
2025-11-10,-0.07114114612340927
2025-11-11,-0.06494806706905365
2025-11-12,-0.08354112505912781
2025-11-13,-0.09080259501934052
2025-11-14,-0.08466453850269318
2025-11-15,-0.09161226451396942
2025-11-16,-0.05903126299381256
2025-11-17,-0.07341213524341583
2025-11-18,-0.061936285346746445
2025-11-19,-0.0714607760310173
2025-11-20,-0.06952985376119614
2025-11-21,-0.09274516999721527
2025-11-22,-0.07817085832357407
2025-11-23,-0.034295886754989624
2025-11-24,-0.0543706901371479
2025-11-25,-0.05782005935907364
2025-11-26,-0.06968163698911667
2025-11-27,-0.0576215498149395
2025-11-28,-0.0529727041721344
2025-11-29,-0.02566978707909584
2025-11-30,-0.019163155928254128
2025-12-01,-0.01299507636576891
2025-12-02,-0.001619320479221642
2025-12-03,-0.00967454258352518
2025-12-04,-0.020220570266246796
2025-12-05,-0.022927289828658104
2025-12-06,-0.01464090310037136
2025-12-07,0.02240084670484066
2025-12-08,0.031196195632219315
2025-12-09,0.03854712098836899
2025-12-10,0.039223916828632355
2025-12-11,0.01735428161919117
2025-12-12,0.011608656495809555
2025-12-13,0.003462772350758314
2025-12-14,0.01075435895472765
2025-12-15,0.022700045257806778
2025-12-16,0.025329340249300003
2025-12-17,0.008227118290960789
2025-12-18,-0.006845742464065552
2025-12-19,-0.01327638141810894
2025-12-20,-0.032920852303504944
2025-12-21,-0.02960112690925598
2025-12-22,-0.01613524928689003
2025-12-23,0.007313443813472986
2025-12-24,0.022780977189540863
2025-12-25,0.007588868495076895
2025-12-26,0.012914692983031273
2025-12-27,0.04044506326317787
2025-12-28,0.05674656480550766
2025-12-29,0.06077650934457779
2025-12-30,0.05583390220999718
2025-12-31,0.05915455147624016
2026-01-01,0.04974669963121414
2026-01-02,0.04717707261443138
2026-01-03,0.05759789049625397
2026-01-04,0.07750383019447327
2026-01-05,0.07845299690961838
2026-01-06,0.06053571775555611
2026-01-07,0.04212701693177223
2026-01-08,0.0315815806388855
2026-01-09,0.03611442819237709
2026-01-10,0.04653574898838997
2026-01-11,0.03001287207007408
2026-01-12,0.0233157929033041
2026-01-13,0.017817417159676552
2026-01-14,0.01363292708992958
2026-01-15,0.025300880894064903
2026-01-16,0.0303431935608387
2026-01-17,0.0208679661154747
2026-01-18,0.018234405666589737
2026-01-19,0.01274124812334776
2026-01-20,-0.000365560466889292
2026-01-21,-0.0025084957014769316
2026-01-22,-0.003930996637791395
2026-01-23,0.007054461631923914
2026-01-24,0.004222221672534943
2026-01-25,0.02077168971300125
2026-01-26,0.03442474454641342
2026-01-27,0.03534005582332611
2026-01-28,0.03998294845223427
2026-01-29,0.025288686156272888
2026-01-30,0.028651000931859016
2026-01-31,0.01542334258556366
2026-02-01,0.022559743374586105
2026-02-02,0.02430274896323681
2026-02-03,0.014249816536903381
2026-02-04,0.01730036363005638
2026-02-05,0.019882291555404663
2026-02-06,0.03347209841012955
2026-02-07,0.0328575037419796
2026-02-08,0.028725268319249153
2026-02-09,0.05102216452360153
2026-02-10,0.05458751693367958
2026-02-11,0.05607162415981293
2026-02-12,0.04773158207535744
2026-02-13,0.05872858688235283
2026-02-14,0.027985721826553345
2026-02-15,0.034363240003585815
2026-02-16,0.046577077358961105
2026-02-17,0.034615155309438705
2026-02-18,0.055719900876283646
2026-02-19,0.0570131279528141
2026-02-20,0.05004735291004181
2026-02-21,0.04000454768538475
2026-02-22,0.0666060522198677
2026-02-23,0.06704223155975342
2026-02-24,0.0593053475022316
2026-02-25,0.03843265399336815
2026-02-26,0.04783189296722412
2026-02-27,0.04494037479162216
2026-02-28,0.03209628164768219
2026-03-01,0.021711669862270355
2026-03-02,0.010248378850519657
2026-03-03,-0.013858216814696789
2026-03-04,-0.03362194821238518
2026-03-05,-0.043766576796770096
2026-03-06,-0.06027065962553024
2026-03-07,-0.10023950785398483
2026-03-08,-0.10412311553955078
2026-03-09,-0.13163146376609802
2026-03-10,-0.13136494159698486
2026-03-11,-0.13243256509304047
2026-03-12,-0.15255199372768402
2026-03-13,-0.1586964726448059
2026-03-14,-0.18957704305648804
2026-03-15,-0.16582021117210388
2026-03-16,-0.1695336103439331
2026-03-17,-0.18742169439792633
2026-03-18,-0.17549832165241241
2026-03-19,-0.2050217092037201
2026-03-20,-0.20593062043190002
2026-03-21,-0.20965999364852905
2026-03-22,-0.21169403195381165
2026-03-23,-0.21414366364479065
2026-03-24,-0.2107028365135193
2026-03-25,-0.20871998369693756
2026-03-26,-0.2184496968984604
2026-03-27,-0.21760821342468262
2026-03-28,-0.22157612442970276
2026-03-29,-0.2045166939496994
2026-03-30,-0.20301400125026703
2026-03-31,-0.19066472351551056
2026-04-01,-0.18818601965904236
2026-04-02,-0.1842014193534851
2026-04-03,-0.18954811990261078
2026-04-04,-0.19209004938602448
2026-04-05,-0.19330215454101562
2026-04-06,-0.18016228079795837
2026-04-07,-0.1897197961807251
2026-04-08,-0.2028423249721527
2026-04-09,-0.19887728989124298
2026-04-10,-0.20170053839683533
2026-04-11,-0.1994788497686386
2026-04-12,-0.19651223719120026
2026-04-13,-0.20563377439975739
2026-04-14,-0.20786550641059875
2026-04-15,-0.2144142985343933
2026-04-16,-0.2117273062467575
2026-04-17,-0.19913803040981293
2026-04-18,-0.19157415628433228
2026-04-19,-0.16108140349388123
2026-04-20,-0.1455373615026474
2026-04-21,-0.12218501418828964
2026-04-22,-0.12234032899141312
2026-04-23,-0.1147468239068985
2026-04-24,-0.1111747995018959
2026-04-25,-0.13304458558559418
2026-04-26,-0.12297681719064713
2026-04-27,-0.11094464361667633
2026-04-28,-0.10359589755535126
2026-04-29,-0.12291225790977478
2026-04-30,-0.1145864725112915
2026-05-01,-0.10766828805208206
2026-05-02,-0.11997374892234802
2026-05-03,-0.10499858111143112
2026-05-04,-0.09109257906675339
2026-05-05,-0.07098443061113358
2026-05-06,-0.07059953361749649
2026-05-07,-0.06576785445213318
2026-05-08,-0.06676356494426727
2026-05-09,-0.05956006795167923
2026-05-10,-0.06412593275308609
2026-05-11,-0.06617000699043274
2026-05-12,-0.07691402733325958
2026-05-13,-0.08381851017475128
2026-05-14,-0.08337906002998352
2026-05-15,-0.08136235177516937
2026-05-16,-0.08001995086669922
2026-05-17,-0.07568440586328506
2026-05-18,-0.07461723685264587
2026-05-19,-0.09150579571723938
2026-05-20,-0.08636762201786041
2026-05-21,-0.10029342025518417
2026-05-22,-0.09537333250045776
2026-05-23,-0.0730578750371933
2026-05-24,-0.054669953882694244
2026-05-25,-0.02776391990482807
2026-05-26,-0.031073585152626038
2026-05-27,-0.025119353085756302
2026-05-28,-0.04071984812617302
2026-05-29,-0.031506557017564774
2026-05-30,-0.020979834720492363
2026-05-31,-0.009947960264980793
2026-06-01,-0.012737227603793144
2026-06-02,-0.01134671550244093
2026-06-03,-0.02603725902736187
2026-06-04,-0.03709498047828674
2026-06-05,-0.0450354740023613
2026-06-06,-0.04726744815707207
2026-06-07,-0.04095230624079704
2026-06-08,-0.04473532736301422
2026-06-09,-0.05561831220984459
2026-06-10,-0.04253607988357544
2026-06-11,-0.039189718663692474
2026-06-12,-0.03601730987429619
2026-06-13,-0.050388485193252563
2026-06-14,-0.061212681233882904
2026-06-15,-0.03816908225417137
2026-06-16,-0.021797023713588715
2026-06-17,-0.016097292304039
2026-06-18,-0.029619967564940453
2026-06-19,-0.010457538068294525
2026-06-20,0.014674942009150982
2026-06-21,0.020508361980319023
2026-06-22,0.01903797872364521
2026-06-23,0.014986623078584671
2026-06-24,0.01479412242770195
2026-06-25,0.011787506751716137
2026-06-26,0.01802017167210579
2026-06-27,0.030033573508262634
2026-06-28,0.03611934185028076
2026-06-29,0.05208130553364754
2026-06-30,0.05676347017288208
2026-07-01,0.0585324726998806
2026-07-02,0.069544218480587
2026-07-03,0.07164240628480911
2026-07-04,0.08897961676120758
2026-07-05,0.09642691165208817
2026-07-06,0.1024613305926323
2026-07-07,0.11524159461259842
2026-07-08,0.1089056059718132
2026-07-09,0.10913334786891937
2026-07-10,0.10600277036428452
2026-07-11,0.10950451344251633
2026-07-12,0.11930599063634872
2026-07-13,0.11100009083747864
2026-07-14,0.10861728340387344
2026-07-15,0.0937042087316513
2026-07-16,0.07431535422801971
2026-07-17,0.05719522014260292
2026-07-18,0.050197720527648926
2026-07-19,0.002416080329567194
2026-07-20,0.007958076894283295
2026-07-21,0.009547561407089233
2026-07-22,0.013453713618218899
2026-07-23,0.004028690047562122
2026-07-24,-0.004040480125695467
2026-07-25,0.010456014424562454
2026-07-26,0.011132226325571537
2026-07-27,0.014772606082260609
2026-07-28,0.021400267258286476
2026-07-29,0.013542425818741322
2026-07-30,0.012517073191702366
2026-07-31,0.015122584998607635
2026-08-01,0.004900849889963865
2026-08-02,0.032167017459869385
