DAY,GPRD,GPRD_ACT,GPRD_THREAT
19850101,230.0394287109375,275.1976013183594,153.02798461914062
19850102,115.67697143554688,146.77206420898438,87.44457244873047
19850103,97.42845916748047,158.93765258789062,29.45993423461914
19850104,157.36663818359375,156.8822479248047,157.02635192871094
19850105,81.36131286621094,92.6981430053711,77.31940460205078
19850106,167.3013916015625,166.7864227294922,208.67453002929688
19850107,105.3128433227539,57.26655197143555,143.29788208007812
19850108,87.40283966064453,34.85352325439453,130.8207550048828
19850109,121.40300750732422,103.73941040039062,129.79336547851562
19850110,140.62786865234375,77.88611602783203,181.9011993408203
19850111,94.85326385498047,130.93101501464844,72.80626678466797
19850112,95.55484008789062,42.33809280395508,123.59953308105469
19850113,91.78398895263672,16.63663101196289,138.76593017578125
19850114,211.6362762451172,183.46507263183594,229.5419921875
19850115,97.16864776611328,105.67588806152344,102.83480834960938
19850116,106.32933807373047,114.15604400634766,95.21741485595703
19850117,54.68861770629883,62.308895111083984,38.97882843017578
19850118,111.21331024169922,63.3548469543457,132.11048889160156
19850119,51.59762954711914,41.15104293823242,68.6480712890625
19850120,77.84101867675781,68.97903442382812,86.30298614501953
19850121,138.4081268310547,183.9761199951172,76.72712707519531
19850122,51.75886917114258,61.919464111328125,34.431297302246094
19850123,124.84551239013672,82.97415161132812,138.4172821044922
19850124,83.65069580078125,50.03593063354492,97.3814468383789
19850125,70.1815185546875,13.993098258972168,105.04463195800781
19850126,54.12692642211914,43.168251037597656,72.01317596435547
19850127,63.70322799682617,47.63035583496094,66.21403503417969
19850128,101.4992904663086,36.795223236083984,138.10882568359375
19850129,76.81316375732422,114.86508178710938,47.90441131591797
19850130,16.15886688232422,0.0,26.873207092285156
19850131,111.48065185546875,111.13750457763672,119.18526458740234
19850201,106.61137390136719,106.28321075439453,88.65069580078125
19850202,119.37181091308594,99.1703109741211,132.34854125976562
19850203,112.1636962890625,104.36388397216797,124.35682678222656
19850204,80.3587875366211,89.01270294189453,89.0944595336914
19850205,174.88711547851562,123.06974029541016,239.52207946777344
19850206,124.2212905883789,49.53556823730469,165.2702178955078
19850207,130.9619903564453,76.79933166503906,153.73974609375
19850208,147.8824920654297,103.19910430908203,172.156494140625
19850209,123.83430480957031,144.02865600585938,120.13411712646484
19850210,133.9915008544922,89.0527114868164,185.69688415527344
19850211,139.1835174560547,111.00408172607422,154.31393432617188
19850212,153.86244201660156,126.3202133178711,150.5193328857422
19850213,109.63581848144531,140.52642822265625,78.14195251464844
19850214,80.20745086669922,63.96845245361328,80.03401184082031
19850215,83.9590835571289,60.87320327758789,88.8549575805664
19850216,63.09653091430664,62.902313232421875,52.466739654541016
19850217,68.30036163330078,51.067596435546875,70.99236297607422
19850218,128.75704956054688,163.36819458007812,77.86582946777344
19850219,100.10506439208984,72.57958984375,136.21173095703125
19850220,64.5904541015625,36.795223236083984,92.07255554199219
19850221,85.59606170654297,102.39910888671875,56.94064712524414
19850222,157.74131774902344,104.83718872070312,174.88914489746094
19850223,200.44200134277344,126.20527648925781,228.07994079589844
19850224,91.59173583984375,76.09150695800781,114.24209594726562
19850225,100.12799072265625,99.81978607177734,97.13615417480469
19850226,125.18424224853516,115.19900512695312,112.10189819335938
19850227,120.73139953613281,75.22486114501953,150.58790588378906
19850228,144.7238311767578,144.2783660888672,133.71377563476562
19850301,146.57379150390625,131.51036071777344,134.0687713623047
19850302,149.52561950683594,68.79940032958984,191.2849884033203
19850303,77.75981140136719,15.504091262817383,116.38748168945312
19850304,82.60767364501953,115.29475402832031,68.69086456298828
19850305,137.30850219726562,102.66439056396484,171.2644805908203
19850306,179.05772399902344,178.50656127929688,148.89210510253906
19850307,132.50270080566406,108.78399658203125,129.62371826171875
19850308,91.80326080322266,106.77412414550781,63.61440658569336
19850309,90.13789367675781,67.39533233642578,112.42872619628906
19850310,119.37181091308594,104.12882232666016,124.07674407958984
19850311,129.7350311279297,155.2028350830078,115.0706558227539
19850312,232.9149169921875,343.99700927734375,143.46372985839844
19850313,183.1834716796875,228.27450561523438,177.7099151611328
19850314,177.458984375,221.14093017578125,122.96892547607422
19850315,138.34390258789062,76.62114715576172,191.7288055419922
19850316,194.85691833496094,107.92063903808594,252.04611206054688
19850317,42.651084899902344,28.346534729003906,47.287620544433594
19850318,124.33229064941406,123.9495849609375,132.9251251220703
19850319,139.11045837402344,138.6822509765625,144.59336853027344
19850320,136.23114013671875,128.663818359375,143.0911102294922
19850321,118.58834075927734,110.34176635742188,157.77587890625
19850322,102.77656555175781,110.34176635742188,78.887939453125
19850323,98.71890258789062,109.35003662109375,91.20873260498047
19850324,79.82090759277344,39.78760528564453,132.74716186523438
19850325,75.62940216064453,120.63455963134766,37.73292922973633
19850326,95.38807678222656,103.73941040039062,72.10742950439453
19850327,135.93690490722656,71.32551574707031,166.57907104492188
19850328,145.02024841308594,136.96470642089844,165.016357421875
19850329,86.9967269897461,26.685829162597656,122.42239379882812
19850330,142.69522094726562,142.2559814453125,152.55712890625
19850331,70.31393432617188,46.73167037963867,77.95765686035156
19850401,90.26069641113281,89.98286437988281,90.06552124023438
19850402,79.05889129638672,94.57865142822266,92.03592681884766
19850403,88.79047393798828,68.09012603759766,124.94657135009766
19850404,155.718994140625,127.0142822265625,188.34214782714844
19850405,95.55484008789062,95.26071166992188,79.45684051513672
19850406,179.05772399902344,111.56658935546875,204.7266387939453
19850407,57.538394927978516,81.94469451904297,41.00998306274414
19850408,149.37307739257812,70.07684326171875,204.57852172851562
19850409,96.71730041503906,96.41960144042969,80.42346954345703
19850410,92.4437484741211,107.5190658569336,76.869873046875
19850411,115.97611236572266,101.16673278808594,120.54721069335938
19850412,81.25166320800781,37.385337829589844,103.94354248046875
19850413,29.228540420532227,38.8514289855957,16.202964782714844
19850414,53.42850875854492,53.26405334472656,44.4274787902832
19850415,45.75369644165039,36.490291595458984,45.65475845336914
19850416,135.51412963867188,120.08622741699219,150.24566650390625
19850417,91.42967987060547,112.1824722290039,70.1784439086914
19850418,77.52818298339844,98.3685073852539,58.60646057128906
19850419,37.08098220825195,36.96684265136719,30.83399772644043
19850420,105.83283996582031,63.30424118041992,123.20464324951172
19850421,38.25135803222656,61.01378631591797,25.445762634277344
19850422,50.962581634521484,84.67618560791016,28.25132179260254
19850423,135.0447235107422,95.03227233886719,145.321533203125
19850424,96.33865356445312,73.87855529785156,110.91960906982422
19850425,136.23114013671875,57.18391799926758,178.8638916015625
19850426,53.620697021484375,59.39516830444336,49.541439056396484
19850427,71.56781768798828,40.770015716552734,102.01866149902344
19850428,41.842960357666016,27.80944061279297,46.391639709472656
19850429,74.1619644165039,0.0,123.33599090576172
19850430,101.5645751953125,62.308895111083984,116.93648529052734
19850501,88.7294921875,58.970916748046875,122.96892547607422
19850502,164.911376953125,85.77587890625,214.63665771484375
19850503,106.85701751708984,82.85519409179688,118.47328186035156
19850504,110.41893005371094,110.07904815673828,122.42239379882812
19850505,110.63585662841797,103.8073501586914,108.23197937011719
19850506,110.7027816772461,50.93632125854492,155.78170776367188
19850507,130.75924682617188,115.8726806640625,144.97389221191406
19850508,98.46273040771484,112.1824722290039,116.96406555175781
19850509,106.85701751708984,106.52810668945312,99.96183013916016
19850510,87.50179290771484,62.308895111083984,93.54918670654297
19850511,48.714229583740234,19.42571449279785,64.81185913085938
19850512,85.30216979980469,85.03960418701172,94.57524108886719
19850513,97.68965911865234,106.24250793457031,73.8472900390625
19850514,108.1024398803711,76.97834777832031,141.25660705566406
19850515,88.42582702636719,108.4968032836914,67.8727798461914
19850516,96.10931396484375,51.10052490234375,127.86864471435547
19850517,142.40945434570312,135.79844665527344,164.75537109375
19850518,92.30064392089844,102.24059295654297,85.27875518798828
19850519,95.18872833251953,75.91658020019531,116.09020233154297
19850520,108.74591064453125,116.75049591064453,97.3814468383789
19850521,110.15664672851562,141.1940155029297,78.51317596435547
19850522,139.3135986328125,154.31642150878906,128.7151336669922
19850523,115.87171173095703,81.54003143310547,147.36029052734375
19850524,92.93777465820312,66.1797866821289,110.40095520019531
19850525,71.78939056396484,61.344356536865234,68.2229995727539
19850526,83.9590835571289,106.52810668945312,63.467830657958984
19850527,97.42845916748047,64.75238037109375,108.01976013183594
19850528,121.72164916992188,173.3528289794922,57.83734893798828
19850529,54.866546630859375,68.37207794189453,57.0290641784668
19850530,86.29936218261719,79.41574096679688,88.32076263427734
19850531,107.0601806640625,75.33927154541016,136.15419006347656
19850601,72.01234436035156,102.55811309814453,34.217437744140625
19850602,85.85488891601562,99.85572052001953,59.492523193359375
19850603,120.02056121826172,111.67438507080078,106.45425415039062
19850604,77.9427719116211,93.24342346191406,51.84947967529297
19850605,103.98194122314453,103.66188049316406,86.46424102783203
19850606,99.94815826416016,99.64051055908203,94.9828872680664
19850607,114.4586410522461,80.54563903808594,134.36602783203125
19850608,84.3966293334961,84.13684844970703,70.1784439086914
19850609,71.08514404296875,56.69306945800781,70.93142700195312
19850610,148.19381713867188,156.42811584472656,144.97389221191406
19850611,106.12345123291016,90.68296813964844,100.85139465332031
19850612,120.8447494506836,127.55941009521484,106.39714813232422
19850613,128.8936767578125,128.49693298339844,107.17913055419922
19850614,112.62730407714844,105.67588806152344,110.1801528930664
19850615,114.9471435546875,145.84605407714844,121.65001678466797
19850616,125.14144897460938,146.77206420898438,97.93791198730469
19850617,133.57127380371094,230.81089782714844,59.23664093017578
19850618,258.3194885253906,287.82135009765625,265.34210205078125
19850619,165.62838745117188,201.01390075683594,203.59376525878906
19850620,246.38934326171875,300.215576171875,204.8804473876953
19850621,213.7140350341797,288.25250244140625,125.44230651855469
19850622,158.21218872070312,197.156494140625,180.89279174804688
19850623,147.05323791503906,169.74806213378906,180.20118713378906
19850624,230.5137176513672,323.4281005859375,170.38168334960938
19850625,205.65830993652344,307.53790283203125,146.5811309814453
19850626,170.8864288330078,183.46507263183594,185.81971740722656
19850627,204.29933166503906,232.76625061035156,194.15003967285156
19850628,198.24246215820312,216.75796508789062,223.338134765625
19850629,188.69056701660156,313.5162658691406,104.60140228271484
19850630,182.4101104736328,203.6704864501953,206.284423828125
19850701,255.46795654296875,322.5966796875,254.91552734375
19850702,222.37142944335938,275.1976013183594,242.2943115234375
19850703,142.7183380126953,194.6976318359375,87.44457244873047
19850704,180.03085327148438,233.3197021484375,179.6415557861328
19850705,139.3902130126953,179.83209228515625,177.27005004882812
19850706,123.51947784423828,111.94478607177734,130.7222137451172
19850707,75.8603286743164,33.61192321777344,98.12481689453125
19850708,112.2904281616211,93.28732299804688,124.49734497070312
19850709,153.02622985839844,161.52902221679688,149.7012939453125
19850710,197.08641052246094,226.70741271972656,163.88351440429688
19850711,150.91424560546875,195.58462524414062,112.94092559814453
19850712,174.68618774414062,257.9977722167969,107.59780883789062
19850713,165.078125,175.54132080078125,201.32586669921875
19850714,108.72760772705078,115.61912536621094,96.43777465820312
19850715,136.8022003173828,116.89810180664062,130.00607299804688
19850716,108.47199249267578,116.4564208984375,97.13615417480469
19850717,90.34275817871094,30.021556854248047,125.20471954345703
19850718,122.97234344482422,137.91806030273438,115.03728485107422
19850719,104.26968383789062,127.93690490722656,80.03401184082031
19850720,63.216941833496094,100.83576202392578,21.02674674987793
19850721,53.28527069091797,53.121253967285156,44.308372497558594
19850722,133.73719787597656,225.62783813476562,51.3261604309082
19850723,167.1958465576172,145.84605407714844,191.164306640625
19850724,145.2084503173828,199.04702758789062,120.74537658691406
19850725,81.19038391113281,80.94047546386719,94.51729583740234
19850726,82.40218353271484,82.14854431152344,82.22399139404297
19850727,107.62855529785156,71.53150939941406,119.32868957519531
19850728,125.00255584716797,106.81523895263672,133.64169311523438
19850729,120.96454620361328,129.86854553222656,123.79792785644531
19850730,124.10195922851562,114.20304870605469,111.13272094726562
19850731,106.5445785522461,96.56056213378906,96.64925384521484
19850801,140.7606658935547,149.68255615234375,124.85002899169922
19850802,75.09599304199219,66.54652404785156,97.13615417480469
19850803,57.11323547363281,68.32492065429688,37.99315643310547
19850804,60.365699768066406,45.13491439819336,62.744964599609375
19850805,62.501277923583984,62.308895111083984,51.971771240234375
19850806,116.63970947265625,93.02454376220703,135.785400390625
19850807,95.38807678222656,69.15960693359375,100.95040130615234
19850808,42.03765869140625,50.2899169921875,41.94675827026367
19850809,95.78508758544922,111.4052963256836,79.64830017089844
19850810,64.5305404663086,85.77587890625,35.77277755737305
19850811,44.865478515625,59.636505126953125,49.742733001708984
19850812,120.62571716308594,129.5047607421875,108.01976013183594
19850813,76.640380859375,101.87264251708984,56.647891998291016
19850814,101.0877456665039,108.52862548828125,77.5916519165039
19850815,53.305686950683594,45.549949645996094,50.65753936767578
19850816,59.28532791137695,59.102840423583984,49.297607421875
19850817,79.58120727539062,79.33625030517578,66.17427062988281
19850818,72.8036880493164,87.09550476074219,72.64625549316406
19850819,104.4075698852539,94.62381744384766,110.495849609375
19850820,83.43999481201172,116.4564208984375,55.506370544433594
19850821,167.72494506835938,234.09214782714844,125.52169799804688
19850822,108.1024398803711,76.97834777832031,115.5735855102539
19850823,72.01234436035156,95.72090911865234,39.920345306396484
19850824,63.70322799682617,63.50714111328125,52.971229553222656
19850825,22.083786010742188,14.677206039428711,24.484477996826172
19850826,70.293212890625,70.07684326171875,58.45100784301758
19850827,112.2904281616211,111.94478607177734,93.37300872802734
19850828,77.75981140136719,77.52045440673828,77.5916519165039
19850829,131.62521362304688,102.06004333496094,133.77281188964844
19850830,65.11189270019531,32.45573806762695,81.21387481689453
19850831,56.14521408081055,67.1668701171875,37.349205017089844
19850901,63.39842224121094,31.601638793945312,79.07666778564453
19850902,84.31990814208984,24.01724624633789,120.19652557373047
19850903,84.93763732910156,150.5354461669922,15.695178031921387
19850904,66.41739654541016,99.31944274902344,27.614072799682617
19850905,59.82063674926758,74.54562377929688,37.30704879760742
19850906,89.34310913085938,54.8111457824707,102.86529541015625
19850907,114.8867416381836,133.62196350097656,79.60993194580078
19850908,67.19204711914062,66.98522186279297,55.872291564941406
19850909,84.93763732910156,94.08465576171875,78.47589111328125
19850910,120.02056121826172,63.81393814086914,146.37460327148438
19850911,151.95265197753906,90.89095306396484,176.89474487304688
19850912,73.61261749267578,73.38603210449219,73.45343780517578
19850913,103.30252838134766,82.38764190673828,114.53237915039062
19850914,120.25823974609375,87.19132232666016,145.4523468017578
19850915,78.70030975341797,85.59061431884766,59.492523193359375
19850916,95.32569122314453,79.19355773925781,92.47734832763672
19850917,124.86397552490234,161.09127807617188,109.93585205078125
19850918,126.4942398071289,126.10487365722656,118.33190155029297
19850919,126.5949478149414,140.2280731201172,105.26766204833984
19850920,104.38764190673828,13.875510215759277,162.02963256835938
19850921,52.08440017700195,83.07852172851562,17.323923110961914
19850922,69.8853988647461,69.67028045654297,69.7342758178711
19850923,115.36304473876953,131.4376678466797,95.92798614501953
19850924,110.66484832763672,117.67916107177734,110.425537109375
19850925,120.8447494506836,85.03960418701172,130.04095458984375
19850926,174.71348571777344,167.20867919921875,174.335693359375
19850927,144.02468872070312,114.86508178710938,155.68934631347656
19850928,129.708984375,119.3628158569336,132.74716186523438
19850929,79.18489074707031,52.62743377685547,98.76707458496094
19850930,104.0597152709961,86.44950866699219,115.37188720703125
19851001,154.2437286376953,87.86797332763672,183.22642517089844
19851002,184.0315399169922,176.12648010253906,171.391357421875
19851003,100.992919921875,107.3941879272461,78.38019561767578
19851004,159.81686401367188,159.32492065429688,169.13619995117188
19851005,103.19525909423828,61.7265625,154.45814514160156
19851006,92.56676483154297,131.83119201660156,65.97614288330078
19851007,88.44233703613281,96.1855697631836,80.22826385498047
19851008,134.72164916992188,189.60983276367188,92.256103515625
19851009,162.45001220703125,253.48692321777344,82.22399139404297
19851010,102.23974609375,135.90005493164062,79.34784698486328
19851011,82.12977600097656,81.8769760131836,79.67572784423828
19851012,146.1427001953125,194.25714111328125,97.21778869628906
19851013,67.19204711914062,80.38226318359375,67.04674530029297
19851014,138.4356689453125,236.58778381347656,32.88959884643555
19851015,190.47264099121094,280.7015686035156,110.1801528930664
19851016,106.61137390136719,106.28321075439453,113.9794692993164
19851017,122.38550567626953,162.6783905029297,67.84491729736328
19851018,118.30599212646484,188.70693969726562,39.35005569458008
19851019,81.01388549804688,35.89533996582031,104.79090118408203
19851020,82.9870834350586,82.73163604736328,80.50741577148438
19851021,129.9046173095703,97.12857055664062,135.0247039794922
19851022,75.66779327392578,67.05322265625,83.89351654052734
19851023,102.60165405273438,131.51036071777344,97.50456237792969
19851024,71.08514404296875,85.03960418701172,47.287620544433594
19851025,85.30216979980469,99.2128677368164,82.75333404541016
19851026,106.57054138183594,70.82833862304688,118.1556625366211
19851027,68.72547149658203,41.10835647583008,91.4358139038086
19851028,41.40709686279297,49.53556823730469,27.5450382232666
19851029,47.32239532470703,94.35346984863281,39.35005569458008
19851030,35.240081787109375,14.052643775939941,46.885169982910156
19851031,109.4460678100586,87.28734588623047,109.20939636230469
19851101,100.14739227294922,61.4394645690918,115.3048095703125
19851102,120.82313537597656,120.45123291015625,117.21292114257812
19851103,93.68878173828125,66.71456909179688,100.16377258300781
19851104,155.5625762939453,91.22572326660156,182.61903381347656
19851105,107.38996887207031,82.35340118408203,109.9053955078125
19851106,63.2974739074707,70.1140365600586,46.78562927246094
19851107,92.0157699584961,42.33809280395508,117.7138442993164
19851108,70.03314208984375,83.78108978271484,58.2347526550293
19851109,84.4563980102539,93.55159759521484,62.42501449584961
19851110,77.18604278564453,64.12371826171875,74.87971496582031
19851111,59.7628173828125,85.11266326904297,28.39694595336914
19851112,88.57132720947266,123.61817932128906,73.64983367919922
19851113,79.90843200683594,28.968170166015625,108.73040771484375
19851114,97.02081298828125,82.90471649169922,92.20095825195312
19851115,86.79216766357422,43.262508392333984,120.28400421142578
19851116,45.130348205566406,53.98971939086914,45.03276062011719
19851117,86.26477813720703,45.866268157958984,105.20674133300781
19851118,132.85699462890625,35.319480895996094,191.48956298828125
19851119,97.19025421142578,96.8910903930664,94.28619384765625
19851120,103.24886322021484,120.08622741699219,71.5455551147461
19851121,73.31639099121094,66.44610595703125,66.50713348388672
19851122,138.02365112304688,76.44377899169922,191.2849884033203
19851123,89.52886199951172,59.5021858215332,99.26139831542969
19851124,80.7943344116211,46.02608108520508,95.97574615478516
19851125,151.788818359375,231.4330291748047,89.0944595336914
19851126,54.94780731201172,31.302099227905273,65.2726058959961
19851127,89.73095703125,119.27301025390625,49.742733001708984
19851128,132.50270080566406,140.9011688232422,132.2161865234375
19851129,93.21077728271484,85.77587890625,119.24259185791016
19851130,132.9116668701172,122.31005096435547,136.02488708496094
19851201,78.58280944824219,72.314697265625,80.42346954345703
19851202,77.03646087646484,68.26607513427734,71.1758041381836
19851203,15.515539169311523,15.467780113220215,12.901657104492188
19851204,90.75527954101562,90.47592163085938,88.04350280761719
19851205,62.501277923583984,55.38568115234375,57.74641036987305
19851206,84.93763732910156,56.4507942199707,105.94245910644531
19851207,99.37702941894531,110.07904815673828,73.45343780517578
19851208,96.59288024902344,56.64444351196289,113.39295196533203
19851209,98.39310455322266,130.7869873046875,54.54462814331055
19851210,92.71817779541016,84.02980041503906,98.12481689453125
19851211,84.75653076171875,42.24781799316406,105.71656799316406
19851212,76.67980194091797,91.73253631591797,76.51399230957031
19851213,42.92744445800781,57.06040954589844,23.797008514404297
19851214,76.02613830566406,64.96468353271484,90.31159210205078
19851215,72.40584564208984,72.18297576904297,70.24235534667969
19851216,67.60342407226562,101.09300231933594,28.107181549072266
19851217,73.61261749267578,65.23202514648438,68.01244354248047
19851218,74.60737609863281,133.87991333007812,24.815349578857422
19851219,90.27962493896484,110.7713623046875,69.29569244384766
19851220,126.05966186523438,125.67163848876953,116.4695053100586
19851221,90.75527954101562,113.09490966796875,56.59939193725586
19851222,40.31522750854492,66.98522186279297,11.174457550048828
19851223,87.86651611328125,105.11527252197266,102.28926086425781
19851224,96.0164566040039,95.72090911865234,79.84069061279297
19851225,156.08956909179688,172.89901733398438,173.0578155517578
19851226,165.16957092285156,146.365478515625,152.6040802001953
19851227,109.85556030273438,117.94183349609375,84.32154846191406
19851228,307.8594665527344,515.6118774414062,163.83665466308594
19851229,62.501277923583984,96.9249496459961,46.19712829589844
19851230,263.38458251953125,403.9598083496094,185.31829833984375
19851231,220.17066955566406,339.21636962890625,116.50469970703125
19860101,269.6275939941406,460.7960205078125,192.17469787597656
19860102,150.57125854492188,229.5766143798828,73.64983367919922
19860103,166.87998962402344,266.18609619140625,124.88934326171875
19860104,126.0838851928711,251.39157104492188,114.37386322021484
19860105,115.63378143310547,189.86940002441406,113.12129974365234
19860106,147.69410705566406,210.3421173095703,105.26766204833984
19860107,174.34567260742188,173.80902099609375,217.4608154296875
19860108,131.84349060058594,230.01589965820312,150.74398803710938
19860109,146.1427001953125,226.63333129882812,148.52716064453125
19860110,204.4794921875,326.1601257324219,231.24229431152344
19860111,120.25823974609375,108.98915100097656,181.8154296875
19860112,115.47076416015625,143.89418029785156,132.02413940429688
19860113,147.6353302001953,220.77134704589844,122.76339721679688
19860114,120.14494323730469,119.7751235961914,128.4483642578125
19860115,129.27093505859375,128.87303161621094,134.36602783203125
19860116,195.3164825439453,124.61779022216797,298.8376770019531
19860117,155.276611328125,132.68455505371094,184.453369140625
19860118,204.34671020507812,278.7716064453125,196.75027465820312
19860119,73.61261749267578,117.41764831542969,48.968955993652344
19860120,163.3594970703125,162.85667419433594,150.9317169189453
19860121,54.45316696166992,36.190372467041016,60.37268829345703
19860122,116.2304458618164,66.21295928955078,151.8773956298828
19860123,94.19623565673828,109.55734252929688,65.2726058959961
19860124,87.17283630371094,110.6057357788086,79.07666778564453
19860125,227.02957153320312,205.75523376464844,257.4302673339844
19860126,70.48016357421875,63.87565231323242,63.934322357177734
19860127,140.10861206054688,179.5851593017578,133.14822387695312
19860128,142.8600616455078,89.01270294189453,207.8870849609375
19860129,145.35516357421875,152.5344696044922,152.67457580566406
19860130,54.94780731201172,62.60419845581055,39.16355895996094
19860131,96.77163696289062,133.5790557861328,74.27875518798828
19860201,55.579994201660156,44.32713317871094,73.9464111328125
19860202,78.36181640625,99.42623138427734,71.08396911621094
19860203,86.94403076171875,86.6764144897461,72.29668426513672
19860204,71.4300308227539,124.61779022216797,14.849077224731445
19860205,134.40011596679688,173.39419555664062,92.03592681884766
19860206,109.89561462402344,62.60419845581055,143.59971618652344
19860207,40.2010612487793,16.030929565429688,53.485511779785156
19860208,86.04071807861328,64.3319091796875,89.43194580078125
19860209,47.419166564941406,40.519893646240234,45.06345748901367
19860210,84.21781921386719,74.6298599243164,93.37300872802734
19860211,88.80878448486328,106.24250793457031,73.8472900390625
19860212,116.52247619628906,116.16381072998047,124.57554626464844
19860213,83.19233703613281,90.47592163085938,75.46585845947266
19860214,38.698219299316406,46.294921875,25.743024826049805
19860215,127.40645599365234,207.841552734375,38.52452850341797
19860216,97.02081298828125,138.17453002929688,69.15072631835938
19860217,110.41893005371094,171.2340545654297,61.21119689941406
19860218,101.21734619140625,201.81158447265625,15.302799224853516
19860219,78.87065887451172,139.7829132080078,43.722286224365234
19860220,124.84551239013672,99.56898498535156,152.25900268554688
19860221,131.882080078125,170.1455841064453,116.11491394042969
19860222,148.64085388183594,148.18333435058594,176.57077026367188
19860223,106.64201354980469,106.31375885009766,110.84523010253906
19860224,158.15972900390625,175.19210815429688,131.5147705078125
19860225,133.5039825439453,149.72967529296875,97.13615417480469
19860226,107.85104370117188,122.8789291381836,102.4931640625
19860227,99.73321533203125,71.01873779296875,118.47328186035156
19860228,119.37181091308594,193.38209533691406,49.630699157714844
19860301,75.28562927246094,85.77587890625,53.65916442871094
19860302,98.58832550048828,104.83718872070312,98.37513732910156
19860303,125.18424224853516,134.39883422851562,112.10189819335938
19860304,25.416120529174805,50.67577362060547,0.0
19860305,74.71957397460938,49.65972137451172,96.64925384521484
19860306,94.87067413330078,126.10487365722656,65.73994445800781
19860307,74.10665893554688,73.87855529785156,73.9464111328125
19860308,69.73827362060547,92.6981430053711,38.65970230102539
19860309,68.01986694335938,94.93470001220703,56.56064987182617
19860310,75.93278503417969,94.62381744384766,63.1404914855957
19860311,81.67974853515625,90.47592163085938,90.55902862548828
19860312,78.87065887451172,94.35346984863281,65.58342742919922
19860313,73.97793579101562,81.94469451904297,54.67997741699219
19860314,85.33546447753906,108.27445983886719,51.60662841796875
19860315,109.68766784667969,87.48003387451172,109.45048522949219
19860316,39.592445373535156,52.62743377685547,32.92235565185547
19860317,104.70760345458984,37.958290100097656,142.47433471679688
19860318,57.777347564697266,115.19900512695312,0.0
19860319,62.79749298095703,62.60419845581055,52.218082427978516
19860320,38.879905700683594,62.01636505126953,12.9319429397583
19860321,97.20853424072266,134.18212890625,49.742733001708984
19860322,117.88497161865234,141.0265350341797,98.0250473022461
19860323,96.10931396484375,102.2010498046875,106.55720520019531
19860324,120.14494323730469,136.88584899902344,114.17632293701172
19860325,155.40440368652344,228.3120880126953,95.21741485595703
19860326,220.31329345703125,376.51739501953125,143.94081115722656
19860327,175.1472625732422,212.56642150878906,177.3013916015625
19860328,131.62521362304688,189.5400848388672,121.61164855957031
19860329,182.00921630859375,145.1591796875,201.795166015625
19860330,142.92803955078125,150.8697509765625,139.82252502441406
19860331,100.07757568359375,39.90781021118164,133.14822387695312
19860401,70.293212890625,17.519210815429688,102.28926086425781
19860402,111.56315612792969,51.33219528198242,142.7204132080078
19860403,142.92803955078125,184.3963623046875,139.82252502441406
19860404,66.84553527832031,74.04419708251953,49.40814208984375
19860405,98.51502227783203,171.87063598632812,20.479581832885742
19860406,94.26005554199219,107.3941879272461,78.38019561767578
19860407,127.08059692382812,152.02731323242188,112.71627044677734
19860408,172.52955627441406,223.5980682373047,129.11737060546875
19860409,122.68769073486328,86.33650207519531,156.02853393554688
19860410,130.3556671142578,122.31005096435547,165.7803192138672
19860411,190.8161163330078,243.49281311035156,190.4034881591797
19860412,156.67550659179688,178.50656127929688,167.5036163330078
19860413,92.21280670166016,84.85750579833984,106.16931915283203
19860414,154.0729217529297,249.5978240966797,128.116455078125
19860415,289.1268615722656,395.2962951660156,274.7634582519531
19860416,340.5443420410156,555.5391235351562,321.7878112792969
19860417,166.0056610107422,150.44972229003906,188.23487854003906
19860418,222.8873748779297,367.781494140625,191.7288055419922
19860419,143.0677032470703,175.54132080078125,128.116455078125
19860420,151.55538940429688,201.45184326171875,144.02635192871094
19860421,117.40746307373047,150.48780822753906,97.62798309326172
19860422,132.1722869873047,197.6481475830078,96.1672134399414
19860423,164.45372009277344,202.98263549804688,143.26023864746094
19860424,154.79287719726562,169.74806213378906,141.58663940429688
19860425,101.25752258300781,187.47085571289062,60.14200210571289
19860426,146.9739990234375,135.25070190429688,169.21865844726562
19860427,125.9813232421875,132.98138427734375,160.21722412109375
19860428,152.74087524414062,171.3045654296875,158.76101684570312
19860429,171.96389770507812,162.41171264648438,195.67514038085938
19860430,114.72096252441406,142.95980834960938,83.46981811523438
19860501,95.48421478271484,117.15729522705078,73.29056549072266
19860502,80.43762969970703,116.64004516601562,60.805824279785156
19860503,117.542724609375,85.22248077392578,159.93893432617188
19860504,97.23780059814453,77.55079650878906,107.80836486816406
19860505,155.4283905029297,135.58123779296875,177.7099151611328
19860506,136.24957275390625,118.85140991210938,155.78170776367188
19860507,94.19623565673828,62.60419845581055,130.5452117919922
19860508,94.02484893798828,115.36668395996094,84.19880676269531
19860509,66.25135040283203,58.708824157714844,73.45343780517578
19860510,114.62171936035156,137.1226806640625,152.4984893798828
19860511,47.90903854370117,40.9384880065918,56.91123580932617
19860512,97.42845916748047,135.97999572753906,97.21778869628906
19860513,113.62369537353516,174.26760864257812,87.2138442993164
19860514,138.02365112304688,107.02128601074219,165.7803192138672
19860515,111.48065185546875,95.26071166992188,158.91368103027344
19860516,101.47909545898438,57.80956268310547,144.6566619873047
19860517,81.36131286621094,69.52360534667969,115.97911071777344
19860518,77.36357116699219,98.15965270996094,70.1784439086914
19860519,93.57535552978516,149.2597198486328,62.24867248535156
19860520,244.67828369140625,262.6886291503906,250.40943908691406
19860521,160.8042449951172,96.1855697631836,227.31341552734375
19860522,159.18516540527344,166.25210571289062,151.277099609375
19860523,81.70010375976562,103.66188049316406,49.40814208984375
19860524,176.82745361328125,117.52210998535156,215.6551055908203
19860525,195.7426300048828,195.14012145996094,187.8070831298828
19860526,196.30030822753906,220.15809631347656,142.82611083984375
19860527,169.39266967773438,131.3443145751953,203.45765686035156
19860528,144.02468872070312,135.13539123535156,154.98486328125
19860529,96.71730041503906,64.27973175048828,107.23129272460938
19860530,72.96404266357422,87.28734588623047,72.80626678466797
19860531,98.06944274902344,65.17837524414062,126.8521499633789
19860601,104.53862762451172,104.21685028076172,97.79303741455078
19860602,94.10704040527344,93.81736755371094,78.2529525756836
19860603,67.77632141113281,0.0,112.71627044677734
19860604,118.58834075927734,63.05243682861328,144.6278839111328
19860605,73.77656555175781,44.12968444824219,110.425537109375
19860606,100.38084411621094,107.76968383789062,89.89056396484375
19860607,166.1823272705078,220.89439392089844,128.97341918945312
19860608,56.89524459838867,37.813411712646484,84.10698699951172
19860609,62.670196533203125,71.40262603759766,59.55683898925781
19860610,101.66448211669922,135.13539123535156,70.44766998291016
19860611,98.39310455322266,114.43861389160156,68.1807861328125
19860612,134.29327392578125,14.8755464553833,223.338134765625
19860613,164.87893676757812,74.71428680419922,224.34873962402344
19860614,92.0157699584961,91.73253631591797,95.64249420166016
19860615,77.6934814453125,70.41303253173828,82.22399139404297
19860616,79.50162506103516,35.22529220581055,117.52549743652344
19860617,68.83257293701172,17.155176162719727,100.16377258300781
19860618,72.01234436035156,63.81393814086914,66.53390502929688
19860619,50.299293518066406,28.653982162475586,71.70075225830078
19860620,142.1702880859375,155.90594482421875,141.86285400390625
19860621,135.20684814453125,112.3255615234375,168.64309692382812
19860622,38.339900970458984,61.155025482177734,12.75233268737793
19860623,86.16505432128906,57.26655197143555,111.45391082763672
19860624,80.57597351074219,89.25328063964844,74.44605255126953
19860625,119.91195678710938,164.37142944335938,87.24673461914062
19860626,114.22647094726562,106.28321075439453,126.64385223388672
19860627,123.70584869384766,82.21671295166016,148.58319091796875
19860628,88.04166412353516,65.8280029296875,91.51174926757812
19860629,81.79179382324219,122.31005096435547,56.67703628540039
19860630,93.311767578125,0.0,155.1833038330078
19860701,89.52886199951172,53.55196762084961,119.11367797851562
19860702,66.41739654541016,49.65972137451172,69.0351791381836
19860703,84.15299224853516,45.76034164428711,101.78305053710938
19860704,75.04198455810547,85.498291015625,53.485511779785156
19860705,71.49427032470703,71.27420043945312,59.44972229003906
19860706,80.99187469482422,64.59406280517578,80.81674194335938
19860707,108.77088165283203,138.00955200195312,65.7791976928711
19860708,101.78280639648438,55.347007751464844,123.10631561279297
19860709,151.788818359375,231.4330291748047,74.2453842163086
19860710,117.18988800048828,93.46334075927734,142.92236328125
19860711,67.08998107910156,50.162601470947266,97.62798309326172
19860712,81.07682800292969,115.467529296875,57.78679275512695
19860713,100.38084411621094,107.76968383789062,89.89056396484375
19860714,130.8917236328125,120.45123291015625,150.70233154296875
19860715,133.2131805419922,159.36376953125,118.1556625366211
19860716,82.60767364501953,49.41203689575195,96.1672134399414
19860717,141.4915771484375,33.189659118652344,207.62591552734375
19860718,77.9427719116211,31.081140518188477,103.69895935058594
19860719,137.5460662841797,159.97647094726562,114.37386322021484
19860720,102.0459213256836,125.2083969116211,91.38164520263672
19860721,95.73894500732422,76.35540771484375,111.45391082763672
19860722,71.2380142211914,35.509368896484375,88.8549575805664
19860723,105.28943634033203,96.8910903930664,121.22510528564453
19860724,97.19025421142578,113.03960418701172,107.75565338134766
19860725,38.698219299316406,30.86328125,38.61453628540039
19860726,88.33514404296875,88.06324005126953,73.45343780517578
19860727,43.77842712402344,72.73945617675781,36.403133392333984
19860728,96.5763168334961,134.79066467285156,64.24498748779297
19860729,109.50636291503906,54.58464813232422,151.76329040527344
19860730,95.78508758544922,47.74512481689453,132.74716186523438
19860731,104.33283996582031,52.0058479309082,130.134033203125
19860801,77.39643859863281,30.86328125,102.97209930419922
19860802,105.3466796875,70.01493835449219,116.79874420166016
19860803,96.98959350585938,148.75546264648438,49.630699157714844
19860804,146.57379150390625,116.89810180664062,146.2568359375
19860805,66.63211059570312,94.8957290649414,31.66096305847168
19860806,124.5326156616211,66.21295928955078,165.6844482421875
19860807,80.20745086669922,47.97633743286133,93.37300872802734
19860808,48.00822830200195,31.90696907043457,66.53390502929688
19860809,178.73565673828125,142.54840087890625,217.98231506347656
19860810,115.72289276123047,129.7875213623047,108.25560760498047
19860811,158.68588256835938,197.7467803955078,115.45824432373047
19860812,190.27804565429688,206.9370880126953,215.75747680664062
19860813,202.81027221679688,252.7324981689453,154.58949279785156
19860814,144.3734130859375,79.96056365966797,186.7460174560547
19860815,88.33514404296875,58.708824157714844,134.6646270751953
19860816,46.32961654663086,23.093505859375,57.78679275512695
19860817,57.735382080078125,57.55766677856445,48.00878143310547
19860818,142.8600616455078,124.61779022216797,148.4907684326172
19860819,99.0169677734375,107.68601989746094,74.85064697265625
19860820,73.43130493164062,81.33919525146484,54.275936126708984
19860821,58.6295166015625,58.44905090332031,48.752281188964844
19860822,65.75816345214844,65.55575561523438,68.34996795654297
19860823,119.58728790283203,119.21918487548828,119.32868957519531
19860824,61.47032928466797,95.32618713378906,34.07633590698242
19860825,121.72164916992188,104.0116958618164,144.59336853027344
19860826,153.86244201660156,180.4574432373047,135.4674072265625
19860827,87.38188171386719,79.19355773925781,118.89944458007812
19860828,80.20745086669922,111.94478607177734,66.69500732421875
19860829,88.01508331298828,95.72090911865234,79.84069061279297
19860830,111.65958404541016,98.94745635986328,123.79792785644531
19860831,64.81110382080078,43.07440948486328,83.83272552490234
19860901,89.18451690673828,177.8199920654297,42.376983642578125
19860902,88.20446014404297,39.08131790161133,130.39071655273438
19860903,59.7628173828125,68.09012603759766,56.79389190673828
19860904,72.53797912597656,64.27973175048828,67.01956176757812
19860905,84.54349517822266,76.62114715576172,76.69152069091797
19860906,256.6934509277344,438.69140625,81.31376647949219
19860907,127.65193939208984,178.16261291503906,106.1465835571289
19860908,133.57127380371094,177.54684448242188,88.8549575805664
19860909,151.33558654785156,201.15966796875,111.85801696777344
19860910,88.22819519042969,111.94478607177734,53.35600662231445
19860911,138.02365112304688,168.1763153076172,114.77099609375
19860912,67.45047760009766,89.65714263916016,37.391456604003906
19860913,93.64148712158203,23.338314056396484,136.2652130126953
19860914,106.4530258178711,99.8826904296875,104.1400375366211
19860915,70.85706329345703,105.95843505859375,29.45993423461914
19860916,102.28831481933594,141.1940155029297,78.51317596435547
19860917,115.72289276123047,129.7875213623047,120.28400421142578
19860918,99.94815826416016,85.40615844726562,106.85574340820312
19860919,129.0610809326172,142.95980834960938,107.31832885742188
19860920,124.78851318359375,113.09490966796875,113.19878387451172
19860921,108.08761596679688,152.1245880126953,63.44346618652344
19860922,188.75030517578125,188.1693115234375,188.34214782714844
19860923,167.22096252441406,111.13750457763672,185.39930725097656
19860924,163.03465270996094,132.98138427734375,184.86602783203125
19860925,85.11951446533203,84.85750579833984,94.37271881103516
19860926,184.8531036376953,235.8836669921875,172.156494140625
19860927,141.4619598388672,70.51326751708984,196.0500946044922
19860928,77.33621215820312,77.09815979003906,85.7433090209961
19860929,105.72024536132812,105.39482879638672,102.56130981445312
19860930,121.19149780273438,48.32738494873047,161.23924255371094
19861001,109.63581848144531,46.84214401245117,143.26023864746094
19861002,102.14966583251953,87.28734588623047,133.47816467285156
19861003,109.93034362792969,102.28583526611328,109.69263458251953
19861004,131.1907958984375,108.98915100097656,145.4523468017578
19861005,114.851806640625,84.36714935302734,150.79400634765625
19861006,125.6800765991211,53.69709396362305,179.1547088623047
19861007,132.8347930908203,82.76619720458984,193.2985076904297
19861008,39.34165954589844,62.75290298461914,26.171058654785156
19861009,72.44184112548828,65.65350341796875,76.66610717773438
19861010,83.3827133178711,60.45530700683594,126.06425476074219
19861011,71.34761047363281,40.644569396972656,84.75396728515625
19861012,79.66094207763672,79.41574096679688,77.28067016601562
19861013,125.34039306640625,160.65589904785156,74.44605255126953
19861014,149.37307739257812,70.07684326171875,189.9657745361328
19861015,68.37869262695312,45.44547653198242,88.44737243652344
19861016,96.0164566040039,41.02324676513672,125.46394348144531
19861017,104.68611907958984,134.18212890625,99.48546600341797
19861018,62.11064529418945,61.919464111328125,51.646949768066406
19861019,104.38764190673828,41.626529693603516,150.45608520507812
19861020,79.92790985107422,53.121253967285156,103.38619995117188
19861021,40.6949348449707,16.227869033813477,54.142581939697266
19861022,73.94124603271484,29.485458374023438,110.67202758789062
19861023,91.81957244873047,98.5782470703125,82.22399139404297
19861024,66.69599151611328,44.32713317871094,73.9464111328125
19861025,77.29324340820312,66.04742431640625,73.45343780517578
19861026,99.49407958984375,93.35325622558594,97.33229064941406
19861027,117.65951538085938,90.22872161865234,120.41546630859375
19861028,140.7841339111328,66.04742431640625,192.8152618408203
19861029,120.60319519042969,112.21649932861328,120.34239959716797
19861030,62.764442443847656,97.33305358886719,34.793731689453125
19861031,137.7216339111328,173.42869567871094,84.38304901123047
19861101,77.29324340820312,22.015810012817383,110.1801528930664
19861102,53.0010871887207,39.628456115722656,55.0900764465332
19861103,81.67974853515625,72.38074493408203,75.46585845947266
19861104,81.99424743652344,65.39349365234375,95.4531021118164
19861105,197.08641052246094,136.02444458007812,226.9156494140625
19861106,134.77256774902344,84.85750579833984,165.1522674560547
19861107,126.54753112792969,103.89482116699219,160.9373016357422
19861108,75.5308609008789,86.0552749633789,53.83395004272461
19861109,109.4059066772461,72.71276092529297,131.4075164794922
19861110,156.499267578125,104.0116958618164,231.34939575195312
19861111,160.41490173339844,63.96845245361328,226.7630157470703
19861112,146.5017547607422,129.8229522705078,162.42774963378906
19861113,117.00018310546875,102.06004333496094,158.09515380859375
19861114,57.23658752441406,57.06040954589844,71.39102935791016
19861115,152.05227661132812,173.23915100097656,162.56088256835938
19861116,81.55943298339844,62.54491424560547,83.46981811523438
19861117,141.13697814941406,148.97915649414062,124.2633285522461
19861118,166.87998962402344,166.36631774902344,152.64251708984375
19861119,102.5318603515625,125.80462646484375,91.8167953491211
19861120,96.0164566040039,95.72090911865234,114.0581283569336
19861121,109.73309326171875,82.04649353027344,114.0581283569336
19861122,139.816162109375,85.77587890625,178.8638916015625
19861123,59.035858154296875,65.39349365234375,43.635704040527344
19861124,111.8529281616211,102.9310531616211,114.47288513183594
19861125,108.47199249267578,33.27326202392578,152.64251708984375
19861126,118.30599212646484,103.19910430908203,110.67202758789062
19861127,82.35665130615234,36.490291595458984,121.74603271484375
19861128,115.97611236572266,115.61912536621094,156.7113800048828
19861129,89.52886199951172,111.56658935546875,55.83453369140625
19861130,57.889530181884766,51.298973083496094,53.485511779785156
19861201,85.59606170654297,51.199554443359375,113.88129425048828
19861202,49.318626403808594,65.55575561523438,27.339988708496094
19861203,93.0932388305664,61.87112045288086,103.2132568359375
19861204,30.460391998291016,45.549949645996094,25.32876968383789
19861205,85.11951446533203,42.42875289916992,117.96590423583984
19861206,139.3636932373047,85.498291015625,178.28504943847656
19861207,60.78105545043945,60.59396743774414,60.64962387084961
19861208,151.788818359375,178.02540588378906,133.64169311523438
19861209,127.69535064697266,104.83718872070312,137.4128875732422
19861210,112.4174575805664,74.71428680419922,137.1020050048828
19861211,116.45745849609375,64.49944305419922,139.8771514892578
19861212,121.36563110351562,85.40615844726562,130.60147094726562
19861213,106.85701751708984,63.91686248779297,142.16793823242188
19861214,109.77320098876953,90.1231918334961,128.8656768798828
19861215,112.43701934814453,86.22379302978516,129.45449829101562
19861216,85.33546447753906,46.403343200683594,116.11491394042969
19861217,73.94124603271484,73.7136459350586,61.48446273803711
19861218,54.64029312133789,68.09012603759766,34.07633590698242
19861219,55.440460205078125,55.26980972290039,46.10047912597656
19861220,92.58729553222656,61.53487014770508,102.6523208618164
19861221,99.94815826416016,99.64051055908203,83.11002349853516
19861222,78.66255187988281,139.41409301757812,43.6069221496582
19861223,66.08614349365234,65.88272094726562,54.95269775390625
19861224,49.58933639526367,19.77467918395996,82.47016906738281
19861225,93.311767578125,155.04090881347656,51.7277717590332
19861226,73.40869903564453,36.59136962890625,91.56245422363281
19861227,175.8885498046875,204.57167053222656,146.2568359375
19861228,77.39643859863281,61.7265625,77.22907257080078
19861229,73.3796615600586,83.60433959960938,52.30070114135742
19861230,80.3587875366211,106.81523895263672,59.39630889892578
19861231,86.7164306640625,69.15960693359375,100.95040130615234
19870101,76.85771942138672,91.94537353515625,51.12767791748047
19870102,54.75318145751953,81.8769760131836,45.528987884521484
19870103,97.71585845947266,77.93206787109375,113.75531768798828
19870104,73.36180877685547,33.75507354736328,103.2352294921875
19870105,56.41843032836914,96.41960144042969,13.403911590576172
19870106,112.05303192138672,111.70811462402344,104.82255554199219
19870107,71.3077163696289,77.55079650878906,53.90418243408203
19870108,65.41875457763672,71.146240234375,49.452491760253906
19870109,70.48016357421875,35.13160705566406,87.90969848632812
19870110,158.1376495361328,165.94830322265625,138.4172821044922
19870111,59.44248580932617,75.42120361328125,44.934810638427734
19870112,90.54854583740234,105.31480407714844,87.84294891357422
19870113,142.33689880371094,141.89877319335938,150.63693237304688
19870114,120.5723876953125,113.87487030029297,116.09020233154297
19870115,117.70545196533203,100.579833984375,130.5010223388672
19870116,127.64022827148438,157.5443115234375,111.19098663330078
19870117,135.55264282226562,185.81117248535156,112.71627044677734
19870118,96.36560821533203,84.06036376953125,90.14739227294922
19870119,82.25337219238281,89.45475769042969,74.61409759521484
19870120,89.90267181396484,137.8860626220703,69.00635528564453
19870121,82.81419372558594,141.5301971435547,29.512540817260742
19870122,80.09663391113281,91.25724029541016,66.60285949707031
19870123,90.67247772216797,96.41960144042969,100.52933502197266
19870124,113.38862609863281,129.18812561035156,94.28619384765625
19870125,62.93306350708008,34.22146224975586,76.11754608154297
19870126,104.38764190673828,124.87959289550781,138.88255310058594
19870127,134.03453063964844,190.8885040283203,95.53192138671875
19870128,98.69847869873047,110.69401550292969,71.81201934814453
19870129,115.90936279296875,109.47087097167969,121.74603271484375
19870130,133.7183380126953,109.06914520263672,171.84060668945312
19870131,96.95320129394531,96.65476989746094,80.61962127685547
19870201,76.08370971679688,46.67662811279297,97.33229064941406
19870202,128.50477600097656,56.937435150146484,201.83865356445312
19870203,117.42311096191406,135.5450897216797,102.77999114990234
19870204,141.67803955078125,134.51614379882812,134.6396942138672
19870205,78.43966674804688,72.18297576904297,90.31159210205078
19870206,135.8093719482422,94.18527221679688,186.57958984375
19870207,163.90309143066406,154.7986602783203,200.84922790527344
19870208,95.7972412109375,120.63455963134766,67.08076477050781
19870209,125.14144897460938,117.41764831542969,171.391357421875
19870210,148.42462158203125,147.96775817871094,134.6396942138672
19870211,69.40618133544922,100.64369201660156,52.466739654541016
19870212,98.39310455322266,130.7869873046875,90.90771484375
19870213,96.92538452148438,90.94309997558594,104.30135345458984
19870214,123.91151428222656,131.76544189453125,109.9053955078125
19870215,155.62399291992188,132.98138427734375,184.86602783203125
19870216,100.93696594238281,128.06979370117188,91.56245422363281
19870217,78.0262222290039,56.57167053222656,94.37271881103516
19870218,86.52229309082031,86.25596618652344,71.94599914550781
19870219,82.67639923095703,87.91670227050781,73.33121490478516
19870220,115.42047882080078,103.55868530273438,115.17089080810547
19870221,82.19770812988281,65.55575561523438,82.01996612548828
19870222,77.9427719116211,33.30122375488281,111.10604095458984
19870223,117.00018310546875,72.90003204345703,133.77281188964844
19870224,53.21393585205078,13.262535095214844,77.43585205078125
19870225,116.12322235107422,85.30110168457031,132.13487243652344
19870226,53.86288833618164,21.478837966918945,71.6618881225586
19870227,63.39842224121094,52.669395446777344,61.50407028198242
19870228,40.6949348449707,32.45573806762695,40.606937408447266
19870301,76.1509780883789,54.22612762451172,99.50588989257812
19870302,120.0717544555664,42.24781799316406,164.44798278808594
19870303,146.7997283935547,63.62950897216797,201.6785125732422
19870304,96.10931396484375,25.550262451171875,149.18008422851562
19870305,94.49480438232422,62.80261993408203,104.76717376708984
19870306,113.44409942626953,56.547454833984375,141.4984893798828
19870307,133.2131805419922,88.5354232788086,162.4640350341797
19870308,74.0829849243164,73.85494995117188,88.0033187866211
19870309,115.21974182128906,86.14881896972656,143.71324157714844
19870310,70.75387573242188,51.298973083496094,85.57682037353516
19870311,41.931236267089844,35.83042907714844,39.8481559753418
19870312,103.35624694824219,82.43048095703125,120.32154083251953
19870313,62.824562072753906,11.387487411499023,94.9828872680664
19870314,52.719913482666016,35.038421630859375,73.06376647949219
19870315,71.56781768798828,61.155025482177734,76.51399230957031
19870316,74.10665893554688,73.87855529785156,86.27080535888672
19870317,26.29022216796875,0.0,43.722286224365234
19870318,85.4432144165039,117.94183349609375,54.652854919433594
19870319,86.86803436279297,80.8272705078125,77.04905700683594
19870320,102.27481842041016,79.30223083496094,141.74119567871094
19870321,130.07464599609375,86.44950866699219,158.6363525390625
19870322,84.12870788574219,73.38603210449219,96.18902587890625
19870323,142.07400512695312,164.00038146972656,124.35682678222656
19870324,73.61261749267578,80.05747985839844,77.90515899658203
19870325,74.30058288574219,61.7265625,82.377685546875
19870326,64.37852478027344,81.68409729003906,38.93291473388672
19870327,69.56926727294922,85.36016845703125,53.399105072021484
19870328,162.46926879882812,107.97943878173828,195.1419677734375
19870329,55.54610824584961,60.40922927856445,58.78514099121094
19870330,110.1740951538086,102.51263427734375,134.36602783203125
19870331,115.55469512939453,12.799888610839844,181.49832153320312
19870401,162.50332641601562,199.38845825195312,124.73224639892578
19870402,114.79195404052734,98.09024047851562,109.0892562866211
19870403,117.8628921508789,74.2105941772461,144.430908203125
19870404,65.92174530029297,65.71883392333984,54.81599426269531
19870405,63.51530838012695,68.19055938720703,48.752281188964844
19870406,112.2904281616211,83.95858764648438,151.73114013671875
19870407,111.73343658447266,39.31394577026367,163.95855712890625
19870408,110.011474609375,85.30110168457031,132.13487243652344
19870409,65.48733520507812,32.642879486083984,81.6821517944336
19870410,110.623779296875,122.5369644165039,91.98713684082031
19870411,181.28480529785156,164.29708862304688,205.5599822998047
19870412,91.17159271240234,90.89095306396484,84.235595703125
19870413,155.276611328125,162.17001342773438,122.96892547607422
19870414,122.92731475830078,103.19910430908203,118.35758209228516
19870415,130.1365966796875,82.55928039550781,147.5626983642578
19870416,82.96234130859375,23.630563735961914,128.116455078125
19870417,153.25045776367188,35.25663375854492,225.45761108398438
19870418,131.10426330566406,104.5605697631836,145.3563995361328
19870419,129.3532257080078,156.98878479003906,84.17838287353516
19870420,134.17996215820312,167.20867919921875,97.62798309326172
19870421,118.30599212646484,194.25714111328125,46.294185638427734
19870422,135.33836364746094,128.49693298339844,128.61495971679688
19870423,119.66583251953125,54.22612762451172,171.87379455566406
19870424,83.93330383300781,78.09661865234375,102.36331939697266
19870425,160.0274200439453,207.3953094482422,119.76103973388672
19870426,95.0976333618164,115.8726806640625,79.07666778564453
19870427,136.52664184570312,171.92388916015625,107.5511245727539
19870428,183.6671142578125,156.9443817138672,196.36065673828125
19870429,70.48016357421875,58.55268478393555,68.37420654296875
19870430,81.21882629394531,69.40184783935547,77.18399047851562
19870501,87.89566040039062,65.71883392333984,100.4959945678711
19870502,66.41739654541016,49.65972137451172,69.0351791381836
19870503,127.40645599365234,132.0948486328125,110.1801528930664
19870504,92.60942077636719,85.22248077392578,118.47328186035156
19870505,149.6437225341797,108.4968032836914,169.6819610595703
19870506,108.29548645019531,114.31285858154297,105.94245910644531
19870507,99.70939636230469,110.44719696044922,82.91148376464844
19870508,92.33638000488281,92.05216217041016,86.378173828125
19870509,91.32392120361328,115.8726806640625,69.0351791381836
19870510,84.36080932617188,100.9213638305664,65.47207641601562
19870511,52.10780334472656,59.368473052978516,61.898963928222656
19870512,78.09590148925781,64.87959289550781,86.58558654785156
19870513,90.93323516845703,90.65332794189453,86.41580963134766
19870514,67.26025390625,44.7021484375,74.57201385498047
19870515,84.36080932617188,78.49439239501953,74.82523345947266
19870516,102.5318603515625,78.62789154052734,104.93347930908203
19870517,95.36180114746094,110.07904815673828,100.16377258300781
19870518,133.09423828125,162.17001342773438,110.67202758789062
19870519,185.87554931640625,198.5393524169922,198.7217254638672
19870520,106.85701751708984,125.32718658447266,104.53524780273438
19870521,77.5171890258789,72.12667846679688,68.75516510009766
19870522,132.50270080566406,114.86508178710938,134.1323699951172
19870523,125.15999603271484,116.4564208984375,124.88934326171875
19870524,104.67221069335938,98.21178436279297,102.39791107177734
19870525,87.68561553955078,58.27714157104492,97.21778869628906
19870526,82.43946838378906,74.71428680419922,87.24673461914062
19870527,134.11204528808594,147.0691680908203,100.36653900146484
19870528,134.3722381591797,93.18860626220703,165.17306518554688
19870529,141.96719360351562,141.5301971435547,137.72518920898438
19870530,94.87067413330078,94.57865142822266,78.887939453125
19870531,61.13799285888672,55.408912658691406,73.9464111328125
19870601,128.56997680664062,150.793212890625,100.62113952636719
19870602,112.62730407714844,132.0948486328125,99.1621322631836
19870603,128.1103515625,121.63429260253906,131.8915252685547
19870604,130.90902709960938,113.48355102539062,151.45037841796875
19870605,91.53900146484375,91.25724029541016,104.66162872314453
19870606,127.40645599365234,111.13750457763672,145.67088317871094
19870607,104.00526428222656,82.94810485839844,121.07709503173828
19870608,160.8042449951172,112.21649932861328,187.19927978515625
19870609,102.31868743896484,102.00374603271484,85.0811996459961
19870610,68.36443328857422,37.17491149902344,93.02263641357422
19870611,90.13789367675781,11.232555389404297,149.90496826171875
19870612,100.890380859375,111.75537109375,83.89351654052734
19870613,70.293212890625,35.038421630859375,87.67652130126953
19870614,59.25881576538086,59.076412200927734,68.98578643798828
19870615,85.73704528808594,93.24342346191406,64.81185913085938
19870616,71.02971649169922,51.498966217041016,75.17164611816406
19870617,61.11748123168945,85.30110168457031,40.656883239746094
19870618,101.4660415649414,107.10393524169922,99.26139831542969
19870619,60.629356384277344,65.93753051757812,45.832008361816406
19870620,124.2212905883789,49.53556823730469,165.2702178955078
19870621,97.96873474121094,85.45877075195312,112.01309204101562
19870622,158.11778259277344,157.63108825683594,157.77587890625
19870623,93.68878173828125,80.05747985839844,89.03446960449219
19870624,123.83430480957031,24.690628051757812,185.3497772216797
19870625,67.95011138916016,67.74095153808594,65.91975402832031
19870626,61.864593505859375,89.70787811279297,37.41261672973633
19870627,152.10769653320312,151.63949584960938,140.53591918945312
19870628,56.916969299316406,22.69671058654785,85.19084167480469
19870629,92.0157699584961,107.02128601074219,89.26632690429688
19870630,58.687225341796875,39.00438690185547,75.9115219116211
19870701,100.58403778076172,133.69923400878906,78.06285858154297
19870702,84.93763732910156,45.1606330871582,113.00528717041016
19870703,94.10704040527344,50.03593063354492,125.20471954345703
19870704,87.42847442626953,77.47498321533203,96.93268585205078
19870705,103.31594848632812,64.37371063232422,118.12686920166016
19870706,94.64479064941406,102.9310531616211,85.85466766357422
19870707,99.09390258789062,141.12698364257812,70.62830352783203
19870708,80.14276123046875,93.21208953857422,77.74809265136719
19870709,99.49407958984375,93.35325622558594,97.33229064941406
19870710,111.65958404541016,86.57901763916016,134.11441040039062
19870711,93.91300201416016,136.1802520751953,56.79389190673828
19870712,70.10725402832031,69.8914566040039,68.01244354248047
19870713,82.81419372558594,120.08622741699219,75.12283325195312
19870714,46.74994659423828,13.31601333618164,77.74809265136719
19870715,98.15015411376953,85.61702728271484,91.8167953491211
19870716,52.02985763549805,23.053203582763672,67.3002700805664
19870717,178.8909912109375,98.3946762084961,225.69491577148438
19870718,171.49533081054688,107.97943878173828,225.16378784179688
19870719,63.15120315551758,80.12686157226562,57.286041259765625
19870720,90.19367218017578,114.43861389160156,81.81694793701172
19870721,96.21566009521484,95.91950225830078,125.7242431640625
19870722,179.5970458984375,159.15042114257812,221.2452850341797
19870723,102.71527862548828,102.39910888671875,96.08734893798828
19870724,176.91429138183594,170.28802490234375,192.76454162597656
19870725,104.0597152709961,17.289901733398438,173.0578155517578
19870726,51.93921661376953,57.53260040283203,57.585445404052734
19870727,90.41748046875,81.94469451904297,136.69993591308594
19870728,172.17088317871094,260.8941955566406,103.07914733886719
19870729,102.95000457763672,60.37242126464844,120.85574340820312
19870730,58.94248580932617,58.76105499267578,58.81502914428711
19870731,111.72234344482422,55.68922805786133,139.3509521484375
19870801,121.08602142333984,68.97903442382812,172.60597229003906
19870802,84.0753173828125,89.404296875,102.5365219116211
19870803,142.30599975585938,126.10487365722656,170.9238739013672
19870804,128.78233337402344,114.12081909179688,142.7820587158203
19870805,165.62838745117188,158.51382446289062,165.2702178955078
19870806,119.2022476196289,112.58084106445312,146.07217407226562
19870807,122.2349624633789,158.4163360595703,101.64220428466797
19870808,111.8529281616211,51.46552658081055,171.70933532714844
19870809,55.67340850830078,66.60244750976562,37.03534698486328
19870810,77.57769775390625,92.80668640136719,90.31159210205078
19870811,146.7593231201172,167.20867919921875,127.84617614746094
19870812,115.39682006835938,108.27445983886719,124.1784439086914
19870813,35.6190071105957,11.836456298828125,49.363868713378906
19870814,88.88822174072266,47.26112747192383,118.26134490966797
19870815,75.28562927246094,93.81736755371094,62.602359771728516
19870816,128.75704956054688,140.02987670898438,126.53197479248047
19870817,61.20217514038086,30.506893157958984,76.33728790283203
19870818,79.98151397705078,79.73532104492188,99.76069641113281
19870819,51.15934371948242,51.00187301635742,53.17574691772461
19870820,36.87459182739258,24.507394790649414,40.883174896240234
19870821,73.47654724121094,48.833587646484375,91.64707946777344
19870822,99.6260986328125,49.65972137451172,138.0703582763672
19870823,98.27861785888672,69.15960693359375,124.9862060546875
19870824,101.0877456665039,46.512271881103516,168.11526489257812
19870825,115.21974182128906,100.50695037841797,107.78492736816406
19870826,105.49578857421875,42.068424224853516,152.05328369140625
19870827,138.02365112304688,87.56288146972656,177.37335205078125
19870828,136.78465270996094,118.57706451416016,168.1384735107422
19870829,172.52955627441406,206.39820861816406,200.84922790527344
19870830,114.82037353515625,137.36032104492188,133.6674346923828
19870831,103.51773834228516,127.0142822265625,79.45684051513672
19870901,108.83179473876953,108.4968032836914,113.12129974365234
19870902,124.13961029052734,104.21685028076172,141.25660705566406
19870903,87.0201644897461,104.10276794433594,125.42398834228516
19870904,111.59358978271484,105.39482879638672,136.7484130859375
19870905,119.525634765625,102.13519287109375,127.7862548828125
19870906,102.62688446044922,113.67887115478516,85.33747100830078
19870907,172.90875244140625,199.5938720703125,151.3463592529297
19870908,77.36357116699219,42.068424224853516,93.57125854492188
19870909,103.31594848632812,77.24845123291016,118.12686920166016
19870910,101.751220703125,67.62535095214844,122.21348571777344
19870911,87.46053314208984,76.29240417480469,109.0892562866211
19870912,167.72494506835938,167.20867919921875,167.3622589111328
19870913,64.65972900390625,49.58515548706055,74.44605255126953
19870914,106.17205047607422,56.4507942199707,141.25660705566406
19870915,101.53463745117188,75.91658020019531,116.09020233154297
19870916,138.27415466308594,83.90779876708984,189.9657745361328
19870917,128.16482543945312,98.28485870361328,163.95855712890625
19870918,122.68769073486328,85.08525085449219,150.81019592285156
19870919,219.1520538330078,201.67152404785156,280.3565979003906
19870920,77.75981140136719,20.672121047973633,129.31942749023438
19870921,143.6958465576172,120.63455963134766,138.35406494140625
19870922,135.71041870117188,73.79600524902344,174.40061950683594
19870923,161.30764770507812,149.32461547851562,172.4558868408203
19870924,143.7931365966797,116.80413055419922,194.8523712158203
19870925,147.8824920654297,106.14765167236328,196.75027465820312
19870926,222.02195739746094,141.65667724609375,310.1585998535156
19870927,143.10292053222656,158.51382446289062,114.58735656738281
19870928,92.0157699584961,112.9015884399414,82.39968872070312
19870929,166.2678680419922,102.00374603271484,202.06784057617188
19870930,137.7627410888672,112.36802673339844,166.62405395507812
19871001,99.11619567871094,52.0058479309082,130.134033203125
19871002,81.07682800292969,46.18701171875,115.5735855102539
19871003,125.34039306640625,142.8052520751953,104.2244644165039
19871004,81.79179382324219,50.962520599365234,102.01866149902344
19871005,43.682212829589844,29.031837463378906,48.43083953857422
19871006,89.18451690673828,114.31285858154297,74.15972137451172
19871007,109.77320098876953,115.8726806640625,107.3880615234375
19871008,92.62113189697266,108.6306381225586,72.48694610595703
19871009,76.2971420288086,88.73934936523438,63.44346618652344
19871010,175.66647338867188,166.7864227294922,166.93963623046875
19871011,88.33514404296875,78.27842712402344,89.77641296386719
19871012,144.35501098632812,196.93040466308594,113.71804809570312
19871013,98.04640197753906,83.78108978271484,104.82255554199219
19871014,106.2521743774414,87.23245239257812,114.33789825439453
19871015,85.9012680053711,74.9322509765625,89.28699493408203
19871016,95.15454864501953,83.00394439697266,89.01448059082031
19871017,141.2943572998047,140.8594512939453,130.5452117919922
19871018,104.6073989868164,69.52360534667969,132.54754638671875
19871019,120.8447494506836,99.2128677368164,130.04095458984375
19871020,135.45816040039062,135.0412139892578,163.83665466308594
19871021,79.89495086669922,73.52217864990234,91.98713684082031
19871022,135.3173065185547,161.88095092773438,126.02305603027344
19871023,128.91549682617188,111.75537109375,149.14402770996094
19871024,129.9046173095703,97.12857055664062,135.0247039794922
19871025,86.16505432128906,85.89982604980469,103.49291229248047
19871026,64.39116668701172,42.79530715942383,83.28953552246094
19871027,94.64479064941406,88.06324005126953,94.44012451171875
19871028,95.6698226928711,47.68767166137695,139.216796875
19871029,101.35070037841797,53.178279876708984,141.9390106201172
19871030,65.0586166381836,64.85836029052734,54.0982780456543
19871031,92.22926330566406,76.62114715576172,102.25535583496094
19871101,97.28539276123047,48.49296951293945,137.52294921875
19871102,80.63045501708984,80.38226318359375,100.57012176513672
19871103,97.23780059814453,25.850263595581055,161.71255493164062
19871104,81.36131286621094,34.761802673339844,115.97911071777344
19871105,111.83909606933594,42.47422790527344,159.42465209960938
19871106,73.72964477539062,63.00231170654297,70.0668716430664
19871107,110.68245697021484,157.63108825683594,105.18392181396484
19871108,68.60346984863281,68.39230346679688,81.49419403076172
19871109,97.22421264648438,41.53926086425781,127.04210662841797
19871110,89.52886199951172,76.5028076171875,127.62179565429688
19871111,104.86713409423828,49.19733810424805,153.8828887939453
19871112,77.42227935791016,77.18396759033203,64.3790512084961
19871113,113.60791778564453,83.45343017578125,139.216796875
19871114,146.5017547607422,129.8229522705078,162.42774963378906
19871115,52.20378494262695,28.387144088745117,63.1404914855957
19871116,103.08820343017578,68.51393127441406,125.7242431640625
19871117,106.05207824707031,87.06816864013672,114.12257385253906
19871118,90.01542663574219,23.930227279663086,139.72120666503906
19871119,83.33502960205078,62.308895111083984,95.28157806396484
19871120,102.00775909423828,107.04606628417969,80.35829162597656
19871121,118.00495147705078,84.02980041503906,126.16048431396484
19871122,63.70322799682617,31.753570556640625,79.45684051513672
19871123,64.67051696777344,57.30796432495117,71.70075225830078
19871124,99.57617950439453,105.88765716552734,99.3608627319336
19871125,104.0917739868164,73.25038146972656,122.19609832763672
19871126,132.50270080566406,113.22415161132812,136.41351318359375
19871127,117.05186462402344,105.02241516113281,126.53197479248047
19871128,133.2131805419922,70.82833862304688,177.23348999023438
19871129,96.53187561035156,151.94960021972656,59.14578628540039
19871130,123.545654296875,169.3523712158203,102.7320785522461
19871201,117.37445068359375,117.0131607055664,119.28954315185547
19871202,120.77069091796875,137.5988006591797,114.77099609375
19871203,133.57127380371094,170.44496154785156,133.28244018554688
19871204,177.6455841064453,93.7581787109375,243.30003356933594
19871205,90.86843872070312,32.94136047363281,123.64356231689453
19871206,105.83283996582031,94.95636749267578,114.40430450439453
19871207,133.84112548828125,80.05747985839844,178.06893920898438
19871208,197.03004455566406,110.4882583618164,266.23455810546875
19871209,126.25030517578125,95.8946304321289,139.9747772216797
19871210,77.14859008789062,38.455562591552734,120.28400421142578
19871211,97.1111068725586,32.270729064941406,143.55718994140625
19871212,143.6958465576172,75.3966064453125,176.08700561523438
19871213,75.28562927246094,20.01436996459961,116.85774230957031
19871214,105.27227783203125,41.97929382324219,151.73114013671875
19871215,145.6073760986328,60.482994079589844,191.7053985595703
19871216,148.67898559570312,94.86165618896484,207.70046997070312
19871217,102.17335510253906,53.60992431640625,125.20471954345703
19871218,62.8968505859375,41.80216979980469,78.45105743408203
19871219,57.82536697387695,65.88272094726562,54.95269775390625
19871220,76.7813720703125,65.61003112792969,72.96698760986328
19871221,118.30599212646484,180.38162231445312,81.01481628417969
19871222,112.62730407714844,132.0948486328125,88.14412689208984
19871223,115.06175994873047,156.96829223632812,70.49918365478516
19871224,88.67293548583984,126.28570556640625,73.73432159423828
19871225,154.58648681640625,176.12648010253906,110.1801528930664
19871226,169.00856018066406,179.72088623046875,149.90496826171875
19871227,62.38357162475586,62.19154739379883,72.62345123291016
19871228,72.96404266357422,58.19156265258789,72.80626678466797
19871229,102.5318603515625,47.176734924316406,144.28353881835938
19871230,104.1688003540039,83.07852172851562,127.04210662841797
19871231,85.27401733398438,91.55088806152344,65.45355987548828
19880101,55.67340850830078,74.00271606445312,46.294185638427734
19880102,75.50011444091797,131.718505859375,31.390356063842773
19880103,118.88497161865234,140.0679473876953,98.85658264160156
19880104,83.9590835571289,45.654903411865234,126.93566131591797
19880105,116.83330535888672,82.21671295166016,125.7242431640625
19880106,73.74918365478516,49.01478958129883,81.76634979248047
19880107,82.40218353271484,32.85941696166992,118.76799011230469
19880108,90.34275817871094,72.0517349243164,110.1801528930664
19880109,88.87377166748047,80.54563903808594,94.05622863769531
19880110,64.21778869628906,85.36016845703125,53.399105072021484
19880111,92.60942077636719,85.22248077392578,82.9312973022461
19880112,102.66221618652344,122.81546020507812,102.44022369384766
19880113,85.7226333618164,85.45877075195312,81.46407318115234
19880114,87.99008178710938,41.279640197753906,111.9017105102539
19880115,96.26264953613281,90.3212661743164,94.17107391357422
19880116,116.2304458618164,82.76619720458984,124.2633285522461
19880117,55.86117172241211,33.41353988647461,65.03044128417969
19880118,93.61604309082031,86.14881896972656,83.83272552490234
19880119,60.22850036621094,66.71456909179688,44.517234802246094
19880120,100.20222473144531,58.76105499267578,117.63005828857422
19880121,159.5755157470703,142.62733459472656,183.02349853515625
19880122,73.61261749267578,79.03111267089844,56.50264358520508
19880123,88.22819519042969,63.96845245361328,106.7120132446289
19880124,82.26575469970703,65.61003112792969,100.32960510253906
19880125,99.94815826416016,113.87487030029297,83.11002349853516
19880126,87.17283630371094,53.479698181152344,111.51837158203125
19880127,74.71957397460938,74.48957824707031,62.13166427612305
19880128,54.93478775024414,54.76569366455078,45.679996490478516
19880129,41.78013229370117,47.601749420166016,49.630699157714844
19880130,127.40645599365234,95.26071166992188,145.67088317871094
19880131,61.864593505859375,56.06742477416992,56.11892318725586
19880201,69.44586181640625,69.23210144042969,69.29569244384766
19880202,64.32170104980469,64.12371826171875,64.18260955810547
19880203,110.2148208618164,85.45877075195312,122.19609832763672
19880204,75.6540756225586,64.64674377441406,80.88265991210938
19880205,99.49407958984375,105.02241516113281,77.86582946777344
19880206,90.64240264892578,16.42970848083496,137.0399932861328
19880207,53.42850875854492,53.26405334472656,44.4274787902832
19880208,85.85488891601562,71.32551574707031,107.0865478515625
19880209,96.29557800292969,63.99944305419922,106.76371002197266
19880210,60.5588264465332,48.297935485839844,70.49918365478516
19880211,59.249176025390625,75.17593383789062,53.74641418457031
19880212,37.76543045043945,64.54145812988281,26.916975021362305
19880213,80.4021224975586,128.2474365234375,40.114131927490234
19880214,44.630401611328125,49.43669509887695,32.98807144165039
19880215,89.091064453125,64.59406280517578,107.75565338134766
19880216,124.74104309082031,110.53961944580078,126.77632904052734
19880217,116.71798706054688,110.81782531738281,110.91960906982422
19880218,108.787109375,130.14271545410156,72.367919921875
19880219,115.27250671386719,120.96598815917969,110.98733520507812
19880220,113.11206817626953,64.43651580810547,147.80264282226562
19880221,98.4957504272461,103.36061096191406,94.83424377441406
19880222,100.7880630493164,66.98522186279297,111.74458312988281
19880223,121.50344848632812,63.75233840942383,159.52725219726562
19880224,93.8072280883789,105.20829010009766,87.75410461425781
19880225,100.54119110107422,84.40565490722656,96.80364990234375
19880226,80.7943344116211,32.218257904052734,107.49282836914062
19880227,94.64479064941406,47.176734924316406,131.16685485839844
19880228,58.39462661743164,42.33809280395508,61.799766540527344
19880229,93.311767578125,66.44610595703125,110.84523010253906
19880301,92.52982330322266,98.3946762084961,92.32974243164062
19880302,95.18872833251953,75.91658020019531,116.09020233154297
19880303,103.3477554321289,54.22612762451172,126.64385223388672
19880304,134.977294921875,100.9213638305664,149.6504669189453
19880305,129.3971710205078,206.39820861816406,57.385498046875
19880306,78.12659454345703,72.69371032714844,95.28157806396484
19880307,115.63378143310547,135.62098693847656,101.80917358398438
19880308,136.60072326660156,163.4163055419922,90.87023162841797
19880309,116.4347152709961,139.2915802001953,106.50102233886719
19880310,121.05729675292969,120.6846694946289,109.8141098022461
19880311,112.10042572021484,89.404296875,130.5010223388672
19880312,153.02622985839844,107.68601989746094,164.6714324951172
19880313,60.87413787841797,60.686763763427734,59.05521011352539
19880314,72.29810333251953,78.62789154052734,87.44457244873047
19880315,87.00928497314453,74.34982299804688,93.02263641357422
19880316,144.5273895263672,126.79261016845703,134.6005401611328
19880317,146.62184143066406,173.23915100097656,126.43623352050781
19880318,118.50753784179688,157.52366638183594,93.85021209716797
19880319,174.34567260742188,225.95172119140625,159.4712677001953
19880320,69.94863891601562,69.73332977294922,74.78291320800781
19880321,123.76627349853516,101.6114273071289,121.07709503173828
19880322,127.8748550415039,109.26964569091797,131.64907836914062
19880323,105.72024536132812,81.9737548828125,146.5161590576172
19880324,110.75454711914062,130.48883056640625,92.09587860107422
19880325,93.3891372680664,98.5782470703125,73.08799743652344
19880326,177.912841796875,101.35154724121094,225.4325408935547
19880327,111.12447357177734,84.40565490722656,123.20464324951172
19880328,56.50435256958008,42.24781799316406,58.73142623901367
19880329,100.7880630493164,133.97044372558594,55.872291564941406
19880330,113.8133544921875,95.54781341552734,109.58242797851562
19880331,97.57951354980469,133.11883544921875,68.32877349853516
19880401,80.51380157470703,91.73253631591797,66.94974517822266
19880402,88.57132720947266,158.93765258789062,58.91986846923828
19880403,119.8626480102539,119.49369812011719,108.73040771484375
19880404,155.78907775878906,147.13536071777344,136.361572265625
19880405,92.80900573730469,85.40615844726562,94.9828872680664
19880406,123.1437759399414,135.0412139892578,92.15811920166016
19880407,150.83494567871094,127.23672485351562,164.0159912109375
19880408,96.71730041503906,96.41960144042969,90.47640228271484
19880409,101.14710235595703,117.6417236328125,84.10698699951172
19880410,94.50267791748047,119.0043716430664,66.17427062988281
19880411,127.69535064697266,134.79066467285156,112.42872619628906
19880412,150.86941528320312,183.10177612304688,130.90711975097656
19880413,69.14277648925781,87.7290267944336,62.721153259277344
19880414,143.0677032470703,197.4840087890625,109.8141098022461
19880415,88.63056945800781,77.31304168701172,110.54864501953125
19880416,166.7654266357422,105.79679107666016,189.09637451171875
19880417,78.05756378173828,116.72593688964844,40.56706619262695
19880418,167.37184143066406,208.57081604003906,150.77284240722656
19880419,229.3316192626953,292.1328430175781,211.88491821289062
19880420,151.43167114257812,176.12648010253906,146.90687561035156
19880421,82.42781066894531,102.71761322021484,85.6766357421875
19880422,93.69991302490234,76.92711639404297,100.8304214477539
19880423,118.30599212646484,117.94183349609375,112.42872619628906
19880424,77.27607727050781,92.44585418701172,85.6766357421875
19880425,99.09390258789062,84.67618560791016,105.94245910644531
19880426,124.87854766845703,104.83718872070312,120.23628234863281
19880427,115.90936279296875,48.65372085571289,162.32803344726562
19880428,89.1038818359375,83.60433959960938,78.45105743408203
19880429,187.08853149414062,186.51266479492188,173.87232971191406
19880430,149.49830627441406,156.8822479248047,143.94081115722656
19880501,125.39688873291016,114.59332275390625,121.65001678466797
19880502,94.4372329711914,101.38859558105469,96.64925384521484
19880503,121.9743881225586,166.3985595703125,85.41097259521484
19880504,91.17159271240234,109.06914520263672,90.97443389892578
19880505,118.85968017578125,133.9495391845703,103.13274383544922
19880506,97.42845916748047,72.84642791748047,111.39537811279297
19880507,89.091064453125,64.59406280517578,94.28619384765625
19880508,68.35457611083984,62.902313232421875,87.44457244873047
19880509,67.14663696289062,89.25328063964844,37.223026275634766
19880510,103.51773834228516,103.19910430908203,86.0782470703125
19880511,91.85629272460938,68.68016052246094,105.02440643310547
19880512,118.49835205078125,96.65476989746094,143.3237762451172
19880513,104.9757308959961,81.39647674560547,126.08643341064453
19880514,150.21189880371094,94.57865142822266,184.0718536376953
19880515,99.6260986328125,119.1833267211914,82.84222412109375
19880516,173.96417236328125,202.33346557617188,132.60194396972656
19880517,151.7206573486328,176.46258544921875,105.13373565673828
19880518,117.42311096191406,110.9005355834961,113.05799102783203
19880519,132.09625244140625,182.3395233154297,92.9433822631836
19880520,72.98877716064453,78.3613510131836,74.69841003417969
19880521,105.63996887207031,30.08994483947754,175.68589782714844
19880522,57.65544891357422,62.703250885009766,43.58392333984375
19880523,118.80516815185547,83.60433959960938,127.84617614746094
19880524,98.7843246459961,78.78421020507812,98.57070922851562
19880525,154.21636962890625,135.2926788330078,174.40061950683594
19880526,109.03436279296875,113.87487030029297,120.88731384277344
19880527,124.78851318359375,67.85694122314453,150.9317169189453
19880528,150.95245361328125,83.60433959960938,195.25596618652344
19880529,76.52796173095703,43.59566116333008,90.90771484375
19880530,69.1920166015625,68.97903442382812,57.53532791137695
19880531,90.65974426269531,97.33305358886719,81.18537902832031
19880601,44.59225845336914,50.80571365356445,42.376983642578125
19880602,90.53641510009766,63.711341857910156,106.2831039428711
19880603,63.814788818359375,46.26789855957031,67.53599548339844
19880604,87.17283630371094,110.6057357788086,52.7177734375
19880605,65.37962341308594,54.3153190612793,63.42607498168945
19880606,80.43762969970703,87.48003387451172,60.805824279785156
19880607,62.61943054199219,74.9120101928711,41.65601348876953
19880608,111.99072265625,94.01768493652344,107.82755279541016
19880609,54.3935546875,54.22612762451172,45.22994613647461
19880610,94.48599243164062,121.89960479736328,83.18971252441406
19880611,86.14241790771484,62.45619583129883,91.16561126708984
19880612,70.26658630371094,50.03593063354492,83.46981811523438
19880613,88.60778045654297,81.54003143310547,102.01866149902344
19880614,115.3311767578125,127.75130462646484,106.55720520019531
19880615,87.94427490234375,105.20829010009766,87.75410461425781
19880616,94.34528350830078,94.05487823486328,95.8846206665039
19880617,76.62522888183594,82.26547241210938,58.81502914428711
19880618,112.83686065673828,128.55946350097656,93.82738494873047
19880619,65.0586166381836,43.2389030456543,72.13103485107422
19880620,103.95087432861328,96.72217559814453,103.72608184814453
19880621,143.72711181640625,150.1077880859375,125.20471954345703
19880622,75.81580352783203,81.39647674560547,58.19374084472656
19880623,54.12692642211914,53.96031951904297,45.008235931396484
19880624,50.021995544433594,55.408912658691406,36.97320556640625
19880625,129.9046173095703,113.31666564941406,148.52716064453125
19880626,101.57788848876953,67.51014709472656,122.00527954101562
19880627,93.41297149658203,114.61592864990234,71.70075225830078
19880628,57.004032135009766,75.77142333984375,52.66737747192383
19880629,69.27422332763672,113.00890350341797,31.420196533203125
19880630,72.34937286376953,103.03810119628906,51.56637191772461
19880701,50.670249938964844,37.885711669921875,52.66737747192383
19880702,125.18424224853516,134.39883422851562,96.08734893798828
19880703,66.13111114501953,59.93414306640625,69.98738861083984
19880704,52.916419982910156,63.30424118041992,52.8019905090332
19880705,120.73139953613281,135.4047393798828,125.48992919921875
19880706,104.38764190673828,180.38162231445312,92.58837127685547
19880707,92.0157699584961,68.79940032958984,105.20674133300781
19880708,49.1661262512207,73.52217864990234,30.66238021850586
19880709,86.26477813720703,68.79940032958984,86.0782470703125
19880710,78.07398223876953,66.71456909179688,74.19538879394531
19880711,106.32933807373047,81.54003143310547,122.42239379882812
19880712,41.842960357666016,69.52360534667969,23.195819854736328
19880713,64.95230865478516,77.7028579711914,43.20790481567383
19880714,104.20329284667969,109.35003662109375,82.08786010742188
19880715,74.02385711669922,86.09534454345703,51.29429626464844
19880716,68.83257293701172,85.77587890625,42.92733383178711
19880717,103.51773834228516,97.76757049560547,99.66954803466797
19880718,42.2880973815918,42.157928466796875,46.885169982910156
19880719,152.8877410888672,174.19100952148438,169.5079345703125
19880720,91.47129821777344,91.18974304199219,108.65892791748047
19880721,88.88822174072266,118.15282440185547,59.130672454833984
19880722,126.25030517578125,155.8287811279297,79.98558807373047
19880723,123.01311492919922,157.6728973388672,102.28926086425781
19880724,70.25021362304688,118.51903533935547,26.960886001586914
19880725,52.10780334472656,89.0527114868164,12.379792213439941
19880726,65.23656463623047,72.26195526123047,48.21888732910156
19880727,104.12786865234375,129.75918579101562,75.76238250732422
19880728,96.26264953613281,67.74095153808594,113.00528717041016
19880729,93.39946746826172,99.31944274902344,93.19750213623047
19880730,63.35512161254883,54.137229919433594,60.207733154296875
19880731,77.81199645996094,132.98138427734375,36.97320556640625
19880801,80.01371002197266,79.76741790771484,66.53390502929688
19880802,103.08820343017578,137.02786254882812,80.00633239746094
19880803,122.68769073486328,143.89418029785156,96.01756286621094
19880804,137.07176208496094,125.26236724853516,142.47433471679688
19880805,69.49442291259766,80.8272705078125,48.15565872192383
19880806,96.91022491455078,140.52642822265625,58.60646057128906
19880807,93.02062225341797,92.73429107666016,103.13274383544922
19880808,56.14521408081055,63.96845245361328,53.35600662231445
19880809,101.47909545898438,115.61912536621094,84.38304901123047
19880810,91.42967987060547,70.1140365600586,93.57125854492188
19880811,63.70322799682617,103.9207763671875,48.15565872192383
19880812,124.5326156616211,111.734375,124.2633285522461
19880813,125.6800765991211,125.29322052001953,104.50691986083984
19880814,48.08565902709961,42.61124038696289,44.4274787902832
19880815,93.311767578125,139.5368194580078,38.79582595825195
19880816,79.55948638916016,100.94584655761719,60.14200210571289
19880817,83.9442138671875,128.74742126464844,32.2164192199707
19880818,76.02613830566406,43.30978775024414,90.31159210205078
19880819,85.24990844726562,72.84642791748047,101.26852416992188
19880820,71.62308502197266,71.40262603759766,59.55683898925781
19880821,76.27622985839844,76.04144287109375,72.48694610595703
19880822,134.596435546875,178.90951538085938,111.92115020751953
19880823,99.91503143310547,153.24229431152344,76.69152069091797
19880824,72.96404266357422,72.73945617675781,60.6718864440918
19880825,83.11102294921875,118.36457061767578,69.10942077636719
19880826,82.18202209472656,100.83576202392578,52.56686782836914
19880827,52.3036994934082,52.142704010009766,43.492164611816406
19880828,86.18061828613281,118.13360595703125,71.6618881225586
19880829,79.55948638916016,72.10417175292969,72.17041015625
19880830,89.15814208984375,109.39532470703125,102.6523208618164
19880831,75.71583557128906,100.64369201660156,52.466739654541016
19880901,109.64945220947266,138.0782470703125,76.78059387207031
19880902,65.53641510009766,95.03227233886719,39.633148193359375
19880903,106.23394775390625,77.02323913574219,128.48997497558594
19880904,55.86117172241211,44.55138397216797,55.74038314819336
19880905,48.00822830200195,38.28836441040039,63.872554779052734
19880906,59.28532791137695,59.102840423583984,49.297607421875
19880907,86.47265625,119.3628158569336,44.249053955078125
19880908,88.92799377441406,77.57247924804688,92.43301391601562
19880909,110.603271484375,110.2628173828125,101.16708374023438
19880910,104.0597152709961,121.0293197631836,100.95040130615234
19880911,46.07187271118164,55.11606979370117,38.310203552246094
19880912,85.5357894897461,108.52862548828125,90.52359771728516
19880913,104.74522399902344,130.52850341796875,76.2115707397461
19880914,85.22901153564453,67.97333526611328,94.49412536621094
19880915,116.2304458618164,105.33879089355469,149.36703491210938
19880916,79.68376159667969,56.74177551269531,104.12213897705078
19880917,25.031997680664062,0.0,41.62977981567383
19880918,64.95230865478516,79.69523620605469,49.85527420043945
19880919,87.34965515136719,40.191131591796875,122.91902923583984
19880920,92.19869995117188,118.17630767822266,65.71381378173828
19880921,53.33293533325195,59.076412200927734,59.130672454833984
19880922,69.94863891601562,59.771427154541016,66.47370147705078
19880923,69.79478454589844,64.22764587402344,71.42959594726562
19880924,67.08998107910156,83.60433959960938,69.7342758178711
19880925,43.39608383178711,57.68334197998047,40.094669342041016
19880926,63.16336441040039,69.96549224853516,46.68650436401367
19880927,114.01953887939453,131.6162567138672,79.84069061279297
19880928,92.49752807617188,80.68621063232422,105.75756072998047
19880929,67.39183044433594,51.68030548095703,68.9703598022461
19880930,80.66316986083984,32.16595458984375,107.31832885742188
19881001,83.65069580078125,83.3932113647461,69.55817413330078
19881002,62.41069412231445,47.86045455932617,71.85662078857422
19881003,108.16547393798828,67.39533233642578,123.67160034179688
19881004,88.33514404296875,88.06324005126953,83.94678497314453
19881005,87.63406372070312,93.18860626220703,68.01244354248047
19881006,83.86247253417969,94.05487823486328,61.01749038696289
19881007,79.2751235961914,90.3212661743164,56.50264358520508
19881008,76.05384826660156,84.24417114257812,70.26795959472656
19881009,62.501277923583984,28.757951736450195,79.9565658569336
19881010,109.20553588867188,130.6432647705078,96.86167907714844
19881011,87.70545959472656,80.70968627929688,78.53982543945312
19881012,65.41875457763672,59.28853225708008,69.23348999023438
19881013,37.3397331237793,53.178279876708984,17.74237632751465
19881014,72.49726867675781,55.59547805786133,83.46981811523438
19881015,51.75886917114258,68.79940032958984,28.6927490234375
19881016,50.4964599609375,20.136409759521484,67.18301391601562
19881017,66.547119140625,73.7136459350586,49.18756866455078
19881018,62.501277923583984,49.84711456298828,72.76048278808594
19881019,75.4284896850586,87.7290267944336,83.6281967163086
19881020,88.33514404296875,99.07113647460938,64.27175903320312
19881021,43.37240982055664,32.42918014526367,54.0982780456543
19881022,59.304283142089844,33.78384780883789,70.44766998291016
19881023,103.19525909423828,41.15104293823242,137.296142578125
19881024,104.45033264160156,59.5021858215332,124.07674407958984
19881025,114.66580963134766,114.31285858154297,95.34821319580078
19881026,77.33621215820312,38.54907989501953,107.17913055419922
19881027,55.579994201660156,55.408912658691406,46.21650695800781
19881028,67.95011138916016,67.74095153808594,65.91975402832031
19881029,94.64479064941406,102.9310531616211,71.5455551147461
19881030,46.59026336669922,65.02559661865234,23.2447566986084
19881031,62.11064529418945,68.79940032958984,57.385498046875
19881101,19.91523551940918,13.235957145690918,22.080190658569336
19881102,61.2304573059082,97.66717529296875,40.73203659057617
19881103,71.65287780761719,76.92711639404297,54.998409271240234
19881104,66.80809020996094,44.40163040161133,74.07069396972656
19881105,91.55338287353516,116.16381072998047,55.36690902709961
19881106,50.11448669433594,79.93637084960938,16.6687068939209
19881107,96.21566009521484,123.3250732421875,68.57685852050781
19881108,58.228729248046875,77.39933013916016,43.03912353515625
19881109,86.20064544677734,122.76473236083984,40.959163665771484
19881110,71.29698944091797,87.48003387451172,45.604366302490234
19881111,63.15120315551758,91.57355499267578,38.19069290161133
19881112,117.98186492919922,144.76148986816406,90.55902862548828
19881113,57.19541549682617,66.52259063720703,47.55978012084961
19881114,71.70059967041016,100.07186126708984,47.69703674316406
19881115,73.31639099121094,53.15687942504883,77.5916519165039
19881116,81.86954498291016,37.66963577270508,104.73397827148438
19881117,44.46399688720703,44.32713317871094,36.97320556640625
19881118,56.05021286010742,33.526611328125,74.57201385498047
19881119,49.441307067871094,65.71883392333984,54.81599426269531
19881120,69.30058288574219,73.69308471679688,76.83413696289062
19881121,43.02035903930664,71.47990417480469,11.924259185791016
19881122,39.99075698852539,13.289219856262207,55.42261505126953
19881123,44.50666809082031,50.708194732666016,31.72173309326172
19881124,63.58095169067383,101.41638946533203,21.1478214263916
19881125,97.42845916748047,114.26890563964844,76.2492446899414
19881126,147.8824920654297,157.2557830810547,147.5626983642578
19881127,63.39842224121094,73.7371597290039,43.93147659301758
19881128,81.8836898803711,89.0527114868164,61.898963928222656
19881129,122.68769073486328,190.26007080078125,45.34162521362305
19881130,89.87586975097656,89.5992202758789,96.08734893798828
19881201,59.15299606323242,53.60992431640625,62.602359771728516
19881202,45.848690032958984,57.13445281982422,28.59346580505371
19881203,87.40283966064453,121.98733520507812,58.14256286621094
19881204,81.0268325805664,104.53549194335938,63.41303634643555
19881205,119.91195678710938,89.65714263916016,149.56582641601562
19881206,105.79058837890625,145.01431274414062,65.97614288330078
19881207,147.0831298828125,140.25515747070312,127.62179565429688
19881208,115.31089782714844,73.15379333496094,148.18533325195312
19881209,66.3619613647461,77.18396759033203,64.3790512084961
19881210,53.14279556274414,17.659740447998047,73.64983367919922
19881211,30.53057861328125,20.291067123413086,33.849510192871094
19881212,71.2380142211914,71.01873779296875,82.9312973022461
19881213,84.93763732910156,98.78888702392578,70.62830352783203
19881214,98.3322525024414,49.01478958129883,122.64952087402344
19881215,87.7159652709961,102.87761688232422,68.6480712890625
19881216,116.02689361572266,127.23672485351562,96.47999572753906
19881217,129.9046173095703,148.00543212890625,108.01976013183594
19881218,151.0447540283203,135.0026092529297,147.2533416748047
19881219,159.18516540527344,105.79679107666016,189.09637451171875
19881220,74.9758071899414,95.13003540039062,56.67703628540039
19881221,67.05602264404297,66.84961700439453,66.91102600097656
19881222,66.03125,65.8280029296875,54.90705490112305
19881223,109.84081268310547,149.84580993652344,76.91458892822266
19881224,148.7680206298828,197.7467803955078,131.95228576660156
19881225,90.50731658935547,99.25160217285156,67.73370361328125
19881226,51.89400863647461,86.22379302978516,28.767663955688477
19881227,101.47909545898438,72.26195526123047,120.54721069335938
19881228,79.30641174316406,109.47087097167969,60.873016357421875
19881229,72.01234436035156,102.55811309814453,42.77180099487305
19881230,82.42781066894531,143.80465698242188,17.135326385498047
19881231,96.5763168334961,77.02323913574219,112.42872619628906
19890101,63.55046081542969,31.67742347717285,79.26629638671875
19890102,170.0648651123047,162.17001342773438,184.453369140625
19890103,90.91094970703125,113.28888702392578,75.59530639648438
19890104,78.87065887451172,73.38603210449219,78.70011138916016
19890105,139.04605102539062,171.2340545654297,102.01866149902344
19890106,107.00084686279297,88.89290618896484,103.80364227294922
19890107,116.76954650878906,110.28326416015625,112.42872619628906
19890108,80.26045227050781,72.73945617675781,84.9406509399414
19890109,75.28562927246094,69.280517578125,67.41792297363281
19890110,112.46371459960938,122.31005096435547,102.01866149902344
19890111,98.21629333496094,97.91397094726562,81.669921875
19890112,68.06645965576172,45.23796081542969,81.75467681884766
19890113,90.75527954101562,108.57110595703125,60.37268829345703
19890114,98.7958755493164,104.28540802001953,86.98432922363281
19890115,60.0919303894043,37.44185256958008,74.95248413085938
19890116,117.88497161865234,117.52210998535156,117.63005828857422
19890117,113.85257720947266,86.4778060913086,126.22930908203125
19890118,74.23120880126953,64.75238037109375,69.44127655029297
19890119,60.813873291015625,57.06040954589844,59.492523193359375
19890120,97.92937469482422,67.91509246826172,134.5387420654297
19890121,84.62763977050781,96.41960144042969,60.31760025024414
19890122,69.01182556152344,72.42042541503906,60.405784606933594
19890123,65.37962341308594,65.17837524414062,63.42607498168945
19890124,93.75191497802734,93.46334075927734,86.61962127685547
19890125,160.20953369140625,140.92623901367188,180.23779296875
19890126,108.18070220947266,96.69104766845703,111.6690673828125
19890127,92.48285675048828,92.19818115234375,83.89351654052734
19890128,59.47159194946289,71.146240234375,59.34299087524414
19890129,51.9327507019043,36.98064422607422,67.86011505126953
19890130,98.27861785888672,57.63300704956055,124.9862060546875
19890131,70.26658630371094,50.03593063354492,83.46981811523438
19890201,69.49442291259766,46.18701171875,84.75396728515625
19890202,113.15013122558594,132.2504425048828,90.84346771240234
19890203,101.04649353027344,131.3940887451172,87.67652130126953
19890204,81.64779663085938,46.512271881103516,106.68852996826172
19890205,72.38701629638672,89.34615325927734,57.325782775878906
19890206,125.34039306640625,142.8052520751953,119.11367797851562
19890207,109.89561462402344,146.07644653320312,95.73314666748047
19890208,140.6507568359375,145.05291748046875,137.1202392578125
19890209,85.50960540771484,88.9527587890625,80.37834167480469
19890210,141.71412658691406,114.7883071899414,154.66465759277344
19890211,89.04752349853516,71.01873779296875,108.60050964355469
19890212,110.05207824707031,124.3417739868164,115.91488647460938
19890213,89.52886199951172,52.501930236816406,122.61701965332031
19890214,107.02141571044922,81.28913879394531,127.13095092773438
19890215,167.89727783203125,153.80906677246094,166.02488708496094
19890216,86.88702392578125,101.0561752319336,66.22850799560547
19890217,135.626220703125,131.11151123046875,136.69993591308594
19890218,138.26370239257812,91.89207458496094,162.875
19890219,85.11951446533203,113.14334106445312,47.18635940551758
19890220,84.93763732910156,70.56349182128906,82.39968872070312
19890221,66.92056274414062,55.59547805786133,64.92096710205078
19890222,59.24114990234375,68.90193939208984,49.26087188720703
19890223,62.57072448730469,44.031620025634766,91.8167953491211
19890224,66.58427429199219,66.37931823730469,55.36690902709961
19890225,111.0031509399414,163.08006286621094,58.2963752746582
19890226,52.19382095336914,55.50204086303711,40.507408142089844
19890227,29.842952728271484,47.601749420166016,9.926139831542969
19890228,84.93763732910156,49.80952072143555,99.7105484008789
19890301,104.8582534790039,114.03872680664062,87.19292449951172
19890302,48.115509033203125,51.65720748901367,36.93189239501953
19890303,84.83405303955078,104.70933532714844,60.464717864990234
19890304,86.68401336669922,86.41719055175781,82.377685546875
19890305,62.03310012817383,43.28950881958008,77.37370300292969
19890306,84.64823913574219,45.00676345825195,112.6202621459961
19890307,97.71585845947266,107.1565933227539,81.25379943847656
19890308,52.42912673950195,47.516136169433594,47.55978012084961
19890309,68.11557006835938,64.3319091796875,59.62129592895508
19890310,77.03646087646484,42.66629409790039,92.52855682373047
19890311,85.5644760131836,97.48697662353516,60.98532485961914
19890312,97.5240707397461,103.70547485351562,86.5006103515625
19890313,99.37702941894531,132.0948486328125,55.0900764465332
19890314,127.6027603149414,173.00558471679688,84.88455200195312
19890315,115.01971435546875,119.25230407714844,107.11959838867188
19890316,110.05207824707031,117.02755737304688,91.51174926757812
19890317,62.34443283081055,99.44405364990234,41.47308349609375
19890318,140.05340576171875,182.11605834960938,131.64907836914062
19890319,77.03646087646484,95.9991683959961,69.39641571044922
19890320,150.57125854492188,200.1437225341797,139.11634826660156
19890321,75.9017105102539,86.4778060913086,54.0982780456543
19890322,98.53246307373047,140.327392578125,54.62188720703125
19890323,87.17283630371094,75.56913757324219,81.94175720214844
19890324,97.17992401123047,101.09300231933594,105.40193176269531
19890325,131.74984741210938,112.58084106445312,156.5059051513672
19890326,98.28497314453125,116.12734985351562,84.75396728515625
19890327,93.14777374267578,81.25342559814453,96.8191146850586
19890328,92.30064392089844,112.46466064453125,68.2229995727539
19890329,80.6785888671875,56.774288177490234,102.60328674316406
19890330,65.09412384033203,36.052085876464844,84.19880676269531
19890331,87.28221130371094,99.44405364990234,69.1218032836914
19890401,52.12082290649414,57.7337646484375,38.52452850341797
19890402,66.98822784423828,113.52944946289062,27.851404190063477
19890403,90.13789367675781,89.86044311523438,84.32154846191406
19890404,82.29981994628906,82.04649353027344,76.9892349243164
19890405,73.40869903564453,36.59136962890625,91.56245422363281
19890406,88.3863754272461,99.60748291015625,83.08248138427734
19890407,129.1693115234375,166.15704345703125,83.15483093261719
19890408,150.82518005371094,144.7919921875,176.51121520996094
19890409,79.50162506103516,85.86165618896484,66.10809326171875
19890410,176.7462921142578,204.62197875976562,142.22911071777344
19890411,124.4435043334961,153.59866333007812,128.116455078125
19890412,67.01726531982422,57.26655197143555,71.64894104003906
19890413,52.166419982910156,52.0058479309082,43.378013610839844
19890414,74.43972778320312,90.70183563232422,55.021297454833984
19890415,87.32604217529297,116.0763168334961,48.4095573425293
19890416,54.98038101196289,54.8111457824707,57.14738464355469
19890417,54.12692642211914,53.96031951904297,54.00988006591797
19890418,91.03239440917969,121.00291442871094,58.8748893737793
19890419,77.71419525146484,29.053119659423828,105.01041412353516
19890420,89.02758026123047,81.35741424560547,86.36741638183594
19890421,64.36336517333984,51.33219528198242,64.22418212890625
19890422,110.0328369140625,80.8272705078125,115.5735855102539
19890423,42.46881866455078,42.33809280395508,35.314151763916016
19890424,147.984130859375,136.1802520751953,151.45037841796875
19890425,104.92296600341797,49.80952072143555,141.25660705566406
19890426,69.78723907470703,37.10529708862305,92.84844207763672
19890427,94.74890899658203,72.65943145751953,109.0892562866211
19890428,84.83875274658203,76.88874053955078,83.37264251708984
19890429,100.02424621582031,140.7760467529297,48.92546463012695
19890430,68.53588104248047,78.08563232421875,70.5587158203125
19890501,120.56138610839844,91.57355499267578,124.1197509765625
19890502,136.27651977539062,104.50542449951172,156.90211486816406
19890503,103.05766296386719,58.708824157714844,130.58387756347656
19890504,77.11798095703125,69.8914566040039,81.61492919921875
19890505,103.39347076416016,87.21749114990234,112.42872619628906
19890506,128.9849395751953,105.20829010009766,146.2568359375
19890507,63.25505828857422,79.65518951416016,49.830223083496094
19890508,106.6658706665039,118.15282440185547,118.26134490966797
19890509,102.33949279785156,42.95767593383789,143.3237762451172
19890510,131.72213745117188,126.4531021118164,113.58778381347656
19890511,98.82798767089844,72.98058319091797,115.65872192382812
19890512,168.150634765625,125.72479248046875,202.74267578125
19890513,115.01971435546875,45.866268157958984,162.5922393798828
19890514,91.82682800292969,81.37259674072266,107.46524047851562
19890515,98.55573272705078,54.58464813232422,118.3753662109375
19890516,104.45033264160156,69.41921997070312,132.34854125976562
19890517,69.01182556152344,64.21277618408203,76.51399230957031
19890518,83.7242431640625,50.80571365356445,96.86167907714844
19890519,104.90470123291016,96.53704071044922,93.94166564941406
19890520,179.38092041015625,190.7506866455078,169.04896545410156
19890521,114.92581939697266,80.87439727783203,134.9144744873047
19890522,141.32115173339844,135.25070190429688,150.4165802001953
19890523,98.80500030517578,62.21107864379883,112.42872619628906
19890524,130.8207244873047,102.47132110595703,147.632080078125
19890525,121.8910140991211,85.77587890625,137.1289825439453
19890526,77.13086700439453,48.56428527832031,87.76605987548828
19890527,112.59174346923828,82.70697021484375,128.116455078125
19890528,78.70030975341797,35.662757873535156,107.0865478515625
19890529,108.01850891113281,100.50695037841797,119.76103973388672
19890530,87.94427490234375,81.82866668701172,78.00364685058594
19890531,74.9449691772461,59.771427154541016,74.78291320800781
19890601,64.80281829833984,83.60433959960938,44.37635803222656
19890602,64.32170104980469,24.0463924407959,93.59963989257812
19890603,69.86082458496094,58.03815841674805,87.13719940185547
19890604,99.65193176269531,68.51393127441406,114.29476928710938
19890605,142.04835510253906,147.27557373046875,141.74119567871094
19890606,155.59030151367188,110.07904815673828,183.6335906982422
19890607,139.1835174560547,111.00408172607422,162.02963256835938
19890608,97.20853424072266,111.81844329833984,80.83193969726562
19890609,82.60767364501953,82.35340118408203,89.29812622070312
19890610,119.73136138916016,90.94309997558594,123.26522827148438
19890611,89.43217468261719,106.98827362060547,65.4417724609375
19890612,109.07935333251953,80.12686157226562,114.57208251953125
19890613,159.40174865722656,109.25137329101562,173.96865844726562
19890614,74.33531951904297,27.789941787719727,100.44474029541016
19890615,81.79179382324219,88.9527587890625,68.01244354248047
19890616,87.17283630371094,60.833152770996094,94.23302459716797
19890617,80.2352066040039,68.56134033203125,76.2492446899414
19890618,63.344940185546875,37.14703369140625,74.3623046875
19890619,100.73998260498047,94.52225494384766,88.69601440429688
19890620,80.6713638305664,50.264400482177734,100.62113952636719
19890621,100.09197235107422,38.01290512084961,142.67933654785156
19890622,70.55917358398438,44.426517486572266,86.46424102783203
19890623,66.66802978515625,24.92355728149414,90.08439636230469
19890624,74.89283752441406,68.91905975341797,76.64706420898438
19890625,63.908058166503906,63.711341857910156,53.14155197143555
19890626,82.96234130859375,94.52225494384766,59.130672454833984
19890627,143.7931365966797,95.5670166015625,159.42465209960938
19890628,92.65923309326172,73.89922332763672,92.45886993408203
19890629,48.76940155029297,7.479889392852783,74.86759948730469
19890630,83.65069580078125,50.03593063354492,104.33726501464844
19890701,92.0157699584961,61.155025482177734,122.42239379882812
19890702,99.77613830566406,63.66017150878906,119.47245788574219
19890703,51.45736312866211,51.298973083496094,53.485511779785156
19890704,100.9544448852539,88.06324005126953,104.93347930908203
19890705,89.69046020507812,83.45343017578125,99.4405746459961
19890706,73.61261749267578,51.80190658569336,86.41580963134766
19890707,130.08680725097656,148.2130126953125,108.17125701904297
19890708,86.26477813720703,34.39970016479492,124.33523559570312
19890709,66.84553527832031,81.44862365722656,61.76017379760742
19890710,88.16719818115234,75.33927154541016,94.26058197021484
19890711,106.31551361083984,122.72325897216797,83.7518081665039
19890712,77.03646087646484,90.35215759277344,67.82636260986328
19890713,85.33546447753906,69.60501098632812,83.86077117919922
19890714,99.0169677734375,71.79067993164062,104.79090118408203
19890715,54.10727310180664,35.96048355102539,59.989192962646484
19890716,94.86161804199219,98.35240936279297,82.0356216430664
19890717,109.45875549316406,114.86508178710938,86.22794342041016
19890718,142.8304443359375,186.20335388183594,91.35999298095703
19890719,124.72017669677734,99.4690170288086,124.45047760009766
19890720,83.3827133178711,98.23987579345703,56.728912353515625
19890721,106.4093017578125,83.0205078125,115.41217803955078
19890722,112.99602508544922,83.00394439697266,118.68598175048828
19890723,62.501277923583984,73.30458068847656,48.914608001708984
19890724,47.153987884521484,47.00884246826172,58.81502914428711
19890725,49.77146911621094,55.13140869140625,36.788028717041016
19890726,82.29981994628906,51.279056549072266,102.6523208618164
19890727,58.25148391723633,23.228872299194336,83.9590835571289
19890728,55.85392761230469,51.398773193359375,57.16220474243164
19890729,124.06620025634766,111.31588745117188,134.11441040039062
19890730,69.25228881835938,99.72317504882812,63.983829498291016
19890731,120.23839569091797,119.8682861328125,129.97659301757812
19890801,200.59738159179688,270.2431335449219,207.37672424316406
19890802,190.37745666503906,246.7288818359375,229.5419921875
19890803,138.18817138671875,181.0596923828125,144.45550537109375
19890804,178.33473205566406,160.00721740722656,244.6800079345703
19890805,192.3814239501953,179.80242919921875,219.9603729248047
19890806,117.64946746826172,117.2873306274414,140.62950134277344
19890807,200.57749938964844,193.90069580078125,232.490234375
19890808,158.74925231933594,137.1591796875,184.8069610595703
19890809,93.02062225341797,103.03810119628906,103.13274383544922
19890810,82.7157211303711,78.53439331054688,78.60652923583984
19890811,86.69254302978516,72.77953338623047,98.6461410522461
19890812,170.6857452392578,176.46258544921875,147.18722534179688
19890813,91.2050552368164,87.28734588623047,97.07501983642578
19890814,81.40525817871094,112.36802673339844,52.07001876831055
19890815,139.9676513671875,104.65260314941406,193.97914123535156
19890816,107.85104370117188,122.8789291381836,85.41097259521484
19890817,76.19707489013672,79.96056365966797,106.7120132446289
19890818,76.40929412841797,80.6549301147461,82.22399139404297
19890819,104.79124450683594,162.50685119628906,48.4095573425293
19890820,68.06645965576172,67.85694122314453,69.17703247070312
19890821,80.04345703125,61.38236618041992,102.39791107177734
19890822,85.21074676513672,63.711341857910156,97.42618560791016
19890823,76.32644653320312,71.01873779296875,84.62377166748047
19890824,76.7546157836914,48.32738494873047,87.33792114257812
19890825,64.1970443725586,85.33258819580078,49.823062896728516
19890826,111.19926452636719,105.02241516113281,107.06552124023438
19890827,77.20746612548828,95.29595184326172,67.25758361816406
19890828,103.32779693603516,169.66310119628906,40.433082580566406
19890829,110.41893005371094,121.08694458007812,100.99846649169922
19890830,73.3796615600586,104.50542449951172,43.58392333984375
19890831,74.35617065429688,51.88911056518555,92.7442398071289
19890901,115.85405731201172,136.88584899902344,92.76825714111328
19890902,63.70322799682617,76.20857238769531,52.971229553222656
19890903,83.76608276367188,121.4665298461914,44.325347900390625
19890904,130.3556671142578,183.46507263183594,63.761661529541016
19890905,106.85701751708984,130.20101928710938,78.98218536376953
19890906,110.57917785644531,143.7897491455078,71.9609146118164
19890907,88.1817855834961,122.31005096435547,89.26632690429688
19890908,100.51326751708984,95.84718322753906,116.28512573242188
19890909,78.72647094726562,96.59587097167969,60.42787170410156
19890910,81.20697021484375,107.94268035888672,56.271785736083984
19890911,119.32062530517578,181.26223754882812,85.04471588134766
19890912,60.87413787841797,50.57229995727539,67.4916763305664
19890913,54.828704833984375,45.549949645996094,53.19041442871094
19890914,75.1230239868164,85.59061431884766,53.54327392578125
19890915,43.79596710205078,31.753570556640625,46.34982681274414
19890916,56.336185455322266,44.93022155761719,56.21436309814453
19890917,73.46420288085938,66.58006286621094,77.74809265136719
19890918,89.83234405517578,33.58343505859375,130.7222137451172
19890919,59.329566955566406,49.28912353515625,57.55679702758789
19890920,123.669189453125,79.25691223144531,139.5615234375
19890921,89.80892944335938,75.75825500488281,97.65707397460938
19890922,121.19149780273438,136.92759704589844,107.49282836914062
19890923,99.67018127441406,116.89810180664062,126.75592803955078
19890924,79.66094207763672,59.56180953979492,93.84081268310547
19890925,119.11630249023438,90.47592163085938,132.06524658203125
19890926,120.36946105957031,86.39924621582031,136.1237335205078
19890927,109.10961151123047,95.72090911865234,108.87366485595703
19890928,73.53091430664062,73.30458068847656,73.37191009521484
19890929,84.0753173828125,108.96148681640625,55.92900848388672
19890930,61.13799285888672,77.57247924804688,46.21650695800781
19891001,60.04654312133789,46.559112548828125,72.12195587158203
19891002,57.81095504760742,69.15960693359375,38.45729446411133
19891003,64.1437759399414,63.94633483886719,53.33755874633789
19891004,109.96076202392578,82.21671295166016,121.91442108154297
19891005,84.48632049560547,49.13198471069336,99.52510833740234
19891006,100.50774383544922,91.84850311279297,104.46916961669922
19891007,61.96979904174805,33.69766616821289,74.95248413085938
19891008,32.160850524902344,32.061859130859375,32.091304779052734
19891009,99.87641143798828,110.63220977783203,83.05036926269531
19891010,90.68220520019531,95.72090911865234,79.84069061279297
19891011,72.7503890991211,48.35097122192383,88.72486877441406
19891012,53.833709716796875,28.622936248779297,65.65447998046875
19891013,90.4858169555664,101.97346496582031,85.05593872070312
19891014,68.90140533447266,84.54070281982422,52.886474609375
19891015,43.98711013793945,33.732086181640625,45.01742935180664
19891016,53.95061492919922,43.02763748168945,62.8062744140625
19891017,63.14278793334961,58.106239318847656,72.69951629638672
19891018,70.76246643066406,70.54464721679688,66.19635772705078
19891019,82.9870834350586,68.94303131103516,80.50741577148438
19891020,55.67340850830078,63.43090057373047,39.68072509765625
19891021,60.03005599975586,97.92863464355469,27.227384567260742
19891022,36.2569580078125,26.287534713745117,38.37119674682617
19891023,80.7943344116211,42.95767593383789,98.53509521484375
19891024,97.42845916748047,81.79247283935547,102.33450317382812
19891025,71.91463470458984,71.69327545166016,59.79927062988281
19891026,67.45047760009766,29.885713577270508,87.24673461914062
19891027,89.29900360107422,110.22035217285156,70.7189712524414
19891028,84.0753173828125,78.228759765625,83.89351654052734
19891029,73.24270629882812,79.65518951416016,71.97698211669922
19891030,78.43966674804688,84.2134780883789,80.2769775390625
19891031,102.23974609375,112.11753845214844,93.51709747314453
19891101,147.33084106445312,142.1393585205078,142.26992797851562
19891102,99.19989013671875,113.0223388671875,94.27178955078125
19891103,110.96691131591797,163.88938903808594,54.67997741699219
19891104,60.42826461791992,76.6719741821289,36.54399871826172
19891105,82.58478546142578,103.6755599975586,55.954833984375
19891106,51.57977294921875,57.13445281982422,47.6557731628418
19891107,106.69313049316406,151.94960021972656,59.14578628540039
19891108,66.96566009521484,89.01270294189453,44.5472297668457
19891109,77.44579315185547,84.22626495361328,70.25302124023438
19891110,52.261383056640625,40.07732009887695,53.485511779785156
19891111,49.854698181152344,44.17887878417969,64.48670959472656
19891112,87.00323486328125,134.92178344726562,48.23060989379883
19891113,161.452880859375,255.30938720703125,92.58837127685547
19891114,114.39798736572266,148.75546264648438,74.44605255126953
19891115,81.01388549804688,107.68601989746094,59.88051986694336
19891116,110.30403137207031,123.7100601196289,103.18640899658203
19891117,60.15559005737305,31.98422622680664,73.36450958251953
19891118,94.7952651977539,157.5057830810547,26.275075912475586
19891119,50.86476135253906,63.38524627685547,31.72173309326172
19891120,62.59970474243164,41.604679107666016,78.0804214477539
19891121,131.72213745117188,165.3617401123047,89.24754333496094
19891122,82.24305725097656,72.87992095947266,75.98631286621094
19891123,78.6734848022461,107.32706451416016,55.0900764465332
19891124,85.28290557861328,134.24273681640625,67.18301391601562
19891125,76.73902130126953,114.75421142578125,53.17574691772461
19891126,89.82015991210938,85.96194458007812,77.67581176757812
19891127,138.02365112304688,194.931640625,66.94974517822266
19891128,177.36582946777344,166.41871643066406,182.18765258789062
19891129,123.19467163085938,90.97441101074219,136.5869598388672
19891130,116.48590087890625,130.6432647705078,108.9693832397461
19891201,130.2917022705078,212.54833984375,65.66159057617188
19891202,167.3596954345703,241.6369171142578,115.17089080810547
19891203,115.82404327392578,191.34619140625,71.5455551147461
19891204,150.3272247314453,224.7967529296875,98.2156982421875
19891205,148.3239288330078,236.58778381347656,82.22399139404297
19891206,102.35462188720703,139.14486694335938,77.37370300292969
19891207,68.15982818603516,61.155025482177734,73.68014526367188
19891208,100.26830291748047,103.66188049316406,86.46424102783203
19891209,92.8215103149414,104.10276794433594,67.53599548339844
19891210,94.92536163330078,97.8963851928711,114.31735229492188
19891211,105.66403198242188,94.80491638183594,105.435546875
19891212,125.4760513305664,130.09341430664062,133.55169677734375
19891213,72.66277313232422,68.17799377441406,78.19236755371094
19891214,115.3815689086914,126.15801239013672,105.22824096679688
19891215,124.26982879638672,85.17253112792969,142.08460998535156
19891216,142.14376831054688,184.83421325683594,154.1699981689453
19891217,115.75261688232422,101.8202896118164,130.22320556640625
19891218,73.9920654296875,45.3934211730957,94.65648651123047
19891219,143.8013916015625,102.39910888671875,170.8219451904297
19891220,137.26109313964844,100.34829711914062,159.79165649414062
19891221,164.35011291503906,182.04913330078125,151.84695434570312
19891222,116.52247619628906,149.3534698486328,83.05036926269531
19891223,103.72032165527344,103.40105438232422,107.80836486816406
19891224,102.21636962890625,105.67588806152344,100.73613739013672
19891225,91.59173583984375,106.52810668945312,88.8549575805664
19891226,79.59959411621094,134.2923583984375,20.366018295288086
19891227,80.09663391113281,102.66439056396484,57.08816146850586
19891228,90.93323516845703,86.33650207519531,100.81844329833984
19891229,103.51773834228516,121.96257019042969,78.2529525756836
19891230,134.70700073242188,122.08396911621094,122.19609832763672
19891231,53.06172561645508,52.89839553833008,50.425697326660156
19900101,116.9141616821289,108.78399658203125,103.69895935058594
19900102,71.49427032470703,83.15322875976562,49.541439056396484
19900103,75.40805053710938,107.3941879272461,35.8309440612793
19900104,56.0858039855957,83.8697509765625,23.318552017211914
19900105,63.84767532348633,52.41859436035156,74.95248413085938
19900106,67.35350036621094,85.45877075195312,50.915042877197266
19900107,44.077152252197266,40.56136703491211,45.109580993652344
19900108,102.84115600585938,86.33650207519531,99.01811218261719
19900109,138.4356689453125,128.15171813964844,131.5583953857422
19900110,103.51773834228516,143.58135986328125,67.36558532714844
19900111,77.20746612548828,87.96549224853516,55.028934478759766
19900112,69.95484924316406,82.04649353027344,61.59138870239258
19900113,67.14663696289062,44.62664031982422,74.44605255126953
19900114,74.10665893554688,81.26640319824219,55.45980453491211
19900115,101.84269714355469,138.93470764160156,80.22826385498047
19900116,78.40396881103516,87.9329605102539,73.34477233886719
19900117,86.16505432128906,85.89982604980469,79.60993194580078
19900118,65.59539794921875,58.12754821777344,72.7261734008789
19900119,96.36560821533203,72.0517349243164,113.51895141601562
19900120,81.72453308105469,54.3153190612793,99.66954803466797
19900121,76.87393951416016,97.53839111328125,63.92308807373047
19900122,69.12260437011719,84.81210327148438,53.05625534057617
19900123,121.3052978515625,111.62945556640625,108.6283187866211
19900124,72.01234436035156,53.84300994873047,89.8207778930664
19900125,88.19403076171875,70.33804321289062,99.73709869384766
19900126,77.41548156738281,97.48697662353516,54.20917510986328
19900127,91.22389221191406,56.83943557739258,104.30135345458984
19900128,53.833709716796875,42.93440628051758,65.65447998046875
19900129,117.3084716796875,77.96492004394531,130.06088256835938
19900130,83.92496490478516,68.90193939208984,82.10145568847656
19900131,128.32041931152344,104.23553466796875,134.36602783203125
19900201,77.20746612548828,65.97412109375,91.71488952636719
19900202,104.90470123291016,64.3580322265625,127.49225616455078
19900203,115.36304473876953,54.76569366455078,146.17599487304688
19900204,59.68590545654297,46.279476165771484,71.68878936767578
19900205,115.42047882080078,92.05216217041016,115.17089080810547
19900206,149.43914794921875,148.97915649414062,140.83177185058594
19900207,93.49989318847656,79.89608001708984,103.66412353515625
19900208,76.8662109375,72.98058319091797,85.22222137451172
19900209,69.69510650634766,65.39349365234375,74.99886322021484
19900210,99.54293823242188,66.1576919555664,119.56109619140625
19900211,54.99380111694336,64.49944305419922,48.41901397705078
19900212,110.77057647705078,105.17105865478516,96.495361328125
19900213,82.29981994628906,82.04649353027344,76.9892349243164
19900214,63.878719329833984,72.77953338623047,53.117156982421875
19900215,69.23958587646484,72.65943145751953,60.60514450073242
19900216,48.95420455932617,24.401758193969727,61.060428619384766
19900217,69.98382568359375,46.512271881103516,77.5916519165039
19900218,75.75518798828125,82.38764190673828,62.9928092956543
19900219,98.76921844482422,75.74246215820312,101.08270263671875
19900220,59.15299606323242,85.77587890625,35.77277755737305
19900221,62.670196533203125,62.477294921875,52.11223220825195
19900222,57.798343658447266,50.41788101196289,66.08406066894531
19900223,41.51087188720703,41.38309860229492,41.421112060546875
19900224,72.68956756591797,31.056781768798828,94.9828872680664
19900225,51.384193420410156,6.830137252807617,79.75812530517578
19900226,65.27227020263672,43.38090515136719,72.367919921875
19900227,127.21825408935547,68.2912826538086,170.88502502441406
19900228,80.14276123046875,79.89608001708984,66.64122009277344
19900301,57.67255783081055,50.30815887451172,59.9456787109375
19900302,84.64168548583984,84.38114929199219,70.38220977783203
19900303,34.15018081665039,45.3934211730957,18.931297302246094
19900304,47.71187973022461,54.36001968383789,39.67392349243164
19900305,74.2015151977539,105.67588806152344,61.70088195800781
19900306,67.97334289550781,45.17607879638672,75.36262512207031
19900307,77.88887023925781,54.8111457824707,83.816162109375
19900308,67.0274658203125,42.20282745361328,76.26953887939453
19900309,59.95597839355469,59.771427154541016,62.319091796875
19900310,105.90802764892578,117.31336212158203,88.06584167480469
19900311,44.486961364746094,40.9384880065918,39.83786392211914
19900312,50.34297561645508,50.18801498413086,41.861759185791016
19900313,72.11685943603516,57.51590347290039,79.9565658569336
19900314,90.26069641113281,53.98971939086914,127.59281921386719
19900315,59.09092712402344,48.51332473754883,63.587703704833984
19900316,71.66613006591797,87.32231903076172,52.971229553222656
19900317,84.1668701171875,83.90779876708984,69.98738861083984
19900318,56.625091552734375,43.90617370605469,62.78071212768555
19900319,62.394256591796875,56.547454833984375,56.59939193725586
19900320,79.2243423461914,78.98047637939453,90.58158874511719
19900321,67.78787994384766,63.07394027709961,60.12559509277344
19900322,75.77769470214844,71.94709014892578,66.01206970214844
19900323,35.576499938964844,23.644662857055664,39.4439697265625
19900324,73.61261749267578,67.74095153808594,75.33686065673828
19900325,71.72882843017578,39.00438690185547,92.17827606201172
19900326,76.90870666503906,32.85941696166992,100.4959945678711
19900327,75.1717300415039,99.92046356201172,41.67176818847656
19900328,89.02232360839844,102.76119995117188,62.33671951293945
19900329,82.4556884765625,85.77587890625,77.50768280029297
19900330,73.18463897705078,53.7595329284668,76.869873046875
19900331,110.05207824707031,54.85666275024414,146.41880798339844
19900401,68.26685333251953,64.81592559814453,64.87545776367188
19900402,132.0625,65.8280029296875,164.72116088867188
19900403,100.79735565185547,73.08152770996094,129.53407287597656
19900404,86.1526107788086,68.7099380493164,93.13016510009766
19900405,65.83555603027344,55.26980972290039,69.15072631835938
19900406,92.57479858398438,56.176429748535156,113.79481506347656
19900407,66.03125,54.85666275024414,64.0582275390625
19900408,40.51117706298828,31.0665225982666,51.825096130371094
19900409,92.55703735351562,67.98999786376953,121.52223205566406
19900410,89.52886199951172,59.5021858215332,99.26139831542969
19900411,100.51929473876953,109.31987762451172,98.7822036743164
19900412,74.69149017333984,81.90774536132812,68.31914520263672
19900413,79.4681625366211,50.03593063354492,90.42562866210938
19900414,100.56008911132812,82.55928039550781,98.37513732910156
19900415,58.500091552734375,43.74001693725586,79.04757690429688
19900416,90.29145050048828,45.00676345825195,122.00527954101562
19900417,76.0926742553711,40.45784378051758,101.23750305175781
19900418,97.15631866455078,64.57150268554688,107.71802520751953
19900419,81.24469757080078,51.54202651977539,116.69024658203125
19900420,131.3878936767578,55.56875228881836,178.77789306640625
19900421,95.15454864501953,47.43082809448242,138.46697998046875
19900422,86.87464141845703,52.71744155883789,100.50640869140625
19900423,126.77047729492188,76.92711639404297,155.82882690429688
19900424,77.71419525146484,29.053119659423828,113.088134765625
19900425,82.450439453125,29.010581970214844,120.98845672607422
19900426,92.80900573730469,99.64051055908203,77.17359924316406
19900427,78.45555114746094,60.833152770996094,79.73563385009766
19900428,85.08307647705078,56.547454833984375,94.33232116699219
19900429,46.56842803955078,30.95005989074707,56.79389190673828
19900430,44.613704681396484,0.0,74.19538879394531
19900501,120.36946105957031,57.59950256347656,160.14556884765625
19900502,151.61544799804688,146.56849670410156,152.8157501220703
19900503,82.5450210571289,71.55734252929688,83.56024932861328
19900504,97.07157897949219,40.32199478149414,134.5301055908203
19900505,125.86612701416016,34.22146224975586,180.77919006347656
19900506,52.68497085571289,39.39210510253906,54.76150894165039
19900507,72.01234436035156,66.26831817626953,73.6990966796875
19900508,64.08241271972656,49.14242935180664,65.58342742919922
19900509,82.81419372558594,26.071352005004883,123.2278060913086
19900510,66.04279327392578,41.58285140991211,75.14910888671875
19900511,61.70091247558594,38.44437026977539,76.95936584472656
19900512,29.523775100708008,23.54631805419922,29.45993423461914
19900513,81.6603012084961,77.86942291259766,82.66464233398438
19900514,95.1244125366211,100.40994262695312,83.7518081665039
19900515,75.05818176269531,69.83866882324219,74.8958740234375
19900516,110.84524536132812,102.00374603271484,141.802001953125
19900517,80.11467742919922,69.45050048828125,92.68571472167969
19900518,70.23111724853516,62.235504150390625,64.88819122314453
19900519,74.76280975341797,57.33283615112305,76.51399230957031
19900520,74.18603515625,51.448822021484375,96.5551528930664
19900521,121.46080780029297,121.08694458007812,128.54351806640625
19900522,91.48079681396484,76.79933166503906,96.08734893798828
19900523,85.74766540527344,44.991432189941406,105.07644653320312
19900524,99.41253662109375,56.632301330566406,129.90158081054688
19900525,100.38084411621094,88.06324005126953,113.51895141601562
19900526,94.47608184814453,23.54631805419922,137.4796905517578
19900527,78.0262222290039,70.71458435058594,70.779541015625
19900528,140.363037109375,139.9309844970703,140.05950927734375
19900529,145.37913513183594,134.5793914794922,155.42654418945312
19900530,93.311767578125,74.41963195800781,108.6283187866211
19900531,110.65689849853516,128.10922241210938,94.9828872680664
19900601,84.83875274658203,99.95536041259766,70.54608154296875
19900602,98.65013885498047,82.81808471679688,112.25251007080078
19900603,80.46723175048828,80.21955108642578,72.48694610595703
19900604,129.1953125,154.55715942382812,94.53834533691406
19900605,99.23526000976562,84.79698181152344,94.30540466308594
19900606,97.42845916748047,111.00408172607422,69.44127655029297
19900607,80.43762969970703,65.61003112792969,79.04757690429688
19900608,100.01714324951172,95.72090911865234,93.14746856689453
19900609,87.32604217529297,104.46868896484375,87.13719940185547
19900610,56.68564987182617,84.76675415039062,35.35192108154297
19900611,38.263980865478516,54.49457550048828,18.181543350219727
19900612,64.65972900390625,89.25328063964844,41.358917236328125
19900613,74.64940643310547,65.11717987060547,69.83248901367188
19900614,72.16922760009766,115.1153335571289,36.006587982177734
19900615,73.79483032226562,122.61279296875,40.90847396850586
19900616,120.02056121826172,131.6162567138672,109.78095245361328
19900617,56.92919921875,42.56547546386719,65.09031677246094
19900618,78.60330200195312,78.3613510131836,65.3611068725586
19900619,65.84614562988281,60.59396743774414,75.8120346069336
19900620,89.65638732910156,84.67618560791016,78.47589111328125
19900621,66.547119140625,103.19910430908203,30.742231369018555
19900622,86.6545639038086,62.8275146484375,104.80870819091797
19900623,118.30599212646484,89.86044311523438,121.79779052734375
19900624,45.76342010498047,42.11313247680664,46.83534622192383
19900625,53.04823684692383,58.76105499267578,39.210018157958984
19900626,49.075077056884766,9.78480339050293,73.45343780517578
19900627,101.07696533203125,100.76583862304688,84.04866027832031
19900628,64.67051696777344,64.4714584350586,59.75062561035156
19900629,97.19025421142578,56.51980209350586,121.22510528564453
19900630,52.39562225341797,46.43052673339844,58.09146499633789
19900701,89.82015991210938,93.12544250488281,77.67581176757812
19900702,100.890380859375,100.579833984375,83.89351654052734
19900703,127.21825408935547,117.07077026367188,130.19810485839844
19900704,107.43463134765625,83.30306243896484,129.03982543945312
19900705,85.45936584472656,48.6836051940918,101.51734161376953
19900706,89.52886199951172,116.02925872802734,67.0014419555664
19900707,143.2461700439453,83.30306243896484,188.59664916992188
19900708,80.51380157470703,68.79940032958984,82.8901596069336
19900709,55.95553207397461,55.783294677734375,46.528778076171875
19900710,91.21562957763672,114.86508178710938,79.84069061279297
19900711,61.60712814331055,47.244224548339844,63.0501594543457
19900712,51.30082702636719,21.918394088745117,67.03438568115234
19900713,75.8603286743164,67.22384643554688,70.08914947509766
19900714,67.47822570800781,85.61702728271484,51.00933074951172
19900715,62.779991149902344,51.54202651977539,61.415916442871094
19900716,66.65126037597656,53.15687942504883,66.50713348388672
19900717,39.671470642089844,49.43669509887695,32.98807144165039
19900718,85.66985321044922,47.4478645324707,110.8133773803711
19900719,82.25337219238281,37.27281188964844,111.92115020751953
19900720,90.64240264892578,98.5782470703125,75.37199401855469
19900721,105.3466796875,93.35325622558594,97.33229064941406
19900722,55.01298904418945,54.84365463256836,58.81502914428711
19900723,107.77188873291016,113.09490966796875,94.33232116699219
19900724,133.89120483398438,98.8733901977539,140.1992950439453
19900725,122.68769073486328,163.08006286621094,75.56938171386719
19900726,85.66985321044922,99.64051055908203,65.30073547363281
19900727,79.7643814086914,74.84127807617188,78.0312728881836
19900728,155.74459838867188,143.32171630859375,179.3166961669922
19900729,57.509857177734375,68.79940032958984,44.63316345214844
19900730,63.260841369628906,103.19910430908203,19.128498077392578
19900731,130.75924682617188,173.80902099609375,104.70336151123047
19900801,137.2349395751953,113.22415161132812,157.4002227783203
19900802,108.86372375488281,85.27249908447266,116.38748168945312
19900803,250.39234924316406,155.50198364257812,361.8059387207031
19900804,213.3317413330078,106.33753967285156,295.6533508300781
19900805,154.3993377685547,76.96204376220703,227.59671020507812
19900806,257.9698791503906,175.34715270996094,380.2677917480469
19900807,299.6830139160156,96.03018188476562,462.7922058105469
19900808,324.4766540527344,154.4969024658203,467.1380615234375
19900809,223.92648315429688,100.07186126708984,340.29998779296875
19900810,216.12738037109375,140.8790740966797,297.2237548828125
19900811,274.64605712890625,189.984130859375,372.8600769042969
19900812,210.49761962890625,154.62608337402344,270.23004150390625
19900813,343.0672912597656,269.1236267089844,430.24505615234375
19900814,379.8816223144531,151.48492431640625,522.2606811523438
19900815,269.11553955078125,87.8030776977539,398.731689453125
19900816,192.85498046875,165.87252807617188,220.10874938964844
19900817,236.6119842529297,165.99220275878906,320.6300964355469
19900818,249.20233154296875,109.06914520263672,333.57293701171875
19900819,163.58358764648438,44.47637939453125,241.135009765625
19900820,234.8911590576172,108.07759857177734,340.55682373046875
19900821,317.216064453125,134.79066467285156,449.71490478515625
19900822,344.5464172363281,245.3470458984375,450.216064453125
19900823,294.7952575683594,100.54058074951172,445.1071472167969
19900824,270.32611083984375,119.7751235961914,392.4811096191406
19900825,336.2380676269531,99.31944274902344,517.7638549804688
19900826,209.7477264404297,129.7875213623047,276.6532287597656
19900827,245.1539306640625,119.21918487548828,348.0419921875
19900828,266.14605712890625,56.85574722290039,426.8097839355469
19900829,292.7158508300781,116.72593688964844,454.35113525390625
19900830,186.4215545654297,57.18391799926758,280.2200622558594
19900831,263.6446838378906,161.09127807617188,346.52294921875
19900901,261.3585510253906,133.30673217773438,384.1142883300781
19900902,181.3584442138672,110.69401550292969,252.36793518066406
19900903,259.2444152832031,172.29763793945312,335.3309020996094
19900904,292.6101379394531,154.11065673828125,413.17559814453125
19900905,275.6443176269531,125.3454818725586,394.0749816894531
19900906,179.05772399902344,114.24420166015625,232.27166748046875
19900907,211.1138153076172,91.83882904052734,306.4106140136719
19900908,250.00511169433594,101.96000671386719,387.4259338378906
19900909,134.60385131835938,65.45829772949219,185.6355438232422
19900910,198.42335510253906,142.86463928222656,284.158447265625
19900911,187.1507110595703,158.5884552001953,202.3081817626953
19900912,145.5133056640625,59.732810974121094,206.4098358154297
19900913,130.038818359375,75.05389404296875,182.11595153808594
19900914,196.90087890625,107.76968383789062,269.67169189453125
19900915,276.5376281738281,152.5073699951172,371.83355712890625
19900916,130.47312927246094,101.16673278808594,180.82083129882812
19900917,184.6176300048828,94.6539535522461,271.94146728515625
19900918,175.5300750732422,107.68601989746094,247.00714111328125
19900919,206.7483367919922,119.08689880371094,275.0683288574219
19900920,143.71986389160156,97.84803771972656,209.86695861816406
19900921,172.69309997558594,86.08076477050781,248.03590393066406
19900922,149.78567504882812,103.37857818603516,182.03677368164062
19900923,132.366943359375,94.74015808105469,180.62318420410156
19900924,199.94290161132812,107.74457550048828,278.5958251953125
19900925,280.1899108886719,117.13731384277344,428.3948669433594
19900926,192.8402862548828,153.79736328125,249.43759155273438
19900927,153.65740966796875,56.99885559082031,213.94204711914062
19900928,148.15382385253906,106.03944396972656,189.53009033203125
19900929,165.9356689453125,73.52217864990234,255.51983642578125
19900930,114.4586410522461,87.25778198242188,145.56321716308594
19901001,213.21080017089844,228.10726928710938,250.8025360107422
19901002,177.7030792236328,99.93421173095703,234.9095458984375
19901003,129.118896484375,62.14139938354492,185.11451721191406
19901004,140.66104125976562,105.17105865478516,163.74969482421875
19901005,179.5970458984375,143.23538208007812,192.4833984375
19901006,167.3596954345703,115.06520080566406,201.54905700683594
19901007,112.78196716308594,141.3466339111328,107.17913055419922
19901008,159.047119140625,76.54502868652344,218.90097045898438
19901009,146.35792541503906,68.09012603759766,202.8353271484375
19901010,160.437744140625,112.9015884399414,196.18972778320312
19901011,104.30451965332031,78.88400268554688,125.612548828125
19901012,146.78443908691406,142.377685546875,145.1475067138672
19901013,170.64743041992188,180.1293487548828,208.67453002929688
19901014,100.62808227539062,65.07135772705078,122.12085723876953
19901015,167.1958465576172,145.84605407714844,165.096435546875
19901016,156.11512756347656,97.27161407470703,186.60850524902344
19901017,132.3201904296875,81.8769760131836,166.93963623046875
19901018,125.92654418945312,83.69261932373047,157.06781005859375
19901019,159.44970703125,135.1150665283203,165.73428344726562
19901020,154.3292694091797,76.92711639404297,201.6608428955078
19901021,123.92821502685547,53.42562484741211,178.24899291992188
19901022,167.99075317382812,104.67103576660156,192.0731658935547
19901023,144.02468872070312,86.14881896972656,175.64952087402344
19901024,167.0202178955078,148.00543212890625,177.46104431152344
19901025,115.72289276123047,64.89376068115234,156.3692169189453
19901026,156.06915283203125,116.69156646728516,201.1533966064453
19901027,118.30599212646484,56.16278076171875,168.64309692382812
19901028,105.04971313476562,111.70811462402344,93.17560577392578
19901029,147.34649658203125,54.40480041503906,208.7432861328125
19901030,89.66348266601562,69.52360534667969,115.97911071777344
19901031,173.35926818847656,112.10313415527344,233.7626953125
19901101,93.12439727783203,66.31267547607422,121.68490600585938
19901102,124.02125549316406,95.72090911865234,159.68138122558594
19901103,85.81781768798828,57.03577423095703,104.66162872314453
19901104,99.7955322265625,89.86044311523438,128.48997497558594
19901105,140.50042724609375,118.51903533935547,170.7522735595703
19901106,230.65286254882812,195.69607543945312,261.1677551269531
19901107,124.92127990722656,103.06490325927734,150.4410400390625
19901108,117.44244384765625,41.32268524169922,183.8250732421875
19901109,154.90423583984375,102.95162200927734,191.5602264404297
19901110,196.5082550048828,89.55583190917969,252.10711669921875
19901111,98.2541275024414,97.95169067382812,105.04463195800781
19901112,160.70359802246094,155.04090881347656,181.0471954345703
19901113,149.04151916503906,67.10188293457031,223.87840270996094
19901114,199.9355010986328,154.02005004882812,279.606689453125
19901115,157.0614013671875,106.7576904296875,213.71148681640625
19901116,160.53814697265625,93.68428802490234,240.93768310546875
19901117,155.10350036621094,88.35775756835938,211.88491821289062
19901118,117.02888488769531,71.29751586914062,156.7823486328125
19901119,147.45928955078125,115.50423431396484,218.95896911621094
19901120,164.65980529785156,77.24845123291016,217.4608154296875
19901121,223.486572265625,188.14108276367188,256.04083251953125
19901122,114.81300354003906,110.22035217285156,106.07845306396484
19901123,138.7462921142578,112.38436126708984,151.42559814453125
19901124,230.95591735839844,157.88229370117188,252.4047393798828
19901125,120.19989013671875,119.82991027832031,117.58821105957031
19901126,174.95956420898438,151.1648712158203,193.97914123535156
19901127,229.97146606445312,204.87384033203125,284.8083801269531
19901128,191.55892944335938,158.36476135253906,256.4136047363281
19901129,189.89242553710938,126.20527648925781,245.62454223632812
19901130,161.98374938964844,129.18812561035156,195.30711364746094
19901201,222.39852905273438,46.67662811279297,350.3962707519531
19901202,104.0421371459961,60.225616455078125,150.70233154296875
19901203,228.82867431640625,173.80902099609375,262.7651672363281
19901204,206.7418212890625,159.26329040527344,226.61166381835938
19901205,219.86068725585938,165.6056365966797,260.01214599609375
19901206,172.6060791015625,87.86797332763672,238.1943359375
19901207,199.2228240966797,101.251953125,298.8376770019531
19901208,189.12583923339844,79.98823547363281,266.8723449707031
19901209,100.70780944824219,50.198909759521484,131.59410095214844
19901210,150.04661560058594,80.54563903808594,201.54905700683594
19901211,171.25534057617188,97.55897521972656,211.57192993164062
19901212,117.65951538085938,45.11436080932617,165.57127380371094
19901213,126.71024322509766,108.27445983886719,144.49856567382812
19901214,135.0447235107422,126.7096939086914,145.321533203125
19901215,164.67831420898438,164.1714324951172,200.1360321044922
19901216,106.36685180664062,98.46520233154297,113.71804809570312
19901217,182.19122314453125,110.07904815673828,247.9053497314453
19901218,177.9887237548828,118.29389190673828,230.22718811035156
19901219,120.89662170410156,77.13567352294922,160.84693908691406
19901220,131.50750732421875,63.77970504760742,177.3285675048828
19901221,84.72040557861328,59.12173843383789,112.71627044677734
19901222,207.7994384765625,170.60220336914062,243.94129943847656
19901223,100.38084411621094,96.06898498535156,120.19652557373047
19901224,103.89971923828125,146.23046875,101.64220428466797
19901225,163.4773712158203,120.08622741699219,186.0184326171875
19901226,216.17523193359375,114.09344482421875,306.6434326171875
19901227,192.48703002929688,133.87991333007812,275.45037841796875
19901228,107.80545806884766,19.540658950805664,179.2872314453125
19901229,150.27427673339844,130.27105712890625,141.25660705566406
19901230,99.12920379638672,65.88272094726562,116.77447509765625
19901231,193.082275390625,252.6404266357422,170.5885772705078
19910101,179.95840454101562,159.47064208984375,188.4368896484375
19910102,167.06863403320312,183.78414916992188,182.03677368164062
19910103,161.9088592529297,104.69869232177734,203.7677764892578
19910104,179.54296875,178.9903106689453,216.47862243652344
19910105,252.91485595703125,245.98667907714844,256.47149658203125
19910106,92.3235092163086,73.6314697265625,116.69024658203125
19910107,244.94337463378906,197.67715454101562,281.2697448730469
19910108,364.6392517089844,378.876708984375,435.5959777832031
19910109,300.2759094238281,247.0839080810547,396.3315124511719
19910110,292.1737976074219,242.09825134277344,384.9363708496094
19910111,376.1523742675781,314.5115661621094,484.3083801269531
19910112,355.5225830078125,416.31256103515625,422.32598876953125
19910113,233.95936584472656,251.7502899169922,277.9207763671875
19910114,351.9254150390625,300.7218322753906,418.0528259277344
19910115,572.3030395507812,464.1693115234375,717.8648071289062
19910116,477.9561767578125,452.8966064453125,613.86083984375
19910117,565.6465454101562,810.6140747070312,464.47344970703125
19910118,552.7388305664062,886.283935546875,366.41009521484375
19910119,391.9871826171875,616.442626953125,312.1770935058594
19910120,270.903564453125,423.9068603515625,182.49301147460938
19910121,460.9721984863281,694.673583984375,374.3985595703125
19910122,503.77642822265625,701.2208862304688,387.2903747558594
19910123,437.2589416503906,616.442626953125,359.9218444824219
19910124,407.5866394042969,635.3555297851562,363.56988525390625
19910125,414.0709533691406,639.4297485351562,317.30804443359375
19910126,427.0557556152344,667.378173828125,335.91510009765625
19910127,275.4587097167969,373.1890869140625,234.9257049560547
19910128,338.6650695800781,485.3325500488281,255.20960998535156
19910129,447.9103088378906,598.6467895507812,417.47308349609375
19910130,489.91845703125,716.9327392578125,381.2203369140625
19910131,338.4007873535156,464.8059387207031,262.6314697265625
19910201,319.806884765625,472.3296203613281,216.68325805664062
19910202,323.60784912109375,445.7908020019531,254.4124298095703
19910203,306.0524597167969,445.10223388671875,263.4742736816406
19910204,312.2959289550781,422.5256042480469,259.6838684082031
19910205,388.5417785644531,516.4610595703125,306.5162353515625
19910206,384.49444580078125,589.7091674804688,254.13575744628906
19910207,248.98385620117188,338.15130615234375,180.03294372558594
19910208,362.5074157714844,432.00830078125,325.68975830078125
19910209,292.285400390625,412.7964172363281,222.79075622558594
19910210,203.85032653808594,284.511962890625,158.2073974609375
19910211,355.5225830078125,472.571044921875,290.9356689453125
19910212,279.6636657714844,413.3972473144531,152.3597412109375
19910213,264.640380859375,382.0925598144531,189.70411682128906
19910214,294.4504699707031,454.9933776855469,183.6335906982422
19910215,235.7410125732422,372.78302001953125,168.9879608154297
19910216,284.2658996582031,393.27716064453125,250.8479766845703
19910217,223.9685821533203,280.8996276855469,180.22926330566406
19910218,367.2782897949219,563.3042602539062,234.9257049560547
19910219,273.7197570800781,423.2381591796875,176.51121520996094
19910220,286.2133483886719,420.9821472167969,195.0781707763672
19910221,290.7020263671875,465.12274169921875,179.0576629638672
19910222,324.59832763671875,381.6811218261719,297.5971374511719
19910223,427.8010559082031,414.9576416015625,548.0164794921875
19910224,277.76190185546875,396.55804443359375,233.81915283203125
19910225,510.518310546875,832.8221435546875,250.8479766845703
19910226,369.17169189453125,557.0264892578125,215.7141571044922
19910227,435.4984130859375,618.9059448242188,323.6060485839844
19910228,242.74734497070312,335.0771179199219,248.43325805664062
19910301,194.1576690673828,229.11187744140625,204.2813720703125
19910302,210.32177734375,279.5658264160156,165.17306518554688
19910303,181.89389038085938,237.12908935546875,157.06781005859375
19910304,225.06993103027344,345.19561767578125,201.54905700683594
19910305,199.85325622558594,239.08570861816406,166.1842498779297
19910306,194.85691833496094,231.2584991455078,162.02963256835938
19910307,198.9070587158203,251.681884765625,146.31312561035156
19910308,113.64591217041016,100.70763397216797,133.00018310546875
19910309,163.7390899658203,263.68743896484375,62.84039306640625
19910310,158.255126953125,193.62437438964844,125.612548828125
19910311,192.19676208496094,247.95962524414062,150.4165802001953
19910312,197.61000061035156,259.2127990722656,147.02218627929688
19910313,121.96493530273438,126.4531021118164,113.58778381347656
19910314,80.51380157470703,91.73253631591797,76.51399230957031
19910315,111.93907928466797,148.79269409179688,82.73853302001953
19910316,166.52044677734375,130.43478393554688,178.02896118164062
19910317,155.76336669921875,158.73468017578125,155.42654418945312
19910318,212.674560546875,205.5950927734375,214.35826110839844
19910319,168.7932586669922,136.72238159179688,210.5353240966797
19910320,133.60842895507812,119.41815948486328,137.916748046875
19910321,95.16769409179688,72.98058319091797,97.39681243896484
19910322,125.07406616210938,68.01222229003906,157.58030700683594
19910323,145.9560546875,126.52763366699219,147.75115966796875
19910324,85.21074676513672,99.10653686523438,76.76001739501953
19910325,124.4435043334961,129.96810913085938,128.116455078125
19910326,105.55982208251953,100.22371673583984,108.6754150390625
19910327,127.93364715576172,127.53984832763672,113.9794692993164
19910328,103.39806365966797,114.5331039428711,114.6383056640625
19910329,79.39576721191406,123.12435913085938,58.68449783325195
19910330,100.38084411621094,175.12576293945312,73.03608703613281
19910331,69.33280944824219,84.47926330566406,44.84075927734375
19910401,78.29705047607422,108.07759857177734,50.081886291503906
19910402,157.98399353027344,142.2559814453125,152.55712890625
19910403,151.2156524658203,188.43772888183594,125.74054718017578
19910404,97.19975280761719,100.7765884399414,90.52359771728516
19910405,108.99165344238281,108.65616607666016,103.57711029052734
19910406,130.83750915527344,83.00394439697266,148.35748291015625
19910407,82.73146057128906,72.57958984375,88.05606079101562
19910408,101.1017074584961,106.71935272216797,98.90498352050781
19910409,98.15015411376953,78.27842712402344,114.26089477539062
19910410,85.37545776367188,51.067596435546875,99.3893051147461
19910411,88.60778045654297,74.74502563476562,85.01554870605469
19910412,107.7931900024414,115.7276611328125,96.5282974243164
19910413,61.5882453918457,87.71238708496094,51.212554931640625
19910414,58.6295166015625,36.53065490722656,73.12841796875
19910415,134.70700073242188,170.91754150390625,101.83008575439453
19910416,87.86651611328125,96.35566711425781,80.3701400756836
19910417,125.793701171875,75.24390411376953,167.3622589111328
19910418,83.81633758544922,50.861602783203125,103.02874755859375
19910419,100.11702728271484,69.43224334716797,115.82669830322266
19910420,133.14178466796875,127.42268371582031,132.8538818359375
19910421,66.9561538696289,63.23689651489258,58.60646057128906
19910422,70.78136444091797,103.49311828613281,31.390356063842773
19910423,64.7829360961914,68.88909912109375,71.82539367675781
19910424,123.7453384399414,113.87487030029297,110.8133773803711
19910425,48.241275787353516,19.23711395263672,74.87971496582031
19910426,100.94731903076172,59.636505126953125,130.57467651367188
19910427,87.32604217529297,116.0763168334961,77.45529174804688
19910428,57.5216064453125,67.46417236328125,39.3902473449707
19910429,99.33384704589844,77.50023651123047,122.10316467285156
19910430,97.03926849365234,87.94596862792969,102.6978759765625
19910501,120.08057403564453,99.07113647460938,172.156494140625
19910502,42.333133697509766,49.23663330078125,41.068214416503906
19910503,70.00977325439453,66.12089538574219,67.40721130371094
19910504,61.34384536743164,50.962520599365234,76.51399230957031
19910505,64.55260467529297,47.418663024902344,79.10369873046875
19910506,201.25616455078125,162.6783905029297,217.10374450683594
19910507,123.669189453125,123.28852081298828,117.52549743652344
19910508,122.83934020996094,106.13306427001953,136.19302368164062
19910509,71.49427032470703,67.88018798828125,67.94254302978516
19910510,109.80887603759766,87.57669830322266,115.65872192382812
19910511,88.54347229003906,51.92407989501953,112.60550689697266
19910512,56.86811447143555,35.43316650390625,70.93142700195312
19910513,105.66403198242188,115.8726806640625,79.07666778564453
19910514,101.1806869506836,105.25486755371094,109.7411880493164
19910515,94.41023254394531,130.9490509033203,61.43874740600586
19910516,75.9921646118164,68.87114715576172,91.91253662109375
19910517,63.09653091430664,55.03952407836914,65.58342742919922
19910518,93.60474395751953,103.68512725830078,86.48363494873047
19910519,53.53644943237305,53.37165832519531,55.646541595458984
19910520,132.29917907714844,131.89195251464844,118.47328186035156
19910521,70.6681137084961,61.64426040649414,73.45343780517578
19910522,102.0560073852539,101.74186706542969,91.93466186523438
19910523,108.83179473876953,101.71575164794922,124.43344116210938
19910524,65.66764068603516,72.73945617675781,60.6718864440918
19910525,74.55940246582031,84.94845581054688,70.85540008544922
19910526,89.52886199951172,66.93995666503906,99.26139831542969
19910527,109.34689331054688,102.59794616699219,106.97102355957031
19910528,107.02141571044922,111.77256774902344,110.1801528930664
19910529,56.2920036315918,25.90095329284668,79.21449279785156
19910530,66.39112091064453,20.901084899902344,98.79022216796875
19910531,118.82035827636719,78.96974182128906,143.71324157714844
19910601,104.29373168945312,128.72811889648438,90.85319519042969
19910602,68.08977508544922,40.72811508178711,79.26629638671875
19910603,41.02251052856445,10.224059104919434,59.695125579833984
19910604,118.00495147705078,92.43278503417969,140.1782989501953
19910605,108.06369018554688,99.44405364990234,103.68270111083984
19910606,61.410743713378906,64.82299041748047,66.08406066894531
19910607,76.59115600585938,53.44878387451172,89.16312408447266
19910608,121.5136489868164,52.669395446777344,158.15333557128906
19910609,68.37869262695312,37.87123107910156,82.12969970703125
19910610,105.88116455078125,90.47592163085938,134.16152954101562
19910611,92.50521850585938,87.82902526855469,95.23550415039062
19910612,93.7134780883789,73.115234375,108.41835021972656
19910613,84.24638366699219,80.62757873535156,100.87704467773438
19910614,89.63418579101562,54.391998291015625,116.66133880615234
19910615,52.00263214111328,20.73702621459961,69.1869125366211
19910616,58.25148391723633,46.45774459838867,58.125518798828125
19910617,71.01982879638672,50.57229995727539,75.92813110351562
19910618,90.13789367675781,71.88835906982422,97.438232421875
19910619,93.311767578125,59.19743347167969,105.80680084228516
19910620,58.356117248535156,27.377172470092773,74.21461486816406
19910621,91.17159271240234,83.31670379638672,82.12969970703125
19910622,43.802547454833984,43.667720794677734,45.528987884521484
19910623,71.03700256347656,29.818252563476562,99.48546600341797
19910624,54.95964813232422,49.80952072143555,58.164485931396484
19910625,114.22647094726562,100.20988464355469,129.17672729492188
19910626,74.9848861694336,70.35677337646484,80.69119262695312
19910627,131.0855712890625,127.1501235961914,147.29966735839844
19910628,135.0447235107422,79.19355773925781,171.74363708496094
19910629,124.90009307861328,119.10192108154297,144.49856567382812
19910630,85.23565673828125,84.97329711914062,90.20597839355469
19910701,161.06488037109375,171.27371215820312,187.502685546875
19910702,115.49364471435547,115.13814544677734,122.2283706665039
19910703,168.7366943359375,177.0708465576172,162.4640350341797
19910704,172.7545166015625,180.83389282226562,215.47618103027344
19910705,123.02521514892578,54.50956726074219,181.86544799804688
19910706,151.09957885742188,162.22174072265625,173.96865844726562
19910707,135.69554138183594,143.23538208007812,179.2086944580078
19910708,179.36068725585938,167.633056640625,214.39454650878906
19910709,105.08834838867188,54.65993881225586,144.37399291992188
19910710,130.15158081054688,92.08132934570312,174.55662536621094
19910711,97.53470611572266,72.02554321289062,126.16048431396484
19910712,103.38850402832031,32.98248291015625,144.430908203125
19910713,108.80696868896484,72.314697265625,130.68814086914062
19910714,109.50636291503906,62.38245391845703,143.0911102294922
19910715,164.10885620117188,133.30673217773438,222.38197326660156
19910716,126.04899597167969,60.31727981567383,184.4720916748047
19910717,86.54022979736328,76.6878662109375,95.94788360595703
19910718,90.2402114868164,82.46556854248047,93.79694366455078
19910719,104.85267639160156,46.45774459838867,161.45977783203125
19910720,66.58427429199219,44.25288009643555,83.05036926269531
19910721,66.25135040283203,62.16228103637695,64.81185913085938
19910722,104.00526428222656,103.68512725830078,103.78036499023438
19910723,69.68936157226562,18.526626586914062,108.17125701904297
19910724,85.05241394042969,44.62664031982422,111.6690673828125
19910725,99.3427734375,75.13150787353516,125.33419799804688
19910726,102.61981964111328,57.29021072387695,122.87749481201172
19910727,96.95320129394531,85.91535186767578,89.57735443115234
19910728,68.45719146728516,37.914710998535156,88.54891204833984
19910729,105.32807159423828,73.50270080566406,148.89210510253906
19910730,104.13760375976562,59.32403564453125,131.95228576660156
19910731,125.34039306640625,44.62664031982422,178.67051696777344
19910801,96.5546646118164,66.63977813720703,123.52034759521484
19910802,92.13209533691406,66.79891967773438,132.32760620117188
19910803,94.96399688720703,44.55138397216797,130.06088256835938
19910804,67.14663696289062,59.5021858215332,80.64988708496094
19910805,63.499698638916016,42.20282745361328,70.40264892578125
19910806,102.45054626464844,87.5444564819336,137.9280242919922
19910807,113.41172790527344,131.9064178466797,102.16419982910156
19910808,94.64479064941406,86.49067687988281,91.8167953491211
19910809,135.11788940429688,121.66630554199219,137.72518920898438
19910810,105.77947998046875,44.40163040161133,138.88255310058594
19910811,73.01483917236328,38.31057357788086,102.25535583496094
19910812,137.33697509765625,76.6719741821289,173.583984375
19910813,85.58305358886719,50.18801498413086,117.21292114257812
19910814,53.42850875854492,38.737491607666016,72.69951629638672
19910815,66.547119140625,51.599552154541016,67.63290405273438
19910816,61.26280975341797,34.899566650390625,80.05162811279297
19910817,97.76675415039062,45.866268157958984,133.8994903564453
19910818,42.969627380371094,23.365835189819336,58.46824264526367
19910819,59.34567642211914,43.02763748168945,71.77859497070312
19910820,265.384521484375,141.732666015625,354.6571350097656
19910821,196.87094116210938,170.66517639160156,241.99774169921875
19910822,146.4740753173828,164.744140625,124.92081451416016
19910823,155.1455841064453,167.20867919921875,139.4685516357422
19910824,61.24074935913086,22.200815200805664,101.84720611572266
19910825,66.64337158203125,93.795166015625,58.675819396972656
19910826,136.43194580078125,152.33343505859375,108.90953826904297
19910827,132.85699462890625,132.4480438232422,139.93467712402344
19910828,164.45372009277344,168.6317138671875,171.91229248046875
19910829,134.85400390625,55.15442657470703,184.0169677734375
19910830,174.55447387695312,94.91845703125,224.31887817382812
19910831,88.48260498046875,77.18396759033203,101.16708374023438
19910901,61.34384536743164,68.79940032958984,63.761661529541016
19910902,127.16190338134766,101.41638946533203,169.1825714111328
19910903,84.17586517333984,49.36280059814453,107.05097198486328
19910904,97.15631866455078,64.57150268554688,123.10631561279297
19910905,90.30992126464844,57.62043380737305,126.16048431396484
19910906,129.1597442626953,90.89095306396484,145.306396484375
19910907,72.34937286376953,61.82286071777344,85.94395446777344
19910908,96.66303253173828,44.47637939453125,129.84193420410156
19910909,76.79832458496094,91.87431335449219,68.1175537109375
19910910,113.5997085571289,90.60003662109375,128.4679412841797
19910911,88.65753173828125,32.13986587524414,120.63520050048828
19910912,114.22647094726562,96.62110137939453,120.88731384277344
19910913,103.8655014038086,22.188385009765625,154.2275390625
19910914,149.40040588378906,71.90232849121094,197.05625915527344
19910915,87.81993103027344,84.0476303100586,93.47203063964844
19910916,157.28738403320312,85.52903747558594,221.9456329345703
19910917,105.3466796875,70.01493835449219,136.2652130126953
19910918,95.13902282714844,34.48951721191406,136.64639282226562
19910919,110.76506042480469,96.62110137939453,143.91346740722656
19910920,133.69107055664062,59.2353630065918,185.280517578125
19910921,114.04771423339844,124.03273010253906,137.9407196044922
19910922,84.34778594970703,91.73253631591797,114.77099609375
19910923,190.0232696533203,204.7982177734375,196.4452362060547
19910924,150.57125854492188,97.12857055664062,198.85455322265625
19910925,142.6074676513672,73.115234375,189.7321319580078
19910926,162.51637268066406,68.94303131103516,235.771728515625
19910927,139.75485229492188,67.77957153320312,201.0128173828125
19910928,172.52955627441406,88.45637512207031,245.93785095214844
19910929,103.62940979003906,35.62428283691406,160.45652770996094
19910930,133.4915313720703,39.43130111694336,197.3375701904297
19911001,180.6054229736328,87.82902526855469,249.0774688720703
19911002,107.41140747070312,137.0634002685547,121.46968841552734
19911003,134.79420471191406,60.47068405151367,184.94125366210938
19911004,140.9603271484375,77.28954315185547,181.68003845214844
19911005,117.3005599975586,130.97222900390625,140.45628356933594
19911006,79.86274719238281,69.23210144042969,98.16889953613281
19911007,120.02056121826172,57.43254089355469,199.60171508789062
19911008,157.74131774902344,192.20150756835938,153.02798461914062
19911009,118.30599212646484,84.24417114257812,154.58949279785156
19911010,59.27059555053711,39.39210510253906,87.618408203125
19911011,96.27484130859375,49.76662826538086,142.3209686279297
19911012,113.50169372558594,83.8165283203125,125.84027862548828
19911013,90.56441497802734,111.12079620361328,69.51428985595703
19911014,36.35190963745117,27.180009841918945,37.784690856933594
19911015,132.68572998046875,72.98058319091797,190.22816467285156
19911016,80.3278579711914,45.76034164428711,101.78305053710938
19911017,84.66626739501953,63.30424118041992,111.47087097167969
19911018,68.33744812011719,64.54145812988281,65.79705047607422
19911019,76.1509780883789,37.958290100097656,102.89812469482422
19911020,81.83572387695312,49.65972137451172,100.59412384033203
19911021,79.95852661132812,68.32492065429688,104.48118591308594
19911022,103.65857696533203,98.84648895263672,119.92398071289062
19911023,63.05649185180664,41.90826416015625,76.90238952636719
19911024,76.11294555664062,19.79443359375,110.07008361816406
19911025,120.1838607788086,104.83718872070312,143.65892028808594
19911026,79.42686462402344,65.20902252197266,85.47120666503906
19911027,91.62421417236328,84.31585693359375,82.0490493774414
19911028,83.6755599975586,58.8832893371582,114.60044860839844
19911029,120.21414947509766,150.91482543945312,125.87786865234375
19911030,112.56298065185547,112.21649932861328,106.97102355957031
19911031,105.3839111328125,84.0476303100586,140.20803833007812
19911101,64.39986419677734,24.075611114501953,87.0195541381836
19911102,55.20946502685547,36.693016052246094,84.16539764404297
19911103,81.87602996826172,108.83201599121094,73.75601959228516
19911104,152.0834503173828,151.61532592773438,173.88546752929688
19911105,113.16224670410156,102.55811309814453,111.20667266845703
19911106,87.87664794921875,106.6509780883789,63.54103088378906
19911107,53.64482116699219,53.479698181152344,44.60734939575195
19911108,83.47822570800781,60.52456283569336,94.65648651123047
19911109,107.76387023925781,56.05156707763672,148.04971313476562
19911110,128.20606994628906,75.9959945678711,172.87681579589844
19911111,126.68460083007812,112.26191711425781,148.25941467285156
19911112,86.94403076171875,60.67348861694336,115.67469787597656
19911113,92.35037231445312,72.0517349243164,113.51895141601562
19911114,60.59574890136719,20.136409759521484,83.97877502441406
19911115,95.16769409179688,87.57669830322266,103.48412322998047
19911116,69.59175872802734,64.75238037109375,77.15696716308594
19911117,59.8444709777832,63.16969680786133,58.54418182373047
19911118,99.47650909423828,79.33625030517578,107.5331802368164
19911119,121.72164916992188,95.34405517578125,137.36370849609375
19911120,71.19298553466797,33.39945983886719,90.53994750976562
19911121,122.56822967529297,77.17323303222656,160.9252471923828
19911122,124.1756362915039,80.10161590576172,145.77308654785156
19911123,128.19534301757812,51.120296478271484,179.08538818359375
19911124,74.1619644165039,77.45433807373047,70.47770690917969
19911125,96.0164566040039,47.86045455932617,151.6973114013672
19911126,139.29324340820312,104.14836883544922,195.4575653076172
19911127,93.67158508300781,84.89386749267578,99.1338119506836
19911128,112.35609436035156,69.52360534667969,154.63880920410156
19911129,136.3526611328125,95.95267486572266,166.73751831054688
19911130,100.83919525146484,90.47592163085938,117.3913345336914
19911201,77.37921905517578,66.12089538574219,85.79100036621094
19911202,125.793701171875,83.60433959960938,165.61891174316406
19911203,120.86396026611328,44.62664031982422,178.67051696777344
19911204,101.36375427246094,64.67312622070312,114.6305160522461
19911205,71.34761047363281,40.644569396972656,84.75396728515625
19911206,91.00460815429688,36.289794921875,127.13095092773438
19911207,90.75527954101562,108.57110595703125,98.1056137084961
19911208,69.62255096435547,43.836788177490234,85.31649017333984
19911209,100.51929473876953,54.65993881225586,144.37399291992188
19911210,171.05198669433594,58.22821044921875,242.8403778076172
19911211,106.85701751708984,86.80067443847656,138.21884155273438
19911212,99.89260864257812,57.8236198425293,123.2560043334961
19911213,104.5680923461914,52.123111724853516,142.84912109375
19911214,112.98680114746094,20.479822158813477,179.363037109375
19911215,107.09527587890625,58.905174255371094,147.398193359375
19911216,160.7569580078125,67.98999786376953,226.84149169921875
19911217,97.68965911865234,61.97479248046875,118.1556625366211
19911218,77.03646087646484,34.13303756713867,106.76371002197266
19911219,88.15430450439453,47.32159423828125,129.69004821777344
19911220,109.04024505615234,29.98748207092285,162.5813751220703
19911221,105.24043273925781,69.94432067871094,125.01529693603516
19911222,101.80467987060547,46.84214401245117,130.23658752441406
19911223,93.45802307128906,31.056781768798828,138.15692138671875
19911224,105.32807159423828,52.501930236816406,166.4088134765625
19911225,86.55165100097656,78.44112396240234,78.51317596435547
19911226,86.41481018066406,95.72090911865234,63.872554779052734
19911227,92.55703735351562,19.42571449279785,137.72518920898438
19911228,121.82823181152344,80.96882629394531,135.07199096679688
19911229,85.24990844726562,64.75238037109375,101.26852416992188
19911230,95.6089096069336,67.2809066772461,112.23784637451172
19911231,141.1748809814453,90.47592163085938,176.08700561523438
19920101,120.77069091796875,80.2659683227539,162.5922393798828
19920102,103.37091064453125,131.1580047607422,85.95614624023438
19920103,114.39083099365234,95.03227233886719,118.89944458007812
19920104,130.6844940185547,113.28888702392578,160.6400146484375
19920105,64.95230865478516,32.376190185546875,87.76605987548828
19920106,114.76612091064453,83.20935821533203,130.134033203125
19920107,131.3352813720703,106.68453979492188,153.70211791992188
19920108,108.11251831054688,103.46854400634766,100.68682098388672
19920109,99.47650909423828,79.33625030517578,110.29043579101562
19920110,94.428955078125,45.186378479003906,138.19630432128906
19920111,145.28805541992188,86.90451049804688,177.1903076171875
19920112,91.90939331054688,68.71986389160156,95.53192138671875
19920113,84.5550308227539,19.834062576293945,132.34854125976562
19920114,124.33229064941406,44.2677116394043,177.23348999023438
19920115,89.52886199951172,17.00062370300293,141.802001953125
19920116,55.037471771240234,27.434030532836914,68.6480712890625
19920117,72.59375762939453,45.70756149291992,101.6656494140625
19920118,100.52589416503906,85.89982604980469,103.49291229248047
19920119,71.44017028808594,22.490610122680664,112.55634307861328
19920120,131.95668029785156,108.86939239501953,151.3463592529297
19920121,115.1796875,55.11606979370117,145.5787811279297
19920122,80.5977554321289,40.174835205078125,113.9332504272461
19920123,74.09284210205078,55.39858627319336,82.14736938476562
19920124,113.00870513916016,49.28912353515625,158.57484436035156
19920125,101.4992904663086,110.38567352294922,99.7452621459961
19920126,65.95820617675781,80.36744689941406,48.752281188964844
19920127,85.18031311035156,113.22415161132812,70.8301010131836
19920128,97.9522705078125,62.14139938354492,125.87786865234375
19920129,106.99507904052734,59.732810974121094,128.116455078125
19920130,146.8457794189453,74.8991470336914,193.0992431640625
19920131,129.6056365966797,60.80315399169922,177.50543212890625
19920201,91.3480224609375,38.34393310546875,119.93485260009766
19920202,91.69738006591797,53.32548904418945,114.37386322021484
19920203,105.160888671875,123.89849853515625,79.49505615234375
19920204,70.57401275634766,61.56217956542969,66.02006530761719
19920205,97.42845916748047,64.75238037109375,121.52223205566406
19920206,75.75518798828125,68.65636444091797,103.07914733886719
19920207,99.70939636230469,73.6314697265625,116.69024658203125
19920208,87.17283630371094,18.295684814453125,129.71347045898438
19920209,95.1482162475586,77.28954315185547,111.35227966308594
19920210,64.50062561035156,27.558034896850586,84.28245544433594
19920211,74.29241943359375,26.1401424407959,109.01730346679688
19920212,93.7921371459961,68.00249481201172,99.26139831542969
19920213,77.42790222167969,46.98495864868164,89.57735443115234
19920214,96.98959350585938,74.37773132324219,111.6690673828125
19920215,86.81211853027344,91.09989929199219,75.98631286621094
19920216,75.04198455810547,85.498291015625,65.37117767333984
19920217,43.87506866455078,65.61003112792969,18.24174690246582
19920218,97.42845916748047,92.5033950805664,92.58837127685547
19920219,119.03897857666016,57.29021072387695,157.0101318359375
19920220,68.49293518066406,43.45225524902344,82.84222412109375
19920221,78.9601821899414,82.46556854248047,68.78443145751953
19920222,135.60218811035156,67.59239196777344,169.13619995117188
19920223,92.220703125,73.54946899414062,104.2907943725586
19920224,76.70199584960938,86.0241470336914,63.78011703491211
19920225,93.49989318847656,35.509368896484375,140.68702697753906
19920226,63.09653091430664,23.588367462158203,98.37513732910156
19920227,37.52651596069336,47.61400604248047,28.367700576782227
19920228,84.74867248535156,66.12089538574219,91.91893005371094
19920229,87.29373931884766,109.9263687133789,68.76708221435547
19920301,71.44017028808594,44.98122024536133,87.54381561279297
19920302,51.832496643066406,37.580326080322266,54.854984283447266
19920303,88.50371551513672,42.01490020751953,112.14264678955078
19920304,65.63362121582031,61.58268356323242,70.62830352783203
19920305,60.35042190551758,53.479698181152344,61.33510208129883
19920306,58.17901611328125,50.749942779541016,66.51930236816406
19920307,94.50977325439453,56.53131866455078,117.88175964355469
19920308,49.599945068359375,49.44727325439453,58.91986846923828
19920309,100.65813446044922,109.47087097167969,98.91864013671875
19920310,88.45307922363281,70.54464721679688,102.97209930419922
19920311,97.6678466796875,48.6836051940918,142.124267578125
19920312,72.1617431640625,20.55417823791504,108.58003234863281
19920313,106.513427734375,70.7903823852539,135.8061981201172
19920314,68.30036163330078,38.90864562988281,81.1341323852539
19920315,60.167724609375,39.98834991455078,72.26750183105469
19920316,82.58478546142578,36.59136962890625,106.82286071777344
19920317,78.45555114746094,52.142704010009766,101.4817123413086
19920318,75.01643371582031,23.61648178100586,105.05854797363281
19920319,101.77363586425781,85.09578704833984,114.6572494506836
19920320,129.25291442871094,36.81573486328125,190.38934326171875
19920321,80.10476684570312,56.37049102783203,94.03711700439453
19920322,73.20591735839844,58.38446044921875,79.13491821289062
19920323,103.96075439453125,75.3750991821289,117.88175964355469
19920324,75.00153350830078,83.07852172851562,76.22526550292969
19920325,58.55548858642578,8.33932113647461,90.42562866210938
19920326,91.56159210205078,58.679847717285156,130.51943969726562
19920327,118.73003387451172,71.01873779296875,151.3825225830078
19920328,93.84044647216797,18.71031951904297,140.45628356933594
19920329,73.76162719726562,26.739849090576172,100.36653900146484
19920330,134.22850036621094,66.90766906738281,199.3128662109375
19920331,86.4900131225586,103.46854400634766,71.91915893554688
19920401,118.74470520019531,106.13306427001953,143.00267028808594
19920402,88.25109100341797,43.989723205566406,115.31700134277344
19920403,67.45851135253906,84.94845581054688,59.04616928100586
19920404,85.98194885253906,63.16010665893555,97.83757019042969
19920405,70.12492370605469,66.58006286621094,66.64122009277344
19920406,86.21752166748047,54.285552978515625,105.6521987915039
19920407,96.3199234008789,91.84850311279297,90.53994750976562
19920408,108.01850891113281,119.65113067626953,99.80085754394531
19920409,75.28562927246094,75.05389404296875,79.67572784423828
19920410,105.33384704589844,72.42042541503906,126.8521499633789
19920411,85.42438507080078,85.16143798828125,94.71073150634766
19920412,88.33514404296875,80.7246322631836,91.8167953491211
19920413,80.6713638305664,40.21152114868164,109.00624084472656
19920414,95.29304504394531,81.42833709716797,105.6521987915039
19920415,108.88339233398438,108.5482406616211,111.43378448486328
19920416,87.5271987915039,73.83350372314453,95.17594909667969
19920417,117.05186462402344,85.57381439208984,129.77638244628906
19920418,91.41826629638672,139.38580322265625,35.77277755737305
19920419,54.431861877441406,23.256135940551758,77.5916519165039
19920420,143.35687255859375,142.9156036376953,127.72042083740234
19920421,116.38751220703125,124.95458984375,104.2244644165039
19920422,72.01234436035156,50.67577362060547,91.58197021484375
19920423,57.935855865478516,47.56501770019531,68.01244354248047
19920424,49.04712677001953,67.7023696899414,50.19597244262695
19920425,103.66499328613281,65.76557159423828,125.38282012939453
19920426,38.97138595581055,28.255584716796875,41.2439079284668
19920427,88.64617919921875,74.41963195800781,85.35082244873047
19920428,71.14239501953125,70.92341613769531,66.55177307128906
19920429,64.5567398071289,40.2237663269043,80.52143096923828
19920430,76.88098907470703,99.97087860107422,61.14942932128906
19920501,52.52089309692383,52.359230041503906,49.9117317199707
19920502,61.917152404785156,20.57552146911621,85.81008911132812
19920503,70.40526580810547,56.150840759277344,81.96185302734375
19920504,92.55703735351562,77.7028579711914,105.31926727294922
19920505,60.54301071166992,68.97903442382812,43.151493072509766
19920506,92.0157699584961,63.81393814086914,119.76103973388672
19920507,85.37545776367188,47.66309356689453,102.22900390625
19920508,44.81489562988281,29.784631729125977,49.686649322509766
19920509,76.32644653320312,71.01873779296875,76.16139221191406
19920510,48.9913330078125,37.56964111328125,56.40622329711914
19920511,67.41996765136719,62.73161315917969,74.74908447265625
19920512,113.0272445678711,78.00877380371094,137.36370849609375
19920513,55.07832336425781,39.22056198120117,65.42764282226562
19920514,40.28379821777344,18.53529167175293,51.534217834472656
19920515,50.299293518066406,21.49048614501953,71.70075225830078
19920516,68.09977722167969,58.19156265258789,72.80626678466797
19920517,53.37470626831055,39.90781021118164,66.57411193847656
19920518,111.71416473388672,87.15936279296875,113.088134765625
19920519,85.92912292480469,77.09815979003906,78.59803771972656
19920520,94.76786804199219,77.29867553710938,100.29402923583984
19920521,73.24270629882812,46.46552658081055,99.66044616699219
19920522,80.60709381103516,53.57264709472656,114.90398406982422
19920523,89.27487182617188,56.210575103759766,109.39872741699219
19920524,70.06605529785156,23.283462524414062,97.10354614257812
19920525,149.43914794921875,49.65972137451172,207.1055450439453
19920526,138.2222442626953,209.07098388671875,87.19292449951172
19920527,80.30467224121094,32.02299499511719,113.51895141601562
19920528,92.87572479248047,75.4435806274414,108.69277954101562
19920529,68.4117202758789,50.253475189208984,89.8207778930664
19920530,90.04118347167969,18.897689819335938,133.98158264160156
19920531,85.70198059082031,89.15287780761719,80.55916595458984
19920601,86.23835754394531,40.45784378051758,134.9833526611328
19920602,56.224632263183594,9.341927528381348,85.7129898071289
19920603,163.2653350830078,68.53170013427734,214.35826110839844
19920604,117.32010650634766,20.639820098876953,189.3721466064453
19920605,138.9141387939453,35.509368896484375,213.2519073486328
19920606,104.46994018554688,69.43224334716797,130.30503845214844
19920607,73.04448699951172,87.38358306884766,78.96041870117188
19920608,63.98719024658203,29.4416446685791,90.043212890625
19920609,139.47654724121094,60.833152770996094,188.46604919433594
19920610,83.2303466796875,58.081905364990234,103.81295776367188
19920611,92.58729553222656,41.02324676513672,125.46394348144531
19920612,70.32266998291016,51.65720748901367,80.01910400390625
19920613,120.28876495361328,64.57150268554688,153.8828887939453
19920614,63.92015075683594,74.96870422363281,56.27817153930664
19920615,107.0139389038086,77.58875274658203,129.43336486816406
19920616,126.02159118652344,53.84300994873047,164.6714324951172
19920617,90.34275817871094,34.31035232543945,128.78199768066406
19920618,98.1017074584961,32.59991455078125,146.8343505859375
19920619,88.53187561035156,29.419790267944336,128.82980346679688
19920620,85.18031311035156,47.176734924316406,102.31014251708984
19920621,93.51439666748047,50.198909759521484,125.612548828125
19920622,75.1717300415039,59.95227813720703,75.00918579101562
19920623,80.68500518798828,62.56184005737305,82.00146484375
19920624,116.81599426269531,74.86483764648438,138.76593017578125
19920625,47.61391067504883,13.562100410461426,73.52884674072266
19920626,43.82669448852539,29.12786293029785,60.7387809753418
19920627,95.18872833251953,28.468717575073242,142.47433471679688
19920628,79.50162506103516,37.74138641357422,125.92017364501953
19920629,98.39310455322266,102.76119995117188,109.0892562866211
19920630,56.2920036315918,34.534603118896484,64.81185913085938
19920701,77.51081848144531,32.53567886352539,101.76737976074219
19920702,53.37112045288086,21.282737731933594,76.92491912841797
19920703,113.66654205322266,48.56428527832031,162.02963256835938
19920704,72.23667907714844,82.30208587646484,51.48604965209961
19920705,102.36611938476562,122.46123504638672,102.14476013183594
19920706,74.79991912841797,85.22248077392578,79.96946716308594
19920707,101.55316925048828,48.209800720214844,144.7622528076172
19920708,132.85699462890625,35.319480895996094,198.85455322265625
19920709,79.38615417480469,35.97354507446289,114.0208511352539
19920710,63.559425354003906,59.636505126953125,80.83193969726562
19920711,70.16028594970703,49.96023178100586,83.34353637695312
19920712,19.64749526977539,15.669614791870117,26.140012741088867
19920713,54.304386138916016,68.90193939208984,41.05072784423828
19920714,97.42845916748047,61.80908966064453,132.5697021484375
19920715,28.984968185424805,8.255928039550781,41.31755447387695
19920716,78.78539276123047,49.98183822631836,101.24662780761719
19920717,57.71023941040039,38.35506820678711,83.1789779663086
19920718,50.650882720947266,30.29698371887207,67.38847351074219
19920719,51.63475036621094,47.516136169433594,52.844200134277344
19920720,69.23373413085938,74.32990264892578,61.998477935791016
19920721,66.07514953613281,61.480316162109375,73.2580795288086
19920722,76.7546157836914,32.218257904052734,114.21113586425781
19920723,112.72184753417969,79.74990844726562,120.9441909790039
19920724,106.3993911743164,70.71458435058594,123.86419677734375
19920725,93.79849243164062,68.90193939208984,123.15218353271484
19920726,73.36805725097656,29.25688934326172,97.61254119873047
19920727,86.666015625,76.79933166503906,88.08006286621094
19920728,94.64479064941406,80.87439727783203,104.93347930908203
19920729,62.188377380371094,74.39634704589844,55.159027099609375
19920730,30.958576202392578,20.57552146911621,34.32403564453125
19920731,73.12511444091797,65.61003112792969,72.96698760986328
19920801,67.81634521484375,93.61052703857422,60.729217529296875
19920802,57.844608306884766,53.822113037109375,64.13280487060547
19920803,66.92056274414062,47.65326690673828,71.5455551147461
19920804,84.21781921386719,46.64366149902344,108.93517303466797
19920805,66.40760803222656,46.73167037963867,77.95765686035156
19920806,49.599945068359375,7.063896179199219,76.59583282470703
19920807,89.62979125976562,14.892315864562988,142.84912109375
19920808,66.25135040283203,47.176734924316406,70.8301010131836
19920809,54.60276794433594,58.06367492675781,42.376983642578125
19920810,128.3940887451172,112.63902282714844,128.116455078125
19920811,144.6536102294922,173.05003356933594,120.28400421142578
19920812,80.07479095458984,58.82086181640625,84.10698699951172
19920813,61.07770919799805,50.144466400146484,59.75062561035156
19920814,102.09968566894531,82.93626403808594,113.19878387451172
19920815,69.23373413085938,53.0927848815918,70.85540008544922
19920816,64.79350280761719,48.4455451965332,80.81674194335938
19920817,124.15921020507812,148.53244018554688,99.11257934570312
19920818,62.41715621948242,62.22502899169922,66.73091125488281
19920819,76.24835968017578,92.90558624267578,49.31336975097656
19920820,101.12049102783203,125.14249420166016,86.98432922363281
19920821,52.402198791503906,67.1668701171875,37.349205017089844
19920822,56.14521408081055,50.883995056152344,67.90764617919922
19920823,23.137842178344727,15.377747535705566,38.47968292236328
19920824,65.3465576171875,60.13422775268555,66.87718200683594
19920825,118.81519317626953,94.75957489013672,142.26992797851562
19920826,83.03269958496094,26.1401424407959,123.55294799804688
19920827,143.8643035888672,125.03411102294922,159.50357055664062
19920828,77.6383056640625,60.1994743347168,93.25143432617188
19920829,101.76859283447266,50.72766876220703,135.39804077148438
19920830,70.48016357421875,36.98064422607422,86.36741638183594
19920831,108.96604919433594,141.21983337402344,81.54781341552734
19920901,75.8944091796875,53.40761947631836,81.669921875
19920902,72.47573852539062,59.5021858215332,70.9010009765625
19920903,78.87065887451172,68.37207794189453,74.13778686523438
19920904,98.39310455322266,65.39349365234375,115.14977264404297
19920905,95.217529296875,69.94432067871094,133.3496551513672
19920906,57.91202163696289,53.88484191894531,57.78679275512695
19920907,80.19251251220703,73.79600524902344,102.58859252929688
19920908,86.91868591308594,67.39533233642578,88.33685302734375
19920909,94.15567016601562,93.86585235595703,106.76371002197266
19920910,52.747894287109375,28.045618057250977,70.1784439086914
19920911,56.56465530395508,21.146453857421875,82.3117446899414
19920912,75.60782623291016,28.26565933227539,102.16419982910156
19920913,65.76675415039062,55.212059020996094,80.59154510498047
19920914,93.1047134399414,29.31098747253418,138.54013061523438
19920915,93.91300201416016,59.578861236572266,113.58778381347656
19920916,86.83008575439453,34.625125885009766,115.52310180664062
19920917,56.825077056884766,26.658899307250977,72.26750183105469
19920918,99.26673889160156,43.98274612426758,128.40084838867188
19920919,75.17884063720703,28.105287551879883,101.58453369140625
19920920,66.18169403076172,41.6702995300293,86.89286041259766
19920921,83.86247253417969,27.86811065673828,116.22379302978516
19920922,104.6073989868164,52.142704010009766,144.97389221191406
19920923,45.234642028808594,20.813264846801758,57.86772918701172
19920924,64.25931549072266,25.62460708618164,85.49381256103516
19920925,46.96115493774414,28.810216903686523,54.06877517700195
19920926,96.71730041503906,67.49372100830078,104.55050659179688
19920927,24.98703956604004,21.351539611816406,23.7457218170166
19920928,99.32736206054688,69.31513977050781,132.15011596679688
19920929,75.48747253417969,17.70708465576172,118.1556625366211
19920930,90.34275817871094,77.19828796386719,107.31832885742188
19921001,56.990413665771484,49.71311569213867,71.08396911621094
19921002,74.639404296875,70.8663330078125,70.93142700195312
19921003,92.4211196899414,77.58875274658203,97.07501983642578
19921004,55.67340850830078,20.813264846801758,75.22804260253906
19921005,54.90443801879883,54.735435485839844,53.263885498046875
19921006,34.50591278076172,34.39970016479492,28.6927490234375
19921007,50.4451904296875,41.90826416015625,55.92900848388672
19921008,74.639404296875,70.8663330078125,70.93142700195312
19921009,67.5308837890625,35.43316650390625,82.75333404541016
19921010,47.938751220703125,19.11647605895996,71.75263214111328
19921011,64.6188735961914,54.2484016418457,67.8727798461914
19921012,126.68460083007812,130.97222900390625,124.85002899169922
19921013,78.66255187988281,60.99366760253906,87.2138442993164
19921014,58.04248809814453,41.33130645751953,75.84365844726562
19921015,56.56465530395508,42.29290771484375,58.794105529785156
19921016,83.07379913330078,75.91658020019531,80.59154510498047
19921017,53.28527069091797,8.85354232788086,81.23201751708984
19921018,69.59175872802734,48.56428527832031,75.22804260253906
19921019,74.43972778320312,55.65794372558594,77.37370300292969
19921020,66.16864013671875,16.491241455078125,96.28727722167969
19921021,61.95575714111328,32.94136047363281,82.42903900146484
19921022,82.81419372558594,79.25691223144531,88.14412689208984
19921023,90.30992126464844,108.03832244873047,78.0993423461914
19921024,61.8726692199707,47.4478645324707,71.23716735839844
19921025,34.1854248046875,20.448118209838867,45.48200607299805
19921026,72.96404266357422,67.8901596069336,64.71668243408203
19921027,74.68653869628906,113.87487030029297,29.22550392150879
19921028,89.07032775878906,84.56776428222656,77.5916519165039
19921029,55.20946502685547,68.79940032958984,45.90839767456055
19921030,50.68409729003906,57.74638366699219,48.16618728637695
19921031,90.82076263427734,114.36783599853516,71.5455551147461
19921101,52.69195556640625,35.01984405517578,64.26201629638672
19921102,76.59115600585938,104.98867797851562,55.72695541381836
19921103,79.92790985107422,53.121253967285156,96.00147247314453
19921104,58.802978515625,46.8975830078125,65.19535827636719
19921105,54.64029312133789,20.427038192749023,73.83206176757812
19921106,93.00946044921875,92.7231674194336,95.18803405761719
19921107,69.78723907470703,74.2105941772461,77.37370300292969
19921108,97.42845916748047,57.55766677856445,114.0208511352539
19921109,163.46487426757812,172.54769897460938,183.9001007080078
19921110,140.86949157714844,76.60139465332031,198.7786102294922
19921111,130.75924682617188,139.04721069335938,152.2225799560547
19921112,55.148189544677734,65.97412109375,48.914608001708984
19921113,86.2843246459961,74.79889678955078,106.06243133544922
19921114,84.21781921386719,83.95858764648438,101.15409088134766
19921115,61.34384536743164,79.14179229736328,48.00878143310547
19921116,132.3066864013672,117.24394989013672,162.98838806152344
19921117,99.6260986328125,49.65972137451172,138.0703582763672
19921118,84.28925323486328,58.82086181640625,98.12481689453125
19921119,89.44252014160156,89.16720581054688,95.6240463256836
19921120,81.60861206054688,29.584514617919922,123.38203430175781
19921121,84.3369369506836,28.02578353881836,132.4655303955078
19921122,57.22932052612305,26.848546981811523,72.78160858154297
19921123,148.7680206298828,69.21138000488281,206.17543029785156
19921124,116.70293426513672,44.74757766723633,164.22515869140625
19921125,96.6866226196289,50.2899169921875,125.84027862548828
19921126,93.0932388305664,46.403343200683594,129.01657104492188
19921127,54.304386138916016,15.467780113220215,83.86077117919922
19921128,106.2044677734375,110.91934204101562,92.51768493652344
19921129,92.80900573730469,71.17179870605469,106.85574340820312
19921130,147.79147338867188,132.0948486328125,152.55712890625
19921201,143.22119140625,119.75125885009766,161.3516845703125
19921202,86.94403076171875,60.67348861694336,93.9856948852539
19921203,60.65739440917969,53.7517204284668,72.85564422607422
19921204,105.3466796875,31.117752075195312,155.73165893554688
19921205,112.9284439086914,84.43563079833984,125.20471954345703
19921206,50.518463134765625,57.55766677856445,42.00768280029297
19921207,76.92465209960938,28.757951736450195,103.94354248046875
19921208,128.94558715820312,159.5776824951172,118.31426239013672
19921209,84.28925323486328,58.82086181640625,98.12481689453125
19921210,31.382221221923828,13.904720306396484,40.592689514160156
19921211,61.14402770996094,71.71273803710938,41.870849609375
19921212,61.16957092285156,46.90868377685547,62.602359771728516
19921213,67.5308837890625,49.6064338684082,82.75333404541016
19921214,80.54875946044922,30.112808227539062,117.21292114257812
19921215,49.37431716918945,35.798065185546875,59.71824264526367
19921216,89.64422607421875,76.60139465332031,85.19084167480469
19921217,88.28804779052734,84.49563598632812,93.97028350830078
19921218,54.36804962158203,38.714786529541016,64.58390808105469
19921219,95.84282684326172,47.77390670776367,129.50650024414062
19921220,71.68426513671875,82.74734497070312,69.01945495605469
19921221,72.46241760253906,30.959732055664062,94.68607330322266
19921222,121.3052978515625,130.23435974121094,116.38748168945312
19921223,122.01818084716797,63.07394027709961,157.82968139648438
19921224,85.28290557861328,17.899032592773438,126.90126037597656
19921225,84.93763732910156,78.16263580322266,108.65892791748047
19921226,16.77249526977539,0.0,27.893709182739258
19921227,71.06819915771484,55.10512161254883,78.79391479492188
19921228,99.70939636230469,77.31304168701172,138.18580627441406
19921229,106.85701751708984,63.91686248779297,133.28244018554688
19921230,143.0677032470703,109.71332550048828,164.72116088867188
19921231,88.64617919921875,65.11717987060547,93.10999298095703
19930101,128.3940887451172,122.8789291381836,128.116455078125
19930102,111.38750457763672,57.93634033203125,144.97389221191406
19930103,71.55482482910156,50.353816986083984,77.00010681152344
19930104,122.3520278930664,171.66909790039062,128.116455078125
19930105,119.9306640625,82.45621490478516,144.430908203125
19930106,84.31990814208984,64.04598999023438,106.84136199951172
19930107,154.15628051757812,71.47990417480469,214.63665771484375
19930108,131.0855712890625,105.95843505859375,153.19166564941406
19930109,152.10769653320312,151.63949584960938,182.69667053222656
19930110,67.68016052246094,37.484352111816406,81.29068756103516
19930111,149.13333129882812,108.12674713134766,180.37677001953125
19930112,160.48464965820312,155.88833618164062,136.8697509765625
19930113,129.98184204101562,102.09471130371094,157.2130584716797
19930114,257.9046630859375,340.58831787109375,233.95179748535156
19930115,184.5908966064453,160.6016387939453,200.9364471435547
19930116,132.3319549560547,110.64645385742188,156.18321228027344
19930117,103.04070281982422,114.13725280761719,101.54853057861328
19930118,172.3052215576172,146.0086212158203,207.75192260742188
19930119,172.44601440429688,223.8895721435547,153.3985137939453
19930120,96.48255157470703,104.20104217529297,113.65670776367188
19930121,96.79580688476562,71.47990417480469,107.31832885742188
19930122,113.76494598388672,113.41476440429688,100.16377258300781
19930123,120.92815399169922,103.33365631103516,158.015869140625
19930124,71.60271453857422,52.597496032714844,87.74301147460938
19930125,183.14675903320312,166.70623779296875,198.64210510253906
19930126,140.7175750732422,121.32707214355469,139.14830017089844
19930127,81.06394958496094,58.77412414550781,98.0468521118164
19930128,113.42125701904297,99.76952362060547,144.24391174316406
19930129,112.96619415283203,79.49539947509766,132.61402893066406
19930130,111.21331024169922,55.43549346923828,158.5325927734375
19930131,125.20504760742188,135.5184783935547,130.883544921875
19930201,133.1291961669922,93.68428802490234,175.81939697265625
19930202,154.0729217529297,122.8789291381836,172.95721435546875
19930203,139.80355834960938,92.91548919677734,167.9181671142578
19930204,98.1017074584961,91.27975463867188,108.76618957519531
19930205,99.51920318603516,70.8663330078125,118.21904754638672
19930206,93.311767578125,50.74066162109375,112.860595703125
19930207,61.59733581542969,54.58464813232422,62.602359771728516
19930208,69.43730163574219,48.86369323730469,74.721435546875
19930209,100.6247787475586,80.25203704833984,100.40718841552734
19930210,83.3827133178711,37.784568786621094,107.15460968017578
19930211,111.80314636230469,70.05995178222656,132.81117248535156
19930212,107.98065185546875,62.505455017089844,150.6143035888672
19930213,45.54780578613281,49.53556823730469,48.20381546020508
19930214,76.19268798828125,57.87288284301758,84.47547149658203
19930215,81.73243713378906,57.51590347290039,87.95223236083984
19930216,82.51947784423828,94.01768493652344,71.8850326538086
19930217,57.71023941040039,46.02608108520508,63.983829498291016
19930218,101.57230377197266,58.795928955078125,119.8794937133789
19930219,90.80135345458984,53.642581939697266,111.85801696777344
19930220,46.18281936645508,16.7420597076416,76.80492401123047
19930221,55.67340850830078,41.626529693603516,57.86772918701172
19930222,72.19699096679688,76.20857238769531,70.62830352783203
19930223,85.83802795410156,62.235504150390625,97.33229064941406
19930224,97.32244873046875,50.30815887451172,131.88047790527344
19930225,118.08403015136719,80.54563903808594,144.70188903808594
19930226,92.30064392089844,68.160400390625,102.33450317382812
19930227,86.44898223876953,78.34807586669922,84.95503997802734
19930228,67.80109405517578,77.24845123291016,53.69403076171875
19930301,104.46994018554688,121.50643920898438,94.10919952392578
19930302,86.96478271484375,110.34176635742188,59.165950775146484
19930303,60.02387619018555,82.2787857055664,37.433799743652344
19930304,55.414703369140625,67.5206069946289,40.959163665771484
19930305,66.98822784423828,80.13843536376953,50.13252639770508
19930306,81.3898696899414,81.13934326171875,81.21387481689453
19930307,69.44586181640625,90.0017318725586,46.19712829589844
19930308,96.44184112548828,91.96477508544922,90.65455627441406
19930309,130.65811157226562,99.60748291015625,140.6011199951172
19930310,72.2603759765625,60.663536071777344,69.57415008544922
19930311,87.68561553955078,84.17809295654297,86.41580963134766
19930312,127.53553009033203,80.30081939697266,156.28390502929688
19930313,100.38084411621094,80.05747985839844,120.19652557373047
19930314,65.16526794433594,79.40127563476562,54.18696212768555
19930315,58.52593231201172,70.01493835449219,51.91055679321289
19930316,100.25931549072266,87.95661926269531,113.38150787353516
19930317,138.648193359375,112.07142639160156,149.56582641601562
19930318,88.11756134033203,58.56421661376953,108.55187225341797
19930319,114.80866241455078,80.79196166992188,140.3926544189453
19930320,69.2664794921875,89.3630599975586,47.43303298950195
19930321,65.59539794921875,79.92537689208984,60.60514450073242
19930322,113.62369537353516,104.5605697631836,123.55294799804688
19930323,134.65721130371094,92.05216217041016,153.56118774414062
19930324,77.12614440917969,38.44437026977539,96.19920349121094
19930325,104.47801208496094,61.26848220825195,127.75991821289062
19930326,152.01075744628906,94.71427917480469,189.60255432128906
19930327,114.65005493164062,73.47673797607422,149.81231689453125
19930328,60.94550704956055,42.887939453125,65.58342742919922
19930329,83.33502960205078,66.46281433105469,103.94354248046875
19930330,129.1597442626953,68.168212890625,170.5770721435547
19930331,90.37847900390625,39.17403793334961,124.16505432128906
19930401,109.31473541259766,99.07113647460938,126.7071762084961
19930402,102.48463439941406,59.32403564453125,120.95625305175781
19930403,111.08010864257812,63.27897262573242,145.1475067138672
19930404,98.02496337890625,87.61392974853516,106.80729675292969
19930405,116.50296783447266,46.45774459838867,161.45977783203125
19930406,80.51380157470703,76.44377899169922,89.26632690429688
19930407,121.4228744506836,37.827850341796875,176.69212341308594
19930408,151.3188934326172,65.58831024169922,207.8870849609375
19930409,114.6917495727539,40.35484313964844,157.07965087890625
19930410,70.20011138916016,43.74001693725586,87.56038665771484
19930411,88.92799377441406,66.49069213867188,110.91960906982422
19930412,140.8636474609375,144.96005249023438,136.02488708496094
19930413,134.45846557617188,73.115234375,176.17982482910156
19930414,138.532958984375,146.23046875,115.19450378417969
19930415,139.8780975341797,82.40081787109375,200.90431213378906
19930416,111.4018783569336,78.39456939697266,130.7776336669922
19930417,133.84112548828125,100.07186126708984,173.8954315185547
19930418,86.44487762451172,62.048728942871094,120.76112365722656
19930419,146.0795135498047,111.364013671875,192.9224395751953
19930420,123.9395980834961,44.93022155761719,181.13516235351562
19930421,89.21435546875,69.60501098632812,109.6640853881836
19930422,101.21734619140625,55.03952407836914,122.42239379882812
19930423,86.908935546875,33.32362747192383,122.29885864257812
19930424,108.88339233398438,66.79891967773438,146.2568359375
19930425,98.88261413574219,77.45433807373047,140.95541381835938
19930426,123.2768325805664,63.43090057373047,152.1094512939453
19930427,132.65431213378906,83.12605285644531,157.58030700683594
19930428,110.41893005371094,36.693016052246094,159.14910888671875
19930429,108.96604919433594,105.52690887451172,144.97389221191406
19930430,133.0348358154297,106.10028076171875,154.8717041015625
19930501,100.38084411621094,78.31710052490234,123.3901596069336
19930502,93.57535552978516,59.703887939453125,124.49734497070312
19930503,143.44000244140625,71.49923706054688,201.2763214111328
19930504,159.29733276367188,122.15923309326172,190.2000274658203
19930505,106.48896789550781,106.16118621826172,139.14830017089844
19930506,127.52323150634766,72.6461181640625,161.58409118652344
19930507,190.48878479003906,180.2463836669922,241.62313842773438
19930508,116.81599426269531,91.50147247314453,124.88934326171875
19930509,82.25337219238281,67.091064453125,105.70330810546875
19930510,119.21837615966797,110.36202239990234,120.37677001953125
19930511,101.63560485839844,52.537723541259766,137.72518920898438
19930512,113.31475067138672,75.31063079833984,138.19630432128906
19930513,104.20851135253906,88.14717864990234,126.04020690917969
19930514,123.55343627929688,106.52810668945312,155.49618530273438
19930515,92.12703704833984,31.9455509185791,133.2287139892578
19930516,75.28562927246094,57.18391799926758,95.39407348632812
19930517,174.1325225830078,121.11386108398438,202.04183959960938
19930518,140.9603271484375,93.68428802490234,169.3075714111328
19930519,102.45054626464844,45.3934211730957,138.8295135498047
19930520,67.66619110107422,42.92776107788086,92.07255554199219
19930521,71.37755584716797,45.28226852416992,91.72686767578125
19930522,117.40746307373047,125.40650177001953,97.62798309326172
19930523,72.88377380371094,29.06377410888672,103.02874755859375
19930524,128.33192443847656,79.96056365966797,166.73751831054688
19930525,128.53643798828125,65.9009780883789,158.79623413085938
19930526,133.8797607421875,114.4008560180664,139.95169067382812
19930527,67.53778839111328,25.649486541748047,101.62246704101562
19930528,65.72555541992188,26.20929718017578,92.90985870361328
19930529,68.84309387207031,88.81683349609375,60.612552642822266
19930530,91.02635192871094,86.80067443847656,98.72773742675781
19930531,137.8256378173828,113.71149444580078,142.26992797851562
19930601,152.10769653320312,109.51741027832031,168.64309692382812
19930602,42.66773223876953,15.467780113220215,58.057456970214844
19930603,62.253990173339844,26.13152313232422,87.1850814819336
19930604,101.8272476196289,57.101524353027344,127.00881958007812
19930605,152.8877410888672,85.97889709472656,189.06654357910156
19930606,64.72833251953125,22.774974822998047,88.65069580078125
19930607,106.85701751708984,51.13349151611328,142.16793823242188
19930608,92.84101867675781,103.66188049316406,74.1122055053711
19930609,92.11418151855469,42.38337707519531,123.73171997070312
19930610,66.56834411621094,31.601638793945312,100.16377258300781
19930611,80.48026275634766,32.093017578125,117.78247833251953
19930612,117.49382019042969,75.56913757324219,151.277099609375
19930613,56.370018005371094,66.11354064941406,55.14521789550781
19930614,69.1920166015625,86.22379302978516,43.151493072509766
19930615,95.16769409179688,80.27864074707031,109.57141876220703
19930616,127.40645599365234,115.467529296875,134.83584594726562
19930617,99.6260986328125,55.8671875,129.4409637451172
19930618,104.33283996582031,45.5051155090332,140.97854614257812
19930619,89.9709701538086,81.54003143310547,102.01866149902344
19930620,70.78136444091797,63.50714111328125,88.28538513183594
19930621,93.86260223388672,93.57368469238281,91.05797576904297
19930622,139.1510467529297,61.654541015625,179.99090576171875
19930623,146.4740753173828,89.86044311523438,193.6272430419922
19930624,104.64183044433594,52.15986633300781,146.8343505859375
19930625,124.61068725585938,103.52261352539062,143.91346740722656
19930626,153.1175537109375,96.80005645751953,186.32493591308594
19930627,68.5607681274414,100.72592163085938,54.00988006591797
19930628,190.77615356445312,155.60911560058594,230.7437744140625
19930629,169.49734497070312,191.0159149169922,134.81442260742188
19930630,117.78018951416016,29.354412078857422,177.51246643066406
19930701,105.79058837890625,79.09871673583984,109.9602279663086
19930702,136.23114013671875,121.51582336425781,131.16685485839844
19930703,155.98211669921875,106.39610290527344,184.3162384033203
19930704,102.45054626464844,75.65570068359375,119.89822387695312
19930705,143.56231689453125,74.2105941772461,194.5395965576172
19930706,143.45765686035156,147.3498992919922,151.8230438232422
19930707,155.5393524169922,125.72479248046875,160.79591369628906
19930708,100.48233795166016,66.78202819824219,122.54618072509766
19930709,101.22704315185547,83.51624298095703,121.90637969970703
19930710,136.91946411132812,132.0948486328125,139.5615234375
19930711,133.26422119140625,75.91658020019531,177.3013916015625
19930712,175.7330322265625,148.91329956054688,197.27215576171875
19930713,136.68360900878906,104.20104217529297,147.0851593017578
19930714,132.20054626464844,135.55914306640625,138.19630432128906
19930715,133.16854858398438,126.1207046508789,138.4172821044922
19930716,128.20606994628906,124.3570785522461,109.4886474609375
19930717,162.4226837158203,85.22248077392578,213.2519073486328
19930718,72.01234436035156,47.86045455932617,86.49408721923828
19930719,141.83645629882812,109.47087097167969,152.18252563476562
19930720,145.96380615234375,105.09382629394531,175.3172607421875
19930721,115.21974182128906,73.84184265136719,136.8697509765625
19930722,97.42845916748047,77.7028579711914,118.82173919677734
19930723,112.76825714111328,112.42115020751953,117.21292114257812
19930724,112.64398956298828,99.81978607177734,117.95104217529297
19930725,55.33242416381836,51.4846305847168,49.07802200317383
19930726,132.50270080566406,149.70750427246094,132.2161865234375
19930727,118.59809875488281,163.08006286621094,68.01244354248047
19930728,159.40760803222656,201.5531768798828,129.31942749023438
19930729,118.42682647705078,128.1819305419922,106.91638946533203
19930730,88.28804779052734,119.70215606689453,70.47770690917969
19930731,118.61979675292969,131.3940887451172,102.28926086425781
19930801,72.59375762939453,83.79719543457031,63.54103088378906
19930802,113.91222381591797,118.10406494140625,98.51045989990234
19930803,115.93987274169922,148.60671997070312,89.52136993408203
19930804,101.4449462890625,132.2504425048828,77.86582946777344
19930805,87.44898986816406,111.59016418457031,75.62523651123047
19930806,73.53091430664062,102.62641143798828,55.028934478759766
19930807,91.77297973632812,60.99366760253906,101.7494888305664
19930808,53.98829650878906,69.19985961914062,44.89295959472656
19930809,69.78723907470703,37.10529708862305,92.84844207763672
19930810,116.96329498291016,124.93207550048828,118.09977722167969
19930811,75.09599304199219,66.54652404785156,76.32125854492188
19930812,86.9967269897461,73.38603210449219,94.59911346435547
19930813,91.7326431274414,81.28913879394531,84.75396728515625
19930814,95.63843536376953,95.34405517578125,86.75602722167969
19930815,38.60801315307617,15.395670890808105,51.36603927612305
19930816,114.5424575805664,91.3519058227539,129.53407287597656
19930817,89.3094253540039,89.0345230102539,87.76605987548828
19930818,107.24139404296875,110.87098693847656,92.47734832763672
19930819,91.13943481445312,118.81547546386719,58.2963752746582
19930820,95.06265258789062,123.9300537109375,66.88640594482422
19930821,116.86128234863281,134.4248809814453,112.12362670898438
19930822,68.06645965576172,82.93626403808594,50.310569763183594
19930823,118.30599212646484,132.0948486328125,110.1801528930664
19930824,82.29981994628906,90.25114440917969,75.27836608886719
19930825,139.3902130126953,73.56768035888672,190.9062042236328
19930826,153.9933319091797,115.99237823486328,199.18931579589844
19930827,152.34268188476562,77.7028579711914,194.43557739257812
19930828,120.21414947509766,71.01873779296875,162.9007568359375
19930829,97.42845916748047,72.84642791748047,114.77099609375
19930830,99.4635238647461,120.71331024169922,79.11107635498047
19930831,48.919776916503906,41.80216979980469,46.4895133972168
19930901,68.65425109863281,68.44292449951172,64.22418212890625
19930902,67.26025390625,60.347900390625,78.30061340332031
19930903,105.47480010986328,72.29071807861328,137.0399932861328
19930904,83.03269958496094,52.2802848815918,116.28512573242188
19930905,83.66990661621094,83.41236114501953,75.8990707397461
19930906,80.54875946044922,80.30081939697266,66.97881317138672
19930907,111.91106414794922,107.10393524169922,104.2244644165039
19930908,60.01028060913086,39.88370895385742,66.53390502929688
19930909,103.30945587158203,59.801490783691406,127.47200012207031
19930910,103.92369842529297,116.55428314208984,91.8167953491211
19930911,91.89973449707031,116.603271484375,90.31159210205078
19930912,66.05319213867188,72.43486785888672,65.91036224365234
19930913,78.47728729248047,82.35340118408203,75.55995178222656
19930914,95.07943725585938,83.41236114501953,94.87384033203125
19930915,64.80281829833984,76.00393676757812,44.37635803222656
19930916,122.80738067626953,109.54206848144531,123.61675262451172
19930917,77.66468811035156,80.79196166992188,84.235595703125
19930918,83.31008911132812,71.1888427734375,85.76898193359375
19930919,98.39310455322266,101.72320556640625,96.96823120117188
19930920,103.00272369384766,147.86737060546875,68.5199966430664
19930921,89.91768646240234,114.74037170410156,65.79705047607422
19930922,109.08564758300781,57.999935150146484,139.0858154296875
19930923,95.87271881103516,59.32403564453125,115.45824432373047
19930924,74.69515228271484,64.75238037109375,91.8167953491211
19930925,76.38201904296875,48.0927848815918,100.28533935546875
19930926,46.09934997558594,26.26140022277832,71.18995666503906
19930927,84.62763977050781,40.174835205078125,127.337158203125
19930928,153.63719177246094,104.5999984741211,186.957275390625
19930929,80.70874786376953,41.97929382324219,99.20882415771484
19930930,81.94744110107422,37.705474853515625,110.0753173828125
19931001,161.27398681640625,70.74213409423828,225.2953338623047
19931002,94.17682647705078,48.984493255615234,115.76406860351562
19931003,55.86671829223633,52.41859436035156,54.652854919433594
19931004,122.83934020996094,114.29714965820312,129.3833770751953
19931005,128.9653778076172,88.16119384765625,140.94235229492188
19931006,89.72285461425781,42.93440628051758,113.40319061279297
19931007,84.4563980102539,62.36772918701172,93.63752746582031
19931008,99.34598541259766,68.09012603759766,118.75086975097656
19931009,106.60230255126953,78.72160339355469,131.32318115234375
19931010,64.50959777832031,77.17323303222656,42.91339874267578
19931011,66.17350006103516,77.6115493774414,45.31498718261719
19931012,129.541748046875,81.17560577392578,172.34884643554688
19931013,136.9441375732422,36.89800262451172,196.9700927734375
19931014,113.22252655029297,38.69966506958008,161.39671325683594
19931015,98.55047607421875,63.38524627685547,111.02606201171875
19931016,96.85870361328125,15.449689865112305,148.19552612304688
19931017,92.10714721679688,26.235322952270508,136.76780700683594
19931018,117.88497161865234,86.1828842163086,137.2350616455078
19931019,149.08372497558594,86.9999008178711,187.4635009765625
19931020,140.8026580810547,103.42996978759766,160.21722412109375
19931021,87.33132934570312,48.03449249267578,110.1801528930664
19931022,122.21123504638672,25.649486541748047,192.54783630371094
19931023,89.52886199951172,85.3727035522461,90.62997436523438
19931024,99.840576171875,78.20470428466797,106.74073028564453
19931025,160.55812072753906,101.09300231933594,217.83065795898438
19931026,142.7515411376953,80.27864074707031,176.53173828125
19931027,101.14710235595703,122.44342803955078,78.0993423461914
19931028,92.38236999511719,59.20586013793945,115.2282485961914
19931029,106.75267028808594,45.14960861206055,150.63693237304688
19931030,76.56786346435547,40.174835205078125,100.52933502197266
19931031,53.519378662109375,44.93022155761719,51.52983093261719
19931101,107.7931900024414,82.66261291503906,110.31805419921875
19931102,77.3061294555664,61.654541015625,83.56720733642578
19931103,111.65958404541016,59.368473052978516,136.17771911621094
19931104,76.34174346923828,39.70787048339844,115.92100524902344
19931105,65.530517578125,45.73016357421875,81.73602294921875
19931106,115.0472640991211,39.54935836791992,171.5379638671875
19931107,101.25752258300781,63.45167922973633,129.90672302246094
19931108,92.35037231445312,32.02299499511719,133.55169677734375
19931109,81.97579956054688,44.576438903808594,117.74031829833984
19931110,63.775367736816406,74.79889678955078,62.389671325683594
19931111,96.64433288574219,59.801490783691406,116.38748168945312
19931112,60.28940200805664,60.103824615478516,50.13252639770508
19931113,70.23111724853516,101.1326904296875,32.444095611572266
19931114,53.12858963012695,58.26156234741211,61.84932327270508
19931115,68.84309387207031,64.59406280517578,80.81674194335938
19931116,72.63018035888672,37.77736282348633,99.7818374633789
19931117,121.7016830444336,83.41236114501953,145.4732208251953
19931118,91.40291595458984,50.27396774291992,110.0753173828125
19931119,107.98065185546875,27.78019905090332,162.20001220703125
19931120,62.280941009521484,15.522309303283691,90.62997436523438
19931121,68.71359252929688,34.251041412353516,90.46771240234375
19931122,73.79483032226562,24.522560119628906,109.0892562866211
19931123,93.36436462402344,29.784631729125977,136.63829040527344
19931124,77.19966888427734,20.989646911621094,122.55207824707031
19931125,67.24229431152344,35.28174591064453,82.39968872070312
19931126,72.09070587158203,71.86880493164062,65.94023895263672
19931127,112.07936096191406,107.59605407714844,124.2633285522461
19931128,54.304386138916016,25.47634506225586,69.06181335449219
19931129,80.7943344116211,50.870933532714844,91.93466186523438
19931130,109.36058807373047,70.33804321289062,152.53907775878906
19931201,91.24437713623047,79.09871673583984,92.36659240722656
19931202,47.07023620605469,23.46267318725586,58.71056365966797
19931203,77.61664581298828,16.580944061279297,119.86125183105469
19931204,92.4437484741211,38.39966583251953,128.116455078125
19931205,57.23658752441406,42.79530715942383,59.492523193359375
19931206,63.344940185546875,59.43525695800781,61.968589782714844
19931207,66.18517303466797,52.785152435302734,71.5455551147461
19931208,125.89331817626953,47.064674377441406,170.11187744140625
19931209,85.86915588378906,39.509925842285156,115.34312438964844
19931210,103.416748046875,64.43651580810547,123.61675262451172
19931211,65.12256622314453,69.25025177001953,57.76155090332031
19931212,50.870506286621094,29.83172035217285,59.71824264526367
19931213,58.872650146484375,46.95314407348633,71.79985809326172
19931214,108.22857666015625,46.240901947021484,154.27792358398438
19931215,80.14276123046875,38.045753479003906,101.54853057861328
19931216,82.18202209472656,50.41788101196289,105.13373565673828
19931217,104.53862762451172,58.62197494506836,135.8236541748047
19931218,74.11941528320312,34.10366439819336,104.30135345458984
19931219,43.220829010009766,24.62159538269043,51.342105865478516
19931220,91.2912368774414,86.6764144897461,79.52635955810547
19931221,100.76251220703125,41.85514831542969,139.6453094482422
19931222,53.76202392578125,41.22810745239258,61.898963928222656
19931223,75.5196762084961,41.065757751464844,97.04988098144531
19931224,96.9326400756836,42.01490020751953,126.16048431396484
19931225,105.49578857421875,84.13684844970703,157.9014892578125
19931226,90.96295928955078,98.23987579345703,81.94175720214844
19931227,110.25187683105469,69.94432067871094,133.3496551513672
19931228,112.2904281616211,139.9309844970703,93.37300872802734
19931229,73.10494232177734,63.76992416381836,68.38768005371094
19931230,28.25217628479004,28.16521453857422,29.365713119506836
19931231,119.3347396850586,73.84184265136719,150.55673217773438
19940101,82.29981994628906,41.02324676513672,102.6523208618164
19940102,57.69841003417969,60.904388427734375,56.44474792480469
19940103,81.34545135498047,99.11619567871094,75.15699005126953
19940104,108.88339233398438,91.84850311279297,104.46916961669922
19940105,98.51502227783203,65.47452545166016,116.05096435546875
19940106,118.05796813964844,117.69457244873047,109.71818542480469
19940107,109.05572509765625,101.92504119873047,102.01866149902344
19940108,115.46208953857422,87.32231903076172,132.42807006835938
19940109,64.7708740234375,61.49666976928711,56.423728942871094
19940110,81.29000091552734,121.55968475341797,47.316627502441406
19940111,114.77235412597656,102.58262634277344,125.05513000488281
19940112,113.44409942626953,67.85694122314453,138.35406494140625
19940113,84.27275848388672,45.23796081542969,102.4179458618164
19940114,92.11053466796875,88.42601013183594,90.77664947509766
19940115,96.13255310058594,63.8911018371582,106.58297729492188
19940116,62.79749298095703,50.08335494995117,62.66169738769531
19940117,75.28562927246094,61.80908966064453,73.64983367919922
19940118,99.0057601928711,49.35050582885742,123.48958587646484
19940119,81.74373626708984,85.3727035522461,64.7356948852539
19940120,33.092586517333984,46.18701171875,22.014015197753906
19940121,60.16415786743164,21.16904640197754,82.39968872070312
19940122,72.71489715576172,32.218257904052734,107.49282836914062
19940123,43.220829010009766,18.46619415283203,66.74473571777344
19940124,103.8923568725586,87.63832092285156,112.97120666503906
19940125,100.03108215332031,61.368106842041016,127.96765899658203
19940126,81.51732635498047,14.775710105895996,123.2440185546875
19940127,86.82132720947266,19.97402000427246,138.83587646484375
19940128,94.14665985107422,83.42832946777344,110.1801528930664
19940129,51.82115936279297,71.53150939941406,53.03497314453125
19940130,45.50230407714844,30.241497039794922,50.44879150390625
19940131,91.66854095458984,66.46281433105469,110.87310791015625
19940201,73.16100311279297,72.93580627441406,60.835670471191406
19940202,88.65753173828125,88.38463592529297,80.42346954345703
19940203,87.17283630371094,66.84961700439453,100.36653900146484
19940204,101.30176544189453,74.05929565429688,117.92982482910156
19940205,89.29900360107422,50.870933532714844,106.07845306396484
19940206,98.21629333496094,83.07852172851562,108.89323425292969
19940207,118.46269226074219,96.22804260253906,160.52737426757812
19940208,182.70758056640625,134.62904357910156,217.98231506347656
19940209,133.26422119140625,106.28321075439453,170.96920776367188
19940210,124.55793762207031,114.10633087158203,151.1617889404297
19940211,128.0377960205078,65.45829772949219,185.6355438232422
19940212,96.83511352539062,48.26852035522461,127.49225616455078
19940213,81.00601959228516,51.915008544921875,105.84992980957031
19940214,168.2965087890625,65.47452545166016,238.92845153808594
19940215,147.74362182617188,54.264312744140625,200.4451141357422
19940216,193.408935546875,126.20527648925781,233.92813110351562
19940217,157.13050842285156,63.9374885559082,234.6527862548828
19940218,112.69560241699219,34.04506301879883,170.38168334960938
19940219,166.98757934570312,85.17253112792969,232.5020751953125
19940220,134.1724090576172,107.00753784179688,153.7166748046875
19940221,161.12632751464844,94.48844909667969,220.67555236816406
19940222,140.5561981201172,90.89095306396484,176.89474487304688
19940223,109.2883529663086,97.68106079101562,125.34716033935547
19940224,114.66580963134766,50.80571365356445,169.5079345703125
19940225,81.75142669677734,78.23979187011719,97.88957214355469
19940226,106.47539520263672,78.62789154052734,118.05016326904297
19940227,78.08409881591797,59.87980651855469,79.91307830810547
19940228,88.61646270751953,67.30947875976562,98.24981689453125
19940301,94.428955078125,97.90382385253906,94.22476196289062
19940302,112.2904281616211,52.240901947021484,143.1719512939453
19940303,93.311767578125,99.66915130615234,88.67617797851562
19940304,130.8917236328125,133.83470153808594,111.63135528564453
19940305,107.75823211669922,95.49024963378906,99.56037139892578
19940306,45.048519134521484,41.915863037109375,39.956539154052734
19940307,109.60702514648438,105.22261810302734,108.01976013183594
19940308,105.76042175292969,105.43488311767578,100.50640869140625
19940309,106.6277084350586,127.55941009521484,76.8423843383789
19940310,128.31556701660156,134.65325927734375,117.92982482910156
19940311,112.81190490722656,122.68871307373047,113.70500946044922
19940312,48.182804107666016,48.03449249267578,46.74309539794922
19940313,60.5588264465332,54.335174560546875,55.392215728759766
19940314,71.58009338378906,103.07521057128906,52.90763473510742
19940315,63.70322799682617,49.39444351196289,64.74261474609375
19940316,100.4936294555664,96.47376251220703,105.22824096679688
19940317,85.96097564697266,61.211700439453125,97.00755310058594
19940318,111.95556640625,72.21885681152344,136.9037628173828
19940319,75.37579345703125,63.27897262573242,79.1713638305664
19940320,127.26248931884766,104.48180389404297,149.39682006835938
19940321,117.29483032226562,56.4507942199707,154.70960998535156
19940322,136.33482360839844,117.54824829101562,159.32614135742188
19940323,112.67237091064453,82.3720703125,124.92081451416016
19940324,91.92457580566406,65.45829772949219,109.19737243652344
19940325,72.22645568847656,65.45829772949219,76.43816375732422
19940326,68.30036163330078,34.04506301879883,85.19084167480469
19940327,66.3211669921875,55.677490234375,63.8557243347168
19940328,120.77069091796875,103.19910430908203,114.77099609375
19940329,53.61381149291992,30.54216194152832,76.425537109375
19940330,64.02725219726562,47.03275680541992,72.85564422607422
19940331,100.26830291748047,66.63977813720703,111.1683120727539
19940401,94.64479064941406,52.05708694458008,130.2622528076172
19940402,76.09952545166016,53.55196762084961,89.33525848388672
19940403,68.4011001586914,38.966033935546875,97.50456237792969
19940404,68.03733825683594,67.82791137695312,84.86276245117188
19940405,85.63629913330078,54.32808303833008,97.10354614257812
19940406,65.0320053100586,32.41591262817383,81.11422729492188
19940407,65.92174530029297,59.14694595336914,60.2975959777832
19940408,98.73017883300781,88.24424743652344,96.2519302368164
19940409,53.56142044067383,57.50397491455078,54.81599426269531
19940410,60.44831085205078,48.209800720214844,60.31760025024414
19940411,103.77718353271484,99.31944274902344,96.64925384521484
19940412,100.14739227294922,122.8789291381836,76.869873046875
19940413,87.55685424804688,101.83524322509766,72.80626678466797
19940414,77.03646087646484,73.46023559570312,77.98393249511719
19940415,138.9141387939453,113.6299819946289,159.93893432617188
19940416,80.89298248291016,56.4507942199707,100.8975830078125
19940417,61.272926330566406,38.177703857421875,76.425537109375
19940418,129.3971710205078,85.99925231933594,150.63693237304688
19940419,107.09527587890625,66.26831817626953,135.11502075195312
19940420,156.4376678466797,85.77587890625,227.6449432373047
19940421,105.4144058227539,50.95269012451172,132.81117248535156
19940422,156.92906188964844,74.82200622558594,232.6151580810547
19940423,115.18521118164062,63.3548469543457,165.13812255859375
19940424,84.93763732910156,60.482994079589844,121.07709503173828
19940425,129.58700561523438,104.96533966064453,148.1640167236328
19940426,104.92296600341797,67.24285888671875,143.3339080810547
19940427,104.07850646972656,78.71307373046875,131.3089599609375
19940428,87.91648864746094,81.38545227050781,99.21435546875
19940429,98.7843246459961,59.08815383911133,142.37991333007812
19940430,74.1619644165039,32.85941696166992,95.92798614501953
19940501,65.01300811767578,37.03593826293945,87.52629089355469
19940502,107.27227020263672,102.66439056396484,121.31234741210938
19940503,128.8641815185547,68.01222229003906,189.09637451171875
19940504,129.1597442626953,45.44547653198242,189.53009033203125
19940505,90.25159454345703,19.99417495727539,138.97598266601562
19940506,163.7899169921875,179.94757080078125,161.21212768554688
19940507,91.7940444946289,63.66017150878906,106.19773864746094
19940508,116.033447265625,104.48180389404297,130.7222137451172
19940509,141.31405639648438,74.58304595947266,193.54104614257812
19940510,120.0477523803711,97.23857116699219,137.25726318359375
19940511,80.7943344116211,61.368106842041016,89.57735443115234
19940512,97.5240707397461,77.77910614013672,102.71947479248047
19940513,137.18714904785156,80.05747985839844,166.93963623046875
19940514,86.09396362304688,40.870933532714844,122.72541809082031
19940515,84.3966293334961,78.1270751953125,95.24217224121094
19940516,106.592529296875,89.91604614257812,115.90733337402344
19940517,96.63265991210938,69.36135864257812,115.70845031738281
19940518,93.16596221923828,103.19910430908203,68.86259460449219
19940519,69.73827362060547,50.5626220703125,73.80488586425781
19940520,86.666015625,70.3993911743164,96.08734893798828
19940521,85.7754898071289,97.72738647460938,67.92858123779297
19940522,87.09098052978516,68.2179946899414,87.93721008300781
19940523,107.83097839355469,51.599552154541016,136.29055786132812
19940524,131.77064514160156,80.27864074707031,164.3571319580078
19940525,125.44635009765625,70.34636688232422,156.46885681152344
19940526,126.07299041748047,94.26368713378906,131.0420379638672
19940527,145.64459228515625,114.80636596679688,163.3550262451172
19940528,88.12151336669922,55.90471267700195,106.58297729492188
19940529,66.01131439208984,59.825565338134766,59.88051986694336
19940530,103.84225463867188,82.81808471679688,112.25251007080078
19940531,107.92826843261719,74.48957824707031,131.16685485839844
19940601,147.66868591308594,63.66017150878906,205.75811767578125
19940602,80.71231079101562,67.05322265625,83.89351654052734
19940603,132.10638427734375,125.11476135253906,137.31324768066406
19940604,141.73577880859375,121.11386108398438,141.42929077148438
19940605,99.90779113769531,99.60026550292969,93.46101379394531
19940606,87.94427490234375,83.49864196777344,90.53994750976562
19940607,96.52003479003906,38.489173889160156,134.83584594726562
19940608,99.15667724609375,51.256317138671875,122.15093994140625
19940609,115.47795867919922,52.62743377685547,148.15060424804688
19940610,155.3799285888672,85.69026947021484,219.9204559326172
19940611,126.62095642089844,73.29553985595703,156.23573303222656
19940612,98.48174285888672,95.20349884033203,99.26139831542969
19940613,204.3184814453125,95.34405517578125,296.41644287109375
19940614,132.0625,146.28445434570312,146.41880798339844
19940615,159.32931518554688,110.81782531738281,215.67703247070312
19940616,122.92731475830078,51.599552154541016,161.39671325683594
19940617,120.09308624267578,33.256507873535156,177.5309600830078
19940618,148.9246826171875,96.30244445800781,174.0391082763672
19940619,76.53807067871094,42.72938537597656,106.92159271240234
19940620,163.98849487304688,81.74186706542969,211.36044311523438
19940621,140.29698181152344,101.01371002197266,174.99200439453125
19940622,95.4080581665039,98.91896057128906,88.8549575805664
19940623,113.68202209472656,69.25849914550781,141.7952423095703
19940624,159.51913452148438,155.64454650878906,169.33425903320312
19940625,105.28943634033203,72.6683120727539,134.69456481933594
19940626,63.70322799682617,76.20857238769531,58.26835250854492
19940627,149.02296447753906,93.38325500488281,169.9436798095703
19940628,118.69135284423828,100.39781951904297,137.57565307617188
19940629,103.07345581054688,35.43316650390625,141.86285400390625
19940630,73.68380737304688,31.93782615661621,95.90148162841797
19940701,55.49851608276367,48.41172790527344,57.685943603515625
19940702,96.91022491455078,43.914512634277344,124.53873443603516
19940703,69.27422332763672,75.33927154541016,57.60369110107422
19940704,107.85104370117188,143.35874938964844,76.869873046875
19940705,121.6005859375,158.84823608398438,111.57483673095703
19940706,149.14404296875,101.7318115234375,176.23602294921875
19940707,121.11166381835938,65.26425170898438,157.8668212890625
19940708,131.046630859375,123.38530731201172,115.02323913574219
19940709,97.30921173095703,80.84140014648438,107.88754272460938
19940710,97.42845916748047,64.75238037109375,124.22272491455078
19940711,131.62521362304688,87.48003387451172,153.2306671142578
19940712,72.01234436035156,45.34148406982422,88.2449722290039
19940713,113.38862609863281,64.59406280517578,148.1640167236328
19940714,99.89260864257812,89.9478530883789,107.17913055419922
19940715,77.6107406616211,70.33804321289062,76.26953887939453
19940716,124.926513671875,112.48953247070312,127.337158203125
19940717,40.85709762573242,18.7990779876709,52.26762390136719
19940718,109.99586486816406,50.611053466796875,140.71539306640625
19940719,88.79843139648438,76.97834777832031,102.7320785522461
19940720,82.91289520263672,62.9772834777832,118.19087219238281
19940721,72.513916015625,32.85941696166992,98.66878509521484
19940722,104.33283996582031,96.58228302001953,117.74031829833984
19940723,103.51773834228516,74.30335998535156,123.95267486572266
19940724,59.4478759765625,59.264888763427734,54.925296783447266
19940725,72.40584564208984,27.068614959716797,97.83757019042969
19940726,99.0169677734375,71.79067993164062,119.76103973388672
19940727,128.02194213867188,87.7441635131836,159.68138122558594
19940728,125.9660873413086,115.39632415771484,130.22320556640625
19940729,143.7042694091797,117.54824829101562,171.58200073242188
19940730,137.84959411621094,74.95924377441406,187.57025146484375
19940731,110.74463653564453,90.92074584960938,124.58915710449219
19940801,178.68621826171875,100.48709106445312,236.2091827392578
19940802,119.03897857666016,73.6588363647461,184.3162384033203
19940803,87.06867980957031,55.23679733276367,98.72773742675781
19940804,113.21896362304688,116.5114517211914,109.3298110961914
19940805,143.8721160888672,104.9482421875,169.2385711669922
19940806,126.46502685546875,130.14271545410156,128.9053497314453
19940807,84.43800354003906,90.65332794189453,97.21778869628906
19940808,134.11204528808594,142.61251831054688,148.691162109375
19940809,124.2212905883789,90.8152084350586,144.6114501953125
19940810,107.11296844482422,79.09871673583984,138.54989624023438
19940811,90.37435150146484,117.81807708740234,69.368408203125
19940812,99.30609893798828,77.78604888916016,129.7624969482422
19940813,123.00187683105469,67.65421295166016,148.12953186035156
19940814,79.11636352539062,48.009552001953125,108.69277954101562
19940815,101.64085388183594,46.05817794799805,138.30145263671875
19940816,91.09561157226562,82.55928039550781,103.29389953613281
19940817,79.36795043945312,66.63043975830078,76.41751098632812
19940818,69.30058288574219,27.634904861450195,92.20095825195312
19940819,85.11951446533203,63.643131256103516,100.27101135253906
19940820,111.13130950927734,76.70023345947266,135.05953979492188
19940821,90.06981658935547,53.21041488647461,127.60037994384766
19940822,89.02232360839844,84.07734680175781,109.0892562866211
19940823,58.26123809814453,33.189659118652344,69.2086410522461
19940824,94.53225708007812,47.120635986328125,137.56141662597656
19940825,96.45026397705078,53.050140380859375,121.68490600585938
19940826,85.85488891601562,21.397653579711914,136.8328094482422
19940827,71.28309631347656,50.162601470947266,83.6811294555664
19940828,65.92174530029297,59.14694595336914,71.26079559326172
19940829,122.53120422363281,58.970916748046875,161.61630249023438
19940830,83.9590835571289,7.609150409698486,139.6292266845703
19940831,122.68769073486328,12.874741554260254,193.2985076904297
19940901,92.28094482421875,44.41229248046875,127.00881958007812
19940902,124.68464660644531,47.03275680541992,168.12841796875
19940903,56.625091552734375,48.38639450073242,60.53854751586914
19940904,78.32672882080078,26.02854347229004,108.55187225341797
19940905,91.59173583984375,81.16426849365234,93.0861587524414
19940906,87.51830291748047,61.07423400878906,101.8838882446289
19940907,75.28562927246094,50.03593063354492,97.3814468383789
19940908,97.78797912597656,24.37174415588379,147.38121032714844
19940909,63.31869888305664,46.512271881103516,72.04939270019531
19940910,74.13284301757812,23.338314056396484,110.30992126464844
19940911,45.253658294677734,24.060993194580078,60.207733154296875
19940912,109.5760269165039,33.61192321777344,154.19613647460938
19940913,114.70591735839844,110.8875961303711,104.0526123046875
19940914,83.7242431640625,65.3216323852539,102.91552734375
19940915,121.85631561279297,89.51248168945312,149.3245086669922
19940916,92.29044342041016,46.0031852722168,126.07678985595703
19940917,105.03263092041016,88.60020446777344,120.92943572998047
19940918,81.79179382324219,50.1784782409668,109.86624908447266
19940919,143.47427368164062,117.79158782958984,161.41041564941406
19940920,152.55245971679688,65.17837524414062,217.4608154296875
19940921,98.20610809326172,67.77957153320312,113.06970977783203
19940922,107.80545806884766,39.08131790161133,152.12249755859375
19940923,101.47193145751953,32.63212585449219,157.8668212890625
19940924,80.49982452392578,48.151222229003906,100.40718841552734
19940925,77.80194854736328,23.865375518798828,119.43648529052734
19940926,86.04071807861328,34.31035232543945,114.47288513183594
19940927,161.85183715820312,71.71273803710938,227.2989044189453
19940928,123.38005828857422,14.909126281738281,198.97093200683594
19940929,103.82190704345703,71.15785217285156,124.10105895996094
19940930,101.27178955078125,39.08131790161133,141.25660705566406
19941001,51.0229606628418,15.651049613952637,71.79985809326172
19941002,43.85570526123047,23.31771469116211,68.07247161865234
19941003,100.890380859375,50.2899169921875,125.84027862548828
19941004,68.14424896240234,45.2896614074707,81.84811401367188
19941005,80.43762969970703,43.74001693725586,103.36990356445312
19941006,69.07723999023438,31.302099227905273,88.77073669433594
19941007,59.68590545654297,33.05677032470703,71.68878936767578
19941008,122.08480834960938,64.9114761352539,162.42774963378906
19941009,71.2380142211914,59.18228530883789,88.8549575805664
19941010,159.85581970214844,70.82833862304688,228.92660522460938
19941011,237.1674041748047,139.5368194580078,329.7645568847656
19941012,146.66876220703125,71.32551574707031,214.173095703125
19941013,103.92369842529297,45.326663970947266,151.2276611328125
19941014,127.28092956542969,71.5784912109375,162.82781982421875
19941015,125.793701171875,121.60630798339844,139.4685516357422
19941016,72.01234436035156,22.973018646240234,105.38970947265625
19941017,126.5949478149414,92.550537109375,140.3568878173828
19941018,142.1702880859375,70.8663330078125,206.8833465576172
19941019,122.41291046142578,36.98064422607422,178.90394592285156
19941020,116.72857666015625,106.93392944335938,115.42682647705078
19941021,105.79058837890625,85.69026947021484,115.45824432373047
19941022,85.83802795410156,62.235504150390625,123.28756713867188
19941023,89.35635375976562,89.08130645751953,84.91726684570312
19941024,96.91022491455078,87.82902526855469,102.56130981445312
19941025,81.92372131347656,78.12061309814453,88.8549575805664
19941026,42.153564453125,42.0238151550293,58.42001724243164
19941027,98.73999786376953,120.66357421875,90.05109405517578
19941028,81.91314697265625,78.39456939697266,81.73602294921875
19941029,62.57506561279297,62.38245391845703,58.537269592285156
19941030,63.52869415283203,66.34901428222656,65.40374755859375
19941031,74.68653869628906,96.35566711425781,73.06376647949219
19941101,70.79727935791016,66.86466217041016,80.55916595458984
19941102,70.63836669921875,74.1272964477539,68.01244354248047
19941103,44.33646774291992,37.885711669921875,52.66737747192383
19941104,83.0633773803711,99.36924743652344,77.3581771850586
19941105,55.14381408691406,62.8275146484375,45.85380935668945
19941106,56.75273895263672,65.51142883300781,64.57808685302734
19941107,85.92912292480469,119.93048095703125,57.16220474243164
19941108,51.643592834472656,22.064842224121094,73.61702728271484
19941109,60.072471618652344,39.92504119873047,76.11754608154297
19941110,51.06077575683594,63.62950897216797,42.45863342285156
19941111,134.9949188232422,82.81808471679688,166.93963623046875
19941112,143.16018676757812,111.00408172607422,191.79017639160156
19941113,90.97013854980469,50.03593063354492,114.77099609375
19941114,98.81238555908203,37.526947021484375,133.03001403808594
19941115,137.07176208496094,45.549949645996094,215.2945556640625
19941116,106.85701751708984,132.24179077148438,73.53514099121094
19941117,107.28964233398438,53.479698181152344,133.82205200195312
19941118,91.83355712890625,85.01153564453125,109.0892562866211
19941119,87.47308349609375,37.914710998535156,126.49845123291016
19941120,43.30154037475586,30.8344669342041,51.43798065185547
19941121,118.45707702636719,118.09245300292969,133.67962646484375
19941122,93.36436462402344,96.80005645751953,105.5841293334961
19941123,81.83572387695312,70.94245910644531,82.84222412109375
19941124,90.87977600097656,72.48002624511719,105.79712677001953
19941125,90.75527954101562,55.677490234375,127.7114486694336
19941126,101.48798370361328,64.75238037109375,121.52223205566406
19941127,72.15493774414062,85.01153564453125,65.45355987548828
19941128,107.8719482421875,107.53990173339844,127.07344055175781
19941129,154.16485595703125,63.05243682861328,216.9418182373047
19941130,95.55484008789062,87.32231903076172,105.94245910644531
19941201,103.07345581054688,77.95297241210938,130.04095458984375
19941202,148.37930297851562,103.54579162597656,203.58033752441406
19941203,119.32880401611328,95.16919708251953,134.94688415527344
19941204,96.85870361328125,70.81108093261719,128.8656768798828
19941205,116.60929107666016,43.05569076538086,165.1984100341797
19941206,119.20909118652344,43.215328216552734,168.21397399902344
19941207,88.28804779052734,63.37173080444336,93.97028350830078
19941208,75.35413360595703,60.097747802734375,90.22942352294922
19941209,77.32418060302734,49.33514404296875,92.58837127685547
19941210,61.14402770996094,71.71273803710938,59.81550216674805
19941211,58.656837463378906,43.087791442871094,71.87894439697266
19941212,109.68766784667969,122.4720458984375,80.26368713378906
19941213,141.36679077148438,137.1226806640625,139.79026794433594
19941214,56.32421112060547,49.13198471069336,64.39859771728516
19941215,95.08296203613281,110.07904815673828,81.61492919921875
19941216,107.94518280029297,107.61292266845703,129.0297088623047
19941217,114.09081268310547,109.81757354736328,117.7697525024414
19941218,49.24530792236328,13.091660499572754,76.43816375732422
19941219,111.91106414794922,53.55196762084961,156.33670043945312
19941220,125.55998229980469,125.17349243164062,159.68138122558594
19941221,100.26830291748047,66.63977813720703,123.52034759521484
19941222,72.56446838378906,50.638771057128906,84.47547149658203
19941223,61.20217514038086,61.01378631591797,50.89152526855469
19941224,93.18052673339844,92.89370727539062,77.48252868652344
19941225,64.61444854736328,85.88742065429688,42.983154296875
19941226,151.00022888183594,225.8031768798828,109.86624908447266
19941227,140.53317260742188,220.15809631347656,125.20471954345703
19941228,130.52236938476562,107.68601989746094,127.24610137939453
19941229,59.36501693725586,71.01873779296875,46.07294464111328
19941230,92.57479858398438,64.20162963867188,120.4886245727539
19941231,131.1907958984375,130.7869873046875,116.88134765625
19950101,77.20746612548828,65.97412109375,79.48623657226562
19950102,69.98382568359375,46.512271881103516,87.29061126708984
19950103,112.21435546875,80.54563903808594,126.90126037597656
19950104,87.29373931884766,64.12371826171875,91.68944549560547
19950105,98.65608215332031,121.04912567138672,75.72518920898438
19950106,88.59192657470703,76.79933166503906,89.6815185546875
19950107,109.74150848388672,56.727848052978516,168.9879608154297
19950108,38.64076614379883,42.0238151550293,35.05200958251953
19950109,134.83993530273438,125.46322631835938,134.54835510253906
19950110,83.40997314453125,71.27420043945312,92.47734832763672
19950111,101.5645751953125,93.46334075927734,110.44001007080078
19950112,81.45658111572266,101.50731658935547,62.0892219543457
19950113,76.55093383789062,41.626529693603516,109.94868469238281
19950114,71.32322692871094,47.40245819091797,85.6663818359375
19950115,46.254974365234375,14.188491821289062,65.09031677246094
19950116,100.64604949951172,122.14846801757812,80.05162811279297
19950117,69.86804962158203,49.16682052612305,75.18496704101562
19950118,96.95320129394531,72.49107360839844,100.77452850341797
19950119,75.28562927246094,42.887939453125,101.356201171875
19950120,68.48616027832031,71.86880493164062,53.951107025146484
19950121,89.42377471923828,46.512271881103516,109.92151641845703
19950122,37.2617301940918,52.0058479309082,18.590576171875
19950123,84.25540161132812,106.10028076171875,88.49810791015625
19950124,90.19367218017578,106.2644271850586,81.81694793701172
19950125,88.3863754272461,76.62114715576172,102.25535583496094
19950126,47.63648223876953,58.44905090332031,42.65824508666992
19950127,56.32421112060547,56.150840759277344,58.54418182373047
19950128,48.12446975708008,39.980281829833984,53.35600662231445
19950129,39.054927825927734,35.39519119262695,47.236934661865234
19950130,131.10426330566406,130.70071411132812,109.01730346679688
19950131,124.62330627441406,104.20104217529297,127.02809143066406
19950201,76.83790588378906,102.13519287109375,56.79389190673828
19950202,54.06802749633789,43.121280670166016,53.951107025146484
19950203,47.478919982910156,43.69179153442383,48.591026306152344
19950204,38.698219299316406,30.86328125,45.050296783447266
19950205,72.09070587158203,28.74751853942871,95.91307830810547
19950206,88.21751403808594,114.32975769042969,73.35562896728516
19950207,83.33502960205078,74.77067565917969,76.22526550292969
19950208,62.062156677246094,85.07279205322266,38.70497131347656
19950209,86.69751739501953,93.63320922851562,72.09170532226562
19950210,102.74273681640625,105.95843505859375,88.37979888916016
19950211,89.63418579101562,124.3245620727539,51.84947967529297
19950212,65.09412384033203,93.73542785644531,48.11360549926758
19950213,82.35665130615234,91.22572326660156,60.873016357421875
19950214,73.61261749267578,89.69403076171875,47.608707427978516
19950215,96.85870361328125,84.97329711914062,103.09253692626953
19950216,78.27764892578125,49.65972137451172,112.42872619628906
19950217,84.66626739501953,98.4732666015625,76.26953887939453
19950218,80.5977554321289,64.27973175048828,93.82738494873047
19950219,90.50731658935547,108.27445983886719,78.27005004882812
19950220,100.54119110107422,137.1591796875,61.60232162475586
19950221,120.23086547851562,107.46139526367188,131.002685546875
19950222,94.19623565673828,117.38287353515625,71.79985809326172
19950223,75.94314575195312,79.3145980834961,66.15620422363281
19950224,100.26830291748047,66.63977813720703,117.34432983398438
19950225,72.18670654296875,47.97633743286133,86.70350646972656
19950226,31.61517333984375,28.01587677001953,40.894012451171875
19950227,49.62648391723633,41.22810745239258,48.143638610839844
19950228,65.63362121582031,30.79134178161621,83.46981811523438
19950301,81.83572387695312,78.03670501708984,71.00762176513672
19950302,46.45456314086914,42.7491455078125,41.5998420715332
19950303,54.009254455566406,50.253475189208984,53.89246368408203
19950304,66.48600769042969,62.38245391845703,65.04141235351562
19950305,49.81304931640625,35.471229553222656,53.255714416503906
19950306,112.76825714111328,93.68428802490234,117.21292114257812
19950307,65.35275268554688,65.1515884399414,54.34286117553711
19950308,81.4856185913086,77.7028579711914,76.59583282470703
19950309,92.80900573730469,106.7576904296875,71.23716735839844
19950310,71.85613250732422,85.96194458007812,59.75062561035156
19950311,70.56356811523438,62.53010559082031,84.75396728515625
19950312,49.02320098876953,55.85405731201172,34.940853118896484
19950313,88.7294921875,84.24417114257812,91.34833526611328
19950314,80.2352066040039,76.17926788330078,76.2492446899414
19950315,99.11019134521484,45.60236740112305,133.1290740966797
19950316,44.486961364746094,47.76156997680664,39.83786392211914
19950317,50.68409729003906,50.5280876159668,48.16618728637695
19950318,69.33280944824219,38.39966583251953,83.27569580078125
19950319,31.4152889251709,41.758121490478516,29.02532958984375
19950320,108.46060180664062,135.15843200683594,90.18838500976562
19950321,138.02365112304688,178.0690460205078,94.51729583740234
19950322,119.87578582763672,151.3752899169922,99.68047332763672
19950323,150.57125854492188,125.67163848876953,157.23382568359375
19950324,136.03219604492188,117.2873306274414,134.51516723632812
19950325,52.8385009765625,72.93580627441406,33.79759216308594
19950326,76.95864868164062,106.74331665039062,50.081886291503906
19950327,91.25531005859375,81.8769760131836,106.23431396484375
19950328,117.00909423828125,88.4922866821289,147.6226043701172
19950329,106.12345123291016,113.35370635986328,94.54818725585938
19950330,80.62333679199219,55.91316604614258,99.10383605957031
19950331,93.55577850341797,89.81344604492188,86.43840789794922
19950401,69.01182556152344,72.84642791748047,60.76111602783203
19950402,55.59096908569336,52.15986633300781,65.25971984863281
19950403,71.2380142211914,71.01873779296875,66.64122009277344
19950404,94.41023254394531,73.6588363647461,102.39791107177734
19950405,119.77645874023438,97.0188217163086,124.49734497070312
19950406,110.53778076171875,63.98566436767578,142.3209686279297
19950407,101.7016372680664,94.14654541015625,96.64925384521484
19950408,86.41481018066406,73.84184265136719,82.1218490600586
19950409,61.092437744140625,47.370079040527344,67.73370361328125
19950410,92.12703704833984,135.7686004638672,53.29148864746094
19950411,67.60342407226562,42.12208557128906,84.32154846191406
19950412,101.5202407836914,82.46556854248047,100.05008697509766
19950413,92.11418151855469,56.51116943359375,106.0557632446289
19950414,99.68375396728516,99.37691497802734,95.64249420166016
19950415,88.61646270751953,67.30947875976562,98.24981689453125
19950416,87.5736312866211,45.549949645996094,120.31166076660156
19950417,142.69522094726562,101.6114273071289,161.03253173828125
19950418,108.47199249267578,83.18315887451172,124.88934326171875
19950419,107.8882064819336,47.80271911621094,146.19802856445312
19950420,166.8982696533203,217.02330017089844,132.74716186523438
19950421,212.89923095703125,273.39892578125,168.03073120117188
19950422,90.08218383789062,97.96898651123047,74.90615844726562
19950423,106.96157836914062,142.17645263671875,70.075439453125
19950424,94.76786804199219,154.59735107421875,50.14701461791992
19950425,88.63056945800781,103.08405303955078,85.9822769165039
19950426,92.90912628173828,135.37228393554688,41.5998420715332
19950427,62.96327209472656,76.7182388305664,58.17325973510742
19950428,75.36719512939453,78.71307373046875,65.65447998046875
19950429,128.8451690673828,157.4530792236328,82.9461669921875
19950430,73.07135009765625,90.19081115722656,57.86772918701172
19950501,169.66810607910156,193.30953979492188,194.83074951171875
19950502,124.41568756103516,124.03273010253906,122.85345458984375
19950503,152.65289306640625,136.96470642089844,165.016357421875
19950504,82.27760314941406,78.45806121826172,77.34027862548828
19950505,88.59192657470703,107.5190658569336,64.0582275390625
19950506,67.34571838378906,92.3153305053711,56.00007629394531
19950507,67.88048553466797,74.4386978149414,56.44474792480469
19950508,104.8582534790039,114.03872680664062,95.11956024169922
19950509,85.04147338867188,80.7425765991211,87.55146026611328
19950510,81.24469757080078,66.26831817626953,92.12387084960938
19950511,91.33272552490234,63.03571701049805,122.68203735351562
19950512,88.27909088134766,83.8165283203125,104.86689758300781
19950513,51.82115936279297,55.6356201171875,53.03497314453125
19950514,53.3138542175293,42.51980209350586,59.10952377319336
19950515,69.20406341552734,36.795223236083984,92.07255554199219
19950516,59.721771240234375,39.69196319580078,72.83544158935547
19950517,76.23860931396484,83.60433959960938,57.05531311035156
19950518,76.52796173095703,36.329715728759766,96.96823120117188
19950519,94.64479064941406,62.902313232421875,116.5927505493164
19950520,60.082847595214844,39.93193817138672,73.27579498291016
19950521,49.28368377685547,42.11313247680664,46.83534622192383
19950522,76.09952545166016,26.775983810424805,104.2244644165039
19950523,89.52886199951172,85.3727035522461,84.15640258789062
19950524,90.2402114868164,67.47183227539062,106.30321502685547
19950525,71.1614990234375,63.84821319580078,76.92491912841797
19950526,74.32042694091797,84.67618560791016,76.51399230957031
19950527,78.76647186279297,52.34934616088867,94.60647583007812
19950528,53.029361724853516,63.439361572265625,58.794105529785156
19950529,102.33949279785156,107.3941879272461,134.36602783203125
19950530,148.52545166015625,125.63368225097656,202.09674072265625
19950531,134.88299560546875,110.73818969726562,164.94033813476562
19950601,159.03428649902344,92.80668640136719,206.426513671875
19950602,128.56997680664062,82.93626403808594,157.2205352783203
19950603,88.9564208984375,76.01365661621094,119.76103973388672
19950604,80.08405303955078,50.80571365356445,96.86167907714844
19950605,140.09495544433594,126.14788055419922,157.82968139648438
19950606,85.43550872802734,77.42957305908203,96.87586975097656
19950607,111.25634002685547,57.245872497558594,155.1833038330078
19950608,76.19268798828125,50.638771057128906,90.50942993164062
19950609,134.62841796875,70.63896179199219,188.5435791015625
19950610,100.6247787475586,56.176429748535156,133.87625122070312
19950611,65.69810485839844,34.47151565551758,92.00848388671875
19950612,77.23603820800781,51.33219528198242,85.63224029541016
19950613,103.14582061767578,71.1888427734375,125.35466003417969
19950614,154.51112365722656,90.16712951660156,188.020751953125
19950615,151.88629150390625,187.47085571289062,144.3408203125
19950616,136.60072326660156,181.5736846923828,94.65648651123047
19950617,138.3730926513672,158.84823608398438,160.38882446289062
19950618,110.30403137207031,103.09171295166016,126.1167221069336
19950619,138.4081268310547,147.18089294433594,161.12696838378906
19950620,124.12431335449219,92.80668640136719,148.3690643310547
19950621,120.73139953613281,112.83728790283203,125.48992919921875
19950622,136.23956298828125,124.17847442626953,142.4185333251953
19950623,83.90865325927734,65.46550750732422,103.1422119140625
19950624,62.03310012817383,41.22810745239258,82.53195190429688
19950625,79.82090759277344,72.34110260009766,102.57736206054688
19950626,83.5101089477539,64.75238037109375,84.87266540527344
19950627,67.68467712402344,71.4455337524414,52.971229553222656
19950628,58.051570892333984,28.93644142150879,72.40754699707031
19950629,118.0425033569336,110.32421112060547,116.56029510498047
19950630,80.7048568725586,65.8280029296875,91.51174926757812
19950701,91.65206909179688,60.91330337524414,108.87366485595703
19950702,77.3061294555664,84.77499389648438,57.854225158691406
19950703,37.95085525512695,21.61945152282715,45.08189392089844
19950704,118.65913391113281,128.15171813964844,115.11359405517578
19950705,59.64457321166992,45.73921203613281,61.04163360595703
19950706,78.18482208251953,73.84184265136719,75.27836608886719
19950707,87.47308349609375,90.99530029296875,88.54891204833984
19950708,77.7395248413086,77.50023651123047,64.64285278320312
19950709,49.10305404663086,30.124252319335938,56.534854888916016
19950710,104.08340454101562,153.3888397216797,67.73370361328125
19950711,78.77194213867188,74.39634704589844,82.73853302001953
19950712,121.5959243774414,102.85472106933594,128.68649291992188
19950713,89.63418579101562,69.93257141113281,123.14252471923828
19950714,91.06715393066406,68.09012603759766,113.58778381347656
19950715,112.14422607421875,120.3989486694336,107.59780883789062
19950716,103.74932098388672,132.98138427734375,92.43301391601562
19950717,185.38670349121094,175.0889129638672,186.60850524902344
19950718,97.42845916748047,102.24059295654297,93.80663299560547
19950719,134.65721130371094,122.73621368408203,140.76441955566406
19950720,119.44354248046875,111.13750457763672,132.42807006835938
19950721,109.91356658935547,90.68296813964844,138.67066955566406
19950722,110.12525177001953,149.30934143066406,87.90969848632812
19950723,60.7114372253418,60.52456283569336,69.41475677490234
19950724,159.64181518554688,119.3628158569336,199.12074279785156
19950725,141.05126953125,127.83372497558594,156.38473510742188
19950726,172.4012908935547,196.42356872558594,163.83665466308594
19950727,161.7859649658203,129.03038024902344,201.795166015625
19950728,134.03453063964844,68.71986389160156,178.3262481689453
19950729,158.38780212402344,144.36595153808594,142.9933624267578
19950730,89.335693359375,64.12371826171875,112.91385650634766
19950731,158.60447692871094,180.70431518554688,173.3340301513672
19950801,105.160888671875,122.31005096435547,80.15752410888672
19950802,116.30079650878906,79.96056365966797,180.07652282714844
19950803,103.64730072021484,99.19512939453125,103.42317199707031
19950804,130.50672912597656,153.06472778320312,153.20530700683594
19950805,115.21974182128906,86.14881896972656,151.6973114013672
19950806,96.23101806640625,110.69401550292969,92.32974243164062
19950807,140.03565979003906,115.53485870361328,152.58184814453125
19950808,119.41165924072266,141.08929443359375,88.26180267333984
19950809,126.93399810791016,163.28164672851562,108.95441436767578
19950810,111.10475158691406,73.84184265136719,143.71324157714844
19950811,122.54129028320312,70.93399047851562,157.77587890625
19950812,99.07549285888672,51.53245162963867,128.949462890625
19950813,95.51809692382812,114.26890563964844,114.37386322021484
19950814,171.9500732421875,211.75511169433594,168.21397399902344
19950815,119.5712890625,123.61817932128906,154.66465759277344
19950816,113.52740478515625,137.43038940429688,87.65863037109375
19950817,106.22248077392578,70.59700775146484,137.39805603027344
19950818,164.36404418945312,109.23873901367188,210.26747131347656
19950819,128.8936767578125,119.93048095703125,150.05079650878906
19950820,77.98645782470703,66.63977813720703,86.46424102783203
19950821,96.43574523925781,67.29723358154297,136.32186889648438
19950822,82.380615234375,121.0293197631836,72.10742950439453
19950823,114.9605712890625,118.85140991210938,113.29578399658203
19950824,71.83882141113281,63.66017150878906,79.64830017089844
19950825,82.61748504638672,47.064674377441406,104.68423461914062
19950826,84.93763732910156,115.8726806640625,59.476463317871094
19950827,74.10665893554688,66.49069213867188,80.10861206054688
19950828,88.9943618774414,69.00477600097656,98.66878509521484
19950829,87.6584701538086,45.9940299987793,122.76339721679688
19950830,116.16017150878906,135.7686004638672,106.58297729492188
19950831,106.34878540039062,94.24127197265625,111.35924530029297
19950901,70.08773803710938,73.54946899414062,67.4822769165039
19950902,66.25135040283203,88.06324005126953,51.41740417480469
19950903,59.219085693359375,66.4164047241211,49.242523193359375
19950904,114.98168182373047,98.25237274169922,136.5869598388672
19950905,105.08834838867188,127.53984832763672,83.58494567871094
19950906,66.80148315429688,54.84365463256836,78.42003631591797
19950907,104.33283996582031,81.72347259521484,117.74031829833984
19950908,80.96604919433594,42.11313247680664,111.23394775390625
19950909,118.59809875488281,97.84803771972656,129.2236328125
19950910,56.65737533569336,52.71744155883789,62.816505432128906
19950911,101.8570327758789,114.7883071899414,95.74478149414062
19950912,70.30418395996094,74.2105941772461,61.898963928222656
19950913,87.65338897705078,58.2557258605957,103.25592803955078
19950914,75.11491394042969,82.3720703125,74.95248413085938
19950915,49.54695129394531,56.4507942199707,47.08553695678711
19950916,73.13461303710938,77.19828796386719,78.70011138916016
19950917,42.973854064941406,42.841575622558594,35.73410415649414
19950918,86.69254302978516,100.07186126708984,75.88164520263672
19950919,57.11323547363281,53.141605377197266,63.32192611694336
19950920,91.90939331054688,91.6264877319336,101.90071868896484
19950921,55.148189544677734,58.6436653137207,67.25758361816406
19950922,60.66973876953125,40.32199478149414,73.9915542602539
19950923,81.3898696899414,73.02540588378906,74.44605255126953
19950924,44.486961364746094,34.11540603637695,62.602359771728516
19950925,39.17622756958008,43.39515686035156,36.19584655761719
19950926,89.42377471923828,93.02454376220703,96.98957061767578
19950927,37.2617301940918,37.14703369140625,30.984294891357422
19950928,67.96845245361328,78.45806121826172,59.492523193359375
19950929,60.28940200805664,33.391014099121094,72.41365051269531
19950930,66.83617401123047,99.94566345214844,27.788185119628906
19951001,72.20855712890625,59.98857498168945,70.05095672607422
19951002,80.9824447631836,92.26648712158203,70.54608154296875
19951003,58.17525863647461,40.9384880065918,62.602359771728516
19951004,96.71730041503906,103.30670928955078,80.42346954345703
19951005,48.20784378051758,61.790733337402344,34.35971450805664
19951006,41.56696701049805,38.25140380859375,58.493324279785156
19951007,90.13789367675781,104.83718872070312,74.95248413085938
19951008,61.189327239990234,61.000980377197266,69.38296508789062
19951009,64.5567398071289,56.31327438354492,67.10118865966797
19951010,92.3235092163086,110.44719696044922,67.55751037597656
19951011,73.46420288085938,53.26405334472656,77.74809265136719
19951012,60.967506408691406,81.03978729248047,39.43052291870117
19951013,63.70322799682617,70.56349182128906,52.971229553222656
19951014,92.87572479248047,54.010746002197266,128.7151336669922
19951015,91.8456802368164,109.87557220458984,81.46407318115234
19951016,109.47286224365234,153.59866333007812,80.91565704345703
19951017,60.48727035522461,56.75396728515625,59.17301559448242
19951018,106.1082763671875,85.94760131835938,110.29043579101562
19951019,80.55854797363281,64.24846649169922,80.38435363769531
19951020,63.70322799682617,76.20857238769531,68.86259460449219
19951021,52.22516632080078,66.93995666503906,37.223026275634766
19951022,59.45634460449219,84.67618560791016,32.959877014160156
19951023,23.63306427001953,23.560317993164062,19.65163230895996
19951024,44.67155456542969,34.25696563720703,51.432647705078125
19951025,48.00822830200195,13.674415588378906,68.43487548828125
19951026,66.77068328857422,88.7535400390625,61.691017150878906
19951027,63.216941833496094,69.32459259033203,52.56686782836914
19951028,46.49217987060547,15.449689865112305,64.4328384399414
19951029,58.82129669189453,74.0718765258789,61.783260345458984
19951030,114.22647094726562,89.47311401367188,115.33636474609375
19951031,44.67155456542969,61.66253662109375,34.288429260253906
19951101,49.55509567260742,68.40354919433594,38.0368766784668
19951102,87.08116912841797,104.17574310302734,69.51428985595703
19951103,79.90113067626953,132.75863647460938,33.22014617919922
19951104,23.831422805786133,15.838711738586426,26.422100067138672
19951105,59.90814208984375,98.3685073852539,35.163875579833984
19951106,101.72103881835938,88.1808090209961,110.32725524902344
19951107,94.98401641845703,110.47359466552734,72.40033721923828
19951108,87.94427490234375,83.49864196777344,83.5753402709961
19951109,61.951210021972656,72.65943145751953,42.42360305786133
19951110,72.8036880493164,50.80571365356445,96.86167907714844
19951111,60.521942138671875,32.17901611328125,73.8113021850586
19951112,65.59539794921875,58.12754821777344,60.60514450073242
19951113,141.4457244873047,109.16929626464844,159.35145568847656
19951114,126.9625244140625,107.3941879272461,140.76441955566406
19951115,63.559425354003906,52.181941986083984,68.39625549316406
19951116,45.909786224365234,14.08260726928711,64.60456848144531
19951117,81.39856719970703,14.112698554992676,129.4852294921875
19951118,86.14241790771484,70.26321411132812,104.18927001953125
19951119,61.410743713378906,28.810216903686523,78.0993423461914
19951120,53.86288833618164,62.646610260009766,44.78867721557617
19951121,91.32392120361328,91.04281616210938,75.9386978149414
19951122,105.160888671875,82.3720703125,143.65892028808594
19951123,117.33891296386719,44.991432189941406,157.61465454101562
19951124,122.98155212402344,166.1072998046875,92.36659240722656
19951125,79.4681625366211,83.3932113647461,76.51399230957031
19951126,54.624202728271484,54.45606231689453,51.91055679321289
19951127,44.10875701904297,26.383792877197266,51.34893798828125
19951128,70.65702819824219,66.29603576660156,82.9461669921875
19951129,53.08602523803711,28.22539710998535,70.62830352783203
19951130,59.82063674926758,74.54562377929688,62.17841339111328
19951201,76.23063659667969,48.361087799072266,86.43840789794922
19951202,23.717668533325195,15.76310920715332,26.29598045349121
19951203,56.08184814453125,52.181941986083984,55.960575103759766
19951204,78.65035247802734,73.79600524902344,84.6355972290039
19951205,67.91140747070312,30.08994483947754,94.11743927001953
19951206,74.18965148925781,96.14966583251953,49.352813720703125
19951207,65.02730560302734,53.387062072753906,63.61440658569336
19951208,74.92713165283203,70.76509857177734,72.14176940917969
19951209,80.54875946044922,30.112808227539062,117.21292114257812
19951210,72.3268051147461,57.68334197998047,84.19880676269531
19951211,54.57278060913086,32.642879486083984,63.53056335449219
19951212,89.21435546875,61.87112045288086,103.2132568359375
19951213,58.6295166015625,36.53065490722656,67.03438568115234
19951214,65.30802154541016,57.87288284301758,60.33962631225586
19951215,88.76119232177734,56.632301330566406,100.37848663330078
19951216,95.83528900146484,58.15496826171875,131.6618194580078
19951217,65.02730560302734,45.76034164428711,89.06016540527344
19951218,68.92208099365234,77.29867553710938,50.14701461791992
19951219,75.8603286743164,67.22384643554688,77.09806823730469
19951220,53.8004035949707,76.62114715576172,25.563838958740234
19951221,34.869136810302734,23.174535751342773,45.102989196777344
19951222,32.396751403808594,8.074257850646973,47.143096923828125
19951223,55.595542907714844,83.1366195678711,23.114717483520508
19951224,34.808067321777344,57.834877014160156,19.295997619628906
19951225,29.93284034729004,39.78760528564453,16.593395233154297
19951226,65.9874038696289,118.4117202758789,21.948238372802734
19951227,83.04486846923828,73.59044647216797,92.07255554199219
19951228,67.23750305175781,71.49923706054688,59.637428283691406
19951229,81.42145538330078,42.721492767333984,106.9018325805664
19951230,57.27783203125,38.06768035888672,71.44246673583984
19951231,69.52915954589844,49.51081466674805,74.33443450927734
19960101,102.14966583251953,87.28734588623047,109.20939636230469
19960102,74.24720764160156,45.549949645996094,104.48118591308594
19960103,40.15233612060547,60.043113708496094,16.69396209716797
19960104,93.18052673339844,111.47244262695312,77.48252868652344
19960105,92.52982330322266,83.0205078125,92.32974243164062
19960106,65.63872528076172,87.24890899658203,43.66452407836914
19960107,73.61261749267578,80.05747985839844,55.646541595458984
19960108,121.07337188720703,135.18478393554688,96.64925384521484
19960109,73.0042495727539,90.97441101074219,60.705318450927734
19960110,87.41497802734375,119.25230407714844,76.51399230957031
19960111,100.76251220703125,117.19442749023438,97.75172424316406
19960112,90.22557830810547,51.398773193359375,114.32440948486328
19960113,65.22637176513672,65.02559661865234,69.7342758178711
19960114,116.74246978759766,87.28734588623047,145.61253356933594
19960115,138.2369842529297,163.3321075439453,136.235107421875
19960116,128.22842407226562,191.75059509277344,115.5114517211914
19960117,99.83080291748047,126.66629028320312,75.46585845947266
19960118,161.17486572265625,186.04908752441406,190.45225524902344
19960119,94.50977325439453,75.3750991821289,117.88175964355469
19960120,73.5105209350586,45.80265426635742,91.68944549560547
19960121,70.63043975830078,112.66085815429688,23.492570877075195
19960122,92.87572479248047,133.7408905029297,51.48604965209961
19960123,59.727294921875,45.80265426635742,68.76708221435547
19960124,67.14663696289062,71.40262603759766,52.11223220825195
19960125,83.54521179199219,74.95924377441406,83.36455535888672
19960126,45.43988800048828,45.300018310546875,45.34162521362305
19960127,69.73827362060547,34.761802673339844,86.98432922363281
19960128,41.842960357666016,13.904720306396484,57.98955535888672
19960129,97.42845916748047,97.12857055664062,108.01976013183594
19960130,102.90521240234375,97.70329284667969,114.09187316894531
19960131,50.70256805419922,50.54650115966797,42.16077423095703
19960201,82.91783905029297,41.33130645751953,103.42317199707031
19960202,122.8562240600586,108.86939239501953,128.6444091796875
19960203,63.70322799682617,81.65203857421875,52.971229553222656
19960204,58.89009475708008,73.38603210449219,61.21119689941406
19960205,67.95011138916016,45.1606330871582,84.75396728515625
19960206,57.95878982543945,53.33574295043945,51.90182113647461
19960207,123.02521514892578,90.84928131103516,143.976806640625
19960208,106.71358489990234,62.0579833984375,133.10354614257812
19960209,87.53656005859375,55.11606979370117,99.6065444946289
19960210,96.85870361328125,67.59239196777344,112.7574691772461
19960211,85.61308288574219,65.65350341796875,87.618408203125
19960212,68.79133605957031,63.30424118041992,61.60232162475586
19960213,137.38760375976562,142.0374755859375,126.93566131591797
19960214,92.62838745117188,43.972984313964844,124.7045669555664
19960215,113.50169372558594,125.72479248046875,97.87577056884766
19960216,98.51502227783203,106.39610290527344,95.5713882446289
19960217,66.96566009521484,97.91397094726562,51.971771240234375
19960218,60.35042190551758,53.479698181152344,89.2146987915039
19960219,85.81781768798828,51.33219528198242,114.17632293701172
19960220,107.37657928466797,128.45529174804688,89.28699493408203
19960221,96.52515411376953,87.48003387451172,102.15377807617188
19960222,81.95154571533203,68.79940032958984,93.25143432617188
19960223,132.3319549560547,59.578861236572266,184.58013916015625
19960224,43.529144287109375,17.358060836791992,57.91334915161133
19960225,57.7257080078125,44.2677116394043,88.61674499511719
19960226,118.69135284423828,150.5967254638672,71.77859497070312
19960227,147.0210418701172,146.56849670410156,160.45652770996094
19960228,173.2600860595703,98.70101165771484,212.676513671875
19960229,124.11428833007812,127.99888610839844,106.76371002197266
19960301,85.1675033569336,35.74961853027344,119.27485656738281
19960302,61.26280975341797,61.07423400878906,58.21936798095703
19960303,67.60342407226562,53.916263580322266,78.70011138916016
19960304,141.19140625,216.54891967773438,72.24928283691406
19960305,170.94143676757812,276.34906005859375,84.5175552368164
19960306,162.33775329589844,148.716064453125,160.52737426757812
19960307,126.93399810791016,155.11756896972656,108.95441436767578
19960308,149.43914794921875,148.97915649414062,172.58795166015625
19960309,120.45700073242188,145.81898498535156,85.85466766357422
19960310,59.626216888427734,66.04742431640625,44.07206344604492
19960311,122.68769073486328,170.17050170898438,79.84069061279297
19960312,148.12294006347656,143.1922607421875,141.83082580566406
19960313,119.01441192626953,79.09871673583984,173.18736267089844
19960314,143.26963806152344,164.46934509277344,122.7432861328125
19960315,136.4728240966797,148.4211883544922,130.6755828857422
19960316,49.915401458740234,36.190372467041016,52.82609939575195
19960317,66.1191177368164,65.91559600830078,54.9801139831543
19960318,61.249324798583984,61.060794830322266,50.93073272705078
19960319,59.89344024658203,36.744049072265625,76.62040710449219
19960320,94.52203369140625,102.79754638671875,71.4527587890625
19960321,58.48164749145508,41.64402770996094,76.41751098632812
19960322,71.37345123291016,58.59721374511719,76.80492401123047
19960323,74.53277587890625,66.04742431640625,75.74885559082031
19960324,51.15934371948242,51.00187301635742,53.17574691772461
19960325,137.36325073242188,147.4743194580078,114.22184753417969
19960326,33.60575866699219,19.144182205200195,39.920345306396484
19960327,75.99683380126953,71.30625915527344,74.3455810546875
19960328,88.98228454589844,88.70838928222656,80.71806335449219
19960329,99.25296783447266,98.94745635986328,103.16493225097656
19960330,36.35190963745117,54.36001968383789,22.670812606811523
19960331,43.83359909057617,62.42668151855469,20.828006744384766
19960401,152.65289306640625,213.05621337890625,101.54853057861328
19960402,88.33514404296875,132.0948486328125,73.45343780517578
19960403,81.84497833251953,111.65364074707031,50.14701461791992
19960404,77.03646087646484,102.39910888671875,49.823062896728516
19960405,73.70896911621094,60.5146598815918,79.31817626953125
19960406,73.71499633789062,64.30208587646484,76.62040710449219
19960407,40.81192398071289,40.68629837036133,45.2485237121582
19960408,133.66500854492188,127.45994567871094,144.97389221191406
19960409,76.79832458496094,102.08258056640625,59.60286331176758
19960410,73.30716705322266,91.3519058227539,60.957210540771484
19960411,111.13130950927734,127.83372497558594,85.30076599121094
19960412,98.0841064453125,106.6714859008789,96.38909912109375
19960413,95.63843536376953,112.67933654785156,72.29668426513672
19960414,94.82540893554688,126.04470825195312,94.62035369873047
19960415,96.3266830444336,85.36016845703125,97.89836120605469
19960416,79.53905487060547,65.3011245727539,101.15409088134766
19960417,149.33706665039062,153.3888397216797,127.94143676757812
19960418,139.0772705078125,126.04470825195312,140.1782989501953
19960419,112.36096954345703,149.3534698486328,62.28777313232422
19960420,116.00431060791016,141.3466339111328,96.46121978759766
19960421,53.42850875854492,39.94804000854492,55.53434753417969
19960422,135.07557678222656,141.07217407226562,117.66812896728516
19960423,137.30850219726562,205.3287811279297,85.63224029541016
19960424,94.7952651977539,73.50270080566406,105.10030364990234
19960425,95.87750244140625,152.9318084716797,63.78011703491211
19960426,129.1953125,133.9495391845703,120.32154083251953
19960427,94.81410217285156,141.78338623046875,49.27556228637695
19960428,47.61391067504883,67.81049346923828,22.6242618560791
19960429,97.23780059814453,90.47592163085938,97.02753448486328
19960430,125.366455078125,115.36668395996094,112.26507568359375
19960501,92.87572479248047,114.63505554199219,66.19635772705078
19960502,61.670143127441406,61.480316162109375,51.28065490722656
19960503,41.46468734741211,45.930057525634766,38.310203552246094
19960504,42.4144401550293,33.82710647583008,49.37650680541992
19960505,27.895305633544922,41.71416473388672,11.597909927368164
19960506,106.67591094970703,134.333740234375,74.69841003417969
19960507,50.538482666015625,64.12371826171875,38.20393753051758
19960508,66.16313934326172,43.972984313964844,80.69119262695312
19960509,99.72389221191406,95.09446716308594,93.73965454101562
19960510,56.6623420715332,60.833152770996094,57.98955535888672
19960511,80.57597351074219,80.32794952392578,67.0014419555664
19960512,58.6295166015625,58.44905090332031,48.752281188964844
19960513,89.52886199951172,126.00462341308594,43.79179382324219
19960514,57.5265007019043,38.23295211791992,71.75263214111328
19960515,65.81260681152344,69.9840316772461,58.373592376708984
19960516,95.8901138305664,69.52360534667969,108.73040771484375
19960517,71.14239501953125,88.65426635742188,66.55177307128906
19960518,72.20855712890625,80.98458099365234,60.043678283691406
19960519,33.528011322021484,26.739849090576172,33.45551300048828
19960520,106.85701751708984,156.98878479003906,65.47207641601562
19960521,136.55531311035156,105.39482879638672,161.1677703857422
19960522,76.4438705444336,67.74095153808594,84.75396728515625
19960523,107.5509033203125,68.6207046508789,128.78199768066406
19960524,100.11702728271484,121.50643920898438,94.10919952392578
19960525,88.27909088134766,117.34314727783203,62.92013931274414
19960526,56.357486724853516,62.42668151855469,41.65601348876953
19960527,100.76251220703125,87.89581298828125,115.20738220214844
19960528,78.6366195678711,107.79253387451172,57.2152099609375
19960529,61.42509460449219,43.74001693725586,65.6702880859375
19960530,61.42509460449219,52.48802185058594,72.96698760986328
19960531,115.87993621826172,143.4081573486328,73.09901428222656
19960601,56.85184860229492,22.67074203491211,75.6385498046875
19960602,64.95230865478516,64.75238037109375,54.00988006591797
19960603,64.23261260986328,73.1827392578125,53.41143035888672
19960604,59.36501693725586,78.90971374511719,39.491092681884766
19960605,54.240875244140625,15.449689865112305,83.76268768310547
19960606,53.98829650878906,30.755495071411133,64.13280487060547
19960607,75.45712280273438,37.612430572509766,94.11743927001953
19960608,37.6000862121582,37.484352111816406,43.771907806396484
19960609,26.55364990234375,26.471914291381836,22.080190658569336
19960610,129.541748046875,138.36752319335938,115.41217803955078
19960611,65.43344116210938,73.38603210449219,54.40995407104492
19960612,62.779991149902344,51.54202651977539,79.84069061279297
19960613,83.54063415527344,65.17837524414062,90.60868072509766
19960614,77.9427719116211,62.16228103637695,84.25540924072266
19960615,80.14276123046875,68.48235321044922,88.8549575805664
19960616,58.37123489379883,58.19156265258789,60.6718864440918
19960617,91.77297973632812,78.42042541503906,109.01730346679688
19960618,62.57506561279297,38.989036560058594,71.5455551147461
19960619,115.95919799804688,77.06817626953125,141.4214324951172
19960620,69.33280944824219,61.4394645690918,64.0582275390625
19960621,118.16531372070312,70.68095397949219,144.11196899414062
19960622,63.171730041503906,55.10512161254883,72.22775268554688
19960623,71.16844940185547,77.39933013916016,64.55868530273438
19960624,45.94407272338867,27.481592178344727,53.485511779785156
19960625,125.00255584716797,76.6878662109375,159.9131317138672
19960626,80.7943344116211,65.9009780883789,85.50566101074219
19960627,181.71800231933594,241.5448760986328,138.51219177246094
19960628,112.0372314453125,119.1385269165039,105.5841293334961
19960629,105.59542083740234,109.16929626464844,104.06625366210938
19960630,96.6165542602539,137.5988006591797,80.33969116210938
19960701,107.6462173461914,68.2912826538086,130.19810485839844
19960702,96.48255157470703,100.76583862304688,84.04866027832031
19960703,59.0212516784668,80.9044189453125,30.67376136779785
19960704,52.86012268066406,43.914512634277344,51.28065490722656
19960705,86.60308074951172,138.13841247558594,28.805269241333008
19960706,36.35744857788086,40.27281951904297,40.309810638427734
19960707,65.37962341308594,43.45225524902344,72.48694610595703
19960708,93.38098907470703,97.99321746826172,81.73602294921875
19960709,126.4942398071289,70.93399047851562,151.20187377929688
19960710,89.74937438964844,65.07135772705078,115.33636474609375
19960711,117.62840270996094,128.61468505859375,100.96692657470703
19960712,59.507205963134766,47.459228515625,65.97614288330078
19960713,59.65007400512695,79.28862762451172,46.294185638427734
19960714,42.5467414855957,36.356380462646484,60.64962387084961
19960715,84.3369369506836,74.73542022705078,109.0892562866211
19960716,80.49982452392578,96.30244445800781,66.93812561035156
19960717,101.1162338256836,56.4507942199707,127.80359649658203
19960718,101.81327819824219,101.49988555908203,96.7553482055664
19960719,101.92516326904297,116.12734985351562,84.75396728515625
19960720,101.92516326904297,188.70693969726562,30.26927375793457
19960721,122.36398315429688,156.84085083007812,101.7494888305664
19960722,117.73261260986328,149.38027954101562,88.99850463867188
19960723,83.33502960205078,116.3099365234375,69.29569244384766
19960724,120.45700073242188,136.0977325439453,113.51895141601562
19960725,94.64479064941406,47.176734924316406,124.60850524902344
19960726,105.28024291992188,97.45931243896484,106.30321502685547
19960727,105.6713638305664,109.9263687133789,91.68944549560547
19960728,49.075077056884766,61.155025482177734,30.60559844970703
19960729,134.42303466796875,143.58135986328125,127.74510955810547
19960730,141.31405639648438,149.1660919189453,124.41925048828125
19960731,131.2301788330078,150.6483917236328,145.49600219726562
19960801,102.40464782714844,71.01873779296875,125.87786865234375
19960802,61.0611572265625,68.48235321044922,63.467830657958984
19960803,73.35523223876953,100.07186126708984,64.2075424194336
19960804,102.82915496826172,131.8019561767578,97.72075653076172
19960805,136.34043884277344,120.8184585571289,151.1617889404297
19960806,134.83993530273438,161.3098602294922,142.02325439453125
19960807,157.74131774902344,192.20150756835938,174.88914489746094
19960808,160.0703887939453,186.1739501953125,125.70890045166016
19960809,116.9141616821289,94.97015380859375,144.02635192871094
19960810,75.28562927246094,108.41117858886719,41.73490905761719
19960811,96.5546646118164,74.04419708251953,135.8723907470703
19960812,65.78148651123047,103.05272674560547,46.885169982910156
19960813,134.83993530273438,116.50157165527344,142.02325439453125
19960814,68.03733825683594,42.39244079589844,84.86276245117188
19960815,97.42845916748047,70.63896179199219,125.20471954345703
19960816,54.92778015136719,67.39533233642578,35.13397979736328
19960817,85.88137817382812,97.84803771972656,81.61492919921875
19960818,45.37763977050781,30.158639907836914,50.310569763183594
19960819,101.14710235595703,110.91934204101562,100.92838287353516
19960820,89.52886199951172,140.92623901367188,70.52783203125
19960821,100.2487564086914,78.21405792236328,123.2278060913086
19960822,104.1688003540039,114.23296356201172,129.92942810058594
19960823,76.640380859375,84.89386749267578,77.89085388183594
19960824,61.801631927490234,41.07427215576172,68.5199966430664
19960825,54.866546630859375,54.697662353515625,68.43487548828125
19960826,82.94379425048828,93.02454376220703,68.9703598022461
19960827,51.03395462036133,9.25033950805664,77.15696716308594
19960828,63.62165832519531,42.28388214111328,70.53787231445312
19960829,91.89973449707031,99.94566345214844,76.41751098632812
19960830,120.38640594482422,131.63027954101562,103.3342514038086
19960831,124.26982879638672,162.60211181640625,77.50069427490234
19960901,97.81204223632812,143.01608276367188,75.9115219116211
19960902,183.1067657470703,254.4540557861328,129.18946838378906
19960903,191.7550048828125,219.83946228027344,183.36782836914062
19960904,192.1539764404297,208.22012329101562,187.57025146484375
19960905,140.02398681640625,159.5348358154297,146.37460327148438
19960906,163.4359588623047,174.85479736328125,152.4755401611328
19960907,80.6959228515625,56.31327438354492,93.94166564941406
19960908,71.72882843017578,78.00877380371094,54.22251510620117
19960909,101.1806869506836,78.94114685058594,124.37335205078125
19960910,104.22579956054688,90.35215759277344,113.04393005371094
19960911,131.95668029785156,108.86939239501953,136.21173095703125
19960912,63.13661575317383,41.96151351928711,84.00011444091797
19960913,98.94683074951172,77.19828796386719,121.62744140625
19960914,118.13019561767578,166.83599853515625,90.043212890625
19960915,71.39154815673828,113.87487030029297,35.61858367919922
19960916,68.53588104248047,22.774974822998047,104.48118591308594
19960917,103.21056365966797,88.19389343261719,147.1248321533203
19960918,72.40584564208984,81.20585632324219,67.73370361328125
19960919,66.41739654541016,74.48957824707031,69.0351791381836
19960920,81.52692413330078,94.10902404785156,85.63224029541016
19960921,49.669410705566406,60.94341278076172,44.47872543334961
19960922,88.24462890625,67.67153930664062,101.60055541992188
19960923,57.36048126220703,38.12261199951172,71.5455551147461
19960924,110.7027816772461,118.85140991210938,84.97183990478516
19960925,72.71489715576172,64.43651580810547,73.90132141113281
19960926,91.38117980957031,91.09989929199219,88.65069580078125
19960927,103.41001892089844,137.45562744140625,80.25609588623047
19960928,61.14402770996094,71.71273803710938,41.870849609375
19960929,53.0010871887207,39.628456115722656,77.12610626220703
19960930,73.10494232177734,45.549949645996094,83.58494567871094
19961001,76.19707489013672,55.97239303588867,86.70350646972656
19961002,97.42845916748047,100.47782897949219,83.80843353271484
19961003,67.1705322265625,63.439361572265625,64.67351531982422
19961004,78.33775329589844,126.44214630126953,24.815349578857422
19961005,42.7428092956543,28.407495498657227,53.3129768371582
19961006,51.45736312866211,51.298973083496094,64.18260955810547
19961007,60.78105545043945,60.59396743774414,58.96491241455078
19961008,74.83802795410156,86.3878402709961,65.50543975830078
19961009,104.52276611328125,72.1391830444336,120.34239959716797
19961010,63.93375778198242,71.7040786743164,53.16292190551758
19961011,58.703731536865234,41.80216979980469,69.7342758178711
19961012,57.57649612426758,53.57264709472656,57.45199203491211
19961013,25.000511169433594,24.92355728149414,20.788707733154297
19961014,90.29955291748047,56.85574722290039,102.75049591064453
19961015,62.97657012939453,33.4841194152832,83.78718566894531
19961016,48.476600646972656,64.43651580810547,33.59150695800781
19961017,72.59375762939453,60.94341278076172,76.2492446899414
19961018,59.793643951416016,15.895891189575195,86.18183135986328
19961019,40.57710647583008,36.77473449707031,42.94326400756836
19961020,60.35042190551758,66.84961700439453,66.91102600097656
19961021,75.48747253417969,97.38896179199219,51.69309997558594
19961022,86.52229309082031,82.14854431152344,75.37199401855469
19961023,58.1152229309082,23.174535751342773,83.76268768310547
19961024,71.00895690917969,49.55326843261719,82.66464233398438
19961025,49.271602630615234,30.22765350341797,56.728912353515625
19961026,54.12692642211914,35.97354507446289,72.01317596435547
19961027,33.59602355957031,13.397043228149414,44.69783020019531
19961028,36.4519157409668,27.254783630371094,37.88863754272461
19961029,81.83991241455078,108.78399658203125,64.81185913085938
19961030,16.002742767333984,15.953484535217285,13.306781768798828
19961031,76.8662109375,72.98058319091797,79.13491821289062
19961101,70.14849090576172,69.93257141113281,64.81185913085938
19961102,71.93415069580078,121.91163635253906,23.92620086669922
19961103,18.715072631835938,12.438309669494629,20.749557495117188
19961104,100.67137908935547,86.0241470336914,103.64269256591797
19961105,72.98190307617188,48.50484085083008,80.91565704345703
19961106,66.69599151611328,44.32713317871094,73.9464111328125
19961107,42.6968994140625,49.65972137451172,35.50381088256836
19961108,55.76713562011719,37.06364822387695,61.82948684692383
19961109,50.66279983520508,46.62171173095703,58.33066940307617
19961110,77.03646087646484,92.15919494628906,76.869873046875
19961111,78.12659454345703,72.69371032714844,69.29569244384766
19961112,93.91300201416016,102.13519287109375,78.09160614013672
19961113,96.0164566040039,71.79067993164062,133.06781005859375
19961114,61.34384536743164,35.97354507446289,72.01317596435547
19961115,78.4461669921875,106.64277648925781,65.2304458618164
19961116,67.51730346679688,50.48210906982422,70.1784439086914
19961117,79.55948638916016,72.10417175292969,72.17041015625
19961118,80.2188720703125,94.08465576171875,54.93312454223633
19961119,58.716121673583984,39.023590087890625,65.09905242919922
19961120,65.95820617675781,80.36744689941406,54.846317291259766
19961121,54.304386138916016,19.10725975036621,74.37425994873047
19961122,32.160850524902344,21.37457275390625,35.65700912475586
19961123,39.85709762573242,17.659740447998047,58.91986846923828
19961124,57.554264068603516,25.50093650817871,74.44605255126953
19961125,81.45658111572266,77.33890533447266,83.86077117919922
19961126,89.42377471923828,54.264312744140625,103.4555435180664
19961127,65.5233154296875,58.06367492675781,72.64625549316406
19961128,75.37579345703125,39.54935836791992,92.36659240722656
19961129,62.81733703613281,75.14877319335938,62.68150329589844
19961130,30.99478530883789,30.89937973022461,25.773134231567383
19961201,42.0198860168457,55.85405731201172,23.293901443481445
19961202,84.5550308227539,79.33625030517578,82.71783447265625
19961203,83.2303466796875,49.78449249267578,96.89208984375
19961204,91.63865661621094,81.20585632324219,90.31159210205078
19961205,80.48026275634766,96.27904510498047,74.95248413085938
19961206,91.83982849121094,56.82856750488281,110.60149383544922
19961207,23.758169174194336,13.534307479858398,28.222373962402344
19961208,47.383934020996094,68.7099380493164,21.4915771484375
19961209,58.94248580932617,47.00884246826172,65.35002899169922
19961210,106.85701751708984,73.23806762695312,133.28244018554688
19961211,75.5980224609375,61.66253662109375,91.4358139038086
19961212,71.85613250732422,71.63495635986328,65.7256851196289
19961213,39.61672592163086,42.532840728759766,35.476593017578125
19961214,62.640323638916016,66.12089538574219,61.2792854309082
19961215,44.46399688720703,44.32713317871094,51.76248550415039
19961216,87.59193420410156,79.38392639160156,92.69965362548828
19961217,75.20423889160156,78.54288482666016,71.46820831298828
19961218,57.24483108520508,60.87320327758789,44.4274787902832
19961219,89.66348266601562,49.65972137451172,124.2633285522461
19961220,122.0030517578125,169.5413818359375,122.96892547607422
19961221,84.42223358154297,80.1546401977539,86.91395568847656
19961222,79.4527359008789,109.6728515625,60.98532485961914
19961223,110.57917785644531,95.85983276367188,103.94354248046875
19961224,57.39597702026367,57.21930694580078,47.7265510559082
19961225,71.04702758789062,70.82833862304688,59.07783126831055
19961226,75.28562927246094,92.3740234375,67.41792297363281
19961227,61.7248649597168,57.43254089355469,61.59138870239258
19961228,53.42850875854492,38.737491607666016,72.69951629638672
19961229,52.08440017700195,10.384815216064453,86.61962127685547
19961230,137.6140899658203,78.39456939697266,171.64564514160156
19961231,119.37181091308594,85.00312042236328,134.71189880371094
19970101,97.5879135131836,108.09725952148438,81.14740753173828
19970102,93.87843322753906,98.04611206054688,89.2146987915039
19970103,57.4433708190918,76.35540771484375,55.72695541381836
19970104,66.40760803222656,93.46334075927734,45.47529983520508
19970105,74.49552917480469,79.2173080444336,74.33443450927734
19970106,72.94514465332031,102.66439056396484,42.81612014770508
19970107,76.10932159423828,93.94053649902344,78.3556900024414
19970108,39.350154876708984,42.79530715942383,41.64476776123047
19970109,34.83246994018555,20.83514976501465,40.55000305175781
19970110,53.69917678833008,73.60909271240234,33.48940658569336
19970111,55.2708740234375,66.12089538574219,55.1513557434082
19970112,36.96030807495117,27.634904861450195,38.41706848144531
19970113,33.888160705566406,33.78384780883789,35.22383499145508
19970114,35.390682220458984,28.22539710998535,41.19984436035156
19970115,52.41404724121094,48.769195556640625,63.92308807373047
19970116,52.73740005493164,26.287534713745117,76.74239349365234
19970117,40.549320220947266,43.53408432006836,31.12433624267578
19970118,49.669410705566406,53.32548904418945,44.47872543334961
19970119,51.46644592285156,55.97239303588867,62.24867248535156
19970120,58.73347091674805,31.228097915649414,71.63011932373047
19970121,48.061805725097656,29.485458374023438,55.33601379394531
19970122,48.25801086425781,54.98225021362305,45.860626220703125
19970123,50.962581634521484,60.966854095458984,50.852378845214844
19970124,52.52089309692383,59.839115142822266,49.9117317199707
19970125,17.833473205566406,26.667871475219727,14.829092025756836
19970126,73.61261749267578,66.71456909179688,77.90515899658203
19970127,56.90299987792969,40.519893646240234,60.835670471191406
19970128,36.24253463745117,28.904781341552734,36.16416549682617
19970129,59.566650390625,59.383296966552734,60.53854751586914
19970130,69.69965362548828,43.88533020019531,85.41097259521484
19970131,34.90253448486328,37.958290100097656,26.38413429260254
19970201,27.404903411865234,20.49041175842285,28.485044479370117
19970202,24.214675903320312,38.62422561645508,16.10820960998535
19970203,45.49094009399414,32.98248291015625,55.021297454833984
19970204,49.075077056884766,0.0,81.61492919921875
19970205,37.430145263671875,43.53408432006836,36.31172561645508
19970206,52.26931381225586,26.05421257019043,70.62830352783203
19970207,78.22285461425781,54.2484016418457,84.84098052978516
19970208,37.838260650634766,13.717015266418457,51.48604965209961
19970209,26.465255737304688,8.794596672058105,36.67781448364258
19970210,69.18138885498047,64.9114761352539,67.67822265625
19970211,45.473472595214844,48.82069396972656,46.53860855102539
19970212,63.45914840698242,37.958290100097656,84.42923736572266
19970213,39.240684509277344,32.59991455078125,38.06816482543945
19970214,38.008277893066406,46.63542938232422,29.17391586303711
19970215,48.10783004760742,41.10835647583008,57.14738464355469
19970216,38.3201904296875,25.46816062927246,49.5669059753418
19970217,43.415042877197266,34.625125885009766,43.32115936279297
19970218,57.3213005065918,66.16773223876953,50.17311096191406
19970219,90.88407135009766,99.97718048095703,78.17891693115234
19970220,66.7183837890625,59.86171340942383,72.12195587158203
19970221,53.632049560546875,69.19254302978516,36.72671890258789
19970222,35.10428237915039,44.540653228759766,21.22931671142578
19970223,45.007713317871094,44.86917495727539,52.395450592041016
19970224,43.07120895385742,39.03512191772461,45.58280563354492
19970225,36.54788589477539,19.873849868774414,49.730262756347656
19970226,56.20124435424805,72.50715637207031,49.48210525512695
19970227,65.46576690673828,58.73782730102539,76.2115707397461
19970228,52.0458869934082,24.416793823242188,71.28105926513672
19970301,29.517929077148438,32.696746826171875,21.817852020263672
19970302,42.632789611816406,76.5028076171875,14.18019962310791
19970303,86.79216766357422,50.472923278808594,120.28400421142578
19970304,67.95011138916016,47.418663024902344,90.40422058105469
19970305,66.82413482666016,44.41229248046875,84.67254638671875
19970306,70.05430603027344,93.11822509765625,49.93058395385742
19970307,74.93083953857422,112.05029296875,46.730506896972656
19970308,62.04601287841797,68.72781372070312,51.593204498291016
19970309,58.430641174316406,71.69327545166016,44.849449157714844
19970310,71.40864562988281,110.73818969726562,65.97614288330078
19970311,63.97663116455078,70.8663330078125,59.10952377319336
19970312,76.22399139404297,82.32181549072266,58.10075378417969
19970313,32.66831970214844,32.56776428222656,27.164731979370117
19970314,60.54301071166992,68.97903442382812,43.151493072509766
19970315,52.52832794189453,72.00413513183594,32.759212493896484
19970316,29.690105438232422,25.370330810546875,28.21514892578125
19970317,45.53357696533203,37.827850341796875,50.483463287353516
19970318,47.419166564941406,33.766578674316406,50.69639205932617
19970319,41.40709686279297,31.753570556640625,52.971229553222656
19970320,49.85990905761719,24.85321807861328,67.37262725830078
19970321,57.636253356933594,30.241497039794922,75.67317962646484
19970322,71.44754028320312,64.75238037109375,75.61383056640625
19970323,68.56543731689453,59.810089111328125,71.26788330078125
19970324,78.40396881103516,78.16263580322266,84.75396728515625
19970325,54.471824645996094,74.668212890625,33.97127151489258
19970326,50.86476135253906,44.36967468261719,58.15650939941406
19970327,56.76779556274414,53.26405334472656,61.08778381347656
19970328,59.277530670166016,76.47596740722656,40.592689514160156
19970329,70.48016357421875,84.31585693359375,58.60646057128906
19970330,47.73152160644531,38.06768035888672,63.50440979003906
19970331,55.51789855957031,83.0205078125,46.16487121582031
19970401,56.807159423828125,63.711341857910156,41.33232116699219
19970402,39.08634567260742,51.9547119140625,27.084598541259766
19970403,42.13637924194336,71.08822631835938,10.780837059020996
19970404,57.0585823059082,50.5626220703125,57.98955535888672
19970405,37.9960823059082,41.32268524169922,40.211734771728516
19970406,50.19042205810547,45.487205505371094,45.528987884521484
19970407,71.19298553466797,91.84850311279297,48.752281188964844
19970408,85.21074676513672,113.26460266113281,64.95079040527344
19970409,98.19864654541016,110.9492416381836,87.09893798828125
19970410,42.260433197021484,25.926368713378906,48.656593322753906
19970411,60.693138122558594,57.32177734375,58.436920166015625
19970412,35.30837631225586,12.799888610839844,53.38185501098633
19970413,21.821922302246094,26.105703353881836,21.774734497070312
19970414,57.03759002685547,52.48802185058594,51.07688903808594
19970415,76.63143157958984,83.3405990600586,63.721435546875
19970416,48.714229583740234,42.49374771118164,55.697689056396484
19970417,76.4183120727539,86.1200180053711,60.78142547607422
19970418,24.3795223236084,18.228361129760742,30.408506393432617
19970419,38.55558776855469,25.62460708618164,48.09027099609375
19970420,24.906524658203125,0.0,41.421112060546875
19970421,78.49686431884766,78.2552490234375,71.79985809326172
19970422,52.402198791503906,44.777915954589844,56.0238037109375
19970423,159.28932189941406,116.66866302490234,194.62637329101562
19970424,95.37142944335938,69.72377014160156,116.31301879882812
19970425,84.85992431640625,72.51318359375,85.68447875976562
19970426,51.557472229003906,77.09815979003906,37.512699127197266
19970427,57.03759002685547,61.23602294921875,72.96698760986328
19970428,45.848690032958984,30.47170639038086,50.83282470703125
19970429,105.3839111328125,91.05158996582031,105.1560287475586
19970430,78.87065887451172,112.3255615234375,74.95248413085938
19970501,62.06980514526367,71.64908599853516,48.89651870727539
19970502,58.1152229309082,25.749483108520508,75.17164611816406
19970503,39.55304718017578,39.43130111694336,32.88959884643555
19970504,37.785945892333984,25.113088607788086,41.893592834472656
19970505,72.10454559326172,84.56776428222656,49.37650680541992
19970506,43.113677978515625,35.81747817993164,47.800498962402344
19970507,21.793209075927734,31.037322998046875,10.355278015136719
19970508,58.356117248535156,75.28722381591797,34.252899169921875
19970509,59.208641052246094,37.27982711791992,72.55513763427734
19970510,50.24479675292969,64.40160369873047,47.74871063232422
19970511,56.2920036315918,69.06920623779297,43.20790481567383
19970512,52.13484191894531,47.97633743286133,53.35600662231445
19970513,60.0358772277832,35.20651626586914,70.47770690917969
19970514,86.47265625,59.6814079284668,105.09150695800781
19970515,80.87323760986328,77.39933013916016,86.0782470703125
19970516,54.45316696166992,54.285552978515625,65.40374755859375
19970517,29.753602981567383,32.95779800415039,21.992046356201172
19970518,33.888160705566406,42.22981262207031,28.179067611694336
19970519,60.74390411376953,72.6683120727539,47.143096923828125
19970520,52.41404724121094,48.769195556640625,52.30070114135742
19970521,48.618900299072266,58.16309356689453,43.123348236083984
19970522,51.65797424316406,32.18685531616211,64.4328384399414
19970523,59.84765625,65.6297836303711,49.765201568603516
19970524,30.297874450683594,20.136409759521484,39.19009780883789
19970525,35.28700637817383,26.383792877197266,36.67781448364258
19970526,66.4411849975586,56.774288177490234,71.03305053710938
19970527,95.0976333618164,63.203277587890625,118.61499786376953
19970528,54.833152770996094,45.01771926879883,59.005924224853516
19970529,69.01182556152344,89.43922424316406,45.90839767456055
19970530,77.41151428222656,64.31102752685547,85.82679748535156
19970531,37.181880950927734,20.218599319458008,44.97148895263672
19970601,17.833473205566406,17.778579711914062,22.24363899230957
19970602,40.44649124145508,32.25759506225586,40.359031677246094
19970603,28.556617736816406,28.468717575073242,23.7457218170166
19970604,50.573551177978516,69.32459259033203,42.05349349975586
19970605,34.96952438354492,31.692623138427734,31.72173309326172
19970606,40.549320220947266,62.19154739379883,20.749557495117188
19970607,29.130619049072266,24.89224624633789,27.683454513549805
19970608,30.835071563720703,26.34870719909668,29.30323028564453
19970609,30.743085861206055,15.324228286743164,38.345760345458984
19970610,31.382221221923828,41.71416473388672,23.195819854736328
19970611,47.370731353759766,53.97134017944336,33.76306915283203
19970612,38.48094177246094,25.574995040893555,47.99716567993164
19970613,46.14522171020508,59.14694595336914,27.407997131347656
19970614,26.687353134155273,26.605207443237305,27.739212036132812
19970615,42.30610275268555,50.611053466796875,35.17884826660156
19970616,62.81733703613281,100.19837188720703,20.893835067749023
19970617,44.41431427001953,66.4164047241211,24.621261596679688
19970618,45.466617584228516,32.376190185546875,59.41086959838867
19970619,38.55558776855469,38.436912536621094,32.0601806640625
19970620,50.42919158935547,50.27396774291992,41.93345260620117
19970621,25.59379005432129,29.160011291503906,30.402912139892578
19970622,39.85709762573242,26.489608764648438,44.18989944458008
19970623,68.34180450439453,32.061859130859375,93.59963989257812
19970624,43.8081169128418,33.594825744628906,61.6470832824707
19970625,40.93477249145508,31.391361236572266,47.13029098510742
19970626,48.049190521240234,50.71901321411133,47.00518798828125
19970627,28.15213394165039,12.473546028137207,36.41459274291992
19970628,45.28220748901367,34.725250244140625,46.342857360839844
19970629,25.64568519592285,25.56674575805664,21.325191497802734
19970630,29.88140869140625,25.533798217773438,28.39694595336914
19970701,42.378265380859375,49.28912353515625,29.365713119506836
19970702,36.149051666259766,19.656972885131836,43.722286224365234
19970703,41.28799819946289,25.329790115356445,58.10075378417969
19970704,29.217798233032227,0.0,48.591026306152344
19970705,49.441307067871094,45.497650146484375,44.27445602416992
19970706,53.27228927612305,57.93634033203125,48.32462692260742
19970707,79.8715591430664,50.2899169921875,97.87577056884766
19970708,48.00822830200195,44.17887878417969,42.99113845825195
19970709,35.758827209472656,38.88955307006836,32.43772888183594
19970710,52.41404724121094,34.835140228271484,63.92308807373047
19970711,54.833152770996094,19.29330825805664,75.09844970703125
19970712,42.423492431640625,28.19527244567871,47.035282135009766
19970713,13.197481155395508,26.313716888427734,0.0
19970714,46.27568435668945,61.510990142822266,32.066402435302734
19970715,46.304710388183594,42.61124038696289,47.389312744140625
19970716,63.02983093261719,69.81757354736328,52.411277770996094
19970717,55.7319450378418,62.505455017089844,46.342857360839844
19970718,63.510379791259766,46.653076171875,72.26750183105469
19970719,55.55669021606445,48.46247482299805,51.971771240234375
19970720,30.470399856567383,17.358060836791992,36.19584655761719
19970721,44.76443099975586,32.45573806762695,47.374759674072266
19970722,69.01182556152344,45.866268157958984,76.51399230957031
19970723,40.81192398071289,47.467350006103516,39.59245681762695
19970724,34.759368896484375,27.721899032592773,40.46490478515625
19970725,35.72377014160156,12.95047664642334,48.60889434814453
19970726,55.55669021606445,62.308895111083984,46.19712829589844
19970727,31.851613998413086,27.217348098754883,30.26927375793457
19970728,52.70915603637695,48.50484085083008,53.94377136230469
19970729,56.65737533569336,90.37275695800781,31.408252716064453
19970730,47.419166564941406,60.779842376708984,39.43052291870117
19970731,70.55522155761719,91.43946075439453,52.8019905090332
19970801,60.967506408691406,47.27320861816406,67.59518432617188
19970802,71.1614990234375,78.03670501708984,59.17301559448242
19970803,39.383235931396484,34.899566650390625,43.66452407836914
19970804,56.625091552734375,48.38639450073242,53.812042236328125
19970805,74.9758071899414,108.72003936767578,56.67703628540039
19970806,69.6649398803711,83.3405990600586,52.135719299316406
19970807,44.41431427001953,66.4164047241211,30.776578903198242
19970808,55.317928314208984,51.9036750793457,59.527584075927734
19970809,67.37425231933594,82.09284973144531,68.47354125976562
19970810,22.083786010742188,44.031620025634766,0.0
19970811,55.20946502685547,55.03952407836914,45.90839767456055
19970812,45.27427291870117,75.22486114501953,18.823488235473633
19970813,49.075077056884766,41.93487548828125,52.466739654541016
19970814,47.370731353759766,26.98567008972168,73.1533203125
19970815,36.73210144042969,13.31601333618164,55.53434753417969
19970816,25.013996124267578,28.499427795410156,17.82850456237793
19970817,30.153411865234375,60.12119674682617,7.163858890533447
19970818,29.88140869140625,0.0,49.69465255737305
19970819,56.59284210205078,60.17988967895508,50.19597244262695
19970820,57.23658752441406,49.927860260009766,53.54327392578125
19970821,44.811012268066406,54.98225021362305,40.128047943115234
19970822,43.76359939575195,26.848546981811523,50.387264251708984
19970823,51.41457748413086,43.93398666381836,48.86037826538086
19970824,61.917152404785156,52.908485412597656,73.55150604248047
19970825,34.15018081665039,42.556331634521484,42.595420837402344
19970826,20.34746742248535,16.227869033813477,20.303468704223633
19970827,39.5208740234375,21.49048614501953,47.800498962402344
19970828,55.440460205078125,55.26980972290039,51.863040924072266
19970829,63.52869415283203,66.34901428222656,55.34163284301758
19970830,47.68923568725586,58.51377868652344,36.60470199584961
19970831,44.46399688720703,35.461708068847656,44.36784744262695
19970901,33.2205924987793,56.774288177490234,15.785122871398926
19970902,30.778793334960938,30.684053421020508,25.593530654907227
19970903,53.321006774902344,53.15687942504883,44.33808898925781
19970904,40.52070617675781,47.12864303588867,28.078529357910156
19970905,70.48016357421875,83.03834533691406,69.2621841430664
19970906,54.78336715698242,65.53768920898438,48.591026306152344
19970907,8.07943344116211,8.054564476013184,6.718301773071289
19970908,40.52070617675781,50.49497604370117,25.270675659179688
19970909,34.375701904296875,43.61622619628906,31.183061599731445
19970910,43.18058395385742,73.79600524902344,30.776578903198242
19970911,58.87632369995117,24.71372413635254,77.30132293701172
19970912,59.33727264404297,41.15104293823242,72.9385757446289
19970913,41.63011169433594,47.43082809448242,34.61674499511719
19970914,31.81761932373047,42.29290771484375,17.63823127746582
19970915,42.333133697509766,28.135217666625977,52.8019905090332
19970916,45.09254455566406,41.495765686035156,46.14875411987305
19970917,51.15934371948242,31.876169204711914,69.12847137451172
19970918,40.895896911621094,37.63386154174805,36.6220817565918
19970919,29.68250846862793,23.67291259765625,29.61832046508789
19970920,29.142824172973633,25.824995040893555,26.925745010375977
19970921,37.17345428466797,24.706018447875977,48.0836067199707
19970922,33.994422912597656,52.71744155883789,12.563301086425781
19970923,57.69841003417969,33.83576965332031,73.378173828125
19970924,43.87506866455078,43.74001693725586,41.6954231262207
19970925,45.28901290893555,58.049495697021484,26.899452209472656
19970926,30.594663619995117,11.091087341308594,41.62977981567383
19970927,57.23658752441406,42.79530715942383,59.492523193359375
19970928,24.149946212768555,8.025203704833984,33.46906280517578
19970929,30.88641357421875,30.79134178161621,25.683019638061523
19970930,69.59175872802734,76.3153076171875,57.86772918701172
19971001,28.666452407836914,19.052143096923828,37.07986068725586
19971002,38.865867614746094,29.80479621887207,39.77622985839844
19971003,52.7281379699707,24.73686408996582,72.2154541015625
19971004,32.47615432739258,45.326663970947266,27.004940032958984
19971005,44.114097595214844,47.97633743286133,40.017005920410156
19971006,47.79509353637695,36.65229034423828,48.914608001708984
19971007,38.29557800292969,44.540653228759766,26.536645889282227
19971008,33.125675201416016,48.03449249267578,20.03275489807129
19971009,45.66958999633789,42.49374771118164,40.507408142089844
19971010,43.35821533203125,34.579803466796875,43.26445388793945
19971011,25.980924606323242,32.376190185546875,16.202964782714844
19971012,36.67049026489258,16.24782943725586,47.43303298950195
19971013,62.946659088134766,70.59700775146484,52.34211730957031
19971014,35.6190071105957,7.101873874664307,53.3129768371582
19971015,46.96457290649414,43.69867706298828,46.863014221191406
19971016,62.8968505859375,59.717384338378906,59.77223587036133
19971017,58.994972229003906,52.932044982910156,63.77301788330078
19971018,62.81315994262695,32.95779800415039,87.96818542480469
19971019,0.0,0.0,0.0
19971020,52.008914947509766,39.88370895385742,59.88051986694336
19971021,58.71155548095703,24.644561767578125,77.08499908447266
19971022,62.38357162475586,43.53408432006836,77.81084442138672
19971023,40.39716720581055,37.17491149902344,41.3433952331543
19971024,85.5644760131836,30.464677810668945,132.13487243652344
19971025,53.53009033203125,25.113088607788086,73.31378936767578
19971026,43.3272819519043,31.41375732421875,58.95489501953125
19971027,79.22998046875,30.08994483947754,106.66643524169922
19971028,73.1883316040039,57.101524353027344,84.67254638671875
19971029,51.854190826416016,24.326860427856445,71.01851654052734
19971030,58.9866828918457,6.190011978149414,92.93545532226562
19971031,75.94952392578125,29.121440887451172,106.87669372558594
19971101,58.39982223510742,32.344478607177734,75.5397720336914
19971102,34.62614440917969,7.671013355255127,51.18706130981445
19971103,51.41457748413086,36.61165237426758,67.18301391601562
19971104,81.59033203125,13.01427173614502,124.83465576171875
19971105,63.4260139465332,28.74126625061035,81.50838470458984
19971106,59.042015075683594,24.783273696899414,77.51886749267578
19971107,39.60371398925781,22.561033248901367,56.45439147949219
19971108,95.0976333618164,50.5626220703125,121.25089263916016
19971109,32.044185638427734,31.9455509185791,39.9686164855957
19971110,58.45708084106445,15.540570259094238,90.7365951538086
19971111,69.77323913574219,59.621551513671875,82.8837661743164
19971112,74.78986358642578,43.49312973022461,98.4676742553711
19971113,70.80767059326172,30.69118309020996,97.27802276611328
19971114,57.71023941040039,23.01304054260254,91.17695617675781
19971115,56.88247299194336,6.671457290649414,94.59911346435547
19971116,58.872650146484375,46.95314407348633,84.85437774658203
19971117,71.85613250732422,64.4714584350586,77.67581176757812
19971118,76.4438705444336,36.289794921875,96.86167907714844
19971119,63.878719329833984,36.389766693115234,80.94042205810547
19971120,78.48136901855469,45.63987731933594,97.88957214355469
19971121,92.93777465820312,33.08989334106445,143.521240234375
19971122,59.93789291381836,7.967120170593262,99.68047332763672
19971123,65.10248565673828,30.54216194152832,82.7943344116211
19971124,61.8345947265625,52.83794403076172,58.76274871826172
19971125,63.70322799682617,52.29999923706055,74.78291320800781
19971126,36.993141174316406,26.821290969848633,44.74320983886719
19971127,27.025609970092773,15.395670890808105,32.1037712097168
19971128,29.02931785583496,25.724411010742188,32.18505096435547
19971129,56.92919921875,63.84821319580078,53.255714416503906
19971130,55.28033447265625,42.39244079589844,56.57517623901367
19971201,72.01234436035156,71.79067993164062,59.88051986694336
19971202,55.35513687133789,34.85352325439453,67.8329849243164
19971203,51.87466049194336,59.102840423583984,45.189476013183594
19971204,43.220829010009766,49.24319076538086,35.93947219848633
19971205,47.76390838623047,50.41788101196289,51.398712158203125
19971206,22.231998443603516,11.081783294677734,27.729902267456055
19971207,32.436405181884766,24.25242042541504,40.457828521728516
19971208,36.888282775878906,14.709895133972168,55.2127685546875
19971209,36.511268615722656,26.471914291381836,44.16038131713867
19971210,29.76251220703125,5.93418025970459,44.5472297668457
19971211,40.24614715576172,24.690628051757812,51.48604965209961
19971212,36.77487564086914,22.561033248901367,42.34079360961914
19971213,38.59983444213867,34.98274612426758,46.68650436401367
19971214,50.00102233886719,58.15496826171875,48.506988525390625
19971215,41.562957763671875,33.14801788330078,48.38526153564453
19971216,61.7248649597168,68.37207794189453,62.731971740722656
19971217,49.12055969238281,36.727020263671875,51.056602478027344
19971218,29.31475830078125,29.224525451660156,29.251367568969727
19971219,45.838111877441406,30.464677810668945,50.821102142333984
19971220,42.2880973815918,28.105287551879883,46.885169982910156
19971221,29.766332626342773,33.91395568847656,21.21569061279297
19971222,42.86852264404297,23.310855865478516,58.33066940307617
19971223,70.40526580810547,35.09427261352539,99.52510833740234
19971224,37.303688049316406,44.62664031982422,37.223026275634766
19971225,72.96404266357422,72.73945617675781,60.6718864440918
19971226,57.93043518066406,42.00154495239258,61.308509826660156
19971227,46.920223236083984,65.48611450195312,23.409381866455078
19971228,35.571197509765625,26.59627914428711,36.97320556640625
19971229,28.140745162963867,16.030929565429688,33.428443908691406
19971230,25.87943458557129,17.19985008239746,28.6927490234375
19971231,58.73347091674805,46.84214401245117,65.11829376220703
19980101,31.041465759277344,17.683380126953125,36.87421417236328
19980102,60.01028060913086,103.6976547241211,13.306781768798828
19980103,53.77545166015625,78.62789154052734,29.81064796447754
19980104,45.77669143676758,33.189659118652344,48.446044921875
19980105,52.940582275390625,60.31727981567383,44.021751403808594
19980106,47.32239532470703,50.80571365356445,36.32312774658203
19980107,39.77354049682617,39.65111541748047,42.52235794067383
19980108,65.37962341308594,74.48957824707031,67.3093032836914
19980109,38.621864318847656,29.6176815032959,44.467323303222656
19980110,60.28940200805664,60.103824615478516,50.13252639770508
19980111,35.11555862426758,23.338314056396484,38.93291473388672
19980112,54.24510192871094,28.841670989990234,72.17041015625
19980113,86.47265625,39.78760528564453,116.15377044677734
19980114,78.20037078857422,43.65740966796875,104.04169464111328
19980115,57.47834014892578,30.158639907836914,85.52796936035156
19980116,73.87528228759766,58.91830825805664,83.54427337646484
19980117,52.43356704711914,43.047672271728516,56.423728942871094
19980118,40.29887771606445,24.104900360107422,60.31760025024414
19980119,58.6295166015625,43.836788177490234,73.12841796875
19980120,77.6107406616211,56.27043533325195,88.0033187866211
19980121,56.54877471923828,35.605079650878906,64.34600067138672
19980122,43.62468338012695,23.194881439208984,53.20376205444336
19980123,28.942211151123047,26.230112075805664,35.00560760498047
19980124,52.142269134521484,36.693016052246094,61.21119689941406
19980125,30.778793334960938,23.01304054260254,51.18706130981445
19980126,62.8968505859375,55.73622131347656,75.54546356201172
19980127,62.31563186645508,65.39349365234375,59.99909210205078
19980128,56.045223236083984,52.932044982910156,53.96178436279297
19980129,65.59539794921875,59.44862747192383,79.337646484375
19980130,41.338199615478516,10.989587783813477,59.58161163330078
19980131,37.907901763916016,23.256135940551758,48.49478530883789
19980201,40.85005187988281,37.022098541259766,43.232120513916016
19980202,76.61225128173828,43.643672943115234,97.07501983642578
19980203,73.68380737304688,51.10052490234375,85.24576568603516
19980204,79.7853012084961,35.35098648071289,108.1161117553711
19980205,77.36966705322266,45.70756149291992,100.0771255493164
19980206,50.55324172973633,37.13509750366211,70.79849243164062
19980207,53.717315673828125,29.7510929107666,69.48297882080078
19980208,48.223270416259766,44.37677001953125,61.691017150878906
19980209,82.72427368164062,64.54145812988281,113.64945220947266
19980210,93.53890991210938,38.58661651611328,139.4685516357422
19980211,95.97671508789062,82.01253509521484,118.57135772705078
19980212,54.48302459716797,27.15765953063965,67.95651245117188
19980213,69.06938171386719,44.06834030151367,82.70403289794922
19980214,81.90414428710938,42.33809280395508,105.94245910644531
19980215,58.94248580932617,47.00884246826172,78.42003631591797
19980216,75.73860931396484,55.6356201171875,86.18183135986328
19980217,101.82073211669922,81.20585632324219,124.1784439086914
19980218,101.64918518066406,95.3753433227539,119.32868957519531
19980219,92.9005355834961,58.214881896972656,114.77099609375
19980220,81.19038391113281,16.188095092773438,121.52223205566406
19980221,76.9648666381836,61.38236618041992,87.03822326660156
19980222,74.0456314086914,46.62171173095703,116.66133880615234
19980223,110.1740951538086,73.22330474853516,128.2584991455078
19980224,141.645263671875,38.511619567871094,208.7962188720703
19980225,89.92084503173828,23.133949279785156,135.07199096679688
19980226,43.709659576416016,24.900066375732422,51.922786712646484
19980227,92.49752807617188,34.579803466796875,124.9862060546875
19980228,45.6512336730957,22.75535774230957,61.68570327758789
19980301,61.70091247558594,61.510990142822266,76.95936584472656
19980302,70.00977325439453,66.12089538574219,73.53514099121094
19980303,76.34174346923828,59.56180953979492,77.28067016601562
19980304,58.01344680786133,23.133949279785156,82.00799560546875
19980305,64.95230865478516,50.67577362060547,70.44766998291016
19980306,51.984500885009766,46.06620788574219,57.63564682006836
19980307,73.27339172363281,48.69856262207031,96.47109985351562
19980308,68.77303314208984,76.17926788330078,69.89513397216797
19980309,72.01234436035156,43.07440948486328,89.8207778930664
19980310,68.44148254394531,61.40773010253906,68.2934799194336
19980311,38.7283821105957,46.33100891113281,34.35078811645508
19980312,84.0753173828125,67.05322265625,97.87577056884766
19980313,80.388671875,66.32377624511719,96.81101989746094
19980314,31.3690128326416,12.50898265838623,41.73490905761719
19980315,21.674379348754883,14.405108451843262,24.030567169189453
19980316,54.304386138916016,28.873191833496094,72.24928283691406
19980317,58.22274398803711,61.098453521728516,50.96214294433594
19980318,42.614505767822266,45.31555938720703,37.79765319824219
19980319,53.38319778442383,11.203973770141602,84.10698699951172
19980320,50.359981536865234,27.891647338867188,65.14029693603516
19980321,39.98456954956055,12.265073776245117,56.26655578613281
19980322,40.4420051574707,21.99137306213379,48.914608001708984
19980323,73.14818572998047,62.505455017089844,69.51428985595703
19980324,67.27651977539062,63.87565231323242,58.60646057128906
19980325,64.20835876464844,75.64904022216797,77.66001892089844
19980326,64.84175109863281,44.96846008300781,84.393310546875
19980327,49.51521301269531,9.872559547424316,74.1122055053711
19980328,47.63999557495117,50.65958023071289,47.53697967529297
19980329,31.928363800048828,15.915042877197266,39.82415008544922
19980330,67.74896240234375,85.31422424316406,41.510284423828125
19980331,56.03968048095703,31.037322998046875,72.48694610595703
19980401,49.61555099487305,23.276626586914062,67.95252227783203
19980402,67.78385925292969,52.88494873046875,73.51878356933594
19980403,52.86012268066406,58.55268478393555,43.95484924316406
19980404,57.28753662109375,67.18965148925781,44.83424377441406
19980405,14.465361595153809,14.420835494995117,12.028401374816895
19980406,44.513790130615234,36.98064422607422,43.18370819091797
19980407,68.94343566894531,58.912471771240234,70.9782943725586
19980408,23.96070671081543,11.943476676940918,34.86713790893555
19980409,38.34673309326172,41.169368743896484,34.339317321777344
19980410,54.24880599975586,60.84204864501953,39.47088623046875
19980411,24.434114456176758,20.879060745239258,23.22026252746582
19980412,16.139184951782227,16.089508056640625,20.13035774230957
19980413,53.42850875854492,35.509368896484375,59.23664093017578
19980414,69.81175231933594,62.63718032836914,69.66079711914062
19980415,57.954681396484375,30.408573150634766,71.01851654052734
19980416,40.08292770385742,17.125520706176758,57.13750076293945
19980417,61.235843658447266,23.256135940551758,87.29061126708984
19980418,42.60537338256836,28.316150665283203,47.236934661865234
19980419,40.130226135253906,14.547890663146973,54.604698181152344
19980420,30.70746421813965,30.612943649291992,25.534217834472656
19980421,64.1970443725586,44.79961013793945,69.39641571044922
19980422,48.7590446472168,24.304479598999023,60.817012786865234
19980423,67.66095733642578,44.96846008300781,79.70478820800781
19980424,75.15423583984375,69.15960693359375,81.72174835205078
19980425,60.503517150878906,54.285552978515625,80.49691009521484
19980426,36.80630874633789,18.346508026123047,45.90839767456055
19980427,65.37962341308594,50.694297790527344,66.44636535644531
19980428,72.841796875,69.15960693359375,92.2975082397461
19980429,50.145729064941406,29.40669059753418,78.4898681640625
19980430,56.64814376831055,37.6491813659668,76.26476287841797
19980501,74.76280975341797,40.13298416137695,95.64249420166016
19980502,43.504642486572266,37.17491149902344,41.3433952331543
19980503,47.32239532470703,44.031620025634766,47.220062255859375
19980504,88.3863754272461,84.28325653076172,89.47344207763672
19980505,55.645904541015625,45.68497848510742,59.88051986694336
19980506,54.94780731201172,31.302099227905273,69.62410736083984
19980507,66.51741790771484,53.050140380859375,66.37358093261719
19980508,63.01824188232422,27.314897537231445,86.57662963867188
19980509,63.75895690917969,23.113710403442383,101.21536254882812
19980510,44.98151779174805,38.436912536621094,58.77699661254883
19980511,99.13773345947266,74.9764404296875,136.4459991455078
19980512,150.18484497070312,45.19926452636719,226.2039031982422
19980513,199.97128295898438,57.78427505493164,294.00653076171875
19980514,167.0418243408203,40.99142074584961,264.97943115234375
19980515,154.13580322265625,53.916263580322266,238.34889221191406
19980516,139.13853454589844,26.675050735473633,209.14649963378906
19980517,84.93763732910156,12.096598625183105,131.16685485839844
19980518,112.9284439086914,20.4692440032959,170.73370361328125
19980519,119.8833999633789,56.61207580566406,178.3869171142578
19980520,96.73870086669922,46.759239196777344,131.6311492919922
19980521,84.0619888305664,47.139320373535156,117.95654296875
19980522,78.93546295166016,81.4060287475586,63.37395477294922
19980523,89.03101348876953,67.33287048339844,91.90188598632812
19980524,46.74994659423828,26.63202667236328,66.64122009277344
19980525,82.70536804199219,60.75321960449219,86.87002563476562
19980526,90.60633850097656,43.357173919677734,114.51985168457031
19980527,92.51315307617188,59.5021858215332,124.07674407958984
19980528,78.2283935546875,32.270729064941406,107.66790008544922
19980529,156.8079376220703,39.08131790161133,228.18374633789062
19980530,100.79358673095703,27.15765953063965,154.0347442626953
19980531,90.06981658935547,33.256507873535156,127.60037994384766
19980601,113.18568420410156,37.612430572509766,181.96038818359375
19980602,78.05296325683594,49.800132751464844,98.6532974243164
19980603,80.25435638427734,38.62422561645508,110.45629119873047
19980604,75.46940612792969,42.99263000488281,98.61526489257812
19980605,79.5235595703125,27.337509155273438,109.45048522949219
19980606,63.59204864501953,17.289901733398438,91.33607482910156
19980607,68.557373046875,31.0665225982666,93.28517150878906
19980608,126.3133544921875,119.6283187866211,131.29188537597656
19980609,70.48016357421875,44.96846008300781,98.4588623046875
19980610,110.41893005371094,49.53556823730469,151.49771118164062
19980611,94.7836685180664,67.84034729003906,113.17110443115234
19980612,107.56880950927734,93.4892807006836,114.67543029785156
19980613,93.87843322753906,74.87157440185547,107.0576400756836
19980614,66.31450653076172,81.8509521484375,68.27178192138672
19980615,94.83165740966797,78.23979187011719,103.327880859375
19980616,96.34500122070312,45.19926452636719,136.66485595703125
19980617,56.24053955078125,28.03371238708496,70.14865112304688
19980618,75.34468078613281,25.90095329284668,108.01976013183594
19980619,98.70928955078125,23.154224395751953,149.675048828125
19980620,46.8317756652832,49.800132751464844,41.53822708129883
19980621,56.9495849609375,63.08254623413086,52.61707305908203
19980622,49.98844528198242,59.801490783691406,38.79582595825195
19980623,69.8982162475586,36.356380462646484,85.92030334472656
19980624,88.18815612792969,49.453147888183594,109.99681854248047
19980625,73.03298950195312,31.203508377075195,99.7694320678711
19980626,57.45998001098633,40.098175048828125,66.89167785644531
19980627,38.44944763183594,47.176734924316406,29.512540817260742
19980628,39.87042236328125,13.24923324584961,60.78142547607422
19980629,52.803951263427734,56.150840759277344,52.68976593017578
19980630,39.836612701416016,30.549226760864258,40.76971435546875
19980701,69.13707733154297,53.94072723388672,79.98558807373047
19980702,59.37621307373047,31.154447555541992,77.95765686035156
19980703,70.32266998291016,22.13880157470703,104.64036560058594
19980704,56.045223236083984,41.169368743896484,58.867401123046875
19980705,35.542572021484375,35.43316650390625,41.37666702270508
19980706,56.487144470214844,40.2237663269043,60.39107131958008
19980707,56.38412857055664,21.078964233398438,76.18840026855469
19980708,70.35000610351562,42.68993377685547,91.56245422363281
19980709,51.84414291381836,43.52383804321289,54.454769134521484
19980710,67.54348754882812,29.276342391967773,92.79356384277344
19980711,45.690589904785156,45.549949645996094,48.84834289550781
19980712,32.60401153564453,26.0029239654541,32.53350830078125
19980713,53.98829650878906,38.44437026977539,64.13280487060547
19980714,35.12797164916992,28.01587677001953,35.05200958251953
19980715,75.00153350830078,49.84711456298828,98.7463607788086
19980716,56.336185455322266,16.848833084106445,79.63701629638672
19980717,33.864540100097656,18.414709091186523,40.959163665771484
19980718,42.21900177001953,32.376190185546875,43.20790481567383
19980719,43.02035903930664,46.18701171875,38.52452850341797
19980720,51.5112190246582,23.701229095458984,72.48694610595703
19980721,56.2087287902832,37.35714340209961,68.5510025024414
19980722,58.45708084106445,45.326663970947266,59.41086959838867
19980723,48.82192611694336,43.80448532104492,60.89543914794922
19980724,49.48747253417969,49.33514404296875,41.15038299560547
19980725,48.00822830200195,19.144182205200195,69.19526672363281
19980726,62.37738800048828,78.54995727539062,54.59868621826172
19980727,66.48600769042969,85.77587890625,52.03312683105469
19980728,76.2971420288086,57.046722412109375,89.87824249267578
19980729,39.72636795043945,24.37174415588379,45.73899459838867
19980730,63.70322799682617,31.753570556640625,84.75396728515625
19980731,52.00263214111328,46.65830993652344,60.53854751586914
19980801,57.554264068603516,31.876169204711914,69.12847137451172
19980802,56.88247299194336,66.71456909179688,44.517234802246094
19980803,72.18670654296875,55.97239303588867,73.36450958251953
19980804,112.1716079711914,139.7829132080078,99.10383605957031
19980805,112.51478576660156,112.16845703125,99.06307220458984
19980806,91.76087188720703,97.57699584960938,81.38884735107422
19980807,80.117919921875,67.58341217041016,92.24384307861328
19980808,84.43800354003906,97.12857055664062,70.21284484863281
19980809,94.93540954589844,128.44432067871094,90.21916198730469
19980810,98.02912902832031,105.87133026123047,108.68572235107422
19980811,101.06138610839844,149.2597198486328,105.82274627685547
19980812,86.41481018066406,95.72090911865234,95.80882263183594
19980813,64.66414642333984,64.46510314941406,58.65846633911133
19980814,57.0585823059082,82.16426086425781,36.902442932128906
19980815,82.32026672363281,85.34955596923828,71.18995666503906
19980816,62.938785552978516,92.46640014648438,55.0900764465332
19980817,145.2191925048828,219.11468505859375,78.32711791992188
19980818,94.86161804199219,105.91798400878906,88.34606170654297
19980819,79.32393646240234,82.24295806884766,73.87557983398438
19980820,62.95377731323242,59.771427154541016,79.76844024658203
19980821,202.74661254882812,323.39605712890625,160.80906677246094
19980822,214.45907592773438,348.65673828125,148.15060424804688
19980823,114.99752807617188,165.5962371826172,95.6240463256836
19980824,143.31256103515625,212.26612854003906,102.14476013183594
19980825,135.13230895996094,174.7671661376953,127.55144500732422
19980826,144.60955810546875,221.275634765625,83.89351654052734
19980827,66.35752868652344,74.09166717529297,75.04257202148438
19980828,85.59606170654297,96.71027374267578,75.92086791992188
19980829,55.81134796142578,78.54995727539062,54.59868621826172
19980830,64.88868713378906,77.62674713134766,48.561279296875
19980831,59.36501693725586,78.90971374511719,52.654788970947266
19980901,83.82318115234375,61.90011978149414,103.26162719726562
19980902,95.7562484741211,53.69709396362305,124.41300201416016
19980903,68.15982818603516,48.92401885986328,72.54660034179688
19980904,60.80762481689453,75.05389404296875,67.41792297363281
19980905,55.26364517211914,45.37114715576172,59.46916961669922
19980906,66.18831634521484,87.97944641113281,57.65850067138672
19980907,45.09683609008789,40.870933532714844,47.7265510559082
19980908,68.1999282836914,45.326663970947266,81.01481628417969
19980909,53.86288833618164,41.764408111572266,59.71824264526367
19980910,63.70322799682617,47.63035583496094,66.21403503417969
19980911,67.89208221435547,73.32335662841797,70.56798553466797
19980912,76.30219268798828,89.18238830566406,65.63551330566406
19980913,25.308242797851562,28.03371238708496,18.706308364868164
19980914,65.59539794921875,65.39349365234375,54.54462814331055
19980915,71.09901428222656,57.992862701416016,75.24497985839844
19980916,53.0010871887207,35.22529220581055,78.35033416748047
19980917,63.412872314453125,84.29023742675781,45.19696044921875
19980918,54.07112503051758,56.74177551269531,66.2595443725586
19980919,56.396759033203125,35.509368896484375,69.10942077636719
19980920,36.60295867919922,24.326860427856445,40.582008361816406
19980921,56.56465530395508,56.39054489135742,64.67351531982422
19980922,60.28619384765625,50.611053466796875,68.5987548828125
19980923,65.47753143310547,29.670900344848633,94.04415130615234
19980924,80.16585540771484,45.66805648803711,99.99063110351562
19980925,85.16352844238281,70.26321411132812,102.56130981445312
19980926,50.7187385559082,69.52360534667969,42.17422103881836
19980927,39.507686614990234,42.415775299072266,40.433082580566406
19980928,48.20784378051758,48.05945587158203,45.81295394897461
19980929,87.75013732910156,93.72860717773438,78.17891693115234
19980930,44.011085510253906,40.9505729675293,48.79545974731445
19981001,62.7164306640625,96.62703704833984,33.186790466308594
19981002,54.398258209228516,51.376564025878906,57.13750076293945
19981003,27.152193069458008,24.060993194580078,25.08655548095703
19981004,40.35930633544922,43.330081939697266,41.304649353027344
19981005,58.56473159790039,58.38446044921875,54.785709381103516
19981006,73.8982162475586,32.03076171875,96.1805419921875
19981007,68.12478637695312,50.93632125854492,80.25118255615234
19981008,60.22850036621094,34.31035232543945,76.31526184082031
19981009,74.6572036743164,66.1576919555664,73.57605743408203
19981010,52.142269134521484,24.46200942993164,66.31212615966797
19981011,50.19042205810547,41.206058502197266,63.829856872558594
19981012,32.979103088378906,21.918394088745117,54.846317291259766
19981013,60.967506408691406,60.779842376708984,78.86104583740234
19981014,53.38319778442383,50.41788101196289,51.398712158203125
19981015,67.95011138916016,50.80571365356445,80.04541015625
19981016,31.090654373168945,16.90633773803711,42.304664611816406
19981017,60.44831085205078,36.1573486328125,75.39700317382812
19981018,30.446395874023438,12.141071319580078,45.570838928222656
19981019,73.69059753417969,69.96549224853516,70.02975463867188
19981020,88.7294921875,131.04647827148438,60.118141174316406
19981021,57.269142150878906,66.1075210571289,55.140201568603516
19981022,57.410186767578125,57.23347091674805,62.05987548828125
19981023,81.20410919189453,72.57958984375,88.47941589355469
19981024,45.17137908935547,36.0258674621582,50.081886291503906
19981025,18.679893493652344,12.41493034362793,20.710556030273438
19981026,76.06355285644531,98.5782470703125,63.24922561645508
19981027,64.63546752929688,45.105560302734375,69.8703384399414
19981028,40.39716720581055,30.979093551635742,41.3433952331543
19981029,43.02035903930664,49.01478958129883,35.77277755737305
19981030,50.962581634521484,53.79428482055664,39.884220123291016
19981031,31.064146041870117,11.261282920837402,42.26860046386719
19981101,39.543968200683594,24.259843826293945,50.587764739990234
19981102,73.69059753417969,48.97584533691406,93.37300872802734
19981103,75.81000518798828,19.71565055847168,109.63198852539062
19981104,64.02442169189453,44.40163040161133,69.44127655029297
19981105,60.17877197265625,49.08561706542969,59.13880920410156
19981106,46.98677444458008,11.710536003112793,68.37420654296875
19981107,90.42495727539062,90.14662170410156,95.24217224121094
19981108,48.00822830200195,38.28836441040039,47.90441131591797
19981109,51.54410171508789,34.25696563720703,62.86212158203125
19981110,51.30792236328125,44.75624084472656,53.33018112182617
19981111,71.3300552368164,45.51071548461914,85.41097259521484
19981112,77.10286712646484,51.243690490722656,99.73204040527344
19981113,94.56291961669922,34.280670166015625,138.20175170898438
19981114,109.43303680419922,41.279640197753906,157.4002227783203
19981115,57.269142150878906,24.039098739624023,85.2166748046875
19981116,137.29026794433594,21.05656623840332,222.4678955078125
19981117,96.5763168334961,44.93022155761719,128.48997497558594
19981118,81.4327392578125,28.993600845336914,120.91764068603516
19981119,61.50655746459961,29.19868278503418,82.80559539794922
19981120,50.573551177978516,22.407947540283203,65.41654205322266
19981121,55.895904541015625,35.19401168823242,68.49565887451172
19981122,64.49246978759766,40.91433334350586,87.75410461425781
19981123,67.82196807861328,21.351539611816406,106.85574340820312
19981124,67.53450775146484,47.12864303588867,84.235595703125
19981125,62.27745819091797,17.73879051208496,98.63935089111328
19981126,41.0340576171875,44.62664031982422,43.42686080932617
19981127,64.35145568847656,54.98860549926758,71.34700012207031
19981128,38.40658187866211,38.28836441040039,42.58169937133789
19981129,60.53423309326172,53.642581939697266,61.52191162109375
19981130,50.906639099121094,50.749942779541016,48.3776741027832
19981201,41.931236267089844,32.155513763427734,48.2775764465332
19981202,67.71858978271484,61.88429641723633,65.69515228271484
19981203,41.61517333984375,16.594829559326172,64.59473419189453
19981204,39.65320587158203,30.408573150634766,50.727508544921875
19981205,41.728084564208984,44.79961013793945,32.02911376953125
19981206,51.19422912597656,60.043113708496094,40.06550979614258
19981207,28.28232765197754,14.097636222839355,41.1558723449707
19981208,67.60342407226562,32.093017578125,91.01372528076172
19981209,54.85392761230469,36.456722259521484,65.88510131835938
19981210,72.01234436035156,66.26831817626953,69.09290313720703
19981211,25.81221580505371,22.873567581176758,28.618221282958984
19981212,24.697616577148438,30.776994705200195,15.402630805969238
19981213,39.91045379638672,48.9693603515625,35.7396240234375
19981214,45.714839935302734,42.068424224853516,52.63383102416992
19981215,56.483097076416016,46.372314453125,66.30701446533203
19981216,86.93616485595703,59.771427154541016,104.69607543945312
19981217,155.8855438232422,116.55428314208984,222.2120819091797
19981218,208.00564575195312,179.51034545898438,242.66481018066406
19981219,119.4284439086914,119.06082916259766,125.44230651855469
19981220,94.82540893554688,75.62682342529297,115.64710998535156
19981221,140.8793182373047,121.4665298461914,158.3048095703125
19981222,116.29625701904297,97.23857116699219,143.49623107910156
19981223,111.34681701660156,69.37754821777344,133.0957794189453
19981224,53.2567138671875,42.47422790527344,59.04616928100586
19981225,71.2380142211914,56.81499099731445,71.08396911621094
19981226,94.06885528564453,120.57339477539062,78.22120666503906
19981227,73.69881439208984,46.403343200683594,90.31159210205078
19981228,61.917152404785156,96.99888610839844,66.19635772705078
19981229,93.67158508300781,84.89386749267578,99.1338119506836
19981230,92.23857116699219,87.95661926269531,106.7120132446289
19981231,87.94427490234375,116.89810180664062,67.03438568115234
19990101,61.51911544799805,37.74138641357422,78.70011138916016
19990102,42.56804275512695,23.1474609375,57.921810150146484
19990103,43.348758697509766,21.607664108276367,60.076416015625
19990104,54.94780731201172,62.60419845581055,39.16355895996094
19990105,60.68281555175781,85.40615844726562,41.55501174926758
19990106,62.192474365234375,71.79067993164062,43.549468994140625
19990107,68.02594757080078,64.86801147460938,59.025081634521484
19990108,70.80767059326172,61.38236618041992,92.15811920166016
19990109,58.1689338684082,67.14617919921875,56.00654602050781
19990110,76.72614288330078,99.76952362060547,72.12195587158203
19990111,71.62308502197266,71.40262603759766,65.51252746582031
19990112,76.66502380371094,70.05995178222656,79.68670654296875
19990113,76.01655578613281,64.12371826171875,77.79710388183594
19990114,94.64479064941406,35.38254928588867,137.72518920898438
19990115,75.97632598876953,36.356380462646484,96.02857208251953
19990116,77.87229919433594,77.63259887695312,74.71529388427734
19990117,63.70322799682617,76.20857238769531,58.26835250854492
19990118,66.01834869384766,61.94365692138672,64.58390808105469
19990119,69.46885681152344,87.48003387451172,54.725242614746094
19990120,50.333412170410156,68.99540710449219,26.15863037109375
19990121,26.955793380737305,23.886953353881836,24.90509796142578
19990122,68.17257690429688,61.78430938720703,77.30132293701172
19990123,70.35000610351562,48.78849792480469,91.56245422363281
19990124,47.41270446777344,31.51117706298828,52.56686782836914
19990125,100.27232360839844,21.420787811279297,154.8477783203125
19990126,68.79683685302734,48.009552001953125,80.08941650390625
19990127,50.64177322387695,11.879034042358398,74.31214904785156
19990128,58.94248580932617,47.00884246826172,63.716278076171875
19990129,71.36590576171875,71.146240234375,69.23348999023438
19990130,61.670143127441406,35.13160705566406,78.14195251464844
19990131,44.42140579223633,31.631908416748047,52.76826858520508
19990201,67.37425231933594,52.240901947021484,93.37300872802734
19990202,58.235416412353516,40.9808235168457,74.06111907958984
19990203,58.1689338684082,36.62519073486328,76.37256622314453
19990204,32.505123138427734,11.783661842346191,44.22932434082031
19990205,46.351226806640625,24.644561767578125,61.66799545288086
19990206,45.32120132446289,49.28912353515625,34.2599983215332
19990207,48.8246955871582,67.39533233642578,43.722286224365234
19990208,38.29557800292969,61.08432388305664,19.10638427734375
19990209,56.86811447143555,35.43316650390625,70.93142700195312
19990210,72.6042251586914,36.190372467041016,95.59008026123047
19990211,66.78563690185547,46.60604476928711,77.74809265136719
19990212,63.814788818359375,52.05138397216797,67.53599548339844
19990213,60.365699768066406,30.08994483947754,75.29395294189453
19990214,39.16336441040039,26.02854347229004,54.275936126708984
19990215,65.20802307128906,34.670562744140625,79.52635955810547
19990216,85.60568237304688,14.842118263244629,129.98782348632812
19990217,65.65449523925781,83.30306243896484,49.630699157714844
19990218,52.094032287597656,61.098453521728516,40.76971435546875
19990219,50.04823684692383,37.42063903808594,52.02084732055664
19990220,49.906856536865234,37.3149299621582,62.24867248535156
19990221,44.50666809082031,25.354097366333008,52.86955642700195
19990222,110.29637908935547,73.30458068847656,140.62950134277344
19990223,93.55577850341797,75.9959945678711,97.96353149414062
19990224,57.222862243652344,38.03114700317383,68.73042297363281
19990225,52.86012268066406,46.84214401245117,48.838722229003906
19990226,78.43966674804688,60.15248107910156,100.34622192382812
19990227,48.7590446472168,54.685081481933594,45.61275863647461
19990228,41.28799819946289,31.662235260009766,58.10075378417969
19990301,88.90205383300781,92.48180389404297,70.7107162475586
19990302,86.08544158935547,89.25328063964844,80.17266845703125
19990303,71.62308502197266,71.40262603759766,74.44605255126953
19990304,62.394256591796875,56.547454833984375,70.7492446899414
19990305,45.17137908935547,66.04742431640625,25.040943145751953
19990306,47.594364166259766,37.958290100097656,52.76826858520508
19990307,51.80648422241211,48.60895919799805,45.61275863647461
19990308,72.2603759765625,68.24647521972656,63.24922561645508
19990309,59.74571228027344,59.56180953979492,60.72052764892578
19990310,61.96979904174805,44.93022155761719,74.95248413085938
19990311,104.15059661865234,69.22000885009766,129.90672302246094
19990312,68.95197296142578,57.283111572265625,66.89167785644531
19990313,54.620418548583984,38.436912536621094,58.77699661254883
19990314,43.113677978515625,35.81747817993164,53.77556228637695
19990315,76.31046295166016,62.243648529052734,86.5289077758789
19990316,107.52838134765625,96.82345581054688,109.60328674316406
19990317,85.4856185913086,24.349281311035156,132.01307678222656
19990318,73.80944061279297,41.206058502197266,108.01976013183594
19990319,83.9724349975586,46.18701171875,110.75801849365234
19990320,73.0042495727539,78.84449768066406,70.82286834716797
19990321,62.501277923583984,38.943058013916016,77.95765686035156
19990322,74.9449691772461,89.65714263916016,68.5510025024414
19990323,99.03553009033203,88.51716613769531,107.90839385986328
19990324,131.06103515625,117.59185791015625,158.02296447753906
19990325,127.62957763671875,138.80369567871094,135.07199096679688
19990326,108.90633392333984,90.47592163085938,125.77643585205078
19990327,110.52125549316406,122.42340087890625,117.43019104003906
19990328,93.00946044921875,121.25336456298828,95.18803405761719
19990329,133.11122131347656,136.49295043945312,113.84860229492188
19990330,105.3128433227539,95.44425201416016,122.06857299804688
19990331,100.81727600097656,120.60834503173828,81.4375
19990401,121.0474853515625,111.84501647949219,122.74971771240234
19990402,89.62574768066406,85.77587890625,95.39407348632812
19990403,131.882080078125,146.9439239501953,116.11491394042969
19990404,65.75816345214844,81.94469451904297,68.34996795654297
19990405,131.882080078125,131.47613525390625,129.01657104492188
19990406,135.43093872070312,167.85533142089844,103.48412322998047
19990407,119.26436614990234,130.7869873046875,119.00646209716797
19990408,116.17818450927734,142.54840087890625,89.17457580566406
19990409,110.0328369140625,121.24090576171875,101.12689208984375
19990410,120.2796859741211,103.70547485351562,140.56349182128906
19990411,69.33280944824219,84.47926330566406,51.24658203125
19990412,92.87572479248047,92.58984375,109.4078598022461
19990413,142.84173583984375,142.4020538330078,152.71377563476562
19990414,126.71024322509766,156.39645385742188,140.48471069335938
19990415,145.2653045654297,139.64608764648438,150.99081420898438
19990416,107.31250762939453,135.13539123535156,93.93022155761719
19990417,83.5881576538086,86.41719055175781,82.377685546875
19990418,48.44024658203125,52.0058479309082,49.57487487792969
19990419,120.92337799072266,138.8164825439453,121.88069915771484
19990420,143.04269409179688,142.60240173339844,156.5059051513672
19990421,87.32604217529297,69.64579010009766,111.34197998046875
19990422,67.31720733642578,44.73999786376953,79.29985809326172
19990423,78.87065887451172,78.62789154052734,80.71806335449219
19990424,75.01285552978516,65.8081283569336,79.84069061279297
19990425,67.76612854003906,31.79178237915039,86.18183135986328
19990426,111.65958404541016,51.947410583496094,154.74740600585938
19990427,102.79238891601562,39.66812515258789,154.4066162109375
19990428,112.73136138916016,103.73941040039062,129.79336547851562
19990429,126.86429595947266,84.31585693359375,154.7210693359375
19990430,110.61824035644531,107.2972640991211,139.216796875
19990501,63.216941833496094,81.92906188964844,63.08024215698242
19990502,71.8479232788086,37.69830322265625,94.33232116699219
19990503,60.365699768066406,67.7023696899414,50.19597244262695
19990504,84.75653076171875,91.53694152832031,88.09713745117188
19990505,87.69393157958984,90.24413299560547,94.09064483642578
19990506,87.4698486328125,73.13599395751953,93.85021209716797
19990507,116.53712463378906,98.75164794921875,116.28512573242188
19990508,70.54839324951172,102.29998016357422,58.6631965637207
19990509,79.62903594970703,87.32231903076172,79.45684051513672
19990510,60.02387619018555,59.839115142822266,62.389671325683594
19990511,82.02548217773438,81.77300262451172,78.70011138916016
19990512,98.62285614013672,92.53579711914062,91.65599060058594
19990513,116.2304458618164,127.45994567871094,101.4817123413086
19990514,85.9327163696289,105.01264190673828,59.930625915527344
19990515,78.21883392333984,101.37149047851562,45.528987884521484
19990516,75.8024673461914,75.56913757324219,75.6385498046875
19990517,78.2496337890625,96.58228302001953,55.771728515625
19990518,89.87586975097656,89.5992202758789,90.74916076660156
19990519,56.00283432006836,55.83045196533203,69.85216522216797
19990520,72.83570098876953,63.898128509521484,77.5234146118164
19990521,96.5101089477539,90.55345153808594,108.57512664794922
19990522,103.61585998535156,93.90628814697266,125.32339477539062
19990523,41.739112854003906,15.13114070892334,56.79389190673828
19990524,41.3600959777832,29.98748207092285,50.02504348754883
19990525,109.61961364746094,68.3013687133789,142.4252166748047
19990526,137.89596557617188,85.53783416748047,183.46371459960938
19990527,108.9292984008789,72.39599609375,130.06088256835938
19990528,104.46272277832031,82.21671295166016,123.43834686279297
19990529,69.27422332763672,87.89581298828125,52.36698913574219
19990530,50.637977600097656,50.48210906982422,56.14275360107422
19990531,108.84150695800781,150.96554565429688,78.70011138916016
19990601,92.80900573730469,120.99205780029297,71.23716735839844
19990602,94.2368392944336,125.26236724853516,85.48460388183594
19990603,75.78800964355469,50.36981964111328,94.53015899658203
19990604,88.10020446777344,111.25009155273438,87.90969848632812
19990605,108.49761199951172,155.48524475097656,73.30307006835938
19990606,89.1100082397461,84.97329711914062,90.20597839355469
19990607,87.55685424804688,87.28734588623047,78.87345886230469
19990608,111.8881607055664,135.20455932617188,107.13525390625
19990609,96.9962158203125,117.20927429199219,83.09949493408203
19990610,84.43247985839844,84.1725845336914,70.208251953125
19990611,127.84352111816406,130.2822265625,122.84236907958984
19990612,79.24803161621094,50.5626220703125,89.6202163696289
19990613,69.091796875,76.53236389160156,57.45199203491211
19990614,98.04640197753906,104.72635650634766,93.17560577392578
19990615,87.5140151977539,77.55079650878906,86.24669647216797
19990616,88.03083801269531,84.50950622558594,86.75602722167969
19990617,83.02892303466797,45.66805648803711,123.79792785644531
19990618,88.02217102050781,81.9011459350586,92.71138000488281
19990619,44.125545501708984,75.41094970703125,15.725045204162598
19990620,48.9356575012207,37.526947021484375,56.34212112426758
19990621,74.39991760253906,77.7028579711914,64.81185913085938
19990622,57.995521545410156,54.41600799560547,51.06186294555664
19990623,72.40584564208984,78.19822692871094,60.207733154296875
19990624,80.30467224121094,85.77587890625,66.77584838867188
19990625,80.65866088867188,94.27424621582031,78.634033203125
19990626,82.81419372558594,112.28063201904297,71.61710357666016
19990627,44.00754165649414,47.86045455932617,46.573734283447266
19990628,66.17782592773438,102.62641143798828,30.57162857055664
19990629,95.64680480957031,95.3523941040039,100.74220275878906
19990630,31.170438766479492,11.299816131591797,51.83839416503906
19990701,69.79949951171875,34.79232406616211,91.89739990234375
19990702,77.97946166992188,43.53408432006836,108.93517303466797
19990703,43.236328125,33.15633773803711,49.78018569946289
19990704,38.71832275390625,34.31035232543945,35.77277755737305
19990705,53.64482116699219,35.65312957763672,59.476463317871094
19990706,44.81489562988281,59.56926345825195,37.26498794555664
19990707,58.76637649536133,24.667572021484375,87.44457244873047
19990708,54.55280685424805,72.51318359375,40.322105407714844
19990709,81.17507934570312,105.82528686523438,72.69190216064453
19990710,60.78105545043945,67.32662963867188,44.9256477355957
19990711,69.10179901123047,94.72251892089844,43.095237731933594
19990712,94.64479064941406,106.66043853759766,75.27836608886719
19990713,80.14276123046875,99.8700942993164,72.19465637207031
19990714,77.32418060302734,67.83583068847656,82.30076599121094
19990715,101.2835464477539,53.45564651489258,138.7160186767578
19990716,75.41747283935547,52.05138397216797,86.83199310302734
19990717,41.887054443359375,48.71780776977539,40.63546371459961
19990718,40.54550552368164,56.5889778137207,26.971885681152344
19990719,56.21327209472656,72.0517349243164,46.74309539794922
19990720,77.6107406616211,49.23663330078125,93.87020111083984
19990721,68.26976776123047,47.3458251953125,74.0457992553711
19990722,57.87630844116211,54.30415344238281,56.61878204345703
19990723,45.24482727050781,12.88730239868164,64.49569702148438
19990724,51.06733322143555,61.09217071533203,62.280662536621094
19990725,28.451499938964844,16.207956314086914,33.79759216308594
19990726,76.28943634033203,80.05747985839844,60.098262786865234
19990727,87.84709930419922,58.38446044921875,109.57141876220703
19990728,49.349239349365234,12.299334526062012,71.81201934814453
19990729,59.25881576538086,59.076412200927734,54.20311737060547
19990730,38.74348068237305,38.62422561645508,42.95522689819336
19990731,44.99831008911133,55.212059020996094,34.53923034667969
19990801,36.4018440246582,16.12879753112793,53.812042236328125
19990802,56.694313049316406,88.81683349609375,40.40837097167969
19990803,90.01542663574219,57.43254089355469,113.77297973632812
19990804,73.88626861572266,24.552946090698242,102.39791107177734
19990805,39.12481689453125,26.0029239654541,43.378013610839844
19990806,63.15667724609375,56.666046142578125,73.52345275878906
19990807,55.372318267822266,38.966033935546875,59.58612060546875
19990808,61.495689392089844,73.56768035888672,40.90847396850586
19990809,94.41023254394531,114.5804214477539,75.09180450439453
19990810,87.67440795898438,83.60433959960938,82.4132308959961
19990811,79.37950134277344,79.13516235351562,86.31624603271484
19990812,71.07188415527344,67.77254486083984,77.08499908447266
19990813,84.4563980102539,81.07804870605469,88.43543243408203
19990814,106.63509368896484,89.16059112548828,114.4134521484375
19990815,24.267894744873047,32.25759506225586,26.906021118164062
19990816,81.29000091552734,97.24774932861328,60.835670471191406
19990817,68.26332092285156,50.144466400146484,83.65087890625
19990818,67.74896240234375,56.87614440917969,83.02056884765625
19990819,48.919776916503906,55.73622131347656,34.86713790893555
19990820,63.82011413574219,54.53457260131836,70.75789642333984
19990821,51.49068832397461,82.13151550292969,17.126449584960938
19990822,37.83389663696289,41.90826416015625,27.96450424194336
19990823,56.14521408081055,74.6298599243164,49.7989387512207
19990824,77.72505187988281,36.89800262451172,104.64036560058594
19990825,66.18517303466797,59.383296966552734,77.04905700683594
19990826,50.19042205810547,75.05389404296875,31.301179885864258
19990827,60.22850036621094,50.5626220703125,68.53311157226562
19990828,46.205345153808594,21.25990104675293,65.02047729492188
19990829,32.044185638427734,23.95916175842285,39.9686164855957
19990830,81.36131286621094,100.42298889160156,57.98955535888672
19990831,55.67340850830078,15.857725143432617,79.3614501953125
19990901,55.62147521972656,61.61140441894531,51.38999557495117
19990902,67.7236099243164,93.93412017822266,53.86585235595703
19990903,74.18603515625,83.60433959960938,75.09844970703125
19990904,41.278099060058594,20.57552146911621,51.48604965209961
19990905,41.098854064941406,32.77787780761719,61.51497268676758
19990906,108.60877227783203,108.27445983886719,105.36353302001953
19990907,91.27626037597656,75.82942199707031,107.52368927001953
19990908,73.61261749267578,67.27052307128906,66.31212615966797
19990909,53.69917678833008,26.76694107055664,66.97881317138672
19990910,66.92056274414062,38.916831970214844,83.46981811523438
19990911,82.26051330566406,50.46603775024414,94.71073150634766
19990912,53.12250900268555,68.09012603759766,37.86259460449219
19990913,107.21479797363281,81.08500671386719,129.11737060546875
19990914,95.81807708740234,88.7000503540039,125.20471954345703
19990915,60.66973876953125,60.482994079589844,60.53854751586914
19990916,39.836612701416016,36.6590690612793,45.865928649902344
19990917,70.6681137084961,76.32146453857422,73.45343780517578
19990918,96.76439666748047,90.03543853759766,101.91931915283203
19990919,62.280941009521484,69.85038757324219,58.262123107910156
19990920,110.30032348632812,106.41368103027344,106.51142883300781
19990921,66.46122741699219,27.897541046142578,93.07721710205078
19990922,77.75981140136719,55.814727783203125,93.10999298095703
19990923,66.75199127197266,61.000980377197266,69.38296508789062
19990924,62.18130874633789,56.354461669921875,70.50777435302734
19990925,83.69947052001953,57.76742935180664,96.36748504638672
19990926,76.50271606445312,45.76034164428711,95.42161560058594
19990927,65.59539794921875,58.12754821777344,72.7261734008789
19990928,75.28562927246094,61.40773010253906,91.05797576904297
19990929,68.87517547607422,78.4721908569336,59.99909210205078
19990930,37.577117919921875,28.816503524780273,38.45729446411133
19991001,90.71519470214844,58.34578323364258,107.06552124023438
19991002,93.72142791748047,103.09841918945312,85.9942626953125
19991003,45.75369644165039,66.89886474609375,30.436508178710938
19991004,50.73954772949219,57.80956268310547,48.21888732910156
19991005,62.4423713684082,62.25016784667969,62.307342529296875
19991006,79.07986450195312,70.07684326171875,77.93468475341797
19991007,91.77677154541016,62.902313232421875,119.24259185791016
19991008,72.01234436035156,63.81393814086914,84.27628326416016
19991009,73.34098052978516,79.20816802978516,60.98532485961914
19991010,44.294124603271484,31.54127311706543,57.878780364990234
19991011,110.66484832763672,95.61431884765625,116.56029510498047
19991012,64.88868713378906,32.344478607177734,86.33116149902344
19991013,76.04608917236328,36.389766693115234,101.17552947998047
19991014,103.60767364501953,34.429588317871094,153.16094970703125
19991015,88.75505828857422,45.66805648803711,114.2750015258789
19991016,98.43058776855469,90.5793228149414,88.14412689208984
19991017,69.60504913330078,37.84952926635742,89.44902801513672
19991018,77.11798095703125,62.902313232421875,99.10383605957031
19991019,81.91314697265625,52.26304626464844,103.53228759765625
19991020,48.624847412109375,42.415775299072266,50.541351318359375
19991021,46.20844268798828,28.791379928588867,57.63564682006836
19991022,70.42022705078125,73.01161193847656,60.898895263671875
19991023,43.02035903930664,55.141632080078125,35.77277755737305
19991024,52.33610534667969,42.96765899658203,56.31885528564453
19991025,62.24031066894531,55.15442657470703,63.255828857421875
19991026,120.3111801147461,87.95661926269531,140.05950927734375
19991027,74.07351684570312,70.89169311523438,68.98578643798828
19991028,78.48403930664062,80.94047546386719,76.51399230957031
19991029,63.04194259643555,57.13445281982422,61.95250701904297
19991030,61.11748123168945,91.39403533935547,45.73899459838867
19991031,39.83047103881836,46.32585144042969,33.12028503417969
19991101,78.87065887451172,85.77587890625,71.5455551147461
19991102,45.422080993652344,38.81337356567383,43.16558074951172
19991103,52.71255111694336,11.063220024108887,83.05036926269531
19991104,53.38319778442383,44.815895080566406,60.74393081665039
19991105,37.577117919921875,34.579803466796875,38.45729446411133
19991106,57.3213005065918,54.137229919433594,55.19042205810547
19991107,26.955793380737305,17.91521453857422,39.8481559753418
19991108,44.76443099975586,34.328182220458984,45.81295394897461
19991109,50.34297561645508,26.76694107055664,78.14195251464844
19991110,55.6511344909668,52.83794403076172,57.293678283691406
19991111,65.28624725341797,56.59591293334961,66.0892105102539
19991112,44.011085510253906,40.9505729675293,53.67500686645508
19991113,59.042015075683594,68.15399932861328,62.01509475708008
19991114,18.403154373168945,24.46200942993164,15.302799224853516
19991115,79.04991149902344,60.043113708496094,93.9035415649414
19991116,64.76183319091797,45.19374084472656,75.39208984375
19991117,44.241302490234375,38.591983795166016,45.985042572021484
19991118,61.69154739379883,48.1317253112793,75.8324966430664
19991119,54.82472610473633,46.02608108520508,57.585445404052734
19991120,78.79561614990234,50.27396774291992,89.10858917236328
19991121,38.39646530151367,41.758121490478516,34.83039855957031
19991122,48.35865020751953,75.75825500488281,28.722667694091797
19991123,90.525634765625,100.27442932128906,78.06285858154297
19991124,90.94403839111328,104.40108489990234,73.33121490478516
19991125,61.52374267578125,51.64999008178711,59.23664093017578
19991126,70.54839324951172,57.54374313354492,69.32923889160156
19991127,54.69668197631836,54.5283203125,51.16725158691406
19991128,40.29887771606445,48.209800720214844,46.913692474365234
19991129,75.61296081542969,64.61161041259766,77.84467315673828
19991130,91.40291595458984,75.41094970703125,89.10858917236328
19991201,30.87986946105957,22.388957977294922,32.6805534362793
19991202,51.401912689208984,28.468717575073242,66.48802185058594
19991203,50.1060676574707,27.751020431518555,69.44127655029297
19991204,71.37755584716797,58.220062255859375,75.5397720336914
19991205,67.28034973144531,71.01873779296875,59.23664093017578
19991206,56.56465530395508,21.146453857421875,82.3117446899414
19991207,77.11443328857422,53.479698181152344,94.79061126708984
19991208,65.39833068847656,28.346534729003906,104.03276062011719
19991209,80.59099578857422,49.86802291870117,110.91960906982422
19991210,98.10740661621094,57.53260040283203,129.5672607421875
19991211,108.23240661621094,78.4721908569336,136.361572265625
19991212,69.8199234008789,77.33890533447266,109.6640853881836
19991213,82.27760314941406,71.32551574707031,95.18803405761719
19991214,112.2904281616211,118.52977752685547,109.85059356689453
19991215,103.08242797851562,99.9876937866211,106.56616973876953
19991216,76.70611572265625,107.62444305419922,51.971771240234375
19991217,61.39799118041992,58.29428482055664,72.9347915649414
19991218,154.5586395263672,149.91848754882812,194.5172882080078
19991219,74.82186126708984,88.15364837646484,62.21672058105469
19991220,115.09465026855469,157.76800537109375,113.64945220947266
19991221,91.4063949584961,102.06004333496094,91.20873260498047
19991222,89.86385345458984,98.85489654541016,97.9150161743164
19991223,70.55164337158203,100.47782897949219,61.45951461791992
19991224,83.07379913330078,103.52261352539062,92.10462188720703
19991225,140.53317260742188,220.15809631347656,66.77584838867188
19991226,115.0530014038086,162.49005126953125,87.69766235351562
19991227,119.66583251953125,162.6783905029297,117.59786987304688
19991228,187.31781005859375,275.1976013183594,172.156494140625
19991229,121.98178100585938,152.00787353515625,139.4685516357422
19991230,83.77410888671875,62.63718032836914,98.68611907958984
19991231,68.72547149658203,41.10835647583008,85.7210693359375
20000101,123.07842254638672,112.1824722290039,122.81227111816406
20000102,50.317481994628906,75.24390411376953,27.893709182739258
20000103,101.01858520507812,92.3153305053711,98.00013732910156
20000104,93.75191497802734,116.82917022705078,71.461181640625
20000105,47.5650749206543,47.418663024902344,56.50264358520508
20000106,52.012840270996094,51.85273742675781,59.46916961669922
20000107,41.66751480102539,41.53926086425781,54.446617126464844
20000108,77.9427719116211,123.02952575683594,54.00988006591797
20000109,57.643287658691406,53.63479995727539,57.51864242553711
20000110,65.59539794921875,58.12754821777344,72.7261734008789
20000111,55.51789855957031,49.19733810424805,61.553157806396484
20000112,50.74571990966797,33.72634506225586,65.63924407958984
20000113,65.70381927490234,60.043113708496094,72.84638214111328
20000114,59.25376892089844,61.88429641723633,56.31013107299805
20000115,52.719913482666016,40.87815856933594,73.06376647949219
20000116,51.449676513671875,71.01873779296875,46.07294464111328
20000117,54.12692642211914,57.55766677856445,48.00878143310547
20000118,66.3211669921875,48.71780776977539,87.07599639892578
20000119,82.59296417236328,47.05070495605469,112.82918548583984
20000120,61.08675003051758,49.82622146606445,69.26665496826172
20000121,75.08871459960938,69.09931182861328,81.65050506591797
20000122,74.1619644165039,86.25596618652344,87.36299133300781
20000123,54.94780731201172,54.77867126464844,45.69082260131836
20000124,90.75527954101562,104.39530181884766,69.66079711914062
20000125,60.57631301879883,69.92508697509766,53.022212982177734
20000126,74.37543487548828,74.14649963378906,71.3602066040039
20000127,66.86427307128906,61.10358810424805,69.49967956542969
20000128,48.634761810302734,43.09783172607422,44.934810638427734
20000129,45.107303619384766,61.83163070678711,32.81962203979492
20000130,59.93789291381836,55.76984405517578,59.808284759521484
20000131,79.29976654052734,71.86880493164062,83.92394256591797
20000201,84.93763732910156,94.08465576171875,78.47589111328125
20000202,64.04810333251953,66.40499114990234,59.64896011352539
20000203,53.7020378112793,61.989906311035156,51.70570373535156
20000204,61.499149322509766,66.88346862792969,69.7342758178711
20000205,62.11064529418945,64.86801147460938,49.18756866455078
20000206,59.22349548339844,55.10512161254883,65.66159057617188
20000207,79.90843200683594,101.38859558105469,54.365203857421875
20000208,124.30528259277344,160.7645263671875,89.39566040039062
20000209,76.97016143798828,85.2591552734375,75.85552978515625
20000210,61.44278335571289,58.590457916259766,66.64122009277344
20000211,92.17093658447266,122.51631164550781,65.03044128417969
20000212,80.7943344116211,92.05216217041016,62.38423156738281
20000213,62.79749298095703,62.60419845581055,52.218082427978516
20000214,76.27622985839844,137.5988006591797,18.121736526489258
20000215,79.7408447265625,66.24616241455078,93.93492889404297
20000216,65.10549926757812,57.11648178100586,69.29569244384766
20000217,65.00541687011719,48.6039924621582,72.07205200195312
20000218,48.79865646362305,68.68016052246094,28.643020629882812
20000219,55.064552307128906,52.0058479309082,48.197792053222656
20000220,45.37763977050781,60.31727981567383,31.444108963012695
20000221,41.14990997314453,24.61394691467285,47.90441131591797
20000222,63.036495208740234,62.84246063232422,73.383544921875
20000223,54.12692642211914,32.376190185546875,67.5123519897461
20000224,34.869136810302734,21.391878128051758,40.14661407470703
20000225,64.51232147216797,67.11000061035156,60.64106750488281
20000226,48.588138580322266,62.685218811035156,28.519453048706055
20000227,35.07424545288086,31.081140518188477,38.88711166381836
20000228,65.23656463623047,108.39293670654297,36.16416549682617
20000229,46.96457290649414,31.213340759277344,52.07001876831055
20000301,58.6295166015625,63.76259994506836,53.18430709838867
20000302,29.38568115234375,26.63202667236328,31.0992374420166
20000303,51.75886917114258,65.17837524414062,36.243473052978516
20000304,45.37763977050781,72.38074493408203,20.12422752380371
20000305,33.34799575805664,29.551420211791992,36.97320556640625
20000306,55.84939956665039,55.677490234375,58.0506591796875
20000307,44.294124603271484,44.157779693603516,52.61707305908203
20000308,47.045654296875,27.58873176574707,55.228145599365234
20000309,64.90140533447266,46.585174560546875,73.3958740234375
20000310,39.401824951171875,44.89204788208008,28.08329963684082
20000311,55.8463020324707,41.02324676513672,68.43487548828125
20000312,45.848690032958984,30.47170639038086,50.83282470703125
20000313,40.68660354614258,33.80113983154297,39.47088623046875
20000314,55.81134796142578,85.09578704833984,32.759212493896484
20000315,41.7989616394043,15.626363754272461,56.48036193847656
20000316,68.68162536621094,47.40245819091797,87.86295318603516
20000317,73.13109588623047,54.004432678222656,81.08106231689453
20000318,43.132389068603516,22.933134078979492,52.603370666503906
20000319,50.573551177978516,28.810216903686523,66.08406066894531
20000320,67.38628387451172,42.42875289916992,94.37271881103516
20000321,59.15299606323242,39.31394577026367,71.04871368408203
20000322,63.19683837890625,47.25173568725586,74.44605255126953
20000323,48.20227813720703,37.37525939941406,57.89579391479492
20000324,54.70797348022461,43.63166046142578,68.2370834350586
20000325,42.761199951171875,34.10366439819336,47.40970230102539
20000326,38.698219299316406,30.86328125,38.61453628540039
20000327,57.174842834472656,56.99885559082031,47.54267501831055
20000328,77.33621215820312,64.24846649169922,85.7433090209961
20000329,20.817394256591797,15.564987182617188,21.63789176940918
20000330,48.7939567565918,21.61945152282715,67.62284088134766
20000331,47.135353088378906,26.105703353881836,56.61430740356445
20000401,33.80171203613281,12.253697395324707,45.993568420410156
20000402,49.498138427734375,22.774974822998047,63.32192611694336
20000403,33.940242767333984,33.83576965332031,28.222373962402344
20000404,36.67049026489258,42.650550842285156,30.49266242980957
20000405,24.159730911254883,26.761516571044922,17.857398986816406
20000406,26.671236038208008,37.224796295166016,22.177968978881836
20000407,44.91617202758789,50.37515640258789,42.01785659790039
20000408,23.49338722229004,29.276342391967773,19.53548812866211
20000409,57.178958892822266,53.202762603759766,50.71583557128906
20000410,36.20292282104492,43.30978775024414,24.083093643188477
20000411,65.55722045898438,23.066621780395508,102.61248016357422
20000412,51.269317626953125,34.074337005615234,56.84272384643555
20000413,44.20223617553711,31.105539321899414,47.56599807739258
20000414,53.292789459228516,44.73999786376953,60.64106750488281
20000415,60.967506408691406,46.308448791503906,77.25164031982422
20000416,55.026039123535156,29.25688934326172,67.1086196899414
20000417,51.45736312866211,32.061859130859375,58.83406448364258
20000418,43.99995040893555,31.331796646118164,47.04085922241211
20000419,63.814788818359375,52.05138397216797,72.35999298095703
20000420,37.8270378112793,43.09783172607422,26.960886001586914
20000421,32.895408630371094,26.235322952270508,38.294986724853516
20000422,51.45736312866211,25.649486541748047,69.53116607666016
20000423,54.23599624633789,58.22821044921875,62.444671630859375
20000424,106.61137390136719,83.50823974609375,120.31166076660156
20000425,76.35995483398438,50.749942779541016,102.80255126953125
20000426,42.18040466308594,44.853939056396484,32.73603820800781
20000427,51.80146789550781,27.180009841918945,68.01244354248047
20000428,66.14111328125,71.43231964111328,64.16481018066406
20000429,63.15667724609375,75.55472564697266,68.27178192138672
20000430,50.78228759765625,62.308895111083984,45.47529983520508
20000501,64.5305404663086,50.03593063354492,89.43194580078125
20000502,42.46881866455078,63.50714111328125,35.314151763916016
20000503,76.36284637451172,73.50270080566406,83.20440673828125
20000504,75.8204116821289,93.8321762084961,52.1768684387207
20000505,90.94403839111328,115.39067077636719,77.91441345214844
20000506,86.44165802001953,123.10797882080078,56.476314544677734
20000507,43.482391357421875,47.28932571411133,46.01796340942383
20000508,95.9649429321289,99.2128677368164,100.48619079589844
20000509,102.91472625732422,115.42268371582031,85.57682037353516
20000510,93.15740966796875,109.25959014892578,95.68995666503906
20000511,93.48970794677734,100.75885009765625,92.44711303710938
20000512,97.10206604003906,105.10059356689453,78.43645477294922
20000513,89.28753662109375,100.88106536865234,69.29569244384766
20000514,30.60108757019043,38.13361740112305,25.445762634277344
20000515,76.79293060302734,62.63718032836914,92.88105010986328
20000516,117.20443725585938,110.69401550292969,138.49461364746094
20000517,31.423566818237305,36.5479850769043,39.194522857666016
20000518,98.052001953125,105.67588806152344,88.14412689208984
20000519,104.28962707519531,82.08047485351562,114.10537719726562
20000520,65.96455383300781,80.05747985839844,52.466739654541016
20000521,73.3796615600586,62.703250885009766,75.54546356201172
20000522,116.4161148071289,140.67608642578125,111.47087097167969
20000523,86.82132720947266,93.21208953857422,77.74809265136719
20000524,89.771484375,107.3941879272461,69.67127990722656
20000525,46.98677444458008,67.66087341308594,34.72975540161133
20000526,75.10903930664062,77.4598388671875,64.60916137695312
20000527,61.50655746459961,40.87815856933594,73.06376647949219
20000528,69.65679931640625,23.1474609375,102.97209930419922
20000529,112.73136138916016,95.09446716308594,144.21485900878906
20000530,78.78133392333984,97.23857116699219,68.62863159179688
20000531,82.66657257080078,52.979217529296875,98.19977569580078
20000601,114.40997314453125,74.27019500732422,146.02188110351562
20000602,64.7315673828125,50.50355529785156,74.88880157470703
20000603,74.67465209960938,53.60025405883789,79.48072814941406
20000604,74.83802795410156,47.120635986328125,124.46033477783203
20000605,108.49020385742188,100.94584655761719,132.31240844726562
20000606,89.44252014160156,76.42903900146484,100.93649291992188
20000607,67.75706481933594,65.04670715332031,83.46981811523438
20000608,49.01774597167969,30.86328125,55.77655792236328
20000609,50.47216033935547,52.965057373046875,53.01370620727539
20000610,91.93339538574219,106.4327392578125,69.04754638671875
20000611,60.57266616821289,75.48277282714844,50.36806869506836
20000612,52.916419982910156,35.16902160644531,58.66887664794922
20000613,71.87647247314453,99.69422912597656,57.168949127197266
20000614,40.82868957519531,43.41654968261719,31.68697738647461
20000615,67.55039978027344,46.62171173095703,77.77422332763672
20000616,77.17451477050781,82.85519409179688,69.10942077636719
20000617,57.530879974365234,72.44690704345703,55.392215728759766
20000618,57.71023941040039,38.35506820678711,70.38220977783203
20000619,67.1705322265625,28.19527244567871,94.07056427001953
20000620,49.3033332824707,30.7197322845459,61.49589920043945
20000621,71.89656829833984,63.711341857910156,79.71232604980469
20000622,44.55194091796875,10.450542449951172,65.3758773803711
20000623,36.248634338378906,27.797739028930664,46.37211990356445
20000624,55.46624755859375,49.151573181152344,51.24658203125
20000625,62.20784378051758,31.008182525634766,77.5916519165039
20000626,42.51424026489258,28.255584716796875,47.135894775390625
20000627,46.22187423706055,49.151573181152344,46.12192153930664
20000628,61.60311508178711,16.749135971069336,88.47941589355469
20000629,49.519107818603516,36.375450134277344,56.3470458984375
20000630,65.16526794433594,37.896060943603516,85.7960205078125
20000701,63.70322799682617,57.156429290771484,58.26835250854492
20000702,37.21986389160156,24.73686408996582,41.26597595214844
20000703,32.7256965637207,14.499983787536621,42.33046340942383
20000704,67.83415222167969,90.16712951660156,43.87150573730469
20000705,77.9427719116211,51.80190658569336,97.21778869628906
20000706,73.67324829101562,48.964317321777344,81.6821517944336
20000707,66.59882354736328,63.50714111328125,77.04905700683594
20000708,31.04561996459961,30.95005989074707,30.978487014770508
20000709,47.720062255859375,23.78658676147461,66.1345443725586
20000710,64.32170104980469,56.99885559082031,77.25685119628906
20000711,45.60073471069336,32.4716911315918,48.752281188964844
20000712,34.06239318847656,33.95754623413086,33.04460525512695
20000713,62.340877532958984,28.249540328979492,80.11388397216797
20000714,64.84175109863281,28.105287551879883,84.393310546875
20000715,48.90602111816406,32.50365447998047,59.644771575927734
20000716,23.746004104614258,23.67291259765625,19.745546340942383
20000717,56.746341705322266,56.57167053222656,53.084659576416016
20000718,31.974590301513672,25.50093650817871,31.90544891357422
20000719,63.04194259643555,22.85378074645996,95.3115463256836
20000720,65.56942749023438,31.37645149230957,91.59870147705078
20000721,22.82561683654785,17.066518783569336,28.47032356262207
20000722,62.56029510498047,37.42063903808594,72.82918548583984
20000723,26.53086280822754,45.34148406982422,18.909637451171875
20000724,57.735382080078125,43.168251037597656,60.0109748840332
20000725,50.42919158935547,87.97944641113281,26.208410263061523
20000726,39.0041618347168,33.32923126220703,37.06649398803711
20000727,74.02385711669922,57.98257827758789,79.13977813720703
20000728,38.8308219909668,23.822336196899414,49.67544937133789
20000729,68.75140380859375,74.77067565917969,67.56330108642578
20000730,36.97062301635742,29.485458374023438,43.03912353515625
20000731,47.79509353637695,36.65229034423828,55.028934478759766
20000801,55.645904541015625,58.73782730102539,54.436832427978516
20000802,55.11277389526367,40.484413146972656,62.71199417114258
20000803,45.49449157714844,73.70098876953125,23.643810272216797
20000804,55.79679489135742,40.98687744140625,73.2580795288086
20000805,34.1854248046875,27.26416015625,39.7967529296875
20000806,11.357375144958496,7.548277378082275,12.59201717376709
20000807,35.53409957885742,23.61648178100586,39.39695739746094
20000808,73.07135009765625,62.439796447753906,86.80159759521484
20000809,59.208641052246094,80.77295684814453,36.27756881713867
20000810,56.879737854003906,59.40488052368164,54.054039001464844
20000811,38.31261444091797,29.38052749633789,39.210018157958984
20000812,38.85709762573242,38.737491607666016,48.46634292602539
20000813,34.50591278076172,30.577512741088867,38.256996154785156
20000814,41.75505447387695,48.56428527832031,52.080955505371094
20000815,67.05602264404297,66.84961700439453,61.33510208129883
20000816,57.11323547363281,45.549949645996094,61.7388801574707
20000817,39.466651916503906,41.96818161010742,43.75701141357422
20000818,32.449642181396484,21.56650733947754,40.474342346191406
20000819,33.80171203613281,33.69766616821289,28.107181549072266
20000820,27.67061424255371,31.52621841430664,19.72198486328125
20000821,46.706485748291016,7.1634955406188965,71.70075225830078
20000822,46.96115493774414,14.405108451843262,66.08406066894531
20000823,45.9228401184082,30.520992279052734,56.00654602050781
20000824,45.1842155456543,33.78384780883789,46.965110778808594
20000825,50.916500091552734,41.80216979980469,54.79121398925781
20000826,45.511234283447266,19.44477653503418,64.87545776367188
20000827,47.37879943847656,55.10512161254883,45.963111877441406
20000828,100.5026626586914,112.21649932861328,93.59963989257812
20000829,50.4634895324707,21.560640335083008,65.94023895263672
20000830,58.00809860229492,48.69856262207031,60.92911911010742
20000831,42.07325744628906,50.33250045776367,32.65288162231445
20000901,45.336238861083984,30.13112449645996,55.291133880615234
20000902,63.76454162597656,38.14095687866211,84.83553314208984
20000903,38.563072204589844,38.44437026977539,38.47968292236328
20000904,52.45235061645508,40.2237663269043,60.39107131958008
20000905,52.97283172607422,77.45433807373047,29.365713119506836
20000906,54.75318145751953,32.750789642333984,72.84638214111328
20000907,39.91045379638672,26.525070190429688,44.249053955078125
20000908,36.83554458618164,31.47613525390625,35.00560760498047
20000909,59.41825866699219,29.6176815032959,74.1122055053711
20000910,38.558990478515625,48.92401885986328,34.97782516479492
20000911,59.74571228027344,52.94382858276367,66.24057006835938
20000912,69.60504913330078,37.84952926635742,84.18731689453125
20000913,60.902523040771484,15.838711738586426,88.07366180419922
20000914,53.63447952270508,10.184645652770996,80.70249938964844
20000915,60.371681213378906,36.63486099243164,74.2100830078125
20000916,74.40628051757812,65.27598571777344,84.14476776123047
20000917,56.68564987182617,63.5750617980957,53.02788162231445
20000918,95.46304321289062,63.446136474609375,116.42475128173828
20000919,64.20835876464844,58.19156265258789,63.09877014160156
20000920,60.274166107177734,50.0738639831543,71.00312805175781
20000921,50.999942779541016,19.368745803833008,72.69951629638672
20000922,59.46269607543945,39.519779205322266,82.40849304199219
20000923,51.054988861083984,23.951921463012695,64.92937469482422
20000924,38.681785583496094,21.034212112426758,52.63383102416992
20000925,44.37889862060547,25.28131103515625,63.26133346557617
20000926,55.257930755615234,23.194881439208984,72.55058288574219
20000927,45.231849670410156,31.83008575439453,57.523773193359375
20000928,21.761394500732422,14.462940216064453,28.14821434020996
20000929,32.67327880859375,25.05592918395996,37.618412017822266
20000930,45.37763977050781,28.273727416992188,56.59939193725586
20001001,37.68174362182617,13.660274505615234,51.2730827331543
20001002,39.240684509277344,32.59991455078125,43.5064811706543
20001003,66.31450653076172,81.8509521484375,42.013404846191406
20001004,71.06168365478516,49.04512023925781,86.3623275756836
20001005,42.299346923828125,42.16914749145508,39.569889068603516
20001006,82.2469711303711,28.273727416992188,117.9154052734375
20001007,90.79540252685547,35.038421630859375,136.3856964111328
20001008,65.23656463623047,57.80956268310547,72.32833099365234
20001009,114.96981048583984,93.12544250488281,167.3017578125
20001010,103.62220001220703,39.98834991455078,138.97598266601562
20001011,82.19770812988281,65.55575561523438,91.13329315185547
20001012,28.64641761779785,31.154447555541992,25.985885620117188
20001013,195.9777069091797,287.6346435546875,176.541748046875
20001014,117.4669418334961,140.52642822265625,136.7484130859375
20001015,80.70874786376953,104.9482421875,70.02975463867188
20001016,110.08533477783203,99.76952362060547,138.69607543945312
20001017,96.69453430175781,124.38309478759766,82.99822998046875
20001018,77.65922546386719,90.76849365234375,71.25636291503906
20001019,72.3268051147461,62.49028396606445,84.19880676269531
20001020,57.72939682006836,60.292259216308594,59.43327713012695
20001021,97.16864776611328,105.67588806152344,78.35033416748047
20001022,48.65918731689453,44.777915954589844,62.24867248535156
20001023,85.01548767089844,121.07685852050781,65.64353942871094
20001024,65.13475799560547,68.02637481689453,77.37370300292969
20001025,45.72562789916992,40.519893646240234,50.69639205932617
20001026,64.76417541503906,52.608375549316406,79.78287506103516
20001027,35.32680892944336,32.50898742675781,31.63498878479004
20001028,59.15299606323242,89.86044311523438,32.79171371459961
20001029,40.04202651977539,36.289794921875,54.48469161987305
20001030,59.74571228027344,79.41574096679688,38.64033508300781
20001031,86.54456329345703,101.15371704101562,84.3721923828125
20001101,50.880184173583984,58.7325553894043,48.98875045776367
20001102,42.62956237792969,54.99785614013672,29.192319869995117
20001103,75.16361236572266,64.22764587402344,89.28699493408203
20001104,23.003942489624023,17.19985008239746,23.91062355041504
20001105,20.490108489990234,27.236053466796875,17.03816795349121
20001106,54.356807708740234,38.25140380859375,63.81089782714844
20001107,45.068946838378906,51.34882354736328,37.47624206542969
20001108,60.37820053100586,71.13641357421875,50.20636749267578
20001109,44.26593780517578,53.936279296875,36.80851364135742
20001110,33.77519989013672,56.982093811035156,21.603952407836914
20001111,35.7793083190918,47.558902740478516,24.793014526367188
20001112,25.122398376464844,28.622936248779297,17.9057674407959
20001113,43.06338119506836,52.83794403076172,38.563053131103516
20001114,47.845069885253906,50.50355529785156,42.12495422363281
20001115,32.47615432739258,14.942856788635254,45.70066833496094
20001116,23.593788146972656,14.112698554992676,31.390356063842773
20001117,29.721242904663086,10.774457931518555,44.934810638427734
20001118,39.18415069580078,42.068424224853516,35.0892219543457
20001119,48.459716796875,55.212059020996094,40.295772552490234
20001120,59.21173858642578,59.029476165771484,54.70712661743164
20001121,54.05821990966797,59.87980651855469,49.94567108154297
20001122,69.79949951171875,52.1884880065918,77.38729095458984
20001123,56.48026657104492,73.1983413696289,46.965110778808594
20001124,80.64862823486328,65.51142883300781,99.35089874267578
20001125,47.05352020263672,50.03593063354492,46.9517707824707
20001126,29.944114685058594,29.851943969726562,31.12433624267578
20001127,37.72075271606445,61.53487014770508,22.811626434326172
20001128,59.208641052246094,49.70643615722656,62.19011306762695
20001129,47.68090057373047,55.03952407836914,54.25537872314453
20001130,46.15032196044922,46.00826644897461,51.16725158691406
20001201,25.286775588989258,28.00993537902832,23.363052368164062
20001202,45.795867919921875,36.523921966552734,50.77426528930664
20001203,47.426631927490234,29.095781326293945,66.73908233642578
20001204,44.25835418701172,33.940093994140625,50.956905364990234
20001205,27.78481674194336,24.62159538269043,25.671052932739258
20001206,49.64714431762695,54.993690490722656,45.87017059326172
20001207,26.46204948425293,19.185890197753906,28.0051212310791
20001208,49.5234375,49.371002197265625,45.75587463378906
20001209,30.502464294433594,54.735435485839844,15.218254089355469
20001210,60.74827575683594,49.874000549316406,65.37117767333984
20001211,59.507205963134766,65.91559600830078,49.48210525512695
20001212,37.894004821777344,31.481136322021484,36.76172637939453
20001213,50.14820861816406,61.10358810424805,50.966426849365234
20001214,42.43681335449219,54.749183654785156,29.060327529907227
20001215,58.407997131347656,61.000980377197266,64.75743103027344
20001216,34.11820602416992,43.28950881958008,30.949481964111328
20001217,39.482330322265625,47.23296356201172,26.264636993408203
20001218,58.30702209472656,43.59566116333008,72.7261734008789
20001219,46.42237091064453,26.445415496826172,60.65974426269531
20001220,71.7411117553711,49.753238677978516,88.18562316894531
20001221,75.59241485595703,53.8283805847168,89.79637145996094
20001222,38.65653610229492,47.43082809448242,44.507240295410156
20001223,21.51017951965332,21.4439697265625,23.84851837158203
20001224,55.13877487182617,67.65421295166016,42.322723388671875
20001225,34.327125549316406,51.33219528198242,28.54408073425293
20001226,40.46767044067383,46.106407165527344,28.842971801757812
20001227,60.892791748046875,72.84642791748047,40.507408142089844
20001228,56.2087287902832,22.41428565979004,74.78291320800781
20001229,53.1996955871582,49.50020980834961,58.98295211791992
20001230,36.13710021972656,48.03449249267578,26.71034049987793
20001231,48.32658767700195,35.038421630859375,58.45100784301758
20010101,47.5488166809082,42.13551712036133,52.7177734375
20010102,48.00822830200195,43.50950241088867,58.065956115722656
20010103,31.81761932373047,35.24409103393555,23.517641067504883
20010104,55.39410400390625,38.65652084350586,59.88051986694336
20010105,66.85916900634766,60.59396743774414,75.8120346069336
20010106,53.27687072753906,56.23716354370117,52.11927795410156
20010107,42.378265380859375,49.28912353515625,41.111995697021484
20010108,57.60987091064453,35.89533996582031,77.84467315673828
20010109,59.37621307373047,43.61622619628906,67.56330108642578
20010110,45.007713317871094,53.84300994873047,54.89047622680664
20010111,60.467506408691406,52.41859436035156,61.21119689941406
20010112,55.76713562011719,27.797739028930664,69.55817413330078
20010113,47.492008209228516,35.509368896484375,59.23664093017578
20010114,57.735382080078125,35.97354507446289,66.01206970214844
20010115,50.42550277709961,46.403343200683594,51.60662841796875
20010116,64.81851959228516,61.2180061340332,73.75601959228516
20010117,44.02083206176758,49.371002197265625,41.18029022216797
20010118,44.69731521606445,34.657569885253906,53.68598175048828
20010119,43.58641815185547,32.58918762207031,49.834774017333984
20010120,71.06168365478516,54.49457550048828,77.27156066894531
20010121,16.764005661010742,13.369924545288086,16.72775650024414
20010122,28.434057235717773,21.25990104675293,35.46571350097656
20010123,62.56029510498047,68.60450744628906,62.42501449584961
20010124,52.95401382446289,46.92534637451172,63.60310745239258
20010125,37.830894470214844,14.14291763305664,51.11855697631836
20010126,36.52534103393555,28.00993537902832,37.380882263183594
20010127,48.96839141845703,28.716270446777344,67.0661849975586
20010128,37.03073501586914,26.848546981811523,50.387264251708984
20010129,36.16340255737305,43.262508392333984,30.071001052856445
20010130,15.293479919433594,18.295684814453125,15.260408401489258
20010131,47.83491134643555,17.882877349853516,64.63636779785156
20010201,45.34313201904297,50.22617721557617,41.893592834472656
20010202,59.15299606323242,47.176734924316406,73.7813491821289
20010203,23.87436294555664,29.7510929107666,14.889209747314453
20010204,50.19042205810547,57.18391799926758,41.73490905761719
20010205,44.613704681396484,37.06364822387695,43.280643463134766
20010206,71.00895690917969,56.632301330566406,94.47386932373047
20010207,28.58399772644043,6.332447528839111,47.53697967529297
20010208,33.176719665527344,45.79559326171875,29.7095947265625
20010209,36.680904388427734,39.380916595458984,42.23259735107422
20010210,25.67881965637207,22.75535774230957,23.725269317626953
20010211,41.3600959777832,22.490610122680664,56.27817153930664
20010212,56.625091552734375,21.16904640197754,82.39968872070312
20010213,48.00822830200195,51.0511474609375,58.54983901977539
20010214,39.39925003051758,36.256591796875,40.322105407714844
20010215,55.20946502685547,35.025150299072266,66.77584838867188
20010216,34.327125549316406,22.81431007385254,38.058773040771484
20010217,121.37200927734375,94.43778228759766,152.6177215576172
20010218,43.279781341552734,19.91379737854004,66.44029235839844
20010219,153.3979949951172,148.79269409179688,172.3719482421875
20010220,93.16596221923828,82.55928039550781,109.03244018554688
20010221,80.58374786376953,45.90612030029297,95.7255859375
20010222,60.87413787841797,55.62953186035156,71.70989990234375
20010223,69.06938171386719,44.06834030151367,82.70403289794922
20010224,71.51484680175781,74.14649963378906,66.60285949707031
20010225,34.650291442871094,27.634904861450195,46.10047912597656
20010226,33.38534164428711,44.37677001953125,30.845508575439453
20010227,52.827064514160156,12.391636848449707,77.51886749267578
20010228,70.0627670288086,55.877685546875,74.57201385498047
20010301,43.49104309082031,38.539710998535156,48.21888732910156
20010302,85.81781768798828,74.14649963378906,85.63224029541016
20010303,51.803836822509766,51.64438247680664,43.076515197753906
20010304,51.0149040222168,47.467350006103516,62.21672058105469
20010305,61.98957061767578,61.79875946044922,57.98955535888672
20010306,52.43356704711914,43.047672271728516,56.423728942871094
20010307,62.60866928100586,51.067596435546875,66.2595443725586
20010308,49.36762619018555,24.607833862304688,61.57609176635742
20010309,48.476600646972656,21.478837966918945,71.6618881225586
20010310,58.73347091674805,46.84214401245117,68.37420654296875
20010311,44.99831008911133,62.113563537597656,34.53923034667969
20010312,57.60987091064453,57.43254089355469,53.89246368408203
20010313,82.98014831542969,72.79776763916016,88.32076263427734
20010314,67.10542297363281,60.81714630126953,76.09126281738281
20010315,55.612449645996094,53.03078079223633,60.31760025024414
20010316,90.23690795898438,98.66487121582031,101.66006469726562
20010317,79.3265609741211,81.80935668945312,77.33536529541016
20010318,24.357114791870117,34.68877410888672,11.573546409606934
20010319,59.465309143066406,34.871925354003906,75.62523651123047
20010320,51.049842834472656,39.58321762084961,61.31601333618164
20010321,66.86859893798828,41.02324676513672,94.09795379638672
20010322,63.468502044677734,68.14031219482422,73.07453155517578
20010323,62.287601470947266,45.1606330871582,84.75396728515625
20010324,58.26856231689453,58.08920669555664,58.14256286621094
20010325,69.59175872802734,104.06632995605469,52.080955505371094
20010326,86.32097625732422,78.88400268554688,83.74169921875
20010327,79.70567321777344,69.92508697509766,90.13775634765625
20010328,55.45267105102539,40.73409652709961,67.95252227783203
20010329,62.45414352416992,69.73332977294922,54.00988006591797
20010330,70.13580322265625,91.43373107910156,67.29244232177734
20010331,60.33297348022461,57.283111572265625,52.5577507019043
20010401,38.558990478515625,48.92401885986328,29.1481876373291
20010402,42.064353942871094,41.93487548828125,40.807464599609375
20010403,56.20124435424805,65.91559600830078,54.9801139831543
20010404,56.49801254272461,53.359676361083984,59.34299087524414
20010405,54.344886779785156,24.626184463500977,69.8382797241211
20010406,50.74571990966797,56.210575103759766,46.885169982910156
20010407,37.01192855834961,30.748334884643555,35.906009674072266
20010408,32.547061920166016,14.420835494995117,42.099403381347656
20010409,31.64873695373535,28.045618057250977,35.0892219543457
20010410,45.871360778808594,45.73016357421875,54.49068069458008
20010411,33.125675201416016,36.0258674621582,40.06550979614258
20010412,45.034908294677734,44.89628982543945,41.60881805419922
20010413,38.31571578979492,41.6702995300293,34.757144927978516
20010414,42.510738372802734,45.63987731933594,43.5064811706543
20010415,52.13484191894531,79.96056365966797,20.008502960205078
20010416,81.26626586914062,108.02149200439453,57.921810150146484
20010417,72.23667907714844,75.4435806274414,74.36874389648438
20010418,61.34384536743164,58.242881774902344,72.87046813964844
20010419,33.7223014831543,25.86038589477539,38.826210021972656
20010420,47.02846908569336,23.441856384277344,58.65846633911133
20010421,43.81703186035156,23.297151565551758,58.2963752746582
20010422,35.09075927734375,34.98274612426758,46.68650436401367
20010423,48.714229583740234,41.626529693603516,57.86772918701172
20010424,45.28901290893555,25.799776077270508,64.55868530273438
20010425,81.60523223876953,42.18357467651367,110.58226776123047
20010426,56.40595245361328,71.56841278076172,38.37543869018555
20010427,60.679840087890625,43.99495315551758,64.2182388305664
20010428,42.614505767822266,45.31555938720703,33.07294464111328
20010429,65.74004364013672,72.81964874267578,66.81266021728516
20010430,38.64076614379883,63.03571701049805,29.21000862121582
20010501,43.06338119506836,52.83794403076172,49.5810661315918
20010502,84.63829803466797,46.553253173828125,116.49002075195312
20010503,68.37869262695312,50.49497604370117,80.02381134033203
20010504,86.77909851074219,71.59613037109375,94.55388641357422
20010505,48.40281295776367,48.25382614135742,50.310569763183594
20010506,48.919776916503906,69.67028045654297,29.05594825744629
20010507,70.00977325439453,51.42736053466797,79.66307067871094
20010508,85.37545776367188,102.13519287109375,68.15267181396484
20010509,90.0785903930664,110.07904815673828,77.31940460205078
20010510,42.88930130004883,65.39349365234375,16.782962799072266
20010511,58.65423583984375,55.68922805786133,55.74038314819336
20010512,47.28017807006836,17.675493240356445,63.88679885864258
20010513,51.244140625,51.08640670776367,42.61111068725586
20010514,49.75960159301758,42.51980209350586,47.287620544433594
20010515,37.53617858886719,31.18386459350586,36.41459274291992
20010516,52.25786209106445,34.73133850097656,57.9387321472168
20010517,71.00108337402344,63.460205078125,81.4339599609375
20010518,64.62176513671875,67.22384643554688,70.08914947509766
20010519,49.482337951660156,65.77336883544922,45.7179069519043
20010520,56.0858039855957,27.95658302307129,75.78529357910156
20010521,52.19059371948242,61.211700439453125,35.7396240234375
20010522,59.09745407104492,74.41963195800781,36.20943832397461
20010523,48.35865020751953,36.1573486328125,55.291133880615234
20010524,50.7161865234375,63.865360260009766,31.074176788330078
20010525,49.354644775390625,40.519893646240234,53.11050033569336
20010526,70.54542541503906,85.61702728271484,61.21119689941406
20010527,45.63813018798828,45.497650146484375,63.24922561645508
20010528,83.33502960205078,66.46281433105469,83.15483093261719
20010529,74.43972778320312,59.368473052978516,80.4686508178711
20010530,60.614227294921875,42.29935836791992,80.64421081542969
20010531,57.746822357177734,52.33551788330078,61.11418533325195
20010601,72.93727111816406,48.47517395019531,96.02857208251953
20010602,86.26477813720703,103.19910430908203,76.51399230957031
20010603,69.08757781982422,86.9999008178711,72.56651306152344
20010604,80.7048568725586,87.77066040039062,73.20940399169922
20010605,83.1339340209961,76.5028076171875,90.39877319335938
20010606,58.78558349609375,46.88371276855469,68.43487548828125
20010607,63.36204147338867,65.69368743896484,67.44003295898438
20010608,69.06938171386719,66.1025161743164,82.70403289794922
20010609,63.125152587890625,35.96048355102539,84.98468780517578
20010610,74.55940246582031,49.55326843261719,82.66464233398438
20010611,96.33865356445312,103.42996978759766,104.75741577148438
20010612,98.07984161376953,88.31555938720703,99.97244262695312
20010613,89.28753662109375,71.21015930175781,98.99385070800781
20010614,64.49703216552734,46.294921875,81.51958465576172
20010615,64.15184020996094,63.95437240600586,67.8927001953125
20010616,75.69853210449219,60.37242126464844,85.60614776611328
20010617,42.32084274291992,69.03912353515625,19.195148468017578
20010618,75.61296081542969,43.07440948486328,107.78492736816406
20010619,83.2303466796875,73.01725769042969,105.19712829589844
20010620,94.7293701171875,64.92597961425781,103.38619995117188
20010621,86.53237915039062,43.13301467895508,116.92587280273438
20010622,47.40705108642578,29.538206100463867,54.20311737060547
20010623,102.69253540039062,128.70179748535156,92.71138000488281
20010624,47.32239532470703,43.547752380371094,60.53854751586914
20010625,62.22502899169922,58.38446044921875,73.04761505126953
20010626,68.73905181884766,58.73782730102539,70.76788330078125
20010627,70.61080169677734,55.09053039550781,81.69056701660156
20010628,65.9874038696289,68.41565704345703,57.06541442871094
20010629,41.78013229370117,17.850656509399414,54.59376907348633
20010630,29.977989196777344,23.908571243286133,34.8986930847168
20010701,35.11555862426758,38.89719009399414,38.93291473388672
20010702,91.48633575439453,83.60433959960938,95.09219360351562
20010703,77.11798095703125,41.93487548828125,93.27420806884766
20010704,74.7451171875,74.51504516601562,79.10369873046875
20010705,86.00220489501953,47.303436279296875,108.50328826904297
20010706,75.71583557128906,62.902313232421875,94.44012451171875
20010707,49.48747253417969,43.168251037597656,51.43798065185547
20010708,48.182804107666016,40.02873992919922,46.74309539794922
20010709,26.201099395751953,29.851943969726562,24.89946937561035
20010710,43.89743423461914,47.12864303588867,33.694236755371094
20010711,50.34297561645508,40.15040969848633,50.23411178588867
20010712,37.981937408447266,37.865028381347656,31.583171844482422
20010713,61.94472122192383,64.69471740722656,58.867401123046875
20010714,62.06980514526367,65.13552856445312,54.329463958740234
20010715,59.86568069458008,71.61769104003906,46.461509704589844
20010716,96.97212219238281,54.137229919433594,122.56574249267578
20010717,58.721221923828125,55.09691619873047,68.93440246582031
20010718,66.88838958740234,63.50714111328125,63.56547546386719
20010719,62.91416549682617,38.177703857421875,86.43364715576172
20010720,52.287513732910156,55.19283676147461,56.26655578613281
20010721,43.54549026489258,24.80654525756836,51.7277717590332
20010722,61.0611572265625,68.48235321044922,50.77426528930664
20010723,60.78105545043945,60.59396743774414,63.176692962646484
20010724,85.28752899169922,81.62400817871094,79.4295654296875
20010725,78.70030975341797,78.45806121826172,65.4417724609375
20010726,59.73482894897461,48.7235107421875,81.28044128417969
20010727,63.01079559326172,35.89533996582031,79.84069061279297
20010728,55.363250732421875,67.4579086303711,40.9211311340332
20010729,36.04970932006836,23.95916175842285,46.63005447387695
20010730,49.93820571899414,49.78449249267578,41.525184631347656
20010731,48.115509033203125,59.03680419921875,43.08721160888672
20010801,52.166419982910156,52.0058479309082,48.80026626586914
20010802,70.1815185546875,39.1806755065918,88.70436096191406
20010803,38.25872039794922,38.14095687866211,42.41776657104492
20010804,52.78992462158203,59.20586013793945,49.38353729248047
20010805,58.802978515625,62.53010559082031,52.15628433227539
20010806,51.63475036621094,63.3548469543457,46.23867416381836
20010807,25.96637535095215,7.3961286544799805,37.014610290527344
20010808,56.25739288330078,72.57958984375,38.52452850341797
20010809,51.984500885009766,57.582759857177734,52.832679748535156
20010810,85.26151275634766,138.51699829101562,42.013404846191406
20010811,87.0846939086914,86.81664276123047,83.55420684814453
20010812,67.45047760009766,67.24285888671875,56.08718490600586
20010813,103.87843322753906,99.72317504882812,108.77251434326172
20010814,101.14710235595703,115.2408676147461,90.11463165283203
20010815,92.75189971923828,125.49010467529297,93.65313720703125
20010816,66.1961898803711,76.99116516113281,55.04420852661133
20010817,57.388084411621094,50.854610443115234,63.626651763916016
20010818,46.05357360839844,65.58831024169922,32.824275970458984
20010819,60.74390411376953,88.81683349609375,47.143096923828125
20010820,42.86852264404297,38.8514289855957,51.84947967529297
20010821,62.779991149902344,44.17887878417969,67.55751037597656
20010822,66.63211059570312,94.8957290649414,42.21461868286133
20010823,65.28624725341797,79.2342758178711,51.92723846435547
20010824,86.666015625,115.19900512695312,58.72004318237305
20010825,64.02725219726562,94.06551361083984,44.83424377441406
20010826,52.819984436035156,82.74734497070312,25.097986221313477
20010827,56.83327102661133,48.56428527832031,54.00988006591797
20010828,79.13984680175781,97.68106079101562,81.47565460205078
20010829,57.69841003417969,60.904388427734375,45.15579605102539
20010830,55.76713562011719,77.83366394042969,37.097694396972656
20010831,71.68766784667969,71.46701049804688,74.51318359375
20010901,46.52482986450195,37.10529708862305,46.42422103881836
20010902,47.77742004394531,7.938392639160156,72.83544158935547
20010903,78.76647186279297,26.174673080444336,116.43873596191406
20010904,59.48494338989258,51.88911056518555,61.82948684692383
20010905,39.14852523803711,6.004311561584473,65.10645294189453
20010906,37.734703063964844,21.496315002441406,44.82512283325195
20010907,70.1220932006836,44.73999786376953,83.96455383300781
20010908,41.13025665283203,50.46603775024414,31.57024574279785
20010909,20.596275329589844,13.688586235046387,22.83526611328125
20010910,38.23530197143555,41.58285140991211,28.90350341796875
20010911,154.0729217529297,218.5827178955078,98.5511245727539
20010912,725.5089111328125,1319.5372314453125,294.28460693359375
20010913,633.4791259765625,1178.8543701171875,206.3134307861328
20010914,667.8089599609375,1231.7904052734375,210.3795166015625
20010915,577.8452758789062,1035.0716552734375,272.3669738769531
20010916,327.40496826171875,568.3150634765625,204.986328125
20010917,744.77197265625,1388.9168701171875,277.2990417480469
20010918,851.1033325195312,1544.3621826171875,336.0392761230469
20010919,755.5986938476562,1386.251220703125,258.0107727050781
20010920,771.0286865234375,1444.140380859375,276.3138427734375
20010921,870.9768676757812,1446.2108154296875,493.9110412597656
20010922,768.9888916015625,1272.5302734375,450.45458984375
20010923,482.625732421875,882.09033203125,170.2563018798828
20010924,789.3631591796875,1278.3372802734375,510.199462890625
20010925,1045.6036376953125,1627.4276123046875,703.4884033203125
20010926,930.52783203125,1477.5958251953125,625.4970703125
20010927,786.5797119140625,1226.9483642578125,474.5587158203125
20010928,776.383056640625,1186.7896728515625,502.12310791015625
20010929,614.3307495117188,978.7026977539062,370.6059875488281
20010930,421.2101135253906,761.5382080078125,172.156494140625
20011001,617.372314453125,893.4270629882812,419.52362060546875
20011002,769.4916381835938,1234.8809814453125,462.98553466796875
20011003,818.9638671875,1328.8314208984375,450.8650817871094
20011004,702.5889892578125,1062.018310546875,417.6047058105469
20011005,687.9739990234375,1042.28564453125,423.42333984375
20011006,587.9953002929688,922.8067016601562,343.7078552246094
20011007,339.48675537109375,601.6742553710938,176.79010009765625
20011008,616.2158203125,1046.61767578125,336.1795959472656
20011009,706.4005737304688,1198.682861328125,354.9360656738281
20011010,566.54736328125,962.47119140625,288.4297180175781
20011011,496.6368408203125,886.2435913085938,210.61424255371094
20011012,588.4711303710938,1041.114501953125,211.35475158691406
20011013,478.71185302734375,818.9644775390625,275.2046813964844
20011014,290.2035827636719,472.775390625,176.57077026367188
20011015,449.5627746582031,741.3486328125,207.99314880371094
20011016,630.9652709960938,1076.5972900390625,338.0068664550781
20011017,618.735107421875,1024.1715087890625,305.7863464355469
20011018,530.5184936523438,946.4266967773438,185.7443084716797
20011019,455.727294921875,749.6354370117188,208.42333984375
20011020,414.44635009765625,712.5697021484375,194.7881317138672
20011021,229.0798797607422,384.24957275390625,102.80255126953125
20011022,422.8101501464844,710.2587280273438,238.0777130126953
20011023,524.1797485351562,909.0797119140625,237.27935791015625
20011024,505.9627380371094,860.4561157226562,217.78646850585938
20011025,405.51708984375,722.630615234375,172.81507873535156
20011026,434.07928466796875,757.300537109375,180.4752655029297
20011027,314.122802734375,512.4368896484375,151.97262573242188
20011028,226.5590362548828,403.81329345703125,102.7586898803711
20011029,335.3212585449219,560.5252075195312,174.6208953857422
20011030,381.0374755859375,673.953369140625,168.64309692382812
20011031,479.9963684082031,803.4391479492188,256.23291015625
20011101,399.28271484375,697.822509765625,151.6616668701172
20011102,385.82318115234375,664.8700561523438,178.7448272705078
20011103,303.4413146972656,515.3828125,163.54136657714844
20011104,225.77670288085938,365.7578430175781,146.6721954345703
20011105,279.09295654296875,463.7231140136719,132.61402893066406
20011106,430.8782653808594,761.6170043945312,172.791748046875
20011107,419.3893127441406,690.771240234375,222.38197326660156
20011108,269.0668029785156,430.1939697265625,143.52969360351562
20011109,325.31622314453125,564.0258178710938,131.72691345214844
20011110,274.5711364746094,470.9263610839844,93.289794921875
20011111,290.7020263671875,479.4341735839844,161.1519012451172
20011112,289.72894287109375,404.37200927734375,235.56495666503906
20011113,445.8621826171875,795.0733032226562,219.31594848632812
20011114,381.3437194824219,641.1820678710938,170.38168334960938
20011115,273.17608642578125,441.6246643066406,139.15769958496094
20011116,293.02410888671875,472.9596862792969,181.0036163330078
20011117,263.2695617675781,432.62506103515625,101.03856658935547
20011118,190.9057159423828,331.29443359375,76.43233489990234
20011119,257.040771484375,411.4429931640625,108.3739242553711
20011120,332.8885803222656,611.6707153320312,108.55187225341797
20011121,282.93524169921875,481.7278747558594,121.59998321533203
20011122,260.6040954589844,456.09674072265625,86.68019104003906
20011123,294.4504699707031,497.74871826171875,111.77696990966797
20011124,191.47789001464844,305.421630859375,90.22460174560547
20011125,214.22593688964844,308.4849853515625,131.95228576660156
20011126,206.59024047851562,347.9917907714844,88.8549575805664
20011127,297.2817077636719,501.5435791015625,152.12249755859375
20011128,360.9849548339844,544.346923828125,206.8400421142578
20011129,208.1884307861328,367.8058776855469,65.73994445800781
20011130,238.0120391845703,368.4809875488281,149.01795959472656
20011201,192.16552734375,304.08575439453125,111.60052490234375
20011202,172.98963928222656,286.20550537109375,91.8167953491211
20011203,212.03213500976562,311.8713684082031,132.9561004638672
20011204,280.51239013671875,477.60272216796875,141.52540588378906
20011205,269.5942687988281,480.34490966796875,100.16377258300781
20011206,231.7014923095703,375.67327880859375,118.56433868408203
20011207,252.41311645507812,418.4511413574219,103.76555633544922
20011208,218.90631103515625,372.27899169921875,91.01372528076172
20011209,220.5885772705078,387.63726806640625,80.83193969726562
20011210,246.56651306152344,356.24285888671875,160.45652770996094
20011211,239.95082092285156,372.79827880859375,145.1102752685547
20011212,279.6891174316406,470.5225524902344,155.0468292236328
20011213,261.9493408203125,418.9169616699219,131.59902954101562
20011214,301.406005859375,502.72320556640625,139.7736053466797
20011215,193.5504150390625,316.319091796875,89.70606231689453
20011216,221.8404998779297,389.8372497558594,93.79694366455078
20011217,253.74337768554688,408.89801025390625,121.39471435546875
20011218,215.0567626953125,331.96612548828125,132.67767333984375
20011219,199.81558227539062,311.2508239746094,119.42240142822266
20011220,245.16900634765625,394.3959045410156,125.09941864013672
20011221,229.5839080810547,404.25067138671875,123.96507263183594
20011222,222.7856903076172,393.22613525390625,97.18205261230469
20011223,177.74754333496094,314.12799072265625,60.464717864990234
20011224,213.45901489257812,354.6699523925781,118.33190155029297
20011225,285.7201232910156,498.4711608886719,148.4907684326172
20011226,188.33998107910156,254.028564453125,138.18580627441406
20011227,263.37322998046875,451.163818359375,117.21292114257812
20011228,263.66851806640625,407.24310302734375,172.92848205566406
20011229,235.4906005859375,367.7996520996094,143.59971618652344
20011230,180.76194763183594,284.9761962890625,90.88463592529297
20011231,197.32659912109375,259.5019226074219,167.57437133789062
20020101,289.3974914550781,463.67144775390625,189.07669067382812
20020102,232.9149169921875,361.1968688964844,150.63693237304688
20020103,196.5628662109375,308.39263916015625,123.2560043334961
20020104,187.87698364257812,282.5909729003906,93.18719482421875
20020105,150.26080322265625,258.74249267578125,62.47328567504883
20020106,109.76556396484375,156.3252716064453,71.71488952636719
20020107,175.0979766845703,242.24514770507812,124.79952239990234
20020108,172.46177673339844,298.44610595703125,91.99718475341797
20020109,183.3168487548828,320.6185607910156,69.53116607666016
20020110,215.101806640625,316.2985534667969,129.6763153076172
20020111,211.81605529785156,322.61175537109375,132.09877014160156
20020112,106.75862884521484,158.1245880126953,81.16401672363281
20020113,118.17410278320312,191.4418182373047,98.26546478271484
20020114,197.22012329101562,276.7146911621094,151.84695434570312
20020115,186.35202026367188,281.87066650390625,117.55399322509766
20020116,159.02725219726562,227.33714294433594,89.8207778930664
20020117,208.57925415039062,295.4897155761719,132.3622283935547
20020118,179.684326171875,271.5860900878906,139.7736053466797
20020119,146.46348571777344,260.95880126953125,62.19011306762695
20020120,114.22647094726562,191.0159149169922,55.1513557434082
20020121,148.0912628173828,209.79769897460938,90.7365951538086
20020122,183.6234893798828,322.18255615234375,91.61321258544922
20020123,163.92726135253906,265.1764221191406,92.58837127685547
20020124,144.85650634765625,196.18048095703125,86.3623275756836
20020125,138.5255584716797,162.1164093017578,105.17196655273438
20020126,155.13401794433594,218.33859252929688,111.29308319091797
20020127,113.05692291259766,195.36212158203125,50.13886260986328
20020128,152.34686279296875,210.2925262451172,103.94354248046875
20020129,181.031982421875,259.6303405761719,132.0471649169922
20020130,144.94371032714844,228.78781127929688,60.26261901855469
20020131,202.97596740722656,280.5936584472656,135.0247039794922
20020201,165.48814392089844,234.88499450683594,125.94683074951172
20020202,130.91949462890625,218.53929138183594,65.82453918457031
20020203,108.37190246582031,172.86131286621094,66.08406066894531
20020204,106.03141784667969,153.09005737304688,85.1281509399414
20020205,150.85113525390625,196.42356872558594,112.63771057128906
20020206,176.87013244628906,280.92572021484375,104.69607543945312
20020207,178.06687927246094,219.28790283203125,139.35829162597656
20020208,116.32762908935547,176.71551513671875,69.09290313720703
20020209,139.15809631347656,229.20567321777344,75.46585845947266
20020210,123.19467163085938,163.7539520263672,91.05797576904297
20020211,153.65740966796875,227.99542236328125,95.0853500366211
20020212,175.1688232421875,243.23414611816406,104.04169464111328
20020213,211.81605529785156,305.0147399902344,136.99131774902344
20020214,154.37716674804688,219.11468505859375,108.78766632080078
20020215,154.49920654296875,240.17245483398438,108.87366485595703
20020216,85.32833099365234,139.75076293945312,45.61275863647461
20020217,80.36820220947266,125.40650177001953,52.30070114135742
20020218,100.86990356445312,136.7608184814453,67.10118865966797
20020219,180.06777954101562,250.64151000976562,135.60633850097656
20020220,152.93212890625,195.61083984375,110.37210845947266
20020221,179.20448303222656,254.44500732421875,99.34276580810547
20020222,160.4704132080078,257.10504150390625,100.0771255493164
20020223,140.9603271484375,210.78965759277344,92.79356384277344
20020224,98.77731323242188,140.67608642578125,52.8019905090332
20020225,159.68655395507812,236.9414520263672,80.2882308959961
20020226,146.3383331298828,212.2005615234375,88.49810791015625
20020227,142.01129150390625,215.43893432617188,97.54999542236328
20020228,143.90663146972656,205.72149658203125,94.82718658447266
20020301,130.83250427246094,210.9077606201172,60.182437896728516
20020302,127.97880554199219,189.89376831054688,103.94354248046875
20020303,139.7707977294922,229.91192626953125,69.7342758178711
20020304,227.92897033691406,348.4153137207031,132.67105102539062
20020305,164.65980529785156,244.62010192871094,107.3880615234375
20020306,137.5359344482422,198.3756561279297,72.99922180175781
20020307,140.67794799804688,190.52142333984375,88.28538513183594
20020308,145.2630615234375,198.7669677734375,90.00098419189453
20020309,163.16551208496094,202.5618133544922,133.11727905273438
20020310,132.35565185546875,153.9396209716797,116.17218780517578
20020311,228.33181762695312,308.17462158203125,204.47006225585938
20020312,218.93406677246094,272.034423828125,163.58163452148438
20020313,190.65138244628906,225.70162963867188,178.34915161132812
20020314,151.40184020996094,223.80137634277344,104.18927001953125
20020315,158.84152221679688,230.33103942871094,115.27129364013672
20020316,118.30599212646484,157.2557830810547,70.62830352783203
20020317,120.71522521972656,169.89691162109375,100.37848663330078
20020318,184.0315399169922,300.8827209472656,85.6956787109375
20020319,132.2382354736328,204.33834838867188,71.47415161132812
20020320,176.20040893554688,257.6318054199219,117.21292114257812
20020321,136.19955444335938,213.36907958984375,72.80626678466797
20020322,160.05503845214844,245.04222106933594,95.06484985351562
20020323,102.80382537841797,148.03733825683594,66.48802185058594
20020324,145.44754028320312,217.49974060058594,90.70813751220703
20020325,115.09465026855469,157.76800537109375,83.74169921875
20020326,124.75477600097656,170.1915740966797,87.35790252685547
20020327,135.93052673339844,223.8895721435547,49.1436882019043
20020328,82.5390625,148.1129913330078,36.60470199584961
20020329,161.50827026367188,230.01589965820312,109.63198852539062
20020330,175.690673828125,286.60888671875,79.68670654296875
20020331,128.60557556152344,194.25714111328125,71.29303741455078
20020401,156.4376678466797,272.9232482910156,52.03312683105469
20020402,193.99566650390625,291.9223327636719,115.65872192382812
20020403,175.5214080810547,222.70326232910156,127.37589263916016
20020404,238.61715698242188,335.8343505859375,177.40872192382812
20020405,201.63455200195312,315.87896728515625,124.55147552490234
20020406,135.63743591308594,168.27369689941406,95.24217224121094
20020407,150.73837280273438,219.9137420654297,103.94354248046875
20020408,185.44561767578125,275.49969482421875,102.80255126953125
20020409,200.5656280517578,225.74803161621094,182.91627502441406
20020410,172.0408172607422,205.81350708007812,145.6583709716797
20020411,195.66746520996094,296.7188720703125,109.99681854248047
20020412,151.4982452392578,203.3122100830078,106.59469604492188
20020413,181.94027709960938,281.45208740234375,99.12039947509766
20020414,139.8639678955078,198.14227294921875,97.93791198730469
20020415,187.63999938964844,266.2042236328125,120.0219497680664
20020416,203.74920654296875,294.8545837402344,142.09742736816406
20020417,96.56777954101562,169.20277404785156,24.333072662353516
20020418,147.28070068359375,214.01954650878906,83.02950286865234
20020419,193.6302947998047,273.2177734375,133.76187133789062
20020420,140.31134033203125,212.8600311279297,86.23677062988281
20020421,104.21560668945312,141.0001220703125,68.08885955810547
20020422,118.96988677978516,163.08006286621094,86.56128692626953
20020423,129.708984375,192.3067626953125,71.90472412109375
20020424,114.12290954589844,161.67547607421875,79.91307830810547
20020425,106.271728515625,144.70484924316406,68.9703598022461
20020426,126.95223236083984,182.48397827148438,78.55982208251953
20020427,84.3966293334961,120.19549560546875,45.11471176147461
20020428,113.9554672241211,180.20057678222656,65.35002899169922
20020429,120.45700073242188,157.61317443847656,81.38306427001953
20020430,156.22311401367188,190.7047882080078,111.34663391113281
20020501,123.69332885742188,156.39645385742188,85.2942886352539
20020502,120.85652923583984,169.77365112304688,68.5199966430664
20020503,135.76097106933594,198.50320434570312,75.2596664428711
20020504,135.65753173828125,169.83624267578125,94.44012451171875
20020505,146.98622131347656,221.58767700195312,89.43194580078125
20020506,155.93028259277344,174.4076690673828,151.7981414794922
20020507,178.96644592285156,201.9799041748047,134.77694702148438
20020508,163.11886596679688,243.92514038085938,93.9035415649414
20020509,196.93170166015625,316.46502685546875,127.09333801269531
20020510,117.88497161865234,182.15927124023438,58.81502914428711
20020511,125.6385498046875,201.62489318847656,56.0583610534668
20020512,119.10356140136719,155.8422393798828,105.22824096679688
20020513,162.78903198242188,211.35177612304688,119.62416076660156
20020514,189.7490234375,205.19589233398438,187.19927978515625
20020515,167.72494506835938,203.0391082763672,169.3546600341797
20020516,186.93328857421875,186.35787963867188,201.15879821777344
20020517,139.6682891845703,181.61529541015625,121.18807220458984
20020518,170.6566619873047,255.19703674316406,121.63402557373047
20020519,111.98429107666016,151.25364685058594,84.10698699951172
20020520,154.4320526123047,223.23721313476562,121.99434661865234
20020521,187.75686645507812,274.08343505859375,195.1571502685547
20020522,209.65618896484375,280.67169189453125,244.06996154785156
20020523,209.3843536376953,230.14906311035156,245.5392303466797
20020524,166.7989044189453,186.70651245117188,165.4648895263672
20020525,150.43170166015625,153.0292510986328,183.80377197265625
20020526,95.5901870727539,131.9482421875,73.37191009521484
20020527,217.6717071533203,228.83815002441406,250.11026000976562
20020528,193.43460083007812,254.82322692871094,172.33599853515625
20020529,178.71270751953125,184.52557373046875,185.7565155029297
20020530,188.43130493164062,250.4683837890625,177.12391662597656
20020531,131.7838897705078,179.1521453857422,114.5634536743164
20020601,148.09837341308594,180.78675842285156,175.92633056640625
20020602,116.033447265625,119.40777587890625,118.27247619628906
20020603,196.47496032714844,227.2093963623047,202.58509826660156
20020604,155.92630004882812,165.80943298339844,184.40191650390625
20020605,175.3169403076172,220.77134704589844,138.10882568359375
20020606,151.0617218017578,204.38128662109375,121.12638854980469
20020607,209.43215942382812,270.5415344238281,191.31906127929688
20020608,125.6800765991211,143.1922607421875,109.48343658447266
20020609,114.34968566894531,128.2474365234375,112.91385650634766
20020610,148.87945556640625,178.1054229736328,167.127197265625
20020611,188.6277313232422,191.34619140625,225.6436767578125
20020612,154.95681762695312,198.20057678222656,111.83334350585938
20020613,165.0871124267578,215.84127807617188,135.0247039794922
20020614,141.88446044921875,190.52142333984375,115.5735855102539
20020615,225.8568878173828,280.63629150390625,212.3036651611328
20020616,93.41297149658203,114.61592864990234,71.70075225830078
20020617,177.12249755859375,187.8481903076172,162.95130920410156
20020618,130.80227661132812,130.399658203125,125.08112335205078
20020619,192.73121643066406,282.20263671875,115.18834686279297
20020620,153.10186767578125,205.3575439453125,97.21778869628906
20020621,147.35621643066406,176.28317260742188,122.53131103515625
20020622,103.61296844482422,133.67465209960938,86.15743255615234
20020623,90.2402114868164,89.96244049072266,100.05008697509766
20020624,161.40121459960938,206.87709045410156,134.2101593017578
20020625,191.23434448242188,297.2780456542969,113.19878387451172
20020626,161.8120574951172,243.49281311035156,111.70338439941406
20020627,131.9748077392578,199.98423767089844,87.79295349121094
20020628,99.77613830566406,113.67887115478516,71.11455535888672
20020629,105.30415344238281,155.97030639648438,70.05095672607422
20020630,76.38201904296875,112.21649932861328,46.79981994628906
20020701,121.23918914794922,155.95614624023438,104.06625366210938
20020702,138.87042236328125,162.07957458496094,123.92450714111328
20020703,102.73941802978516,142.7716827392578,82.84222412109375
20020704,153.99981689453125,238.1216583251953,109.76200866699219
20020705,148.06695556640625,205.96910095214844,103.07914733886719
20020706,174.1659393310547,258.74249267578125,113.58778381347656
20020707,87.87664794921875,121.88682556152344,50.83282470703125
20020708,105.22273254394531,147.6354217529297,84.25540924072266
20020709,107.98065185546875,131.95596313476562,81.10000610351562
20020710,100.47905731201172,142.17645263671875,64.68502044677734
20020711,111.34681701660156,172.0563201904297,69.44127655029297
20020712,141.09678649902344,159.84371948242188,122.65940856933594
20020713,103.31594848632812,115.8726806640625,85.91045379638672
20020714,111.96324157714844,169.3523712158203,70.62830352783203
20020715,113.15013122558594,155.58876037597656,97.33229064941406
20020716,103.72032165527344,174.48928833007812,53.90418243408203
20020717,109.50636291503906,133.42913818359375,96.11675262451172
20020718,121.22587585449219,157.38961791992188,117.21292114257812
20020719,118.19190979003906,165.5962371826172,90.31159210205078
20020720,113.899169921875,157.70635986328125,73.66390228271484
20020721,134.65721130371094,230.13040161132812,70.38220977783203
20020722,94.7530746459961,128.467529296875,100.85139465332031
20020723,87.65338897705078,123.79341125488281,54.6649055480957
20020724,129.3971710205078,206.39820861816406,91.45813751220703
20020725,126.8520278930664,155.2028350830078,95.89221954345703
20020726,100.09647369384766,130.97222900390625,62.42501449584961
20020727,126.38310241699219,172.4129638671875,121.68490600585938
20020728,85.83802795410156,147.80931091308594,58.39937210083008
20020729,114.08597564697266,89.3630599975586,149.0752410888672
20020730,164.4808349609375,190.6680908203125,146.31312561035156
20020731,148.47166442871094,177.61758422851562,131.68942260742188
20020801,132.85699462890625,147.16448974609375,108.01976013183594
20020802,132.50270080566406,148.2039794921875,107.49282836914062
20020803,183.65365600585938,223.774658203125,152.71377563476562
20020804,106.47539520263672,149.3929901123047,65.58342742919922
20020805,127.72338104248047,172.51193237304688,102.77999114990234
20020806,171.0715789794922,178.2970428466797,168.11526489257812
20020807,171.9987030029297,196.87213134765625,169.5079345703125
20020808,173.8640594482422,206.7783203125,147.1097869873047
20020809,106.64201354980469,132.8922119140625,72.04939270019531
20020810,162.5800018310547,229.61273193359375,107.02570343017578
20020811,93.97354888916016,124.91239166259766,58.60646057128906
20020812,156.4376678466797,194.94517517089844,117.07453918457031
20020813,118.43817138671875,162.35121154785156,80.01910400390625
20020814,101.44082641601562,174.35963439941406,52.355934143066406
20020815,86.18997192382812,126.02284240722656,47.7797737121582
20020816,119.85169982910156,146.03451538085938,105.19712829589844
20020817,93.49989318847656,99.8700942993164,72.19465637207031
20020818,91.90477752685547,103.57256317138672,86.3897476196289
20020819,66.01834869384766,92.91548919677734,38.75034713745117
20020820,151.77857971191406,181.5736846923828,107.27735137939453
20020821,155.4385223388672,254.82322692871094,80.42346954345703
20020822,142.13294982910156,173.50462341308594,110.95199584960938
20020823,130.636474609375,148.83926391601562,108.6283187866211
20020824,121.7016830444336,144.07589721679688,113.84860229492188
20020825,116.56026458740234,164.93113708496094,75.03755950927734
20020826,137.1577606201172,140.8790740966797,124.41925048828125
20020827,128.64340209960938,152.2938232421875,106.97102355957031
20020828,122.07669830322266,144.72543334960938,109.7411880493164
20020829,105.9334487915039,125.587158203125,104.75209045410156
20020830,113.77809143066406,136.1134490966797,97.31318664550781
20020831,114.1171646118164,101.125244140625,137.06622314453125
20020901,80.17214965820312,101.72320556640625,66.66565704345703
20020902,146.4594268798828,231.89602661132812,78.80245208740234
20020903,114.62171936035156,106.6509780883789,127.08206176757812
20020904,188.65008544921875,210.38272094726562,180.79754638671875
20020905,185.3947296142578,179.3880615234375,181.3665008544922
20020906,152.23196411132812,163.90444946289062,141.77593994140625
20020907,174.68618774414062,212.84814453125,145.2570343017578
20020908,119.03477478027344,142.4020538330078,113.12129974365234
20020909,157.56683349609375,160.73489379882812,164.5389404296875
20020910,225.34474182128906,256.744140625,230.21119689941406
20020911,198.01856994628906,304.573974609375,136.4314422607422
20020912,189.8242950439453,261.2044982910156,124.49734497070312
20020913,301.14251708984375,306.1021423339844,319.1492919921875
20020914,195.8675994873047,205.54177856445312,182.8716278076172
20020915,127.40645599365234,123.58146667480469,125.9856185913086
20020916,151.6937255859375,133.6422882080078,170.13975524902344
20020917,205.88314819335938,183.80545043945312,240.1886444091797
20020918,236.17381286621094,207.9270782470703,265.2485046386719
20020919,186.91604614257812,217.39749145507812,189.9657745361328
20020920,191.859130859375,191.26856994628906,209.39215087890625
20020921,133.69107055664062,195.4766845703125,113.63871765136719
20020922,93.0496597290039,111.31588745117188,99.03833770751953
20020923,128.31556701660156,121.18793487548828,140.3926544189453
20020924,216.18162536621094,185.67550659179688,248.9009552001953
20020925,237.24746704101562,195.12669372558594,290.986083984375
20020926,140.03936767578125,152.29998779296875,131.26766967773438
20020927,255.0333251953125,308.52606201171875,247.81002807617188
20020928,132.61557006835938,151.8978271484375,122.00527954101562
20020929,82.81419372558594,71.79067993164062,95.80882263183594
20020930,159.59909057617188,162.6435546875,153.35568237304688
20021001,155.41946411132812,121.52240753173828,162.17869567871094
20021002,134.1724090576172,148.62158203125,128.92367553710938
20021003,138.46746826171875,159.2783660888672,123.99695587158203
20021004,168.68211364746094,191.3577880859375,145.10116577148438
20021005,148.06393432617188,138.92535400390625,154.50328063964844
20021006,80.53811645507812,76.79933166503906,81.52865600585938
20021007,203.373046875,233.67454528808594,154.77960205078125
20021008,187.3271026611328,224.1005859375,197.3065948486328
20021009,209.0314483642578,272.0621337890625,183.47264099121094
20021010,178.04110717773438,199.99220275878906,179.32424926757812
20021011,178.9066162109375,217.37127685546875,172.01121520996094
20021012,200.94076538085938,229.7814178466797,176.91729736328125
20021013,136.17955017089844,224.00462341308594,90.59005737304688
20021014,183.2172393798828,263.0207214355469,146.2568359375
20021015,195.0481414794922,265.74530029296875,194.62637329101562
20021016,158.86204528808594,217.02972412109375,136.99131774902344
20021017,187.3101806640625,225.10354614257812,166.42239379882812
20021018,271.0020751953125,339.14691162109375,249.3197479248047
20021019,168.38644409179688,173.6566925048828,159.33151245117188
20021020,169.6090087890625,207.04522705078125,172.6961669921875
20021021,166.6923828125,127.28626251220703,188.7454376220703
20021022,135.33836364746094,96.3727035522461,155.4097442626953
20021023,161.51956176757812,146.89761352539062,193.21583557128906
20021024,144.02468872070312,166.25210571289062,126.06425476074219
20021025,201.68260192871094,242.37586975097656,206.7600860595703
20021026,191.54302978515625,258.3487548828125,178.0121612548828
20021027,118.0650405883789,121.06452941894531,140.2496795654297
20021028,174.34567260742188,218.27178955078125,182.0602264404297
20021029,176.87013244628906,209.1999969482422,169.5079345703125
20021030,154.1405487060547,214.5526580810547,130.59104919433594
20021031,140.3839111328125,142.40708923339844,147.45298767089844
20021101,169.1523895263672,202.3580780029297,159.40957641601562
20021102,99.69034576416016,107.90206909179688,85.26409149169922
20021103,67.60342407226562,101.09300231933594,44.97148895263672
20021104,94.85326385498047,109.10918426513672,91.0078353881836
20021105,143.17581176757812,136.2471466064453,162.34796142578125
20021106,182.93704223632812,213.2372283935547,159.13870239257812
20021107,155.1202392578125,129.70037841796875,166.43527221679688
20021108,160.74851989746094,160.25372314453125,181.4058074951172
20021109,168.8876190185547,124.06045532226562,206.9573516845703
20021110,91.07875061035156,94.16130065917969,78.53982543945312
20021111,164.7133026123047,197.0475616455078,164.3571319580078
20021112,156.8079376220703,136.78460693359375,195.58607482910156
20021113,192.52008056640625,243.71742248535156,188.0380859375
20021114,216.92471313476562,239.15478515625,224.94407653808594
20021115,194.85691833496094,219.5950164794922,197.25347900390625
20021116,196.5828399658203,228.15321350097656,195.1818389892578
20021117,142.364013671875,138.46420288085938,161.68995666503906
20021118,181.78724670410156,241.6369171142578,179.1547088623047
20021119,216.76708984375,255.66744995117188,203.09706115722656
20021120,123.64618682861328,126.13223266601562,129.11737060546875
20021121,142.7183380126953,154.75965881347656,137.4128875732422
20021122,147.58966064453125,196.18048095703125,118.1800308227539
20021123,178.74603271484375,212.68536376953125,139.04371643066406
20021124,123.9630355834961,178.50656127929688,85.89928436279297
20021125,130.18824768066406,115.36668395996094,132.31240844726562
20021126,168.43563842773438,158.03970336914062,159.2833709716797
20021127,142.67613220214844,179.34225463867188,118.63967895507812
20021128,147.8824920654297,129.73602294921875,177.07525634765625
20021129,198.87835693359375,278.81182861328125,160.20565795898438
20021130,180.1571807861328,243.33261108398438,154.63880920410156
20021201,117.51902770996094,161.09127807617188,91.61321258544922
20021202,176.1206817626953,261.5,124.63818359375
20021203,174.34567260742188,180.2463836669922,187.92910766601562
20021204,172.23056030273438,194.5937957763672,152.7627716064453
20021205,200.5186309814453,223.8895721435547,191.19235229492188
20021206,216.98040771484375,265.3433837890625,182.83169555664062
20021207,102.48162078857422,138.22482299804688,85.2166748046875
20021208,88.60778045654297,108.72003936767578,79.34784698486328
20021209,135.84661865234375,152.79110717773438,110.06430053710938
20021210,175.5214080810547,146.34786987304688,206.98582458496094
20021211,177.71910095214844,168.4586944580078,184.1181182861328
20021212,171.68795776367188,191.2958984375,176.3554229736328
20021213,165.3433074951172,130.730712890625,189.63880920410156
20021214,157.45294189453125,126.7820816040039,176.2479705810547
20021215,84.66626739501953,77.3718490600586,88.0033187866211
20021216,152.83306884765625,141.732666015625,171.41761779785156
20021217,176.88467407226562,160.3092803955078,181.85073852539062
20021218,201.6075897216797,204.07913208007812,196.01336669921875
20021219,175.6255340576172,167.00408935546875,193.2196807861328
20021220,276.04730224609375,215.37203979492188,314.3727111816406
20021221,183.48544311523438,182.920654296875,207.0645751953125
20021222,150.92306518554688,185.1796875,128.7151336669922
20021223,189.76104736328125,197.4020233154297,192.0948944091797
20021224,273.1567687988281,164.2540740966797,353.326416015625
20021225,193.8652801513672,201.67152404785156,266.33880615234375
20021226,206.7483367919922,201.53167724609375,236.86441040039062
20021227,203.78883361816406,199.17800903320312,212.6516876220703
20021228,194.85691833496094,159.97647094726562,216.03952026367188
20021229,138.82704162597656,138.39971923828125,147.5054473876953
20021230,162.6325225830078,145.06539916992188,213.5274200439453
20021231,228.60751342773438,223.4351348876953,238.54971313476562
20030101,282.2366943359375,276.4316711425781,337.6222839355469
20030102,183.23313903808594,179.08737182617188,179.25186157226562
20030103,171.76275634765625,132.79376220703125,215.69659423828125
20030104,162.8563690185547,151.9919891357422,190.1644744873047
20030105,161.7680206298828,153.9396209716797,201.7727508544922
20030106,117.88497161865234,109.68730926513672,124.16505432128906
20030107,209.52989196777344,152.51914978027344,254.43206787109375
20030108,202.4346923828125,189.58058166503906,275.45037841796875
20030109,175.06552124023438,158.16476440429688,204.7112579345703
20030110,245.26593017578125,164.9712677001953,309.6052551269531
20030111,209.2147979736328,220.15809631347656,227.12576293945312
20030112,110.64944458007812,89.62593841552734,143.76324462890625
20030113,202.41307067871094,162.98423767089844,220.1013641357422
20030114,192.99581909179688,157.70635986328125,220.99169921875
20030115,242.0273895263672,186.04908752441406,286.1192321777344
20030116,177.98077392578125,153.59866333007812,189.9657745361328
20030117,241.23495483398438,211.1640625,269.0900573730469
20030118,166.2014923095703,159.97647094726562,171.560791015625
20030119,96.48255157470703,85.498291015625,112.91385650634766
20030120,210.02932739257812,176.3223876953125,232.8612823486328
20030121,229.150146484375,194.8499755859375,285.81829833984375
20030122,226.7268524169922,135.03030395507812,288.9168395996094
20030123,184.45852661132812,127.70191192626953,217.29263305664062
20030124,247.8791961669922,247.1162109375,267.0182189941406
20030125,246.10879516601562,293.2934265136719,254.04476928710938
20030126,171.4000244140625,160.4108428955078,197.78907775878906
20030127,258.5601501464844,201.7285614013672,348.9869384765625
20030128,285.5661926269531,183.46507263183594,390.4851989746094
20030129,257.6104736328125,211.49679565429688,352.81842041015625
20030130,264.37091064453125,263.5571594238281,320.95574951171875
20030131,230.36341857910156,180.2350616455078,281.2697448730469
20030201,202.2034149169922,130.43478393554688,262.09820556640625
20030202,113.42125701904297,133.02603149414062,122.05253601074219
20030203,167.58953857421875,213.28555297851562,166.0411376953125
20030204,206.43997192382812,170.97608947753906,264.0943298339844
20030205,196.5828399658203,140.4019775390625,243.97731018066406
20030206,211.49472045898438,121.93370819091797,292.40118408203125
20030207,257.0344543457031,172.74827575683594,345.8139343261719
20030208,201.5822296142578,179.96572875976562,260.1893005371094
20030209,110.89588928222656,135.5184783935547,113.03579711914062
20030210,180.551513671875,117.54824829101562,238.98919677734375
20030211,213.4058074951172,190.52142333984375,248.9647674560547
20030212,296.34130859375,298.3541564941406,336.6886901855469
20030213,334.6556091308594,375.3287048339844,382.63037109375
20030214,344.46112060546875,331.9541320800781,448.74066162109375
20030215,317.9156799316406,209.4048614501953,453.1831359863281
20030216,172.03762817382812,208.50003051757812,201.9595489501953
20030217,290.7829284667969,274.21826171875,385.565185546875
20030218,342.6794128417969,303.66632080078125,431.74041748046875
20030219,242.38299560546875,212.87062072753906,278.32965087890625
20030220,239.49514770507812,209.24855041503906,304.31561279296875
20030221,227.27735900878906,198.2555694580078,259.8588562011719
20030222,267.0457763671875,287.1627197265625,279.4424133300781
20030223,197.71347045898438,207.47882080078125,224.97518920898438
20030224,186.14198303222656,166.63340759277344,240.07142639160156
20030225,338.8227233886719,295.1473693847656,415.774169921875
20030226,284.5334167480469,197.06736755371094,353.6523742675781
20030227,228.99131774902344,212.7214813232422,285.6202087402344
20030228,240.8625030517578,203.39669799804688,315.7429504394531
20030301,189.617919921875,194.7625732421875,215.00897216796875
20030302,139.9183807373047,160.4108428955078,145.4331512451172
20030303,247.09963989257812,199.92735290527344,303.7398681640625
20030304,326.0909729003906,289.68170166015625,397.3358459472656
20030305,338.194091796875,270.8751220703125,384.5729675292969
20030306,285.29290771484375,273.8808898925781,316.3066711425781
20030307,313.0617370605469,224.07041931152344,422.742919921875
20030308,299.55615234375,249.34498596191406,367.589599609375
20030309,184.0315399169922,176.67007446289062,198.36961364746094
20030310,327.6165771484375,297.5763244628906,387.44671630859375
20030311,309.0897521972656,255.22567749023438,379.03631591796875
20030312,347.3749694824219,288.1263732910156,425.19183349609375
20030313,262.22265625,202.7303924560547,333.7444152832031
20030314,336.5860595703125,307.5874938964844,433.8168640136719
20030315,268.6663818359375,211.9168701171875,338.78924560546875
20030316,216.61659240722656,292.36285400390625,232.77496337890625
20030317,344.8414306640625,312.5272521972656,417.08575439453125
20030318,554.5792846679688,653.9349365234375,689.2457885742188
20030319,540.0611572265625,575.82763671875,658.0070190429688
20030320,478.953857421875,700.9306640625,498.3218994140625
20030321,595.0257568359375,924.4585571289062,479.7891540527344
20030322,441.2936096191406,651.3327026367188,338.35601806640625
20030323,255.0551300048828,339.0267028808594,251.361572265625
20030324,441.4510192871094,678.615478515625,285.81829833984375
20030325,516.6660766601562,753.482177734375,353.5191955566406
20030326,417.85089111328125,624.8470458984375,278.8792419433594
20030327,482.874267578125,713.3521118164062,370.3185119628906
20030328,373.5393371582031,486.1752624511719,323.5517578125
20030329,347.1935119628906,487.979248046875,279.2366638183594
20030330,207.0354766845703,342.9385681152344,132.42807006835938
20030331,439.0150146484375,676.3892822265625,298.68115234375
20030401,512.3755493164062,706.802490234375,401.2856140136719
20030402,428.78411865234375,648.18115234375,288.966552734375
20030403,356.857421875,510.4367980957031,245.13148498535156
20030404,394.21319580078125,621.7608032226562,229.94969177246094
20030405,261.07525634765625,380.6122741699219,191.4146728515625
20030406,206.4307098388672,347.279541015625,112.64766693115234
20030407,277.4571533203125,357.56011962890625,225.08714294433594
20030408,339.9819641113281,527.8995361328125,230.1674346923828
20030409,354.1921691894531,549.912841796875,217.27024841308594
20030410,287.7442321777344,359.1562194824219,237.3230743408203
20030411,319.0881652832031,452.8966064453125,229.35459899902344
20030412,240.04112243652344,315.31591796875,192.55694580078125
20030413,199.27674865722656,286.5963439941406,173.8542938232422
20030414,263.29754638671875,368.9007873535156,213.02285766601562
20030415,280.6707458496094,357.8924560546875,217.10374450683594
20030416,280.16741943359375,328.59417724609375,242.10398864746094
20030417,229.66416931152344,199.3274688720703,260.62188720703125
20030418,234.4587860107422,273.80633544921875,239.52207946777344
20030419,193.57135009765625,205.42555236816406,207.69114685058594
20030420,166.0056610107422,233.19705200195312,125.48992919921875
20030421,199.16050720214844,226.91139221191406,189.26651000976562
20030422,174.87667846679688,207.864990234375,184.56573486328125
20030423,184.3619384765625,136.36361694335938,252.20770263671875
20030424,172.42071533203125,187.516357421875,178.13037109375
20030425,214.83786010742188,219.96511840820312,207.61378479003906
20030426,167.8294219970703,164.5699920654297,164.72116088867188
20030427,120.2796859741211,155.55821228027344,102.71947479248047
20030428,141.50070190429688,159.15042114257812,126.71321105957031
20030429,159.49400329589844,134.54104614257812,163.2298583984375
20030430,225.6596221923828,178.818359375,274.2475280761719
20030501,201.63455200195312,240.17245483398438,187.2626953125
20030502,154.0729217529297,208.455322265625,114.38969421386719
20030503,140.54986572265625,186.822998046875,151.24563598632812
20030504,100.38084411621094,124.22712707519531,92.10462188720703
20030505,175.32733154296875,171.06878662109375,186.1151123046875
20030506,160.2855224609375,153.1341552734375,172.156494140625
20030507,155.23085021972656,151.83316040039062,165.61119079589844
20030508,145.42979431152344,161.09127807617188,147.80264282226562
20030509,192.15760803222656,211.5804901123047,186.0184326171875
20030510,131.2737579345703,167.06768798828125,106.83572387695312
20030511,104.0421371459961,113.7594985961914,89.30509185791016
20030512,182.04844665527344,177.9294891357422,172.156494140625
20030513,167.39894104003906,237.48831176757812,117.78247833251953
20030514,222.93380737304688,302.0287780761719,161.6102294921875
20030515,224.31561279296875,239.22689819335938,221.22787475585938
20030516,210.05142211914062,266.0007629394531,207.70895385742188
20030517,152.7168731689453,182.69613647460938,170.8577423095703
20030518,111.65958404541016,155.1676025390625,90.03485870361328
20030519,144.02468872070312,222.55111694335938,101.79688262939453
20030520,195.0513916015625,283.4370422363281,137.45028686523438
20030521,186.0993194580078,211.21475219726562,219.02708435058594
20030522,207.52186584472656,237.91554260253906,185.5030059814453
20030523,189.28958129882812,133.20489501953125,226.84149169921875
20030524,132.04342651367188,125.91363525390625,147.9889373779297
20030525,126.43388366699219,144.05108642578125,108.1375503540039
20030526,152.40499877929688,160.873291015625,134.18421936035156
20030527,126.29615020751953,107.92063903808594,144.02635192871094
20030528,148.3239288330078,166.3507843017578,118.1969985961914
20030529,126.14082336425781,158.55755615234375,118.57135772705078
20030530,143.50474548339844,137.10205078125,144.18882751464844
20030531,141.44183349609375,152.2869873046875,141.13597106933594
20030601,86.08544158935547,109.85018920898438,68.71942901611328
20030602,150.92306518554688,115.73731231689453,173.7654266357422
20030603,205.2592010498047,195.1830596923828,210.0670166015625
20030604,186.1929931640625,227.1765594482422,157.13612365722656
20030605,166.0300750732422,186.8762969970703,155.873291015625
20030606,172.52955627441406,229.3313446044922,148.24586486816406
20030607,123.50086975097656,142.2728271484375,104.9769515991211
20030608,87.88444519042969,114.57206726074219,67.45723724365234
20030609,150.4003448486328,179.9248809814453,150.0751190185547
20030610,172.4990997314453,163.2239990234375,194.49276733398438
20030611,158.8833465576172,185.2914276123047,134.60923767089844
20030612,172.36123657226562,225.52780151367188,138.84490966796875
20030613,139.1835174560547,222.00816345214844,106.47662353515625
20030614,94.96399688720703,139.2230682373047,60.38541030883789
20030615,65.59539794921875,116.25509643554688,30.30257225036621
20030616,173.56820678710938,242.9838409423828,153.53977966308594
20030617,146.9412841796875,114.6435546875,154.06097412109375
20030618,176.98492431640625,252.89752197265625,156.979736328125
20030619,164.94113159179688,197.3201141357422,150.8690948486328
20030620,156.13766479492188,115.97976684570312,173.11114501953125
20030621,113.65294647216797,132.64755249023438,106.0311050415039
20030622,111.69879913330078,146.15341186523438,104.4911880493164
20030623,141.2943572998047,179.987060546875,117.49068450927734
20030624,155.84652709960938,204.9519805908203,132.34854125976562
20030625,226.12387084960938,298.6186828613281,175.81939697265625
20030626,166.99722290039062,207.42166137695312,132.03407287597656
20030627,150.3033447265625,182.15927124023438,112.72880554199219
20030628,95.80607604980469,98.40545654296875,91.73632049560547
20030629,108.49020385742188,165.839599609375,72.17041015625
20030630,150.57125854492188,215.53936767578125,96.31131744384766
20030701,154.60842895507812,190.20608520507812,114.88497161865234
20030702,176.50218200683594,226.23284912109375,136.2837371826172
20030703,119.1362075805664,168.015380859375,77.31940460205078
20030704,150.40847778320312,178.50656127929688,125.06936645507812
20030705,73.82660675048828,95.9991683959961,53.38185501098633
20030706,71.03700256347656,74.54562377929688,62.17841339111328
20030707,88.90205383300781,123.30908203125,64.282470703125
20030708,190.14739990234375,206.1903533935547,160.88743591308594
20030709,145.81637573242188,170.6488494873047,115.97911071777344
20030710,147.4773406982422,169.64236450195312,127.3486328125
20030711,95.22189331054688,120.8184585571289,76.78059387207031
20030712,114.01953887939453,137.5988006591797,89.8207778930664
20030713,88.53187561035156,117.67916107177734,67.4822769165039
20030714,143.31256103515625,122.46123504638672,143.00267028808594
20030715,147.0074462890625,130.27105712890625,157.55543518066406
20030716,141.7947998046875,132.33546447753906,160.553955078125
20030717,138.02365112304688,157.2557830810547,121.79779052734375
20030718,132.38502502441406,158.373046875,127.20621490478516
20030719,111.11968231201172,89.81970977783203,114.87504577636719
20030720,139.8639678955078,190.80368041992188,97.93791198730469
20030721,165.02464294433594,168.52928161621094,167.34530639648438
20030722,134.77256774902344,134.35772705078125,135.66078186035156
20030723,170.6566619873047,261.2731628417969,96.2936019897461
20030724,125.432861328125,187.5701446533203,56.89164733886719
20030725,159.49400329589844,262.96661376953125,96.917724609375
20030726,110.11305236816406,140.2669219970703,76.30204010009766
20030727,79.32032012939453,90.37275695800781,75.37980651855469
20030728,134.12850952148438,235.015380859375,54.076148986816406
20030729,178.56524658203125,283.3717956542969,96.96823120117188
20030730,191.421630859375,284.63140869140625,118.70535278320312
20030731,134.59024047851562,153.3439483642578,137.0399932861328
20030801,153.78680419921875,190.10865783691406,117.64826202392578
20030802,95.55484008789062,101.6114273071289,90.05109405517578
20030803,117.16477966308594,155.7388458251953,94.47386932373047
20030804,161.4876708984375,181.6304168701172,130.83892822265625
20030805,107.45465850830078,162.53280639648438,73.9464111328125
20030806,152.3019561767578,221.42337036132812,110.8133773803711
20030807,136.0087127685547,192.83920288085938,80.42346954345703
20030808,150.86306762695312,236.7979278564453,80.07278442382812
20030809,119.11078643798828,154.04647827148438,80.30623626708984
20030810,112.0372314453125,156.36932373046875,93.16246795654297
20030811,134.56069946289062,181.49232482910156,111.89143371582031
20030812,144.33079528808594,203.5467987060547,122.94278717041016
20030813,179.57772827148438,230.1749725341797,154.6575164794922
20030814,150.97494506835938,165.26611328125,162.4640350341797
20030815,218.30674743652344,315.4127197265625,168.3746337890625
20030816,138.86746215820312,207.6600341796875,91.41584777832031
20030817,76.8662109375,109.47087097167969,54.785709381103516
20030818,139.3135986328125,208.3271484375,90.10059356689453
20030819,162.79713439941406,239.91587829589844,100.05677032470703
20030820,208.78836059570312,285.81201171875,155.47528076171875
20030821,117.3084716796875,144.7919921875,97.54566955566406
20030822,134.41436767578125,178.6675262451172,114.2535400390625
20030823,127.05738830566406,180.95184326171875,95.59008026123047
20030824,73.3796615600586,90.57136535644531,63.92308807373047
20030825,129.42877197265625,177.41677856445312,87.44457244873047
20030826,195.96533203125,232.9317626953125,175.48602294921875
20030827,164.56178283691406,157.9791259765625,157.11061096191406
20030828,139.65293884277344,122.51631164550781,157.9310760498047
20030829,114.12010955810547,147.59201049804688,97.45915985107422
20030830,103.81266021728516,94.08465576171875,99.40279388427734
20030831,99.44561767578125,129.90695190429688,68.43487548828125
20030901,154.58648681640625,246.57704162597656,66.10809326171875
20030902,151.9186553955078,184.69638061523438,123.2440185546875
20030903,132.26222229003906,155.8287811279297,124.97748565673828
20030904,99.1626205444336,80.1546401977539,120.34239959716797
20030905,133.41104125976562,101.87264251708984,146.34039306640625
20030906,79.68376159667969,90.7868423461914,75.72518920898438
20030907,81.70773315429688,149.33642578125,16.98563575744629
20030908,165.078125,255.99777221679688,122.01567840576172
20030909,157.88873291015625,160.48907470703125,175.05258178710938
20030910,159.7130889892578,171.01565551757812,137.72518920898438
20030911,97.42845916748047,153.36090087890625,55.431190490722656
20030912,126.27696228027344,158.09225463867188,112.32905578613281
20030913,150.17742919921875,178.50656127929688,120.07427215576172
20030914,64.75183868408203,74.74502563476562,62.34473419189453
20030915,111.34681701660156,117.94183349609375,104.16191101074219
20030916,133.7183380126953,127.2473373413086,136.46165466308594
20030917,122.79346466064453,159.42481994628906,94.9828872680664
20030918,128.5934600830078,158.965087890625,111.20667266845703
20030919,115.17205810546875,169.4925537109375,72.96698760986328
20030920,93.51132202148438,124.2979736328125,61.26355743408203
20030921,98.42670440673828,169.17884826660156,45.15579605102539
20030922,116.2304458618164,163.58494567871094,73.90825653076172
20030923,105.3466796875,116.69156646728516,82.7324447631836
20030924,150.3084716796875,190.18893432617188,120.1790542602539
20030925,110.16273498535156,127.70191192626953,102.25535583496094
20030926,119.1969985961914,160.28245544433594,92.20095825195312
20030927,67.43140411376953,78.42781829833984,56.07132339477539
20030928,82.98014831542969,105.88765716552734,55.200477600097656
20030929,131.30223083496094,157.0776824951172,112.30139923095703
20030930,120.9807357788086,91.89207458496094,153.29412841796875
20031001,83.62345123291016,118.32601165771484,62.8062744140625
20031002,114.31814575195312,159.02268981933594,88.42709350585938
20031003,133.1291961669922,130.1170654296875,151.94268798828125
20031004,76.640380859375,84.89386749267578,80.25118255615234
20031005,71.44754028320312,84.17809295654297,70.21284484863281
20031006,135.81527709960938,191.53753662109375,88.14412689208984
20031007,126.36498260498047,161.9691619873047,85.06188201904297
20031008,88.89289855957031,119.89667510986328,73.91722869873047
20031009,77.25422668457031,98.02091217041016,70.07925415039062
20031010,137.33697509765625,158.8205108642578,123.33599090576172
20031011,84.17180633544922,92.03329467773438,90.31159210205078
20031012,78.48136901855469,104.31973266601562,65.25971984863281
20031013,129.8358154296875,146.9275360107422,116.71626281738281
20031014,123.98285675048828,133.1090087890625,111.02606201171875
20031015,113.08515930175781,137.48423767089844,105.50139617919922
20031016,130.32275390625,179.52806091308594,98.51587677001953
20031017,110.5087661743164,150.4741973876953,85.16773986816406
20031018,84.21781921386719,100.75031280517578,65.3611068725586
20031019,89.80892944335938,137.74229431152344,51.700801849365234
20031020,115.70845031738281,145.01431274414062,93.46619415283203
20031021,154.48745727539062,189.5531463623047,128.46116638183594
20031022,163.6863555908203,116.16381072998047,193.7841796875
20031023,120.77069091796875,137.5988006591797,98.37513732910156
20031024,133.05711364746094,121.59358978271484,124.47130584716797
20031025,66.37202453613281,102.25922393798828,45.15579605102539
20031026,65.62960052490234,96.41960144042969,45.956268310546875
20031027,101.59024810791016,122.97987365722656,72.40754699707031
20031028,112.82160186767578,143.7172088623047,78.17891693115234
20031029,128.69772338867188,161.77157592773438,111.6690673828125
20031030,74.46671295166016,95.79032135009766,55.92900848388672
20031031,107.62855529785156,95.3753433227539,104.41259765625
20031101,85.4322738647461,109.89588165283203,64.16481018066406
20031102,70.9112319946289,94.25728607177734,61.772769927978516
20031103,151.24195861816406,213.29347229003906,122.6950454711914
20031104,122.4551010131836,156.510498046875,83.5489273071289
20031105,109.33541870117188,164.9712677001953,68.8011703491211
20031106,95.63146209716797,105.93011474609375,79.52056121826172
20031107,86.4900131225586,103.46854400634766,71.91915893554688
20031108,83.2303466796875,105.10059356689453,64.59473419189453
20031109,117.07620239257812,171.6409149169922,85.89928436279297
20031110,128.7169189453125,173.61036682128906,113.32816314697266
20031111,151.92530822753906,196.00404357910156,118.89944458007812
20031112,95.49745178222656,124.95458984375,69.48297882080078
20031113,120.3111801147461,175.91323852539062,57.802337646484375
20031114,101.61250305175781,133.1367950439453,86.90809631347656
20031115,78.94898223876953,111.5001220703125,49.23641586303711
20031116,84.41813659667969,114.45526885986328,50.541351318359375
20031117,129.6370391845703,197.25802612304688,73.75601959228516
20031118,152.06207275390625,190.23561096191406,143.7994842529297
20031119,134.9673309326172,146.25205993652344,126.86819458007812
20031120,131.6600799560547,168.0061798095703,113.85865783691406
20031121,203.2079315185547,255.30938720703125,175.91790771484375
20031122,171.89224243164062,203.3122100830078,159.8920440673828
20031123,100.7880630493164,147.3674774169922,83.80843353271484
20031124,131.8997344970703,180.33425903320312,94.0103759765625
20031125,101.4374771118164,94.80491638183594,94.89199829101562
20031126,105.75332641601562,167.44418334960938,67.24610137939453
20031127,119.6953125,149.15859985351562,114.4599609375
20031128,143.21250915527344,148.97915649414062,139.79624938964844
20031129,123.1437759399414,141.179443359375,102.39791107177734
20031130,85.60568237304688,126.15801239013672,55.70906448364258
20031201,143.38528442382812,175.9309844970703,116.17218780517578
20031202,120.2796859741211,155.55821228027344,75.68803405761719
20031203,166.86441040039062,240.2844696044922,149.03099060058594
20031204,134.11204528808594,171.13502502441406,107.0576400756836
20031205,112.19035339355469,164.82423400878906,63.829856872558594
20031206,112.9284439086914,121.24090576171875,101.12689208984375
20031207,111.0722885131836,136.78460693359375,81.49419403076172
20031208,82.53282928466797,104.71846008300781,68.62863159179688
20031209,80.16585540771484,119.87864685058594,38.091670989990234
20031210,143.1533203125,159.83819580078125,114.2750015258789
20031211,109.37723541259766,150.57981872558594,69.29569244384766
20031212,133.43092346191406,156.15415954589844,106.12799072265625
20031213,93.47633361816406,116.48576354980469,72.87046813964844
20031214,69.81175231933594,76.55654907226562,69.66079711914062
20031215,130.18824768066406,158.6291961669922,102.24140167236328
20031216,138.4081268310547,177.8435821533203,102.30284118652344
20031217,133.35130310058594,187.3257293701172,105.84552764892578
20031218,81.54877471923828,123.34833526611328,56.11892318725586
20031219,156.91110229492188,214.3644561767578,101.4817123413086
20031220,144.02468872070312,156.0666961669922,156.21005249023438
20031221,108.18070220947266,126.44214630126953,93.05755615234375
20031222,177.00743103027344,184.86557006835938,196.2496337890625
20031223,171.53688049316406,243.21261596679688,190.18438720703125
20031224,186.5093231201172,234.44007873535156,182.0602264404297
20031225,128.8936767578125,154.19631958007812,128.61495971679688
20031226,151.0141143798828,194.25714111328125,129.62371826171875
20031227,105.8453598022461,156.3252716064453,78.23442840576172
20031228,131.74984741210938,210.15089416503906,68.86259460449219
20031229,184.27528381347656,218.7000732421875,204.30755615234375
20031230,191.7802276611328,252.0230712890625,181.2173614501953
20031231,156.75912475585938,123.37626647949219,185.23439025878906
20040101,213.8673553466797,227.42298889160156,221.30877685546875
20040102,165.03895568847656,180.20057678222656,209.12010192871094
20040103,177.8825225830078,157.63108825683594,216.9418182373047
20040104,134.9707489013672,192.2218475341797,89.78591918945312
20040105,102.5318603515625,141.5301971435547,85.25845336914062
20040106,128.3698272705078,106.12535095214844,135.3820343017578
20040107,148.559814453125,138.64918518066406,157.70059204101562
20040108,128.0351104736328,157.51441955566406,90.60868072509766
20040109,144.02468872070312,123.06974029541016,161.31077575683594
20040110,122.35610961914062,136.8550262451172,148.89210510253906
20040111,66.3211669921875,69.59686279296875,58.0506591796875
20040112,73.85881042480469,80.99461364746094,67.55751037597656
20040113,147.0890350341797,171.07566833496094,163.078857421875
20040114,97.6024398803711,82.55928039550781,93.45638275146484
20040115,119.8276138305664,132.73196411132812,106.2831039428711
20040116,95.97431182861328,81.18208312988281,106.40752410888672
20040117,84.5761947631836,89.93692016601562,65.63924407958984
20040118,62.63258361816406,97.12857055664062,40.507408142089844
20040119,89.23943328857422,128.10922241210938,53.42787170410156
20040120,101.1986083984375,127.79033660888672,89.75980377197266
20040121,85.46660614013672,88.14158630371094,83.3212890625
20040122,117.88497161865234,146.9026336669922,102.9262924194336
20040123,105.160888671875,115.8726806640625,92.04690551757812
20040124,87.4698486328125,101.26522064208984,79.7726821899414
20040125,78.19366455078125,120.4727783203125,47.287620544433594
20040126,97.64118957519531,79.3145980834961,114.26981353759766
20040127,129.5947265625,138.64918518066406,136.67385864257812
20040128,129.1390838623047,149.6995086669922,94.89677429199219
20040129,142.78309631347656,165.63616943359375,125.20471954345703
20040130,91.77677154541016,137.2414093017578,47.69703674316406
20040131,69.3731460571289,74.92290496826172,62.49310302734375
20040201,94.24586486816406,125.27436065673828,69.66079711914062
20040202,184.90579223632812,243.16749572753906,157.02635192871094
20040203,150.85113525390625,153.45591735839844,153.59686279296875
20040204,161.24368286132812,152.2869873046875,174.0677032470703
20040205,116.08836364746094,134.57095336914062,103.26583099365234
20040206,140.21450805664062,128.13433837890625,160.31504821777344
20040207,112.10042572021484,145.281982421875,74.57201385498047
20040208,94.64479064941406,90.85889434814453,99.10383605957031
20040209,133.39198303222656,140.36924743652344,135.56842041015625
20040210,125.6800765991211,131.2595672607422,159.24864196777344
20040211,126.61370086669922,152.64292907714844,102.83480834960938
20040212,93.02062225341797,77.27857971191406,90.24114990234375
20040213,121.84808349609375,118.6480712890625,117.81453704833984
20040214,100.55011749267578,116.94738006591797,88.25560760498047
20040215,99.94815826416016,135.22640991210938,65.30073547363281
20040216,93.02693176269531,104.83718872070312,94.17107391357422
20040217,91.92457580566406,91.6416244506836,103.73750305175781
20040218,93.43912506103516,96.1563949584961,85.2166748046875
20040219,132.07144165039062,139.72604370117188,116.54532623291016
20040220,77.57096862792969,80.19635009765625,62.11370086669922
20040221,84.28925323486328,106.43775177001953,70.08914947509766
20040222,78.952392578125,116.35298156738281,34.252899169921875
20040223,120.86905670166016,195.80764770507812,56.534854888916016
20040224,138.15158081054688,195.87744140625,97.00755310058594
20040225,161.73477172851562,149.29345703125,184.2977294921875
20040226,111.17694091796875,95.72090911865234,113.45782470703125
20040227,126.19306182861328,154.39657592773438,100.16377258300781
20040228,89.45330810546875,117.04607391357422,69.7342758178711
20040229,76.07148742675781,89.62593841552734,63.255828857421875
20040301,118.18185424804688,145.53997802734375,86.71050262451172
20040302,86.58211517333984,83.11873626708984,74.6622543334961
20040303,108.42167663574219,113.77678680419922,104.39118194580078
20040304,112.2904281616211,154.59042358398438,75.58767700195312
20040305,106.57826232910156,97.63532257080078,95.80882263183594
20040306,101.79093170166016,92.77952575683594,116.0809326171875
20040307,47.958580017089844,54.64109802246094,34.18205261230469
20040308,84.56055450439453,109.95687103271484,67.25758361816406
20040309,82.81419372558594,117.94183349609375,63.94384002685547
20040310,111.99072265625,129.27432250976562,88.22254180908203
20040311,110.76236724853516,138.6687774658203,94.24430084228516
20040312,179.51255798339844,240.4774932861328,135.27622985839844
20040313,148.3239288330078,191.3577880859375,116.0809326171875
20040314,103.08820343017578,109.6222915649414,97.15055084228516
20040315,192.08543395996094,289.0478210449219,114.51985168457031
20040316,257.50286865234375,354.9573974609375,222.0521240234375
20040317,182.44778442382812,261.46142578125,146.97007751464844
20040318,145.77308654785156,205.45860290527344,100.3157730102539
20040319,207.21534729003906,286.9132385253906,167.51979064941406
20040320,161.86093139648438,250.39041137695312,120.66908264160156
20040321,123.47163391113281,189.91273498535156,64.5357666015625
20040322,162.4178009033203,248.52508544921875,100.50640869140625
20040323,208.84275817871094,288.27685546875,170.9876251220703
20040324,174.34567260742188,245.72998046875,134.97569274902344
20040325,145.94021606445312,181.17747497558594,119.06417083740234
20040326,164.9051055908203,184.58670043945312,168.39761352539062
20040327,108.25385284423828,129.5047607421875,85.51564025878906
20040328,70.85706329345703,113.0223388671875,53.02788162231445
20040329,149.4117431640625,203.4464111328125,103.02874755859375
20040330,116.3378677368164,183.12594604492188,61.09804916381836
20040331,173.7556610107422,251.4495849609375,139.82252502441406
20040401,139.82443237304688,172.34170532226562,143.75
20040402,167.09413146972656,239.64111328125,131.6311492919922
20040403,125.793701171875,205.7952880859375,69.7342758178711
20040404,84.12870788574219,139.7829132080078,52.466739654541016
20040405,184.23623657226562,264.48358154296875,128.68649291992188
20040406,175.18386840820312,228.62571716308594,132.42807006835938
20040407,131.7672576904297,183.29534912109375,101.92428588867188
20040408,148.9707489013672,210.61729431152344,112.61258697509766
20040409,252.65345764160156,377.81365966796875,210.08926391601562
20040410,165.62838745117188,216.1551971435547,145.2374725341797
20040411,109.2883529663086,150.278564453125,94.0103759765625
20040412,187.35340881347656,270.2301330566406,159.10491943359375
20040413,153.91021728515625,195.28277587890625,145.4331512451172
20040414,239.2073516845703,326.01104736328125,231.64016723632812
20040415,177.98077392578125,270.1217956542969,141.36988830566406
20040416,180.40274047851562,217.0572509765625,191.39276123046875
20040417,67.66095733642578,89.93692016601562,56.26220703125
20040418,125.52888488769531,173.80902099609375,86.98432922363281
20040419,176.76454162597656,218.5133514404297,146.98526000976562
20040420,144.69395446777344,184.1470947265625,133.11727905273438
20040421,134.60964965820312,157.5336151123047,102.19889831542969
20040422,148.20750427246094,176.26470947265625,142.697998046875
20040423,128.64340209960938,174.8828582763672,92.38406372070312
20040424,98.84046936035156,135.13539123535156,75.14418029785156
20040425,83.61820983886719,109.01031494140625,64.18260955810547
20040426,120.0717544555664,154.90867614746094,111.58970642089844
20040427,128.46522521972656,164.66116333007812,111.90966796875
20040428,189.78253173828125,269.4643249511719,114.77099609375
20040429,141.27127075195312,199.1135711669922,105.31926727294922
20040430,150.3084716796875,230.5320281982422,86.5289077758789
20040501,83.60701751708984,114.9650650024414,57.53532791137695
20040502,80.28351593017578,132.2340545654297,29.02532958984375
20040503,113.18568420410156,150.44972229003906,81.56845092773438
20040504,122.93380737304688,178.86463928222656,88.40934753417969
20040505,128.22842407226562,188.70693969726562,86.31624603271484
20040506,103.92369842529297,134.68495178222656,64.81185913085938
20040507,137.27757263183594,160.65589904785156,114.15060424804688
20040508,85.59606170654297,125.15446472167969,56.94064712524414
20040509,86.22735595703125,121.77941131591797,53.77556228637695
20040510,128.3940887451172,197.4840087890625,97.61254119873047
20040511,133.52000427246094,190.15573120117188,74.01737976074219
20040512,122.34783935546875,134.16836547851562,106.82286071777344
20040513,125.53427124023438,178.7826690673828,80.95216369628906
20040514,114.82037353515625,143.08367919921875,100.25057220458984
20040515,104.37609100341797,153.3439483642578,59.383995056152344
20040516,99.96302032470703,116.83727264404297,80.25609588623047
20040517,149.93727111816406,159.904296875,127.57701873779297
20040518,158.3568878173828,199.75318908691406,134.36602783203125
20040519,117.4669418334961,152.23696899414062,87.90969848632812
20040520,160.2431640625,225.22120666503906,135.4315948486328
20040521,124.60116577148438,151.48492431640625,96.02857208251953
20040522,94.07463836669922,107.99492645263672,85.33747100830078
20040523,56.92919921875,56.75396728515625,47.33841323852539
20040524,156.35609436035156,166.74981689453125,145.13302612304688
20040525,136.04623413085938,176.63111877441406,94.71073150634766
20040526,131.1907958984375,130.7869873046875,128.92367553710938
20040527,170.8864288330078,235.8836669921875,135.53907775878906
20040528,161.73477172851562,185.12388610839844,159.3926239013672
20040529,82.10637664794922,112.9015884399414,75.33686065673828
20040530,154.75843811035156,242.4432830810547,79.66307067871094
20040531,151.86557006835938,264.9466857910156,78.92561340332031
20040601,151.9186553955078,229.02352905273438,104.75741577148438
20040602,156.25318908691406,205.61935424804688,135.12660217285156
20040603,176.63404846191406,254.65371704101562,103.94354248046875
20040604,156.36245727539062,236.7084197998047,125.20471954345703
20040605,98.75627899169922,135.02029418945312,65.69515228271484
20040606,76.57191467285156,106.20691680908203,60.903602600097656
20040607,53.6593017578125,49.927860260009766,59.492523193359375
20040608,161.74647521972656,167.69854736328125,172.156494140625
20040609,135.85574340820312,149.84580993652344,134.6005401611328
20040610,146.41183471679688,208.5159454345703,100.00566864013672
20040611,163.15196228027344,220.73898315429688,101.7494888305664
20040612,112.00566864013672,178.65745544433594,46.568111419677734
20040613,83.63233184814453,108.74987030029297,60.47209548950195
20040614,100.94731903076172,119.27301025390625,80.83193969726562
20040615,123.0294418334961,153.3134307861328,97.18769073486328
20040616,103.07038879394531,102.75312805175781,99.99063110351562
20040617,127.79193878173828,154.876708984375,100.01224517822266
20040618,190.44378662109375,258.8966979980469,115.17089080810547
20040619,155.41151428222656,200.83926391601562,105.29814910888672
20040620,136.23114013671875,192.9957275390625,89.43194580078125
20040621,183.2172393798828,219.18392944335938,158.44491577148438
20040622,157.74131774902344,188.70693969726562,152.15353393554688
20040623,160.7175750732422,219.56466674804688,133.64169311523438
20040624,135.15277099609375,158.51382446289062,123.40176391601562
20040625,164.05096435546875,201.28738403320312,131.16685485839844
20040626,118.20044708251953,117.83661651611328,108.1161117553711
20040627,109.53759002685547,143.0902099609375,81.66145324707031
20040628,151.25880432128906,188.4915008544922,119.48760223388672
20040629,200.76168823242188,272.9232482910156,166.93963623046875
20040630,119.24080657958984,168.1628875732422,91.89739990234375
20040701,128.33192443847656,138.5983123779297,115.60467529296875
20040702,92.81591033935547,134.00927734375,74.51797485351562
20040703,95.49745178222656,136.8550262451172,94.29832458496094
20040704,94.64479064941406,150.96554565429688,50.36806869506836
20040705,103.38850402832031,164.9124298095703,41.26597595214844
20040706,86.04071807861328,85.77587890625,77.50768280029297
20040707,109.37723541259766,124.61779022216797,88.35201263427734
20040708,109.0212173461914,128.1933135986328,88.330078125
20040709,162.52561950683594,194.430419921875,142.51669311523438
20040710,119.97816467285156,134.1953125,111.93213653564453
20040711,116.29625701904297,127.15812683105469,131.01829528808594
20040712,168.2319793701172,199.65968322753906,193.181640625
20040713,121.15262603759766,165.27748107910156,116.64885711669922
20040714,133.54786682128906,156.291015625,130.36215209960938
20040715,169.73487854003906,201.9632110595703,163.90435791015625
20040716,134.65721130371094,155.12493896484375,119.43648529052734
20040717,105.55510711669922,117.6102294921875,108.4247055053711
20040718,92.12239074707031,114.79853820800781,89.36975860595703
20040719,135.9201202392578,131.63027954101562,142.08460998535156
20040720,134.5205078125,181.04371643066406,100.6722183227539
20040721,149.29881286621094,142.63763427734375,160.3560791015625
20040722,150.18484497070312,186.44696044921875,164.94033813476562
20040723,281.19744873046875,400.4741516113281,251.81097412109375
20040724,104.82809448242188,131.37823486328125,114.5634536743164
20040725,109.56673431396484,131.07537841796875,91.10816955566406
20040726,162.3084259033203,147.09893798828125,177.90782165527344
20040727,163.0269012451172,228.22669982910156,138.44627380371094
20040728,110.72650146484375,128.7832794189453,107.41797637939453
20040729,133.0689697265625,186.28761291503906,94.17107391357422
20040730,162.1108856201172,195.15399169921875,157.69088745117188
20040731,102.6895980834961,118.88536071777344,93.65313720703125
20040801,91.10472106933594,116.25509643554688,84.84720611572266
20040802,197.46449279785156,297.29376220703125,160.84693908691406
20040803,344.61956787109375,469.76409912109375,374.2850341796875
20040804,225.56393432617188,282.6932678222656,225.07618713378906
20040805,180.84991455078125,198.32257080078125,190.48434448242188
20040806,210.9915771484375,246.40078735351562,205.5225830078125
20040807,121.3394775390625,157.2557830810547,110.98733520507812
20040808,130.20497131347656,198.5240478515625,101.90071868896484
20040809,158.84828186035156,162.22174072265625,186.855224609375
20040810,167.72494506835938,250.81300354003906,122.03498077392578
20040811,130.34095764160156,177.47869873046875,111.02606201171875
20040812,125.793701171875,156.06141662597656,106.9258804321289
20040813,136.4728240966797,210.26333618164062,87.69019317626953
20040814,66.13633728027344,91.73253631591797,62.16761779785156
20040815,82.81419372558594,107.68601989746094,59.88051986694336
20040816,130.26951599121094,207.78964233398438,74.27875518798828
20040817,115.75261688232422,101.8202896118164,118.89944458007812
20040818,133.39198303222656,189.97341918945312,100.35584259033203
20040819,119.66583251953125,135.56532287597656,131.16685485839844
20040820,105.11578369140625,101.96000671386719,99.21883392333984
20040821,83.33502960205078,65.27598571777344,89.0944595336914
20040822,65.95820617675781,102.28583526611328,54.846317291259766
20040823,101.86711883544922,105.31480407714844,94.11743927001953
20040824,110.53778076171875,120.86180877685547,112.67076873779297
20040825,171.28964233398438,248.9079132080078,159.33151245117188
20040826,114.22647094726562,127.11613464355469,106.02741241455078
20040827,143.50474548339844,202.672607421875,79.55245971679688
20040828,138.7462921142578,195.9522247314453,100.95040130615234
20040829,109.97457885742188,119.60298156738281,94.21844482421875
20040830,166.1823272705078,161.98922729492188,159.68138122558594
20040831,158.42713928222656,193.8348388671875,143.71324157714844
20040901,142.14376831054688,221.8010711669922,66.80699920654297
20040902,184.48370361328125,205.55300903320312,180.4752655029297
20040903,192.66342163085938,229.2452850341797,165.3735809326172
20040904,144.55960083007812,165.57850646972656,138.10882568359375
20040905,115.21974182128906,143.58135986328125,95.80882263183594
20040906,130.07464599609375,155.60911560058594,108.16114044189453
20040907,183.4546356201172,213.94671630859375,149.67001342773438
20040908,163.58358764648438,203.85008239746094,131.16685485839844
20040909,191.80752563476562,248.06546020507812,163.8046112060547
20040910,187.8413848876953,261.573974609375,133.8822784423828
20040911,130.95506286621094,201.7621307373047,64.34600067138672
20040912,97.72579956054688,120.94136810302734,95.27275848388672
20040913,118.66926574707031,108.16364288330078,107.13525390625
20040914,163.546875,213.43870544433594,123.63123321533203
20040915,152.40921020507812,204.65399169921875,108.6283187866211
20040916,140.67794799804688,174.64463806152344,105.94245910644531
20040917,144.2807159423828,158.51382446289062,146.90687561035156
20040918,153.10186767578125,199.80734252929688,134.2531280517578
20040919,111.69879913330078,153.11309814453125,110.29625701904297
20040920,168.67897033691406,150.27041625976562,185.02626037597656
20040921,175.94224548339844,260.0768737792969,131.16685485839844
20040922,165.4857177734375,182.04286193847656,161.3318328857422
20040923,170.13966369628906,195.31533813476562,154.3379669189453
20040924,161.9351348876953,181.26223754882812,160.6400146484375
20040925,139.32687377929688,147.4019775390625,118.21904754638672
20040926,70.40132904052734,88.65426635742188,61.62200927734375
20040927,184.2322235107422,230.4817352294922,162.20632934570312
20040928,187.3839874267578,246.9654541015625,158.4565887451172
20040929,142.1832733154297,162.85667419433594,130.8074951171875
20040930,174.5067901611328,219.7511444091797,137.4706268310547
20041001,165.21534729003906,236.07974243164062,91.58782958984375
20041002,129.3282928466797,181.67437744140625,78.21128845214844
20041003,91.50739288330078,153.25921630859375,36.523807525634766
20041004,164.2005615234375,170.81231689453125,148.4107666015625
20041005,105.86556243896484,136.1802520751953,102.22900390625
20041006,156.6363067626953,179.28811645507812,144.71998596191406
20041007,135.60218811035156,144.84085083007812,153.02798461914062
20041008,166.023681640625,162.8854522705078,166.54119873046875
20041009,85.07837677001953,87.5525131225586,95.84851837158203
20041010,105.72024536132812,126.47379302978516,82.0490493774414
20041011,140.5118865966797,203.11509704589844,81.78802490234375
20041012,127.89836120605469,121.12944793701172,122.3042221069336
20041013,95.63843536376953,121.34697723388672,72.29668426513672
20041014,101.00871276855469,98.11579895019531,107.68193054199219
20041015,122.68769073486328,171.89520263671875,71.68878936767578
20041016,87.17283630371094,112.13484954833984,79.5018081665039
20041017,90.50731658935547,115.49276733398438,84.29083251953125
20041018,102.45054626464844,170.22532653808594,70.99236297607422
20041019,116.99280548095703,146.6239471435547,77.82654571533203
20041020,104.84602355957031,135.59779357910156,94.25162506103516
20041021,130.0546112060547,157.61895751953125,118.74688720703125
20041022,97.33899688720703,109.16929626464844,96.11675262451172
20041023,116.47966003417969,152.9400177001953,85.04471588134766
20041024,85.85488891601562,85.59061431884766,77.34027862548828
20041025,121.32600402832031,139.27870178222656,97.82921600341797
20041026,124.77833557128906,148.08839416503906,118.57953643798828
20041027,121.93501281738281,167.86813354492188,91.73632049560547
20041028,122.40435028076172,122.02757263183594,114.50593566894531
20041029,113.72371673583984,180.2350616455078,87.29061126708984
20041030,86.51187896728516,144.67001342773438,41.77006530761719
20041031,144.63819885253906,182.87892150878906,111.47087097167969
20041101,124.03887939453125,130.93101501464844,109.20939636230469
20041102,104.90857696533203,164.8016357421875,68.73042297363281
20041103,87.99451446533203,113.19182586669922,51.92723846435547
20041104,87.2384262084961,69.57592010498047,107.77592468261719
20041105,137.90139770507812,210.6029510498047,63.43409729003906
20041106,97.90840911865234,119.2974853515625,72.367919921875
20041107,92.68324279785156,102.66439056396484,91.341064453125
20041108,176.3635711669922,229.3313446044922,133.8994903564453
20041109,201.71676635742188,326.7807922363281,131.0420379638672
20041110,166.5047149658203,209.67437744140625,126.30882263183594
20041111,115.58523559570312,178.08187866210938,74.26893615722656
20041112,123.01311492919922,163.51263427734375,77.93468475341797
20041113,71.59331512451172,115.29475402832031,36.6351318359375
20041114,106.73829650878906,132.0948486328125,73.45343780517578
20041115,181.6569366455078,241.4636993408203,142.16793823242188
20041116,167.9181671142578,152.18301391601562,192.94219970703125
20041117,157.073486328125,184.552490234375,139.94091796875
20041118,114.3160629272461,119.14437103271484,95.05738830566406
20041119,82.81419372558594,74.01866912841797,75.98631286621094
20041120,91.17159271240234,104.66231536865234,82.70403289794922
20041121,96.6165542602539,123.83892822265625,91.8167953491211
20041122,131.046630859375,152.41714477539062,108.9693832397461
20041123,182.60769653320312,204.402099609375,154.50794982910156
20041124,175.9998016357422,200.52349853515625,146.34934997558594
20041125,140.57020568847656,164.50927734375,121.97064971923828
20041126,86.2481460571289,89.16720581054688,90.31159210205078
20041127,88.49246215820312,99.98274993896484,83.3954849243164
20041128,111.48065185546875,166.70623779296875,59.59263229370117
20041129,117.64946746826172,139.27870178222656,85.6005630493164
20041130,114.00806427001953,151.5428466796875,84.2677993774414
20041201,146.83367919921875,187.3685760498047,136.7484130859375
20041202,137.91098022460938,172.5320587158203,107.93157196044922
20041203,89.9709701538086,92.41203308105469,77.08076477050781
20041204,106.94780731201172,151.51065063476562,70.208251953125
20041205,87.08116912841797,111.12079620361328,81.10000610351562
20041206,137.5460662841797,137.1226806640625,133.43617248535156
20041207,126.5949478149414,156.254150390625,100.25491333007812
20041208,125.05743408203125,179.7603302001953,72.55058288574219
20041209,113.25018310546875,169.3523712158203,77.04905700683594
20041210,100.29400634765625,108.55545806884766,76.2492446899414
20041211,70.41773986816406,81.9011459350586,53.67500686645508
20041212,54.06802749633789,71.86880493164062,47.956539154052734
20041213,122.13936614990234,177.11041259765625,80.01910400390625
20041214,89.35635375976562,95.44425201416016,68.99527740478516
20041215,114.851806640625,162.7080841064453,75.39700317382812
20041216,72.18670654296875,106.61408233642578,57.802337646484375
20041217,96.9827651977539,138.9835968017578,65.52342224121094
20041218,109.92377471923828,165.8590087890625,83.99384307861328
20041219,98.23748016357422,109.68730926513672,98.0250473022461
20041220,128.9088897705078,225.86973571777344,64.96471405029297
20041221,117.542724609375,213.05621337890625,53.3129768371582
20041222,122.29944610595703,202.04380798339844,75.54546356201172
20041223,112.0191879272461,146.77206420898438,74.51797485351562
20041224,112.9284439086914,142.60240173339844,81.38306427001953
20041225,101.751220703125,112.70892333984375,94.0103759765625
20041226,64.01097106933594,87.7441635131836,39.920345306396484
20041227,110.41893005371094,162.7255401611328,87.82476043701172
20041228,89.04752349853516,79.89608001708984,81.45037841796875
20041229,110.011474609375,146.23046875,60.98532485961914
20041230,132.6461181640625,157.2557830810547,101.356201171875
20041231,121.05729675292969,146.28445434570312,79.31018829345703
20050101,58.04248809814453,74.39634704589844,41.369266510009766
20050102,59.380210876464844,76.1109848022461,56.4302978515625
20050103,141.90383911132812,185.67550659179688,95.87295532226562
20050104,145.568359375,198.21307373046875,106.2831039428711
20050105,109.89561462402344,100.16670989990234,104.43616485595703
20050106,89.0629653930664,108.83790588378906,66.89167785644531
20050107,108.05206298828125,160.0403594970703,71.87894439697266
20050108,50.101112365722656,47.00884246826172,44.111270904541016
20050109,84.46680450439453,117.15729522705078,61.075469970703125
20050110,112.80025482177734,142.44053649902344,100.05008697509766
20050111,79.02117156982422,126.04470825195312,52.56686782836914
20050112,107.35173034667969,122.31005096435547,112.22052001953125
20050113,94.34528350830078,135.8570556640625,61.01749038696289
20050114,89.14027404785156,126.13223266601562,66.94974517822266
20050115,81.3232650756836,97.28752899169922,63.114654541015625
20050116,59.78094482421875,77.12544250488281,40.93742370605469
20050117,88.13927459716797,124.47962951660156,42.752830505371094
20050118,112.46371459960938,149.49005126953125,85.01554870605469
20050119,108.36870574951172,99.27552795410156,107.1601791381836
20050120,88.77478790283203,116.31629943847656,67.4916763305664
20050121,115.34833526611328,135.63311767578125,98.37513732910156
20050122,110.90534210205078,157.1172332763672,67.95252227783203
20050123,61.7728271484375,92.3740234375,38.52452850341797
20050124,159.03428649902344,201.08116149902344,154.81988525390625
20050125,100.2828140258789,135.44882202148438,75.31846618652344
20050126,128.87088012695312,169.3523712158203,102.28926086425781
20050127,116.5091781616211,163.66668701171875,70.45893096923828
20050128,103.69776916503906,103.37857818603516,86.22794342041016
20050129,113.36833953857422,115.77595520019531,105.76558685302734
20050130,48.061805725097656,66.34227752685547,36.89067459106445
20050131,155.16384887695312,194.25714111328125,114.0208511352539
20050201,142.19802856445312,154.6476287841797,128.99139404296875
20050202,145.07595825195312,192.83920288085938,115.6087417602539
20050203,113.0140609741211,135.19943237304688,87.70975494384766
20050204,106.85701751708984,112.44632720947266,98.72773742675781
20050205,59.45634460449219,50.80571365356445,61.21119689941406
20050206,62.501277923583984,58.6436653137207,61.14325714111328
20050207,140.13211059570312,155.2230987548828,116.52424621582031
20050208,86.84634399414062,105.13166809082031,56.740718841552734
20050209,138.53675842285156,171.87063598632812,97.27802276611328
20050210,119.67001342773438,111.68665313720703,114.32990264892578
20050211,124.78851318359375,96.13067626953125,127.3486328125
20050212,89.52886199951172,77.35284423828125,89.33525848388672
20050213,60.16415786743164,70.56349182128906,52.971229553222656
20050214,128.27711486816406,120.35977935791016,138.03890991210938
20050215,150.57125854492188,130.52850341796875,152.4231414794922
20050216,129.5947265625,144.95140075683594,120.90379333496094
20050217,135.84661865234375,104.17574310302734,178.13037109375
20050218,107.5131607055664,115.8726806640625,96.64925384521484
20050219,81.13552856445312,78.09661865234375,74.44605255126953
20050220,72.91815948486328,41.53926086425781,98.16889953613281
20050221,106.32933807373047,89.69403076171875,122.42239379882812
20050222,123.3048324584961,93.02454376220703,138.55653381347656
20050223,85.22901153564453,56.64444351196289,103.94354248046875
20050224,104.2507553100586,124.71583557128906,99.69093322753906
20050225,113.62369537353516,133.6051788330078,87.2138442993164
20050226,87.32108306884766,117.94183349609375,65.58342742919922
20050227,136.03219604492188,102.62641143798828,146.7438201904297
20050228,118.30599212646484,100.07186126708984,131.16685485839844
20050301,146.9412841796875,140.11990356445312,143.43606567382812
20050302,109.88028717041016,96.65476989746094,112.86746978759766
20050303,88.82279205322266,104.17574310302734,86.89286041259766
20050304,74.18325805664062,73.95491027832031,61.68570327758789
20050305,93.86617279052734,78.48414611816406,105.748779296875
20050306,59.52817153930664,48.8723030090332,58.2347526550293
20050307,107.57498931884766,103.54579162597656,104.87472534179688
20050308,124.8213882446289,153.15345764160156,95.80882263183594
20050309,95.80607604980469,86.8283462524414,111.04923248291016
20050310,82.25337219238281,119.27301025390625,45.59750747680664
20050311,98.31198120117188,103.45433807373047,95.3744125366211
20050312,76.83790588378906,56.74177551269531,80.45801544189453
20050313,90.01542663574219,71.79067993164062,89.8207778930664
20050314,80.19900512695312,90.38068389892578,57.98955535888672
20050315,101.68811798095703,104.44709777832031,92.24384307861328
20050316,110.61297607421875,75.4496078491211,130.705810546875
20050317,83.65069580078125,76.24522399902344,83.46981811523438
20050318,75.2223129272461,72.21333312988281,74.13298797607422
20050319,77.81199645996094,77.57247924804688,83.18971252441406
20050320,40.4869384765625,58.708824157714844,36.72671890258789
20050321,138.648193359375,134.4857177734375,137.1020050048828
20050322,78.42253112792969,87.56288146972656,57.385498046875
20050323,96.9962158203125,99.62788391113281,83.09949493408203
20050324,124.65226745605469,111.04851531982422,123.50057220458984
20050325,93.22422790527344,74.34982299804688,98.19056701660156
20050326,59.86568069458008,62.52338409423828,66.37358093261719
20050327,48.9913330078125,60.111419677734375,43.87150573730469
20050328,88.22819519042969,55.97239303588867,113.38150787353516
20050329,85.99604797363281,82.30208587646484,74.36874389648438
20050330,88.41372680664062,76.38937377929688,88.22254180908203
20050331,82.87698364257812,65.09602355957031,87.70975494384766
20050401,115.72289276123047,144.20834350585938,101.03856658935547
20050402,60.83179473876953,71.67082977294922,55.18204879760742
20050403,96.71730041503906,130.8551788330078,63.18986892700195
20050404,99.51920318603516,120.4727783203125,76.8423843383789
20050405,109.89561462402344,162.77090454101562,57.43988800048828
20050406,121.22587585449219,157.38961791992188,84.393310546875
20050407,114.9471435546875,145.84605407714844,82.5482177734375
20050408,67.43140411376953,78.42781829833984,60.74393081665039
20050409,71.53385162353516,65.8280029296875,82.36058044433594
20050410,65.81260681152344,116.64004516601562,24.322328567504883
20050411,84.25027465820312,99.26202392578125,70.0567398071289
20050412,78.34834289550781,106.22576141357422,57.33120346069336
20050413,75.71583557128906,53.916263580322266,80.94868469238281
20050414,70.7030258178711,67.87482452392578,69.67914581298828
20050415,100.5549545288086,103.1095962524414,81.2256088256836
20050416,66.25135040283203,74.66230773925781,57.48529815673828
20050417,77.72505187988281,118.0736083984375,36.93189239501953
20050418,129.30804443359375,128.91001892089844,145.4732208251953
20050419,112.51478576660156,112.16845703125,126.5805892944336
20050420,80.16585540771484,102.75312805175781,52.37604522705078
20050421,62.234405517578125,73.32335662841797,51.74985885620117
20050422,89.52886199951172,132.4403533935547,67.24159240722656
20050423,75.48357391357422,81.03978729248047,67.59518432617188
20050424,45.234642028808594,55.50204086303711,34.720638275146484
20050425,75.2001724243164,89.96244049072266,56.27817153930664
20050426,100.77487182617188,90.74229431152344,113.53205108642578
20050427,92.9317626953125,101.6114273071289,89.73949432373047
20050428,106.52973937988281,121.37352752685547,88.58281707763672
20050429,82.66657257080078,76.5255355834961,88.37979888916016
20050430,78.33775329589844,89.25328063964844,65.14029693603516
20050501,87.65338897705078,94.6655502319336,78.96041870117188
20050502,150.57125854492188,102.705322265625,177.9224853515625
20050503,122.07669830322266,138.14700317382812,115.2282485961914
20050504,128.5563201904297,107.2972640991211,134.24476623535156
20050505,76.85157012939453,79.25691223144531,66.10809326171875
20050506,99.69034576416016,124.93924713134766,80.52719116210938
20050507,87.09380340576172,83.83172607421875,99.89134216308594
20050508,84.84304809570312,102.9692611694336,55.2127685546875
20050509,134.9707489013672,192.2218475341797,109.02576446533203
20050510,98.49061584472656,111.27911376953125,76.43816375732422
20050511,92.78900909423828,104.83718872070312,72.01317596435547
20050512,139.61013793945312,136.64984130859375,139.30824279785156
20050513,97.42845916748047,82.41211700439453,108.01976013183594
20050514,55.20946502685547,63.72997283935547,38.65970230102539
20050515,75.44893646240234,100.28893280029297,47.800498962402344
20050516,103.40233612060547,125.17349243164062,98.26546478271484
20050517,70.74192810058594,61.325374603271484,71.61198425292969
20050518,99.69034576416016,119.26018524169922,80.52719116210938
20050519,88.9631118774414,114.77435302734375,65.2726058959961
20050520,115.29310607910156,100.9213638305664,116.91442108154297
20050521,54.304386138916016,68.38387298583984,52.28566360473633
20050522,67.09892272949219,98.5782470703125,58.73142623901367
20050523,61.62916564941406,30.7197322845459,83.27569580078125
20050524,74.25833892822266,90.1231918334961,53.69403076171875
20050525,97.16864776611328,117.41764831542969,73.45343780517578
20050526,133.2489013671875,127.52519989013672,128.5287322998047
20050527,146.49441528320312,149.0239715576172,169.04896545410156
20050528,73.67810821533203,70.51326751708984,68.6175308227539
20050529,82.25337219238281,119.27301025390625,55.960575103759766
20050530,125.574462890625,129.5047607421875,108.01976013183594
20050531,137.532470703125,117.52210998535156,137.2350616455078
20050601,81.01388549804688,65.8081283569336,79.84069061279297
20050602,82.88103485107422,79.96056365966797,93.37300872802734
20050603,46.532997131347656,46.38976287841797,38.69364547729492
20050604,73.48699951171875,73.26079559326172,98.71089172363281
20050605,38.92974853515625,63.50714111328125,17.657075881958008
20050606,121.00703430175781,150.793212890625,94.33232116699219
20050607,91.20146942138672,123.39244079589844,70.41996002197266
20050608,90.15768432617188,110.1756820678711,82.22399139404297
20050609,111.63040924072266,129.4032745361328,86.34808349609375
20050610,78.93778228759766,84.31585693359375,75.01627349853516
20050611,65.174560546875,62.14898681640625,61.26355743408203
20050612,52.41404724121094,83.60433959960938,23.2447566986084
20050613,113.59468841552734,138.8164825439453,85.31649017333984
20050614,64.50959777832031,77.17323303222656,53.64175033569336
20050615,64.35145568847656,85.53783416748047,50.96214294433594
20050616,65.00541687011719,64.8053207397461,58.55854034423828
20050617,101.1691665649414,80.68621063232422,110.56472778320312
20050618,79.34294128417969,84.74862670898438,70.688720703125
20050619,43.348758697509766,57.62043380737305,24.030567169189453
20050620,59.35171890258789,73.96128845214844,55.52191162109375
20050621,81.06394958496094,95.5079574584961,61.2792854309082
20050622,106.26936340332031,121.07685852050781,90.89105224609375
20050623,91.94279479980469,104.7540512084961,83.00646209716797
20050624,71.3019027709961,59.2353630065918,74.1122055053711
20050625,55.79679489135742,70.26321411132812,39.07097625732422
20050626,78.16171264648438,111.31588745117188,68.08885955810547
20050627,156.499267578125,208.0233917236328,105.34660339355469
20050628,99.27774810791016,98.97216796875,88.05606079101562
20050629,77.9427719116211,113.56571197509766,54.84080123901367
20050630,110.41893005371094,136.8550262451172,84.3721923828125
20050701,128.17330932617188,130.61830139160156,123.15924072265625
20050702,66.13633728027344,103.19910430908203,43.03912353515625
20050703,87.26852416992188,144.99984741210938,54.42488479614258
20050704,124.9152603149414,212.1635284423828,53.859012603759766
20050705,126.37541198730469,160.34634399414062,114.6383056640625
20050706,83.537109375,115.31072998046875,42.74690628051758
20050707,46.6558837890625,63.95437240600586,24.247392654418945
20050708,469.2022399902344,879.385009765625,249.70005798339844
20050709,241.44937133789062,399.2200012207031,146.90687561035156
20050710,152.82894897460938,220.9198760986328,101.6656494140625
20050711,223.2735595703125,323.76190185546875,189.0345916748047
20050712,201.4622344970703,342.4193420410156,93.37300872802734
20050713,224.73741149902344,331.46478271484375,179.19635009765625
20050714,171.48048400878906,282.2075500488281,86.00751495361328
20050715,154.66148376464844,218.66294860839844,112.23784637451172
20050716,196.09918212890625,288.7319030761719,125.43277740478516
20050717,139.55384826660156,212.34759521484375,73.29056549072266
20050718,167.3358917236328,224.69741821289062,130.62596130371094
20050719,175.06834411621094,239.5502471923828,154.13804626464844
20050720,190.3032989501953,212.2263946533203,182.38194274902344
20050721,134.25625610351562,152.96343994140625,118.47328186035156
20050722,190.58609008789062,241.2691192626953,135.8385467529297
20050723,163.84103393554688,225.70162963867188,123.85359191894531
20050724,82.42171478271484,125.2083969116211,65.2726058959961
20050725,214.22593688964844,308.4849853515625,131.95228576660156
20050726,211.9755859375,250.7223358154297,161.32669067382812
20050727,188.0360107421875,224.9486541748047,171.99362182617188
20050728,171.76275634765625,206.5680694580078,131.49072265625
20050729,169.94912719726562,218.24366760253906,143.71324157714844
20050730,134.5356903076172,178.82876586914062,104.41259765625
20050731,75.77769470214844,107.92063903808594,48.00878143310547
20050801,184.25901794433594,212.26612854003906,156.62196350097656
20050802,160.58670043945312,156.36932373046875,149.05995178222656
20050803,164.0203399658203,166.72164916992188,144.41087341308594
20050804,170.34323120117188,236.53347778320312,96.11675262451172
20050805,122.5712890625,156.6589813232422,88.8549575805664
20050806,146.6013946533203,174.13633728027344,119.3099594116211
20050807,106.61137390136719,98.69155883789062,107.64727783203125
20050808,173.49623107910156,217.20835876464844,140.91249084472656
20050809,143.53201293945312,143.0902099609375,175.88621520996094
20050810,136.88296508789062,163.7539520263672,113.82247161865234
20050811,113.52385711669922,156.70303344726562,82.29624938964844
20050812,149.43914794921875,148.97915649414062,155.32916259765625
20050813,63.70322799682617,63.50714111328125,74.15972137451172
20050814,151.24195861816406,169.16378784179688,116.56029510498047
20050815,120.23086547851562,165.32522583007812,82.73853302001953
20050816,90.11337280273438,129.3638458251953,65.94023895263672
20050817,94.32140350341797,127.88226318359375,75.29395294189453
20050818,80.37425994873047,114.4669418334961,52.512203216552734
20050819,130.34095764160156,158.46311950683594,100.45215606689453
20050820,64.01097106933594,102.102294921875,37.25898742675781
20050821,65.40493774414062,61.368106842041016,63.983829498291016
20050822,94.39959716796875,136.88584899902344,71.3602066040039
20050823,109.91356658935547,136.02444458007812,81.94175720214844
20050824,98.83175659179688,129.10504150390625,62.34473419189453
20050825,114.22647094726562,192.71133422851562,58.45100784301758
20050826,109.43303680419922,106.14765167236328,108.21265411376953
20050827,91.93064880371094,103.86736297607422,71.34700012207031
20050828,70.32266998291016,88.55520629882812,43.08721160888672
20050829,113.66654205322266,169.97499084472656,74.26358032226562
20050830,97.88912200927734,132.7194061279297,84.6537857055664
20050831,91.2912368774414,123.5138931274414,70.48927307128906
20050901,86.95829772949219,135.45411682128906,31.63498878479004
20050902,139.80690002441406,164.97633361816406,109.13624572753906
20050903,118.30599212646484,165.11856079101562,83.61886596679688
20050904,95.4528579711914,162.12281799316406,41.1558723449707
20050905,60.46407699584961,86.11138153076172,35.912696838378906
20050906,108.96604919433594,159.32492065429688,66.44636535644531
20050907,122.99829864501953,161.6350555419922,92.9790267944336
20050908,75.34270477294922,70.10340881347656,75.1797866821289
20050909,101.751220703125,135.25070190429688,70.50777435302734
20050910,64.95230865478516,80.94047546386719,58.510704040527344
20050911,91.42967987060547,112.1824722290039,70.1784439086914
20050912,113.7204818725586,175.54132080078125,73.20940399169922
20050913,100.8438491821289,115.76578521728516,91.47798919677734
20050914,130.53024291992188,138.80369567871094,125.42398834228516
20050915,109.03436279296875,155.28392028808594,73.3958740234375
20050916,93.93436431884766,110.17084503173828,78.10936737060547
20050917,79.88507843017578,84.94845581054688,66.42694091796875
20050918,56.625091552734375,98.78888702392578,11.771384239196777
20050919,161.86410522460938,187.63473510742188,143.9854278564453
20050920,148.46241760253906,111.00408172607422,169.74533081054688
20050921,142.57388305664062,139.1108856201172,131.16685485839844
20050922,105.2444076538086,110.1664810180664,87.51402282714844
20050923,117.3084716796875,128.08522033691406,97.54566955566406
20050924,84.53123474121094,94.80491638183594,65.89722442626953
20050925,92.11053466796875,129.23800659179688,45.38832473754883
20050926,115.09465026855469,186.45310974121094,59.81550216674805
20050927,109.06854248046875,149.1193084716797,93.28517150878906
20050928,101.79093170166016,133.37057495117188,72.55058288574219
20050929,83.76608276367188,111.34431457519531,59.1004638671875
20050930,100.20732116699219,137.00416564941406,61.898963928222656
20051001,43.12537384033203,53.74078369140625,40.34260940551758
20051002,65.02313995361328,100.83576202392578,30.0382080078125
20051003,123.83430480957031,192.89552307128906,83.66483306884766
20051004,103.71417236328125,156.6589813232422,62.721153259277344
20051005,125.6800765991211,161.09127807617188,89.57735443115234
20051006,78.2283935546875,86.0552749633789,62.8062744140625
20051007,140.38592529296875,161.4851531982422,157.14366149902344
20051008,111.94986724853516,125.91363525390625,95.47673797607422
20051009,100.69650268554688,131.54100036621094,75.0703353881836
20051010,92.5513687133789,99.95536041259766,83.37264251708984
20051011,86.908935546875,106.6355972290039,72.26750183105469
20051012,63.48126220703125,103.55868530273438,19.195148468017578
20051013,99.42936706542969,135.64242553710938,78.32711791992188
20051014,61.07455825805664,104.3769760131836,33.856937408447266
20051015,73.0116958618164,86.26602935791016,67.45723724365234
20051016,60.68281555175781,56.937435150146484,65.30073547363281
20051017,107.21479797363281,140.05592346191406,67.63290405273438
20051018,122.1078872680664,149.8240203857422,119.76103973388672
20051019,62.60866928100586,73.7643051147461,52.06106948852539
20051020,75.10903930664062,108.44377899169922,51.68732833862305
20051021,91.94279479980469,99.51634216308594,91.74398040771484
20051022,74.2015151977539,58.121734619140625,83.7369155883789
20051023,42.378265380859375,56.33042907714844,35.238853454589844
20051024,80.5265121459961,80.27864074707031,79.13491821289062
20051025,72.29810333251953,65.52323913574219,76.51399230957031
20051026,92.24872589111328,105.8988265991211,79.03217315673828
20051027,86.8266372680664,83.93636322021484,91.88972473144531
20051028,78.5367431640625,67.11000061035156,83.96455383300781
20051029,46.928043365478516,55.03952407836914,36.72671890258789
20051030,69.46885681152344,80.19003295898438,66.88640594482422
20051031,177.80410766601562,192.67044067382812,154.27792358398438
20051101,112.34813690185547,142.54840087890625,84.92817687988281
20051102,76.11857604980469,84.31585693359375,75.01627349853516
20051103,79.82090759277344,107.99492645263672,71.11455535888672
20051104,99.14375305175781,133.72279357910156,92.14009094238281
20051105,70.1815185546875,72.76411437988281,56.0238037109375
20051106,67.05602264404297,93.58946990966797,39.031429290771484
20051107,101.29029083251953,112.1983413696289,87.34553527832031
20051108,97.79962158203125,113.22415161132812,83.94678497314453
20051109,80.14276123046875,88.77342224121094,64.17302703857422
20051110,118.89849853515625,143.34165954589844,96.5685806274414
20051111,146.6267547607422,131.2595672607422,149.29559326171875
20051112,78.10118865966797,69.80622100830078,76.14075469970703
20051113,47.901424407958984,51.42736053466797,36.76757049560547
20051114,91.46345520019531,103.07521057128906,72.74800109863281
20051115,121.73846435546875,146.91400146484375,95.90148162841797
20051116,77.52183532714844,83.22808074951172,69.42044067382812
20051117,83.26957702636719,93.38992309570312,60.58610153198242
20051118,74.43972778320312,79.91909790039062,66.66041564941406
20051119,57.83848571777344,62.902313232421875,48.094512939453125
20051120,63.92015075683594,97.45931243896484,37.51877975463867
20051121,86.67697143554688,82.65320587158203,94.0103759765625
20051122,84.27275848388672,90.47592163085938,70.075439453125
20051123,84.61620330810547,87.48003387451172,78.17891693115234
20051124,70.54542541503906,85.61702728271484,51.00933074951172
20051125,86.16505432128906,82.7183609008789,79.60993194580078
20051126,49.13930892944336,51.86970520019531,48.07162094116211
20051127,63.626747131347656,79.28862762451172,52.90763473510742
20051128,54.17750930786133,77.15821075439453,38.61453628540039
20051129,60.57631301879883,57.2114372253418,63.626651763916016
20051130,76.75086975097656,104.05989074707031,66.37358093261719
20051201,115.45879364013672,158.9523162841797,86.86402893066406
20051202,67.12692260742188,81.46819305419922,43.68375778198242
20051203,75.79603576660156,106.3475570678711,60.69245529174805
20051204,56.01861572265625,89.35389709472656,43.47582244873047
20051205,91.50739288330078,138.66310119628906,60.873016357421875
20051206,135.58416748046875,196.60629272460938,92.24384307861328
20051207,79.21995544433594,99.4513931274414,58.5545539855957
20051208,94.03071594238281,107.13288116455078,89.35940551757812
20051209,110.23967742919922,144.74679565429688,80.4887466430664
20051210,48.437217712402344,75.1148681640625,22.376148223876953
20051211,75.5308609008789,136.2541961669922,41.870849609375
20051212,86.77569580078125,105.31480407714844,75.29395294189453
20051213,144.88368225097656,190.39515686035156,104.04685974121094
20051214,126.94145965576172,174.76052856445312,105.55580139160156
20051215,119.56766510009766,151.70860290527344,99.42425537109375
20051216,81.59033203125,113.87487030029297,40.70695495605469
20051217,87.99451446533203,124.51100158691406,75.53052520751953
20051218,75.8024673461914,113.35370635986328,56.728912353515625
20051219,140.7938995361328,218.33859252929688,84.55384063720703
20051220,101.1986083984375,147.96775817871094,72.92984008789062
20051221,105.32266998291016,135.48190307617188,84.75396728515625
20051222,102.73941802978516,130.35675048828125,67.3093032836914
20051223,84.35529327392578,109.97122955322266,59.35267639160156
20051224,79.22998046875,105.31480407714844,62.744964599609375
20051225,83.36263275146484,122.4720458984375,58.373592376708984
20051226,130.75924682617188,173.80902099609375,108.73040771484375
20051227,93.70771789550781,102.76119995117188,77.9208984375
20051228,103.90739440917969,165.74009704589844,55.29743957519531
20051229,116.04536437988281,161.2622833251953,105.26766204833984
20051230,80.43762969970703,109.35003662109375,48.644657135009766
20051231,61.612308502197266,86.71434783935547,30.136802673339844
20060101,60.150386810302734,102.79754638671875,28.58110237121582
20060102,71.56781768798828,91.73253631591797,59.510887145996094
20060103,64.71438598632812,56.4507942199707,60.53854751586914
20060104,107.41590118408203,131.26580810546875,97.96353149414062
20060105,58.21249008178711,88.43170166015625,32.27033615112305
20060106,91.83982849121094,107.34284973144531,68.46759033203125
20060107,62.234405517578125,107.16490936279297,23.522661209106445
20060108,80.7943344116211,130.4072265625,38.390296936035156
20060109,85.7754898071289,122.15923309326172,54.34286117553711
20060110,96.76439666748047,115.75985717773438,80.4626235961914
20060111,117.62476348876953,69.72377014160156,158.60865783691406
20060112,91.4925308227539,75.1148681640625,89.50459289550781
20060113,121.58932495117188,70.95516204833984,147.95901489257812
20060114,64.89698028564453,50.63261032104492,70.38765716552734
20060115,81.06394958496094,73.46765899658203,85.79100036621094
20060116,93.36436462402344,96.80005645751953,93.16246795654297
20060117,106.50161743164062,87.86797332763672,134.36602783203125
20060118,147.0831298828125,159.380859375,132.9393768310547
20060119,94.49051666259766,96.8910903930664,107.75565338134766
20060120,153.4888153076172,183.61964416503906,181.0036163330078
20060121,114.91996002197266,103.1095962524414,114.67144775390625
20060122,73.52661895751953,92.58984375,51.48604965209961
20060123,111.7028579711914,107.5190658569336,102.4931640625
20060124,70.61675262451172,76.79933166503906,64.0582275390625
20060125,105.5684814453125,96.71027374267578,109.13624572753906
20060126,115.12873077392578,140.8594512939453,91.38164520263672
20060127,127.51543426513672,101.69834899902344,150.8026123046875
20060128,49.67544174194336,52.12898635864258,47.82879638671875
20060129,66.48600769042969,77.97807312011719,71.5455551147461
20060130,111.96324157714844,115.467529296875,102.7320785522461
20060131,106.63509368896484,89.16059112548828,108.69277954101562
20060201,167.52488708496094,170.1603546142578,147.18722534179688
20060202,89.60453796386719,72.57958984375,111.76347351074219
20060203,131.323486328125,80.1546401977539,178.28504943847656
20060204,88.87377166748047,75.17593383789062,107.49282836914062
20060205,75.88928985595703,75.65570068359375,63.10432434082031
20060206,140.0742950439453,120.7724380493164,138.51219177246094
20060207,144.1704559326172,120.32931518554688,150.5498046875
20060208,85.91674041748047,133.23687744140625,52.92034149169922
20060209,67.93617248535156,108.36328887939453,27.115705490112305
20060210,88.14557647705078,130.39405822753906,56.74514389038086
20060211,64.6766128540039,84.10113525390625,46.765769958496094
20060212,28.25217628479004,49.28912353515625,11.746285438537598
20060213,89.335693359375,99.74800109863281,71.31401824951172
20060214,89.01333618164062,69.72377014160156,105.7391128540039
20060215,64.5904541015625,79.72298431396484,66.49684143066406
20060216,112.86878204345703,151.77301025390625,87.30598449707031
20060217,106.57826232910156,114.86508178710938,95.80882263183594
20060218,61.84176254272461,53.60992431640625,67.0739517211914
20060219,60.22850036621094,63.5750617980957,47.135894775390625
20060220,69.17195129394531,114.93170928955078,38.345760345458984
20060221,113.86951446533203,110.07904815673828,120.50953674316406
20060222,88.14557647705078,73.70098876953125,94.57524108886719
20060223,136.38441467285156,151.65283203125,126.49343872070312
20060224,102.42276000976562,134.35195922851562,71.72019958496094
20060225,114.67582702636719,129.91232299804688,112.694091796875
20060226,87.36442565917969,108.86939239501953,78.70011138916016
20060227,106.3993911743164,77.78604888916016,129.7624969482422
20060228,128.4196319580078,118.17630767822266,131.42762756347656
20060301,120.51319122314453,147.86737060546875,107.91899871826172
20060302,71.77230072021484,77.05532836914062,64.27175903320312
20060303,126.45487213134766,115.10340118408203,123.43834686279297
20060304,63.75653076171875,60.79679489135742,59.930625915527344
20060305,76.10932159423828,86.71434783935547,66.30097198486328
20060306,119.77645874023438,126.87076568603516,124.49734497070312
20060307,132.3766326904297,138.25341796875,120.55867767333984
20060308,137.75668334960938,102.2010498046875,154.50794982910156
20060309,126.24533081054688,114.91266632080078,127.79802703857422
20060310,130.72265625,138.6385955810547,124.88934326171875
20060311,69.82646942138672,89.10276794433594,51.09535217285156
20060312,67.45047760009766,74.71428680419922,56.08718490600586
20060313,95.04711151123047,91.2451171875,93.67069244384766
20060314,143.7469024658203,146.48898315429688,148.74851989746094
20060315,81.17507934570312,74.7001953125,72.69190216064453
20060316,105.03263092041016,107.3941879272461,116.45056915283203
20060317,125.4760513305664,105.63140106201172,153.02798461914062
20060318,52.93421936035156,49.99384689331055,46.33311462402344
20060319,42.7428092956543,63.91686248779297,17.770992279052734
20060320,94.12760162353516,101.0561752319336,90.31159210205078
20060321,112.0191879272461,82.95811462402344,133.06781005859375
20060322,108.80696868896484,120.52449798583984,105.55580139160156
20060323,74.70020294189453,92.44585418701172,51.405982971191406
20060324,92.17579650878906,126.35160064697266,71.85662078857422
20060325,56.2883186340332,78.56108093261719,42.12495422363281
20060326,34.22859573364258,37.914710998535156,31.62461280822754
20060327,81.8836898803711,103.89482116699219,68.08885955810547
20060328,75.88551330566406,105.25486755371094,43.89647674560547
20060329,68.18321228027344,84.96666717529297,47.24706268310547
20060330,76.1811752319336,89.04093933105469,69.90017700195312
20060331,84.0042495727539,55.83045196533203,97.79303741455078
20060401,58.06891632080078,84.20388793945312,35.11717987060547
20060402,47.79509353637695,65.97412109375,36.68595504760742
20060403,121.2349853515625,113.75228881835938,124.53085327148438
20060404,82.26051330566406,63.08254623413086,99.97244262695312
20060405,62.56686019897461,48.51332473754883,69.368408203125
20060406,62.44517135620117,59.28853225708008,59.34299087524414
20060407,96.71730041503906,123.20282745361328,89.35940551757812
20060408,73.28689575195312,93.51847839355469,58.50273513793945
20060409,61.88313674926758,65.3216323852539,60.53854751586914
20060410,100.38084411621094,107.76968383789062,89.89056396484375
20060411,115.31089782714844,97.53839111328125,122.03498077392578
20060412,100.10506439208984,102.82108306884766,95.85269927978516
20060413,99.69034576416016,73.82772827148438,127.89613342285156
20060414,60.967506408691406,64.83182525634766,67.59518432617188
20060415,110.892822265625,119.0554428100586,94.57524108886719
20060416,61.5718879699707,81.84315490722656,40.959163665771484
20060417,139.61013793945312,134.9628143310547,126.64385223388672
20060418,132.7978057861328,154.45388793945312,110.425537109375
20060419,99.25296783447266,92.76324462890625,98.00668334960938
20060420,90.29145050048828,78.76183319091797,107.92774963378906
20060421,71.94977569580078,40.16785430908203,86.15303039550781
20060422,75.08086395263672,71.85576629638672,69.92394256591797
20060423,33.16252517700195,29.387062072753906,36.76757049560547
20060424,104.01782989501953,119.65113067626953,93.14746856689453
20060425,128.02194213867188,159.5348358154297,122.42239379882812
20060426,129.7889404296875,135.27076721191406,127.54603576660156
20060427,129.0610809326172,148.67819213867188,119.24259185791016
20060428,89.52886199951172,86.54863739013672,90.23763275146484
20060429,81.72453308105469,92.3360366821289,86.0782470703125
20060430,60.365699768066406,75.22486114501953,37.646976470947266
20060501,98.99627685546875,113.87487030029297,94.9828872680664
20060502,106.17205047607422,155.23968505859375,52.971229553222656
20060503,96.45329284667969,84.13684844970703,100.25491333007812
20060504,83.4196548461914,80.48020935058594,76.07890319824219
20060505,91.85629272460938,68.68016052246094,105.02440643310547
20060506,64.1322021484375,105.63140106201172,51.00933074951172
20060507,63.48776626586914,89.35389709472656,49.686649322509766
20060508,128.15325927734375,123.88731384277344,116.25103759765625
20060509,105.05665588378906,39.27497863769531,141.9565887451172
20060510,118.4202880859375,76.57672882080078,138.39053344726562
20060511,115.93987274169922,82.55928039550781,133.1343536376953
20060512,92.17579650878906,86.14881896972656,91.01838684082031
20060513,64.58296203613281,69.74951934814453,62.65321731567383
20060514,79.95852661132812,106.28321075439453,50.65753936767578
20060515,70.64717864990234,86.08076477050781,45.69082260131836
20060516,109.31473541259766,112.28063201904297,104.671142578125
20060517,87.97112274169922,90.7244873046875,90.80782318115234
20060518,78.33775329589844,83.6749496459961,65.14029693603516
20060519,79.36054229736328,76.18602752685547,83.09949493408203
20060520,66.73181915283203,47.899017333984375,79.90502166748047
20060521,70.55917358398438,74.04419708251953,80.2882308959961
20060522,91.6086196899414,73.06130981445312,109.69263458251953
20060523,86.55956268310547,92.9310531616211,66.44029235839844
20060524,91.5237045288086,70.63896179199219,98.19977569580078
20060525,62.554927825927734,79.37029266357422,52.016380310058594
20060526,95.8901138305664,86.90451049804688,91.8167953491211
20060527,60.86082458496094,34.670562744140625,77.11647033691406
20060528,41.126686096191406,52.181941986083984,49.742733001708984
20060529,86.57329559326172,45.42464065551758,113.66590118408203
20060530,74.69149017333984,52.123111724853516,86.95164489746094
20060531,52.93421936035156,61.10358810424805,41.699806213378906
20060601,118.30599212646484,69.03912353515625,148.7624053955078
20060602,98.02202606201172,51.73427200317383,148.6329345703125
20060603,105.95755004882812,105.63140106201172,102.01866149902344
20060604,84.34778594970703,114.6656723022461,70.13782501220703
20060605,85.3180923461914,81.35741424560547,74.02922058105469
20060606,123.40939331054688,129.5047607421875,108.01976013183594
20060607,115.40960693359375,99.50647735595703,129.6847381591797
20060608,86.81586456298828,91.95792388916016,85.72575378417969
20060609,113.72371673583984,151.1648712158203,87.29061126708984
20060610,96.6531753540039,128.47421264648438,68.1928482055664
20060611,56.336185455322266,82.3720703125,43.722286224365234
20060612,84.54349517822266,68.95903015136719,95.8644027709961
20060613,90.45618438720703,93.28732299804688,72.62345123291016
20060614,125.98819732666016,165.42491149902344,71.5455551147461
20060615,114.03465270996094,149.72967529296875,74.00849914550781
20060616,96.5101089477539,130.17059326171875,80.25118255615234
20060617,73.35181427001953,87.75122833251953,58.5545539855957
20060618,104.68611907958984,171.4549560546875,62.17841339111328
20060619,114.09954833984375,139.43344116210938,85.6956787109375
20060620,139.9676513671875,124.03273010253906,139.66497802734375
20060621,107.32487487792969,144.58718872070312,77.18399047851562
20060622,112.6163101196289,76.6719741821289,132.47198486328125
20060623,131.73426818847656,175.1050262451172,100.41273498535156
20060624,63.80992889404297,77.44254302978516,59.98081970214844
20060625,58.73347091674805,62.45619583129883,45.58280563354492
20060626,108.67021179199219,112.07142639160156,99.7105484008789
20060627,132.10638427734375,171.2096710205078,93.37300872802734
20060628,94.64479064941406,97.39712524414062,91.39366912841797
20060629,98.39310455322266,141.68589782714844,63.635398864746094
20060630,133.7183380126953,139.3661346435547,136.46165466308594
20060701,51.18130111694336,51.02376174926758,47.287620544433594
20060702,55.942039489746094,87.63832092285156,33.22682571411133
20060703,82.81419372558594,123.83892822265625,41.31755447387695
20060704,147.31875610351562,142.6691436767578,175.000244140625
20060705,114.96981048583984,93.12544250488281,131.4513702392578
20060706,172.9570770263672,64.29395294189453,248.6366424560547
20060707,151.5165557861328,130.3177947998047,163.04685974121094
20060708,107.03408813476562,93.02454376220703,109.54116821289062
20060709,75.19568634033203,94.691650390625,59.23664093017578
20060710,161.28607177734375,148.4211883544922,171.94155883789062
20060711,149.43914794921875,170.26190185546875,147.9325408935547
20060712,154.58648681640625,150.96554565429688,157.4002227783203
20060713,180.8910675048828,191.6051483154297,164.5181427001953
20060714,171.87850952148438,105.92511749267578,228.67579650878906
20060715,109.48316192626953,72.76411437988281,140.05950927734375
20060716,124.62330627441406,104.20104217529297,147.0851593017578
20060717,224.09744262695312,203.09786987304688,257.49359130859375
20060718,206.5977783203125,258.32501220703125,145.58688354492188
20060719,179.2371368408203,238.2472381591797,143.521240234375
20060720,130.3020477294922,178.97467041015625,101.12689208984375
20060721,142.3739776611328,151.3981170654297,126.2809829711914
20060722,137.90638732910156,185.1796875,107.65264892578125
20060723,105.97076416015625,148.68496704101562,84.85437774658203
20060724,150.57125854492188,154.1647491455078,148.89210510253906
20060725,141.11044311523438,189.91273498535156,99.73709869384766
20060726,165.11239624023438,171.4626922607422,154.45814514160156
20060727,115.32003021240234,137.95806884765625,100.68682098388672
20060728,180.03085327148438,191.4418182373047,164.6714324951172
20060729,120.45700073242188,138.0991668701172,105.17196655273438
20060730,100.26397705078125,138.39971923828125,89.78591918945312
20060731,150.19198608398438,174.68463134765625,152.64251708984375
20060801,151.55538940429688,172.67300415039062,144.02635192871094
20060802,150.25360107421875,209.01084899902344,110.41259765625
20060803,137.89596557617188,183.29534912109375,91.73185729980469
20060804,132.37356567382812,135.18478393554688,134.23507690429688
20060805,109.82527160644531,124.28279876708984,83.91857147216797
20060806,85.04147338867188,96.8910903930664,67.34728240966797
20060807,171.41358947753906,153.79736328125,192.42327880859375
20060808,150.04661560058594,138.0782470703125,172.75634765625
20060809,156.92906188964844,217.66403198242188,107.7972640991211
20060810,143.4822235107422,155.47886657714844,129.6847381591797
20060811,252.6795654296875,270.3336486816406,271.60687255859375
20060812,233.61688232421875,268.7282409667969,214.183837890625
20060813,134.86280822753906,201.67152404785156,77.09806823730469
20060814,207.28463745117188,254.33425903320312,205.51051330566406
20060815,239.7252960205078,304.165771484375,223.5014190673828
20060816,134.4330291748047,137.45562744140625,131.84930419921875
20060817,137.4013671875,178.6675262451172,114.2535400390625
20060818,154.88150024414062,201.67152404785156,131.4171600341797
20060819,100.56008911132812,100.25055694580078,93.45638275146484
20060820,109.24840545654297,147.80931091308594,103.82111358642578
20060821,156.40452575683594,135.93295288085938,180.07652282714844
20060822,180.15074157714844,153.9396209716797,214.00140380859375
20060823,160.06105041503906,138.75509643554688,162.02963256835938
20060824,120.56661224365234,90.14662170410156,130.33139038085938
20060825,150.9830322265625,168.58047485351562,130.56900024414062
20060826,135.51412963867188,96.06898498535156,165.2702178955078
20060827,73.07135009765625,56.65833282470703,74.26358032226562
20060828,129.0610809326172,181.08241271972656,87.44457244873047
20060829,161.7765655517578,130.55886840820312,185.76885986328125
20060830,110.31077575683594,77.62674713134766,134.8924560546875
20060831,100.81727600097656,103.37857818603516,114.97059631347656
20060901,159.05218505859375,134.16836547851562,162.77769470214844
20060902,118.20044708251953,123.72845458984375,122.8592300415039
20060903,93.20237731933594,100.658447265625,90.41747283935547
20060904,155.34799194335938,191.30978393554688,151.97262573242188
20060905,173.74928283691406,180.74551391601562,169.6045684814453
20060906,134.21084594726562,176.36973571777344,106.52777099609375
20060907,81.12410736083984,107.83252716064453,62.960086822509766
20060908,149.08045959472656,160.51129150390625,158.67529296875
20060909,121.15792083740234,120.78498077392578,137.38172912597656
20060910,97.73645782470703,83.51624298095703,121.90637969970703
20060911,140.7175750732422,144.07589721679688,120.17353057861328
20060912,120.99210357666016,156.47958374023438,97.88957214355469
20060913,108.21454620361328,89.90121459960938,109.98018646240234
20060914,119.69783020019531,105.4538803100586,124.99429321289062
20060915,97.16864776611328,105.67588806152344,83.24722290039062
20060916,73.84705352783203,78.8782958984375,74.5645980834961
20060917,91.50739288330078,102.17281341552734,79.13491821289062
20060918,111.98429107666016,129.64598083496094,84.10698699951172
20060919,155.8122100830078,149.1193084716797,165.84030151367188
20060920,124.61978912353516,75.11956024169922,159.05271911621094
20060921,112.56298065185547,149.6219940185547,89.14252471923828
20060922,105.72024536132812,76.11848449707031,126.98066711425781
20060923,99.40390014648438,128.55946350097656,80.42346954345703
20060924,71.19772338867188,104.5999984741211,43.62336730957031
20060925,76.27622985839844,72.42042541503906,78.52751922607422
20060926,115.8915786743164,77.02323913574219,139.1974639892578
20060927,81.90414428710938,78.62789154052734,80.71806335449219
20060928,117.81671142578125,103.79661560058594,141.25660705566406
20060929,114.73369598388672,134.91036987304688,102.74347686767578
20060930,85.64604187011719,93.64522552490234,68.92002868652344
20061001,55.026039123535156,87.77066040039062,30.50391960144043
20061002,108.4249038696289,134.18212890625,105.70330810546875
20061003,113.00182342529297,109.43531036376953,102.01866149902344
20061004,130.0825653076172,66.34901428222656,176.08700561523438
20061005,122.68769073486328,79.76741790771484,137.50341796875
20061006,110.71815490722656,101.42784118652344,124.41300201416016
20061007,70.76972961425781,70.55188751220703,76.95409393310547
20061008,48.223270416259766,51.77289581298828,43.18370819091797
20061009,99.0600357055664,79.00409698486328,112.0252685546875
20061010,251.7148895263672,66.91735076904297,379.546630859375
20061011,243.29592895507812,105.72563934326172,342.3677062988281
20061012,109.00102233886719,121.91739654541016,128.21926879882812
20061013,122.35610961914062,124.95458984375,129.03982543945312
20061014,101.08097076416016,74.85758972167969,120.07427215576172
20061015,69.091796875,84.18560028076172,63.835548400878906
20061016,160.4704132080078,144.7406005859375,190.6230926513672
20061017,151.8933563232422,148.2039794921875,182.73780822753906
20061018,109.30562591552734,133.18455505371094,126.23757934570312
20061019,118.40433502197266,137.2556610107422,100.7466049194336
20061020,97.68196105957031,97.38128662109375,95.5595474243164
20061021,115.4298324584961,101.69377136230469,120.53743743896484
20061022,58.38838577270508,54.32808303833008,64.7356948852539
20061023,110.41893005371094,159.42481994628906,63.32192611694336
20061024,125.91631317138672,135.18478393554688,112.7574691772461
20061025,130.0825653076172,108.57110595703125,140.86959838867188
20061026,100.29869079589844,81.07294464111328,112.7047348022461
20061027,91.03688049316406,70.26321411132812,92.79356384277344
20061028,81.45658111572266,86.61957550048828,85.7960205078125
20061029,63.273765563964844,74.2105941772461,68.08885955810547
20061030,79.77513885498047,90.89095306396484,69.4943618774414
20061031,146.3383331298828,132.62535095214844,149.340576171875
20061101,143.60842895507812,101.80721282958984,159.21986389160156
20061102,113.77030181884766,89.68101501464844,123.20464324951172
20061103,113.83393859863281,56.74177551269531,160.91603088378906
20061104,60.83179473876953,55.13140869140625,59.780548095703125
20061105,47.01242446899414,36.052085876464844,60.14200210571289
20061106,47.63648223876953,51.14291763305664,54.846317291259766
20061107,52.32091522216797,52.15986633300781,43.5064811706543
20061108,77.03646087646484,88.61461639404297,59.130672454833984
20061109,89.8062515258789,138.1317138671875,55.474124908447266
20061110,114.90293884277344,145.281982421875,83.89351654052734
20061111,75.94029235839844,93.98052978515625,69.67914581298828
20061112,53.61381149291992,30.54216194152832,70.0567398071289
20061113,122.42098236083984,129.2232208251953,107.78492736816406
20061114,137.7627410888672,112.36802673339844,151.00303649902344
20061115,107.25242614746094,79.42798614501953,127.40535736083984
20061116,114.13048553466797,88.80326080322266,124.99429321289062
20061117,56.625091552734375,45.1606330871582,65.91975402832031
20061118,69.76763916015625,55.642311096191406,78.89901733398438
20061119,71.76600646972656,67.77957153320312,75.37980651855469
20061120,118.43817138671875,103.31441497802734,135.4169464111328
20061121,70.40882873535156,53.479698181152344,89.2146987915039
20061122,72.21711730957031,68.86460876464844,78.32711791992188
20061123,116.9141616821289,123.02952575683594,91.8167953491211
20061124,78.20037078857422,81.07804870605469,72.82918548583984
20061125,79.6432113647461,82.33873748779297,73.5842514038086
20061126,69.98382568359375,85.27249908447266,51.7277717590332
20061127,103.98194122314453,133.27955627441406,67.93619537353516
20061128,77.74393463134766,87.61392974853516,67.45723724365234
20061129,97.78797912597656,97.48697662353516,86.3958740234375
20061130,78.80364990234375,106.61861419677734,56.16659927368164
20061201,96.56777954101562,75.84951782226562,107.06552124023438
20061202,63.75653076171875,44.215850830078125,78.37081909179688
20061203,43.73026657104492,65.39349365234375,18.181543350219727
20061204,86.98208618164062,79.48815155029297,90.41041564941406
20061205,150.86941528320312,124.24763488769531,169.08834838867188
20061206,85.80194091796875,67.20829772949219,91.73185729980469
20061207,72.95214080810547,53.87228775024414,80.88265991210938
20061208,104.24164581298828,103.9207763671875,96.31131744384766
20061209,100.0344009399414,68.38387298583984,118.8310546875
20061210,81.51732635498047,103.42996978759766,61.62200927734375
20061211,81.17144012451172,77.06817626953125,77.13896179199219
20061212,93.53890991210938,64.31102752685547,112.64766693115234
20061213,126.16510772705078,64.35089874267578,165.90457153320312
20061214,74.1619644165039,82.14854431152344,59.383995056152344
20061215,80.49229431152344,67.89922332763672,82.377685546875
20061216,89.1523666381836,72.21333312988281,88.03292083740234
20061217,74.5234603881836,66.86466217041016,86.75602722167969
20061218,83.86247253417969,76.00393676757812,76.0737533569336
20061219,136.3787384033203,100.18028259277344,173.08908081054688
20061220,91.75211334228516,88.31555938720703,99.97244262695312
20061221,93.311767578125,74.41963195800781,113.80109405517578
20061222,81.20697021484375,67.46417236328125,95.66203308105469
20061223,95.01924896240234,78.39456939697266,98.0832290649414
20061224,59.7628173828125,59.578861236572266,56.79389190673828
20061225,137.20693969726562,117.24394989013672,146.68954467773438
20061226,125.6263198852539,92.2818374633789,131.95228576660156
20061227,73.61261749267578,51.80190658569336,93.61712646484375
20061228,102.45054626464844,113.48355102539062,94.65648651123047
20061229,92.7673568725586,77.06817626953125,102.8519515991211
20061230,120.14494323730469,123.197265625,108.4675064086914
20061231,37.978485107421875,50.48210906982422,21.05353355407715
20070101,90.29145050048828,101.26522064208984,75.08016967773438
20070102,114.66580963134766,110.07904815673828,105.94245910644531
20070103,76.69671630859375,101.94751739501953,42.517147064208984
20070104,85.40690612792969,121.63429260253906,40.582008361816406
20070105,88.20446014404297,84.67618560791016,86.9271469116211
20070106,102.13750457763672,104.57508850097656,96.40763092041016
20070107,67.52686309814453,67.31900787353516,68.62863159179688
20070108,106.46076202392578,138.78939819335938,88.52545928955078
20070109,106.02787780761719,76.87382507324219,128.24072265625
20070110,153.23886108398438,188.5211944580078,113.86727905273438
20070111,101.62935638427734,109.53138732910156,95.92798614501953
20070112,160.66244506835938,192.20150756835938,126.30882263183594
20070113,102.6507568359375,99.56898498535156,101.5060043334961
20070114,65.25336456298828,61.225887298583984,70.21910095214844
20070115,110.5606689453125,76.306396484375,134.36602783203125
20070116,81.83572387695312,85.13095092773438,71.00762176513672
20070117,128.29208374023438,177.0884246826172,93.00211334228516
20070118,127.82486724853516,119.2974853515625,122.12085723876953
20070119,66.13111114501953,29.967071533203125,94.9828872680664
20070120,59.00247573852539,39.21390914916992,74.76176452636719
20070121,79.50162506103516,98.12760925292969,81.84811401367188
20070122,116.95853424072266,75.22486114501953,163.13690185546875
20070123,113.76494598388672,120.08622741699219,100.16377258300781
20070124,110.31954193115234,101.06266784667969,119.00646209716797
20070125,110.6956558227539,99.31944274902344,115.05863952636719
20070126,79.57235717773438,58.76105499267578,88.22254180908203
20070127,83.99537658691406,83.73683166503906,82.94068145751953
20070128,63.775367736816406,67.31900787353516,62.389671325683594
20070129,60.22850036621094,49.44727325439453,64.81185913085938
20070130,109.75375366210938,79.57521057128906,132.74716186523438
20070131,96.60357666015625,80.77295684814453,114.01520538330078
20070201,77.8480224609375,74.9322509765625,80.35829162597656
20070202,139.13375854492188,76.73069763183594,172.3103485107422
20070203,106.15460205078125,108.54137420654297,99.587646484375
20070204,55.39410400390625,80.99461364746094,67.55751037597656
20070205,77.98645782470703,74.04419708251953,74.1122055053711
20070206,88.69902801513672,54.41600799560547,113.4708023071289
20070207,126.07299041748047,113.11642456054688,141.52540588378906
20070208,76.1509780883789,75.91658020019531,67.84491729736328
20070209,95.58355712890625,77.42259216308594,104.31845092773438
20070210,73.7386703491211,67.85694122314453,70.7492446899414
20070211,83.0028305053711,67.7023696899414,94.11743927001953
20070212,101.92516326904297,94.35346984863281,115.02323913574219
20070213,95.6817398071289,52.62743377685547,131.68942260742188
20070214,122.07669830322266,105.25486755371094,126.2023696899414
20070215,111.8166275024414,128.1933135986328,102.27693939208984
20070216,96.89411926269531,108.67034912109375,85.60614776611328
20070217,65.11885070800781,67.74095153808594,61.21119689941406
20070218,54.495826721191406,62.089237213134766,45.31498718261719
20070219,78.77194213867188,66.13008880615234,82.73853302001953
20070220,128.34031677246094,124.48729705810547,121.1404800415039
20070221,101.4992904663086,122.65074920654297,76.72712707519531
20070222,84.5181884765625,59.7960205078125,108.81990814208984
20070223,126.83918762207031,94.10140991210938,142.26287841796875
20070224,80.388671875,66.32377624511719,92.20095825195312
20070225,95.4080581665039,98.91896057128906,82.5081787109375
20070226,103.1595458984375,99.03305053710938,108.01976013183594
20070227,89.6153564453125,121.24647521972656,74.51797485351562
20070228,125.1149673461914,166.30645751953125,94.12872314453125
20070301,99.48458099365234,107.2198486328125,89.43194580078125
20070302,127.29258728027344,118.04723358154297,118.1556625366211
20070303,70.25870513916016,62.25994873046875,73.56883239746094
20070304,41.69135665893555,75.56913757324219,18.909637451171875
20070305,124.78851318359375,113.09490966796875,113.19878387451172
20070306,100.38084411621094,103.29998016357422,96.93268585205078
20070307,135.9164276123047,163.85812377929688,99.8770523071289
20070308,63.332550048828125,82.35340118408203,50.3733024597168
20070309,91.2796401977539,99.80500030517578,78.35033416748047
20070310,55.874637603759766,58.355159759521484,57.523773193359375
20070311,66.03125,80.4564437866211,54.90705490112305
20070312,58.96717071533203,34.579803466796875,80.76032257080078
20070313,79.58120727539062,99.1703109741211,66.17427062988281
20070314,104.47801208496094,85.77587890625,122.64952087402344
20070315,104.11709594726562,49.16682052612305,141.25660705566406
20070316,122.02630615234375,94.94688415527344,138.5913848876953
20070317,56.879737854003906,70.20576477050781,36.03602600097656
20070318,44.167572021484375,58.708824157714844,30.60559844970703
20070319,66.38412475585938,79.41574096679688,49.6804313659668
20070320,95.01924896240234,52.26304626464844,136.22669982910156
20070321,65.07991790771484,38.927757263183594,81.17398071289062
20070322,92.08885192871094,120.65853118896484,70.01121520996094
20070323,76.48912811279297,93.85069274902344,53.818016052246094
20070324,82.88326263427734,66.1025161743164,91.89337158203125
20070325,49.498138427734375,45.549949645996094,56.9897346496582
20070326,105.21846771240234,79.57521057128906,114.6452865600586
20070327,129.01919555664062,109.32874298095703,134.1043701171875
20070328,103.87843322753906,109.31194305419922,100.77452850341797
20070329,102.8559799194336,78.41246795654297,120.74537658691406
20070330,93.8072280883789,70.13886260986328,107.25501251220703
20070331,61.44278335571289,47.93764877319336,71.08396911621094
20070401,67.28034973144531,86.80067443847656,46.07294464111328
20070402,82.90431213378906,64.68192291259766,101.90765380859375
20070403,104.33283996582031,104.0116958618164,92.17827606201172
20070404,62.938785552978516,46.23320007324219,71.61710357666016
20070405,96.19071197509766,77.91439056396484,104.98108673095703
20070406,106.96833038330078,144.47874450683594,68.86259460449219
20070407,41.33328628540039,41.206058502197266,44.18989944458008
20070408,37.47248458862305,37.35714340209961,37.391456604003906
20070409,65.59539794921875,57.21930694580078,68.1807861328125
20070410,81.4856185913086,56.51116943359375,94.27178955078125
20070411,96.60357666015625,93.19956970214844,103.65019226074219
20070412,86.14899444580078,83.11337280273438,92.43301391601562
20070413,80.64862823486328,65.51142883300781,89.41580963134766
20070414,59.34567642211914,53.784549713134766,62.8062744140625
20070415,70.08773803710938,73.54946899414062,67.4822769165039
20070416,114.48116302490234,117.81034851074219,110.54864501953125
20070417,88.64155578613281,117.82494354248047,70.9782943725586
20070418,63.76161575317383,60.538429260253906,75.74254608154297
20070419,62.19514846801758,75.48277282714844,44.97148895263672
20070420,99.75846099853516,93.60131072998047,107.35001373291016
20070421,65.62364959716797,73.95491027832031,61.68570327758789
20070422,32.34027099609375,27.634904861450195,38.41706848144531
20070423,48.241275787353516,80.1546401977539,26.742755889892578
20070424,70.2762680053711,63.69086456298828,69.06181335449219
20070425,119.01441192626953,171.3805389404297,65.97614288330078
20070426,64.66414642333984,93.76742553710938,48.88205337524414
20070427,87.09098052978516,99.22618103027344,72.41887664794922
20070428,54.75318145751953,81.8769760131836,36.42319107055664
20070429,48.785972595214844,38.90864562988281,48.68048095703125
20070430,112.42654418945312,184.13221740722656,33.38792419433594
20070501,140.0662841796875,216.4344940185547,75.7051773071289
20070502,72.08696746826172,75.28722381591797,62.79697799682617
20070503,57.91202163696289,69.280517578125,67.41792297363281
20070504,87.9999008178711,112.7944564819336,62.721153259277344
20070505,43.169864654541016,34.429588317871094,43.076515197753906
20070506,43.188629150390625,51.66682815551758,50.277774810791016
20070507,75.00153350830078,99.69422912597656,48.506988525390625
20070508,75.97632598876953,68.168212890625,94.76504516601562
20070509,108.60877227783203,81.20585632324219,124.1784439086914
20070510,109.89561462402344,93.90628814697266,104.43616485595703
20070511,100.76251220703125,119.28717803955078,78.55049133300781
20070512,69.24263763427734,49.70124053955078,73.6990966796875
20070513,65.13475799560547,92.76324462890625,69.6363296508789
20070514,99.29759216308594,110.87098693847656,79.26629638671875
20070515,92.65923309326172,100.07186126708984,77.04905700683594
20070516,105.68511199951172,118.52977752685547,82.38794708251953
20070517,93.86617279052734,66.40966033935547,110.78443145751953
20070518,124.64977264404297,136.69268798828125,119.19772338867188
20070519,47.28266143798828,49.90989303588867,41.62977981567383
20070520,91.61395263671875,144.20834350585938,56.132537841796875
20070521,82.51947784423828,117.52210998535156,45.74502182006836
20070522,91.91756439208984,133.92755126953125,52.914695739746094
20070523,115.043212890625,161.9140167236328,61.898963928222656
20070524,104.38118743896484,128.54457092285156,91.90188598632812
20070525,125.06632995605469,114.57206726074219,134.9144744873047
20070526,84.28925323486328,89.63179016113281,88.77960205078125
20070527,107.6462173461914,117.07077026367188,113.92334747314453
20070528,73.39514923095703,78.04718017578125,73.23644256591797
20070529,87.06373596191406,90.92887115478516,96.5282974243164
20070530,159.35586547851562,141.96478271484375,186.0770263671875
20070531,111.7274398803711,132.4561004638672,85.37203979492188
20070601,111.09221649169922,60.40922927856445,151.1617889404297
20070602,80.20745086669922,58.63774871826172,84.4803466796875
20070603,63.70322799682617,90.7244873046875,45.40391159057617
20070604,176.06973266601562,212.26612854003906,190.67022705078125
20070605,123.08995056152344,137.1476593017578,114.39469146728516
20070606,127.91102600097656,143.8656768798828,125.45264434814453
20070607,123.13262176513672,137.7235565185547,109.88047790527344
20070608,119.37181091308594,95.20349884033203,134.0028839111328
20070609,71.89656829833984,84.94845581054688,66.42694091796875
20070610,56.83327102661133,97.12857055664062,40.507408142089844
20070611,84.1159896850586,71.87748718261719,79.9372329711914
20070612,109.47718048095703,112.66085815429688,99.84342193603516
20070613,116.83984375,125.92454528808594,99.7818374633789
20070614,106.19095611572266,147.033447265625,73.5842514038086
20070615,93.22422790527344,92.9372787475586,82.6867904663086
20070616,78.33775329589844,72.5182876586914,79.09892272949219
20070617,82.19770812988281,73.75022888183594,82.01996612548828
20070618,143.53201293945312,180.74551391601562,125.63301086425781
20070619,123.0675277709961,136.32080078125,96.64925384521484
20070620,121.9552230834961,164.29708862304688,71.26079559326172
20070621,75.81580352783203,81.39647674560547,72.74217987060547
20070622,69.57904815673828,96.50765228271484,35.21739959716797
20070623,110.5087661743164,128.97789001464844,103.09778594970703
20070624,65.1778335571289,76.44377899169922,44.63316345214844
20070625,76.66112518310547,104.58179473876953,53.68095397949219
20070626,75.5196762084961,75.28722381591797,62.79697799682617
20070627,91.40291595458984,100.54793548583984,99.59195709228516
20070628,59.100223541259766,70.70197296142578,39.31494903564453
20070629,114.12556457519531,145.8644561767578,68.13260650634766
20070630,107.4040756225586,123.97981262207031,108.11193084716797
20070701,90.75527954101562,90.47592163085938,90.55902862548828
20070702,153.71543884277344,168.56651306152344,140.6011199951172
20070703,153.22450256347656,174.57469177246094,145.61253356933594
20070704,159.68655395507812,229.53701782226562,104.99230194091797
20070705,144.59620666503906,144.15113830566406,142.09742736816406
20070706,121.85631561279297,172.6312255859375,79.99526977539062
20070707,54.210838317871094,68.26607513427734,37.96043395996094
20070708,82.92330169677734,121.82660675048828,79.84069061279297
20070709,152.3019561767578,160.26834106445312,154.7869415283203
20070710,133.9123077392578,119.44747924804688,146.5161590576172
20070711,116.34384155273438,135.31666564941406,91.36890411376953
20070712,98.02202606201172,109.21680450439453,86.30298614501953
20070713,150.7110595703125,183.9761199951172,158.56939697265625
20070714,74.02385711669922,68.52486419677734,83.53642272949219
20070715,114.07518005371094,166.21206665039062,65.6702880859375
20070716,176.5581817626953,150.8697509765625,181.76927185058594
20070717,113.12931060791016,133.92755126953125,82.3117446899414
20070718,154.22886657714844,193.86390686035156,144.97389221191406
20070719,82.12977600097656,90.97441101074219,85.99919891357422
20070720,89.44252014160156,70.05995178222656,100.93649291992188
20070721,87.69393157958984,73.32335662841797,94.09064483642578
20070722,104.33283996582031,138.6822509765625,86.75602722167969
20070723,128.36199951171875,140.3507843017578,137.72518920898438
20070724,82.63455200195312,64.4714584350586,83.65087890625
20070725,91.57718658447266,100.73963928222656,105.03350830078125
20070726,124.33229064941406,135.7543182373047,123.07881164550781
20070727,108.05206298828125,129.26336669921875,97.54999542236328
20070728,97.85169982910156,126.2418212890625,62.22163009643555
20070729,65.11189270019531,97.3672103881836,47.374759674072266
20070730,97.77354431152344,124.76490783691406,78.04969787597656
20070731,129.9046173095703,115.8726806640625,130.76075744628906
20070801,124.13961029052734,149.81170654296875,108.65892791748047
20070802,95.06920623779297,106.62364196777344,88.93464660644531
20070803,122.33914184570312,143.85328674316406,114.77099609375
20070804,97.68196105957031,108.83790588378906,114.67144775390625
20070805,69.01182556152344,121.41071319580078,47.25864791870117
20070806,104.24164581298828,123.16536712646484,89.89056396484375
20070807,127.11885070800781,178.90951538085938,118.13899230957031
20070808,92.29044342041016,105.15013885498047,98.66878509521484
20070809,75.62940216064453,78.41246795654297,70.43479919433594
20070810,102.6895980834961,125.49010467529297,71.61710357666016
20070811,73.02838897705078,81.54003143310547,58.2963752746582
20070812,45.43421936035156,57.647377014160156,48.0836067199707
20070813,84.72040557861328,84.45962524414062,91.58197021484375
20070814,66.84553527832031,81.44862365722656,61.76017379760742
20070815,109.50636291503906,150.1077880859375,108.13135528564453
20070816,106.0021743774414,123.28852081298828,93.041015625
20070817,82.18202209472656,94.53353118896484,63.08024215698242
20070818,75.35150146484375,98.23326110839844,67.4769058227539
20070819,58.48164749145508,83.28805541992188,41.68227767944336
20070820,111.34681701660156,126.86180114746094,99.20181274414062
20070821,60.48727035522461,63.84821319580078,47.33841323852539
20070822,76.26531982421875,105.78166198730469,44.11617660522461
20070823,58.577674865722656,52.55763626098633,58.45100784301758
20070824,77.18004608154297,92.33097839355469,66.74473571777344
20070825,38.65653610229492,53.359676361083984,24.726245880126953
20070826,50.8973274230957,42.28388214111328,49.37650680541992
20070827,75.38641357421875,123.7836685180664,36.87421417236328
20070828,83.40997314453125,102.95162200927734,66.05524444580078
20070829,74.04183959960938,89.86044311523438,58.891239166259766
20070830,81.21882629394531,75.18533325195312,91.65599060058594
20070831,77.52183532714844,77.28321838378906,74.37903594970703
20070901,41.14990997314453,58.604637145996094,24.44102668762207
20070902,46.06604766845703,66.79891967773438,27.85844612121582
20070903,161.80792236328125,179.23318481445312,164.44798278808594
20070904,115.3815689086914,141.0001220703125,99.03833770751953
20070905,91.66456604003906,94.53353118896484,89.36367797851562
20070906,100.2121353149414,77.7028579711914,101.84720611572266
20070907,109.4059066772461,145.42552185058594,80.86616516113281
20070908,80.93046569824219,94.59193420410156,69.61677551269531
20070909,100.38084411621094,118.60369110107422,86.56128692626953
20070910,122.55419921875,129.3638458251953,101.90765380859375
20070911,105.61810302734375,76.57672882080078,138.39053344726562
20070912,99.83080291748047,90.47592163085938,100.62113952636719
20070913,124.07701110839844,172.59780883789062,91.17695617675781
20070914,85.01280212402344,111.05319213867188,63.37796401977539
20070915,67.05602264404297,32.08781814575195,89.2146987915039
20070916,65.75816345214844,81.94469451904297,68.34996795654297
20070917,44.76443099975586,0.0,74.44605255126953
20070918,98.49061584472656,104.73328399658203,98.27763366699219
20070919,72.01234436035156,56.18401336669922,72.89802551269531
20070920,121.82823181152344,127.23672485351562,135.07199096679688
20070921,87.08795166015625,102.89764404296875,75.09844970703125
20070922,70.42022705078125,89.86044311523438,65.58342742919922
20070923,38.468528747558594,34.08899688720703,42.65038299560547
20070924,90.2402114868164,44.98122024536133,125.06260681152344
20070925,106.3372802734375,115.6472396850586,91.10226440429688
20070926,97.6024398803711,70.76509857177734,108.21265411376953
20070927,177.98077392578125,121.81963348388672,212.05482482910156
20070928,118.71964263916016,86.60064697265625,134.83584594726562
20070929,78.98820495605469,39.372535705566406,106.73189544677734
20070930,61.7248649597168,49.2278938293457,68.43487548828125
20071001,121.75924682617188,114.24420166015625,125.06936645507812
20071002,103.51773834228516,94.35346984863281,113.13140869140625
20071003,81.4327392578125,104.3769760131836,62.87717056274414
20071004,86.27839660644531,78.19347381591797,78.26530456542969
20071005,125.00255584716797,97.52696228027344,149.13638305664062
20071006,69.44047546386719,51.279056549072266,76.9892349243164
20071007,55.4736213684082,31.601638793945312,72.48694610595703
20071008,126.29615020751953,158.28358459472656,84.01536560058594
20071009,72.08047485351562,81.23146057128906,62.54313278198242
20071010,82.37290954589844,129.04470825195312,48.92546463012695
20071011,68.58843994140625,101.29973602294922,42.24699020385742
20071012,77.9427719116211,38.8514289855957,106.47662353515625
20071013,84.0619888305664,73.32783508300781,87.3752212524414
20071014,65.35275268554688,65.1515884399414,81.51428985595703
20071015,82.16063690185547,81.90774536132812,86.95164489746094
20071016,151.86557006835938,119.8568344116211,163.11293029785156
20071017,175.76889038085938,140.1822967529297,211.36599731445312
20071018,94.24878692626953,105.01264190673828,87.5909194946289
20071019,111.0031509399414,81.54003143310547,140.88290405273438
20071020,87.52180480957031,89.89641571044922,83.80396270751953
20071021,85.4856185913086,51.13349151611328,99.5175552368164
20071022,91.91364288330078,117.2873306274414,61.14325714111328
20071023,131.402587890625,158.4163360595703,106.72431945800781
20071024,157.74131774902344,145.1591796875,161.43612670898438
20071025,126.79684448242188,131.67349243164062,140.5807342529297
20071026,173.0022430419922,101.78541564941406,226.39756774902344
20071027,121.09920501708984,90.54483795166016,159.4381561279297
20071028,45.26490020751953,57.43254089355469,47.90441131591797
20071029,98.35832214355469,84.0476303100586,105.1560287475586
20071030,102.5166015625,127.75130462646484,69.2621841430664
20071031,74.07351684570312,70.89169311523438,73.91333770751953
20071101,81.30609130859375,67.98230743408203,87.23686218261719
20071102,106.57826232910156,103.37857818603516,124.55147552490234
20071103,125.05070495605469,147.56358337402344,110.34992218017578
20071104,105.80682373046875,105.48114013671875,94.74951934814453
20071105,148.99624633789062,124.3570785522461,172.87681579589844
20071106,172.82962036132812,185.0604248046875,175.64952087402344
20071107,93.311767578125,104.65260314941406,96.98957061767578
20071108,140.00485229492188,105.33879089355469,153.7601776123047
20071109,121.15792083740234,76.86317443847656,146.54052734375
20071110,61.34384536743164,61.155025482177734,55.26010513305664
20071111,56.96214294433594,69.8914566040039,51.00933074951172
20071112,101.76319885253906,111.94478607177734,81.70138549804688
20071113,87.66719818115234,37.45600509643555,124.96803283691406
20071114,128.46522521972656,73.1827392578125,178.03810119628906
20071115,94.64479064941406,53.916263580322266,130.41732788085938
20071116,127.40645599365234,75.05389404296875,168.54481506347656
20071117,83.8946533203125,86.17085266113281,84.55883026123047
20071118,56.90299987792969,56.727848052978516,60.835670471191406
20071119,63.128170013427734,39.74769973754883,71.83259582519531
20071120,57.777347564697266,63.99944305419922,53.38185501098633
20071121,32.91621017456055,47.730751037597656,14.929560661315918
20071122,58.60221862792969,61.49666976928711,46.16487121582031
20071123,118.895751953125,105.35980224609375,137.31324768066406
20071124,21.68620491027832,16.214590072631836,22.54094696044922
20071125,62.95815658569336,77.24845123291016,48.32462692260742
20071126,51.35763931274414,51.199554443359375,48.806270599365234
20071127,108.19144439697266,101.51380920410156,111.13272094726562
20071128,68.88703155517578,41.80216979980469,84.67733001708984
20071129,57.42828369140625,78.07024383544922,52.094635009765625
20071130,77.38253784179688,83.07852172851562,69.29569244384766
20071201,75.07235717773438,93.55159759521484,66.32658386230469
20071202,71.2380142211914,79.89608001708984,66.64122009277344
20071203,56.92919921875,35.471229553222656,71.00762176513672
20071204,133.59576416015625,72.6461181640625,161.58409118652344
20071205,183.71749877929688,112.70892333984375,249.12747192382812
20071206,109.26409912109375,69.0761489868164,128.5287322998047
20071207,104.26968383789062,90.6219711303711,111.15834045410156
20071208,68.9054946899414,20.353599548339844,97.61724090576172
20071209,100.64604949951172,78.5240249633789,101.8838882446289
20071210,78.78539276123047,49.98183822631836,101.24662780761719
20071211,119.50983428955078,109.97721099853516,122.30914306640625
20071212,119.93779754638672,119.56861877441406,99.73204040527344
20071213,89.01851654052734,129.08291625976562,58.32011413574219
20071214,70.9025650024414,62.20220184326172,75.46585845947266
20071215,64.7315673828125,67.33807373046875,60.84715270996094
20071216,73.90242767333984,86.6764144897461,50.60768127441406
20071217,86.97380828857422,98.01558685302734,62.88821792602539
20071218,98.58832550048828,78.62789154052734,109.30570983886719
20071219,105.26531219482422,98.38246154785156,98.47283172607422
20071220,95.49745178222656,83.30306243896484,109.18753814697266
20071221,64.5305404663086,42.887939453125,76.65595245361328
20071222,55.26062774658203,73.45404052734375,45.95094299316406
20071223,56.78687286376953,84.91812133789062,47.220062255859375
20071224,102.40464782714844,71.01873779296875,118.47328186035156
20071225,125.00255584716797,145.38742065429688,121.26746368408203
20071226,58.6295166015625,46.759239196777344,58.50273513793945
20071227,105.97076416015625,93.90628814697266,97.90890502929688
20071228,186.45591735839844,166.1072998046875,197.9284210205078
20071229,116.4054946899414,92.83775329589844,127.21603393554688
20071230,68.60346984863281,87.9329605102539,48.89651870727539
20071231,87.28768920898438,95.72090911865234,79.84069061279297
20080101,63.3708610534668,57.43254089355469,76.64706420898438
20080102,94.99882507324219,123.53010559082031,68.69086456298828
20080103,82.81419372558594,105.67588806152344,60.599082946777344
20080104,87.34965515136719,73.6837387084961,89.39566040039062
20080105,57.36048126220703,28.59195899963379,76.31526184082031
20080106,65.04340362548828,46.31657028198242,69.53866577148438
20080107,78.18482208251953,57.43254089355469,82.1218490600586
20080108,84.4563980102539,68.60450744628906,98.83960723876953
20080109,123.0382308959961,150.96554565429688,94.44012451171875
20080110,104.03104400634766,109.16929626464844,104.71666717529297
20080111,56.54877471923828,71.21015930175781,34.64784622192383
20080112,57.777347564697266,49.371002197265625,59.48263931274414
20080113,71.08514404296875,47.244224548339844,102.45651245117188
20080114,90.8050308227539,72.42042541503906,90.60868072509766
20080115,95.92377471923828,108.37898254394531,74.44605255126953
20080116,94.73210144042969,121.85871124267578,66.06743621826172
20080117,72.98877716064453,100.75031280517578,37.349205017089844
20080118,47.153987884521484,41.13273620605469,53.91377639770508
20080119,59.057125091552734,64.22764587402344,66.96524810791016
20080120,79.2901840209961,87.82902526855469,58.60646057128906
20080121,81.09101104736328,80.84140014648438,87.65863037109375
20080122,83.2303466796875,73.01725769042969,88.5870590209961
20080123,137.00877380371094,121.41071319580078,126.58564758300781
20080124,88.51395416259766,69.52360534667969,98.13616180419922
20080125,92.98435974121094,110.07904815673828,82.15186309814453
20080126,83.13895416259766,88.06324005126953,64.81185913085938
20080127,86.666015625,76.79933166503906,96.08734893798828
20080128,89.23943328857422,85.40615844726562,94.9828872680664
20080129,66.88838958740234,50.80571365356445,90.05109405517578
20080130,36.60295867919922,43.78834915161133,30.436508178710938
20080131,93.08041381835938,141.9200897216797,54.63478469848633
20080201,99.69034576416016,68.14867401123047,108.94856262207031
20080202,48.046913146972656,58.54324722290039,39.952510833740234
20080203,44.344947814941406,61.8918342590332,22.124526977539062
20080204,117.29048919677734,134.6460418701172,94.57524108886719
20080205,99.17867279052734,118.6480712890625,71.47415161132812
20080206,85.01548767089844,102.91532897949219,80.79204559326172
20080207,52.53874588012695,41.90161895751953,56.79389190673828
20080208,77.52183532714844,71.33834838867188,74.37903594970703
20080209,59.53961944580078,48.56428527832031,58.510704040527344
20080210,64.44683837890625,68.53170013427734,57.16220474243164
20080211,89.335693359375,85.498291015625,89.14252471923828
20080212,90.06981658935547,146.32864379882812,66.57411193847656
20080213,102.6158447265625,70.33123779296875,122.65940856933594
20080214,89.60224151611328,86.61957550048828,85.7960205078125
20080215,114.53026580810547,128.81590270996094,87.90969848632812
20080216,41.96443557739258,62.75290298461914,30.532899856567383
20080217,45.627655029296875,36.389766693115234,45.528987884521484
20080218,106.592529296875,138.96116638183594,95.4531021118164
20080219,114.22647094726562,120.99205780029297,94.9828872680664
20080220,73.74918365478516,79.64903259277344,61.32476043701172
20080221,83.10074615478516,102.84201049804688,57.18693161010742
20080222,81.02235412597656,86.98625946044922,77.73764038085938
20080223,89.86619567871094,99.54397583007812,83.02950286865234
20080224,71.92037200927734,109.65728759765625,42.21461868286133
20080225,83.66990661621094,83.41236114501953,75.8990707397461
20080226,103.2244873046875,106.02513885498047,98.83960723876953
20080227,67.12692260742188,40.73409652709961,87.36751556396484
20080228,90.67764282226562,84.74862670898438,89.53904724121094
20080229,81.01388549804688,119.65113067626953,54.89047622680664
20080301,80.48759460449219,90.26982879638672,66.9279556274414
20080302,105.6713638305664,119.08689880371094,84.04866027832031
20080303,122.55419921875,158.11135864257812,113.89678192138672
20080304,160.11337280273438,170.26190185546875,171.60174560546875
20080305,95.7562484741211,89.49515533447266,109.48343658447266
20080306,113.2253646850586,104.19401550292969,130.36215209960938
20080307,91.68714141845703,129.73602294921875,59.025081634521484
20080308,85.41673278808594,127.73072052001953,48.83085250854492
20080309,51.685455322265625,74.94743347167969,54.699363708496094
20080310,64.74073791503906,93.22655487060547,29.907751083374023
20080311,39.71110153198242,59.383296966552734,27.517520904541016
20080312,99.55804443359375,84.2134780883789,100.34622192382812
20080313,51.29485321044922,64.59406280517578,40.40837097167969
20080314,89.45330810546875,100.32520294189453,69.7342758178711
20080315,32.31773376464844,32.218257904052734,32.24784851074219
20080316,51.177310943603516,64.93427276611328,30.949481964111328
20080317,59.61876678466797,59.43525695800781,49.57487487792969
20080318,80.56759643554688,86.49803161621094,66.9944839477539
20080319,77.10543060302734,65.04222869873047,78.9114761352539
20080320,38.263980865478516,43.59566116333008,31.817699432373047
20080321,84.93763732910156,84.67618560791016,76.51399230957031
20080322,71.08514404296875,68.03168487548828,66.20266723632812
20080323,49.963314056396484,39.847618103027344,49.85527420043945
20080324,98.02912902832031,105.87133026123047,81.51428985595703
20080325,86.4802017211914,119.9499282836914,68.78443145751953
20080326,74.50949096679688,86.66016387939453,67.12005615234375
20080327,64.89698028564453,50.63261032104492,84.46519470214844
20080328,84.05951690673828,31.037322998046875,119.08568572998047
20080329,34.069129943847656,31.351625442504883,34.86713790893555
20080330,77.46031188964844,72.6794204711914,83.3550033569336
20080331,108.1024398803711,100.07186126708984,121.99434661865234
20080401,60.84307861328125,60.65579605102539,50.592926025390625
20080402,80.7214126586914,71.53150939941406,84.52448272705078
20080403,68.00823211669922,56.499080657958984,65.97614288330078
20080404,65.65449523925781,41.65153121948242,79.40911865234375
20080405,47.24740219116211,52.33551788330078,48.01829147338867
20080406,49.50848388671875,44.86917495727539,52.395450592041016
20080407,81.07682800292969,76.97834777832031,77.04905700683594
20080408,56.31365203857422,46.23320007324219,55.0900764465332
20080409,86.84634399414062,86.57901763916016,87.69019317626953
20080410,63.8634147644043,44.289974212646484,73.88442993164062
20080411,83.40997314453125,89.0927505493164,74.31214904785156
20080412,45.341102600097656,53.178279876708984,35.4847526550293
20080413,66.0625991821289,75.2677230834961,47.08553695678711
20080414,53.1996955871582,49.50020980834961,53.084659576416016
20080415,47.034427642822266,53.588172912597656,33.523372650146484
20080416,68.4011001586914,84.42639923095703,48.752281188964844
20080417,77.84101867675781,68.97903442382812,91.09760284423828
20080418,78.15495300292969,41.95389938354492,99.98199462890625
20080419,56.625091552734375,62.72309875488281,41.85380935668945
20080420,55.363250732421875,73.59044647216797,76.72712707519531
20080421,80.5265121459961,109.47087097167969,66.96031951904297
20080422,86.38591766357422,86.1200180053711,71.83259582519531
20080423,107.75081634521484,73.6588363647461,122.87749481201172
20080424,97.6024398803711,100.25055694580078,88.53762817382812
20080425,66.31450653076172,62.96227264404297,73.52345275878906
20080426,96.6971435546875,104.66231536865234,96.48804473876953
20080427,74.33531951904297,92.63314056396484,61.8121452331543
20080428,95.27296447753906,116.89810180664062,67.03438568115234
20080429,70.55164337158203,66.98522186279297,61.45951461791992
20080430,89.01333618164062,63.38524627685547,100.45215606689453
20080501,90.46369934082031,100.7952651977539,88.49810791015625
20080502,57.530879974365234,84.5213851928711,30.21393585205078
20080503,64.84635162353516,59.259517669677734,62.90873336791992
20080504,71.62308502197266,107.10393524169922,44.66762924194336
20080505,42.07649612426758,53.387062072753906,38.168643951416016
20080506,76.23063659667969,89.81344604492188,57.62560272216797
20080507,89.17181396484375,72.43486785888672,109.85059356689453
20080508,55.67340850830078,55.50204086303711,55.55302047729492
20080509,87.25484466552734,111.83948516845703,108.83270263671875
20080510,79.69288635253906,84.74408721923828,97.1917953491211
20080511,83.55140686035156,78.39456939697266,81.73602294921875
20080512,113.97291564941406,139.27870178222656,85.6005630493164
20080513,90.20137023925781,74.41963195800781,93.10999298095703
20080514,85.50605010986328,88.39999389648438,79.00106048583984
20080515,60.124393463134766,74.2105941772461,57.13750076293945
20080516,77.32418060302734,74.00271606445312,82.30076599121094
20080517,49.55809783935547,62.40701675415039,34.70241165161133
20080518,47.12044906616211,46.97541046142578,39.18212890625
20080519,47.77742004394531,31.753570556640625,52.971229553222656
20080520,38.369510650634766,31.876169204711914,47.85817337036133
20080521,78.64595794677734,68.99540710449219,83.7076187133789
20080522,82.95722198486328,85.55366516113281,85.63224029541016
20080523,88.37577056884766,91.14179992675781,70.95318603515625
20080524,53.11289978027344,72.45709228515625,37.191612243652344
20080525,52.5804443359375,66.71456909179688,31.798023223876953
20080526,122.68769073486328,131.718505859375,141.25660705566406
20080527,83.47822570800781,30.26228141784668,113.58778381347656
20080528,68.60346984863281,58.62197494506836,70.62830352783203
20080529,74.76280975341797,80.2659683227539,76.51399230957031
20080530,79.82090759277344,48.9693603515625,91.90188598632812
20080531,72.65583038330078,75.1148681640625,62.65321731567383
20080601,33.41206741333008,38.06768035888672,31.75220489501953
20080602,73.61261749267578,100.42298889160156,45.102989196777344
20080603,110.96286010742188,97.6070327758789,108.55187225341797
20080604,76.46739959716797,91.47842407226562,66.1284408569336
20080605,69.19986724853516,47.99086380004883,80.05824279785156
20080606,114.22647094726562,94.8957290649414,131.92068481445312
20080607,49.36375427246094,31.081140518188477,60.49106216430664
20080608,54.08273696899414,53.916263580322266,52.466739654541016
20080609,69.98382568359375,69.7684097290039,64.65971374511719
20080610,77.03646087646484,66.78202819824219,77.98393249511719
20080611,111.2052230834961,120.94136810302734,106.48133087158203
20080612,69.70636749267578,48.34212112426758,75.60395050048828
20080613,74.93083953857422,80.92521667480469,67.49961853027344
20080614,114.8565673828125,72.86555480957031,134.5778045654297
20080615,51.24928665161133,55.73622131347656,38.74126434326172
20080616,96.8804931640625,74.2940673828125,105.34660339355469
20080617,92.84474182128906,66.11354064941406,110.29043579101562
20080618,82.58478546142578,60.98562240600586,91.56245422363281
20080619,114.12556457519531,122.52613830566406,107.06552124023438
20080620,130.369384765625,135.875732421875,113.33378601074219
20080621,74.34690856933594,49.41203689575195,96.1672134399414
20080622,54.63005065917969,59.4129753112793,41.29690933227539
20080623,72.18670654296875,79.96056365966797,53.35600662231445
20080624,164.25955200195312,156.9308624267578,165.04258728027344
20080625,133.413818359375,129.75918579101562,140.70156860351562
20080626,114.33021545410156,113.9782943725586,100.07279205322266
20080627,87.83323669433594,56.29042053222656,109.55413055419922
20080628,68.38496398925781,76.35540771484375,54.58967208862305
20080629,94.07890319824219,78.98047637939453,123.52034759521484
20080630,73.01483917236328,76.62114715576172,63.909603118896484
20080701,123.60326385498047,119.70215606689453,123.33599090576172
20080702,107.08731079101562,71.17179870605469,136.53790283203125
20080703,83.71109771728516,95.3753433227539,64.63636779785156
20080704,66.84553527832031,66.63977813720703,67.93619537353516
20080705,53.93212127685547,45.27672576904297,66.0892105102539
20080706,41.40709686279297,41.279640197753906,34.431297302246094
20080707,94.30797576904297,70.51326751708984,98.0250473022461
20080708,102.07713317871094,124.74166107177734,71.18995666503906
20080709,116.9141616821289,64.75238037109375,156.62864685058594
20080710,136.98587036132812,161.3940887451172,108.73040771484375
20080711,99.7955322265625,89.86044311523438,96.36748504638672
20080712,75.02330780029297,28.766300201416016,100.77452850341797
20080713,55.715972900390625,40.39598083496094,67.38847351074219
20080714,137.71348571777344,163.26329040527344,92.84844207763672
20080715,119.99421691894531,137.74984741210938,90.70813751220703
20080716,120.8447494506836,134.6460418701172,100.48619079589844
20080717,87.33132934570312,96.06898498535156,90.14739227294922
20080718,89.79852294921875,92.83775329589844,88.49810791015625
20080719,66.71546173095703,57.834877014160156,72.35999298095703
20080720,70.9112319946289,80.79196166992188,58.96491241455078
20080721,123.1437759399414,90.02747344970703,143.35708618164062
20080722,84.66626739501953,42.20282745361328,117.33775329589844
20080723,103.83174896240234,93.49484252929688,100.26505279541016
20080724,70.75387573242188,76.94845581054688,58.83406448364258
20080725,68.13312530517578,58.220062255859375,70.14407348632812
20080726,45.572731018066406,45.43245315551758,42.63204574584961
20080727,54.46673583984375,69.10791778564453,41.1734504699707
20080728,101.40513610839844,117.94183349609375,70.26795959472656
20080729,102.33332824707031,143.58135986328125,56.728912353515625
20080730,87.75013732910156,80.19003295898438,85.1281509399414
20080731,80.9522933959961,103.29998016357422,48.46634292602539
20080801,94.64479064941406,123.63557434082031,65.1311264038086
20080802,58.78558349609375,70.3255615234375,48.88205337524414
20080803,74.43972778320312,84.81210327148438,53.05625534057617
20080804,75.92133331298828,111.53968811035156,53.16292190551758
20080805,86.97380828857422,82.93626403808594,81.75467681884766
20080806,41.06488800048828,34.11540603637695,39.83786392211914
20080807,49.09932327270508,39.15855026245117,48.99314880371094
20080808,68.13312530517578,109.97122955322266,37.7698860168457
20080809,105.78455352783203,132.5769500732422,100.52933502197266
20080810,45.37763977050781,70.37016296386719,25.155284881591797
20080811,144.520751953125,159.24179077148438,177.0978240966797
20080812,149.08372497558594,231.99974060058594,96.7553482055664
20080813,122.18487548828125,142.11024475097656,95.9560775756836
20080814,95.00672149658203,107.34284973144531,105.33475494384766
20080815,86.3313980102539,76.5028076171875,90.39877319335938
20080816,79.4527359008789,54.83642578125,111.80642700195312
20080817,49.58933639526367,79.09871673583984,32.98807144165039
20080818,131.31661987304688,185.81117248535156,84.53720092773438
20080819,86.18671417236328,119.54285430908203,49.85527420043945
20080820,153.7478790283203,215.97787475585938,92.9790267944336
20080821,91.22930908203125,119.17388916015625,83.7076187133789
20080822,107.0601806640625,131.84371948242188,73.31378936767578
20080823,82.81419372558594,103.96353912353516,66.31212615966797
20080824,58.20030975341797,87.03174591064453,48.395381927490234
20080825,61.95575714111328,49.41203689575195,61.821781158447266
20080826,88.92799377441406,59.102840423583984,104.75741577148438
20080827,106.74594116210938,102.98455047607422,97.35252380371094
20080828,110.72650146484375,159.4459686279297,76.72712707519531
20080829,97.42845916748047,110.07904815673828,81.01481628417969
20080830,67.96526336669922,41.24281692504883,83.54427337646484
20080831,72.01234436035156,71.79067993164062,68.43487548828125
20080901,113.3246841430664,130.35675048828125,101.4817123413086
20080902,81.57286834716797,77.78604888916016,76.67784118652344
20080903,88.8821029663086,95.424560546875,102.33450317382812
20080904,154.28396606445312,162.85667419433594,140.86959838867188
20080905,88.75779724121094,75.84393310546875,100.16377258300781
20080906,78.2496337890625,98.23326110839844,72.29668426513672
20080907,94.64479064941406,80.87439727783203,104.93347930908203
20080908,85.22265625,73.87855529785156,92.43301391601562
20080909,96.64433288574219,86.37993621826172,105.30296325683594
20080910,63.036495208740234,62.84246063232422,57.65850067138672
20080911,105.97794342041016,102.63311004638672,105.748779296875
20080912,105.55510711669922,105.2302017211914,108.4247055053711
20080913,81.54013061523438,67.74095153808594,84.75396728515625
20080914,77.88887023925781,100.48709106445312,53.33755874633789
20080915,72.88377380371094,108.98915100097656,42.42360305786133
20080916,125.6611557006836,146.15341186523438,98.68611907958984
20080917,127.52607727050781,167.44418334960938,87.93721008300781
20080918,87.09380340576172,107.78365325927734,64.92937469482422
20080919,74.37543487548828,68.44292449951172,80.87489318847656
20080920,75.41747283935547,104.10276794433594,48.23999786376953
20080921,38.0208625793457,56.85574722290039,15.807769775390625
20080922,61.07770919799805,78.79844665527344,35.85037612915039
20080923,107.91188049316406,110.83971405029297,103.327880859375
20080924,92.87572479248047,104.93516540527344,77.22907257080078
20080925,104.04499053955078,84.10113525390625,112.23784637451172
20080926,72.13780212402344,69.03912353515625,67.18301391601562
20080927,67.76298522949219,72.75090026855469,52.01266098022461
20080928,70.08253479003906,74.52460479736328,85.47120666503906
20080929,101.5202407836914,82.46556854248047,106.30321502685547
20080930,82.56649017333984,98.77481079101562,87.88048553466797
20081001,60.11345291137695,82.00730895996094,36.83195114135742
20081002,57.60987091064453,51.68928909301758,57.48529815673828
20081003,86.23381042480469,88.93280029296875,79.12399291992188
20081004,71.20738983154297,73.82772827148438,61.579620361328125
20081005,60.04654312133789,79.81562042236328,41.60881805419922
20081006,99.93221282958984,103.31441497802734,86.17442321777344
20081007,55.5015754699707,58.242881774902344,43.722286224365234
20081008,70.1956787109375,73.31197357177734,66.70846557617188
20081009,52.33610534667969,79.79707336425781,25.599477767944336
20081010,95.0976333618164,88.48458862304688,105.435546875
20081011,75.48357391357422,98.40545654296875,62.7669563293457
20081012,55.54610824584961,40.27281951904297,67.18301391601562
20081013,108.86372375488281,108.52862548828125,116.38748168945312
20081014,69.6649398803711,55.56039810180664,86.89286041259766
20081015,54.94014358520508,57.992862701416016,42.99713134765625
20081016,44.44411087036133,53.16876983642578,29.565336227416992
20081017,61.4576530456543,79.64903259277344,45.993568420410156
20081018,49.3979377746582,46.34907150268555,43.492164611816406
20081019,28.7216854095459,47.72212600708008,15.92198657989502
20081020,78.12659454345703,85.67472839355469,58.46824264526367
20081021,34.327125549316406,47.91004943847656,17.126449584960938
20081022,34.15018081665039,47.66309356689453,22.717557907104492
20081023,54.15641784667969,65.98744201660156,40.02912139892578
20081024,68.1088638305664,74.0718765258789,61.783260345458984
20081025,29.816091537475586,29.724313735961914,24.793014526367188
20081026,62.866249084472656,96.41960144042969,32.16938781738281
20081027,56.336185455322266,74.88370513916016,49.96832275390625
20081028,95.3510971069336,140.82606506347656,58.73142623901367
20081029,104.74522399902344,110.9492416381836,97.98629760742188
20081030,93.39398193359375,139.6597442626953,63.09877014160156
20081031,45.9228401184082,79.35457611083984,20.366018295288086
20081101,47.791778564453125,59.55583572387695,29.80527114868164
20081102,46.15032196044922,61.344356536865234,42.63937759399414
20081103,68.71046447753906,72.10417175292969,54.127803802490234
20081104,60.16415786743164,77.61984252929688,35.314151763916016
20081105,88.9943618774414,124.86577606201172,60.2975959777832
20081106,96.6165542602539,99.07113647460938,105.58931732177734
20081107,99.34598541259766,105.2302017211914,103.26162719726562
20081108,77.50375366210938,91.57355499267578,76.38138580322266
20081109,71.34761047363281,111.77256774902344,59.3277702331543
20081110,73.4408187866211,100.18862915039062,57.854225158691406
20081111,63.191551208496094,92.83775329589844,38.717926025390625
20081112,68.15982818603516,61.155025482177734,62.34473419189453
20081113,104.76958465576172,98.30314636230469,117.86713409423828
20081114,85.0934829711914,103.0097427368164,55.59549331665039
20081115,40.93199157714844,40.805999755859375,34.03623580932617
20081116,51.75886917114258,92.87918853759766,17.215648651123047
20081117,69.57552337646484,92.48180389404297,38.569480895996094
20081118,80.87652587890625,60.47068405151367,100.87704467773438
20081119,46.844390869140625,73.38603210449219,22.258617401123047
20081120,58.93144607543945,55.65794372558594,61.898963928222656
20081121,93.92914581298828,99.8826904296875,104.1400375366211
20081122,56.57672882080078,73.32335662841797,37.636260986328125
20081123,35.186607360839844,60.13422775268555,8.359647750854492
20081124,77.12614440917969,76.88874053955078,70.54608154296875
20081125,62.253990173339844,58.795928955078125,65.3888168334961
20081126,73.24270629882812,73.01725769042969,66.44029235839844
20081127,158.61961364746094,220.64842224121094,122.6950454711914
20081128,171.03880310058594,222.7099609375,150.9317169189453
20081129,155.46347045898438,226.5164337158203,119.32868957519531
20081130,90.29145050048828,101.26522064208984,112.6202621459961
20081201,205.49427795410156,237.63963317871094,232.389892578125
20081202,166.49554443359375,214.39479064941406,138.44627380371094
20081203,97.52737426757812,120.69580078125,83.89351654052734
20081204,97.15193939208984,112.47432708740234,83.3908462524414
20081205,65.75039672851562,87.39735412597656,41.65601348876953
20081206,82.81419372558594,128.42555236816406,51.00933074951172
20081207,49.88806915283203,69.62831115722656,41.48349380493164
20081208,89.3094253540039,97.12857055664062,94.51729583740234
20081209,138.02365112304688,148.18333435058594,117.7138442993164
20081210,87.17283630371094,132.0948486328125,40.592689514160156
20081211,69.14277648925781,100.26174926757812,41.8140983581543
20081212,119.6205062866211,134.54104614257812,142.82611083984375
20081213,68.2086410522461,82.78102111816406,59.18360900878906
20081214,66.35343933105469,71.23759460449219,59.419189453125
20081215,93.431396484375,118.54666900634766,56.50264358520508
20081216,51.49068832397461,61.5986328125,34.252899169921875
20081217,82.5450210571289,57.245872497558594,107.43460083007812
20081218,70.48016357421875,100.37602996826172,33.48940658569336
20081219,56.807159423828125,49.55326843261719,64.95079040527344
20081220,59.27059555053711,39.39210510253906,71.18995666503906
20081221,62.79749298095703,83.47225952148438,60.92109298706055
20081222,62.41069412231445,67.004638671875,55.888484954833984
20081223,66.25135040283203,61.64426040649414,73.45343780517578
20081224,88.45307922363281,114.63505554199219,95.61695861816406
20081225,129.48147583007812,107.56909942626953,125.612548828125
20081226,80.65382385253906,80.40556335449219,67.0661849975586
20081227,95.95598602294922,158.04800415039062,62.444671630859375
20081228,49.53372573852539,24.690628051757812,82.377685546875
20081229,156.5390167236328,171.15948486328125,159.55967712402344
20081230,179.31277465820312,178.76083374023438,211.88491821289062
20081231,128.32041931152344,123.18744659423828,126.462158203125
20090101,119.2022476196289,137.5988006591797,114.77099609375
20090102,77.9427719116211,77.7028579711914,79.21449279785156
20090103,79.47272491455078,93.63320922851562,96.12226867675781
20090104,85.08307647705078,124.40440368652344,75.46585845947266
20090105,112.97979736328125,144.16900634765625,97.70409393310547
20090106,114.09954833984375,154.11065673828125,91.8167953491211
20090107,136.8234405517578,129.2232208251953,167.6654510498047
20090108,135.20684814453125,114.57206726074219,146.1573486328125
20090109,105.79058837890625,105.46495056152344,93.46619415283203
20090110,72.2636947631836,103.73941040039062,52.878780364990234
20090111,64.74073791503906,64.54145812988281,62.8062744140625
20090112,138.92813110351562,181.7819061279297,129.96348571777344
20090113,105.160888671875,111.82633209228516,104.93347930908203
20090114,131.80897521972656,124.48729705810547,126.9090805053711
20090115,93.75191497802734,112.156005859375,109.14071655273438
20090116,137.04872131347656,159.95339965820312,127.85790252685547
20090117,58.1152229309082,57.93634033203125,72.48694610595703
20090118,80.42652893066406,90.20133972167969,75.23682403564453
20090119,96.91022491455078,96.61192321777344,117.21292114257812
20090120,54.24510192871094,36.052085876464844,66.15620422363281
20090121,51.27813720703125,47.7122802734375,51.16725158691406
20090122,61.70469665527344,45.326663970947266,70.21284484863281
20090123,65.75039672851562,43.69867706298828,78.10502624511719
20090124,37.18504333496094,24.71372413635254,46.380794525146484
20090125,39.30165100097656,55.97239303588867,18.674602508544922
20090126,81.19038391113281,121.41071319580078,74.26358032226562
20090127,74.96112060546875,64.05461120605469,71.23716735839844
20090128,55.55669021606445,20.769630432128906,80.84497833251953
20090129,59.47159194946289,47.43082809448242,64.28823852539062
20090130,78.49686431884766,75.12503051757812,73.10531616210938
20090131,68.30036163330078,55.71010208129883,77.44621276855469
20090201,37.21986389160156,42.40605163574219,35.37083435058594
20090202,56.763702392578125,40.42070007324219,60.68674087524414
20090203,69.49442291259766,61.58268356323242,64.2075424194336
20090204,71.2745132446289,74.4386978149414,62.0892219543457
20090205,70.80767059326172,79.79707336425781,61.43874740600586
20090206,75.73464965820312,98.48025512695312,54.76150894165039
20090207,62.72671127319336,47.64467239379883,69.5456314086914
20090208,65.0586166381836,75.66808319091797,45.08189392089844
20090209,76.93705749511719,51.13349151611328,85.30076599121094
20090210,81.24469757080078,73.6314697265625,79.84069061279297
20090211,40.68660354614258,60.84204864501953,33.832183837890625
20090212,82.81419372558594,88.90999603271484,63.56547546386719
20090213,57.33290481567383,69.85785675048828,47.67410659790039
20090214,51.65126419067383,34.328182220458984,57.26618957519531
20090215,26.29022216796875,41.93487548828125,8.74445629119873
20090216,80.2188720703125,56.4507942199707,86.32347869873047
20090217,106.03141784667969,58.32002258300781,139.8533935546875
20090218,82.27760314941406,99.85572052001953,59.492523193359375
20090219,68.81632995605469,49.89418411254883,78.0312728881836
20090220,70.98359680175781,67.39533233642578,73.07867431640625
20090221,62.95377731323242,47.817142486572266,74.78291320800781
20090222,53.95061492919922,32.270729064941406,89.72325134277344
20090223,93.48350524902344,97.24774932861328,74.35470581054688
20090224,88.19403076171875,77.3718490600586,88.0033187866211
20090225,69.70333099365234,79.41574096679688,49.6804313659668
20090226,83.5881576538086,61.7265625,97.82350158691406
20090227,52.77755355834961,55.71010208129883,46.46772766113281
20090228,40.39716720581055,43.370731353759766,41.3433952331543
20090301,43.37240982055664,54.04862976074219,36.06551742553711
20090302,118.02497863769531,78.44112396240234,150.48358154296875
20090303,117.7633056640625,90.89095306396484,126.35338592529297
20090304,113.76494598388672,93.40039825439453,111.29308319091797
20090305,61.2244987487793,64.24846649169922,64.30747985839844
20090306,68.73905181884766,58.73782730102539,65.3241958618164
20090307,63.06792449951172,59.87980651855469,59.93480682373047
20090308,41.931236267089844,20.901084899902344,52.30070114135742
20090309,104.96094512939453,75.33927154541016,125.6807861328125
20090310,76.61225128173828,101.83524322509766,60.6718864440918
20090311,108.67021179199219,104.5999984741211,99.7105484008789
20090312,49.349239349365234,61.49666976928711,41.035438537597656
20090313,56.5398063659668,72.94393920898438,55.31132125854492
20090314,36.43520736694336,48.43074417114258,25.247512817382812
20090315,53.08602523803711,52.9226188659668,70.62830352783203
20090316,57.32502746582031,65.31266021728516,40.857906341552734
20090317,38.84674072265625,42.24781799316406,29.365713119506836
20090318,52.469390869140625,41.846309661865234,52.355934143066406
20090319,62.501277923583984,93.46334075927734,57.168949127197266
20090320,38.81915283203125,32.24972152709961,37.65923309326172
20090321,51.47500228881836,54.335174560546875,45.32090377807617
20090322,71.77230072021484,66.04742431640625,73.45343780517578
20090323,87.83323669433594,125.08982849121094,62.602359771728516
20090324,92.0157699584961,124.7562484741211,67.33231353759766
20090325,101.25752258300781,108.15626525878906,84.19880676269531
20090326,85.75199127197266,101.31916046142578,63.38263702392578
20090327,88.03083801269531,104.0116958618164,81.33377838134766
20090328,72.63018035888672,75.55472564697266,78.77513122558594
20090329,56.336185455322266,67.39533233642578,46.845306396484375
20090330,79.8715591430664,75.43487548828125,83.89351654052734
20090331,83.33502960205078,58.15496826171875,97.01397705078125
20090401,84.93763732910156,101.6114273071289,56.50264358520508
20090402,105.36994171142578,85.34955596923828,109.52301788330078
20090403,86.38591766357422,79.49539947509766,93.93492889404297
20090404,70.48016357421875,48.878761291503906,81.5394287109375
20090405,62.11064529418945,61.919464111328125,51.646949768066406
20090406,141.4915771484375,66.37931823730469,193.7841796875
20090407,95.07943725585938,53.08059310913086,120.17353057861328
20090408,81.4262466430664,22.13880157470703,116.95100402832031
20090409,128.880126953125,104.17574310302734,127.44287109375
20090410,84.83875274658203,84.57760620117188,76.95936584472656
20090411,107.191650390625,151.67466735839844,115.0105972290039
20090412,81.21882629394531,69.40184783935547,77.18399047851562
20090413,113.91222381591797,136.27391052246094,98.51045989990234
20090414,175.2455291748047,153.4004669189453,170.60153198242188
20090415,91.17159271240234,83.31670379638672,82.12969970703125
20090416,106.17205047607422,84.67618560791016,123.59953308105469
20090417,75.28562927246094,64.3319091796875,89.43194580078125
20090418,59.77092361450195,56.4507942199707,57.54898452758789
20090419,10.70296573638916,21.340042114257812,0.0
20090420,84.28925323486328,117.6417236328125,49.062408447265625
20090421,66.3250503540039,88.16119384765625,61.2792854309082
20090422,66.88500213623047,91.2451171875,52.68976593017578
20090423,64.32170104980469,81.61199951171875,53.485511779785156
20090424,44.0417366027832,50.1784782409668,41.85380935668945
20090425,83.537109375,96.09227752685547,64.120361328125
20090426,60.528648376464844,65.8280029296875,64.0582275390625
20090427,107.41140747070312,119.93048095703125,107.17913055419922
20090428,88.92799377441406,88.65426635742188,104.75741577148438
20090429,71.70059967041016,114.36783599853516,35.77277755737305
20090430,79.09664916992188,63.08254623413086,78.92561340332031
20090501,54.94014358520508,57.992862701416016,48.37177276611328
20090502,69.28677368164062,52.62743377685547,71.33177185058594
20090503,60.41156768798828,70.26321411132812,58.60646057128906
20090504,91.25531005859375,109.16929626464844,68.2934799194336
20090505,119.15711212158203,134.62904357910156,99.08287811279297
20090506,111.65958404541016,141.0001220703125,99.03833770751953
20090507,73.39986419677734,76.35540771484375,68.99527740478516
20090508,76.57191467285156,86.29312133789062,77.513671875
20090509,58.22274398803711,91.64767456054688,25.48107147216797
20090510,38.45435333251953,54.76569366455078,27.407997131347656
20090511,117.22061920166016,103.87537384033203,137.1836700439453
20090512,92.84101867675781,103.66188049316406,86.46424102783203
20090513,61.81520080566406,72.49992370605469,48.3776741027832
20090514,81.1108627319336,97.03343200683594,70.14407348632812
20090515,49.38865661621094,56.27043533325195,35.201324462890625
20090516,44.42140579223633,44.284671783447266,42.21461868286133
20090517,63.499698638916016,63.30424118041992,61.60232162475586
20090518,148.12294006347656,223.73789978027344,111.97169494628906
20090519,136.3998565673828,116.55428314208984,149.0672607421875
20090520,88.76119232177734,63.711341857910156,118.09233856201172
20090521,106.15203094482422,87.15023803710938,103.84557342529297
20090522,78.14262390136719,115.15961456298828,45.202110290527344
20090523,52.11512756347656,77.93206787109375,32.50151824951172
20090524,78.87065887451172,96.77278900146484,60.53854751586914
20090525,127.21825408935547,117.07077026367188,138.3354949951172
20090526,157.94459533691406,25.533798217773438,241.37403869628906
20090527,149.6988983154297,145.41148376464844,185.1230926513672
20090528,125.793701171875,146.30758666992188,133.65736389160156
20090529,109.24425506591797,133.5001220703125,82.0490493774414
20090530,97.0348129272461,66.71456909179688,105.72842407226562
20090531,107.43463134765625,59.5021858215332,138.96595764160156
20090601,85.28290557861328,71.59613037109375,97.04214477539062
20090602,109.89561462402344,101.7318115234375,104.43616485595703
20090603,82.01190185546875,113.75228881835938,47.44032287597656
20090604,75.9921646118164,55.09691619873047,91.91253662109375
20090605,108.33967590332031,85.09578704833984,114.6572494506836
20090606,61.34384536743164,38.62422561645508,75.17164611816406
20090607,69.86082458496094,104.46868896484375,29.045732498168945
20090608,93.431396484375,101.6114273071289,77.69113159179688
20090609,74.0456314086914,108.78399658203125,64.81185913085938
20090610,58.66005325317383,89.43922424316406,28.6927490234375
20090611,104.0597152709961,89.9074935913086,109.60328674316406
20090612,82.27760314941406,106.98827362060547,53.54327392578125
20090613,73.32921600341797,50.854610443115234,79.53330993652344
20090614,61.4576530456543,12.253697395324707,91.98713684082031
20090615,113.17577362060547,43.39515686035156,152.0225372314453
20090616,117.29483032226562,80.64398956298828,147.9831085205078
20090617,67.82196807861328,71.17179870605469,59.36430740356445
20090618,125.39688873291016,111.12079620361328,150.6143035888672
20090619,87.33700561523438,87.06816864013672,77.81084442138672
20090620,67.12396240234375,53.53388214111328,72.56038665771484
20090621,67.22923278808594,36.5576171875,81.31376647949219
20090622,72.85077667236328,59.810089111328125,78.3946762084961
20090623,68.85244750976562,53.387062072753906,82.69873046875
20090624,64.43209075927734,60.45530700683594,56.728912353515625
20090625,75.05303192138672,74.82200622558594,68.08248138427734
20090626,62.11064529418945,55.03952407836914,74.60114288330078
20090627,69.1490249633789,65.65350341796875,65.71381378173828
20090628,60.78105545043945,60.59396743774414,60.64962387084961
20090629,63.609127044677734,68.2912826538086,48.82429504394531
20090630,115.36304473876953,98.5782470703125,109.63198852539062
20090701,78.3032455444336,74.668212890625,79.26629638671875
20090702,59.012489318847656,31.37645149230957,85.05593872070312
20090703,128.64340209960938,113.99771118164062,136.68519592285156
20090704,61.62916564941406,61.4394645690918,51.24658203125
20090705,61.4576530456543,61.26848220825195,51.103965759277344
20090706,113.20809936523438,49.06940841674805,155.52919006347656
20090707,111.88407897949219,79.67120361328125,132.9073028564453
20090708,82.51947784423828,78.34807586669922,78.42003631591797
20090709,92.7091064453125,85.31422424316406,83.02056884765625
20090710,75.67652130126953,82.30208587646484,62.927398681640625
20090711,67.89513397216797,56.99885559082031,77.25685119628906
20090712,48.8039436340332,60.81714630126953,30.436508178710938
20090713,86.54022979736328,76.6878662109375,79.9565658569336
20090714,79.36795043945312,83.28805541992188,69.470458984375
20090715,65.9410400390625,69.60501098632812,64.50828552246094
20090716,48.223270416259766,59.169029235839844,49.352813720703125
20090717,102.60165405273438,87.67357635498047,103.59859466552734
20090718,85.99604797363281,116.5946273803711,57.20672607421875
20090719,62.97657012939453,75.33927154541016,41.893592834472656
20090720,66.4411849975586,75.69905853271484,47.35536575317383
20090721,66.33427429199219,82.66261291503906,62.05390548706055
20090722,76.01303100585938,95.72090911865234,66.53390502929688
20090723,92.52982330322266,29.518402099609375,135.4169464111328
20090724,139.66500854492188,142.8052520751953,148.89210510253906
20090725,55.440460205078125,69.08726501464844,40.337921142578125
20090726,71.36590576171875,83.00394439697266,59.34299087524414
20090727,84.09903717041016,74.52460479736328,93.24131774902344
20090728,112.64398956298828,66.54652404785156,152.64251708984375
20090729,106.9848403930664,110.6057357788086,92.256103515625
20090730,66.3989028930664,51.4846305847168,67.4822769165039
20090731,62.293861389160156,80.36744689941406,54.846317291259766
20090801,31.61517333984375,35.01984405517578,29.21000862121582
20090802,43.42317199707031,61.84215545654297,20.63298797607422
20090803,108.12535095214844,117.59185791015625,89.90961456298828
20090804,90.17018127441406,66.2366714477539,94.71073150634766
20090805,91.09561157226562,57.79149627685547,117.06641387939453
20090806,71.8479232788086,82.93626403808594,50.310569763183594
20090807,116.16471099853516,119.54285430908203,99.7105484008789
20090808,80.28351593017578,76.55654907226562,75.46585845947266
20090809,50.573551177978516,63.02235412597656,31.54012107849121
20090810,62.05097961425781,66.61843872070312,55.56636047363281
20090811,70.10725402832031,104.83718872070312,29.1481876373291
20090812,92.35037231445312,96.06898498535156,100.16377258300781
20090813,38.16322326660156,53.26405334472656,25.38713264465332
20090814,60.02387619018555,74.79889678955078,56.150699615478516
20090815,52.69195556640625,77.04365539550781,29.21000862121582
20090816,57.71023941040039,57.53260040283203,57.585445404052734
20090817,103.51773834228516,108.11334991455078,90.17721557617188
20090818,60.940799713134766,60.75321960449219,65.15251922607422
20090819,114.65005493164062,146.95347595214844,74.90615844726562
20090820,89.52886199951172,126.44214630126953,43.42686080932617
20090821,55.026039123535156,58.51377868652344,42.70548629760742
20090822,52.41404724121094,62.703250885009766,40.67832565307617
20090823,70.35542297363281,81.82866668701172,58.50273513793945
20090824,85.66985321044922,66.42700958251953,94.9828872680664
20090825,80.03519439697266,106.38511657714844,66.55177307128906
20090826,84.01439666748047,63.81393814086914,86.49408721923828
20090827,37.685638427734375,45.08356475830078,31.336790084838867
20090828,75.44893646240234,42.98097229003906,95.60099792480469
20090829,124.58772277832031,94.97970581054688,146.2568359375
20090830,71.2380142211914,106.52810668945312,49.363868713378906
20090831,65.05042266845703,49.884761810302734,74.8958740234375
20090901,54.71840286254883,58.746124267578125,49.00006866455078
20090902,72.62633514404297,88.4922866821289,46.97083282470703
20090903,51.18758010864258,51.03002166748047,48.644657135009766
20090904,89.62574768066406,71.47990417480469,101.356201171875
20090905,66.81400299072266,70.1140365600586,70.1784439086914
20090906,74.11941528320312,79.57521057128906,56.89164733886719
20090907,94.7952651977539,52.501930236816406,113.85865783691406
20090908,86.37725830078125,111.94478607177734,64.64285278320312
20090909,58.955596923828125,36.733829498291016,67.40721130371094
20090910,92.47447204589844,65.8498764038086,98.86553955078125
20090911,79.11636352539062,89.16059112548828,74.36874389648438
20090912,70.41207122802734,76.57672882080078,63.872554779052734
20090913,55.293235778808594,70.15660095214844,33.43859100341797
20090914,71.04702758789062,70.82833862304688,59.07783126831055
20090915,91.68357849121094,103.32329559326172,72.92308807373047
20090916,83.44913482666016,115.74576568603516,54.3056640625
20090917,63.38246536254883,86.4669189453125,44.38274002075195
20090918,173.58433532714844,173.05003356933594,168.39761352539062
20090919,89.27035522460938,57.2114372253418,100.74220275878906
20090920,46.49217987060547,34.761802673339844,48.32462692260742
20090921,86.94403076171875,60.67348861694336,93.9856948852539
20090922,117.70545196533203,117.34314727783203,111.85801696777344
20090923,65.02313995361328,43.215328216552734,78.0993423461914
20090924,98.93354034423828,27.208003997802734,141.8385009765625
20090925,136.7091522216797,41.93487548828125,198.20767211914062
20090926,144.57125854492188,56.3972282409668,214.29725646972656
20090927,103.1595458984375,79.98823547363281,114.37386322021484
20090928,129.9046173095703,69.06920623779297,172.8316192626953
20090929,129.5198211669922,109.55734252929688,143.59971618652344
20090930,156.0135955810547,101.27754211425781,187.05284118652344
20091001,132.37034606933594,105.57030487060547,159.60162353515625
20091002,106.42787170410156,39.78760528564453,143.8094482421875
20091003,76.59115600585938,76.35540771484375,79.60993194580078
20091004,68.89221954345703,57.23347091674805,76.38138580322266
20091005,116.66905975341797,74.77067565917969,131.6618194580078
20091006,102.16697692871094,86.1828842163086,111.09504699707031
20091007,87.75013732910156,80.19003295898438,79.04757690429688
20091008,89.52886199951172,68.65636444091797,103.07914733886719
20091009,71.34761047363281,94.83732604980469,39.551849365234375
20091010,96.24142456054688,61.90011978149414,113.58778381347656
20091011,107.77188873291016,113.09490966796875,103.76555633544922
20091012,88.92799377441406,106.38511657714844,88.7356948852539
20091013,93.311767578125,109.93810272216797,84.64544677734375
20091014,102.09968566894531,90.47592163085938,113.19878387451172
20091015,58.43559646606445,29.12786293029785,78.96041870117188
20091016,105.3839111328125,105.05953216552734,105.1560287475586
20091017,68.8813705444336,62.42668151855469,78.10502624511719
20091018,76.7618179321289,58.86579513549805,88.37979888916016
20091019,118.14970397949219,183.22271728515625,50.94194412231445
20091020,81.17144012451172,69.36135864257812,89.99545288085938
20091021,94.54090118408203,86.9999008178711,90.70813751220703
20091022,96.91943359375,103.52261352539062,86.34808349609375
20091023,94.92536163330078,104.42281341552734,81.6552505493164
20091024,95.55484008789062,114.31285858154297,95.34821319580078
20091025,76.35350799560547,105.39482879638672,78.14195251464844
20091026,82.19770812988281,98.3336410522461,68.34996795654297
20091027,89.091064453125,72.6683120727539,101.02091979980469
20091028,115.82404327392578,153.95669555664062,89.89056396484375
20091029,69.81175231933594,111.35498046875,23.22026252746582
20091030,79.11636352539062,82.30208587646484,68.6480712890625
20091031,58.802978515625,58.62197494506836,65.19535827636719
20091101,49.5234375,65.8280029296875,27.453527450561523
20091102,66.92056274414062,41.69660568237305,83.46981811523438
20091103,122.68769073486328,179.3880615234375,61.21119689941406
20091104,77.37921905517578,36.733829498291016,98.0468521118164
20091105,66.18517303466797,59.383296966552734,66.04205322265625
20091106,82.23851776123047,91.8236312866211,60.17784118652344
20091107,71.02971649169922,102.99793243408203,37.58582305908203
20091108,46.08789825439453,45.94603729248047,38.32353210449219
20091109,95.38807678222656,129.67425537109375,50.47520065307617
20091110,93.14065551757812,64.59406280517578,101.02091979980469
20091111,112.0372314453125,148.9231719970703,80.74080657958984
20091112,68.01986694335938,47.467350006103516,73.52884674072266
20091113,90.13789367675781,89.86044311523438,91.01372528076172
20091114,57.9013671875,54.685081481933594,55.74892807006836
20091115,59.578556060791016,95.03227233886719,19.816574096679688
20091116,84.1821517944336,67.13842010498047,91.00012969970703
20091117,111.31455993652344,76.53236389160156,165.972412109375
20091118,56.92919921875,63.84821319580078,47.33841323852539
20091119,94.14665985107422,118.19013214111328,69.58746337890625
20091120,80.53811645507812,97.7446060180664,64.0582275390625
20091121,69.27422332763672,87.89581298828125,68.07709503173828
20091122,53.77545166015625,53.60992431640625,53.65916442871094
20091123,101.72103881835938,105.81697082519531,102.97209930419922
20091124,96.83511352539062,72.40277862548828,100.65177917480469
20091125,100.7330551147461,123.59751892089844,70.8761215209961
20091126,80.381591796875,84.35176086425781,70.35769653320312
20091127,75.2001724243164,67.47183227539062,81.29068756103516
20091128,77.2708511352539,53.588172912597656,89.39566040039062
20091129,71.2380142211914,82.85519409179688,59.23664093017578
20091130,119.0936508178711,70.35677337646484,139.37570190429688
20091201,91.02635192871094,78.90971374511719,85.56404113769531
20091202,133.80459594726562,129.7875213623047,156.3692169189453
20091203,117.07620239257812,96.11891174316406,143.1654815673828
20091204,91.11188507080078,84.34347534179688,108.23197937011719
20091205,82.21470642089844,102.45205688476562,51.2730827331543
20091206,44.538726806640625,66.60244750976562,55.55302047729492
20091207,101.2398452758789,72.6683120727539,127.9598388671875
20091208,98.88261413574219,144.07589721679688,75.8990707397461
20091209,68.26332092285156,78.79844665527344,53.77556228637695
20091210,58.97747039794922,84.92745208740234,43.5925407409668
20091211,75.6594467163086,78.70597076416016,60.17784118652344
20091212,69.22816467285156,55.212059020996094,69.07846069335938
20091213,81.21882629394531,46.26789855957031,96.47999572753906
20091214,90.81452178955078,51.73427200317383,115.0706558227539
20091215,87.87664794921875,83.79719543457031,82.60334014892578
20091216,104.30451965332031,78.88400268554688,107.66790008544922
20091217,54.542823791503906,36.249961853027344,60.47209548950195
20091218,70.63836669921875,74.1272964477539,55.646541595458984
20091219,78.78910064697266,75.13150787353516,74.06111907958984
20091220,73.61261749267578,48.92401885986328,81.61492919921875
20091221,69.63356018066406,49.58515548706055,74.44605255126953
20091222,46.920223236083984,28.065479278564453,70.22814178466797
20091223,64.23261260986328,100.62626647949219,38.15102005004883
20091224,90.2060775756836,39.96818542480469,125.01529693603516
20091225,81.29000091552734,121.55968475341797,84.49398040771484
20091226,155.8855438232422,217.5679931640625,103.69895935058594
20091227,123.37310028076172,135.2926788330078,92.32974243164062
20091228,176.13995361328125,215.24888610839844,141.74119567871094
20091229,204.67898559570312,257.7460632324219,152.28150939941406
20091230,169.00856018066406,182.93019104003906,192.73497009277344
20091231,115.29686737060547,194.51718139648438,73.74842834472656
20100101,200.2101287841797,241.93197631835938,171.52587890625
20100102,110.1469497680664,113.87487030029297,94.9828872680664
20100103,91.47129821777344,104.21685028076172,86.9271469116211
20100104,177.1170654296875,190.8885040283203,214.94683837890625
20100105,122.52561950683594,148.32315063476562,123.71615600585938
20100106,161.5886688232422,177.20040893554688,161.23924255371094
20100107,102.26229095458984,116.5114517211914,91.10816955566406
20100108,110.29637908935547,117.2873306274414,110.05786895751953
20100109,51.384193420410156,47.81095886230469,56.970088958740234
20100110,76.887451171875,114.9761734008789,42.62288284301758
20100111,71.1869888305664,66.2366714477539,71.03305053710938
20100112,117.8705062866211,97.24774932861328,135.19036865234375
20100113,121.8910140991211,157.2557830810547,119.24259185791016
20100114,82.36654663085938,57.122100830078125,95.29094696044922
20100115,80.62333679199219,132.79376220703125,29.1481876373291
20100116,40.32151794433594,49.47372817993164,25.79123306274414
20100117,48.35865020751953,24.104900360107422,60.31760025024414
20100118,71.80421447753906,76.35540771484375,55.72695541381836
20100119,96.37858581542969,106.7576904296875,89.04645538330078
20100120,84.67708587646484,87.79310607910156,73.22811889648438
20100121,91.92457580566406,130.91659545898438,60.05855941772461
20100122,50.3940315246582,40.191131591796875,50.28506088256836
20100123,81.54877471923828,95.31462097167969,88.8549575805664
20100124,55.1074104309082,73.25038146972656,40.73203659057617
20100125,119.7811279296875,148.23611450195312,89.29812622070312
20100126,90.70558166503906,94.04342651367188,72.40754699707031
20100127,65.01604461669922,71.29751586914062,59.46916961669922
20100128,114.45198822021484,104.31973266601562,119.64280700683594
20100129,63.51999282836914,56.992027282714844,73.9464111328125
20100130,78.73674774169922,78.49439239501953,79.5018081665039
20100131,73.47654724121094,61.04198455810547,81.46407318115234
20100201,143.8407440185547,67.48140716552734,189.9657745361328
20100202,96.0164566040039,110.44719696044922,79.84069061279297
20100203,113.39703369140625,82.21671295166016,142.8684539794922
20100204,129.3971710205078,122.54893493652344,145.2570343017578
20100205,92.10714721679688,85.26480102539062,93.00211334228516
20100206,62.824562072753906,62.63118362426758,61.7388801574707
20100207,54.60276794433594,48.38639450073242,60.53854751586914
20100208,78.18482208251953,82.04649353027344,82.1218490600586
20100209,67.68016052246094,97.45931243896484,62.53130340576172
20100210,108.09431457519531,111.23776245117188,92.78327941894531
20100211,96.85870361328125,115.8726806640625,69.80223846435547
20100212,77.26105499267578,89.86044311523438,64.24498748779297
20100213,46.72901153564453,36.232913970947266,60.44365692138672
20100214,40.9591064453125,71.45780181884766,8.514694213867188
20100215,85.1559829711914,118.85140991210938,63.7288818359375
20100216,128.9653778076172,146.93531799316406,116.4306411743164
20100217,75.88551330566406,85.51957702636719,71.33177185058594
20100218,62.95377731323242,47.817142486572266,69.7973861694336
20100219,119.76934051513672,50.27396774291992,162.4921417236328
20100220,58.44145202636719,68.85457611083984,44.1780891418457
20100221,76.1509780883789,75.91658020019531,81.41390991210938
20100222,61.917152404785156,54.010746002197266,64.3575668334961
20100223,86.1339340209961,121.6474838256836,53.71730041503906
20100224,88.9943618774414,78.86260223388672,98.66878509521484
20100225,60.928157806396484,38.36249542236328,74.6622543334961
20100226,80.64303588867188,92.76324462890625,56.740718841552734
20100227,45.01490783691406,52.79570388793945,44.03683090209961
20100228,42.333133697509766,52.753536224365234,26.4009952545166
20100301,62.062156677246094,77.33890533447266,64.50828552246094
20100302,78.95610809326172,100.18028259277344,53.71730041503906
20100303,63.70322799682617,35.28174591064453,76.51399230957031
20100304,81.27005767822266,71.29751586914062,81.09432220458984
20100305,86.04071807861328,72.57958984375,88.05606079101562
20100306,82.26575469970703,92.9475326538086,77.52742767333984
20100307,56.03968048095703,86.90451049804688,31.065832138061523
20100308,126.4942398071289,126.10487365722656,105.18392181396484
20100309,88.63056945800781,73.6314697265625,98.26546478271484
20100310,85.76227569580078,99.74800109863281,59.4283447265625
20100311,93.17601013183594,83.27997589111328,90.8371810913086
20100312,85.50605010986328,82.0857162475586,73.73432159423828
20100313,50.70256805419922,67.39533233642578,32.79171371459961
20100314,35.55529022216797,11.815281867980957,59.130672454833984
20100315,105.72024536132812,101.49131774902344,110.70109558105469
20100316,59.61876678466797,59.43525695800781,49.57487487792969
20100317,76.35995483398438,65.24993133544922,72.56651306152344
20100318,85.35852813720703,91.6416244506836,65.51842498779297
20100319,81.09864044189453,55.97239303588867,88.18562316894531
20100320,45.41652297973633,39.61713790893555,42.48591995239258
20100321,36.335296630859375,24.148967742919922,40.285247802734375
20100322,59.7628173828125,25.533798217773438,85.19084167480469
20100323,81.17144012451172,123.30908203125,77.13896179199219
20100324,62.22502899169922,58.38446044921875,60.873016357421875
20100325,53.73440170288086,18.906705856323242,73.59361267089844
20100326,59.15299606323242,49.65972137451172,62.13166427612305
20100327,71.06168365478516,32.696746826171875,95.4531021118164
20100328,36.13710021972656,0.0,60.098262786865234
20100329,60.892791748046875,56.65833282470703,81.01481628417969
20100330,137.87635803222656,155.07400512695312,141.10585021972656
20100331,66.39112091064453,48.769195556640625,81.35665130615234
20100401,91.47129821777344,91.18974304199219,97.79303741455078
20100402,121.52615356445312,125.06021118164062,136.91024780273438
20100403,99.12123107910156,121.12944793701172,69.12847137451172
20100404,94.45203399658203,67.25807189941406,112.19974517822266
20100405,91.55338287353516,91.27156829833984,76.12950134277344
20100406,112.21997833251953,99.44405364990234,103.68270111083984
20100407,138.17127990722656,113.0223388671875,147.29966735839844
20100408,139.44073486328125,101.71575164794922,164.02589416503906
20100409,164.31387329101562,144.15113830566406,191.2849884033203
20100410,69.55522918701172,34.670562744140625,86.75602722167969
20100411,46.90361404418945,23.379619598388672,58.50273513793945
20100412,121.04388427734375,80.4475326538086,161.04286193847656
20100413,132.78982543945312,100.18028259277344,161.1519012451172
20100414,97.32975006103516,100.37602996826172,106.04978942871094
20100415,115.77906036376953,96.1855697631836,139.0623321533203
20100416,67.53778839111328,83.36082458496094,58.83406448364258
20100417,45.41652297973633,56.59591293334961,33.04460525512695
20100418,66.7367172241211,60.482994079589844,60.53854751586914
20100419,110.55541229248047,81.64082336425781,136.19302368164062
20100420,123.79924011230469,112.1983413696289,112.30139923095703
20100421,59.80563735961914,59.621551513671875,66.30701446533203
20100422,58.78251647949219,48.2601203918457,57.50529861450195
20100423,84.60388946533203,64.87959289550781,97.40878295898438
20100424,65.00772857666016,67.62535095214844,56.40622329711914
20100425,49.81304931640625,37.244789123535156,72.48694610595703
20100426,72.09941864013672,79.86387634277344,59.95292282104492
20100427,69.49442291259766,100.07186126708984,32.1037712097168
20100428,43.92354965209961,51.08640670776367,30.436508178710938
20100429,62.75053405761719,59.264888763427734,54.925296783447266
20100430,42.7428092956543,36.523921966552734,45.696834564208984
20100501,31.064146041870117,50.67577362060547,14.089533805847168
20100502,23.084095001220703,23.01304054260254,19.195148468017578
20100503,147.40721130371094,163.28164672851562,115.76406860351562
20100504,129.4566650390625,136.64984130859375,107.64727783203125
20100505,84.3966293334961,84.13684844970703,87.72305297851562
20100506,69.1490249633789,72.21885681152344,71.18995666503906
20100507,76.70611572265625,101.96000671386719,42.52235794067383
20100508,51.50473403930664,43.2389030456543,49.590087890625
20100509,59.36501693725586,71.01873779296875,49.363868713378906
20100510,76.66112518310547,96.53704071044922,67.10118865966797
20100511,91.06715393066406,121.04912567138672,50.483463287353516
20100512,46.60899353027344,46.46552658081055,44.29352951049805
20100513,53.53644943237305,33.35728454589844,61.21119689941406
20100514,100.9544448852539,125.80462646484375,99.68680572509766
20100515,78.10118865966797,64.43651580810547,85.09849548339844
20100516,70.20856475830078,50.90360641479492,74.30260467529297
20100517,125.4760513305664,125.08982849121094,132.16053771972656
20100518,135.3522186279297,106.52810668945312,154.0152587890625
20100519,157.28277587890625,147.19871520996094,144.13101196289062
20100520,114.79195404052734,124.24763488769531,92.72586822509766
20100521,132.2446746826172,102.89764404296875,150.1968994140625
20100522,104.72343444824219,87.91670227050781,114.58002471923828
20100523,59.047550201416016,70.63896179199219,68.7398452758789
20100524,95.59480285644531,82.87004852294922,96.77052307128906
20100525,99.93221282958984,81.17560577392578,123.10631561279297
20100526,110.53778076171875,78.20470428466797,142.3209686279297
20100527,81.87602996826172,54.41600799560547,96.45018768310547
20100528,90.22557830810547,70.6733169555664,101.82017517089844
20100529,74.90731048583984,49.78449249267578,92.27819061279297
20100530,29.789278030395508,35.63710021972656,19.816574096679688
20100531,100.23619842529297,76.13536071777344,127.00881958007812
20100601,165.62838745117188,148.60671997070312,206.58779907226562
20100602,181.89389038085938,76.7182388305664,273.414306640625
20100603,131.32081604003906,72.00413513183594,174.71580505371094
20100604,97.81204223632812,32.50365447998047,140.97854614257812
20100605,92.3088150024414,52.58552932739258,114.03997039794922
20100606,66.37202453613281,12.030496597290039,100.34622192382812
20100607,150.21189880371094,102.460205078125,177.49786376953125
20100608,117.35954284667969,75.48277282714844,132.2161865234375
20100609,73.68704986572266,26.712812423706055,100.26505279541016
20100610,147.0831298828125,82.87804412841797,186.1151123046875
20100611,100.93696594238281,103.6755599975586,91.56245422363281
20100612,35.12510681152344,32.32337188720703,35.94784927368164
20100613,93.22422790527344,99.13309478759766,82.6867904663086
20100614,90.917724609375,47.28932571411133,118.33190155029297
20100615,103.29512023925781,63.91686248779297,118.47328186035156
20100616,88.8821029663086,61.344356536865234,96.64925384521484
20100617,89.18451690673828,101.6114273071289,63.56547546386719
20100618,119.01441192626953,92.2818374633789,126.45426177978516
20100619,49.77146911621094,38.591983795166016,55.18204879760742
20100620,67.85520935058594,86.09534454345703,51.29429626464844
20100621,89.52886199951172,64.9114761352539,108.28516387939453
20100622,131.22592163085938,127.28626251220703,147.45736694335938
20100623,82.58478546142578,67.08418273925781,81.38884735107422
20100624,89.27035522460938,76.28191375732422,100.74220275878906
20100625,59.793643951416016,71.53150939941406,39.77622985839844
20100626,57.63373565673828,32.832191467285156,68.46322631835938
20100627,30.958576202392578,12.345314025878906,41.1888427734375
20100628,77.70220184326172,65.23202514648438,88.41617584228516
20100629,113.39703369140625,68.51393127441406,148.58319091796875
20100630,96.41568756103516,96.11891174316406,85.89928436279297
20100701,94.26005554199219,80.54563903808594,95.17594909667969
20100702,64.02725219726562,47.03275680541992,84.064208984375
20100703,45.130348205566406,77.98515319824219,40.02912139892578
20100704,30.334869384765625,36.289794921875,20.179515838623047
20100705,39.26006317138672,39.13921356201172,32.64596939086914
20100706,111.21331024169922,47.516136169433594,145.321533203125
20100707,93.78730773925781,89.75867462158203,81.1065673828125
20100708,140.0662841796875,153.59866333007812,128.116455078125
20100709,66.58427429199219,92.9310531616211,44.29352951049805
20100710,64.32170104980469,81.61199951171875,38.89855194091797
20100711,54.205650329589844,48.03449249267578,50.081886291503906
20100712,28.984968185424805,33.023712158203125,27.5450382232666
20100713,140.02398681640625,143.58135986328125,146.37460327148438
20100714,158.44317626953125,132.24179077148438,177.7099151611328
20100715,123.99986267089844,120.08622741699219,117.83973693847656
20100716,45.871360778808594,52.26304626464844,38.14347457885742
20100717,36.30976486206055,38.982460021972656,46.450313568115234
20100718,50.47722244262695,62.902313232421875,31.480043411254883
20100719,71.64586639404297,58.82086181640625,77.09806823730469
20100720,88.59192657470703,84.47926330566406,89.6815185546875
20100721,99.6260986328125,120.6021728515625,100.59412384033203
20100722,65.88532257080078,65.6825180053711,66.96031951904297
20100723,73.75513458251953,76.72499084472656,69.32923889160156
20100724,51.949859619140625,30.464677810668945,66.06743621826172
20100725,61.801631927490234,61.61140441894531,61.66799545288086
20100726,132.6739044189453,145.06539916992188,113.88129425048828
20100727,99.45352935791016,122.02757263183594,76.33728790283203
20100728,103.40233612060547,73.6314697265625,135.11502075195312
20100729,65.02313995361328,86.43065643310547,54.06877517700195
20100730,74.9758071899414,108.72003936767578,56.67703628540039
20100731,85.08809661865234,122.85171508789062,53.67500686645508
20100801,90.22557830810547,115.6472396850586,75.02539825439453
20100802,117.83837127685547,95.72090911865234,145.16488647460938
20100803,112.56298065185547,112.21649932861328,93.59963989257812
20100804,99.5685043334961,106.89756774902344,108.2695083618164
20100805,85.46356201171875,115.8726806640625,68.2229995727539
20100806,64.68528747558594,54.30415344238281,62.280662536621094
20100807,52.48243713378906,61.55398941040039,41.07368469238281
20100808,85.4432144165039,52.41859436035156,98.37513732910156
20100809,48.00822830200195,34.80760192871094,58.065956115722656
20100810,77.12614440917969,46.133243560791016,89.78591918945312
20100811,69.17195129394531,61.296913146972656,70.3005599975586
20100812,83.66990661621094,68.24647521972656,88.54891204833984
20100813,54.12692642211914,71.94709014892578,30.0054874420166
20100814,46.4107551574707,23.133949279785156,57.887996673583984
20100815,61.98151779174805,41.19382095336914,68.71942901611328
20100816,66.96566009521484,35.605079650878906,81.669921875
20100817,83.65069580078125,33.35728454589844,111.29308319091797
20100818,108.86372375488281,155.04090881347656,51.7277717590332
20100819,96.27484130859375,92.42374420166016,83.02056884765625
20100820,57.42262649536133,64.40160369873047,41.78012466430664
20100821,80.34212493896484,80.0948257446289,77.08499908447266
20100822,71.36590576171875,59.28853225708008,69.23348999023438
20100823,76.51311492919922,80.76451110839844,74.85064697265625
20100824,105.28943634033203,177.6336669921875,47.143096923828125
20100825,97.31837463378906,134.333740234375,74.69841003417969
20100826,83.9590835571289,91.30980682373047,76.16139221191406
20100827,95.1482162475586,112.42115020751953,99.63099670410156
20100828,71.94717407226562,89.65714263916016,59.82632827758789
20100829,65.9874038696289,118.4117202758789,21.948238372802734
20100830,97.03926849365234,114.32975769042969,73.35562896728516
20100831,123.15957641601562,127.0142822265625,98.87963104248047
20100901,94.7530746459961,128.467529296875,69.33533477783203
20100902,60.68281555175781,85.40615844726562,35.61858367919922
20100903,81.19038391113281,64.75238037109375,81.01481628417969
20100904,55.995361328125,58.76105499267578,53.91377639770508
20100905,37.7142448425293,37.5981559753418,31.360576629638672
20100906,52.41404724121094,31.351625442504883,61.01749038696289
20100907,113.9554672241211,117.52210998535156,91.49004364013672
20100908,87.17283630371094,90.38068389892578,81.18537902832031
20100909,45.96228790283203,32.729148864746094,60.05855941772461
20100910,86.666015625,102.39910888671875,80.07278442382812
20100911,21.70396614074707,16.227869033813477,22.55940818786621
20100912,45.068946838378906,67.39533233642578,37.47624206542969
20100913,71.60271453857422,90.16712951660156,43.87150573730469
20100914,80.19900512695312,83.42832946777344,69.58746337890625
20100915,63.128170013427734,13.24923324584961,99.46052551269531
20100916,61.403690338134766,64.43651580810547,48.37177276611328
20100917,89.34310913085938,75.36531829833984,102.86529541015625
20100918,60.37820053100586,71.13641357421875,50.20636749267578
20100919,72.29810333251953,65.52323913574219,65.58342742919922
20100920,70.04185485839844,98.5782470703125,34.2599983215332
20100921,100.86990356445312,104.58179473876953,114.072021484375
20100922,67.37425231933594,37.3149299621582,80.92327880859375
20100923,80.06205749511719,26.605207443237305,110.95684814453125
20100924,91.22930908203125,87.81234741210938,78.47589111328125
20100925,62.550453186035156,46.76844024658203,73.68460083007812
20100926,64.01097106933594,95.72090911865234,44.35593795776367
20100927,95.32569122314453,102.95162200927734,105.68840026855469
20100928,89.32766723632812,81.63164520263672,99.03833770751953
20100929,82.90054321289062,82.64537048339844,91.91253662109375
20100930,69.40618133544922,50.32184600830078,73.45343780517578
20101001,80.87020111083984,105.42781066894531,51.7277717590332
20101002,27.019311904907227,32.32337188720703,17.97392463684082
20101003,45.61194610595703,34.10366439819336,56.89164733886719
20101004,75.46617126464844,95.03227233886719,72.6607666015625
20101005,111.25634002685547,150.27041625976562,113.40319061279297
20101006,98.46273040771484,140.2280731201172,70.1784439086914
20101007,104.35934448242188,120.8184585571289,106.37311553955078
20101008,67.21151733398438,70.1953353881836,63.872554779052734
20101009,55.82979202270508,68.90983581542969,44.21354675292969
20101010,55.20946502685547,70.05030059814453,50.081886291503906
20101011,70.21652221679688,65.88272094726562,75.55995178222656
20101012,64.5305404663086,92.92386627197266,59.62129592895508
20101013,52.52485656738281,83.78108978271484,34.940853118896484
20101014,77.56256103515625,57.992862701416016,91.36890411376953
20101015,71.87647247314453,105.92511749267578,77.95765686035156
20101016,45.550968170166016,30.273839950561523,54.7113037109375
20101017,77.17451477050781,71.01873779296875,78.98218536376953
20101018,30.70746421813965,45.91941452026367,25.534217834472656
20101019,83.68592071533203,76.47596740722656,86.98432922363281
20101020,69.56391906738281,52.83794403076172,77.12610626220703
20101021,43.10032272338867,67.5206069946289,35.839271545410156
20101022,65.01024627685547,94.26929473876953,54.05805587768555
20101023,40.6616325378418,54.04862976074219,31.557327270507812
20101024,63.09653091430664,50.32184600830078,73.45343780517578
20101025,50.78228759765625,70.09750366210938,38.97882843017578
20101026,44.563690185546875,44.426517486572266,37.05610275268555
20101027,85.60568237304688,89.0527114868164,86.65853881835938
20101028,55.86671829223633,65.52323913574219,65.58342742919922
20101029,78.20037078857422,68.60450744628906,88.43543243408203
20101030,98.13050842285156,79.32036590576172,105.85762786865234
20101031,42.5467414855957,48.47517395019531,30.324811935424805
20101101,130.50672912597656,168.37120056152344,102.13687133789062
20101102,130.6160430908203,144.6822052001953,114.6452865600586
20101103,81.79179382324219,81.54003143310547,73.68014526367188
20101104,79.7408447265625,139.116943359375,38.6790885925293
20101105,54.94014358520508,32.218257904052734,64.49569702148438
20101106,58.6295166015625,95.6438980102539,31.024179458618164
20101107,65.06829833984375,117.94183349609375,19.67502784729004
20101108,92.57479858398438,72.22683715820312,107.10100555419922
20101109,131.48008728027344,174.7671661376953,103.25592803955078
20101110,79.36360168457031,96.31916046142578,51.646949768066406
20101111,87.63406372070312,97.84803771972656,69.95565032958984
20101112,75.50946807861328,78.54995727539062,81.89803314208984
20101113,47.89254379272461,26.525070190429688,57.523773193359375
20101114,70.89152526855469,64.24846649169922,64.30747985839844
20101115,120.9535903930664,23.338314056396484,181.6869354248047
20101116,121.2349853515625,63.98566436767578,154.18106079101562
20101117,77.66468811035156,67.32662963867188,73.00418090820312
20101118,73.96996307373047,57.711341857910156,90.92536926269531
20101119,103.71417236328125,87.7290267944336,120.21553039550781
20101120,82.29981994628906,71.79067993164062,102.6523208618164
20101121,119.66583251953125,86.76181030273438,144.73583984375
20101122,113.15013122558594,70.01493835449219,142.7540283203125
20101123,77.37921905517578,44.080596923828125,104.1747817993164
20101124,166.79205322265625,46.403343200683594,238.6806640625
20101125,91.48633575439453,98.80512237548828,76.0737533569336
20101126,56.32421112060547,42.11313247680664,58.54418182373047
20101127,66.41739654541016,77.24845123291016,50.62580108642578
20101128,67.98179626464844,24.644561767578125,92.50199890136719
20101129,159.03428649902344,61.87112045288086,225.77899169921875
20101130,183.40769958496094,111.94478607177734,224.09521484375
20101201,94.04766082763672,34.725250244140625,144.82144165039062
20101202,100.17845916748047,53.26405334472656,138.83587646484375
20101203,86.44165802001953,80.02017974853516,92.41577911376953
20101204,88.63056945800781,66.26831817626953,110.54864501953125
20101205,42.703453063964844,12.163430213928223,60.873016357421875
20101206,110.68245697021484,133.98641967773438,98.60991668701172
20101207,127.92436218261719,134.24273681640625,106.37311553955078
20101208,67.67610931396484,56.81499099731445,71.08396911621094
20101209,88.63056945800781,66.26831817626953,92.12387084960938
20101210,61.2244987487793,44.97392654418945,80.38435363769531
20101211,52.62440490722656,33.134159088134766,59.88051986694336
20101212,70.34410095214844,102.00374603271484,42.54059982299805
20101213,72.62633514404297,72.40277862548828,67.10118865966797
20101214,67.45047760009766,74.71428680419922,56.08718490600586
20101215,72.64402770996094,57.93634033203125,78.52751922607422
20101216,136.46005249023438,129.23800659179688,147.5120391845703
20101217,107.16203308105469,125.68492126464844,89.10858917236328
20101218,79.54708099365234,56.64444351196289,99.21883392333984
20101219,89.52886199951172,76.5028076171875,85.0811996459961
20101220,128.2569580078125,88.1808090209961,154.45814514160156
20101221,156.8079376220703,101.6114273071289,228.18374633789062
20101222,163.8302459716797,175.27664184570312,146.19802856445312
20101223,124.6888656616211,149.1660919189453,96.77052307128906
20101224,126.52168273925781,160.5319366455078,133.8994903564453
20101225,131.3352813720703,145.47891235351562,97.07501983642578
20101226,104.92296600341797,149.42857360839844,62.319091796875
20101227,87.47978210449219,93.02454376220703,77.5916519165039
20101228,134.57305908203125,185.7583770751953,103.29389953613281
20101229,53.03965377807617,57.68334197998047,40.094669342041016
20101230,161.357177734375,151.3981170654297,165.74378967285156
20101231,45.37763977050781,57.57558822631836,41.1631965637207
20110101,83.27684020996094,101.46951293945312,69.24730682373047
20110102,60.84307861328125,80.87439727783203,33.72861862182617
20110103,74.2015151977539,116.24346923828125,52.886474609375
20110104,119.25243377685547,149.70750427246094,110.1801528930664
20110105,44.563690185546875,29.6176815032959,55.58415603637695
20110106,74.0829849243164,63.30424118041992,76.26953887939453
20110107,74.59210968017578,67.60227966308594,84.5804672241211
20110108,81.79179382324219,76.10403442382812,81.61492919921875
20110109,83.45616912841797,89.5992202758789,85.41097259521484
20110110,96.13255310058594,111.8094253540039,106.58297729492188
20110111,89.32766723632812,96.47376251220703,86.65853881835938
20110112,74.32042694091797,49.39444351196289,88.28538513183594
20110113,61.53376388549805,74.9764404296875,56.85250473022461
20110114,66.92056274414062,66.71456909179688,83.46981811523438
20110115,70.84191131591797,45.19926452636719,80.11388397216797
20110116,32.66831970214844,39.08131790161133,21.731786727905273
20110117,91.63396453857422,63.94633483886719,99.05546569824219
20110118,56.982242584228516,22.72273826599121,75.8120346069336
20110119,62.640323638916016,36.733829498291016,73.53514099121094
20110120,59.08705139160156,51.54202651977539,55.274322509765625
20110121,88.97392272949219,61.40773010253906,96.74909973144531
20110122,61.294490814208984,47.82194900512695,75.34443664550781
20110123,72.8764877319336,39.628456115722656,88.14412689208984
20110124,106.99507904052734,59.732810974121094,135.23403930664062
20110125,204.19937133789062,286.507080078125,119.48760223388672
20110126,113.75102233886719,144.3284149169922,74.52352142333984
20110127,68.67119598388672,78.23979187011719,59.82140350341797
20110128,69.63356018066406,52.890830993652344,71.68878936767578
20110129,63.65000534057617,82.76619720458984,46.02345275878906
20110130,46.4107551574707,34.700923919677734,57.887996673583984
20110131,89.41900634765625,81.03978729248047,87.87374114990234
20110201,118.03402709960938,106.28321075439453,139.30824279785156
20110202,98.82798767089844,116.7689208984375,79.13491821289062
20110203,113.2795181274414,116.35298156738281,119.88513946533203
20110204,94.64479064941406,111.82633209228516,93.27420806884766
20110205,66.14111328125,54.947940826416016,73.33121490478516
20110206,52.37261199951172,52.21140670776367,65.3241958618164
20110207,59.578556060791016,63.3548469543457,46.23867416381836
20110208,56.59284210205078,82.74734497070312,31.372482299804688
20110209,86.5784683227539,120.08622741699219,56.34212112426758
20110210,104.0421371459961,100.37602996826172,94.88665771484375
20110211,97.6264877319336,114.10633087158203,83.97877502441406
20110212,59.68590545654297,54.0928955078125,54.142581939697266
20110213,69.80506896972656,88.56934356689453,52.76826858520508
20110214,76.56786346435547,56.24476623535156,80.42346954345703
20110215,55.579994201660156,81.26640319824219,30.811004638671875
20110216,62.22502899169922,36.490291595458984,73.04761505126953
20110217,88.42582702636719,74.591552734375,90.4970474243164
20110218,66.4507064819336,26.49846649169922,99.46052551269531
20110219,76.46487426757812,92.56440734863281,54.499664306640625
20110220,61.68655014038086,73.79600524902344,71.81201934814453
20110221,108.9972152709961,122.8349838256836,86.69396209716797
20110222,163.8302459716797,143.4081573486328,166.13412475585938
20110223,73.44939422607422,65.9009780883789,79.39811706542969
20110224,144.02468872070312,110.9492416381836,174.1978759765625
20110225,137.7366943359375,96.11891174316406,160.3453369140625
20110226,128.1565399169922,61.10358810424805,171.43252563476562
20110227,62.14948654174805,49.56654739379883,72.35094451904297
20110228,107.25624084472656,98.70101165771484,109.76851654052734
20110301,178.95901489257812,167.48521423339844,200.43797302246094
20110302,126.99939727783203,70.33804321289062,152.53907775878906
20110303,154.95379638671875,185.3721923828125,125.9856185913086
20110304,119.61127471923828,139.116943359375,104.98609924316406
20110305,87.87358093261719,63.711341857910156,106.2831039428711
20110306,50.86476135253906,88.73934936523438,42.2956428527832
20110307,138.72427368164062,217.9229736328125,90.88463592529297
20110308,166.0056610107422,195.58462524414062,138.03890991210938
20110309,199.4664306640625,220.15809631347656,171.7862548828125
20110310,136.30661010742188,170.6488494873047,115.97911071777344
20110311,136.77268981933594,152.97994995117188,133.14822387695312
20110312,93.12439727783203,68.9651870727539,106.19773864746094
20110313,103.51773834228516,114.6656723022461,95.64249420166016
20110314,87.9781265258789,83.89395904541016,95.42161560058594
20110315,141.81134033203125,188.49978637695312,133.03860473632812
20110316,166.35165405273438,129.7875213623047,186.44021606445312
20110317,116.2304458618164,128.06979370117188,106.82286071777344
20110318,147.7964324951172,160.15379333496094,170.9876251220703
20110319,133.5103302001953,180.8142547607422,138.2488555908203
20110320,95.84282684326172,95.54781341552734,99.62039184570312
20110321,151.39047241210938,251.54080200195312,77.92938232421875
20110322,192.9297637939453,210.48081970214844,181.6156463623047
20110323,231.2828826904297,260.3220520019531,192.3189697265625
20110324,144.67994689941406,150.24436950683594,135.34413146972656
20110325,130.91949462890625,163.90444946289062,106.33194732666016
20110326,103.26298522949219,108.36328887939453,108.46282196044922
20110327,101.72952270507812,139.44754028320312,95.16519927978516
20110328,131.84349060058594,164.29708862304688,116.48399353027344
20110329,196.35418701171875,239.24972534179688,181.41627502441406
20110330,125.13372039794922,187.12283325195312,92.49120330810547
20110331,126.22554016113281,142.84201049804688,124.8178939819336
20110401,125.87757110595703,151.90907287597656,104.671142578125
20110402,65.73689270019531,68.38387298583984,61.79214859008789
20110403,72.01234436035156,95.72090911865234,69.86060333251953
20110404,71.92547607421875,119.50679779052734,19.936094284057617
20110405,103.40233612060547,117.81034851074219,85.9822769165039
20110406,130.38829040527344,203.76333618164062,82.0490493774414
20110407,74.62199401855469,77.62674713134766,70.14407348632812
20110408,84.77043914794922,110.51242065429688,65.0670166015625
20110409,51.972572326660156,54.53957748413086,40.94225311279297
20110410,74.30058288574219,111.10781860351562,30.891630172729492
20110411,98.69049072265625,153.99659729003906,42.81612014770508
20110412,88.33514404296875,95.40184020996094,79.57455444335938
20110413,111.53427124023438,118.60369110107422,123.65897369384766
20110414,110.64944458007812,130.99176025390625,92.00848388671875
20110415,86.82132720947266,99.8700942993164,66.64122009277344
20110416,67.21931457519531,85.77587890625,40.2443733215332
20110417,30.169103622436523,48.121986389160156,10.034622192382812
20110418,86.95490264892578,123.83892822265625,48.20381546020508
20110419,96.63265991210938,84.77499389648438,102.8519515991211
20110420,80.7943344116211,95.1903076171875,73.29056549072266
20110421,117.58607482910156,133.97044372558594,106.1573486328125
20110422,81.57286834716797,120.21479797363281,41.28806686401367
20110423,73.87528228759766,76.59380340576172,78.62989807128906
20110424,93.87843322753906,120.32931518554688,66.91102600097656
20110425,78.18482208251953,98.4557876586914,75.27836608886719
20110426,144.02468872070312,127.62787628173828,166.33477783203125
20110427,124.72569274902344,168.22711181640625,103.71331787109375
20110428,110.53406524658203,130.8551788330078,74.67893981933594
20110429,68.87517547607422,78.4721908569336,54.54462814331055
20110430,114.09954833984375,132.0948486328125,128.54351806640625
20110501,69.49442291259766,92.3740234375,57.78679275512695
20110502,115.2568588256836,178.73658752441406,78.09160614013672
20110503,269.19287109375,357.81903076171875,230.06015014648438
20110504,113.01701354980469,155.4057159423828,84.25540924072266
20110505,101.1986083984375,127.79033660888672,106.58975982666016
20110506,104.74522399902344,130.52850341796875,81.6552505493164
20110507,120.40609741210938,178.65745544433594,79.16578674316406
20110508,51.961849212646484,77.7028579711914,32.40592956542969
20110509,126.04299926757812,141.36190795898438,124.46033477783203
20110510,140.8026580810547,147.75711059570312,129.40621948242188
20110511,88.7294921875,110.57046508789062,86.0782470703125
20110512,80.9588851928711,100.8871078491211,84.14981079101562
20110513,114.1140365600586,156.01754760742188,92.17827606201172
20110514,53.38319778442383,61.62185287475586,46.726104736328125
20110515,94.28560638427734,100.26174926757812,73.17467498779297
20110516,87.17283630371094,118.92195892333984,68.67183685302734
20110517,74.639404296875,77.95297241210938,76.8423843383789
20110518,85.3180923461914,96.14966583251953,80.19831848144531
20110519,150.25360107421875,132.37353515625,145.2797393798828
20110520,81.48226928710938,81.23146057128906,83.3908462524414
20110521,65.41405487060547,78.2552490234375,60.92109298706055
20110522,84.93763732910156,36.289794921875,110.98733520507812
20110523,119.9306640625,131.929931640625,123.79792785644531
20110524,134.65721130371094,130.4072265625,159.95956420898438
20110525,119.10356140136719,118.73694610595703,105.22824096679688
20110526,103.62940979003906,135.37228393554688,89.14252471923828
20110527,94.45203399658203,60.532264709472656,129.0297088623047
20110528,69.73827362060547,57.93634033203125,77.31940460205078
20110529,72.29810333251953,91.73253631591797,54.652854919433594
20110530,112.04273986816406,106.8414306640625,105.31926727294922
20110531,140.02398681640625,167.51158142089844,119.76103973388672
20110601,96.12361145019531,132.68455505371094,55.33601379394531
20110602,86.354736328125,103.30670928955078,97.65707397460938
20110603,66.98822784423828,66.78202819824219,66.84336853027344
20110604,53.747894287109375,67.68309783935547,37.636260986328125
20110605,77.79023742675781,103.40105438232422,53.90418243408203
20110606,62.42275619506836,74.6767349243164,55.36690902709961
20110607,106.61982727050781,146.60916137695312,61.14325714111328
20110608,122.13936614990234,110.69401550292969,129.26162719726562
20110609,101.33381652832031,125.40650177001953,69.7342758178711
20110610,90.61734771728516,93.68428802490234,94.88665771484375
20110611,52.62440490722656,66.26831817626953,32.24335479736328
20110612,103.89971923828125,158.4163360595703,81.31376647949219
20110613,105.76525115966797,118.09245300292969,91.46501159667969
20110614,43.3272819519043,54.97407531738281,26.202177047729492
20110615,81.83572387695312,99.31944274902344,65.09031677246094
20110616,115.51518249511719,115.15961456298828,101.70475769042969
20110617,77.9061050415039,111.83948516845703,57.00760269165039
20110618,67.31720733642578,78.29499816894531,65.3057632446289
20110619,65.33663940429688,104.21685028076172,54.329463958740234
20110620,74.1619644165039,57.50397491455078,75.37199401855469
20110621,79.22998046875,67.7023696899414,87.84294891357422
20110622,56.08184814453125,59.636505126953125,43.52489471435547
20110623,128.5777130126953,155.1676025390625,112.54357147216797
20110624,115.043212890625,155.1676025390625,95.66203308105469
20110625,74.31127166748047,79.78118896484375,80.80511474609375
20110626,73.46420288085938,66.58006286621094,77.74809265136719
20110627,108.47199249267578,158.04800415039062,48.568077087402344
20110628,66.17350006103516,54.32808303833008,64.7356948852539
20110629,81.51732635498047,73.87855529785156,73.9464111328125
20110630,101.40513610839844,60.65579605102539,129.2930450439453
20110701,88.8176040649414,98.38246154785156,87.53140258789062
20110702,52.95401382446289,87.98502349853516,14.677640914916992
20110703,98.58832550048828,117.94183349609375,76.51399230957031
20110704,70.36500549316406,86.33650207519531,72.01317596435547
20110705,83.86247253417969,83.60433959960938,83.6811294555664
20110706,41.548736572265625,52.71744155883789,31.408252716064453
20110707,93.25922393798828,119.0043716430664,74.44605255126953
20110708,65.35699462890625,61.7265625,68.6480712890625
20110709,66.89118194580078,57.98720169067383,67.71387481689453
20110710,83.9442138671875,90.1231918334961,85.91045379638672
20110711,84.93763732910156,124.78595733642578,44.60734939575195
20110712,75.82986450195312,79.57521057128906,73.01094055175781
20110713,92.94522094726562,126.01641082763672,61.82948684692383
20110714,74.88043212890625,92.42374420166016,47.44032287597656
20110715,91.54486083984375,155.48524475097656,39.47088623046875
20110716,51.18130111694336,79.37029266357422,28.37257194519043
20110717,59.38866424560547,78.94114685058594,32.92235565185547
20110718,72.8036880493164,108.86939239501953,52.971229553222656
20110719,126.4942398071289,173.39419555664062,98.60991668701172
20110720,92.12239074707031,91.83882904052734,95.7533187866211
20110721,90.60633850097656,122.84532165527344,48.21888732910156
20110722,62.43583297729492,82.99153137207031,40.38016128540039
20110723,82.05442810058594,121.18793487548828,60.64962387084961
20110724,33.392818450927734,13.31601333618164,44.4274787902832
20110725,83.91838073730469,96.86955261230469,80.79877471923828
20110726,92.6003646850586,117.49224853515625,56.00007629394531
20110727,88.66615295410156,127.28626251220703,58.98295211791992
20110728,101.98326873779297,120.49700927734375,81.66145324707031
20110729,95.42375946044922,149.49005126953125,73.68014526367188
20110730,74.82776641845703,91.81224060058594,57.43535232543945
20110731,53.21393585205078,66.31267547607422,33.186790466308594
20110801,88.10020446777344,131.7435302734375,51.28065490722656
20110802,90.46023559570312,85.88742065429688,85.96630859375
20110803,86.63004302978516,106.92609405517578,54.88425827026367
20110804,77.03646087646484,53.7595329284668,83.27569580078125
20110805,51.97543716430664,62.17853927612305,40.337921142578125
20110806,30.84327507019043,36.89800262451172,25.64714813232422
20110807,74.82186126708984,94.93470001220703,45.2485237121582
20110808,94.76786804199219,111.65364074707031,78.80245208740234
20110809,63.13661575317383,50.353816986083984,91.00012969970703
20110810,44.114097595214844,23.988168716430664,60.02550506591797
20110811,91.38117980957031,106.28321075439453,82.3185043334961
20110812,69.30058288574219,89.81344604492188,51.863040924072266
20110813,46.178916931152344,24.552946090698242,66.55863952636719
20110814,39.671470642089844,39.54935836791992,32.98807144165039
20110815,131.05657958984375,216.2534942626953,45.09419250488281
20110816,54.5106086730957,75.24390411376953,27.893709182739258
20110817,38.834320068359375,46.45774459838867,38.75034713745117
20110818,109.4460678100586,138.20497131347656,91.0078353881836
20110819,119.64898681640625,163.58494567871094,73.90825653076172
20110820,111.22051239013672,167.8155975341797,79.98558807373047
20110821,39.671470642089844,65.91559600830078,10.996023178100586
20110822,143.45765686035156,216.6910400390625,65.0670166015625
20110823,197.70501708984375,257.43212890625,127.49225616455078
20110824,159.73345947265625,227.48826599121094,88.54891204833984
20110825,109.68766784667969,131.22006225585938,85.1281509399414
20110826,93.75191497802734,145.38742065429688,46.19712829589844
20110827,87.86651611328125,116.79473114013672,63.32192611694336
20110828,55.51789855957031,73.79600524902344,51.29429626464844
20110829,125.17124938964844,187.17893981933594,96.64925384521484
20110830,61.34384536743164,87.36431884765625,29.1481876373291
20110831,91.10472106933594,123.52103424072266,78.78668975830078
20110901,90.60633850097656,79.48815155029297,90.41041564941406
20110902,105.27227783203125,104.9482421875,93.37300872802734
20110903,91.36085510253906,41.13273620605469,132.3338165283203
20110904,54.304386138916016,81.20585632324219,22.577898025512695
20110905,123.4190673828125,108.27445983886719,123.15218353271484
20110906,138.56492614746094,138.13841247558594,115.22107696533203
20110907,87.84709930419922,87.57669830322266,97.39681243896484
20110908,99.44561767578125,123.06974029541016,79.84069061279297
20110909,90.50731658935547,108.27445983886719,75.2596664428711
20110910,95.78508758544922,132.62535095214844,70.79849243164062
20110911,53.14279556274414,82.41211700439453,39.279911041259766
20110912,110.15664672851562,149.0381317138672,78.51317596435547
20110913,111.98429107666016,136.84854125976562,90.11463165283203
20110914,78.36181640625,92.32435607910156,65.1603012084961
20110915,85.37545776367188,95.32618713378906,79.5114517211914
20110916,72.69947814941406,113.44023132324219,42.05349349975586
20110917,69.4011001586914,74.50959014892578,66.5875244140625
20110918,53.91158676147461,47.77390670776367,49.81019592285156
20110919,56.625091552734375,88.70838928222656,26.906021118164062
20110920,70.64717864990234,70.42972564697266,78.32711791992188
20110921,102.08763122558594,133.35824584960938,64.39859771728516
20110922,84.1607666015625,87.25778198242188,78.38019561767578
20110923,93.08572387695312,134.39883422851562,74.7345962524414
20110924,57.93043518066406,63.00231170654297,52.55015182495117
20110925,39.51373291015625,26.26140022277832,43.8092041015625
20110926,73.34098052978516,89.3630599975586,47.43303298950195
20110927,86.86112976074219,94.46592712402344,72.22775268554688
20110928,55.84939956665039,41.758121490478516,63.8557243347168
20110929,93.68878173828125,106.74331665039062,72.34049987792969
20110930,68.4011001586914,84.42639923095703,43.33536148071289
20111001,82.06195831298828,81.80935668945312,100.08106231689453
20111002,37.430145263671875,49.753238677978516,31.12433624267578
20111003,92.0157699584961,135.6046142578125,46.573734283447266
20111004,73.61261749267578,80.7246322631836,67.33231353759766
20111005,66.10445404052734,58.57864761352539,79.39811706542969
20111006,86.47265625,86.20648193359375,71.90472412109375
20111007,74.47611236572266,122.66873168945312,48.46634292602539
20111008,48.00822830200195,73.1983413696289,28.179067611694336
20111009,38.66810607910156,38.54907989501953,42.87165451049805
20111010,55.35139083862305,76.40447998046875,28.323945999145508
20111011,85.24990844726562,137.5988006591797,40.507408142089844
20111012,137.2508544921875,192.29933166503906,117.21292114257812
20111013,135.9896240234375,152.95193481445312,139.1749267578125
20111014,73.91124725341797,100.47782897949219,55.872291564941406
20111015,68.78255462646484,76.79933166503906,68.6338119506836
20111016,54.193336486816406,67.53315734863281,56.32931900024414
20111017,96.44184112548828,117.04607391357422,69.7342758178711
20111018,114.35791778564453,159.60829162597656,76.0737533569336
20111019,51.13114547729492,29.12786293029785,60.7387809753418
20111020,72.08696746826172,82.13151550292969,57.08816146850586
20111021,110.52729034423828,168.5214080810547,59.46916961669922
20111022,64.29456329345703,83.60433959960938,46.4895133972168
20111023,71.88211822509766,47.77390670776367,89.6583480834961
20111024,96.52515411376953,122.4720458984375,94.85708618164062
20111025,82.53282928466797,89.75867462158203,74.86759948730469
20111026,64.39116668701172,64.19296264648438,53.54327392578125
20111027,53.972591400146484,26.903230667114258,72.92984008789062
20111028,51.45736312866211,32.061859130859375,64.18260955810547
20111029,48.421024322509766,56.790565490722656,37.8951530456543
20111030,59.82063674926758,89.45475769042969,24.871366500854492
20111031,82.71080780029297,107.19307708740234,68.77662658691406
20111101,80.11046600341797,87.85026550292969,59.95292282104492
20111102,37.60396957397461,27.26416015625,51.16725158691406
20111103,110.41893005371094,88.06324005126953,131.16685485839844
20111104,111.48065185546875,127.0142822265625,95.34821319580078
20111105,60.730403900146484,38.52766418457031,73.45343780517578
20111106,31.851613998413086,50.80571365356445,10.594245910644531
20111107,65.59539794921875,65.39349365234375,74.99886322021484
20111108,82.42171478271484,54.77867126464844,110.96342468261719
20111109,112.76825714111328,49.18425369262695,152.37680053710938
20111110,80.2463150024414,63.99944305419922,85.41097259521484
20111111,66.76000213623047,57.046722412109375,79.30432891845703
20111112,52.101646423339844,54.675018310546875,63.84611511230469
20111113,76.73902130126953,76.5028076171875,85.0811996459961
20111114,95.59480285644531,82.87004852294922,110.59487915039062
20111115,114.09954833984375,73.38603210449219,165.2702178955078
20111116,83.44913482666016,86.80931854248047,96.54340362548828
20111117,108.66275787353516,111.61095428466797,125.95146942138672
20111118,109.06854248046875,74.55965423583984,139.92774963378906
20111119,75.71583557128906,53.916263580322266,89.94297790527344
20111120,58.42271041870117,34.94572830200195,77.72850036621094
20111121,111.56315612792969,128.3304901123047,85.63224029541016
20111122,58.25148391723633,38.714786529541016,71.04230499267578
20111123,102.48828125,72.98058319091797,121.74603271484375
20111124,67.84777069091797,47.74512481689453,86.2856674194336
20111125,83.16069793701172,55.26980972290039,103.72608184814453
20111126,49.87923049926758,35.100494384765625,68.31364440917969
20111127,113.0796127319336,119.3628158569336,88.49810791015625
20111128,105.4183120727539,88.92554473876953,134.85943603515625
20111129,107.72577667236328,130.4072265625,108.77251434326172
20111130,84.24638366699219,53.7517204284668,106.48133087158203
20111201,104.02568054199219,32.407962799072266,151.37606811523438
20111202,104.30795288085938,44.11564636230469,141.9305419921875
20111203,76.69346618652344,70.57605743408203,68.67863464355469
20111204,58.45708084106445,64.75238037109375,43.20790481567383
20111205,97.07157897949219,96.77278900146484,94.17107391357422
20111206,73.94124603271484,36.8568229675293,98.37513732910156
20111207,49.84187698364258,30.577512741088867,70.13782501220703
20111208,87.08116912841797,48.61534881591797,115.8571548461914
20111209,71.6583023071289,45.46037292480469,97.50456237792969
20111210,32.534149169921875,29.485458374023438,29.512540817260742
20111211,33.940242767333984,40.602928161621094,22.577898025512695
20111212,99.59353637695312,138.13841247558594,72.01317596435547
20111213,89.63418579101562,132.0948486328125,45.3682975769043
20111214,113.05692291259766,82.65320587158203,125.34716033935547
20111215,82.23851776123047,65.58831024169922,98.47283172607422
20111216,118.86456298828125,137.20901489257812,119.64794921875
20111217,48.182804107666016,60.043113708496094,45.07369613647461
20111218,68.86834716796875,41.19382095336914,80.17266845703125
20111219,86.1526107788086,103.06490325927734,85.96630859375
20111220,180.24853515625,111.8094253540039,233.1502685546875
20111221,80.14276123046875,114.13725280761719,50.77426528930664
20111222,83.3827133178711,75.56913757324219,88.2449722290039
20111223,75.76393127441406,67.13842010498047,70.00009155273438
20111224,93.64148712158203,77.79438018798828,116.79874420166016
20111225,62.946659088134766,78.44112396240234,52.34211730957031
20111226,103.26950073242188,158.38711547851562,39.633148193359375
20111227,68.30036163330078,79.43848419189453,66.2595443725586
20111228,86.666015625,105.59908294677734,56.05094909667969
20111229,115.55469512939453,76.79933166503906,136.1237335205078
20111230,125.90361785888672,138.50050354003906,101.08270263671875
20111231,57.4433708190918,22.9066219329834,76.425537109375
20120101,72.44184112548828,65.65350341796875,65.71381378173828
20120102,60.10707473754883,66.58006286621094,66.64122009277344
20120103,88.10020446777344,70.26321411132812,95.23550415039062
20120104,76.9422836303711,48.4455451965332,94.28619384765625
20120105,82.43946838378906,44.82857131958008,112.17436981201172
20120106,100.59858703613281,50.144466400146484,137.4264373779297
20120107,73.74918365478516,73.52217864990234,61.32476043701172
20120108,55.72543716430664,74.0718765258789,51.48604965209961
20120109,88.3912582397461,58.746124267578125,105.00015258789062
20120110,66.64337158203125,31.265052795410156,84.75396728515625
20120111,103.96586608886719,64.3319091796875,125.20471954345703
20120112,103.84225463867188,103.52261352539062,126.64385223388672
20120113,98.1017074584961,65.1998291015625,125.08112335205078
20120114,102.56485748291016,55.26980972290039,138.30145263671875
20120115,53.321006774902344,53.15687942504883,55.42261505126953
20120116,72.8570556640625,77.47498321533203,64.62178802490234
20120117,56.625091552734375,32.25759506225586,80.71806335449219
20120118,73.85881042480469,51.54202651977539,79.84069061279297
20120119,103.19525909423828,89.16059112548828,108.69277954101562
20120120,70.93292236328125,49.50020980834961,82.57613372802734
20120121,60.43781280517578,51.64438247680664,62.22163009643555
20120122,39.20198440551758,65.13552856445312,21.731786727905273
20120123,109.54258728027344,96.10075378417969,131.16685485839844
20120124,103.51773834228516,29.485458374023438,159.85958862304688
20120125,65.62960052490234,27.548458099365234,91.91253662109375
20120126,85.76227569580078,64.12371826171875,112.91385650634766
20120127,58.41665267944336,54.8111457824707,68.57685852050781
20120128,51.401912689208984,74.01866912841797,47.4914436340332
20120129,38.2219352722168,50.80571365356445,31.782737731933594
20120130,128.4284210205078,97.12857055664062,169.39462280273438
20120131,69.98382568359375,77.52045440673828,71.12568664550781
20120201,134.9707489013672,146.08860778808594,166.7452850341797
20120202,57.816890716552734,81.37259674072266,62.21672058105469
20120203,102.98137664794922,82.13151550292969,119.88513946533203
20120204,65.95157623291016,77.7028579711914,64.81185913085938
20120205,40.39716720581055,53.69709396362305,22.394338607788086
20120206,124.92127990722656,120.24239349365234,143.27719116210938
20120207,142.98854064941406,118.79033660888672,165.13812255859375
20120208,82.25337219238281,67.091064453125,87.04978942871094
20120209,85.78363037109375,72.36271667480469,104.25413513183594
20120210,68.33390808105469,64.87959289550781,70.35078430175781
20120211,51.00617599487305,45.19926452636719,51.83839416503906
20120212,45.37763977050781,64.62566375732422,21.561674118041992
20120213,61.8345947265625,61.64426040649414,51.41740417480469
20120214,80.42071533203125,76.35540771484375,108.2695083618164
20120215,128.7169189453125,128.32070922851562,125.92017364501953
20120216,81.79179382324219,67.95002746582031,102.01866149902344
20120217,49.788089752197266,52.94382858276367,49.6804313659668
20120218,90.71519470214844,58.34578323364258,116.79874420166016
20120219,42.46881866455078,60.482994079589844,30.26927375793457
20120220,150.11636352539062,79.81562042236328,191.4005584716797
20120221,141.4915771484375,74.6767349243164,207.62591552734375
20120222,101.14710235595703,64.82299041748047,120.15283203125
20120223,68.30036163330078,47.66309356689453,85.19084167480469
20120224,152.73109436035156,121.80877685546875,163.6897735595703
20120225,133.7548828125,90.7868423461914,151.45037841796875
20120226,51.557472229003906,0.0,85.7433090209961
20120227,54.99793243408203,59.046226501464844,49.25038528442383
20120228,113.57374572753906,98.12760925292969,125.92017364501953
20120229,146.89878845214844,124.47962951660156,152.6886749267578
20120301,91.45125579833984,87.79310607910156,84.49398040771484
20120302,99.75540924072266,48.009552001953125,131.57546997070312
20120303,70.7939682006836,29.40669059753418,98.11233520507812
20120304,94.46485900878906,62.78272247314453,104.73397827148438
20120305,116.52247619628906,49.78449249267578,152.25900268554688
20120306,110.7882080078125,95.72090911865234,110.54864501953125
20120307,138.18359375,99.4920654296875,178.73951721191406
20120308,154.152587890625,122.94247436523438,176.60728454589844
20120309,132.3766326904297,131.9691619873047,120.55867767333984
20120310,24.94820785522461,27.634904861450195,23.05023956298828
20120311,46.09934997558594,65.65350341796875,32.85690689086914
20120312,71.49427032470703,47.516136169433594,85.87181854248047
20120313,64.65402221679688,90.99530029296875,50.59938049316406
20120314,69.15589904785156,82.73163604736328,57.50529861450195
20120315,64.95230865478516,47.7122802734375,79.593505859375
20120316,72.73102569580078,79.09871673583984,60.478126525878906
20120317,53.292789459228516,55.92499923706055,51.311668395996094
20120318,31.608470916748047,50.41788101196289,21.02674674987793
20120319,106.99507904052734,127.99888610839844,85.41097259521484
20120320,104.6073989868164,139.04721069335938,57.98955535888672
20120321,124.37675476074219,123.99391174316406,144.79244995117188
20120322,67.60342407226562,96.27904510498047,42.82999038696289
20120323,93.311767578125,146.18142700195312,60.964874267578125
20120324,51.31344223022461,68.20732879638672,52.15067672729492
20120325,51.45736312866211,89.77320098876953,32.091304779052734
20120326,79.66934967041016,83.60433959960938,90.65455627441406
20120327,116.36654663085938,77.33890533447266,135.4674072265625
20120328,149.5762939453125,145.47891235351562,133.47816467285156
20120329,83.44913482666016,86.80931854248047,72.40754699707031
20120330,103.07345581054688,127.55941009521484,70.93142700195312
20120331,91.24769592285156,82.69711303710938,87.37157440185547
20120401,141.78305053710938,128.49693298339844,171.4866180419922
20120402,154.47207641601562,76.99829864501953,221.2166290283203
20120403,134.50100708007812,122.59382629394531,153.38304138183594
20120404,126.0838851928711,182.8302459716797,114.37386322021484
20120405,116.87487030029297,126.50212860107422,94.40840148925781
20120406,88.2839584350586,76.53236389160156,89.36975860595703
20120407,91.53900146484375,79.85008239746094,90.38959503173828
20120408,76.59115600585938,101.80721282958984,53.07329177856445
20120409,126.88357543945312,99.38737487792969,135.65272521972656
20120410,116.15497589111328,60.043113708496094,150.24566650390625
20120411,85.70198059082031,44.576438903808594,117.74031829833984
20120412,136.67489624023438,107.56909942626953,167.4833984375
20120413,112.74003601074219,112.39301300048828,121.31948852539062
20120414,83.18555450439453,47.38828659057617,98.8162841796875
20120415,56.67891311645508,50.22617721557617,73.31378936767578
20120416,136.95370483398438,119.46562194824219,128.116455078125
20120417,117.74530029296875,117.38287353515625,97.90890502929688
20120418,99.26673889160156,109.95687103271484,91.71488952636719
20120419,65.09412384033203,36.052085876464844,90.21300506591797
20120420,100.38084411621094,55.212059020996094,132.400390625
20120421,48.29644012451172,56.64444351196289,47.24706268310547
20120422,60.47283935546875,26.794086456298828,78.22120666503906
20120423,90.46023559570312,85.88742065429688,78.80245208740234
20120424,93.36894226074219,64.75238037109375,114.77099609375
20120425,83.9510269165039,125.53893280029297,58.17325973510742
20120426,118.67997741699219,125.27436065673828,104.4911880493164
20120427,84.50428009033203,74.1348648071289,84.32154846191406
20120428,34.00411605834961,33.89944839477539,37.700653076171875
20120429,69.93904876708984,76.06229400634766,63.44346618652344
20120430,99.85459899902344,121.18793487548828,79.42212677001953
20120501,75.19068908691406,74.95924377441406,76.41751098632812
20120502,87.5736312866211,68.32492065429688,94.9828872680664
20120503,101.76319885253906,62.96894073486328,128.3878936767578
20120504,62.24031066894531,48.2601203918457,74.75688934326172
20120505,38.938663482666016,61.000980377197266,18.502124786376953
20120506,25.481290817260742,38.104286193847656,21.188491821289062
20120507,60.385345458984375,60.1994743347168,50.21230697631836
20120508,84.52481842041016,80.25203704833984,80.32575225830078
20120509,54.60276794433594,21.773876190185547,72.64625549316406
20120510,55.440460205078125,48.361087799072266,57.62560272216797
20120511,110.3074951171875,106.6355972290039,105.62174224853516
20120512,30.90605926513672,39.21390914916992,18.690441131591797
20120513,53.86288833618164,67.12136840820312,55.98584747314453
20120514,65.92174530029297,57.50397491455078,61.66799545288086
20120515,92.65923309326172,61.58268356323242,109.15282440185547
20120516,67.07111358642578,59.43525695800781,68.16544342041016
20120517,53.89209747314453,64.4714584350586,59.75062561035156
20120518,147.14547729492188,71.55734252929688,196.9634246826172
20120519,77.57096862792969,57.283111572265625,81.2256088256836
20120520,73.61261749267578,85.61702728271484,61.21119689941406
20120521,59.07185363769531,72.48002624511719,37.784690856933594
20120522,115.74031829833984,127.32034301757812,99.56037139892578
20120523,86.14241790771484,62.45619583129883,91.16561126708984
20120524,113.44409942626953,67.85694122314453,138.35406494140625
20120525,81.91314697265625,65.32881164550781,81.73602294921875
20120526,57.1601676940918,43.41654968261719,72.42738342285156
20120527,46.74994659423828,53.26405334472656,33.32061004638672
20120528,157.4913330078125,167.47366333007812,148.420166015625
20120529,91.09561157226562,82.55928039550781,82.6351089477539
20120530,88.2839584350586,76.53236389160156,108.52043151855469
20120531,91.92120361328125,88.24424743652344,90.59005737304688
20120601,67.89513397216797,56.99885559082031,71.31401824951172
20120602,48.75640869140625,51.46552658081055,47.69703674316406
20120603,12.990462303161621,12.95047664642334,10.801976203918457
20120604,40.61731719970703,44.991432189941406,30.021839141845703
20120605,67.32860565185547,62.646610260009766,67.18301391601562
20120606,69.86804962158203,90.13916778564453,47.84497833251953
20120607,102.94328308105469,117.2873306274414,91.71488952636719
20120608,92.90912628173828,85.498291015625,89.14252471923828
20120609,89.52886199951172,94.83160400390625,74.44605255126953
20120610,60.35042190551758,66.84961700439453,66.91102600097656
20120611,78.35245513916016,69.43224334716797,79.630859375
20120612,92.0157699584961,95.72090911865234,93.14746856689453
20120613,99.33882141113281,114.26890563964844,88.95745086669922
20120614,112.46371459960938,101.92504119873047,119.02177429199219
20120615,55.382530212402344,55.212059020996094,51.80884552001953
20120616,58.83778762817383,82.1193618774414,34.24782943725586
20120617,69.59175872802734,41.626529693603516,81.01481628417969
20120618,102.8192367553711,106.95939636230469,104.08381652832031
20120619,111.61479949951172,111.271240234375,92.81120300292969
20120620,147.8824920654297,73.7136459350586,202.8987274169922
20120621,73.04448699951172,80.10161590576172,66.81266021728516
20120622,72.01234436035156,95.72090911865234,39.920345306396484
20120623,44.92632293701172,71.66085815429688,29.886117935180664
20120624,60.35042190551758,80.21955108642578,33.45551300048828
20120625,99.9677505493164,135.90005493164062,75.56938171386719
20120626,129.9046173095703,161.88095092773438,108.01976013183594
20120627,48.38581848144531,66.7895278930664,30.949481964111328
20120628,92.0157699584961,110.07904815673828,67.33231353759766
20120629,80.06205749511719,79.81562042236328,66.57411193847656
20120630,45.572731018066406,39.753395080566406,52.1058349609375
20120701,19.562408447265625,13.00146198272705,21.689006805419922
20120702,45.3155632019043,36.140865325927734,45.21757125854492
20120703,77.41548156738281,73.115234375,88.08991241455078
20120704,129.361083984375,119.75125885009766,130.61802673339844
20120705,82.71080780029297,98.94745635986328,61.898963928222656
20120706,62.64903259277344,46.84214401245117,65.11829376220703
20120707,60.75172424316406,44.62664031982422,69.12847137451172
20120708,28.804935455322266,28.716270446777344,23.952205657958984
20120709,83.69519805908203,70.26321411132812,95.23550415039062
20120710,97.55320739746094,101.4813232421875,84.64544677734375
20120711,69.2664794921875,89.3630599975586,47.43303298950195
20120712,66.01834869384766,30.97182846069336,90.41747283935547
20120713,107.78419494628906,64.4714584350586,143.40150451660156
20120714,80.49229431152344,86.41719055175781,97.82350158691406
20120715,48.20784378051758,82.38764190673828,22.906476974487305
20120716,54.23030090332031,63.07394027709961,52.60989761352539
20120717,155.83316040039062,186.42417907714844,185.11451721191406
20120718,104.48519134521484,84.87403106689453,122.27937316894531
20120719,147.7859344482422,208.41952514648438,125.88591766357422
20120720,166.3677978515625,147.4272918701172,202.8987274169922
20120721,40.64500045776367,52.097007751464844,43.45404815673828
20120722,58.1152229309082,64.37371063232422,53.69403076171875
20120723,80.69075012207031,93.14380645751953,70.62830352783203
20120724,109.74150848388672,170.18356323242188,60.835670471191406
20120725,86.86112976074219,149.57106018066406,19.69847869873047
20120726,76.39044952392578,110.7713623046875,57.74641036987305
20120727,67.26025390625,93.87451171875,44.74320983886719
20120728,60.39321517944336,78.2695083618164,50.218849182128906
20120729,71.44754028320312,142.45523071289062,21.603952407836914
20120730,112.50230407714844,66.46281433105469,138.5913848876953
20120731,65.10248565673828,61.08432388305664,63.68794631958008
20120801,67.74896240234375,42.65711212158203,88.95060729980469
20120802,52.747894287109375,49.07982635498047,52.63383102416992
20120803,74.2411117553711,98.68345642089844,47.035282135009766
20120804,45.37763977050781,54.285552978515625,45.27951431274414
20120805,53.1072998046875,79.41574096679688,44.16038131713867
20120806,99.59353637695312,138.13841247558594,72.01317596435547
20120807,114.60892486572266,110.57046508789062,110.67202758789062
20120808,75.28562927246094,39.50204849243164,112.0252685546875
20120809,87.43833923339844,93.87451171875,78.30061340332031
20120810,85.19978332519531,101.92504119873047,56.67703628540039
20120811,52.33610534667969,61.38236618041992,56.31885528564453
20120812,63.949180603027344,89.25328063964844,53.17574691772461
20120813,89.93396759033203,99.6190414428711,74.78291320800781
20120814,109.05572509765625,108.72003936767578,90.6832504272461
20120815,94.5273666381836,32.77787780761719,129.8649444580078
20120816,95.69639587402344,66.04742431640625,116.30126953125
20120817,104.33283996582031,104.0116958618164,105.34660339355469
20120818,49.14788818359375,52.26304626464844,43.5925407409668
20120819,34.650291442871094,55.26980972290039,23.05023956298828
20120820,69.01182556152344,88.45637512207031,49.18756866455078
20120821,75.3927230834961,103.34590911865234,54.854984283447266
20120822,123.79440307617188,136.1802520751953,106.4885482788086
20120823,76.19268798828125,79.57521057128906,78.4415054321289
20120824,69.69965362548828,65.8280029296875,61.00783920288086
20120825,28.860706329345703,38.36249542236328,15.999054908752441
20120826,53.42850875854492,79.89608001708984,33.32061004638672
20120827,83.16069793701172,110.53961944580078,61.467308044433594
20120828,73.70896911621094,34.579803466796875,100.95040130615234
20120829,65.1778335571289,61.155025482177734,70.13782501220703
20120830,84.21781921386719,97.95169067382812,75.86557006835938
20120831,69.28677368164062,52.62743377685547,76.81883239746094
20120901,48.182804107666016,54.03879928588867,35.05731964111328
20120902,64.0728759765625,76.6507797241211,53.278602600097656
20120903,57.5265007019043,76.46590423583984,39.862571716308594
20120904,83.33502960205078,91.3863754272461,62.36612319946289
20120905,81.70010375976562,96.25746154785156,67.93619537353516
20120906,54.94014358520508,45.105560302734375,53.74641418457031
20120907,69.73827362060547,88.48458862304688,57.98955535888672
20120908,63.17500686645508,49.28912353515625,82.22399139404297
20120909,66.14111328125,65.93753051757812,54.998409271240234
20120910,66.42849731445312,70.63896179199219,73.64983367919922
20120911,79.34294128417969,63.27897262573242,79.1713638305664
20120912,99.15667724609375,73.22330474853516,103.82830810546875
20120913,65.81260681152344,68.73431396484375,57.33120346069336
20120914,76.23063659667969,48.361087799072266,92.20095825195312
20120915,49.441307067871094,27.38284683227539,59.383995056152344
20120916,75.143310546875,87.39735412597656,72.89802551269531
20120917,92.0157699584961,34.94572830200195,123.87979888916016
20120918,82.91783905029297,57.86383056640625,89.63341522216797
20120919,53.06172561645508,30.22765350341797,63.032127380371094
20120920,52.32091522216797,45.63987731933594,54.383094787597656
20120921,67.89513397216797,85.498291015625,59.4283447265625
20120922,28.168092727661133,28.081390380859375,23.422653198242188
20120923,51.75886917114258,51.599552154541016,43.03912353515625
20120924,60.30682373046875,34.3549690246582,71.63859558105469
20120925,74.92713165283203,86.49067687988281,85.25845336914062
20120926,87.26852416992188,65.24993133544922,108.84976959228516
20120927,106.64201354980469,132.8922119140625,94.21844482421875
20120928,89.97920227050781,59.801490783691406,116.38748168945312
20120929,62.022544860839844,78.69480895996094,37.50813674926758
20120930,59.507205963134766,79.09871673583984,32.98807144165039
20121001,52.09804916381836,69.25025177001953,43.32115936279297
20121002,81.33536529541016,117.94183349609375,67.63290405273438
20121003,63.84767532348633,52.41859436035156,62.46040725708008
20121004,72.01234436035156,68.66934204101562,62.48401641845703
20121005,87.9742202758789,121.43551635742188,73.1533203125
20121006,49.2252197265625,46.18701171875,48.15565872192383
20121007,39.357242584228516,26.15739631652832,43.635704040527344
20121008,92.6003646850586,109.09994506835938,77.00010681152344
20121009,108.14913177490234,71.87748718261719,146.5515899658203
20121010,64.5305404663086,57.18391799926758,65.58342742919922
20121011,89.17181396484375,79.01985168457031,98.86553955078125
20121012,81.25166320800781,87.23245239257812,88.35201263427734
20121013,74.74205017089844,47.68767166137695,89.49652099609375
20121014,46.46888732910156,52.94382858276367,33.12028503417969
20121015,129.81033325195312,124.61779022216797,111.93920135498047
20121016,79.95852661132812,30.36663246154785,107.64727783203125
20121017,95.4528579711914,112.78108978271484,76.43233489990234
20121018,109.91007995605469,121.74640655517578,101.54853057861328
20121019,103.82190704345703,135.84681701660156,70.14407348632812
20121020,71.02417755126953,101.96000671386719,51.971771240234375
20121021,82.65523529052734,38.03114700317383,116.31301879882812
20121022,163.3594970703125,171.90426635742188,158.47830200195312
20121023,106.50161743164062,95.1903076171875,116.04340362548828
20121024,74.35617065429688,81.54003143310547,68.01244354248047
20121025,89.9630355834961,89.68612670898438,74.80708312988281
20121026,67.88048553466797,87.97300720214844,56.44474792480469
20121027,50.012123107910156,76.2536849975586,19.570186614990234
20121028,50.76731872558594,75.91658020019531,21.107309341430664
20121029,117.22061920166016,129.84422302246094,108.30290222167969
20121030,69.49442291259766,84.67618560791016,44.945281982421875
20121031,75.20423889160156,128.52471923828125,23.822736740112305
20121101,53.590579986572266,66.78202819824219,38.991966247558594
20121102,55.20946502685547,71.22761535644531,48.60889434814453
20121103,61.56099319458008,93.51847839355469,29.251367568969727
20121104,55.51789855957031,86.09534454345703,30.776578903198242
20121105,61.5718879699707,73.6588363647461,54.612220764160156
20121106,129.58700561523438,104.96533966064453,127.9598388671875
20121107,43.58641815185547,43.45225524902344,48.32462692260742
20121108,59.48845672607422,43.69867706298828,67.6910171508789
20121109,72.01234436035156,58.73782730102539,81.6552505493164
20121110,54.08273696899414,48.52463912963867,58.46293640136719
20121111,51.65797424316406,51.498966217041016,42.95522689819336
20121112,108.3355484008789,91.3863754272461,110.87310791015625
20121113,61.272926330566406,68.71986389160156,57.31915283203125
20121114,56.916969299316406,90.7868423461914,25.241731643676758
20121115,96.56777954101562,110.85698699951172,87.59906768798828
20121116,98.02496337890625,128.05113220214844,78.70011138916016
20121117,110.41893005371094,118.54666900634766,127.13095092773438
20121118,79.13984680175781,101.43802642822266,75.20829010009766
20121119,116.35051727294922,102.3462142944336,125.20471954345703
20121120,135.60218811035156,108.14783477783203,173.96865844726562
20121121,116.17536163330078,125.2083969116211,114.87977600097656
20121122,121.62774658203125,142.65103149414062,124.93429565429688
20121123,122.54585266113281,152.7108154296875,95.53192138671875
20121124,62.56029510498047,68.60450744628906,52.02084732055664
20121125,50.73954772949219,43.357173919677734,48.21888732910156
20121126,110.5606689453125,118.69883728027344,91.93466186523438
20121127,67.26025390625,50.2899169921875,69.91126251220703
20121128,55.39410400390625,95.72090911865234,24.56636619567871
20121129,56.9495849609375,75.69905853271484,36.83195114135742
20121130,68.23002624511719,88.42601013183594,51.06186294555664
20121201,36.50212478637695,42.45472717285156,35.411434173583984
20121202,73.61261749267578,66.71456909179688,77.90515899658203
20121203,67.43140411376953,84.02980041503906,63.08024215698242
20121204,101.98326873779297,105.43488311767578,100.50640869140625
20121205,84.93763732910156,103.08405303955078,79.84069061279297
20121206,39.543968200683594,48.51968765258789,35.411434173583984
20121207,107.20284271240234,135.37228393554688,77.25685119628906
20121208,61.2304573059082,61.04198455810547,61.09804916381836
20121209,21.23440933227539,42.33809280395508,11.771384239196777
20121210,59.91724395751953,51.199554443359375,64.0582275390625
20121211,107.62855529785156,71.53150939941406,119.32868957519531
20121212,108.60877227783203,123.74224090576172,103.2132568359375
20121213,95.92377471923828,82.87804412841797,95.71634674072266
20121214,104.71763610839844,125.27436065673828,81.27092742919922
20121215,57.11323547363281,53.94072723388672,59.989192962646484
20121216,57.554264068603516,51.00187301635742,53.17574691772461
20121217,87.63406372070312,96.10075378417969,72.87046813964844
20121218,80.30467224121094,136.0977325439453,33.38792419433594
20121219,102.01748657226562,125.63368225097656,89.8207778930664
20121220,82.29981994628906,54.697662353515625,91.24650573730469
20121221,77.03646087646484,55.85405731201172,87.35212707519531
20121222,60.71916198730469,53.806461334228516,61.709861755371094
20121223,67.74166870117188,94.54641723632812,45.06345748901367
20121224,89.38674926757812,146.77206420898438,34.97782516479492
20121225,105.3998794555664,180.1293487548828,25.040943145751953
20121226,55.93453598022461,61.958187103271484,41.3433952331543
20121227,61.99993133544922,61.80908966064453,66.28485107421875
20121228,103.94142150878906,126.14788055419922,90.18838500976562
20121229,46.18281936645508,75.33927154541016,13.964530944824219
20121230,68.85244750976562,76.2672348022461,63.61440658569336
20121231,49.50288009643555,49.35050582885742,54.88425827026367
20130101,116.83330535888672,137.02786254882812,102.86529541015625
20130102,82.32990264892578,67.59239196777344,88.59515380859375
20130103,78.42606353759766,119.1385269165039,43.47582244873047
20130104,80.4021224975586,112.21649932861328,46.79981994628906
20130105,55.04756164550781,83.93123626708984,26.925745010375977
20130106,21.65077018737793,28.778833389282227,12.002195358276367
20130107,83.806640625,123.12435913085938,66.02006530761719
20130108,84.62763977050781,96.41960144042969,67.01956176757812
20130109,70.40132904052734,132.98138427734375,24.6488037109375
20130110,54.5674934387207,57.59950256347656,48.04367446899414
20130111,94.95783996582031,101.94751739501953,91.10816955566406
20130112,84.41516876220703,110.27249908447266,77.45529174804688
20130113,55.9083137512207,69.67028045654297,46.4895133972168
20130114,77.53734588623047,128.8311309814453,42.983154296875
20130115,124.8553237915039,194.48594665527344,84.35465240478516
20130116,96.06802368164062,120.6021728515625,88.759521484375
20130117,125.95314025878906,131.84371948242188,136.15419006347656
20130118,146.60467529296875,187.9115447998047,168.34690856933594
20130119,106.30095672607422,137.47946166992188,119.44943237304688
20130120,106.42787170410156,159.15042114257812,110.62264251708984
20130121,121.64796447753906,130.6022491455078,155.62168884277344
20130122,151.14378356933594,175.7916259765625,181.53890991210938
20130123,116.95853424072266,90.26982879638672,144.31341552734375
20130124,98.55047607421875,95.07786560058594,105.7391128540039
20130125,124.61068725585938,124.22712707519531,120.88731384277344
20130126,65.71369934082031,107.20050811767578,34.7728157043457
20130127,69.59175872802734,111.00408172607422,46.294185638427734
20130128,121.24431610107422,138.13841247558594,108.01976013183594
20130129,37.03491973876953,41.02324676513672,34.217437744140625
20130130,90.16455841064453,70.34636688232422,97.79303741455078
20130131,53.66896438598633,17.83458709716797,79.337646484375
20130201,134.15383911132812,137.17015075683594,131.57546997070312
20130202,38.865867614746094,53.64863204956055,29.832172393798828
20130203,62.764442443847656,69.52360534667969,69.58746337890625
20130204,82.70536804199219,86.79031372070312,86.87002563476562
20130205,81.3898696899414,89.25328063964844,67.67822265625
20130206,92.0157699584961,122.31005096435547,76.51399230957031
20130207,75.93278503417969,126.16509246826172,36.83195114135742
20130208,91.72178649902344,126.60848236083984,58.66887664794922
20130209,80.94056701660156,125.5199966430664,59.82632827758789
20130210,105.04971313476562,139.63514709472656,69.88170623779297
20130211,98.34883880615234,169.3523712158203,29.738231658935547
20130212,91.13523864746094,102.705322265625,72.48694610595703
20130213,176.86680603027344,80.81442260742188,232.8612823486328
20130214,86.18997192382812,85.92466735839844,90.78156280517578
20130215,73.30233764648438,90.47592163085938,58.0506591796875
20130216,66.25135040283203,38.52766418457031,87.2259521484375
20130217,78.87065887451172,65.52323913574219,87.44457244873047
20130218,63.09653091430664,73.38603210449219,69.95565032958984
20130219,113.0272445678711,86.6764144897461,137.36370849609375
20130220,86.96478271484375,110.34176635742188,65.73994445800781
20130221,33.24657440185547,12.052450180053711,45.23820114135742
20130222,81.15421295166016,95.61431884765625,61.3475227355957
20130223,37.708736419677734,52.05138397216797,38.59199523925781
20130224,39.51373291015625,39.39210510253906,32.85690689086914
20130225,49.62648391723633,57.71935272216797,41.26597595214844
20130226,114.36246490478516,102.21625518798828,111.4918212890625
20130227,119.15711212158203,95.03227233886719,151.9270782470703
20130228,66.07115936279297,11.975960731506348,99.89134216308594
20130301,56.746341705322266,42.42875289916992,70.779541015625
20130302,31.03768539428711,22.503381729125977,32.84757614135742
20130303,40.56205368041992,40.437198638916016,44.97148895263672
20130304,45.37763977050781,54.285552978515625,52.82609939575195
20130305,85.88137817382812,73.38603210449219,88.41617584228516
20130306,89.93396759033203,52.29999923706055,112.17436981201172
20130307,89.28753662109375,94.94688415527344,89.0944595336914
20130308,92.39599609375,75.05389404296875,108.13135528564453
20130309,56.396759033203125,35.509368896484375,74.0457992553711
20130310,57.11323547363281,75.91658020019531,52.76826858520508
20130311,70.56848907470703,99.31944274902344,62.13166427612305
20130312,92.6003646850586,109.09994506835938,91.00012969970703
20130313,104.33283996582031,66.86466217041016,136.3308868408203
20130314,49.96774673461914,29.302318572998047,63.546669006347656
20130315,86.62572479248047,62.17853927612305,121.01376342773438
20130316,87.4698486328125,50.63261032104492,112.6202621459961
20130317,55.20946502685547,55.03952407836914,68.86259460449219
20130318,107.28964233398438,115.8726806640625,96.64925384521484
20130319,82.03292083740234,70.09750366210938,84.4541244506836
20130320,72.51012420654297,83.70065307617188,50.77426528930664
20130321,85.62372589111328,53.350101470947266,102.34828186035156
20130322,109.61961364746094,129.77261352539062,113.94017791748047
20130323,56.05021286010742,39.1143798828125,69.91126251220703
20130324,59.98613357543945,26.578439712524414,77.5916519165039
20130325,102.8192367553711,89.13282775878906,111.51837158203125
20130326,87.94427490234375,116.89810180664062,48.752281188964844
20130327,100.5026626586914,160.3092803955078,60.171199798583984
20130328,57.269142150878906,48.07819747924805,60.152950286865234
20130329,125.15999603271484,124.77474212646484,124.88934326171875
20130330,59.20585632324219,53.121253967285156,68.92413330078125
20130331,21.00994300842285,27.92702865600586,11.646950721740723
20130401,99.55804443359375,36.091487884521484,142.9933624267578
20130402,72.47573852539062,25.50093650817871,99.26139831542969
20130403,77.13086700439453,56.65833282470703,81.01481628417969
20130404,123.71868896484375,80.16960906982422,149.17013549804688
20130405,99.51920318603516,49.6064338684082,130.04095458984375
20130406,75.28562927246094,43.78144073486328,104.33726501464844
20130407,90.27962493896484,96.9249496459961,80.84497833251953
20130408,121.8519515991211,80.98458099365234,172.62557983398438
20130409,82.03292083740234,70.09750366210938,97.44706726074219
20130410,92.12703704833984,63.8911018371582,106.58297729492188
20130411,54.70295333862305,42.415775299072266,60.64962387084961
20130412,97.20853424072266,44.727378845214844,149.2281951904297
20130413,78.52442932128906,52.1884880065918,101.57081604003906
20130414,37.35978698730469,0.0,62.13166427612305
20130415,105.3128433227539,76.35540771484375,111.45391082763672
20130416,108.67475128173828,144.45367431640625,113.79481506347656
20130417,153.71543884277344,245.18765258789062,70.3005599975586
20130418,82.49689483642578,88.56934356689453,84.42923736572266
20130419,91.2050552368164,50.91762161254883,115.2765884399414
20130420,94.73210144042969,91.39403533935547,91.47798919677734
20130421,65.20802307128906,65.00730895996094,86.75602722167969
20130422,165.16957092285156,137.2176513671875,160.2342987060547
20130423,153.32225036621094,152.85031127929688,134.20237731933594
20130424,104.45033264160156,111.56658935546875,93.05755615234375
20130425,76.640380859375,124.51100158691406,61.36854934692383
20130426,98.46273040771484,91.14825439453125,99.4194564819336
20130427,69.98382568359375,75.58243560791016,67.8927001953125
20130428,80.14276123046875,106.52810668945312,44.4274787902832
20130429,89.40803527832031,98.04611206054688,66.91102600097656
20130430,74.62605285644531,90.92887115478516,55.159027099609375
20130501,68.93204498291016,76.35540771484375,63.68794631958008
20130502,70.48016357421875,76.6507797241211,74.59004211425781
20130503,82.29981994628906,136.74415588378906,28.5145320892334
20130504,56.625091552734375,81.54003143310547,36.6220817565918
20130505,61.98151779174805,68.65636444091797,57.26618957519531
20130506,88.39717102050781,139.14486694335938,61.898963928222656
20130507,83.02174377441406,99.31944274902344,82.84222412109375
20130508,84.93763732910156,46.18701171875,102.7320785522461
20130509,65.07382202148438,80.3196029663086,51.534217834472656
20130510,61.07770919799805,71.63495635986328,41.825439453125
20130511,71.02417755126953,73.63778686523438,61.42118453979492
20130512,48.81678771972656,69.52360534667969,23.195819854736328
20130513,78.7603530883789,110.84883117675781,53.93434143066406
20130514,86.73805236816406,74.11805725097656,89.29812622070312
20130515,44.513790130615234,59.169029235839844,30.845508575439453
20130516,89.78886413574219,121.48123168945312,74.6622543334961
20130517,105.79786682128906,138.20497131347656,97.07501983642578
20130518,45.92814636230469,57.23347091674805,47.73836898803711
20130519,103.51773834228516,90.2992172241211,118.35758209228516
20130520,123.02521514892578,154.4437713623047,106.08818054199219
20130521,95.35551452636719,90.92887115478516,117.21292114257812
20130522,76.76866149902344,76.53236389160156,70.21910095214844
20130523,100.92051696777344,136.11924743652344,74.0457992553711
20130524,104.98847961425781,158.80255126953125,54.18696212768555
20130525,99.09390258789062,129.83682250976562,84.75396728515625
20130526,32.66831970214844,52.10842514038086,32.597679138183594
20130527,126.3936767578125,126.00462341308594,140.1337432861328
20130528,157.53294372558594,139.5982666015625,189.21295166015625
20130529,108.14913177490234,95.8366470336914,139.89015197753906
20130530,95.18872833251953,94.8957290649414,89.70606231689453
20130531,67.14663696289062,59.5021858215332,80.64988708496094
20130601,64.05517578125,42.57200622558594,81.16401672363281
20130602,51.15934371948242,51.00187301635742,42.54059982299805
20130603,62.92530059814453,53.76995086669922,59.79927062988281
20130604,110.1469497680664,73.20527648925781,128.9053497314453
20130605,58.66412353515625,38.989036560058594,65.04141235351562
20130606,80.57597351074219,101.15371704101562,69.48297882080078
20130607,156.52792358398438,188.70693969726562,145.29251098632812
20130608,78.29705047607422,90.0646743774414,70.11463928222656
20130609,87.5271987915039,93.96991729736328,67.18301391601562
20130610,97.70214080810547,120.59220886230469,77.37370300292969
20130611,126.30946350097656,146.23046875,94.8660659790039
20130612,80.8882827758789,76.79933166503906,70.46405029296875
20130613,82.10367584228516,132.2207794189453,68.27178192138672
20130614,79.86274719238281,62.308895111083984,86.61962127685547
20130615,98.6066665649414,98.30314636230469,107.61782836914062
20130616,90.09075164794922,69.08726501464844,115.25120544433594
20130617,149.29881286621094,102.32699584960938,178.46080017089844
20130618,124.2212905883789,99.07113647460938,130.83892822265625
20130619,116.4417724609375,136.0977325439453,113.51895141601562
20130620,91.31602478027344,94.17408752441406,89.02388763427734
20130621,73.69450378417969,95.5079574584961,61.2792854309082
20130622,42.50514602661133,33.89944839477539,47.12581253051758
20130623,41.06488800048828,40.9384880065918,34.1467399597168
20130624,89.89329528808594,125.46322631835938,52.32435989379883
20130625,85.92912292480469,94.23108673095703,71.4527587890625
20130626,96.83511352539062,104.58179473876953,80.52143096923828
20130627,39.08634567260742,32.4716911315918,43.33536148071289
20130628,39.43532943725586,42.887939453125,41.73490905761719
20130629,15.581221580505371,12.42660903930664,15.547528266906738
20130630,66.65126037597656,106.31375885009766,33.25356674194336
20130701,71.90812683105469,114.6988525390625,39.862571716308594
20130702,107.83097839355469,77.39933013916016,129.11737060546875
20130703,84.93763732910156,48.38639450073242,114.3505859375
20130704,77.55175018310547,58.905174255371094,79.84069061279297
20130705,67.95011138916016,33.87047576904297,91.8167953491211
20130706,43.504642486572266,37.17491149902344,41.3433952331543
20130707,68.53588104248047,30.36663246154785,88.65069580078125
20130708,87.94427490234375,87.67357635498047,81.25379943847656
20130709,98.94683074951172,111.50863647460938,78.70011138916016
20130710,87.17283630371094,104.28540802001953,65.23825073242188
20130711,77.26105499267578,70.6046371459961,80.30623626708984
20130712,75.10594940185547,102.460205078125,39.4439697265625
20130713,54.833152770996094,57.87992858886719,59.005924224853516
20130714,93.21077728271484,71.47990417480469,119.24259185791016
20130715,125.8574447631836,110.41363525390625,117.21292114257812
20130716,100.76251220703125,75.33927154541016,111.71624755859375
20130717,117.40746307373047,108.68563842773438,118.54826354980469
20130718,55.372318267822266,25.97735595703125,81.25379943847656
20130719,83.66990661621094,98.5782470703125,75.8990707397461
20130720,49.81304931640625,55.8671875,56.95402526855469
20130721,43.77842712402344,0.0,72.80626678466797
20130722,78.05756378173828,77.81729125976562,64.90730285644531
20130723,74.88516998291016,105.39482879638672,58.60646057128906
20130724,49.37989044189453,65.63719177246094,41.0609245300293
20130725,54.64029312133789,68.09012603759766,39.7557258605957
20130726,87.67440795898438,68.40354919433594,95.09219360351562
20130727,34.90253448486328,44.284671783447266,26.38413429260254
20130728,88.13927459716797,146.4466094970703,61.075469970703125
20130729,101.85054779052734,135.38272094726562,56.461280822753906
20130730,96.21566009521484,82.21671295166016,106.67511749267578
20130731,50.381256103515625,58.59721374511719,34.91132736206055
20130801,45.96228790283203,65.45829772949219,27.29934310913086
20130802,43.63861846923828,31.63948631286621,52.78091049194336
20130803,65.75039672851562,87.39735412597656,57.277015686035156
20130804,54.98038101196289,95.91950225830078,34.288429260253906
20130805,85.84397888183594,70.4774398803711,92.37665557861328
20130806,65.87492370605469,93.81736755371094,62.602359771728516
20130807,128.6837158203125,182.08563232421875,131.16685485839844
20130808,95.32569122314453,88.24424743652344,101.91381072998047
20130809,81.24469757080078,117.81034851074219,67.55751037597656
20130810,73.39986419677734,95.44425201416016,58.380619049072266
20130811,21.698041915893555,28.841670989990234,24.05680274963379
20130812,84.8097152709961,99.4690170288086,82.96698760986328
20130813,78.55891418457031,78.31710052490234,65.3241958618164
20130814,42.36020278930664,33.78384780883789,42.26860046386719
20130815,75.8603286743164,63.02235412597656,84.10698699951172
20130816,48.60426712036133,74.54562377929688,49.742733001708984
20130817,74.04183959960938,77.02323913574219,58.891239166259766
20130818,99.68375396728516,107.02128601074219,102.01866149902344
20130819,113.08908081054688,159.71640014648438,62.691410064697266
20130820,96.34892272949219,73.1827392578125,99.19265747070312
20130821,62.34443283081055,82.87004852294922,55.29743957519531
20130822,58.66005325317383,75.6793441772461,45.90839767456055
20130823,98.12107849121094,164.3360137939453,52.218082427978516
20130824,86.91868591308594,109.11624908447266,80.30623626708984
20130825,69.59175872802734,83.25305938720703,46.294185638427734
20130826,110.09980010986328,133.62196350097656,71.64894104003906
20130827,154.7476806640625,202.4811553955078,112.59285736083984
20130828,140.363037109375,159.92112731933594,120.05101013183594
20130829,187.63999938964844,179.8677215576172,198.03622436523438
20130830,122.40435028076172,114.4008560180664,120.86737060546875
20130831,187.61988830566406,208.5062713623047,184.14511108398438
20130901,108.71361541748047,140.25515747070312,63.81089782714844
20130902,104.6073989868164,46.34907150268555,144.97389221191406
20130903,105.57984924316406,96.48362731933594,124.37335205078125
20130904,50.25387191772461,66.79891967773438,41.78767013549805
20130905,89.52886199951172,82.87804412841797,85.0811996459961
20130906,126.0838851928711,129.5047607421875,114.37386322021484
20130907,59.55815124511719,79.16643524169922,42.44954299926758
20130908,66.25135040283203,48.03449249267578,70.11463928222656
20130909,111.56315612792969,153.99659729003906,64.22418212890625
20130910,66.75199127197266,74.86483764648438,62.444671630859375
20130911,110.54598236083984,98.80512237548828,139.4685516357422
20130912,76.2971420288086,95.07786560058594,74.01737976074219
20130913,95.27296447753906,116.89810180664062,79.22245788574219
20130914,77.73173522949219,41.726715087890625,99.4405746459961
20130915,64.95230865478516,70.63896179199219,78.55982208251953
20130916,127.75743865966797,109.16929626464844,128.99879455566406
20130917,112.64398956298828,91.50147247314453,111.01274108886719
20130918,83.11102294921875,102.58262634277344,59.23664093017578
20130919,58.43898391723633,30.662687301635742,76.72712707519531
20130920,90.80135345458984,73.758544921875,100.6722183227539
20130921,66.02171325683594,74.40351104736328,62.05987548828125
20130922,81.12410736083984,121.31159210205078,56.21436309814453
20130923,164.7133026123047,228.06431579589844,152.18252563476562
20130924,174.1165771484375,216.97576904296875,130.30503845214844
20130925,124.926513671875,104.4545669555664,127.337158203125
20130926,129.27093505859375,109.54206848144531,145.1153106689453
20130927,131.36656188964844,84.94845581054688,171.23388671875
20130928,91.36085510253906,82.26547241210938,102.9262924194336
20130929,76.55093383789062,55.50204086303711,92.58837127685547
20130930,116.45745849609375,94.59918212890625,143.46372985839844
20131001,132.81521606445312,147.98361206054688,116.93648529052734
20131002,65.55722045898438,53.822113037109375,76.95936584472656
20131003,40.20857238769531,43.168251037597656,51.43798065185547
20131004,102.0298080444336,128.83995056152344,73.52884674072266
20131005,35.843833923339844,41.6890869140625,29.80527114868164
20131006,98.58832550048828,91.73253631591797,87.44457244873047
20131007,125.08997344970703,203.2228546142578,53.93434143066406
20131008,93.82888793945312,138.27662658691406,67.84491729736328
20131009,87.7754135131836,53.26405334472656,107.89530944824219
20131010,57.74200439453125,54.53457260131836,70.75789642333984
20131011,66.39112091064453,55.73622131347656,69.7342758178711
20131012,39.21983337402344,54.137229919433594,20.069244384765625
20131013,20.28102684020996,26.958131790161133,22.48574447631836
20131014,85.28290557861328,80.54563903808594,89.57735443115234
20131015,102.45054626464844,119.15772247314453,70.99236297607422
20131016,66.40760803222656,31.154447555541992,84.4541244506836
20131017,63.642032623291016,63.446136474609375,68.79644775390625
20131018,72.72377014160156,57.999935150146484,78.61371612548828
20131019,60.11345291137695,44.157779693603516,73.66390228271484
20131020,51.86016082763672,51.70052719116211,43.123348236083984
20131021,133.9811248779297,119.75125885009766,145.98486328125
20131022,70.64717864990234,93.90628814697266,45.69082260131836
20131023,88.33514404296875,96.06898498535156,80.13101959228516
20131024,60.84307861328125,40.437198638916016,73.07867431640625
20131025,50.8508186340332,57.93634033203125,36.243473052978516
20131026,57.954681396484375,42.57200622558594,60.873016357421875
20131027,62.501277923583984,96.9249496459961,34.64784622192383
20131028,73.30716705322266,100.48709106445312,45.7179069519043
20131029,65.83985137939453,82.04649353027344,41.0609245300293
20131030,88.22819519042969,111.94478607177734,93.37300872802734
20131031,60.22850036621094,106.74331665039062,11.129308700561523
20131101,64.67051696777344,64.4714584350586,59.75062561035156
20131102,65.01300811767578,104.93516540527344,30.891630172729492
20131103,69.80506896972656,88.56934356689453,63.32192611694336
20131104,55.28624725341797,36.744049072265625,61.296329498291016
20131105,59.7628173828125,68.09012603759766,42.595420837402344
20131106,76.10494232177734,55.90471267700195,79.9372329711914
20131107,53.581016540527344,56.55821228027344,57.65850067138672
20131108,120.52340698242188,43.69179153442383,163.9947052001953
20131109,104.88341522216797,92.9427261352539,106.59469604492188
20131110,35.016571044921875,13.96351432800293,58.2347526550293
20131111,91.38117980957031,72.87992095947266,91.1835708618164
20131112,88.01508331298828,23.930227279663086,126.4144287109375
20131113,45.27427291870117,22.56745719909668,56.470462799072266
20131114,99.47650909423828,79.33625030517578,110.29043579101562
20131115,92.94522094726562,51.88911056518555,129.84193420410156
20131116,29.789278030395508,29.69758415222168,34.67900466918945
20131117,47.71187973022461,54.36001968383789,45.34162521362305
20131118,83.27684020996094,46.12250518798828,100.02388000488281
20131119,94.15567016601562,85.33258819580078,85.41097259521484
20131120,81.33536529541016,58.970916748046875,98.37513732910156
20131121,62.14948654174805,43.370731353759766,77.51886749267578
20131122,76.55093383789062,55.50204086303711,81.01481628417969
20131123,55.945587158203125,23.483530044555664,78.35033416748047
20131124,58.919185638427734,39.15855026245117,76.2115707397461
20131125,164.51678466796875,17.730854034423828,273.6017150878906
20131126,186.73788452148438,97.12857055664062,243.04446411132812
20131127,67.51730346679688,42.068424224853516,91.23197174072266
20131128,57.798343658447266,21.607664108276367,78.0993423461914
20131129,76.10494232177734,55.90471267700195,79.9372329711914
20131130,38.25872039794922,19.070478439331055,58.32442855834961
20131201,14.309146881103516,0.0,23.797008514404297
20131202,37.750057220458984,9.408465385437012,54.93312454223633
20131203,81.95154571533203,94.59918212890625,64.55868530273438
20131204,99.29759216308594,95.03227233886719,112.2939224243164
20131205,44.54942321777344,31.723068237304688,58.21237564086914
20131206,49.9202880859375,56.87614440917969,41.510284423828125
20131207,44.54942321777344,44.41229248046875,37.04423904418945
20131208,82.18202209472656,88.23129272460938,63.08024215698242
20131209,65.89988708496094,35.038421630859375,80.3701400756836
20131210,61.11748123168945,56.86740493774414,60.98532485961914
20131211,67.5223617553711,15.838711738586426,99.08287811279297
20131212,57.636253356933594,42.33809280395508,65.58342742919922
20131213,45.2227668762207,15.027854919433594,62.673580169677734
20131214,54.886600494384766,51.498966217041016,53.69403076171875
20131215,33.73286819458008,40.35484313964844,33.6599235534668
20131216,41.46468734741211,0.0,68.9583740234375
20131217,116.00431060791016,137.0634002685547,92.88858032226562
20131218,112.78604125976562,124.93207550048828,97.2586441040039
20131219,67.32860565185547,80.54563903808594,61.58443069458008
20131220,106.17205047607422,70.56349182128906,147.14230346679688
20131221,64.15778350830078,67.32662963867188,50.541351318359375
20131222,71.08514404296875,70.8663330078125,82.75333404541016
20131223,47.473106384277344,42.068424224853516,43.86152648925781
20131224,75.74468994140625,80.54563903808594,75.58089447021484
20131225,92.75189971923828,158.51382446289062,44.07206344604492
20131226,104.82809448242188,135.8570556640625,61.01749038696289
20131227,115.08920288085938,99.76952362060547,124.82646179199219
20131228,86.04071807861328,128.663818359375,64.39099884033203
20131229,45.690589904785156,60.7332649230957,25.32876968383789
20131230,68.65425109863281,34.22146224975586,104.66162872314453
20131231,121.707763671875,158.26060485839844,79.20298767089844
20140101,112.1636962890625,178.90951538085938,37.30704879760742
20140102,82.12977600097656,90.97441101074219,68.2934799194336
20140103,117.95494079589844,97.99321746826172,130.7776336669922
20140104,32.2652702331543,57.18391799926758,17.886388778686523
20140105,65.5233154296875,101.6114273071289,36.32312774658203
20140106,103.51773834228516,137.5988006591797,65.58342742919922
20140107,91.53147888183594,165.11856079101562,21.746082305908203
20140108,93.82888793945312,154.54446411132812,47.4914436340332
20140109,61.47032928466797,74.8991470336914,51.114501953125
20140110,96.66303253173828,96.36549377441406,92.7442398071289
20140111,42.08343505859375,47.94731521606445,39.992794036865234
20140112,7.06304407119751,14.08260726928711,11.746285438537598
20140113,108.96604919433594,121.66630554199219,101.4817123413086
20140114,91.65206909179688,78.31710052490234,101.61541748046875
20140115,87.80299377441406,79.57521057128906,86.2856674194336
20140116,60.78105545043945,47.12864303588867,61.772769927978516
20140117,64.95230865478516,76.17926788330078,76.2492446899414
20140118,63.125152587890625,59.93414306640625,59.989192962646484
20140119,81.51732635498047,103.42996978759766,61.62200927734375
20140120,85.71331787109375,110.58168029785156,50.310569763183594
20140121,125.08997344970703,129.32363891601562,100.16377258300781
20140122,81.95154571533203,77.39933013916016,71.73186492919922
20140123,61.2178840637207,54.2484016418457,67.8727798461914
20140124,106.38368225097656,73.14222717285156,122.01567840576172
20140125,62.09123992919922,74.28014373779297,61.956974029541016
20140126,91.62421417236328,84.31585693359375,93.77033996582031
20140127,105.46525573730469,143.3735809326172,71.75263214111328
20140128,64.61444854736328,42.94371032714844,78.80245208740234
20140129,66.80148315429688,47.00884246826172,78.42003631591797
20140130,45.55594253540039,32.439796447753906,59.527584075927734
20140131,75.71583557128906,37.74138641357422,94.44012451171875
20140201,36.704349517822266,18.295684814453125,45.781227111816406
20140202,65.66764068603516,87.28734588623047,60.6718864440918
20140203,156.57630920410156,87.8030776977539,187.15977478027344
20140204,51.89400863647461,86.22379302978516,28.767663955688477
20140205,91.35379028320312,87.11290740966797,85.87181854248047
20140206,43.71916961669922,26.821290969848633,61.52191162109375
20140207,60.6419677734375,52.89839553833008,63.032127380371094
20140208,43.261146545410156,36.96684265136719,41.111995697021484
20140209,71.87030792236328,78.16263580322266,76.06124877929688
20140210,55.363250732421875,73.59044647216797,30.69084930419922
20140211,77.70220184326172,81.54003143310547,68.01244354248047
20140212,59.721771240234375,31.753570556640625,72.83544158935547
20140213,68.08977508544922,61.09217071533203,62.280662536621094
20140214,61.67979049682617,50.638771057128906,66.37358093261719
20140215,68.51533508300781,59.39516830444336,69.3580093383789
20140216,50.76731872558594,37.958290100097656,63.32192611694336
20140217,84.3966293334961,63.102638244628906,87.72305297851562
20140218,95.13902282714844,86.22379302978516,93.49490356445312
20140219,85.04147338867188,56.51980209350586,94.28619384765625
20140220,115.87171173095703,81.54003143310547,153.02798461914062
20140221,116.56026458740234,74.96870422363281,156.3282470703125
20140222,28.930723190307617,11.53666877746582,38.490882873535156
20140223,38.51823043823242,51.199554443359375,42.70548629760742
20140224,69.3731460571289,77.80455780029297,50.47520065307617
20140225,61.5718879699707,90.02747344970703,40.959163665771484
20140226,71.66613006591797,39.69196319580078,86.0782470703125
20140227,65.92174530029297,72.29071807861328,54.81599426269531
20140228,70.87701416015625,59.5021858215332,86.85372161865234
20140301,101.96997833251953,75.51596069335938,121.13034057617188
20140302,133.57127380371094,79.89608001708984,177.7099151611328
20140303,180.03085327148438,188.45054626464844,232.03701782226562
20140304,213.0656280517578,112.21649932861328,267.42755126953125
20140305,213.84420776367188,64.3580322265625,322.0857238769531
20140306,142.98854064941406,61.09217071533203,186.84197998046875
20140307,165.26113891601562,131.8019561767578,189.33396911621094
20140308,52.7281379699707,30.921077728271484,61.898963928222656
20140309,102.8747787475586,27.348831176757812,148.27557373046875
20140310,118.64496612548828,56.774288177490234,149.9586639404297
20140311,115.1427230834961,97.12857055664062,132.5697021484375
20140312,124.26982879638672,100.658447265625,142.08460998535156
20140313,84.93763732910156,58.62197494506836,92.3600845336914
20140314,103.85346984863281,78.54288482666016,142.93641662597656
20140315,97.6978530883789,66.96052551269531,111.70338439941406
20140316,107.94518280029297,94.16130065917969,100.97977447509766
20140317,135.20684814453125,101.09300231933594,175.66989135742188
20140318,194.0785369873047,35.17838668823242,300.7580871582031
20140319,153.06887817382812,93.90628814697266,189.29054260253906
20140320,97.96873474121094,54.93778610229492,117.10459899902344
20140321,117.64946746826172,80.63504028320312,134.51516723632812
20140322,74.87720489501953,5.971738338470459,124.52548217773438
20140323,84.60388946533203,64.87959289550781,108.23197937011719
20140324,122.18487548828125,117.29734802246094,135.4674072265625
20140325,140.58642578125,52.55763626098633,197.27215576171875
20140326,108.48175048828125,108.14783477783203,122.42239379882812
20140327,87.17283630371094,45.06159591674805,112.7574691772461
20140328,112.1636962890625,82.00019073486328,136.79251098632812
20140329,73.02838897705078,58.242881774902344,82.58653259277344
20140330,59.98613357543945,66.44610595703125,44.33808898925781
20140331,85.81781768798828,34.22146224975586,114.17632293701172
20140401,120.92815399169922,86.11138153076172,129.28570556640625
20140402,94.74890899658203,58.12754821777344,109.0892562866211
20140403,63.2974739074707,56.09123611450195,58.482032775878906
20140404,59.551780700683594,96.47376251220703,30.949481964111328
20140405,60.44831085205078,48.209800720214844,60.31760025024414
20140406,19.485692977905273,12.95047664642334,21.603952407836914
20140407,56.96214294433594,43.682159423828125,65.58342742919922
20140408,115.93987274169922,66.04742431640625,137.72518920898438
20140409,142.43226623535156,81.13934326171875,189.49903869628906
20140410,85.1054916381836,52.21140670776367,108.87366485595703
20140411,52.940582275390625,37.69830322265625,62.88821792602539
20140412,62.67866897583008,43.74001693725586,67.75505828857422
20140413,46.283382415771484,26.36623764038086,65.97614288330078
20140414,125.00255584716797,62.308895111083984,170.76438903808594
20140415,129.5658721923828,60.27796173095703,172.38095092773438
20140416,143.8509521484375,119.50679779052734,172.7794952392578
20140417,82.81419372558594,55.03952407836914,114.77099609375
20140418,95.13902282714844,43.11189651489258,129.45449829101562
20140419,53.1260871887207,18.692668914794922,72.76048278808594
20140420,69.01182556152344,27.51976203918457,91.8167953491211
20140421,89.93396759033203,99.6190414428711,66.47370147705078
20140422,135.49290466308594,121.10247039794922,124.3217544555664
20140423,114.79195404052734,65.39349365234375,149.9977264404297
20140424,66.78563690185547,39.94804000854492,88.8549575805664
20140425,125.74397277832031,94.01768493652344,150.30506896972656
20140426,65.6263427734375,31.154447555541992,88.35201263427734
20140427,81.62384796142578,67.81049346923828,101.80917358398438
20140428,116.31206512451172,46.381622314453125,170.22215270996094
20140429,125.793701171875,83.60433959960938,167.3622589111328
20140430,182.05270385742188,94.691650390625,230.36473083496094
20140501,79.18489074707031,52.62743377685547,104.25413513183594
20140502,92.11811828613281,44.080596923828125,134.81442260742188
20140503,93.72142791748047,115.98572540283203,96.74354553222656
20140504,91.11188507080078,103.8073501586914,119.05516815185547
20140505,63.878719329833984,45.487205505371094,75.88164520263672
20140506,111.76004791259766,124.78595733642578,126.38749694824219
20140507,80.20745086669922,23.988168716430664,113.38150787353516
20140508,121.40300750732422,55.32768630981445,167.2892303466797
20140509,119.73136138916016,137.44808959960938,102.57736206054688
20140510,50.381256103515625,56.504451751708984,47.13029098510742
20140511,94.45203399658203,94.16130065917969,112.19974517822266
20140512,93.84044647216797,74.84127807617188,93.63752746582031
20140513,114.07518005371094,78.73202514648438,131.340576171875
20140514,113.31475067138672,105.43488311767578,119.35136413574219
20140515,60.22850036621094,66.71456909179688,50.081886291503906
20140516,79.4108657836914,82.93626403808594,100.62113952636719
20140517,40.28379821777344,37.07058334350586,51.534217834472656
20140518,67.60342407226562,53.916263580322266,101.18585205078125
20140519,56.4642219543457,103.19910430908203,23.47588539123535
20140520,77.7395248413086,34.444549560546875,107.73809051513672
20140521,94.7530746459961,113.35370635986328,88.2449722290039
20140522,58.45708084106445,64.75238037109375,48.60889434814453
20140523,110.1740951538086,139.12429809570312,103.82830810546875
20140524,66.56834411621094,56.88294982910156,68.53311157226562
20140525,111.29180908203125,117.47565460205078,108.87366485595703
20140526,43.230899810791016,32.32337188720703,44.934810638427734
20140527,68.70510864257812,68.49362182617188,57.13044738769531
20140528,96.48255157470703,64.12371826171875,113.65670776367188
20140529,114.96981048583984,114.61592864990234,119.50125122070312
20140530,64.87747955322266,38.045753479003906,82.5081787109375
20140531,48.314571380615234,54.186580657958984,45.19696044921875
20140601,34.79587936401367,55.50204086303711,11.573546409606934
20140602,57.27783203125,38.06768035888672,79.38050842285156
20140603,84.3966293334961,109.3779067993164,70.1784439086914
20140604,76.4748306274414,88.2772445678711,60.24431228637695
20140605,107.98065185546875,138.9010009765625,75.3071517944336
20140606,52.97283172607422,49.28912353515625,46.98514175415039
20140607,23.87436294555664,17.850656509399414,24.815349578857422
20140608,69.8853988647461,55.73622131347656,81.35665130615234
20140609,75.93278503417969,75.69905853271484,63.1404914855957
20140610,114.51898193359375,126.85164642333984,84.64544677734375
20140611,130.0640106201172,153.97560119628906,114.91181182861328
20140612,87.9742202758789,107.94268035888672,84.40767669677734
20140613,99.44561767578125,102.55811309814453,91.24650573730469
20140614,74.20626831054688,118.36457061767578,34.554710388183594
20140615,65.59539794921875,78.4721908569336,87.27140808105469
20140616,135.30911254882812,159.87274169921875,108.34659576416016
20140617,207.0354766845703,228.35545349121094,205.12261962890625
20140618,144.5634307861328,189.41281127929688,123.64356231689453
20140619,104.74522399902344,110.9492416381836,97.98629760742188
20140620,143.6958465576172,158.33287048339844,188.66464233398438
20140621,89.03101348876953,85.69638061523438,91.90188598632812
20140622,102.8747787475586,54.697662353515625,148.27557373046875
20140623,129.00125122070312,101.04613494873047,137.916748046875
20140624,155.02163696289062,146.41055297851562,162.82781982421875
20140625,94.64479064941406,125.80462646484375,98.37513732910156
20140626,95.01924896240234,84.92745208740234,103.53228759765625
20140627,136.6387939453125,125.17349243164062,159.68138122558594
20140628,76.96761322021484,88.5354232788086,68.92413330078125
20140629,91.17159271240234,75.74246215820312,101.08270263671875
20140630,84.09903717041016,111.78690338134766,77.70109558105469
20140701,127.72338104248047,106.79310607910156,143.89199829101562
20140702,134.72164916992188,118.50614166259766,138.38417053222656
20140703,93.11001586914062,99.96367645263672,83.37957763671875
20140704,92.0157699584961,45.866268157958984,122.42239379882812
20140705,73.1883316040039,95.16919708251953,47.62831115722656
20140706,90.96295928955078,30.22765350341797,126.06425476074219
20140707,124.0274887084961,175.16477966308594,120.32154083251953
20140708,114.51898193359375,143.7652130126953,112.860595703125
20140709,109.20553588867188,96.77278900146484,147.9831085205078
20140710,75.13040161132812,68.09012603759766,68.15267181396484
20140711,116.42811584472656,82.3720703125,137.4128875732422
20140712,57.9457893371582,89.86044311523438,32.122493743896484
20140713,123.22461700439453,115.61912536621094,144.6566619873047
20140714,151.0289306640625,200.75205993652344,150.70233154296875
20140715,97.30403137207031,67.48140716552734,133.67962646484375
20140716,160.0869140625,130.9490509033203,184.3162384033203
20140717,147.45384216308594,143.58135986328125,165.38429260253906
20140718,207.27992248535156,241.7320098876953,273.1739196777344
20140719,173.84658813476562,144.95140075683594,231.29421997070312
20140720,116.2304458618164,115.8726806640625,157.05503845214844
20140721,203.44903564453125,93.61052703857422,286.2948913574219
20140722,208.98077392578125,106.38511657714844,303.1802978515625
20140723,217.15283203125,102.33808135986328,308.6094970703125
20140724,119.6003646850586,101.16673278808594,126.57456970214844
20140725,180.27578735351562,127.30229187011719,212.36537170410156
20140726,131.2224884033203,63.81393814086914,170.32679748535156
20140727,110.41893005371094,146.77206420898438,110.1801528930664
20140728,149.43914794921875,158.91110229492188,165.6844482421875
20140729,169.99307250976562,164.88954162597656,175.73809814453125
20140730,202.2324676513672,112.9015884399414,269.0602111816406
20140731,141.76959228515625,103.41455078125,166.76536560058594
20140801,151.29515075683594,142.8910675048828,152.29226684570312
20140802,47.034427642822266,46.889652252197266,55.872291564941406
20140803,36.16340255737305,43.262508392333984,48.11360549926758
20140804,155.696044921875,192.68292236328125,151.7878875732422
20140805,172.57949829101562,210.28125,151.477783203125
20140806,159.5406494140625,125.56544494628906,195.50344848632812
20140807,177.72909545898438,128.17422485351562,226.39756774902344
20140808,212.3964385986328,105.87133026123047,285.3000183105469
20140809,142.10252380371094,119.6283187866211,157.55026245117188
20140810,117.51902770996094,87.86797332763672,158.79623413085938
20140811,206.7042236328125,158.51382446289062,246.80352783203125
20140812,150.57125854492188,131.3443145751953,187.8070831298828
20140813,165.8466033935547,95.72090911865234,210.4890899658203
20140814,106.74224090576172,56.75396728515625,136.09793090820312
20140815,131.8223419189453,84.78488159179688,155.58172607421875
20140816,83.90495300292969,40.15040969848633,117.21292114257812
20140817,79.55948638916016,57.68334197998047,84.19880676269531
20140818,115.86087036132812,73.50270080566406,140.1337432861328
20140819,216.1544952392578,140.0679473876953,260.62188720703125
20140820,123.02521514892578,145.3588409423828,113.66590118408203
20140821,153.53732299804688,214.29058837890625,127.67109680175781
20140822,109.5760269165039,92.43278503417969,126.16048431396484
20140823,108.71361541748047,82.87804412841797,132.9393768310547
20140824,66.78563690185547,39.94804000854492,77.74809265136719
20140825,167.60015869140625,167.08425903320312,139.36477661132812
20140826,118.14370727539062,81.54003143310547,136.02488708496094
20140827,143.0821075439453,138.3192138671875,165.8470916748047
20140828,97.53470611572266,72.02554321289062,120.15283203125
20140829,157.33633422851562,84.78488159179688,219.2288055419922
20140830,127.5322265625,78.23979187011719,179.46421813964844
20140831,103.73385620117188,96.5202407836914,115.0105972290039
20140901,227.84857177734375,139.7829132080078,310.91400146484375
20140902,219.2826690673828,139.5368194580078,294.8482971191406
20140903,184.26419067382812,133.59783935546875,215.90293884277344
20140904,219.8441925048828,133.7293243408203,297.44921875
20140905,117.66925048828125,85.31422424316406,142.3209686279297
20140906,101.83300018310547,95.54781341552734,124.52548217773438
20140907,78.72647094726562,84.5213851928711,80.57049560546875
20140908,147.0210418701172,128.2474365234375,160.45652770996094
20140909,110.5606689453125,118.69883728027344,99.00655364990234
20140910,131.67970275878906,155.88833618164062,116.33929443359375
20140911,118.18185424804688,76.23522186279297,156.07891845703125
20140912,168.17050170898438,171.5517578125,175.61180114746094
20140913,99.93549346923828,76.18602752685547,112.42872619628906
20140914,101.92516326904297,139.71571350097656,127.13095092773438
20140915,112.8726806640625,136.98724365234375,97.93791198730469
20140916,157.3469696044922,140.3507843017578,179.04273986816406
20140917,159.79791259765625,189.44503784179688,150.8333282470703
20140918,118.05796813964844,96.9249496459961,127.04210662841797
20140919,132.80625915527344,90.7868423461914,176.69212341308594
20140920,76.32644653320312,91.30980682373047,60.92911911010742
20140921,79.82090759277344,79.57521057128906,88.49810791015625
20140922,80.6785888671875,141.93572998046875,47.35536575317383
20140923,179.1758270263672,182.98098754882812,159.8920440673828
20140924,146.8816375732422,161.84317016601562,134.99317932128906
20140925,107.52838134765625,103.73941040039062,121.1404800415039
20140926,151.3148193359375,163.08006286621094,129.2236328125
20140927,128.7447509765625,111.00408172607422,138.88255310058594
20140928,60.10707473754883,93.21208953857422,22.2137393951416
20140929,101.27595520019531,109.3779067993164,98.24981689453125
20140930,97.30403137207031,59.046226501464844,126.64385223388672
20141001,108.3355484008789,41.53926086425781,145.52096557617188
20141002,57.60987091064453,64.61161041259766,53.89246368408203
20141003,103.98194122314453,96.25746154785156,104.99230194091797
20141004,81.08733367919922,77.84375,79.91307830810547
20141005,50.47722244262695,62.902313232421875,31.480043411254883
20141006,95.29304504394531,126.66629028320312,75.46585845947266
20141007,67.60342407226562,71.3597640991211,59.52109146118164
20141008,80.9824447631836,76.88874053955078,96.19920349121094
20141009,75.36348724365234,54.64109802246094,91.15214538574219
20141010,121.7016830444336,98.5782470703125,132.82337951660156
20141011,64.35458374023438,13.506630897521973,95.75984954833984
20141012,41.06488800048828,27.29232406616211,45.528987884521484
20141013,80.6785888671875,66.2366714477539,86.81816864013672
20141014,70.293212890625,43.79802703857422,80.3701400756836
20141015,89.52886199951172,62.089237213134766,97.10354614257812
20141016,68.58318328857422,34.186038970947266,85.5436019897461
20141017,86.50884246826172,86.24256134033203,83.92394256591797
20141018,51.01163101196289,76.28191375732422,47.71998977661133
20141019,57.66558837890625,51.10052490234375,53.278602600097656
20141020,75.8603286743164,50.41788101196289,92.51768493652344
20141021,60.74390411376953,64.59406280517578,60.612552642822266
20141022,78.49686431884766,78.2552490234375,84.85437774658203
20141023,74.2879638671875,114.45526885986328,50.541351318359375
20141024,91.68357849121094,87.42739868164062,86.18183135986328
20141025,111.97412109375,99.22618103027344,129.31942749023438
20141026,37.7142448425293,50.13087463378906,20.90704917907715
20141027,96.68016815185547,142.0374755859375,59.23664093017578
20141028,139.37872314453125,101.89645385742188,146.80384826660156
20141029,92.36563873291016,83.71029663085938,118.69851684570312
20141030,103.40233612060547,95.72090911865234,104.40705871582031
20141031,89.83234405517578,97.0188217163086,74.69841003417969
20141101,97.52098083496094,131.718505859375,78.47589111328125
20141102,44.93793487548828,51.199554443359375,53.38185501098633
20141103,80.91041564941406,47.4478645324707,94.9828872680664
20141104,79.87751770019531,93.68428802490234,62.5135612487793
20141105,103.51773834228516,81.08500671386719,110.67202758789062
20141106,41.02251052856445,13.632080078125,56.85250473022461
20141107,90.21154022216797,71.94709014892578,96.01756286621094
20141108,62.501277923583984,23.73672103881836,84.14476776123047
20141109,67.19204711914062,93.77930450439453,55.872291564941406
20141110,57.861446380615234,67.29723358154297,40.094669342041016
20141111,77.03646087646484,81.31694030761719,60.29010009765625
20141112,57.4178352355957,35.22529220581055,80.79877471923828
20141113,61.54497528076172,14.436595916748047,90.31159210205078
20141114,77.44579315185547,84.22626495361328,81.96185302734375
20141115,97.96873474121094,67.14617919921875,117.10459899902344
20141116,51.25830078125,12.775131225585938,74.59004211425781
20141117,136.548583984375,100.83576202392578,159.80328369140625
20141118,87.40283966064453,104.5605697631836,101.7494888305664
20141119,92.23857116699219,103.94873046875,73.36450958251953
20141120,89.15814208984375,82.04649353027344,114.0581283569336
20141121,110.541748046875,88.16119384765625,128.68649291992188
20141122,54.009254455566406,41.87789535522461,54.89047622680664
20141123,76.59115600585938,89.08130645751953,63.68794631958008
20141124,142.10719299316406,127.0142822265625,154.83897399902344
20141125,163.63818359375,105.81697082519531,183.87875366210938
20141126,119.0936508178711,140.7135467529297,117.3689956665039
20141127,80.7943344116211,88.60020446777344,60.464717864990234
20141128,90.86843872070312,115.29475402832031,75.55995178222656
20141129,49.09932327270508,65.26425170898438,32.6620979309082
20141130,83.9442138671875,115.8726806640625,53.69403076171875
20141201,57.56436538696289,52.170162200927734,60.92109298706055
20141202,108.90633392333984,144.76148986816406,60.37268829345703
20141203,88.44233703613281,48.0927848815918,113.65670776367188
20141204,89.80892944335938,103.30670928955078,74.67893981933594
20141205,62.501277923583984,70.09750366210938,51.971771240234375
20141206,61.644256591796875,45.28226852416992,75.5397720336914
20141207,43.99995040893555,62.66359329223633,41.8140983581543
20141208,109.46703338623047,123.36444091796875,110.8133773803711
20141209,72.47573852539062,110.50405883789062,49.630699157714844
20141210,107.7931900024414,173.59149169921875,75.84365844726562
20141211,81.70773315429688,122.18434143066406,67.94254302978516
20141212,77.55175018310547,80.99461364746094,67.55751037597656
20141213,71.80872344970703,112.05029296875,31.153671264648438
20141214,88.24462890625,108.27445983886719,67.73370361328125
20141215,66.97259521484375,102.71761322021484,51.405982971191406
20141216,136.0686492919922,102.90675354003906,179.47190856933594
20141217,144.743896484375,131.929931640625,165.06390380859375
20141218,122.81765747070312,111.94478607177734,151.73114013671875
20141219,110.96691131591797,106.52810668945312,136.69993591308594
20141220,73.45714569091797,90.66700744628906,46.53860855102539
20141221,109.50636291503906,136.4616241455078,91.05797576904297
20141222,74.2015151977539,95.10829162597656,70.51529693603516
20141223,56.84593200683594,82.43048095703125,42.97197723388672
20141224,123.6417236328125,123.26113891601562,154.2179412841797
20141225,44.02083206176758,21.942665100097656,54.90705490112305
20141226,114.01953887939453,167.51158142089844,49.900428771972656
20141227,60.82398223876953,65.3011245727539,46.68650436401367
20141228,32.71672058105469,16.308006286621094,40.807464599609375
20141229,92.93777465820312,79.41574096679688,88.32076263427734
20141230,69.61613464355469,69.40184783935547,57.887996673583984
20141231,93.75191497802734,62.308895111083984,112.60550689697266
20150101,74.57938385009766,49.56654739379883,82.6867904663086
20150102,106.85701751708984,117.18091583251953,97.7404556274414
20150103,53.42850875854492,60.87320327758789,44.4274787902832
20150104,16.480436325073242,16.42970848083496,13.703998565673828
20150105,100.71996307373047,111.56658935546875,74.44605255126953
20150106,66.82413482666016,104.68611907958984,31.75220489501953
20150107,78.7603530883789,92.3740234375,61.63924789428711
20150108,168.6398162841797,232.1667022705078,133.55169677734375
20150109,64.71438598632812,112.9015884399414,26.906021118164062
20150110,138.7462921142578,228.22669982910156,92.2975082397461
20150111,96.12361145019531,103.19910430908203,86.0782470703125
20150112,148.07835388183594,240.57008361816406,91.20873260498047
20150113,151.55538940429688,259.009521484375,79.21449279785156
20150114,88.3912582397461,151.0614471435547,77.00010681152344
20150115,132.78982543945312,257.6064147949219,23.87435531616211
20150116,156.10951232910156,258.1163635253906,82.3185043334961
20150117,108.23240661621094,156.9443817138672,70.90802001953125
20150118,78.12659454345703,109.04056549072266,51.971771240234375
20150119,120.25823974609375,130.7869873046875,109.0892562866211
20150120,175.2919158935547,250.92645263671875,119.59854125976562
20150121,148.50863647460938,189.17694091796875,123.48958587646484
20150122,98.54320526123047,136.02444458007812,69.33533477783203
20150123,109.11988067626953,124.3245620727539,97.21778869628906
20150124,97.71585845947266,123.39244079589844,92.08763885498047
20150125,110.41893005371094,141.5301971435547,91.8167953491211
20150126,135.92604064941406,200.75205993652344,117.21292114257812
20150127,95.16268157958984,126.49301147460938,67.82636260986328
20150128,146.4594268798828,197.5410614013672,107.45787811279297
20150129,105.28024291992188,89.96244049072266,125.06260681152344
20150130,126.52168273925781,107.02128601074219,133.8994903564453
20150131,60.167724609375,66.64725494384766,55.59039306640625
20150201,114.22647094726562,97.6070327758789,122.12085723876953
20150202,101.14710235595703,121.00291442871094,109.33908081054688
20150203,141.2511749267578,190.78347778320312,136.3990936279297
20150204,90.69612121582031,51.66682815551758,122.10316467285156
20150205,89.42814636230469,59.43525695800781,99.14974975585938
20150206,166.44029235839844,161.88095092773438,168.78086853027344
20150207,116.95133972167969,132.34693908691406,99.8770523071289
20150208,107.08731079101562,113.87487030029297,94.9828872680664
20150209,128.9940643310547,61.7265625,163.03916931152344
20150210,134.22850036621094,95.58238220214844,183.36782836914062
20150211,110.84524536132812,136.00498962402344,113.44159698486328
20150212,76.61225128173828,116.38312530517578,54.604698181152344
20150213,139.6398468017578,77.33890533447266,174.17236328125
20150214,60.35042190551758,86.90451049804688,39.031429290771484
20150215,70.78136444091797,98.78888702392578,47.08553695678711
20150216,102.5166015625,166.07669067382812,53.278602600097656
20150217,123.7453384399414,151.83316040039062,134.55909729003906
20150218,154.67242431640625,171.32925415039062,135.76023864746094
20150219,143.86007690429688,158.51382446289062,157.4002227783203
20150220,136.84970092773438,128.40325927734375,147.2638702392578
20150221,72.01234436035156,45.68497848510742,92.5426254272461
20150222,83.68592071533203,97.33305358886719,81.18537902832031
20150223,168.176513671875,162.57827758789062,161.03253173828125
20150224,149.08883666992188,130.0511932373047,154.96505737304688
20150225,114.378173828125,96.48362731933594,124.37335205078125
20150226,95.06265258789062,58.32002258300781,121.61164855957031
20150227,105.93698120117188,97.48697662353516,115.19450378417969
20150228,51.557472229003906,32.12423324584961,64.30747985839844
20150301,111.40922546386719,59.2353630065918,135.8723907470703
20150302,105.46525573730469,28.674713134765625,151.477783203125
20150303,149.37307739257812,105.11527252197266,175.35304260253906
20150304,218.31878662109375,125.56544494628906,279.2906188964844
20150305,77.4869613647461,84.97329711914062,64.4328384399414
20150306,86.04071807861328,93.57368469238281,91.05797576904297
20150307,59.09745407104492,37.209815979003906,77.5916519165039
20150308,86.04071807861328,71.47990417480469,107.31832885742188
20150309,79.82090759277344,29.8407039642334,116.15377044677734
20150310,89.771484375,62.646610260009766,104.50691986083984
20150311,78.04478454589844,77.80455780029297,72.10742950439453
20150312,105.60790252685547,112.30168151855469,81.96185302734375
20150313,67.84777069091797,63.66017150878906,59.736228942871094
20150314,66.88500213623047,70.18854522705078,81.96185302734375
20150315,116.68535614013672,90.47592163085938,150.9317169189453
20150316,109.26010131835938,99.0216293334961,107.37196350097656
20150317,97.29219818115234,46.18701171875,130.9833984375
20150318,117.37445068359375,69.34112548828125,144.59336853027344
20150319,55.86671829223633,39.31394577026367,65.58342742919922
20150320,94.76250457763672,90.36339569091797,102.77999114990234
20150321,74.55940246582031,49.55326843261719,88.56925201416016
20150322,78.87065887451172,39.31394577026367,120.23628234863281
20150323,98.2957763671875,39.19728469848633,130.7776336669922
20150324,100.38084411621094,90.97441101074219,106.23431396484375
20150325,105.37905883789062,100.48709106445312,91.4358139038086
20150326,103.40631103515625,120.86180877685547,94.88064575195312
20150327,199.252197265625,215.19210815429688,214.0090789794922
20150328,91.8117446899414,117.15729522705078,61.075469970703125
20150329,129.1449432373047,128.74742126464844,150.34329223632812
20150330,123.23540496826172,78.62789154052734,172.156494140625
20150331,131.05657958984375,63.07394027709961,165.3453826904297
20150401,138.92813110351562,112.53166198730469,158.84425354003906
20150402,113.84656524658203,146.4466094970703,85.50566101074219
20150403,150.14471435546875,112.26191711425781,202.8813018798828
20150404,165.62838745117188,94.35346984863281,203.30862426757812
20150405,116.45745849609375,128.99888610839844,107.59780883789062
20150406,116.78925323486328,148.18333435058594,97.11392211914062
20150407,110.12525177001953,70.26321411132812,146.5161590576172
20150408,166.75509643554688,143.77671813964844,209.86695861816406
20150409,134.8137969970703,138.23880004882812,128.116455078125
20150410,142.1363983154297,86.59376525878906,183.85244750976562
20150411,74.88043212890625,63.98566436767578,83.02056884765625
20150412,53.0010871887207,52.83794403076172,44.07206344604492
20150413,79.2243423461914,78.98047637939453,98.8162841796875
20150414,121.64796447753906,83.95858764648438,147.84060668945312
20150415,143.6572723388672,134.79066467285156,175.66989135742188
20150416,104.71763610839844,97.43561553955078,133.5165252685547
20150417,99.0600357055664,94.80491638183594,92.256103515625
20150418,47.478919982910156,43.69179153442383,48.591026306152344
20150419,97.81204223632812,104.0116958618164,75.9115219116211
20150420,91.7326431274414,60.966854095458984,118.6555404663086
20150421,85.28290557861328,107.3941879272461,82.11257934570312
20150422,75.58879852294922,70.92341613769531,96.13033294677734
20150423,61.07770919799805,35.81747817993164,83.65087890625
20150424,156.40452575683594,183.9093017578125,126.72051239013672
20150425,41.45420455932617,60.111419677734375,25.06943130493164
20150426,39.279457092285156,52.21140670776367,32.6620979309082
20150427,76.0417251586914,85.28362274169922,71.13496398925781
20150428,46.00788497924805,27.51976203918457,61.21119689941406
20150429,84.09903717041016,93.15574645996094,62.1608772277832
20150430,52.747894287109375,49.07982635498047,52.63383102416992
20150501,76.23860931396484,38.00196838378906,95.09219360351562
20150502,41.45420455932617,37.56964111328125,50.13886260986328
20150503,43.83359909057617,62.42668151855469,20.828006744384766
20150504,70.595703125,64.96468353271484,63.218116760253906
20150505,44.76443099975586,39.66812515258789,49.630699157714844
20150506,99.69424438476562,108.4225845336914,82.89888763427734
20150507,64.28498840332031,67.85694122314453,69.17703247070312
20150508,71.75237274169922,55.6356201171875,86.18183135986328
20150509,50.07369613647461,53.7595329284668,44.84075927734375
20150510,52.5804443359375,65.52323913574219,32.79171371459961
20150511,118.67454528808594,72.01432800292969,145.8771514892578
20150512,62.16614532470703,35.41416931152344,88.61674499511719
20150513,114.38423919677734,100.34829711914062,129.3551483154297
20150514,77.46539306640625,73.54946899414062,67.4822769165039
20150515,95.23632049560547,74.30335998535156,117.06641387939453
20150516,78.19366455078125,85.03960418701172,70.93142700195312
20150517,76.887451171875,89.42591094970703,63.934322357177734
20150518,112.11767578125,81.28913879394531,152.55712890625
20150519,128.43557739257812,138.71026611328125,151.29745483398438
20150520,71.46401977539062,58.671573638916016,76.90238952636719
20150521,56.78687286376953,37.74138641357422,62.960086822509766
20150522,84.28925323486328,92.43278503417969,70.08914947509766
20150523,80.7943344116211,107.3941879272461,57.585445404052734
20150524,63.16336441040039,111.94478607177734,35.01487731933594
20150525,86.68401336669922,111.10781860351562,61.783260345458984
20150526,37.399959564208984,42.61124038696289,35.54198455810547
20150527,83.27684020996094,92.24501037597656,76.94144439697266
20150528,55.8925895690918,37.14703369140625,74.3623046875
20150529,55.4736213684082,71.10369110107422,32.948612213134766
20150530,68.61474609375,60.80315399169922,69.7342758178711
20150531,84.0397720336914,55.85405731201172,93.17560577392578
20150601,106.23394775390625,154.04647827148438,88.33685302734375
20150602,65.3465576171875,60.13422775268555,66.87718200683594
20150603,129.118896484375,142.0374755859375,118.47328186035156
20150604,84.12870788574219,97.84803771972656,58.2963752746582
20150605,62.501277923583984,65.97412109375,61.14325714111328
20150606,36.68402862548828,36.57111358642578,30.50391960144043
20150607,86.60308074951172,86.33650207519531,96.01756286621094
20150608,81.79179382324219,40.770015716552734,110.52021026611328
20150609,95.46304321289062,76.13536071777344,103.19467163085938
20150610,48.58432388305664,26.41897201538086,58.76274871826172
20150611,54.965171813964844,21.918394088745117,79.22245788574219
20150612,41.64371109008789,45.2896614074707,37.77605056762695
20150613,56.14521408081055,59.703887939453125,49.7989387512207
20150614,64.6985855102539,51.599552154541016,64.55868530273438
20150615,63.19683837890625,84.00308990478516,43.79179382324219
20150616,114.22647094726562,100.20988464355469,113.9794692993164
20150617,79.92790985107422,79.681884765625,81.23201751708984
20150618,83.08512115478516,100.83576202392578,78.0993423461914
20150619,44.27490234375,48.151222229003906,46.856689453125
20150620,99.45352935791016,160.16119384765625,50.89152526855469
20150621,74.66853332519531,121.80877685546875,33.866851806640625
20150622,90.68220520019531,116.99222564697266,70.9695053100586
20150623,103.51773834228516,88.45637512207031,106.57306671142578
20150624,84.81681060791016,75.16065216064453,86.20069122314453
20150625,131.0054931640625,67.1668701171875,174.29627990722656
20150626,81.48998260498047,89.3630599975586,60.98532485961914
20150627,78.12659454345703,109.04056549072266,51.971771240234375
20150628,109.96076202392578,95.91950225830078,114.29476928710938
20150629,136.92648315429688,178.50656127929688,87.58358764648438
20150630,169.31866455078125,173.12562561035156,187.72503662109375
20150701,93.14065551757812,96.8910903930664,87.55146026611328
20150702,84.56055450439453,87.96549224853516,73.37191009521484
20150703,86.95490264892578,57.79149627685547,110.1801528930664
20150704,50.12138366699219,63.5944938659668,53.044090270996094
20150705,80.4021224975586,128.2474365234375,80.22826385498047
20150706,109.32566833496094,65.39349365234375,127.27079772949219
20150707,82.0898666381836,86.6511459350586,64.24498748779297
20150708,61.78390121459961,37.903831481933594,79.03884887695312
20150709,58.6295166015625,21.918394088745117,79.22245788574219
20150710,107.38996887207031,82.35340118408203,123.64356231689453
20150711,81.55207824707031,61.94365692138672,90.41747283935547
20150712,105.27227783203125,97.95169067382812,116.71626281738281
20150713,123.0675277709961,92.01653289794922,153.5017547607422
20150714,67.70211029052734,19.283918380737305,104.55050659179688
20150715,229.97799682617188,35.27232360839844,367.75750732421875
20150716,117.64946746826172,21.99137306213379,183.42977905273438
20150717,146.96043395996094,134.62904357910156,138.7160186767578
20150718,63.4743537902832,79.09871673583984,46.18329620361328
20150719,98.67223358154297,70.26321411132812,105.49163818359375
20150720,125.31095123291016,108.6306381225586,144.97389221191406
20150721,193.97918701171875,178.50656127929688,231.6099395751953
20150722,152.95497131347656,148.12747192382812,167.15985107421875
20150723,87.72247314453125,41.64402770996094,131.99386596679688
20150724,113.35782623291016,142.30751037597656,111.71624755859375
20150725,92.12703704833984,143.75497436523438,53.29148864746094
20150726,127.40645599365234,164.37142944335938,74.78291320800781
20150727,171.43505859375,209.4993438720703,147.15211486816406
20150728,132.92807006835938,148.4211883544922,114.95521545410156
20150729,99.94815826416016,37.958290100097656,150.3895721435547
20150730,74.9848861694336,43.972984313964844,88.0267562866211
20150731,72.27420043945312,72.0517349243164,66.77584838867188
20150801,64.01097106933594,103.6976547241211,33.26695251464844
20150802,69.55522918701172,86.6764144897461,57.83734893798828
20150803,28.458484649658203,11.348355293273926,37.86259460449219
20150804,155.10350036621094,77.31304168701172,202.67251586914062
20150805,77.82831573486328,87.28734588623047,80.8958511352539
20150806,128.7997283935547,88.2772445678711,167.34530639648438
20150807,90.13789367675781,62.902313232421875,97.438232421875
20150808,68.75904083251953,40.32199478149414,80.71806335449219
20150809,85.33546447753906,92.80668640136719,64.50828552246094
20150810,88.92799377441406,66.49069213867188,92.43301391601562
20150811,93.79849243164062,78.74507141113281,90.31159210205078
20150812,97.42845916748047,135.97999572753906,64.81185913085938
20150813,110.11305236816406,155.51333618164062,68.67183685302734
20150814,78.32218170166016,64.30208587646484,84.28245544433594
20150815,47.83491134643555,15.895891189575195,72.92308807373047
20150816,71.2380142211914,56.81499099731445,94.77862548828125
20150817,95.6089096069336,56.06742477416992,121.59100341796875
20150818,88.54347229003906,93.46334075927734,77.95765686035156
20150819,121.07337188720703,115.8726806640625,120.81156921386719
20150820,28.846744537353516,19.171966552734375,31.982627868652344
20150821,86.26477813720703,34.39970016479492,129.11737060546875
20150822,79.31500244140625,93.02454376220703,62.07332229614258
20150823,55.20946502685547,82.55928039550781,22.954198837280273
20150824,103.35624694824219,72.12667846679688,120.32154083251953
20150825,58.1152229309082,92.6981430053711,28.99477767944336
20150826,79.10609436035156,88.72042846679688,65.7791976928711
20150827,85.70679473876953,111.07588195800781,71.26788330078125
20150828,52.88569641113281,28.757951736450195,79.9565658569336
20150829,64.28009796142578,59.810089111328125,57.01430892944336
20150830,70.75387573242188,38.47422790527344,96.27391815185547
20150831,79.24803161621094,42.13551712036133,105.435546875
20150901,96.3266830444336,32.01006317138672,142.39761352539062
20150902,75.71583557128906,56.61207580566406,78.70011138916016
20150903,85.4856185913086,68.17799377441406,92.40916442871094
20150904,98.02912902832031,40.71974563598633,129.06430053710938
20150905,91.27626037597656,68.24647521972656,113.84860229492188
20150906,82.64202117919922,68.65636444091797,80.17266845703125
20150907,84.0753173828125,67.05322265625,83.89351654052734
20150908,117.95494079589844,127.39118194580078,114.430419921875
20150909,142.70852661132812,163.8251953125,129.45449829101562
20150910,143.31256103515625,89.80490112304688,183.86058044433594
20150911,118.87203979492188,126.40655517578125,118.61499786376953
20150912,101.751220703125,90.16712951660156,103.41140747070312
20150913,55.3118896484375,49.01478958129883,71.5455551147461
20150914,79.94129943847656,89.65714263916016,91.40133666992188
20150915,122.68769073486328,144.96005249023438,113.35407257080078
20150916,83.47319030761719,43.79802703857422,109.59564208984375
20150917,83.40997314453125,71.27420043945312,99.08287811279297
20150918,83.91305541992188,79.67120361328125,86.3897476196289
20150919,83.0118408203125,86.69709777832031,98.60991668701172
20150920,68.18321228027344,56.64444351196289,75.59530639648438
20150921,86.41481018066406,57.43254089355469,127.74510955810547
20150922,188.75030517578125,131.718505859375,219.7324981689453
20150923,85.7754898071289,57.00764465332031,101.89286804199219
20150924,88.69506072998047,61.510990142822266,121.85232543945312
20150925,81.83991241455078,85.47313690185547,90.7365951538086
20150926,78.38380432128906,67.95002746582031,96.35095977783203
20150927,75.04198455810547,117.56014251708984,80.22826385498047
20150928,92.13209533691406,41.74932098388672,125.36300659179688
20150929,111.60942077636719,71.21015930175781,148.4907684326172
20150930,101.27595520019531,84.13684844970703,112.28550720214844
20151001,128.45445251464844,139.70077514648438,155.36566162109375
20151002,180.3509063720703,205.4808807373047,165.2702178955078
20151003,70.55522155761719,70.33804321289062,82.13642883300781
20151004,81.99424743652344,108.98915100097656,72.7261734008789
20151005,91.09561157226562,132.0948486328125,61.97633743286133
20151006,113.13414764404297,171.4345703125,52.681766510009766
20151007,110.68245697021484,118.22331237792969,111.7579116821289
20151008,70.63836669921875,81.54003143310547,49.46359634399414
20151009,88.3863754272461,137.91806030273438,51.12767791748047
20151010,107.57498931884766,140.52642822265625,98.70562744140625
20151011,83.11102294921875,106.52810668945312,69.10942077636719
20151012,79.31500244140625,93.02454376220703,62.07332229614258
20151013,80.68500518798828,89.37405395507812,67.09210968017578
20151014,105.43982696533203,122.63447570800781,94.9828872680664
20151015,84.31990814208984,56.04024124145508,113.51895141601562
20151016,90.19367218017578,81.74186706542969,81.81694793701172
20151017,110.28762817382812,102.09471130371094,104.80870819091797
20151018,67.10542297363281,60.81714630126953,71.01851654052734
20151019,85.07396697998047,74.2105941772461,97.2697982788086
20151020,70.16028594970703,99.92046356201172,41.67176818847656
20151021,69.3731460571289,77.80455780029297,50.47520065307617
20151022,68.85244750976562,61.01378631591797,63.61440658569336
20151023,79.13984680175781,90.16712951660156,75.20829010009766
20151024,73.32506561279297,146.19873046875,14.34637451171875
20151025,51.93921661376953,80.54563903808594,28.792722702026367
20151026,83.86247253417969,83.60433959960938,87.1678466796875
20151027,49.441307067871094,39.43130111694336,57.55679702758789
20151028,68.03733825683594,110.22035217285156,35.3594856262207
20151029,62.64903259277344,54.649173736572266,71.63011932373047
20151030,91.50739288330078,91.22572326660156,76.09126281738281
20151031,81.29000091552734,105.35172271728516,67.59518432617188
20151101,46.562198638916016,66.31267547607422,44.249053955078125
20151102,109.91929626464844,149.42857360839844,74.78291320800781
20151103,53.27228927612305,48.28028106689453,48.32462692260742
20151104,96.48255157470703,146.56849670410156,53.485511779785156
20151105,60.44831085205078,72.314697265625,40.211734771728516
20151106,89.18451690673828,110.07904815673828,84.75396728515625
20151107,102.21636962890625,128.32070922851562,81.84811401367188
20151108,84.10816192626953,103.19910430908203,86.0782470703125
20151109,87.3079833984375,61.4394645690918,93.95206451416016
20151110,85.30216979980469,103.93728637695312,63.0501594543457
20151111,51.980377197265625,75.3750991821289,31.435136795043945
20151112,44.11854934692383,43.98274612426758,42.8002815246582
20151113,61.5718879699707,73.6588363647461,40.959163665771484
20151114,121.14533233642578,181.1586456298828,94.44012451171875
20151115,129.0610809326172,220.5665283203125,51.103965759277344
20151116,291.9892578125,401.5041198730469,251.17056274414062
20151117,354.0518798828125,551.2011108398438,266.1745910644531
20151118,309.495361328125,520.6658325195312,168.8892822265625
20151119,242.89370727539062,384.09375,153.22145080566406
20151120,212.1929473876953,329.0618896484375,130.70005798339844
20151121,171.53688049316406,273.61419677734375,107.77114868164062
20151122,203.52639770507812,335.8343505859375,151.73114013671875
20151123,170.00735473632812,236.25050354003906,128.51495361328125
20151124,246.838134765625,334.66656494140625,238.09420776367188
20151125,247.6171875,394.968017578125,155.56997680664062
20151126,172.9800262451172,206.9370880126953,165.4140625
20151127,237.591064453125,300.629638671875,212.76165771484375
20151128,101.36375427246094,105.09382629394531,107.88754272460938
20151129,103.51773834228516,132.68455505371094,98.37513732910156
20151130,100.22897338867188,109.91251373291016,100.01224517822266
20151201,170.49981689453125,223.39572143554688,121.52223205566406
20151202,192.69784545898438,265.2874450683594,129.71347045898438
20151203,157.9247283935547,222.7180633544922,121.71063995361328
20151204,156.33291625976562,210.61041259765625,126.4823226928711
20151205,158.12745666503906,274.86077880859375,134.85943603515625
20151206,135.33836364746094,218.4447784423828,75.02539825439453
20151207,197.36715698242188,308.43402099609375,168.5525665283203
20151208,197.98146057128906,298.46502685546875,136.52059936523438
20151209,199.49636840820312,240.50885009765625,162.02963256835938
20151210,147.40721130371094,236.75839233398438,68.09651184082031
20151211,150.00306701660156,207.69631958007812,110.87310791015625
20151212,103.64730072021484,140.52642822265625,89.63341522216797
20151213,81.62384796142578,108.4968032836914,56.56064987182617
20151214,119.4185791015625,175.9884490966797,86.34808349609375
20151215,142.25750732421875,212.72943115234375,101.39278411865234
20151216,170.60433959960938,179.52806091308594,173.38792419433594
20151217,162.97996520996094,194.9739532470703,196.5082550048828
20151218,134.47500610351562,196.62290954589844,104.36550903320312
20151219,115.4379653930664,120.08622741699219,116.85774230957031
20151220,100.59858703613281,186.25088500976562,23.900249481201172
20151221,165.0172119140625,207.15982055664062,132.13487243652344
20151222,143.2771453857422,194.25714111328125,95.3115463256836
20151223,73.7386703491211,90.47592163085938,47.166160583496094
20151224,111.12447357177734,137.1591796875,96.80364990234375
20151225,160.93446350097656,240.65863037109375,111.51837158203125
20151226,135.3522186279297,184.64871215820312,118.47328186035156
20151227,102.93289184570312,186.57464599609375,31.12433624267578
20151228,147.82249450683594,160.7645263671875,156.44241333007812
20151229,109.34689331054688,128.2474365234375,106.97102355957031
20151230,141.56272888183594,203.2228546142578,84.75396728515625
20151231,70.10725402832031,69.8914566040039,68.01244354248047
20160101,208.83578491210938,315.87896728515625,155.68934631347656
20160102,89.81443786621094,84.27103424072266,105.435546875
20160103,113.11206817626953,193.30953979492188,80.61962127685547
20160104,133.57127380371094,138.48654174804688,133.28244018554688
20160105,205.15902709960938,129.70037841796875,266.29644775390625
20160106,161.46932983398438,175.6061553955078,138.3354949951172
20160107,205.20330810546875,116.89810180664062,264.65521240234375
20160108,181.01463317871094,162.41171264648438,203.20111083984375
20160109,67.20005798339844,63.05243682861328,72.3139419555664
20160110,100.81727600097656,86.14881896972656,95.80882263183594
20160111,95.24954986572266,52.753536224365234,114.40430450439453
20160112,106.3890380859375,67.49372100830078,144.7622528076172
20160113,139.33460998535156,80.6549301147461,179.39779663085938
20160114,125.4760513305664,141.76846313476562,118.2489013671875
20160115,112.73136138916016,129.67425537109375,86.5289077758789
20160116,92.98435974121094,131.32235717773438,51.546268463134766
20160117,102.0298080444336,122.05889892578125,67.8727798461914
20160118,147.984130859375,102.13519287109375,170.38168334960938
20160119,154.4204559326172,99.31944274902344,182.25286865234375
20160120,194.33729553222656,228.9644012451172,198.3242645263672
20160121,87.86651611328125,131.3940887451172,65.75738525390625
20160122,110.86237335205078,97.25859069824219,117.99748229980469
20160123,82.91289520263672,78.72160339355469,91.92622375488281
20160124,85.93925476074219,93.46334075927734,103.94354248046875
20160125,82.81419372558594,30.959732055664062,120.50953674316406
20160126,72.01234436035156,92.30230712890625,59.88051986694336
20160127,93.97354888916016,81.9737548828125,97.67744445800781
20160128,76.83790588378906,59.578861236572266,92.29006958007812
20160129,83.25235748291016,69.8914566040039,87.44457244873047
20160130,40.54550552368164,40.42070007324219,33.71485900878906
20160131,40.72829055786133,40.602928161621094,33.866851806640625
20160201,132.70687866210938,101.76799011230469,161.28065490722656
20160202,103.51773834228516,103.19910430908203,86.0782470703125
20160203,104.03104400634766,87.33544158935547,109.26956939697266
20160204,96.6531753540039,122.63447570800781,80.3701400756836
20160205,109.37723541259766,135.0026092529297,77.95765686035156
20160206,77.32037353515625,113.59507751464844,47.374759674072266
20160207,110.18936157226562,109.85018920898438,114.53237915039062
20160208,139.5309295654297,82.43048095703125,171.88790893554688
20160209,77.60041809082031,58.02116394042969,80.65897369384766
20160210,99.32736206054688,79.2173080444336,140.4095001220703
20160211,118.4752426147461,141.732666015625,94.57524108886719
20160212,106.14369201660156,158.7254638671875,58.84120559692383
20160213,64.63546752929688,64.43651580810547,53.74641418457031
20160214,115.97611236572266,130.07151794433594,108.49249267578125
20160215,81.19038391113281,86.33650207519531,63.01152801513672
20160216,128.85191345214844,149.864501953125,98.2156982421875
20160217,134.09194946289062,138.63027954101562,132.15011596679688
20160218,118.95960998535156,136.83859252929688,114.13689422607422
20160219,161.5886688232422,228.91920471191406,148.5098419189453
20160220,69.3517837524414,89.47311401367188,47.4914436340332
20160221,61.2178840637207,108.4968032836914,33.9363899230957
20160222,104.66248321533203,156.510498046875,52.218082427978516
20160223,150.35768127441406,187.3685760498047,117.21292114257812
20160224,115.6131362915039,110.24607849121094,117.03506469726562
20160225,57.1890869140625,61.3986701965332,51.212554931640625
20160226,88.87377166748047,96.65476989746094,87.33792114257812
20160227,46.477352142333984,33.69766616821289,49.18756866455078
20160228,101.82073211669922,135.34307861328125,101.60055541992188
20160229,59.73482894897461,75.79212188720703,36.12464141845703
20160301,123.23540496826172,108.11334991455078,139.36477661132812
20160302,81.85124206542969,57.59950256347656,112.10189819335938
20160303,131.77566528320312,117.7800521850586,136.02488708496094
20160304,72.01234436035156,44.86917495727539,82.3357162475586
20160305,68.61474609375,83.60433959960938,63.39479064941406
20160306,51.65797424316406,38.62422561645508,53.69403076171875
20160307,67.18156433105469,20.607620239257812,103.13274383544922
20160308,103.05766296386719,136.98724365234375,65.29193878173828
20160309,91.76087188720703,73.1827392578125,99.19265747070312
20160310,99.94815826416016,56.937435150146484,126.64385223388672
20160311,58.51002502441406,62.81684112548828,52.395450592041016
20160312,55.942039489746094,63.736961364746094,39.872188568115234
20160313,64.32170104980469,48.0927848815918,80.22826385498047
20160314,134.74850463867188,212.6951141357422,65.3611068725586
20160315,132.50270080566406,121.08694458007812,119.36183166503906
20160316,100.38084411621094,104.83718872070312,95.39407348632812
20160317,79.66934967041016,75.24390411376953,69.7342758178711
20160318,104.46994018554688,121.50643920898438,94.10919952392578
20160319,40.4869384765625,66.04742431640625,24.484477996826172
20160320,74.36376190185547,121.31159210205078,44.97148895263672
20160321,112.46371459960938,132.50254821777344,110.52021026611328
20160322,76.37043762207031,104.68611907958984,55.56636047363281
20160323,245.37538146972656,366.9301452636719,188.34214782714844
20160324,141.8479766845703,241.2311553955078,90.19786071777344
20160325,186.76197814941406,195.98643493652344,179.81922912597656
20160326,101.58541107177734,96.86955261230469,110.1801528930664
20160327,65.11189270019531,113.59507751464844,27.071290969848633
20160328,157.18687438964844,243.76026916503906,96.8191146850586
20160329,168.95631408691406,285.8312072753906,76.63225555419922
20160330,140.47825622558594,135.52822875976562,158.26150512695312
20160331,131.27745056152344,130.8733673095703,145.5484161376953
20160401,156.7049102783203,182.2596435546875,152.0225372314453
20160402,88.50371551513672,75.62682342529297,105.13373565673828
20160403,105.79058837890625,118.6480712890625,98.9642105102539
20160404,113.1427230834961,100.26174926757812,114.98876953125
20160405,89.26080322265625,128.53541564941406,57.729122161865234
20160406,101.51417541503906,117.18091583251953,79.96946716308594
20160407,93.87843322753906,71.30625915527344,104.08381652832031
20160408,46.477352142333984,50.54650115966797,35.13397979736328
20160409,44.5455322265625,64.59406280517578,26.938913345336914
20160410,69.59175872802734,69.37754821777344,57.86772918701172
20160411,95.73894500732422,122.16864776611328,70.0567398071289
20160412,79.82090759277344,89.5221176147461,74.6702880859375
20160413,97.70214080810547,64.93427276611328,116.06055450439453
20160414,96.78153228759766,61.3986701965332,124.37335205078125
20160415,86.41481018066406,65.63719177246094,116.33929443359375
20160416,55.63744354248047,68.26607513427734,49.823062896728516
20160417,64.11421203613281,71.01873779296875,47.389312744140625
20160418,52.3036994934082,57.93634033203125,48.32462692260742
20160419,90.2462387084961,84.67618560791016,105.94245910644531
20160420,93.18052673339844,102.18307495117188,77.48252868652344
20160421,93.311767578125,120.9319076538086,100.86915588378906
20160422,76.72159576416016,89.98286437988281,75.05459594726562
20160423,40.49593734741211,64.59406280517578,13.469456672668457
20160424,86.98208618164062,130.07151794433594,60.27360534667969
20160425,80.2722396850586,106.70020294189453,62.298954010009766
20160426,80.30467224121094,100.07186126708984,66.77584838867188
20160427,74.1619644165039,88.72042846679688,65.7791976928711
20160428,105.86102294921875,79.15137481689453,146.7112579345703
20160429,77.53734588623047,60.12119674682617,85.96630859375
20160430,71.83882141113281,103.44778442382812,53.09886932373047
20160501,77.36357116699219,112.1824722290039,58.482032775878906
20160502,99.31861114501953,58.242881774902344,116.5927505493164
20160503,71.12875366210938,131.6896514892578,33.79759216308594
20160504,104.36856842041016,171.90426635742188,45.27951431274414
20160505,103.82675170898438,69.00477600097656,115.11359405517578
20160506,79.36795043945312,91.61685943603516,55.57637023925781
20160507,54.57969665527344,58.59721374511719,41.893592834472656
20160508,22.33191680908203,29.684236526489258,24.759584426879883
20160509,100.38084411621094,84.27103424072266,96.64925384521484
20160510,72.8036880493164,51.84256362915039,112.42872619628906
20160511,113.59468841552734,124.20423126220703,109.69263458251953
20160512,101.35812377929688,119.41815948486328,91.94448852539062
20160513,88.21751403808594,79.15137481689453,88.0267562866211
20160514,45.949867248535156,41.64402770996094,48.62932205200195
20160515,72.96404266357422,43.643672943115234,97.07501983642578
20160516,66.86859893798828,51.279056549072266,76.9892349243164
20160517,88.40447235107422,51.84256362915039,121.07709503173828
20160518,92.40077209472656,73.69308471679688,107.56778717041016
20160519,73.92061614990234,82.90471649169922,84.5175552368164
20160520,115.90248107910156,164.00038146972656,68.39625549316406
20160521,83.91305541992188,119.50679779052734,66.45365142822266
20160522,104.1688003540039,152.3106231689453,69.29569244384766
20160523,121.707763671875,158.26060485839844,79.20298767089844
20160524,86.67697143554688,97.68106079101562,106.54508209228516
20160525,75.74468994140625,70.4774398803711,100.77452850341797
20160526,68.9161148071289,82.44477081298828,61.12630081176758
20160527,81.85124206542969,47.99958419799805,104.09461975097656
20160528,62.501277923583984,66.46281433105469,69.29569244384766
20160529,44.966983795166016,59.771427154541016,24.927637100219727
20160530,108.72760772705078,57.80956268310547,144.6566619873047
20160531,141.11044311523438,126.60848236083984,146.6721954345703
20160601,100.83919525146484,140.74032592773438,75.46585845947266
20160602,94.64479064941406,141.5301971435547,47.220062255859375
20160603,144.19883728027344,151.74136352539062,139.89015197753906
20160604,56.81184768676758,34.85352325439453,65.4103775024414
20160605,63.55046081542969,47.516136169433594,66.05524444580078
20160606,101.40513610839844,134.79066467285156,93.69061279296875
20160607,79.2243423461914,78.98047637939453,74.1122055053711
20160608,76.72159576416016,71.98629760742188,82.56005859375
20160609,61.34384536743164,75.2677230834961,47.08553695678711
20160610,62.16614532470703,44.2677116394043,88.61674499511719
20160611,44.436885833740234,48.32738494873047,53.74641418457031
20160612,16.358360290527344,16.308006286621094,13.60248851776123
20160613,93.311767578125,134.3687744140625,43.106475830078125
20160614,108.35501861572266,195.4674530029297,34.32403564453125
20160615,129.708984375,129.30972290039062,141.0438690185547
20160616,78.98127746582031,111.1597671508789,54.085628509521484
20160617,99.28677368164062,125.97602081298828,67.54914093017578
20160618,70.89918518066406,117.80158996582031,26.202177047729492
20160619,103.74932098388672,147.75711059570312,86.27080535888672
20160620,90.8284683227539,85.22248077392578,97.7404556274414
20160621,116.31917572021484,100.83576202392578,109.33908081054688
20160622,104.51173400878906,108.72003936767578,113.35407257080078
20160623,106.85701751708984,63.91686248779297,133.28244018554688
20160624,67.60342407226562,70.94245910644531,76.92491912841797
20160625,54.495826721191406,54.32808303833008,45.31498718261719
20160626,38.25135803222656,30.506893157958984,38.168643951416016
20160627,109.86957550048828,76.6719741821289,118.76799011230469
20160628,96.44184112548828,50.162601470947266,118.54826354980469
20160629,151.0141143798828,174.8314208984375,145.82667541503906
20160630,134.22850036621094,172.0482940673828,103.64269256591797
20160701,112.06250762939453,151.93588256835938,74.54678344726562
20160702,88.87377166748047,120.8184585571289,73.90132141113281
20160703,102.71527862548828,170.66517639160156,71.1758041381836
20160704,42.83492660522461,56.937435150146484,47.4914436340332
20160705,98.27861785888672,92.21281433105469,96.14324188232422
20160706,107.6462173461914,126.82666015625,105.78596496582031
20160707,141.4793243408203,175.0889129638672,121.7011947631836
20160708,131.0286407470703,146.95347595214844,136.19302368164062
20160709,109.11988067626953,101.01371002197266,116.66133880615234
20160710,121.48780822753906,161.4851531982422,94.28619384765625
20160711,90.2462387084961,84.67618560791016,97.11392211914062
20160712,114.82037353515625,114.4669418334961,143.21510314941406
20160713,57.69348907470703,57.51590347290039,47.973941802978516
20160714,109.42415618896484,148.75546264648438,82.71783447265625
20160715,91.61395263671875,134.59446716308594,64.15147399902344
20160716,237.53746032714844,396.1123352050781,179.5634765625
20160717,188.21408081054688,315.2263488769531,112.68424224853516
20160718,158.04234313964844,201.67152404785156,126.16048431396484
20160719,190.2488250732422,167.3498992919922,214.03237915039062
20160720,104.29373168945312,128.72811889648438,82.59381866455078
20160721,146.57379150390625,146.12261962890625,154.38221740722656
20160722,150.14471435546875,149.68255615234375,140.45628356933594
20160723,77.7395248413086,111.94478607177734,57.46031188964844
20160724,104.01782989501953,159.5348358154297,79.84069061279297
20160725,100.5713119506836,137.85989379882812,73.17467498779297
20160726,81.79179382324219,112.11753845214844,76.51399230957031
20160727,99.42936706542969,177.37855529785156,26.109041213989258
20160728,90.89362335205078,140.9548797607422,50.387264251708984
20160729,107.76387023925781,140.12890625,85.7129898071289
20160730,66.51741790771484,61.8918342590332,66.37358093261719
20160731,49.318626403808594,49.16682052612305,41.00998306274414
20160801,98.58832550048828,157.2557830810547,54.652854919433594
20160802,126.30240631103516,148.80702209472656,95.47673797607422
20160803,118.50753784179688,168.77536010742188,75.08016967773438
20160804,154.44447326660156,116.80413055419922,203.70928955078125
20160805,93.311767578125,120.9319076538086,93.10999298095703
20160806,45.007713317871094,53.84300994873047,37.425323486328125
20160807,72.89268493652344,129.18812561035156,53.87782669067383
20160808,116.02689361572266,150.37066650390625,96.47999572753906
20160809,114.03922271728516,140.75680541992188,108.3739242553711
20160810,116.2304458618164,147.4743194580078,105.435546875
20160811,97.57951354980469,81.9192886352539,136.6575469970703
20160812,112.60853576660156,112.26191711425781,124.85002899169922
20160813,96.78153228759766,87.71238708496094,95.1090316772461
20160814,87.17283630371094,79.00409698486328,79.07666778564453
20160815,97.81204223632812,117.0131607055664,75.9115219116211
20160816,95.1244125366211,122.72325897216797,74.44605255126953
20160817,61.155094146728516,91.45027923583984,50.852378845214844
20160818,118.65913391113281,78.86260223388672,139.78079223632812
20160819,78.40396881103516,117.24394989013672,32.597679138183594
20160820,55.85392761230469,85.66462707519531,50.01693344116211
20160821,23.110937118530273,46.07959747314453,0.0
20160822,84.60388946533203,90.83142852783203,64.9391860961914
20160823,89.98486328125,123.34833526611328,65.47207641601562
20160824,139.23226928710938,185.07159423828125,96.47999572753906
20160825,176.9652099609375,264.6307678222656,110.36409759521484
20160826,80.30467224121094,80.05747985839844,66.77584838867188
20160827,117.3005599975586,168.3928680419922,85.83439636230469
20160828,71.81718444824219,107.3941879272461,29.859121322631836
20160829,151.196044921875,219.2445831298828,91.4358139038086
20160830,79.74700164794922,97.84803771972656,51.00933074951172
20160831,86.18061828613281,128.87303161621094,53.74641418457031
20160901,72.01234436035156,110.44719696044922,46.06193542480469
20160902,77.37384033203125,67.49372100830078,80.42346954345703
20160903,81.90414428710938,108.86939239501953,52.971229553222656
20160904,86.4900131225586,120.71331024169922,57.53532791137695
20160905,52.6999397277832,75.05389404296875,25.040943145751953
20160906,91.33917999267578,60.70535659790039,111.39537811279297
20160907,91.87398529052734,101.76799011230469,84.88455200195312
20160908,60.41156768798828,60.225616455078125,58.60646057128906
20160909,116.9141616821289,106.8414306640625,105.31926727294922
20160910,110.29214477539062,68.24647521972656,132.82337951660156
20160911,93.0932388305664,92.80668640136719,103.2132568359375
20160912,137.5460662841797,137.1226806640625,123.90501403808594
20160913,122.2564468383789,127.68394470214844,125.86485290527344
20160914,115.55469512939453,134.39883422851562,88.08006286621094
20160915,99.23526000976562,75.3750991821289,117.88175964355469
20160916,51.03395462036133,37.00135803222656,54.00988006591797
20160917,66.83617401123047,91.61685943603516,62.523414611816406
20160918,104.68611907958984,119.27301025390625,87.04978942871094
20160919,255.72784423828125,391.3043212890625,148.35748291015625
20160920,183.1067657470703,243.39085388183594,175.32855224609375
20160921,162.7410430908203,230.2762908935547,148.420166015625
20160922,95.46304321289062,114.20304870605469,79.38050842285156
20160923,100.2487564086914,112.97586059570312,108.73040771484375
20160924,71.66613006591797,79.38392639160156,79.45684051513672
20160925,52.461483001708984,74.71428680419922,62.319091796875
20160926,133.84112548828125,144.54823303222656,120.5675048828125
20160927,83.86247253417969,104.50542449951172,69.7342758178711
20160928,115.8915786743164,96.27904510498047,120.4593505859375
20160929,104.65530395507812,127.0142822265625,90.80782318115234
20160930,120.28876495361328,175.2655029296875,107.71802520751953
20161001,47.720062255859375,55.50204086303711,39.68072509765625
20161002,64.79350280761719,113.03960418701172,26.938913345336914
20161003,64.83673858642578,70.51326751708984,78.42003631591797
20161004,147.34649658203125,174.09535217285156,145.2127227783203
20161005,119.91195678710938,119.54285430908203,132.94740295410156
20161006,92.69335174560547,97.27161407470703,89.24754333496094
20161007,25.318988800048828,42.068424224853516,21.05353355407715
20161008,50.19042205810547,25.01796531677246,76.51399230957031
20161009,101.5645751953125,155.77223205566406,64.96471405029297
20161010,90.01542663574219,131.6162567138672,69.86060333251953
20161011,85.37545776367188,102.13519287109375,66.2595443725586
20161012,101.61250305175781,162.07957458496094,92.9433822631836
20161013,112.53922271728516,117.07077026367188,105.78596496582031
20161014,93.18052673339844,139.34056091308594,77.48252868652344
20161015,60.44831085205078,88.38463592529297,46.913692474365234
20161016,53.55189895629883,76.2672348022461,50.89152526855469
20161017,128.75704956054688,128.3607177734375,126.53197479248047
20161018,114.42375946044922,102.66439056396484,142.7204132080078
20161019,112.19987487792969,170.44496154785156,88.8549575805664
20161020,115.55469512939453,134.39883422851562,96.08734893798828
20161021,78.98127746582031,83.36981964111328,69.53866577148438
20161022,81.6326675415039,111.364013671875,50.01693344116211
20161023,79.82090759277344,95.49024963378906,53.09886932373047
20161024,86.04071807861328,98.02957916259766,71.5455551147461
20161025,71.29698944091797,76.54502868652344,72.96698760986328
20161026,96.95320129394531,53.69709396362305,134.36602783203125
20161027,99.09390258789062,65.8592529296875,109.86624908447266
20161028,82.20970916748047,57.85176086425781,96.50816345214844
20161029,66.83617401123047,83.28805541992188,69.470458984375
20161030,82.43946838378906,89.65714263916016,87.24673461914062
20161031,63.814788818359375,92.53579711914062,38.59199523925781
20161101,89.67141723632812,52.58552932739258,114.03997039794922
20161102,77.03646087646484,92.15919494628906,51.24658203125
20161103,62.05097961425781,28.550762176513672,79.38050842285156
20161104,48.217872619628906,76.91112518310547,32.07573699951172
20161105,65.12256622314453,86.56281280517578,57.76155090332031
20161106,69.65679931640625,77.15821075439453,51.48604965209961
20161107,66.01131439208984,59.825565338134766,69.86060333251953
20161108,89.67141723632812,94.6539535522461,87.72305297851562
20161109,50.19042205810547,22.238189697265625,64.92096710205078
20161110,71.2380142211914,35.509368896484375,88.8549575805664
20161111,94.90303039550781,108.12674713134766,75.15699005126953
20161112,39.57667541503906,31.56388282775879,52.654788970947266
20161113,67.60342407226562,59.90696334838867,62.46040725708008
20161114,153.25045776367188,141.0265350341797,147.03756713867188
20161115,81.45658111572266,64.96468353271484,99.34276580810547
20161116,106.85701751708984,127.83372497558594,79.96946716308594
20161117,59.95597839355469,89.65714263916016,33.23685073852539
20161118,92.14374542236328,64.30208587646484,130.25469970703125
20161119,61.87860107421875,49.35050582885742,68.6053237915039
20161120,52.5804443359375,59.90696334838867,37.47624206542969
20161121,118.51763153076172,129.96810913085938,118.26134490966797
20161122,100.06166076660156,115.50423431396484,96.3419418334961
20161123,75.68257141113281,46.43052673339844,87.13719940185547
20161124,67.71858978271484,67.51014709472656,75.08016967773438
20161125,76.48912811279297,70.38802337646484,68.49565887451172
20161126,83.14237976074219,78.5240249633789,94.60647583007812
20161127,109.89561462402344,125.2083969116211,130.5452117919922
20161128,111.19926452636719,128.3607177734375,97.33229064941406
20161129,145.42979431152344,204.04896545410156,107.49282836914062
20161130,120.1720199584961,177.09877014160156,69.51428985595703
20161201,146.6143341064453,118.75747680664062,160.01266479492188
20161202,64.86146545410156,55.424415588378906,61.63924789428711
20161203,36.35190963745117,36.240013122558594,30.227750778198242
20161204,22.950815200805664,30.506893157958984,25.445762634277344
20161205,85.22901153564453,101.96000671386719,56.696475982666016
20161206,68.572265625,42.068424224853516,78.95074462890625
20161207,103.3477554321289,151.83316040039062,63.32192611694336
20161208,75.39987182617188,40.08948516845703,100.3157730102539
20161209,71.08514404296875,75.59075927734375,63.0501594543457
20161210,62.58562469482422,35.65312957763672,74.3455810546875
20161211,47.32239532470703,78.62789154052734,26.233369827270508
20161212,95.49745178222656,95.20349884033203,79.40911865234375
20161213,137.07176208496094,136.64984130859375,132.97604370117188
20161214,110.9472427368164,147.4743194580078,79.07666778564453
20161215,108.9334716796875,118.4707260131836,98.8162841796875
20161216,107.91650390625,74.84127807617188,140.45628356933594
20161217,57.11323547363281,66.42700958251953,63.32192611694336
20161218,81.59033203125,81.33919525146484,108.55187225341797
20161219,85.88137817382812,97.84803771972656,61.21119689941406
20161220,114.6426010131836,120.30496215820312,130.45008850097656
20161221,195.18496704101562,311.33465576171875,111.29308319091797
20161222,125.21733856201172,147.5286102294922,123.05343627929688
20161223,182.83653259277344,246.6056365966797,134.1479034423828
20161224,100.55011749267578,89.10276794433594,120.77082061767578
20161225,90.06981658935547,119.72342681884766,66.57411193847656
20161226,95.73894500732422,133.62196350097656,95.53192138671875
20161227,90.86843872070312,82.35340118408203,82.42903900146484
20161228,127.40645599365234,160.43910217285156,122.67020416259766
20161229,98.7843246459961,91.91490936279297,109.52301788330078
20161230,206.6664276123047,247.23635864257812,196.39955139160156
20161231,152.97825622558594,152.5073699951172,146.77639770507812
20170101,108.47199249267578,99.81978607177734,124.88934326171875
20170102,146.65013122558594,171.99850463867188,157.81011962890625
20170103,121.9743881225586,89.5992202758789,138.79283142089844
20170104,108.89063262939453,91.41512298583984,114.37386322021484
20170105,68.13825988769531,62.703250885009766,87.1678466796875
20170106,129.0610809326172,95.30653381347656,135.1416015625
20170107,71.2380142211914,35.509368896484375,103.66412353515625
20170108,37.814701080322266,30.158639907836914,37.73292922973633
20170109,161.02760314941406,217.86477661132812,114.77099609375
20170110,66.47293090820312,44.17887878417969,82.91148376464844
20170111,137.6140899658203,166.5884552001953,130.7776336669922
20170112,129.81033325195312,95.85983276367188,167.90879821777344
20170113,127.04450225830078,103.19910430908203,140.8553009033203
20170114,64.44683837890625,42.832313537597656,85.7433090209961
20170115,29.185617446899414,43.643672943115234,24.268754959106445
20170116,72.58614349365234,39.47057342529297,98.76707458496094
20170117,100.71996307373047,122.72325897216797,102.36331939697266
20170118,102.49857330322266,120.7618179321289,85.23077392578125
20170119,125.66645050048828,120.2684555053711,167.1929473876953
20170120,104.65530395507812,63.50714111328125,136.21173095703125
20170121,39.01728820800781,23.338314056396484,45.42173385620117
20170122,85.1360855102539,108.02149200439453,64.3575668334961
20170123,111.45087432861328,111.10781860351562,102.97209930419922
20170124,96.97809600830078,132.2983856201172,67.90764617919922
20170125,104.37609100341797,131.4376678466797,82.22399139404297
20170126,111.43194580078125,111.08894348144531,109.50627136230469
20170127,119.15711212158203,95.03227233886719,126.8260726928711
20170128,98.63725280761719,81.94469451904297,102.52495574951172
20170129,116.2304458618164,101.38859558105469,144.97389221191406
20170130,166.4895477294922,217.48719787597656,95.47673797607422
20170131,188.69056701660156,198.560302734375,183.05247497558594
20170201,150.57125854492188,200.1437225341797,125.20471954345703
20170202,166.10296630859375,132.4733428955078,189.4214630126953
20170203,184.0315399169922,100.90579223632812,252.49618530273438
20170204,148.07135009765625,109.65728759765625,168.8584747314453
20170205,50.518463134765625,0.0,84.01536560058594
20170206,83.56026458740234,47.601749420166016,109.18753814697266
20170207,184.3418731689453,167.06768798828125,195.09133911132812
20170208,101.92516326904297,90.3212661743164,103.58818054199219
20170209,92.30064392089844,112.46466064453125,76.7508773803711
20170210,212.408935546875,221.83868408203125,185.03536987304688
20170211,128.20175170898438,156.66680908203125,103.16493225097656
20170212,89.32766723632812,74.2105941772461,111.41812896728516
20170213,132.0226287841797,71.79067993164062,169.66146850585938
20170214,185.8536376953125,87.19132232666016,272.72314453125
20170215,118.85968017578125,92.73429107666016,128.9159393310547
20170216,127.40645599365234,91.45027923583984,161.03253173828125
20170217,88.52149963378906,65.02559661865234,100.72727966308594
20170218,92.24872589111328,50.162601470947266,125.52169799804688
20170219,95.06265258789062,72.90003204345703,121.61164855957031
20170220,110.41893005371094,102.74044036865234,122.42239379882812
20170221,139.23226928710938,104.10276794433594,164.0159912109375
20170222,95.24954986572266,84.40565490722656,88.0033187866211
20170223,59.775657653808594,69.52360534667969,41.421112060546875
20170224,90.82076263427734,85.77587890625,87.44457244873047
20170225,43.472015380859375,26.0029239654541,50.60768127441406
20170226,48.10783004760742,41.10835647583008,68.57685852050781
20170227,81.36131286621094,92.6981430053711,67.65447998046875
20170228,69.56926727294922,106.70020294189453,53.399105072021484
20170301,130.10084533691406,129.70037841796875,124.82646179199219
20170302,114.5424575805664,91.3519058227539,121.91442108154297
20170303,64.7708740234375,64.57150268554688,69.24730682373047
20170304,16.43954086303711,16.388938903808594,20.50499153137207
20170305,122.122314453125,136.96470642089844,126.93566131591797
20170306,117.259033203125,140.27772521972656,126.75592803955078
20170307,141.88922119140625,152.33343505859375,127.06112670898438
20170308,111.12447357177734,63.30424118041992,149.6056365966797
20170309,123.0382308959961,75.48277282714844,141.6602020263672
20170310,71.80421447753906,57.26655197143555,79.60993194580078
20170311,52.903411865234375,56.79753875732422,47.374759674072266
20170312,75.8024673461914,105.79679107666016,75.6385498046875
20170313,78.47029876708984,67.05322265625,93.21501922607422
20170314,59.832916259765625,43.38090515136719,72.367919921875
20170315,95.8620834350586,127.42268371582031,70.85540008544922
20170316,80.57597351074219,62.477294921875,81.89065551757812
20170317,97.03926849365234,87.94596862792969,95.36231231689453
20170318,91.13523864746094,86.90451049804688,105.435546875
20170319,99.91503143310547,122.59382629394531,115.03728485107422
20170320,140.57020568847656,134.04458618164062,121.97064971923828
20170321,81.21882629394531,46.26789855957031,106.12799072265625
20170322,156.499267578125,124.81403350830078,199.5388641357422
20170323,131.1907958984375,158.81277465820312,101.29716491699219
20170324,177.37338256835938,258.0724182128906,79.72514343261719
20170325,83.81195068359375,71.61769104003906,86.2856674194336
20170326,46.93921661376953,80.21955108642578,11.151837348937988
20170327,116.55330657958984,122.31005096435547,122.42239379882812
20170328,87.32604217529297,104.46868896484375,77.45529174804688
20170329,93.54426574707031,76.79933166503906,100.66293334960938
20170330,75.62940216064453,70.37016296386719,83.8509521484375
20170331,118.13721466064453,141.3282928466797,78.58783721923828
20170401,66.33427429199219,41.33130645751953,75.84365844726562
20170402,68.06645965576172,60.31727981567383,62.88821792602539
20170403,79.89495086669922,49.01478958129883,91.98713684082031
20170404,150.57125854492188,122.31005096435547,176.2140350341797
20170405,125.19940948486328,41.604679107666016,173.51205444335938
20170406,124.10195922851562,171.3045654296875,63.50440979003906
20170407,143.82296752929688,185.0067901611328,131.16685485839844
20170408,176.61795043945312,219.11468505859375,137.0724639892578
20170409,130.3556671142578,107.02128601074219,127.52332305908203
20170410,134.95645141601562,159.00306701660156,122.42239379882812
20170411,97.26019287109375,91.25724029541016,114.17632293701172
20170412,171.33970642089844,193.58729553222656,189.9657745361328
20170413,156.74610900878906,187.516357421875,147.71786499023438
20170414,123.9395980834961,78.62789154052734,140.53591918945312
20170415,118.7955322265625,81.98990631103516,151.97262573242188
20170416,86.14241790771484,31.228097915649414,130.23658752441406
20170417,111.51217651367188,91.55088806152344,109.0892562866211
20170418,106.6658706665039,59.076412200927734,137.97157287597656
20170419,152.96888732910156,136.72238159179688,175.44610595703125
20170420,178.77349853515625,73.38603210449219,279.8226013183594
20170421,130.75924682617188,86.90451049804688,154.0347442626953
20170422,127.40645599365234,163.3040771484375,90.80782318115234
20170423,41.20109176635742,65.71883392333984,41.111995697021484
20170424,142.7318115234375,118.57706451416016,158.24798583984375
20170425,61.82086181640625,61.63056945800781,51.405982971191406
20170426,92.1579818725586,61.249542236328125,102.17633819580078
20170427,104.49739837646484,93.7581787109375,104.27143859863281
20170428,126.36498260498047,116.97772979736328,142.60372924804688
20170429,84.0753173828125,58.671573638916016,111.85801696777344
20170430,37.988162994384766,30.29698371887207,50.541351318359375
20170501,126.25030517578125,95.8946304321289,149.97299194335938
20170502,126.7417221069336,103.37857818603516,143.71324157714844
20170503,109.7222671508789,31.252727508544922,165.096435546875
20170504,95.95024108886719,127.53984832763672,60.7890510559082
20170505,76.30575561523438,44.74757766723633,89.57735443115234
20170506,69.86804962158203,98.3336410522461,68.34996795654297
20170507,22.034818649291992,43.93398666381836,24.43018913269043
20170508,72.8036880493164,48.38639450073242,90.80782318115234
20170509,77.81199645996094,77.57247924804688,64.70310974121094
20170510,123.99986267089844,117.7315902709961,127.65971374511719
20170511,99.90283203125,104.83718872070312,87.44457244873047
20170512,78.98820495605469,49.215667724609375,98.52174377441406
20170513,30.51049041748047,17.380901336669922,43.492164611816406
20170514,37.64281463623047,45.0323371887207,37.56141662597656
20170515,75.4284896850586,25.06543731689453,104.53524780273438
20170516,74.9207534790039,64.02012634277344,71.19880676269531
20170517,97.42845916748047,79.98823547363281,95.3115463256836
20170518,97.73103332519531,102.55811309814453,76.9892349243164
20170519,75.71583557128906,37.74138641357422,94.44012451171875
20170520,62.501277923583984,49.84711456298828,62.36612319946289
20170521,54.866546630859375,41.02324676513672,57.0290641784668
20170522,143.4822235107422,37.3149299621582,228.24514770507812
20170523,139.23226928710938,115.66975402832031,154.36798095703125
20170524,181.95040893554688,224.07041931152344,133.4977569580078
20170525,146.43972778320312,191.2958984375,117.57028198242188
20170526,218.0687255859375,289.8633117675781,172.6961669921875
20170527,150.57125854492188,214.439697265625,114.47288513183594
20170528,86.60308074951172,100.72592163085938,84.01536560058594
20170529,103.30252838134766,164.77528381347656,91.62590789794922
20170530,128.18490600585938,107.61292266845703,123.41972351074219
20170531,157.74131774902344,213.41856384277344,93.69061279296875
20170601,90.67247772216797,96.41960144042969,90.47640228271484
20170602,88.57132720947266,47.09263610839844,117.83973693847656
20170603,80.7943344116211,89.49515533447266,74.64779663085938
20170604,85.85488891601562,142.65103149414062,47.594017028808594
20170605,276.6095275878906,430.4516906738281,123.41972351074219
20170606,227.27735900878906,339.8666687011719,179.53883361816406
20170607,245.9568328857422,333.8890380859375,165.3572540283203
20170608,182.93284606933594,236.58778381347656,164.44798278808594
20170609,121.29351043701172,175.12576293945312,118.2489013671875
20170610,67.0400619506836,86.49067687988281,52.466739654541016
20170611,50.518463134765625,57.55766677856445,48.00878143310547
20170612,144.54840087890625,156.11209106445312,150.24566650390625
20170613,107.03875732421875,101.09300231933594,112.42872619628906
20170614,77.39643859863281,72.01432800292969,94.39109802246094
20170615,108.01850891113281,112.81391906738281,102.6523208618164
20170616,105.61810302734375,86.14881896972656,127.74510955810547
20170617,71.37345123291016,83.71029663085938,62.84039306640625
20170618,97.20853424072266,104.36388397216797,87.04978942871094
20170619,171.01210021972656,252.5714111328125,115.86823272705078
20170620,204.19937133789062,237.4993133544922,160.3649444580078
20170621,180.24266052246094,165.11856079101562,210.63853454589844
20170622,210.32177734375,219.20501708984375,206.68716430664062
20170623,107.30852508544922,111.62945556640625,93.10999298095703
20170624,90.93323516845703,69.06920623779297,100.81844329833984
20170625,65.09412384033203,72.10417175292969,60.14200210571289
20170626,128.3940887451172,89.5992202758789,149.4691925048828
20170627,106.09647369384766,141.0265350341797,78.42003631591797
20170628,110.05207824707031,120.6846694946289,82.36058044433594
20170629,103.35624694824219,92.73429107666016,103.13274383544922
20170630,102.60165405273438,77.93206787109375,113.75531768798828
20170701,96.48255157470703,82.44477081298828,114.61180877685547
20170702,66.547119140625,73.7136459350586,61.48446273803711
20170703,120.5723876953125,63.263816833496094,147.75115966796875
20170704,77.9427719116211,0.0,129.62371826171875
20170705,208.90066528320312,95.20349884033203,287.8580627441406
20170706,177.17137145996094,96.34146118164062,267.8609924316406
20170707,115.72289276123047,67.29723358154297,152.3597412109375
20170708,100.65813446044922,45.61286163330078,136.9642791748047
20170709,113.18568420410156,60.17988967895508,150.58790588378906
20170710,98.00495910644531,52.10842514038086,130.39071655273438
20170711,112.50230407714844,62.308895111083984,135.12660217285156
20170712,94.16999053955078,77.31304168701172,119.76103973388672
20170713,55.37727355957031,50.18801498413086,58.60646057128906
20170714,93.1047134399414,78.16263580322266,114.09187316894531
20170715,35.428531646728516,26.489608764648438,36.82491683959961
20170716,44.069637298583984,29.289323806762695,48.86037826538086
20170717,113.9952392578125,93.58946990966797,144.97389221191406
20170718,140.66104125976562,98.15965270996094,163.74969482421875
20170719,67.03340911865234,33.41353988647461,92.90062713623047
20170720,114.76612091064453,62.40701675415039,147.48524475097656
20170721,80.10476684570312,84.55573272705078,70.52783203125
20170722,94.76786804199219,94.47616577148438,93.13016510009766
20170723,120.32831573486328,84.67618560791016,141.25660705566406
20170724,53.321006774902344,26.578439712524414,66.50713348388672
20170725,100.20222473144531,70.51326751708984,117.63005828857422
20170726,125.10517883300781,86.76181030273438,153.7818145751953
20170727,107.20284271240234,128.2474365234375,98.05677032470703
20170728,113.88499450683594,98.72560119628906,107.05097198486328
20170729,66.25135040283203,66.04742431640625,70.8301010131836
20170730,71.32322692871094,31.601638793945312,92.256103515625
20170731,170.75091552734375,149.7982940673828,204.4580078125
20170801,198.3933563232422,143.84193420410156,219.9603729248047
20170802,145.28805541992188,57.93634033203125,193.2985076904297
20170803,135.8093719482422,58.86579513549805,186.57958984375
20170804,95.55484008789062,52.9226188659668,123.59953308105469
20170805,77.60041809082031,87.03174591064453,64.52717590332031
20170806,77.9427719116211,46.62171173095703,103.69895935058594
20170807,127.92436218261719,93.96991729736328,134.36602783203125
20170808,169.71409606933594,112.7944564819336,219.52401733398438
20170809,136.29527282714844,70.89169311523438,187.2471160888672
20170810,215.31689453125,110.07904815673828,330.5404357910156
20170811,145.5007781982422,77.3615493774414,217.7792205810547
20170812,181.9040069580078,76.35540771484375,270.67376708984375
20170813,75.97632598876953,30.29698371887207,113.71804809570312
20170814,202.68099975585938,189.42855834960938,200.1360321044922
20170815,232.3563690185547,201.94357299804688,247.70718383789062
20170816,159.36752319335938,102.13519287109375,198.7786102294922
20170817,102.84115600585938,64.75238037109375,126.02305603027344
20170818,138.9141387939453,159.7921600341797,106.6259536743164
20170819,126.86429595947266,178.00015258789062,62.5135612487793
20170820,73.74918365478516,134.79066467285156,30.66238021850586
20170821,177.33230590820312,254.57252502441406,129.7624969482422
20170822,250.00511169433594,311.5444641113281,228.67579650878906
20170823,149.3144073486328,143.34165954589844,165.546142578125
20170824,95.28536224365234,33.526611328125,139.82252502441406
20170825,86.63638305664062,60.966854095458984,101.70475769042969
20170826,129.9990234375,153.59866333007812,88.08006286621094
20170827,65.23656463623047,72.26195526123047,60.27360534667969
20170828,126.38310241699219,92.83775329589844,132.74716186523438
20170829,85.88137817382812,61.155025482177734,102.01866149902344
20170830,142.64645385742188,94.80491638183594,184.51220703125
20170831,121.707763671875,73.85494995117188,176.0066375732422
20170901,133.69107055664062,138.21583557128906,107.05097198486328
20170902,67.69552612304688,62.98801040649414,60.043678283691406
20170903,57.11323547363281,63.263816833496094,63.32192611694336
20170904,253.09506225585938,118.73694610595703,334.25439453125
20170905,188.14927673339844,90.94309997558594,246.53045654296875
20170906,202.4923858642578,113.87487030029297,267.6790466308594
20170907,152.65289306640625,111.60087585449219,169.24754333496094
20170908,132.6992950439453,107.79253387451172,163.4720458984375
20170909,45.15271759033203,16.36863136291504,68.26527404785156
20170910,90.01542663574219,59.825565338134766,109.78095245361328
20170911,63.70322799682617,69.280517578125,57.78679275512695
20170912,125.10517883300781,86.76181030273438,144.73583984375
20170913,138.88095092773438,133.32554626464844,145.4241180419922
20170914,84.80172729492188,31.70276641845703,114.58735656738281
20170915,120.09308624267578,59.86171340942383,149.791748046875
20170916,104.74522399902344,87.01900482177734,137.90664672851562
20170917,88.92799377441406,103.42996978759766,110.91960906982422
20170918,172.77781677246094,118.79033660888672,217.98231506347656
20170919,129.6927032470703,96.97012329101562,197.71316528320312
20170920,162.99935913085938,125.80462646484375,218.61141967773438
20170921,139.58956909179688,85.63685607910156,187.502685546875
20170922,107.4874496459961,77.93206787109375,130.00607299804688
20170923,95.8901138305664,34.761802673339844,144.97389221191406
20170924,97.23780059814453,51.70052719116211,129.3700408935547
20170925,55.39410400390625,33.134159088134766,64.48670959472656
20170926,133.39198303222656,210.55386352539062,157.13612365722656
20170927,132.11126708984375,136.5825653076172,146.47288513183594
20170928,150.35079956054688,116.04232788085938,153.25204467773438
20170929,72.12433624267578,10.271761894226074,119.9472885131836
20170930,63.8707160949707,40.519893646240234,72.42341613769531
20171001,60.6419677734375,30.22765350341797,100.85139465332031
20171002,148.87945556640625,176.25015258789062,147.01002502441406
20171003,90.38383483886719,117.13731384277344,82.67269134521484
20171004,108.68004608154297,95.34405517578125,115.67469787597656
20171005,83.91305541992188,47.80271911621094,112.97120666503906
20171006,151.4772186279297,79.47945404052734,212.139892578125
20171007,79.36054229736328,35.16278076171875,112.42872619628906
20171008,95.69639587402344,88.06324005126953,110.1801528930664
20171009,61.34384536743164,9.408465385437012,94.17107391357422
20171010,95.95598602294922,83.18315887451172,97.13615417480469
20171011,115.2568588256836,25.533798217773438,177.4809112548828
20171012,85.92912292480469,85.66462707519531,92.88858032226562
20171013,68.34180450439453,48.0927848815918,86.91395568847656
20171014,87.71141052246094,17.488285064697266,131.28262329101562
20171015,98.54320526123047,90.68296813964844,113.45782470703125
20171016,111.01097869873047,115.0960464477539,118.1556625366211
20171017,108.01850891113281,98.71218872070312,142.2162322998047
20171018,118.03402709960938,189.7914581298828,88.65069580078125
20171019,121.04388427734375,80.4475326538086,154.33273315429688
20171020,72.2603759765625,45.497650146484375,88.54891204833984
20171021,60.9871940612793,89.5992202758789,26.690927505493164
20171022,36.4018440246582,29.031837463378906,36.32312774658203
20171023,104.00526428222656,93.31661987304688,121.07709503173828
20171024,110.12525177001953,52.69741439819336,139.1903533935547
20171025,119.0936508178711,79.15137481689453,139.37570190429688
20171026,83.75645446777344,25.049592971801758,125.36300659179688
20171027,94.87067413330078,63.05243682861328,124.90589904785156
20171028,62.3332633972168,23.67291259765625,88.8549575805664
20171029,49.62648391723633,24.73686408996582,72.2154541015625
20171030,97.42845916748047,87.41571044921875,89.11630249023438
20171031,68.25345611572266,81.65203857421875,52.971229553222656
20171101,75.8603286743164,58.82086181640625,77.09806823730469
20171102,188.31134033203125,307.19732666015625,85.41097259521484
20171103,88.22819519042969,63.96845245361328,93.37300872802734
20171104,43.894447326660156,35.007469177246094,48.66614532470703
20171105,105.49578857421875,112.1824722290039,116.96406555175781
20171106,132.50270080566406,118.42987060546875,151.97262573242188
20171107,113.52740478515625,72.75726318359375,148.34536743164062
20171108,181.0870361328125,105.67588806152344,257.0870361328125
20171109,109.60702514648438,72.84642791748047,135.0247039794922
20171110,107.6008071899414,114.93170928955078,108.64631652832031
20171111,51.84888458251953,80.40556335449219,33.5330924987793
20171112,59.551780700683594,29.684236526489258,74.27875518798828
20171113,83.04486846923828,101.1868667602539,69.05441284179688
20171114,111.65958404541016,98.94745635986328,158.1862335205078
20171115,71.92547607421875,95.60543823242188,66.45365142822266
20171116,119.26782989501953,38.35506820678711,179.1547088623047
20171117,49.271602630615234,22.67074203491211,81.94175720214844
20171118,26.955793380737305,23.886953353881836,24.90509796142578
20171119,60.78105545043945,75.74246215820312,50.541351318359375
20171120,57.03129577636719,9.475957870483398,86.94273376464844
20171121,144.8372344970703,121.10247039794922,194.2527313232422
20171122,143.44000244140625,80.4366455078125,186.36697387695312
20171123,48.649192810058594,52.908485412597656,44.13090133666992
20171124,74.12738800048828,92.3740234375,61.63924789428711
20171125,55.61498260498047,90.0961685180664,23.122800827026367
20171126,16.43954086303711,32.77787780761719,13.669994354248047
20171127,164.1797332763672,182.93019104003906,136.52059936523438
20171128,101.45014190673828,17.58919334411621,154.04681396484375
20171129,99.85459899902344,51.937686920166016,129.96348571777344
20171130,111.56315612792969,42.776832580566406,171.2644805908203
20171201,110.03947448730469,45.3934211730957,151.45037841796875
20171202,21.3911190032959,24.37174415588379,15.246331214904785
20171203,34.650291442871094,13.817452430725098,46.10047912597656
20171204,64.41104125976562,64.21277618408203,68.86259460449219
20171205,133.23780822753906,100.76583862304688,145.17495727539062
20171206,109.0212173461914,58.52303695678711,146.4419708251953
20171207,64.61444854736328,8.58874225616455,100.29402923583984
20171208,89.091064453125,121.11386108398438,80.81674194335938
20171209,55.40386199951172,69.7684097290039,38.79582595825195
20171210,96.33865356445312,103.42996978759766,98.59521484375
20171211,142.69522094726562,91.45027923583984,161.03253173828125
20171212,97.67827606201172,118.54666900634766,77.69113159179688
20171213,80.26045227050781,65.46550750732422,91.0078353881836
20171214,104.08340454101562,45.11436080932617,135.4674072265625
20171215,90.98188018798828,82.45621490478516,123.79792785644531
20171216,37.324703216552734,24.80654525756836,41.38221740722656
20171217,53.28527069091797,53.121253967285156,73.8472900390625
20171218,67.39183044433594,41.344242095947266,103.4555435180664
20171219,78.6366195678711,48.99660873413086,98.0832290649414
20171220,93.0496597290039,64.93427276611328,108.32318878173828
20171221,94.13250732421875,35.74961853027344,134.18421936035156
20171222,69.98382568359375,37.209815979003906,93.10999298095703
20171223,67.17501068115234,25.113088607788086,97.75172424316406
20171224,89.52886199951172,79.33625030517578,99.26139831542969
20171225,73.61261749267578,36.693016052246094,122.42239379882812
20171226,97.9522705078125,124.28279876708984,74.0457992553711
20171227,115.55469512939453,65.8280029296875,137.2676239013672
20171228,128.48069763183594,111.37845611572266,130.06088256835938
20171229,121.5621109008789,171.6829071044922,67.38847351074219
20171230,93.7921371459961,51.00187301635742,134.71189880371094
20171231,47.662845611572266,15.838711738586426,66.05524444580078
20180101,96.5763168334961,57.76742935180664,112.42872619628906
20180102,188.69056701660156,94.05487823486328,278.9371032714844
20180103,138.02365112304688,147.4272918701172,172.156494140625
20180104,146.35792541503906,77.81729125976562,194.721923828125
20180105,66.51741790771484,88.41690063476562,58.998741149902344
20180106,78.94584655761719,50.36981964111328,94.53015899658203
20180107,30.460391998291016,45.549949645996094,12.664384841918945
20180108,82.1722183227539,92.15919494628906,68.32877349853516
20180109,77.14198303222656,63.33314514160156,90.55902862548828
20180110,71.72000122070312,44.68702697753906,82.00146484375
20180111,95.51309204101562,60.59396743774414,108.30290222167969
20180112,167.51290893554688,116.89810180664062,222.86756896972656
20180113,83.7867202758789,29.83172035217285,124.41300201416016
20180114,63.24711990356445,0.0,105.18392181396484
20180115,58.96156311035156,53.436431884765625,62.39976119995117
20180116,58.74949645996094,45.05281448364258,60.12559509277344
20180117,128.2569580078125,79.36273193359375,154.45814514160156
20180118,82.81419372558594,137.5988006591797,91.8167953491211
20180119,102.11367797851562,105.87133026123047,88.30714416503906
20180120,68.94937133789062,29.885713577270508,99.7105484008789
20180121,71.32322692871094,79.00409698486328,52.7177734375
20180122,129.9990234375,153.59866333007812,96.08734893798828
20180123,129.00125122070312,110.23213958740234,153.24081420898438
20180124,136.3526611328125,143.92901611328125,153.3985137939453
20180125,82.48857879638672,34.625125885009766,108.30290222167969
20180126,65.83985137939453,57.43254089355469,88.96533966064453
20180127,43.261146545410156,24.644561767578125,56.528995513916016
20180128,32.47615432739258,43.168251037597656,54.00988006591797
20180129,76.4438705444336,101.6114273071289,50.852378845214844
20180130,95.8901138305664,69.52360534667969,101.4817123413086
20180131,102.40994262695312,117.80158996582031,111.35924530029297
20180201,52.32488250732422,48.151222229003906,73.6319351196289
20180202,30.99478530883789,23.174535751342773,45.102989196777344
20180203,72.01234436035156,14.358135223388672,119.76103973388672
20180204,53.42850875854492,60.87320327758789,63.467830657958984
20180205,84.5761947631836,84.31585693359375,78.14195251464844
20180206,56.73699188232422,34.80760192871094,79.84069061279297
20180207,76.4438705444336,59.27333450317383,77.69113159179688
20180208,93.48350524902344,72.93580627441406,101.39278411865234
20180209,72.09941864013672,55.90471267700195,79.9372329711914
20180210,36.4018440246582,36.289794921875,35.314151763916016
20180211,44.66383361816406,59.368473052978516,49.519168853759766
20180212,124.49918365478516,124.115966796875,147.892822265625
20180213,73.42066192626953,68.88909912109375,79.0079345703125
20180214,37.50076675415039,24.92355728149414,41.577415466308594
20180215,69.69510650634766,40.870933532714844,95.4531021118164
20180216,53.116973876953125,48.139522552490234,48.18374252319336
20180217,50.916500091552734,23.886953353881836,74.71529388427734
20180218,64.8251953125,64.62566375732422,64.68502044677734
20180219,91.53900146484375,57.03577423095703,142.7204132080078
20180220,91.38117980957031,100.20988464355469,75.98631286621094
20180221,72.11685943603516,28.757951736450195,95.94788360595703
20180222,53.79000473022461,53.62443542480469,44.72807312011719
20180223,74.92713165283203,78.62789154052734,72.14176940917969
20180224,48.79865646362305,40.06343078613281,47.73836898803711
20180225,37.21986389160156,59.368473052978516,12.379792213439941
20180226,90.38383483886719,45.05281448364258,120.25119018554688
20180227,65.59539794921875,37.36771011352539,77.9208984375
20180228,70.12908172607422,57.57558822631836,89.18692016601562
20180301,93.70771789550781,112.10313415527344,70.1288070678711
20180302,151.3148193359375,48.92401885986328,224.4410400390625
20180303,47.11207580566406,70.4505844116211,44.07206344604492
20180304,55.790611267089844,55.61888122558594,69.58746337890625
20180305,108.14913177490234,79.86387634277344,119.90584564208984
20180306,88.45307922363281,44.09040451049805,110.32725524902344
20180307,134.17996215820312,58.52303695678711,195.25596618652344
20180308,106.09647369384766,39.17403793334961,150.30506896972656
20180309,101.20653533935547,62.089237213134766,135.94496154785156
20180310,106.64852142333984,25.77460479736328,161.23924255371094
20180311,72.64402770996094,43.45225524902344,120.81156921386719
20180312,135.9002227783203,42.33809280395508,197.75926208496094
20180313,119.58728790283203,63.58356475830078,145.84617614746094
20180314,94.99882507324219,24.706018447875977,151.11990356445312
20180315,189.4098358154297,75.53072357177734,287.0003967285156
20180316,173.33203125,38.39966583251953,275.45037841796875
20180317,86.76510620117188,30.892154693603516,118.52869415283203
20180318,61.62916564941406,30.7197322845459,76.869873046875
20180319,95.18872833251953,66.42700958251953,110.8133773803711
20180320,134.78366088867188,62.01636505126953,181.0471954345703
20180321,171.2620086669922,107.83252716064453,232.3527069091797
20180322,162.07073974609375,110.34176635742188,184.0718536376953
20180323,84.1159896850586,71.87748718261719,93.2601089477539
20180324,148.64085388183594,133.06259155273438,171.52587890625
20180325,54.60276794433594,60.482994079589844,40.359031677246094
20180326,81.37810516357422,38.177703857421875,103.49291229248047
20180327,90.82076263427734,95.30653381347656,119.24259185791016
20180328,91.53147888183594,86.90451049804688,101.4817123413086
20180329,176.90615844726562,105.81697082519531,213.2993621826172
20180330,48.476600646972656,32.218257904052734,62.70415496826172
20180331,119.91195678710938,89.65714263916016,149.56582641601562
20180401,44.865478515625,44.727378845214844,37.30704879760742
20180402,139.22386169433594,105.29299926757812,151.6973114013672
20180403,105.72024536132812,120.45123291015625,83.72351837158203
20180404,70.6681137084961,79.25691223144531,58.76274871826172
20180405,69.10179901123047,34.444549560546875,93.37300872802734
20180406,100.5026626586914,104.20104217529297,120.34239959716797
20180407,101.63198852539062,107.651611328125,100.35584259033203
20180408,84.3966293334961,126.20527648925781,70.1784439086914
20180409,102.21106719970703,120.4230728149414,115.89777374267578
20180410,213.29278564453125,234.33383178710938,188.21839904785156
20180411,102.49281311035156,49.04512023925781,136.361572265625
20180412,296.52142333984375,320.9465637207031,302.9249572753906
20180413,117.60595703125,93.795166015625,136.91024780273438
20180414,95.6698226928711,101.3363037109375,114.35665130615234
20180415,96.12361145019531,147.4272918701172,86.0782470703125
20180416,194.28549194335938,193.68746948242188,226.17626953125
20180417,178.36903381347656,59.27333450317383,261.3247375488281
20180418,234.35853576660156,26.958131790161133,367.2671813964844
20180419,214.136962890625,174.26760864257812,225.3024139404297
20180420,71.06819915771484,31.4886417388916,91.92622375488281
20180421,48.051753997802734,11.975960731506348,74.91851043701172
20180422,29.31475830078125,0.0,48.752281188964844
20180423,88.52149963378906,74.3149642944336,100.72727966308594
20180424,150.57125854492188,58.106239318847656,218.09854125976562
20180425,193.12814331054688,117.19442749023438,244.37928771972656
20180426,146.26922607421875,85.77587890625,207.48211669921875
20180427,91.80326080322266,53.387062072753906,114.50593566894531
20180428,93.78045654296875,42.22209930419922,130.8074951171875
20180429,52.5804443359375,14.976740837097168,74.95248413085938
20180430,134.5440673828125,111.00408172607422,138.88255310058594
20180501,155.34799194335938,72.87992095947266,197.5644073486328
20180502,186.62353515625,160.6787567138672,239.82876586914062
20180503,125.34039306640625,44.62664031982422,193.55972290039062
20180504,139.01663208007812,23.758068084716797,217.98231506347656
20180505,64.47073364257812,24.48468017578125,86.79622650146484
20180506,22.950815200805664,15.253446578979492,38.168643951416016
20180507,79.70087432861328,39.72777557373047,99.41065979003906
20180508,125.366455078125,48.06945037841797,168.39761352539062
20180509,284.1881103515625,132.8031463623047,413.5447998046875
20180510,233.39476013183594,73.47673797607422,367.7211608886719
20180511,163.6328582763672,79.57521057128906,225.67018127441406
20180512,99.87641143798828,66.37931823730469,132.88058471679688
20180513,98.31822204589844,75.3966064453125,125.77643585205078
20180514,125.73249816894531,77.13567352294922,184.97396850585938
20180515,112.64398956298828,66.54652404785156,159.58082580566406
20180516,150.57125854492188,123.61817932128906,147.29966735839844
20180517,152.6919708251953,67.65421295166016,218.66738891601562
20180518,92.46244812011719,80.1546401977539,106.97102355957031
20180519,55.5361442565918,39.08131790161133,65.19535827636719
20180520,35.240081787109375,28.105287551879883,35.163875579833984
20180521,125.66645050048828,60.13422775268555,175.55259704589844
20180522,81.85124206542969,28.79975128173828,120.10917663574219
20180523,179.17031860351562,99.69422912597656,214.81666564941406
20180524,153.59022521972656,16.553239822387695,248.5266571044922
20180525,140.5561981201172,37.87123107910156,214.80075073242188
20180526,108.21454620361328,47.94731521606445,139.9747772216797
20180527,84.34778594970703,45.866268157958984,102.01866149902344
20180528,102.57495880126953,36.091487884521484,140.48471069335938
20180529,71.2380142211914,10.145533561706543,110.01091003417969
20180530,141.90927124023438,105.09382629394531,202.2891387939453
20180531,92.13764190673828,104.97604370117188,80.26368713378906
20180601,186.23287963867188,63.203277587890625,263.5888977050781
20180602,90.7124252319336,68.60450744628906,119.64794921875
20180603,54.559940338134766,77.7028579711914,51.84947967529297
20180604,146.1427001953125,29.13857078552246,218.74002075195312
20180605,178.0370330810547,64.54145812988281,242.25277709960938
20180606,108.60877227783203,33.31521987915039,159.7820587158203
20180607,88.7294921875,42.12208557128906,119.45552825927734
20180608,116.16471099853516,44.82857131958008,155.7977294921875
20180609,79.71419525146484,35.319480895996094,108.01976013183594
20180610,91.42967987060547,56.09123611450195,128.6604766845703
20180611,135.01004028320312,48.06945037841797,192.4544219970703
20180612,155.8855438232422,69.06920623779297,208.8382110595703
20180613,140.87469482421875,56.176429748535156,200.8143768310547
20180614,188.4875030517578,135.93295288085938,220.09352111816406
20180615,69.98382568359375,23.256135940551758,96.98957061767578
20180616,125.56664276123047,137.10205078125,134.24476623535156
20180617,24.537538528442383,32.61601257324219,27.20497703552246
20180618,47.07783508300781,34.13303756713867,56.94064712524414
20180619,99.42222595214844,36.04225158691406,142.7982940673828
20180620,121.3394775390625,72.57958984375,141.25660705566406
20180621,93.59835052490234,73.02540588378906,121.82080078125
20180622,57.31085968017578,22.85378074645996,82.60334014892578
20180623,29.68250846862793,29.591142654418945,29.61832046508789
20180624,47.90903854370117,40.9384880065918,79.67572784423828
20180625,87.7807388305664,64.4814453125,107.56778717041016
20180626,137.2349395751953,56.61207580566406,212.49029541015625
20180627,130.60302734375,63.12776565551758,164.54623413085938
20180628,88.44233703613281,64.12371826171875,100.28533935546875
20180629,141.04144287109375,98.80512237548828,164.8264617919922
20180630,38.59983444213867,13.993098258972168,52.522315979003906
20180701,59.28532791137695,44.32713317871094,61.62200927734375
20180702,123.02521514892578,72.6794204711914,143.976806640625
20180703,146.81739807128906,137.2176513671875,129.71347045898438
20180704,49.220916748046875,19.627763748168945,65.48597717285156
20180705,119.5712890625,97.12857055664062,117.83973693847656
20180706,128.33192443847656,63.96845245361328,166.73751831054688
20180707,82.65523529052734,44.36967468261719,105.7391128540039
20180708,68.06645965576172,30.158639907836914,88.04350280761719
20180709,170.4659423828125,174.5342254638672,137.916748046875
20180710,121.88159942626953,78.11128234863281,144.78338623046875
20180711,125.24701690673828,68.88909912109375,150.8333282470703
20180712,172.8645782470703,88.17010498046875,247.37049865722656
20180713,125.4760513305664,164.4037628173828,119.24259185791016
20180714,102.95000457763672,126.7820816040039,135.96270751953125
20180715,104.6073989868164,139.04721069335938,115.97911071777344
20180716,168.76254272460938,115.36668395996094,232.54908752441406
20180717,100.79735565185547,91.3519058227539,114.29476928710938
20180718,88.57132720947266,44.149349212646484,117.83973693847656
20180719,143.0528564453125,169.3523712158203,118.95292663574219
20180720,54.0997200012207,16.594829559326172,76.12950134277344
20180721,121.85631561279297,25.574995040893555,191.98866271972656
20180722,72.71489715576172,80.54563903808594,94.05622863769531
20180723,161.70819091796875,87.9329605102539,195.58607482910156
20180724,161.12632751464844,94.48844909667969,189.15048217773438
20180725,105.160888671875,69.8914566040039,153.02798461914062
20180726,107.8719482421875,161.3098602294922,82.22399139404297
20180727,119.3347396850586,106.66043853759766,143.71324157714844
20180728,38.48094177246094,51.14999008178711,26.665090560913086
20180729,23.49338722229004,46.84214401245117,13.023658752441406
20180730,118.85968017578125,51.51905059814453,154.69911193847656
20180731,109.94091796875,76.24522399902344,119.24259185791016
20180801,140.02928161621094,61.07423400878906,189.21295166015625
20180802,121.88159942626953,78.11128234863281,144.78338623046875
20180803,147.8824920654297,42.12208557128906,231.88424682617188
20180804,84.67708587646484,40.519893646240234,112.65863800048828
20180805,53.92552185058594,15.35986614227295,89.6815185546875
20180806,162.54562377929688,111.75537109375,177.10853576660156
20180807,200.45794677734375,89.92842102050781,258.3649597167969
20180808,129.0610809326172,66.71456909179688,166.93963623046875
20180809,170.8864288330078,34.94572830200195,262.3337097167969
20180810,121.93501281738281,64.83182525634766,162.22845458984375
20180811,156.44570922851562,88.15364837646484,231.89866638183594
20180812,85.73704528808594,77.7028579711914,103.69895935058594
20180813,142.4760284423828,81.16426849365234,169.24754333496094
20180814,136.3998565673828,77.7028579711914,186.33409118652344
20180815,111.38750457763672,67.59239196777344,128.8656768798828
20180816,128.16482543945312,88.45637512207031,155.76063537597656
20180817,107.13349151611328,34.17719268798828,156.7893524169922
20180818,54.923404693603516,75.28722381591797,34.252899169921875
20180819,57.11323547363281,48.80351638793945,54.275936126708984
20180820,106.85701751708984,168.2022705078125,112.23784637451172
20180821,152.000732421875,52.25271224975586,209.2028045654297
20180822,119.32880401611328,66.61843872070312,158.76101684570312
20180823,120.28876495361328,147.59201049804688,123.10631561279297
20180824,44.46399688720703,35.461708068847656,51.76248550415039
20180825,72.99467468261719,76.23522186279297,57.8070068359375
20180826,43.39608383178711,0.0,72.17041015625
20180827,109.45875549316406,57.43254089355469,182.03677368164062
20180828,134.43862915039062,32.16595458984375,214.63665771484375
20180829,139.90408325195312,143.97259521484375,165.1201171875
20180830,86.16505432128906,38.177703857421875,119.41490173339844
20180831,62.03310012817383,41.22810745239258,68.77662658691406
20180901,80.2463150024414,115.19900512695312,58.72004318237305
20180902,49.1270637512207,55.97239303588867,35.01487731933594
20180903,94.16999053955078,55.22359848022461,119.76103973388672
20180904,14.36084270477295,9.544425964355469,15.92198657989502
20180905,85.92912292480469,102.79754638671875,64.30747985839844
20180906,97.68965911865234,35.41416931152344,132.9251251220703
20180907,87.86651611328125,35.038421630859375,124.2083969116211
20180908,59.63218307495117,77.28321838378906,39.6688232421875
20180909,47.51633834838867,54.137229919433594,33.866851806640625
20180910,55.42262268066406,25.50093650817871,70.9010009765625
20180911,81.84497833251953,120.24239349365234,35.819297790527344
20180912,80.89298248291016,80.64398956298828,67.26505279541016
20180913,68.56543731689453,51.26578903198242,99.77503967285156
20180914,118.30599212646484,76.09150695800781,133.28244018554688
20180915,63.412872314453125,42.145118713378906,70.30638885498047
20180916,7.232680797576904,0.0,12.028401374816895
20180917,91.08362579345703,19.11647605895996,143.50526428222656
20180918,105.00934600830078,47.584598541259766,134.94688415527344
20180919,58.6295166015625,16.699729919433594,90.53994750976562
20180920,107.92826843261719,24.82986068725586,165.6844482421875
20180921,113.79048919677734,92.43278503417969,119.15156555175781
20180922,37.80805969238281,17.396162033081055,48.3670539855957
20180923,27.95415687561035,27.86811065673828,34.86713790893555
20180924,143.44000244140625,116.186279296875,193.8216552734375
20180925,95.44012451171875,55.50204086303711,125.6556396484375
20180926,110.15664672851562,7.844112873077393,176.65464782714844
20180927,73.69881439208984,23.201671600341797,103.2132568359375
20180928,81.45658111572266,15.467780113220215,122.56574249267578
20180929,44.05010223388672,58.55268478393555,24.419361114501953
20180930,36.24253463745117,28.904781341552734,48.21888732910156
20181001,120.77069091796875,128.99888610839844,100.42461395263672
20181002,36.00617218017578,35.89533996582031,29.94025993347168
20181003,94.41998291015625,78.44112396240234,130.85528564453125
20181004,69.01182556152344,48.56428527832031,87.76605987548828
20181005,78.21883392333984,54.58464813232422,110.57039642333984
20181006,50.7187385559082,56.88294982910156,79.07666778564453
20181007,42.559757232666016,28.28583526611328,70.779541015625
20181008,49.10814666748047,35.605079650878906,51.971771240234375
20181009,95.87750244140625,19.11647605895996,143.50526428222656
20181010,104.19609832763672,112.53166198730469,101.08270263671875
20181011,130.70550537109375,57.00764465332031,176.61428833007812
20181012,87.06867980957031,31.56388282775879,125.05513000488281
20181013,48.09535598754883,35.96048355102539,59.989192962646484
20181014,81.79179382324219,40.770015716552734,113.35407257080078
20181015,122.86271667480469,47.109432220458984,172.89324951171875
20181016,134.61813354492188,105.4458236694336,143.9218292236328
20181017,117.82046508789062,18.070432662963867,188.40655517578125
20181018,127.05738830566406,126.66629028320312,120.74537658691406
20181019,106.1982192993164,48.86369323730469,135.85716247558594
20181020,86.23381042480469,11.857707023620605,133.521728515625
20181021,35.09075927734375,13.993098258972168,46.68650436401367
20181022,83.91838073730469,8.806323051452637,132.2161865234375
20181023,108.8228530883789,86.79031372070312,130.30503845214844
20181024,127.58169555664062,63.5944938659668,204.5986328125
20181025,141.05126953125,127.83372497558594,135.05953979492188
20181026,159.10116577148438,89.47311401367188,196.75027465820312
20181027,94.45203399658203,87.43549346923828,84.14981079101562
20181028,51.074832916259766,58.19156265258789,48.53750991821289
20181029,94.36099243164062,69.31513977050781,99.11257934570312
20181030,109.74150848388672,89.14376831054688,114.91181182861328
20181031,81.52692413330078,102.66439056396484,114.17632293701172
20181101,101.45014190673828,61.56217956542969,117.3689956665039
20181102,103.39347076416016,31.715450286865234,158.722900390625
20181103,47.92141342163086,35.83042907714844,59.77223587036133
20181104,44.33646774291992,25.25714111328125,63.20085144042969
20181105,114.6827621459961,35.17838668823242,176.0535125732422
20181106,62.58562469482422,35.65312957763672,81.78013610839844
20181107,140.43304443359375,32.94136047363281,206.07261657714844
20181108,60.81825637817383,64.67312622070312,60.68674087524414
20181109,114.37254333496094,118.24347686767578,126.80579376220703
20181110,37.60993957519531,17.305002212524414,48.11360549926758
20181111,22.585689544677734,15.010778427124023,25.040943145751953
20181112,42.7428092956543,63.91686248779297,26.6564884185791
20181113,142.2847900390625,97.51969146728516,162.68209838867188
20181114,33.37599563598633,24.954946517944336,34.69148254394531
20181115,106.85701751708984,57.36128616333008,157.20494079589844
20181116,44.5455322265625,24.2227725982666,67.34728240966797
20181117,45.58579635620117,36.356380462646484,45.48721694946289
20181118,34.79587936401367,13.875510215759277,46.294185638427734
20181119,55.67340850830078,37.00135803222656,61.72557830810547
20181120,58.04248809814453,24.798782348632812,89.63341522216797
20181121,84.62763977050781,72.314697265625,113.9332504272461
20181122,58.45708084106445,0.0,97.21778869628906
20181123,135.29591369628906,95.72090911865234,174.1978759765625
20181124,70.05430603027344,26.605207443237305,99.86116790771484
20181125,62.20784378051758,77.52045440673828,38.79582595825195
20181126,101.25752258300781,105.7527847290039,112.26507568359375
20181127,129.9046173095703,92.5033950805664,162.02963256835938
20181128,100.890380859375,50.2899169921875,146.81365966796875
20181129,96.0164566040039,63.81393814086914,119.76103973388672
20181130,142.18678283691406,30.648456573486328,223.68359375
20181201,53.17625045776367,6.2367730140686035,88.43543243408203
20181202,21.417463302612305,14.234358787536621,23.7457218170166
20181203,50.19042205810547,45.487205505371094,45.528987884521484
20181204,99.66178131103516,37.84952926635742,134.1735382080078
20181205,103.38850402832031,24.73686408996582,151.30857849121094
20181206,131.27745056152344,113.423583984375,160.10325622558594
20181207,196.083984375,124.77474212646484,235.90208435058594
20181208,76.75086975097656,48.9693603515625,86.79622650146484
20181209,35.6190071105957,28.407495498657227,35.54198455810547
20181210,90.9520034790039,28.633275985717773,135.33688354492188
20181211,95.38807678222656,60.5146598815918,122.58263397216797
20181212,85.98194885253906,54.137229919433594,112.88949584960938
20181213,132.15029907226562,114.17772674560547,131.8645477294922
20181214,120.08057403564453,99.07113647460938,144.6114501953125
20181215,76.80348205566406,73.23806762695312,88.8549575805664
20181216,39.24843215942383,46.95314407348633,39.16355895996094
20181217,72.8036880493164,51.84256362915039,86.48363494873047
20181218,72.2216796875,38.39966583251953,88.08006286621094
20181219,62.3332633972168,26.63202667236328,81.45037841796875
20181220,162.69090270996094,108.12674713134766,195.40818786621094
20181221,210.32177734375,157.2557830810547,247.7595977783203
20181222,64.04534912109375,92.2251968383789,41.421112060546875
20181223,81.79179382324219,48.92401885986328,108.81990814208984
20181224,111.24295043945312,123.22280883789062,92.50199890136719
20181225,65.59539794921875,98.09024047851562,27.272314071655273
20181226,63.09653091430664,62.902313232421875,52.466739654541016
20181227,30.22415542602539,12.052450180053711,40.211734771728516
20181228,102.00775909423828,64.22764587402344,133.9304962158203
20181229,58.20030975341797,67.69136047363281,40.32948684692383
20181230,32.555946350097656,48.6836051940918,13.535645484924316
20181231,86.68401336669922,86.41719055175781,113.2693099975586
20190101,83.74468994140625,92.76324462890625,77.37370300292969
20190102,189.860595703125,99.6190414428711,249.2763671875
20190103,9.491598129272461,9.462382316589355,7.892561435699463
20190104,99.0169677734375,62.81684112548828,112.2759780883789
20190105,40.47944259643555,26.903230667114258,61.709861755371094
20190106,40.49593734741211,0.0,67.34728240966797
20190107,83.16069793701172,46.05817794799805,99.8843765258789
20190108,67.88048553466797,27.068614959716797,90.31159210205078
20190109,106.42787170410156,79.57521057128906,132.74716186523438
20190110,76.83790588378906,42.556331634521484,92.29006958007812
20190111,101.2398452758789,113.03960418701172,127.9598388671875
20190112,51.75886917114258,6.070535659790039,86.0782470703125
20190113,37.72856140136719,15.04497241973877,50.19597244262695
20190114,89.27487182617188,46.84214401245117,117.21292114257812
20190115,102.54247283935547,35.557159423828125,140.87637329101562
20190116,92.7673568725586,77.06817626953125,96.4237060546875
20190117,160.6356658935547,138.50050354003906,194.9452362060547
20190118,112.82587432861328,107.97943878173828,112.58189392089844
20190119,22.317588806152344,12.713652610778809,31.813325881958008
20190120,47.83491134643555,23.843835830688477,69.6083984375
20190121,70.80297088623047,60.50145721435547,75.6962890625
20190122,144.76516723632812,101.87264251708984,191.18663024902344
20190123,58.188140869140625,66.29603576660156,96.77052307128906
20190124,91.32392120361328,82.76619720458984,110.45629119873047
20190125,91.13523864746094,47.40245819091797,131.79444885253906
20190126,40.13362503051758,49.24319076538086,30.805261611938477
20190127,75.62940216064453,75.3966064453125,88.04350280761719
20190128,101.14710235595703,20.167152404785156,151.392578125
20190129,101.45014190673828,43.972984313964844,139.37570190429688
20190130,173.69268798828125,57.71935272216797,254.4735107421875
20190131,148.13967895507812,32.81859588623047,232.6785888671875
20190201,113.57374572753906,67.93449401855469,138.51219177246094
20190202,75.83717346191406,18.1448974609375,110.98733520507812
20190203,82.25337219238281,44.727378845214844,111.92115020751953
20190204,179.9779815673828,29.095781326293945,291.2250671386719
20190205,106.4093017578125,18.44900131225586,161.57704162597656
20190206,103.09750366210938,35.74961853027344,156.54824829101562
20190207,92.48285675048828,33.526611328125,139.82252502441406
20190208,62.35421371459961,85.47313690185547,38.88711166381836
20190209,30.334869384765625,18.1448974609375,35.314151763916016
20190210,39.15564727783203,31.228097915649414,39.07097625732422
20190211,96.53187561035156,91.16976165771484,84.49398040771484
20190212,69.21783447265625,29.57347297668457,90.44639587402344
20190213,88.7294921875,25.273250579833984,133.5091094970703
20190214,76.54199981689453,25.435466766357422,113.15035247802734
20190215,145.10621643066406,165.32522583007812,158.5821990966797
20190216,61.661033630371094,47.81095886230469,91.15214538574219
20190217,86.22735595703125,42.98097229003906,119.50125122070312
20190218,67.14663696289062,22.31332015991211,102.36331939697266
20190219,116.57129669189453,116.21247863769531,153.47674560546875
20190220,171.33970642089844,124.22712707519531,198.6005859375
20190221,116.54501342773438,62.56184005737305,156.54824829101562
20190222,69.43730163574219,40.71974563598633,88.30714416503906
20190223,46.90999984741211,14.389416694641113,66.01206970214844
20190224,74.9758071899414,13.590004920959473,124.68946838378906
20190225,139.0223846435547,76.46590423583984,167.4228057861328
20190226,124.9152603149414,64.57150268554688,184.65948486328125
20190227,160.55812072753906,117.94183349609375,189.7234649658203
20190228,162.6325225830078,153.59866333007812,220.64500427246094
20190301,184.49745178222656,66.88346862792969,278.9371032714844
20190302,131.74984741210938,50.03593063354492,208.67453002929688
20190303,77.75981140136719,108.52862548828125,64.65971374511719
20190304,62.95815658569336,77.24845123291016,72.48694610595703
20190305,103.0784912109375,37.36771011352539,140.2576141357422
20190306,81.01388549804688,44.86917495727539,104.79090118408203
20190307,91.09561157226562,74.30335998535156,123.95267486572266
20190308,55.01298904418945,62.67845916748047,39.210018157958984
20190309,81.60523223876953,48.209800720214844,95.50286865234375
20190310,23.218931198120117,30.86328125,12.871512413024902
20190311,44.899261474609375,49.7345085144043,41.48349380493164
20190312,101.31523895263672,96.61192321777344,87.90969848632812
20190313,115.2568588256836,110.64645385742188,106.4885482788086
20190314,66.66802978515625,74.77067565917969,62.36612319946289
20190315,61.11748123168945,56.86740493774414,54.20917510986328
20190316,81.60523223876953,48.209800720214844,95.50286865234375
20190317,32.555946350097656,32.45573806762695,40.606937408447266
20190318,79.94129943847656,139.46665954589844,16.618425369262695
20190319,107.43463134765625,142.8052520751953,59.55683898925781
20190320,60.30682373046875,60.12119674682617,57.31087112426758
20190321,88.87377166748047,56.38195037841797,107.49282836914062
20190322,122.84458923339844,118.24347686767578,119.76103973388672
20190323,77.73173522949219,59.60959243774414,79.55245971679688
20190324,67.19204711914062,66.98522186279297,78.22120666503906
20190325,51.393856048583984,9.31557559967041,77.70109558105469
20190326,88.7294921875,108.11334991455078,65.58342742919922
20190327,80.89817810058594,84.89386749267578,70.80986785888672
20190328,81.34545135498047,81.09506225585938,75.15699005126953
20190329,77.67399597167969,63.76992416381836,98.7822036743164
20190330,67.22923278808594,24.37174415588379,101.64220428466797
20190331,22.33191680908203,14.842118263244629,24.759584426879883
20190401,65.44586181640625,50.18801498413086,75.35116577148438
20190402,60.65264892578125,9.302453994750977,93.10999298095703
20190403,83.96876525878906,25.113088607788086,118.69851684570312
20190404,72.56913757324219,59.578861236572266,106.4885482788086
20190405,71.19298553466797,33.39945983886719,97.50456237792969
20190406,58.60221862792969,24.598669052124023,82.07087707519531
20190407,15.515539169311523,15.467780113220215,12.901657104492188
20190408,96.82890319824219,111.77256774902344,76.278564453125
20190409,167.5431671142578,95.44425201416016,230.8688201904297
20190410,76.34598541259766,25.370330810546875,112.860595703125
20190411,104.19609832763672,43.28140640258789,144.40386962890625
20190412,103.63340759277344,81.17560577392578,166.1935272216797
20190413,81.09864044189453,31.095773696899414,114.12257385253906
20190414,51.87466049194336,29.551420211791992,61.62200927734375
20190415,56.66912078857422,41.0870475769043,59.9736442565918
20190416,124.46063232421875,66.81098175048828,151.25888061523438
20190417,67.70211029052734,67.49372100830078,56.29642868041992
20190418,54.60276794433594,36.289794921875,68.10586547851562
20190419,51.31344223022461,22.735774993896484,66.37358093261719
20190420,46.23723602294922,32.9249382019043,60.41783142089844
20190421,86.96478271484375,94.57865142822266,92.03592681884766
20190422,95.9346694946289,90.0135269165039,84.46519470214844
20190423,156.499267578125,114.4128646850586,173.51205444335938
20190424,88.273193359375,138.94969177246094,30.90607261657715
20190425,99.6260986328125,99.31944274902344,103.55277252197266
20190426,129.5658721923828,103.33365631103516,150.8333282470703
20190427,53.717315673828125,41.65153121948242,64.51991271972656
20190428,29.709129333496094,44.426517486572266,12.352035522460938
20190429,68.80704498291016,58.795928955078125,98.0832290649414
20190430,49.37431716918945,44.74757766723633,52.25345993041992
20190501,61.51911544799805,9.435346603393555,102.31014251708984
20190502,186.33192443847656,90.8152084350586,247.9053497314453
20190503,70.14849090576172,54.391998291015625,77.77422332763672
20190504,51.80648422241211,24.304479598999023,65.88510131835938
20190505,93.311767578125,31.008182525634766,142.25137329101562
20190506,134.9949188232422,103.52261352539062,164.0613555908203
20190507,122.5062026977539,87.9329605102539,138.54013061523438
20190508,56.73699188232422,26.105703353881836,87.09893798828125
20190509,167.1282501220703,85.44298553466797,213.8036651611328
20190510,135.96359252929688,57.50397491455078,178.15199279785156
20190511,56.26442337036133,35.0570182800293,64.33023834228516
20190512,31.177106857299805,62.16228103637695,0.0
20190513,130.95069885253906,38.6807746887207,193.58152770996094
20190514,248.6771697998047,93.55159759521484,351.14068603515625
20190515,184.76473999023438,201.73849487304688,204.8502197265625
20190516,158.53598022460938,199.6395721435547,131.82763671875
20190517,141.05126953125,119.31147766113281,156.38473510742188
20190518,81.71419525146484,43.8645133972168,125.44230651855469
20190519,57.23658752441406,42.79530715942383,71.39102935791016
20190520,102.84115600585938,53.96031951904297,135.0247039794922
20190521,131.1907958984375,84.07734680175781,163.63389587402344
20190522,93.18052673339844,46.44685363769531,123.97203826904297
20190523,102.54247283935547,97.78219604492188,88.97455596923828
20190524,148.69381713867188,74.11805725097656,206.07261657714844
20190525,64.11421203613281,6.087320327758789,101.54853057861328
20190526,39.71903610229492,0.0,66.05524444580078
20190527,43.34200668334961,37.03593826293945,41.1888427734375
20190528,69.45706939697266,0.0,115.5114517211914
20190529,67.5115737915039,17.947669982910156,97.30583953857422
20190530,120.23086547851562,107.46139526367188,124.1078109741211
20190531,104.56336975097656,33.35728454589844,146.07217407226562
20190601,130.1598358154297,71.3675537109375,167.7595672607422
20190602,28.994028091430664,43.357173919677734,24.10944366455078
20190603,129.24758911132812,95.44425201416016,143.29788208007812
20190604,69.39736938476562,18.44900131225586,100.02388000488281
20190605,122.38550567626953,89.47311401367188,142.47433471679688
20190606,82.92330169677734,60.91330337524414,116.13191223144531
20190607,69.92227935791016,60.99366760253906,72.6781997680664
20190608,50.870506286621094,17.899032592773438,69.67127990722656
20190609,53.92552185058594,30.7197322845459,64.0582275390625
20190610,56.934757232666016,30.959732055664062,68.86259460449219
20190611,74.29241943359375,52.2802848815918,87.2138442993164
20190612,95.03267669677734,99.25160217285156,75.2596664428711
20190613,114.66580963134766,59.27333450317383,169.5079345703125
20190614,192.6398468017578,125.24795532226562,229.83218383789062
20190615,108.25385284423828,37.00135803222656,149.17013549804688
20190616,62.501277923583984,62.308895111083984,64.96471405029297
20190617,126.36498260498047,17.99657440185547,195.1419677734375
20190618,157.74131774902344,91.04281616210938,200.2020263671875
20190619,135.55264282226562,8.445961952209473,218.3877716064453
20190620,72.56913757324219,25.533798217773438,106.4885482788086
20190621,125.99950408935547,40.519893646240234,196.02603149414062
20190622,167.47055053710938,106.85124969482422,211.670654296875
20190623,99.30609893798828,42.42875289916992,153.35568237304688
20190624,171.24745178222656,21.340042114257812,284.79522705078125
20190625,82.01680755615234,0.0,136.3990936279297
20190626,123.7572021484375,24.67525291442871,198.9554443359375
20190627,134.94033813476562,86.79031372070312,159.26171875
20190628,153.90248107910156,87.67357635498047,201.1031494140625
20190629,83.27684020996094,36.89800262451172,117.97689056396484
20190630,23.661197662353516,0.0,39.35005569458008
20190701,112.51927947998047,26.921504974365234,172.156494140625
20190702,138.2222442626953,47.516136169433594,214.01901245117188
20190703,66.82413482666016,9.51692008972168,103.19467163085938
20190704,105.83283996582031,52.753536224365234,158.40597534179688
20190705,98.34883880615234,35.65312957763672,141.25660705566406
20190706,52.012840270996094,38.88955307006836,54.06288146972656
20190707,52.02985763549805,17.289901733398438,72.10742950439453
20190708,53.5069694519043,9.698594093322754,80.8958511352539
20190709,96.6531753540039,35.038421630859375,138.82113647460938
20190710,100.7791748046875,26.20929718017578,153.02798461914062
20190711,119.67986297607422,68.17799377441406,156.38473510742188
20190712,107.3701400756836,39.64431381225586,145.49600219726562
20190713,77.71419525146484,38.737491607666016,96.93268585205078
20190714,31.32451629638672,15.614048957824707,39.07097625732422
20190715,31.055322647094727,30.959732055664062,43.03912353515625
20190716,76.37043762207031,28.550762176513672,111.13272094726562
20190717,147.22523498535156,82.55928039550781,198.9364013671875
20190718,102.68067169189453,115.71651458740234,103.94354248046875
20190719,48.779441833496094,17.683380126953125,66.37358093261719
20190720,86.82132720947266,39.94804000854492,138.83587646484375
20190721,61.02098083496094,17.380901336669922,86.98432922363281
20190722,193.0157470703125,104.0116958618164,242.9168701171875
20190723,139.26712036132812,99.1703109741211,198.52279663085938
20190724,99.51920318603516,47.244224548339844,126.1003189086914
20190725,74.43972778320312,37.10529708862305,92.84844207763672
20190726,137.65362548828125,61.97479248046875,192.00294494628906
20190727,62.81315994262695,13.18311882019043,98.9642105102539
20190728,31.775230407714844,0.0,52.844200134277344
20190729,137.6140899658203,88.19389343261719,171.64564514160156
20190730,152.35845947265625,137.19049072265625,155.29843139648438
20190731,89.65638732910156,84.67618560791016,109.86624908447266
20190801,107.72577667236328,89.49515533447266,111.97169494628906
20190802,110.98809051513672,42.556331634521484,156.18321228027344
20190803,112.1785888671875,78.94114685058594,131.68942260742188
20190804,115.36304473876953,147.86737060546875,82.22399139404297
20190805,103.51773834228516,103.19910430908203,94.68607330322266
20190806,270.9353332519531,183.46507263183594,306.05596923828125
20190807,106.0021743774414,88.06324005126953,124.87084197998047
20190808,144.63323974609375,148.83926391601562,124.14664459228516
20190809,105.86102294921875,61.56217956542969,132.04013061523438
20190810,90.65974426269531,20.85708236694336,139.1749267578125
20190811,76.1509780883789,60.7332649230957,88.65069580078125
20190812,151.52122497558594,83.3405990600586,191.164306640625
20190813,40.672725677490234,27.031686782836914,45.09419250488281
20190814,105.77139282226562,86.27384948730469,111.93920135498047
20190815,96.88568878173828,101.1868667602539,107.41797637939453
20190816,104.6073989868164,78.21405792236328,115.97911071777344
20190817,99.67605590820312,33.12308120727539,149.19078063964844
20190818,88.65753173828125,64.27973175048828,107.23129272460938
20190819,127.8534927368164,46.34907150268555,173.96865844726562
20190820,76.67980194091797,50.962520599365234,110.52021026611328
20190821,114.39083099365234,47.516136169433594,150.60597229003906
20190822,147.9677276611328,66.61843872070312,206.38934326171875
20190823,96.78153228759766,70.16990661621094,146.32159423828125
20190824,66.05319213867188,46.094913482666016,76.89541625976562
20190825,83.02174377441406,99.31944274902344,82.84222412109375
20190826,121.19149780273438,69.03912353515625,143.963623046875
20190827,178.0950469970703,111.60087585449219,203.09706115722656
20190828,83.47319030761719,78.8364486694336,102.28926086425781
20190829,76.37043762207031,57.101524353027344,79.38050842285156
20190830,45.77669143676758,41.48707580566406,55.36690902709961
20190831,37.03073501586914,13.424273490905762,50.387264251708984
20190901,35.542572021484375,56.69306945800781,11.821905136108398
20190902,118.91268920898438,146.77206420898438,113.00528717041016
20190903,83.72998809814453,41.73612976074219,113.13917541503906
20190904,89.6500015258789,53.62443542480469,104.36550903320312
20190905,81.01388549804688,44.86917495727539,127.24610137939453
20190906,81.73868560791016,42.887939453125,100.16377258300781
20190907,18.947002410888672,25.18490982055664,10.503351211547852
20190908,64.95230865478516,43.168251037597656,96.01756286621094
20190909,72.8570556640625,87.15936279296875,56.5440673828125
20190910,104.88341522216797,104.5605697631836,138.0885772705078
20190911,98.7486343383789,17.899032592773438,156.76039123535156
20190912,79.50162506103516,70.4505844116211,88.14412689208984
20190913,70.56848907470703,41.38309860229492,96.64925384521484
20190914,46.437862396240234,55.55390930175781,51.48604965209961
20190915,74.36376190185547,67.39533233642578,89.94297790527344
20190916,178.9195556640625,122.31005096435547,229.5419921875
20190917,253.3421173095703,200.1437225341797,325.92974853515625
20190918,115.36304473876953,65.71883392333984,157.59597778320312
20190919,157.13462829589844,76.20857238769531,240.13623046875
20190920,126.9625244140625,130.4072265625,121.56927490234375
20190921,80.55854797363281,83.52301025390625,69.66643524169922
20190922,108.32837677001953,113.67887115478516,94.81940460205078
20190923,52.5804443359375,47.65326690673828,63.596046447753906
20190924,103.2372055053711,71.59613037109375,141.83082580566406
20190925,124.11428833007812,76.79933166503906,142.3516082763672
20190926,70.6681137084961,52.83794403076172,88.14412689208984
20190927,88.05559539794922,16.720867156982422,146.4419708251953
20190928,38.8308219909668,11.911168098449707,54.64299774169922
20190929,61.0611572265625,91.30980682373047,25.38713264465332
20190930,95.55484008789062,42.33809280395508,123.59953308105469
20191001,90.13789367675781,71.88835906982422,119.92398071289062
20191002,69.64662170410156,8.679030418395996,115.82669830322266
20191003,46.477352142333984,25.273250579833984,63.24116134643555
20191004,111.27488708496094,59.732810974121094,135.23403930664062
20191005,54.147743225097656,50.80571365356445,52.971229553222656
20191006,38.97138595581055,46.62171173095703,25.924739837646484
20191007,52.96256637573242,28.79975128173828,64.0582275390625
20191008,118.77732849121094,87.71238708496094,131.68942260742188
20191009,82.47056579589844,73.08152770996094,99.05546569824219
20191010,165.16957092285156,109.77410888671875,213.64572143554688
20191011,204.3184814453125,277.364501953125,180.74172973632812
20191012,103.07038879394531,108.46163177490234,95.22917175292969
20191013,94.85326385498047,101.83524322509766,109.20939636230469
20191014,118.4822998046875,68.90193939208984,164.20291137695312
20191015,108.06958770751953,93.68428802490234,179.72650146484375
20191016,193.50186157226562,119.41815948486328,283.49554443359375
20191017,114.77235412597656,15.781941413879395,177.7099151611328
20191018,106.58197021484375,76.5028076171875,127.62179565429688
20191019,113.19326782226562,66.37931823730469,138.4172821044922
20191020,36.48202133178711,29.095781326293945,36.403133392333984
20191021,93.44337463378906,55.89345169067383,116.55164337158203
20191022,54.304386138916016,72.18297576904297,37.62983322143555
20191023,97.05612182617188,16.827369689941406,154.392578125
20191024,116.30601501464844,42.94371032714844,179.09646606445312
20191025,140.87469482421875,96.30244445800781,167.34530639648438
20191026,28.694042205810547,31.784133911132812,31.813325881958008
20191027,7.667980670928955,0.0,12.75233268737793
20191028,98.2957763671875,97.99321746826172,114.430419921875
20191029,95.01498413085938,68.88909912109375,107.73809051513672
20191030,113.28890991210938,90.35215759277344,113.04393005371094
20191031,83.14237976074219,52.34934616088867,109.16131591796875
20191101,100.65813446044922,72.98058319091797,106.52777099609375
20191102,60.810420989990234,44.66975784301758,63.872554779052734
20191103,54.304386138916016,61.87112045288086,38.70497131347656
20191104,59.24114990234375,9.843133926391602,90.31159210205078
20191105,77.9427719116211,48.56428527832031,97.21778869628906
20191106,85.79312133789062,95.03227233886719,71.33966827392578
20191107,63.615840911865234,45.300018310546875,75.56938171386719
20191108,98.94168853759766,94.691650390625,92.14588928222656
20191109,26.858657836914062,11.900437355041504,44.66762924194336
20191110,55.60665512084961,47.516136169433594,66.05524444580078
20191111,92.58729553222656,61.53487014770508,111.20667266845703
20191112,62.41069412231445,67.004638671875,63.872554779052734
20191113,160.1495819091797,142.8506622314453,189.24070739746094
20191114,85.79312133789062,28.509681701660156,118.89944458007812
20191115,75.07235717773438,56.130958557128906,85.83439636230469
20191116,69.26277923583984,54.03879928588867,75.12283325195312
20191117,73.94124603271484,14.742729187011719,110.67202758789062
20191118,109.09654235839844,79.09871673583984,156.69332885742188
20191119,61.16957092285156,46.90868377685547,62.602359771728516
20191120,101.92516326904297,33.87047576904297,141.25660705566406
20191121,62.8968505859375,41.80216979980469,76.70770263671875
20191122,64.28498840332031,22.618980407714844,88.04350280761719
20191123,37.21986389160156,33.732086181640625,33.76306915283203
20191124,52.461483001708984,29.885713577270508,74.78291320800781
20191125,36.63187026977539,31.302099227905273,34.81205368041992
20191126,70.48016357421875,46.84214401245117,78.14195251464844
20191127,93.24922180175781,97.38896179199219,81.23201751708984
20191128,38.01306915283203,10.827446937561035,63.218116760253906
20191129,108.37702941894531,75.16065216064453,117.54639434814453
20191130,72.47185516357422,72.248779296875,75.3282699584961
20191201,59.45634460449219,50.80571365356445,56.50264358520508
20191202,77.88168334960938,31.056781768798828,112.25251007080078
20191203,85.84397888183594,50.341026306152344,100.77452850341797
20191204,47.662845611572266,47.516136169433594,63.41303634643555
20191205,103.14582061767578,94.91845703125,92.36659240722656
20191206,88.65753173828125,64.27973175048828,113.9332504272461
20191207,12.234784126281738,12.197124481201172,20.347211837768555
20191208,37.47248458862305,44.82857131958008,24.927637100219727
20191209,82.81419372558594,51.599552154541016,103.29389953613281
20191210,76.30575561523438,26.848546981811523,119.43648529052734
20191211,97.42845916748047,138.75509643554688,77.15696716308594
20191212,97.68965911865234,70.82833862304688,110.77093505859375
20191213,99.6260986328125,41.38309860229492,138.0703582763672
20191214,48.30827713012695,68.79940032958984,22.954198837280273
20191215,48.35865020751953,48.209800720214844,40.211734771728516
20191216,94.9302978515625,59.771427154541016,116.32897186279297
20191217,82.32990264892578,48.28028106689453,104.70336151123047
20191218,119.12415313720703,109.6222915649414,137.15371704101562
20191219,69.01182556152344,34.39970016479492,93.25143432617188
20191220,49.50848388671875,71.79067993164062,22.4551944732666
20191221,52.75989532470703,30.055709838867188,62.673580169677734
20191222,25.416120529174805,33.78384780883789,28.179067611694336
20191223,34.808067321777344,23.133949279785156,38.59199523925781
20191224,58.21735763549805,34.82289505004883,67.77338409423828
20191225,45.37763977050781,30.158639907836914,50.310569763183594
20191226,44.167572021484375,52.83794403076172,44.07206344604492
20191227,111.91106414794922,111.56658935546875,93.05755615234375
20191228,60.940799713134766,60.75321960449219,57.91334915161133
20191229,36.3021125793457,36.190372467041016,45.27951431274414
20191230,128.64340209960938,153.89691162109375,85.57682037353516
20191231,165.35279846191406,142.86463928222656,210.82723999023438
20200101,114.53026580810547,105.39482879638672,131.8645477294922
20200102,163.1806640625,86.76181030273438,199.01177978515625
20200103,80.7943344116211,40.27281951904297,125.9681625366211
20200104,229.9917449951172,212.17308044433594,313.9848937988281
20200105,199.252197265625,248.298583984375,289.9477844238281
20200106,251.98611450195312,115.13814544677734,357.9545593261719
20200107,413.4556884765625,147.20822143554688,622.1167602539062
20200108,180.6054229736328,158.09225463867188,227.10003662109375
20200109,394.46002197265625,339.62139892578125,551.646240234375
20200110,167.3013916015625,166.7864227294922,187.8070831298828
20200111,120.16177368164062,32.376190185546875,183.6335906982422
20200112,175.7330322265625,140.1536865234375,233.8040313720703
20200113,152.72569274902344,126.00462341308594,157.6504669189453
20200114,131.77566528320312,81.54003143310547,151.13876342773438
20200115,153.5319366455078,64.93427276611328,216.64637756347656
20200116,145.94757080078125,44.09040451049805,213.2993621826172
20200117,129.82249450683594,83.49864196777344,174.11529541015625
20200118,38.81915283203125,19.34983253479004,53.79890441894531
20200119,93.311767578125,62.01636505126953,103.4555435180664
20200120,119.11630249023438,33.928470611572266,179.2313995361328
20200121,119.32880401611328,85.65228271484375,150.82298278808594
20200122,77.99105834960938,24.552946090698242,129.70401000976562
20200123,93.07342529296875,16.870351791381836,147.75115966796875
20200124,51.961849212646484,8.633650779724121,79.21449279785156
20200125,33.125675201416016,0.0,55.0900764465332
20200126,23.32794189453125,15.504091262817383,25.8638858795166
20200127,72.01234436035156,30.76743507385254,94.09795379638672
20200128,99.59353637695312,51.80190658569336,136.8250274658203
20200129,47.01708984375,8.522249221801758,71.08396911621094
20200130,188.068359375,42.61124038696289,284.33587646484375
20200131,73.97793579101562,40.972347259521484,88.8549575805664
20200201,89.04752349853516,41.42759704589844,118.47328186035156
20200202,41.14990997314453,41.02324676513672,34.217437744140625
20200203,107.51765441894531,112.29082489013672,93.6616439819336
20200204,143.60842895507812,181.34408569335938,103.49291229248047
20200205,68.34733581542969,36.3397102355957,98.51045989990234
20200206,90.6311264038086,36.140865325927734,128.116455078125
20200207,78.96466064453125,23.61648178100586,111.62471008300781
20200208,31.170438766479492,22.599632263183594,37.700653076171875
20200209,31.473329544067383,31.37645149230957,39.256587982177734
20200210,24.757606506347656,19.745119094848633,24.704071044921875
20200211,90.26069641113281,89.98286437988281,82.56005859375
20200212,62.03310012817383,74.2105941772461,41.26597595214844
20200213,58.852725982666016,83.8165283203125,27.96450424194336
20200214,89.18451690673828,59.27333450317383,120.068115234375
20200215,53.96038055419922,47.817142486572266,59.82632827758789
20200216,73.43130493164062,0.0,122.12085723876953
20200217,84.64823913574219,78.76183319091797,112.6202621459961
20200218,83.42762756347656,0.0,138.74537658691406
20200219,54.75318145751953,45.487205505371094,53.117156982421875
20200220,111.30940246582031,53.26405334472656,140.68702697753906
20200221,103.92369842529297,86.33650207519531,129.62371826171875
20200222,77.33621215820312,89.9478530883789,75.02539825439453
20200223,37.9012336730957,30.22765350341797,37.81927490234375
20200224,80.91768646240234,70.58502960205078,75.6962890625
20200225,115.451416015625,44.2677116394043,155.0792999267578
20200226,102.60165405273438,19.483016967773438,154.38221740722656
20200227,63.96682357788086,72.87992095947266,53.19041442871094
20200228,55.13877487182617,59.19743347167969,56.4302978515625
20200229,90.31626892089844,75.51596069335938,101.7494888305664
20200301,53.675865173339844,45.866268157958984,63.761661529541016
20200302,106.23394775390625,125.16276550292969,104.39810943603516
20200303,123.0382308959961,141.5301971435547,86.57012176513672
20200304,144.92483520507812,140.3507843017578,185.92901611328125
20200305,79.18489074707031,122.7973403930664,58.52863693237305
20200306,51.327030181884766,55.10512161254883,78.79391479492188
20200307,64.26498413085938,69.8914566040039,68.01244354248047
20200308,65.09412384033203,28.841670989990234,84.19880676269531
20200309,72.8036880493164,41.47405242919922,95.13199615478516
20200310,71.64586639404297,16.80596160888672,112.14264678955078
20200311,90.98188018798828,65.9649658203125,110.04259490966797
20200312,74.83802795410156,70.68095397949219,72.05598449707031
20200313,68.06645965576172,82.93626403808594,81.75467681884766
20200314,66.94995880126953,40.626712799072266,87.13719940185547
20200315,32.08298110961914,15.99211311340332,53.35600662231445
20200316,34.45463943481445,9.813881874084473,49.114479064941406
20200317,99.09390258789062,94.08465576171875,86.32347869873047
20200318,87.61199188232422,74.86483764648438,83.25955963134766
20200319,89.16736602783203,97.78219604492188,81.56000518798828
20200320,57.803192138671875,26.59627914428711,81.34104919433594
20200321,59.94169998168945,56.61207580566406,52.466739654541016
20200322,79.82090759277344,47.74512481689453,119.47245788574219
20200323,121.19149780273438,40.27281951904297,167.95755004882812
20200324,191.0130157470703,100.22371673583984,275.8683776855469
20200325,53.35679244995117,17.730854034423828,81.34104919433594
20200326,56.70586395263672,28.26565933227539,78.58783721923828
20200327,52.12910461425781,47.244224548339844,55.168888092041016
20200328,67.86724090576172,32.218257904052734,91.36890411376953
20200329,157.74131774902344,148.97915649414062,151.8773956298828
20200330,103.51773834228516,39.31394577026367,139.36477661132812
20200331,89.26080322265625,59.32403564453125,107.21122741699219
20200401,65.59539794921875,9.341927528381348,101.29716491699219
20200402,47.594364166259766,9.489572525024414,79.15240478515625
20200403,84.5761947631836,56.210575103759766,93.77033996582031
20200404,76.49503326416016,46.41887664794922,94.02924346923828
20200405,95.13902282714844,17.24475860595703,143.83831787109375
20200406,99.32736206054688,108.92378997802734,90.85319519042969
20200407,106.52973937988281,60.686763763427734,143.4197998046875
20200408,78.2134017944336,55.03952407836914,91.8167953491211
20200409,60.910011291503906,84.07734680175781,38.96044921875
20200410,85.4856185913086,71.01873779296875,94.77862548828125
20200411,42.92744445800781,7.132551193237305,65.4417724609375
20200412,42.68772888183594,0.0,70.99236297607422
20200413,88.7790298461914,77.44254302978516,92.27819061279297
20200414,91.17159271240234,43.28140640258789,137.1836700439453
20200415,89.52886199951172,68.00249481201172,99.26139831542969
20200416,48.45511245727539,17.56580352783203,65.9322738647461
20200417,73.5105209350586,45.80265426635742,84.04866027832031
20200418,43.82669448852539,29.12786293029785,48.591026306152344
20200419,37.47248458862305,14.942856788635254,49.85527420043945
20200420,25.87943458557129,0.0,43.03912353515625
20200421,54.08273696899414,35.94417953491211,59.96199035644531
20200422,137.26109313964844,136.83859252929688,114.13689422607422
20200423,100.93696594238281,82.33058166503906,114.45307159423828
20200424,45.83427047729492,8.307851791381836,76.22526550292969
20200425,48.61210632324219,27.692840576171875,57.74641036987305
20200426,40.99712371826172,16.348373413085938,54.54462814331055
20200427,49.002479553222656,19.540658950805664,65.19535827636719
20200428,95.68627166748047,127.1889877319336,75.77727508544922
20200429,79.46189880371094,99.0216293334961,66.07505798339844
20200430,56.9495849609375,56.774288177490234,55.2479248046875
20200501,60.41156768798828,60.225616455078125,50.23411178588867
20200502,69.95919036865234,34.871925354003906,98.89453887939453
20200503,26.1518497467041,0.0,43.492164611816406
20200504,59.59642028808594,29.70648765563965,74.33443450927734
20200505,41.63842010498047,36.89800262451172,38.47072219848633
20200506,80.7943344116211,113.71149444580078,47.423309326171875
20200507,56.14521408081055,27.986196517944336,70.02975463867188
20200508,70.48016357421875,93.68428802490234,54.699363708496094
20200509,24.668058395385742,14.052643775939941,29.30323028564453
20200510,41.71999740600586,0.0,69.38296508789062
20200511,37.912078857421875,37.795379638671875,31.52507972717285
20200512,39.43532943725586,9.828486442565918,57.385498046875
20200513,59.53266525268555,33.91395568847656,70.7189712524414
20200514,82.12977600097656,45.487205505371094,98.6461410522461
20200515,45.81698226928711,27.40557289123535,53.33755874633789
20200516,51.97543716430664,55.26980972290039,46.10047912597656
20200517,75.47622680664062,33.441734313964844,111.57483673095703
20200518,135.0965576171875,140.0679473876953,125.81746673583984
20200519,99.47650909423828,79.33625030517578,99.26139831542969
20200520,99.69424438476562,45.17607879638672,128.116455078125
20200521,73.20591735839844,27.367717742919922,106.52777099609375
20200522,135.6533660888672,69.79913330078125,174.65809631347656
20200523,36.32925796508789,39.509925842285156,32.95518112182617
20200524,17.761756896972656,17.70708465576172,14.769457817077637
20200525,129.1339874267578,11.194478988647461,205.42062377929688
20200526,120.36186218261719,73.03822326660156,147.95123291015625
20200527,23.426929473876953,28.02578353881836,31.168359756469727
20200528,61.02098083496094,43.45225524902344,79.73563385009766
20200529,137.45094299316406,45.67595291137695,190.4912872314453
20200530,84.24638366699219,13.4379301071167,134.5027313232422
20200531,77.84101867675781,17.24475860595703,129.45449829101562
20200601,53.90272903442383,39.08131790161133,73.34477233886719
20200602,83.04486846923828,82.78925323486328,76.72712707519531
20200603,114.53026580810547,52.69741439819336,190.47100830078125
20200604,36.153533935546875,27.031686782836914,37.578495025634766
20200605,109.97901153564453,61.3986701965332,131.68942260742188
20200606,55.09468078613281,27.462547302246094,68.71942901611328
20200607,60.86082458496094,69.34112548828125,43.378013610839844
20200608,65.64539337158203,50.341026306152344,75.58089447021484
20200609,68.30036163330078,19.454322814941406,105.47438049316406
20200610,95.68627166748047,45.42464065551758,121.24363708496094
20200611,87.41497802734375,18.346508026123047,137.72518920898438
20200612,73.61261749267578,55.03952407836914,76.51399230957031
20200613,58.861026763916016,39.119895935058594,65.25971984863281
20200614,26.858657836914062,17.850656509399414,29.778419494628906
20200615,102.8747787475586,102.55811309814453,128.31539916992188
20200616,79.20344543457031,27.86811065673828,108.47554016113281
20200617,151.3807830810547,150.91482543945312,133.28244018554688
20200618,101.31523895263672,61.480316162109375,124.53873443603516
20200619,53.8231086730957,78.04718017578125,32.54952621459961
20200620,82.12977600097656,40.9384880065918,108.13135528564453
20200621,43.472015380859375,34.670562744140625,57.83734893798828
20200622,131.45111083984375,83.8697509765625,166.14466857910156
20200623,56.38412857055664,65.5790023803711,62.5135612487793
20200624,80.2188720703125,37.63386154174805,109.86624908447266
20200625,40.78400802612305,27.10564613342285,45.21757125854492
20200626,44.344947814941406,8.841690063476562,66.37358093261719
20200627,29.609542846679688,29.518402099609375,24.621261596679688
20200628,36.3021125793457,54.285552978515625,60.37268829345703
20200629,48.00822830200195,63.81393814086914,44.35593795776367
20200630,76.92465209960938,67.10188293457031,87.95223236083984
20200701,107.85104370117188,143.35874938964844,145.1986541748047
20200702,23.39383888244629,18.6574649810791,23.343252182006836
20200703,43.972137451171875,29.224525451660156,56.87765884399414
20200704,24.459888458251953,27.86811065673828,23.2447566986084
20200705,57.11323547363281,0.0,94.9828872680664
20200706,72.01234436035156,30.76743507385254,94.09795379638672
20200707,106.17205047607422,74.09166717529297,123.59953308105469
20200708,68.60346984863281,48.851646423339844,105.94245910644531
20200709,55.82979202270508,18.552648544311523,77.37370300292969
20200710,97.42845916748047,18.50067901611328,146.59823608398438
20200711,21.099157333374023,14.022809028625488,29.241016387939453
20200712,25.481290817260742,0.0,42.376983642578125
20200713,92.73129272460938,51.35880661010742,111.37962341308594
20200714,93.79849243164062,98.43133544921875,73.89131164550781
20200715,103.6720199584961,39.372535705566406,147.78262329101562
20200716,29.48873519897461,29.397964477539062,24.52080726623535
20200717,38.3201904296875,16.97877311706543,49.5669059753418
20200718,30.830516815185547,13.660274505615234,45.576072692871094
20200719,33.46028137207031,0.0,55.646541595458984
20200720,87.17283630371094,67.59239196777344,128.8656768798828
20200721,116.2304458618164,26.739849090576172,178.4293975830078
20200722,117.1346435546875,18.683855056762695,187.01016235351562
20200723,78.04478454589844,34.579803466796875,115.37188720703125
20200724,92.75189971923828,52.83794403076172,110.1801528930664
20200725,35.73427963256836,28.499427795410156,41.5998420715332
20200726,39.24843215942383,31.302099227905273,52.218082427978516
20200727,137.1768798828125,50.64986801147461,185.8867645263672
20200728,121.64796447753906,46.64366149902344,171.18385314941406
20200729,80.91041564941406,37.958290100097656,110.8133773803711
20200730,54.08273696899414,26.958131790161133,67.45723724365234
20200731,38.618019104003906,34.22146224975586,42.81612014770508
20200801,26.741212844848633,19.99417495727539,27.795196533203125
20200802,25.35128402709961,0.0,42.16077423095703
20200803,42.1684684753418,28.02578353881836,46.752540588378906
20200804,48.714229583740234,19.42571449279785,64.81185913085938
20200805,33.80171203613281,0.0,56.21436309814453
20200806,112.36660766601562,98.5782470703125,112.12362670898438
20200807,43.81703186035156,17.472864151000977,65.58342742919922
20200808,27.207948684692383,20.343149185180664,39.59245681762695
20200809,39.43532943725586,0.0,65.58342742919922
20200810,40.582759857177734,20.22892189025879,50.618751525878906
20200811,55.28624725341797,18.372024536132812,76.62040710449219
20200812,61.8345947265625,61.64426040649414,80.79877471923828
20200813,88.89659118652344,9.32873249053955,140.05950927734375
20200814,44.28566360473633,26.489608764648438,58.91986846923828
20200815,82.1888427734375,14.249713897705078,124.79952239990234
20200816,64.16596221923828,15.99211311340332,93.37300872802734
20200817,65.54547882080078,30.158639907836914,92.23604583740234
20200818,84.09903717041016,37.26230239868164,108.78153228759766
20200819,46.6558837890625,46.512271881103516,69.83248901367188
20200820,122.01818084716797,36.04225158691406,180.37677001953125
20200821,166.30258178710938,17.92331886291504,261.6217956542969
20200822,55.148189544677734,21.99137306213379,73.37191009521484
20200823,24.96910285949707,0.0,41.525184631347656
20200824,71.2380142211914,0.0,118.47328186035156
20200825,85.98194885253906,45.11436080932617,105.36353302001953
20200826,105.6713638305664,36.64212417602539,152.8157501220703
20200827,142.09405517578125,97.38896179199219,162.4640350341797
20200828,64.11421203613281,17.044498443603516,106.6259536743164
20200829,45.13981246948242,6.923210144042969,69.29569244384766
20200830,8.386247634887695,16.720867156982422,0.0
20200831,88.63056945800781,66.26831817626953,101.33625793457031
20200901,106.36685180664062,80.79196166992188,126.35338592529297
20200902,109.20553588867188,90.7244873046875,105.94245910644531
20200903,94.24089813232422,84.55573272705078,125.38282012939453
20200904,94.90303039550781,36.04225158691406,127.76689147949219
20200905,57.11323547363281,25.305526733398438,73.87557983398438
20200906,28.495206832885742,0.0,47.389312744140625
20200907,149.52561950683594,22.933134078979492,229.5419921875
20200908,68.60346984863281,29.31098747253418,89.64361572265625
20200909,47.32239532470703,25.732763290405273,64.39099884033203
20200910,145.2469482421875,140.12890625,124.6734390258789
20200911,145.94757080078125,88.1808090209961,205.94419860839844
20200912,55.645904541015625,26.105703353881836,70.76788330078125
20200913,85.73704528808594,62.16228103637695,103.69895935058594
20200914,67.30906677246094,47.92991638183594,71.9609146118164
20200915,115.93987274169922,33.023712158203125,165.2702178955078
20200916,82.47056579589844,54.8111457824707,121.91442108154297
20200917,100.07757568359375,29.930856704711914,141.46998596191406
20200918,86.33578491210938,18.120006561279297,143.58181762695312
20200919,45.15671920776367,32.155513763427734,48.2775764465332
20200920,57.25425338745117,16.308006286621094,81.61492919921875
20200921,52.916419982910156,31.65212059020996,70.40264892578125
20200922,94.38795471191406,35.84663772583008,156.97308349609375
20200923,62.16614532470703,35.41416931152344,73.8472900390625
20200924,64.86751556396484,68.97903442382812,86.30298614501953
20200925,55.35139083862305,25.46816062927246,70.80986785888672
20200926,42.054080963134766,25.799776077270508,48.41901397705078
20200927,62.062156677246094,15.467780113220215,90.31159210205078
20200928,104.4075698852539,85.16143798828125,134.1735382080078
20200929,105.160888671875,104.83718872070312,95.39407348632812
20200930,104.96094512939453,125.56544494628906,76.80492401123047
20201001,75.99683380126953,53.479698181152344,96.64925384521484
20201002,101.92516326904297,25.402856826782227,148.31944274902344
20201003,44.42140579223633,18.979145050048828,63.32192611694336
20201004,74.60737609863281,29.7510929107666,99.26139831542969
20201005,66.92056274414062,9.53065299987793,111.29308319091797
20201006,85.70679473876953,68.35438537597656,114.02861785888672
20201007,83.25235748291016,43.682159423828125,102.01866149902344
20201008,113.64591217041016,16.784605026245117,175.000244140625
20201009,81.5680160522461,27.10564613342285,113.04393005371094
20201010,56.08929443359375,32.892147064208984,71.33177185058594
20201011,40.895896911621094,0.0,68.01244354248047
20201012,67.71858978271484,56.258453369140625,93.85021209716797
20201013,78.08782196044922,0.0,129.8649444580078
20201014,47.69403839111328,17.289901733398438,64.89668273925781
20201015,107.97156524658203,51.66682815551758,143.65078735351562
20201016,123.50452423095703,61.56217956542969,176.0535125732422
20201017,46.205345153808594,28.346534729003906,65.02047729492188
20201018,49.075077056884766,16.308006286621094,68.01244354248047
20201019,95.217529296875,69.94432067871094,100.01224517822266
20201020,98.67223358154297,103.05272674560547,85.95614624023438
20201021,72.01234436035156,62.81684112548828,67.36558532714844
20201022,101.61250305175781,105.35172271728516,81.11422729492188
20201023,65.72555541992188,52.41859436035156,65.58342742919922
20201024,66.82413482666016,31.723068237304688,95.25662231445312
20201025,46.98677444458008,62.45619583129883,39.07097625732422
20201026,89.93396759033203,29.885713577270508,124.63818359375
20201027,130.45274353027344,65.02559661865234,185.9580535888672
20201028,81.79179382324219,54.36001968383789,113.35407257080078
20201029,89.64422607421875,51.067596435546875,106.4885482788086
20201030,80.3587875366211,89.01270294189453,66.82084655761719
20201031,13.506901741027832,0.0,22.46282386779785
20201101,49.866607666015625,28.407495498657227,59.23664093017578
20201102,56.625091552734375,56.4507942199707,54.93312454223633
20201103,162.6325225830078,179.1984405517578,142.3516082763672
20201104,129.5658721923828,94.72251892089844,136.46824645996094
20201105,69.64662170410156,86.79031372070312,72.39169311523438
20201106,62.92530059814453,89.61659240722656,67.27417755126953
20201107,42.17764663696289,71.15785217285156,26.97848892211914
20201108,44.865478515625,0.0,74.61409759521484
20201109,105.3998794555664,80.05747985839844,116.85774230957031
20201110,58.58963394165039,44.93022155761719,59.96199035644531
20201111,97.92937469482422,76.40447998046875,113.29578399658203
20201112,52.86012268066406,17.56580352783203,80.5838851928711
20201113,69.1920166015625,77.6014175415039,57.53532791137695
20201114,33.80171203613281,47.176734924316406,44.97148895263672
20201115,66.58427429199219,99.56898498535156,69.2086410522461
20201116,70.595703125,97.447021484375,63.218116760253906
20201117,45.81698226928711,36.54076385498047,53.33755874633789
20201118,109.74150848388672,105.35172271728516,128.43084716796875
20201119,49.04205322265625,35.557159423828125,51.90182113647461
20201120,94.15567016601562,42.66629409790039,128.116455078125
20201121,47.32239532470703,13.479065895080566,73.07867431640625
20201122,48.83392333984375,32.45573806762695,67.67822265625
20201123,36.7552604675293,54.96318435668945,45.844722747802734
20201124,104.29373168945312,128.72811889648438,82.59381866455078
20201125,23.360843658447266,9.31557559967041,31.0804386138916
20201126,69.12260437011719,63.60908126831055,79.58438110351562
20201127,70.37321472167969,100.22371673583984,66.87718200683594
20201128,90.85101318359375,34.835140228271484,127.84617614746094
20201129,101.21734619140625,36.693016052246094,153.02798461914062
20201130,46.802371978759766,20.73702621459961,69.1869125366211
20201201,129.65858459472656,41.69660568237305,180.85125732421875
20201202,92.27208709716797,36.795223236083984,130.4361114501953
20201203,67.78787994384766,63.07394027709961,90.18838500976562
20201204,38.66810607910156,25.699386596679688,42.87165451049805
20201205,48.33513259887695,32.12423324584961,64.30747985839844
20201206,64.01097106933594,31.90696907043457,79.84069061279297
20201207,55.042667388916016,0.0,91.5394058227539
20201208,78.9751205444336,34.99201583862305,102.15377807617188
20201209,62.7380256652832,8.33932113647461,104.33726501464844
20201210,95.42375946044922,27.180009841918945,143.58181762695312
20201211,42.853397369384766,42.721492767333984,35.633941650390625
20201212,50.962581634521484,27.096378326416016,67.80316925048828
20201213,28.132211685180664,0.0,46.78562927246094
20201214,29.79821014404297,19.8043270111084,33.03752899169922
20201215,89.52886199951172,46.97541046142578,125.38282012939453
20201216,52.51097869873047,8.724891662597656,80.05162811279297
20201217,93.12439727783203,70.7335205078125,125.37232971191406
20201218,79.99098205566406,0.0,133.03001403808594
20201219,66.18169403076172,27.78019905090332,92.68571472167969
20201220,8.833514213562012,0.0,14.69068717956543
20201221,91.1224136352539,64.12371826171875,106.97102355957031
20201222,62.6832275390625,48.06945037841797,72.17041015625
20201223,68.60346984863281,39.08131790161133,97.79303741455078
20201224,54.99793243408203,42.175880432128906,56.286155700683594
20201225,48.241275787353516,0.0,80.22826385498047
20201226,51.643592834472656,29.419790267944336,61.3475227355957
20201227,28.47479248046875,0.0,47.35536575317383
20201228,41.40709686279297,16.511856079101562,55.0900764465332
20201229,69.01182556152344,22.933134078979492,105.20674133300781
20201230,59.15299606323242,53.60992431640625,89.43194580078125
20201231,80.7943344116211,46.02608108520508,95.97574615478516
20210101,65.27227020263672,32.53567886352539,81.41390991210938
20210102,39.43532943725586,47.176734924316406,39.35005569458008
20210103,19.037744522094727,0.0,31.66096305847168
20210104,99.32736206054688,108.92378997802734,107.37196350097656
20210105,121.8519515991211,71.98629760742188,150.10919189453125
20210106,106.57054138183594,35.41416931152344,169.8487548828125
20210107,54.23599624633789,24.954946517944336,76.32125854492188
20210108,77.7395248413086,51.66682815551758,86.19047546386719
20210109,84.59059143066406,26.98567008972168,118.17074584960938
20210110,70.81498718261719,78.44112396240234,78.51317596435547
20210111,84.14276123046875,35.319480895996094,110.4747543334961
20210112,169.87527465820312,169.3523712158203,181.6156463623047
20210113,66.500732421875,74.58304595947266,55.29743957519531
20210114,62.11064529418945,41.279640197753906,68.86259460449219
20210115,57.96993637084961,49.53556823730469,75.74885559082031
20210116,72.01234436035156,19.579275131225586,108.87366485595703
20210117,71.32322692871094,15.800819396972656,105.435546875
20210118,94.48599243164062,55.408912658691406,129.40621948242188
20210119,66.66802978515625,49.84711456298828,76.22526550292969
20210120,87.48678588867188,23.78658676147461,132.2690887451172
20210121,47.43533706665039,39.407772064208984,52.59196090698242
20210122,93.7134780883789,73.115234375,101.64220428466797
20210123,56.42650604248047,26.471914291381836,93.84081268310547
20210124,34.06239318847656,33.95754623413086,28.323945999145508
20210125,140.4451141357422,96.56056213378906,185.24440002441406
20210126,50.25387191772461,8.349864959716797,76.61072540283203
20210127,68.84309387207031,72.6683120727539,60.612552642822266
20210128,112.78604125976562,41.64402770996094,166.72911071777344
20210129,63.216941833496094,16.80596160888672,91.11589813232422
20210130,61.917152404785156,27.434030532836914,80.08941650390625
20210131,23.888710021972656,15.876785278320312,26.485614776611328
20210201,60.04654312133789,29.930856704711914,83.21763610839844
20210202,192.34263610839844,144.8782196044922,248.7938995361328
20210203,69.92227935791016,43.56690216064453,101.7494888305664
20210204,78.18482208251953,24.61394691467285,116.33929443359375
20210205,106.44497680664062,101.87264251708984,106.21480560302734
20210206,63.06491470336914,33.08989334106445,82.80071258544922
20210207,48.476600646972656,48.32738494873047,40.309810638427734
20210208,72.8036880493164,63.50714111328125,68.10586547851562
20210209,61.26280975341797,69.79913330078125,50.94194412231445
20210210,74.92713165283203,39.31394577026367,104.93347930908203
20210211,63.45914840698242,50.611053466796875,70.35769653320312
20210212,73.32506561279297,34.39970016479492,107.59780883789062
20210213,36.62135314941406,39.82759475708008,38.7568359375
20210214,25.286775588989258,16.80596160888672,28.035661697387695
20210215,61.24074935913086,44.40163040161133,64.81185913085938
20210216,91.76087188720703,82.33058166503906,91.56245422363281
20210217,104.36856842041016,54.285552978515625,128.29196166992188
20210218,33.67285919189453,8.392302513122559,56.00007629394531
20210219,85.1559829711914,25.46816062927246,127.457763671875
20210220,23.758169174194336,6.767153739929199,33.866851806640625
20210221,37.47248458862305,44.82857131958008,37.391456604003906
20210222,71.28911590576172,0.0,118.55826568603516
20210223,97.42845916748047,79.46882629394531,103.1097640991211
20210224,77.84101867675781,34.48951721191406,107.87873840332031
20210225,46.18281936645508,25.113088607788086,62.84039306640625
20210226,121.14055633544922,83.28805541992188,166.72911071777344
20210227,81.19038391113281,25.90095329284668,129.62371826171875
20210228,66.41739654541016,33.10647964477539,82.84222412109375
20210301,96.29557800292969,76.79933166503906,96.08734893798828
20210302,137.46934509277344,61.8918342590332,191.74591064453125
20210303,154.58648681640625,70.4505844116211,220.3603057861328
20210304,88.44233703613281,32.061859130859375,127.02809143066406
20210305,88.98228454589844,48.38639450073242,127.80359649658203
20210306,57.995521545410156,27.208003997802734,73.75601959228516
20210307,16.277973175048828,16.227869033813477,27.071290969848633
20210308,60.39744567871094,92.63314056396484,23.179555892944336
20210309,22.26188087463379,17.754684448242188,29.61832046508789
20210310,57.34138107299805,52.76758575439453,51.34893798828125
20210311,70.38656616210938,78.94114685058594,80.47687530517578
20210312,49.37989044189453,16.409297943115234,68.43487548828125
20210313,72.58614349365234,59.20586013793945,109.7411880493164
20210314,43.81703186035156,52.41859436035156,58.2963752746582
20210315,111.60258483886719,20.22892189025879,177.16563415527344
20210316,108.84150695800781,47.176734924316406,149.5301971435547
20210317,93.311767578125,50.74066162109375,134.02195739746094
20210318,134.94033813476562,95.4693374633789,188.21839904785156
20210319,42.853397369384766,8.54429817199707,64.14109802246094
20210320,29.48873519897461,6.532880783081055,43.5925407409668
20210321,26.29022216796875,17.472864151000977,29.1481876373291
20210322,119.15711212158203,38.01290512084961,174.38584899902344
20210323,99.4635238647461,103.46854400634766,107.87873840332031
20210324,76.4438705444336,16.935237884521484,120.068115234375
20210325,63.78499984741211,33.91395568847656,77.79086303710938
20210326,69.7814712524414,32.73726272583008,95.5713882446289
20210327,41.32761764526367,6.338524341583252,63.44346618652344
20210328,75.62940216064453,60.31727981567383,113.19878387451172
20210329,123.23540496826172,127.77032470703125,98.37513732910156
20210330,95.42375946044922,99.66004180908203,83.1263198852539
20210331,76.34598541259766,76.1109848022461,70.53787231445312
20210401,67.69552612304688,62.98801040649414,90.06552124023438
20210402,65.70381927490234,54.58464813232422,72.84638214111328
20210403,91.81957244873047,42.24781799316406,123.33599090576172
20210404,23.437978744506836,0.0,38.97882843017578
20210405,74.55940246582031,42.47422790527344,88.56925201416016
20210406,92.78900909423828,27.751020431518555,131.16685485839844
20210407,113.79048919677734,67.22384643554688,168.21397399902344
20210408,32.52170181274414,37.053253173828125,54.085628509521484
20210409,48.00822830200195,26.105703353881836,65.3241958618164
20210410,32.44434356689453,12.937790870666504,43.16558074951172
20210411,48.83392333984375,48.6836051940918,54.142581939697266
20210412,100.38084411621094,120.08622741699219,133.55169677734375
20210413,95.29304504394531,72.38074493408203,143.3851318359375
20210414,186.30352783203125,144.96005249023438,294.7205810546875
20210415,103.25959777832031,41.176700592041016,151.11990356445312
20210416,95.03267669677734,18.045743942260742,142.9933624267578
20210417,101.40513610839844,87.61392974853516,101.18585205078125
20210418,54.817909240722656,62.45619583129883,39.07097625732422
20210419,110.41893005371094,150.1077880859375,100.16377258300781
20210420,125.26516723632812,129.5047607421875,138.88255310058594
20210421,166.30258178710938,62.73161315917969,261.6217956542969
20210422,113.77379608154297,61.07423400878906,145.5484161376953
20210423,146.73118591308594,115.25054168701172,177.4713897705078
20210424,111.8166275024414,139.34056091308594,98.79022216796875
20210425,16.60434913635254,33.10647964477539,13.807036399841309
20210426,54.46673583984375,39.490238189697266,57.64282989501953
20210427,131.65333557128906,143.94952392578125,98.87963104248047
20210428,50.063995361328125,33.27326202392578,62.444671630859375
20210429,47.383934020996094,68.7099380493164,28.65543556213379
20210430,36.4018440246582,27.217348098754883,37.83658981323242
20210501,56.08929443359375,19.735286712646484,82.30589294433594
20210502,49.56460189819336,16.470680236816406,68.69086456298828
20210503,97.42845916748047,86.33650207519531,90.01647186279297
20210504,93.87843322753906,71.30625915527344,104.08381652832031
20210505,60.385345458984375,8.59992504119873,93.25143432617188
20210506,76.30575561523438,53.69709396362305,111.97169494628906
20210507,55.92646408081055,8.577588081359863,85.85466766357422
20210508,3.56573486328125,0.0,5.93004035949707
20210509,8.323034286499023,0.0,13.841727256774902
20210510,49.002479553222656,9.770329475402832,73.34477233886719
20210511,101.1806869506836,78.94114685058594,124.37335205078125
20210512,63.2974739074707,33.65473937988281,84.2141342163086
20210513,140.43304443359375,131.76544189453125,144.25082397460938
20210514,115.36304473876953,73.93368530273438,143.89199829101562
20210515,88.29153442382812,26.079933166503906,130.51943969726562
20210516,49.318626403808594,32.77787780761719,54.67997741699219
20210517,92.1579818725586,40.83302688598633,127.72042083740234
20210518,98.58832550048828,108.11334991455078,114.77099609375
20210519,158.9622344970703,92.01653289794922,204.66900634765625
20210520,125.85060119628906,89.61659240722656,134.54835510253906
20210521,165.85250854492188,125.1236801147461,171.45761108398438
20210522,68.15982818603516,20.385007858276367,102.01866149902344
20210523,65.92174530029297,82.14854431152344,54.81599426269531
20210524,138.4081268310547,101.1868667602539,176.47238159179688
20210525,170.94143676757812,46.05817794799805,276.6029052734375
20210526,176.6128387451172,85.88742065429688,243.5712127685547
20210527,133.3360595703125,49.84711456298828,187.09837341308594
20210528,140.02928161621094,43.624454498291016,196.4903564453125
20210529,59.0212516784668,14.709895133972168,85.88652801513672
20210530,31.10392189025879,31.008182525634766,38.79582595825195
20210531,57.554264068603516,51.00187301635742,63.81089782714844
20210601,65.87492370605469,18.763473510742188,93.9035415649414
20210602,68.72547149658203,27.40557289123535,99.05546569824219
20210603,60.072471618652344,17.11073112487793,85.63224029541016
20210604,79.60777282714844,52.908485412597656,95.61695861816406
20210605,41.4935417175293,34.47151565551758,40.25370788574219
20210606,47.32239532470703,37.74138641357422,47.220062255859375
20210607,54.304386138916016,0.0,90.31159210205078
20210608,59.727294921875,54.96318435668945,68.76708221435547
20210609,93.24922180175781,53.121253967285156,110.77093505859375
20210610,85.51465606689453,35.89533996582031,119.76103973388672
20210611,131.48475646972656,84.56776428222656,155.1833038330078
20210612,47.130027770996094,46.98495864868164,44.78867721557617
20210613,58.55548858642578,0.0,97.3814468383789
20210614,29.358060836791992,19.511795043945312,40.68690872192383
20210615,73.5105209350586,27.481592178344727,114.61180877685547
20210616,144.7877197265625,139.9680633544922,124.04387664794922
20210617,138.02365112304688,18.346508026123047,214.23919677734375
20210618,84.50428009033203,33.69766616821289,112.42872619628906
20210619,42.243160247802734,14.037710189819336,64.39859771728516
20210620,94.64479064941406,51.46552658081055,128.78199768066406
20210621,94.50267791748047,79.33625030517578,99.26139831542969
20210622,170.60433959960938,37.795379638671875,252.2006378173828
20210623,41.51087188720703,49.65972137451172,55.228145599365234
20210624,76.66112518310547,40.2237663269043,100.65177917480469
20210625,54.78801345825195,42.01490020751953,56.07132339477539
20210626,25.453319549560547,7.2499918937683105,42.33046340942383
20210627,8.472040176391602,0.0,14.089533805847168
20210628,97.29219818115234,110.84883117675781,107.86868286132812
20210629,95.68627166748047,154.4437713623047,60.62181854248047
20210630,43.81703186035156,61.155025482177734,43.722286224365234
20210701,64.11421203613281,68.17799377441406,49.7587776184082
20210702,78.9751205444336,43.74001693725586,102.15377807617188
20210703,46.89175796508789,73.46023559570312,50.13252639770508
20210704,46.52482986450195,55.65794372558594,61.898963928222656
20210705,65.9874038696289,78.94114685058594,65.84471130371094
20210706,63.3285026550293,29.13857078552246,97.21778869628906
20210707,34.77761459350586,43.33820724487305,21.689006805419922
20210708,37.85791778564453,28.30603790283203,39.35005569458008
20210709,32.35719299316406,32.25759506225586,33.63252639770508
20210710,31.023006439208984,20.618343353271484,34.395469665527344
20210711,27.30138397216797,0.0,45.40391159057617
20210712,69.73827362060547,89.38748931884766,41.421112060546875
20210713,77.247802734375,81.54003143310547,60.455501556396484
20210714,56.218509674072266,17.24475860595703,86.30298614501953
20210715,104.51173400878906,108.72003936767578,98.24019622802734
20210716,70.38033294677734,28.065479278564453,101.4406509399414
20210717,76.57191467285156,66.37931823730469,77.513671875
20210718,32.555946350097656,48.6836051940918,27.071290969848633
20210719,50.573551177978516,10.083576202392578,84.10698699951172
20210720,37.430145263671875,27.986196517944336,38.90542221069336
20210721,49.915401458740234,45.23796081542969,45.27951431274414
20210722,95.29304504394531,63.33314514160156,105.6521987915039
20210723,91.7940444946289,39.78760528564453,119.47245788574219
20210724,65.35699462890625,82.30208587646484,62.927398681640625
20210725,26.220853805541992,17.426761627197266,29.07128143310547
20210726,59.15299606323242,49.14242935180664,65.58342742919922
20210727,79.20344543457031,65.02559661865234,108.47554016113281
20210728,53.2962646484375,65.39349365234375,47.7265510559082
20210729,30.91729736328125,8.806323051452637,44.07206344604492
20210730,80.90396118164062,125.46322631835938,67.27417755126953
20210731,30.390527725219727,13.465325355529785,39.30994415283203
20210801,40.6949348449707,0.0,67.67822265625
20210802,111.9454574584961,40.58213424682617,160.78517150878906
20210803,50.82042694091797,46.05817794799805,46.10047912597656
20210804,89.99213409423828,76.898681640625,92.64825439453125
20210805,99.66178131103516,75.69905853271484,110.495849609375
20210806,63.62165832519531,16.91355323791504,98.75301361083984
20210807,50.91036605834961,60.904388427734375,39.51132583618164
20210808,18.557802200317383,37.00135803222656,15.431394577026367
20210809,42.60537338256836,53.0927848815918,26.570775985717773
20210810,103.37091064453125,46.84214401245117,140.65550231933594
20210811,71.90812683105469,47.79119110107422,103.64269256591797
20210812,76.1509780883789,94.8957290649414,55.40668869018555
20210813,95.29304504394531,126.66629028320312,60.37268829345703
20210814,11.128447532653809,14.792257308959961,6.169101715087891
20210815,55.987060546875,93.02454376220703,15.518330574035645
20210816,127.20260620117188,95.10829162597656,185.10264587402344
20210817,157.74131774902344,137.5988006591797,163.95855712890625
20210818,83.16069793701172,73.69308471679688,99.8843765258789
20210819,49.64338684082031,8.998287200927734,75.05459594726562
20210820,68.60346984863281,48.851646423339844,81.49419403076172
20210821,95.3510971069336,70.41303253173828,117.46285247802734
20210822,64.41104125976562,55.03952407836914,76.51399230957031
20210823,189.92799377441406,44.55138397216797,297.28204345703125
20210824,133.26422119140625,151.83316040039062,150.3895721435547
20210825,47.52607727050781,47.37978744506836,63.2310791015625
20210826,114.39083099365234,133.04518127441406,134.75270080566406
20210827,103.81266021728516,141.12698364257812,86.32347869873047
20210828,116.29227447509766,140.52642822265625,117.21292114257812
20210829,81.67974853515625,126.66629028320312,75.46585845947266
20210830,107.77188873291016,124.40440368652344,94.33232116699219
20210831,203.01235961914062,108.59815979003906,288.2141418457031
20210901,80.03519439697266,88.65426635742188,73.9464111328125
20210902,106.2608871459961,55.26980972290039,138.30145263671875
20210903,98.69049072265625,136.88584899902344,92.76825714111328
20210904,52.84255599975586,65.8498764038086,38.44770812988281
20210905,50.70256805419922,67.39533233642578,42.16077423095703
20210906,81.71419525146484,137.85989379882812,104.53524780273438
20210907,117.78018951416016,88.06324005126953,130.58387756347656
20210908,85.30216979980469,75.59075927734375,86.69396209716797
20210909,73.61261749267578,36.693016052246094,99.46820068359375
20210910,65.9410400390625,85.07279205322266,45.15579605102539
20210911,89.4393310546875,118.88536071777344,49.5810661315918
20210912,69.01182556152344,76.44377899169922,76.51399230957031
20210913,104.92296600341797,109.5809555053711,91.40133666992188
20210914,69.78723907470703,37.10529708862305,100.58580780029297
20210915,65.9686279296875,56.37049102783203,70.52783203125
20210916,119.12415313720703,45.67595291137695,160.01266479492188
20210917,151.90768432617188,48.851646423339844,220.03431701660156
20210918,103.51773834228516,51.599552154541016,139.8771514892578
20210919,40.99712371826172,32.696746826171875,68.1807861328125
20210920,59.95597839355469,49.80952072143555,58.164485931396484
20210921,84.70899963378906,26.667871475219727,118.63273620605469
20210922,54.23030090332031,45.05281448364258,60.12559509277344
20210923,68.83257293701172,60.043113708496094,85.85466766357422
20210924,92.75189971923828,70.4505844116211,110.1801528930664
20210925,36.149051666259766,39.31394577026367,43.722286224365234
20210926,33.20869827270508,49.65972137451172,27.614072799682617
20210927,57.03129577636719,47.37978744506836,55.32719421386719
20210928,96.15580749511719,67.10188293457031,111.93920135498047
20210929,59.39776611328125,81.98990631103516,83.58494567871094
20210930,102.68067169189453,62.308895111083984,148.4907684326172
20211001,68.03733825683594,67.82791137695312,91.93466186523438
20211002,57.63935852050781,108.16364288330078,50.74827575683594
20211003,43.2450065612793,51.73427200317383,28.767663955688477
20211004,65.81260681152344,17.496007919311523,102.15377807617188
20211005,171.9004364013672,120.4230728149414,185.4364471435547
20211006,56.072113037109375,0.0,93.25143432617188
20211007,121.3052978515625,74.41963195800781,139.66497802734375
20211008,94.39959716796875,25.66609764099121,142.7204132080078
20211009,37.85791778564453,56.61207580566406,15.740021705627441
20211010,26.1518497467041,17.380901336669922,43.492164611816406
20211011,50.806251525878906,20.259946823120117,76.04458618164062
20211012,81.5680160522461,108.4225845336914,52.75383377075195
20211013,94.00530242919922,116.02925872802734,74.44605255126953
20211014,55.363250732421875,64.39163970947266,53.708988189697266
20211015,107.1450424194336,151.32159423828125,74.2453842163086
20211016,27.152193069458008,33.83576965332031,16.933425903320312
20211017,35.053627014160156,34.94572830200195,58.2963752746582
20211018,126.71024322509766,27.068614959716797,188.149169921875
20211019,133.84112548828125,28.59195899963379,198.73765563964844
20211020,76.40929412841797,62.73161315917969,104.64871978759766
20211021,94.00530242919922,80.32794952392578,104.2244644165039
20211022,86.04071807861328,68.6207046508789,107.31832885742188
20211023,62.439273834228516,32.761619567871094,81.97927856445312
20211024,49.441307067871094,32.85941696166992,68.5199966430664
20211025,79.62903594970703,116.42976379394531,123.59953308105469
20211026,144.6536102294922,105.7527847290039,160.37867736816406
20211027,102.93289184570312,55.97239303588867,140.05950927734375
20211028,96.13255310058594,87.85026550292969,99.92153930664062
20211029,55.781578063964844,25.66609764099121,71.3602066040039
20211030,49.83802795410156,33.12308120727539,60.78142547607422
20211031,66.92056274414062,0.0,111.29308319091797
20211101,124.33229064941406,17.70708465576172,199.38766479492188
20211102,62.866249084472656,28.925880432128906,96.50816345214844
20211103,73.80557250976562,60.59396743774414,101.08270263671875
20211104,122.68769073486328,61.155025482177734,160.31504821777344
20211105,76.9422836303711,64.59406280517578,101.02091979980469
20211106,28.162105560302734,0.0,46.83534622192383
20211107,46.437862396240234,61.7265625,38.61453628540039
20211108,46.36564636230469,71.90232849121094,34.270652770996094
20211109,84.5761947631836,28.105287551879883,117.21292114257812
20211110,135.30206298828125,37.209815979003906,193.97914123535156
20211111,83.04486846923828,45.9940299987793,115.09069061279297
20211112,101.21734619140625,27.51976203918457,153.02798461914062
20211113,63.277320861816406,37.84952926635742,89.44902801513672
20211114,51.49068832397461,34.22146224975586,71.3602066040039
20211115,141.16055297851562,28.14521026611328,211.282958984375
20211116,122.86271667480469,56.53131866455078,165.03445434570312
20211117,126.06885528564453,78.00877380371094,180.74172973632812
20211118,158.1717071533203,54.06337356567383,217.95529174804688
20211119,108.7573471069336,81.31694030761719,150.72525024414062
20211120,43.89743423461914,13.465325355529785,67.38847351074219
20211121,34.06239318847656,16.97877311706543,42.48591995239258
20211122,128.9940643310547,41.15104293823242,180.20118713378906
20211123,80.91041564941406,28.468717575073242,118.7286148071289
20211124,87.68561553955078,126.26714324951172,48.60889434814453
20211125,118.09510040283203,47.09263610839844,166.93963623046875
20211126,58.97747039794922,9.799321174621582,98.0832290649414
20211127,57.11323547363281,0.0,94.9828872680664
20211128,35.52351379394531,0.0,59.07783126831055
20211129,60.78105545043945,20.19799041748047,101.08270263671875
20211130,92.78900909423828,18.50067901611328,146.59823608398438
20211201,86.94403076171875,17.335281372070312,130.134033203125
20211202,93.12439727783203,26.525070190429688,140.12200927734375
20211203,106.17205047607422,42.33809280395508,162.44509887695312
20211204,73.31639099121094,33.223052978515625,99.76069641113281
20211205,86.75772857666016,47.176734924316406,131.16685485839844
20211206,120.544677734375,67.29723358154297,184.43548583984375
20211207,202.4346923828125,155.9453125,237.19338989257812
20211208,145.55889892578125,52.76758575439453,212.73130798339844
20211209,104.557373046875,66.33170318603516,150.17381286621094
20211210,164.97715759277344,112.53166198730469,245.486572265625
20211211,95.62051391601562,34.04506301879883,153.34352111816406
20211212,76.4438705444336,16.935237884521484,127.13095092773438
20211213,110.41893005371094,10.483718872070312,174.88914489746094
20211214,129.9046173095703,101.75373840332031,177.46104431152344
20211215,72.01234436035156,26.921504974365234,112.2759780883789
20211216,136.24957275390625,59.42570495605469,212.4296112060547
20211217,95.44012451171875,71.3597640991211,125.6556396484375
20211218,86.98970031738281,62.439796447753906,98.37513732910156
20211219,61.02098083496094,52.142704010009766,86.98432922363281
20211220,53.08602523803711,21.16904640197754,88.28538513183594
20211221,101.40513610839844,19.255809783935547,160.6124725341797
20211222,141.3362274169922,17.612646102905273,227.7056427001953
20211223,135.30911254882812,59.95227813720703,225.0275421142578
20211224,135.7197723388672,60.13422775268555,208.99118041992188
20211225,43.87506866455078,0.0,72.96698760986328
20211226,43.73026657104492,21.79783058166504,54.54462814331055
20211227,78.87065887451172,17.472864151000977,131.16685485839844
20211228,58.89009475708008,14.677206039428711,85.6956787109375
20211229,37.88884735107422,21.584125518798828,63.01152801513672
20211230,147.22523498535156,56.4507942199707,197.75926208496094
20211231,76.59115600585938,0.0,127.37589263916016
20220101,63.09653091430664,31.451156616210938,91.8167953491211
20220102,37.85791778564453,0.0,62.960086822509766
20220103,52.34305953979492,14.909126281738281,74.61409759521484
20220104,88.9631118774414,10.434032440185547,139.2482147216797
20220105,96.48255157470703,82.44477081298828,137.53416442871094
20220106,70.01464080810547,69.79913330078125,65.49678802490234
20220107,118.95960998535156,72.98058319091797,182.61903381347656
20220108,38.27546691894531,13.875510215759277,52.080955505371094
20220109,63.70322799682617,18.1448974609375,105.94245910644531
20220110,130.00657653808594,51.84256362915039,172.96726989746094
20220111,188.9130096435547,78.8364486694336,270.3359069824219
20220112,78.2134017944336,36.693016052246094,114.77099609375
20220113,170.64743041992188,100.07186126708984,250.40943908691406
20220114,133.57127380371094,17.754684448242188,207.3282470703125
20220115,71.05609893798828,33.732086181640625,112.54357147216797
20220116,46.00788497924805,73.38603210449219,30.60559844970703
20220117,109.26873016357422,137.5988006591797,86.0782470703125
20220118,138.8214874267578,114.5331039428711,151.25888061523438
20220119,153.562744140625,52.48802185058594,233.49436950683594
20220120,136.3739776611328,26.313716888427734,212.1663055419922
20220121,185.75144958496094,88.1808090209961,242.71995544433594
20220122,145.81280517578125,96.90931701660156,205.1887664794922
20220123,106.85701751708984,135.58123779296875,96.93268585205078
20220124,185.8010711669922,42.33809280395508,282.5132141113281
20220125,291.5824279785156,123.89849853515625,397.4753112792969
20220126,260.3373107910156,71.59613037109375,425.4924621582031
20220127,265.0054016113281,79.25691223144531,411.3392333984375
20220128,182.23171997070312,80.7425765991211,282.85858154296875
20220129,217.44033813476562,94.83732604980469,322.0650634765625
20220130,63.52869415283203,36.190372467041016,90.55902862548828
20220131,142.98854064941406,19.006452560424805,237.79888916015625
20220201,190.58609008789062,54.285552978515625,286.770263671875
20220202,250.3199920654297,58.22821044921875,395.4829406738281
20220203,176.28762817382812,40.870933532714844,272.72314453125
20220204,92.57479858398438,64.20162963867188,107.10100555419922
20220205,47.5650749206543,33.87047576904297,50.852378845214844
20220206,78.2496337890625,34.670562744140625,115.67469787597656
20220207,195.15126037597656,29.930856704711914,299.58349609375
20220208,158.38780212402344,81.20585632324219,225.77899169921875
20220209,117.17926788330078,35.94417953491211,172.39071655273438
20220210,108.53760528564453,17.312562942504883,173.28463745117188
20220211,179.2779541015625,73.115234375,250.7174530029297
20220212,131.98764038085938,96.27904510498047,187.3812255859375
20220213,118.00495147705078,100.83576202392578,154.19613647460938
20220214,191.8865509033203,70.4774398803711,285.52783203125
20220215,229.06053161621094,87.82902526855469,380.9420166015625
20220216,223.4668731689453,61.155025482177734,371.6394348144531
20220217,228.45294189453125,91.09989929199219,334.33978271484375
20220218,226.35154724121094,147.54351806640625,318.5234375
20220219,140.16024780273438,115.8726806640625,210.354248046875
20220220,83.27684020996094,110.69401550292969,123.10631561279297
20220221,152.3668212890625,135.02029418945312,244.01055908203125
20220222,279.43438720703125,121.55968475341797,439.3686828613281
20220223,431.0212097167969,183.46507263183594,692.6530151367188
20220224,370.7033996582031,189.51914978027344,545.3680419921875
20220225,515.8916625976562,162.41171264648438,797.75244140625
20220226,398.5916748046875,362.6435852050781,489.11749267578125
20220227,202.09298706054688,157.6728973388672,277.64227294921875
20220228,452.6180725097656,218.17466735839844,678.2862548828125
20220301,540.827392578125,287.5534362792969,809.48681640625
20220302,523.524658203125,203.2228546142578,778.1954956054688
20220303,436.8221435546875,353.82550048828125,552.4142456054688
20220304,350.0732116699219,226.84716796875,465.75494384765625
20220305,322.3639831542969,236.41136169433594,375.8942565917969
20220306,197.62477111816406,206.39820861816406,250.40943908691406
20220307,362.3121032714844,247.6778564453125,473.4303283691406
20220308,352.1051025390625,360.2586975097656,408.3599853515625
20220309,295.3064270019531,179.1984405517578,391.4669189453125
20220310,352.40081787109375,384.1055908203125,343.8245849609375
20220311,410.3309631347656,289.7564392089844,497.5877990722656
20220312,298.70550537109375,183.2529754638672,401.23406982421875
20220313,181.01463317871094,216.54891967773438,195.67514038085938
20220314,350.1087951660156,204.04896545410156,492.6754455566406
20220315,311.88226318359375,207.28150939941406,400.7980041503906
20220316,473.2239685058594,343.9051513671875,632.5429077148438
20220317,290.32562255859375,227.74974060058594,348.2705993652344
20220318,285.3160400390625,202.4811553955078,394.0749816894531
20220319,175.8885498046875,175.34715270996094,201.1031494140625
20220320,130.75924682617188,156.42811584472656,159.4712677001953
20220321,227.73902893066406,227.03802490234375,223.8034210205078
20220322,244.8419647216797,201.01390075683594,295.4105529785156
20220323,267.4743957519531,297.41851806640625,342.1744079589844
20220324,317.01409912109375,265.6553955078125,420.2433166503906
20220325,350.7424621582031,328.0787353515625,424.8777160644531
20220326,275.0921325683594,236.15573120117188,355.8298034667969
20220327,189.28958129882812,205.8621063232422,243.2548828125
20220328,281.920654296875,319.3782653808594,277.0487365722656
20220329,233.35958862304688,181.5736846923828,283.9694519042969
20220330,233.50888061523438,270.6861572265625,243.84130859375
20220331,254.8129119873047,220.89439392089844,331.64593505859375
20220401,188.15780639648438,167.83352661132812,205.86724853515625
20220402,188.15780639648438,187.57864379882812,247.0406951904297
20220403,239.78370666503906,301.02044677734375,251.08078002929688
20220404,163.0200653076172,143.01608276367188,184.35655212402344
20220405,212.41769409179688,137.36032104492188,276.8825378417969
20220406,175.74716186523438,116.80413055419922,247.99391174316406
20220407,243.41552734375,232.1155548095703,290.41094970703125
20220408,219.47674560546875,152.65199279785156,263.1421203613281
20220409,178.6661834716797,211.8138885498047,168.64309692382812
20220410,148.9779052734375,139.7829132080078,189.46322631835938
20220411,195.2273712158203,226.01780700683594,240.88816833496094
20220412,226.25242614746094,219.77252197265625,260.4959716796875
20220413,258.87689208984375,305.4825134277344,254.80258178710938
20220414,265.656005859375,302.6723327636719,279.50775146484375
20220415,168.43563842773438,186.57464599609375,186.7460174560547
20220416,166.67005920410156,207.69631958007812,138.5913848876953
20220417,151.43167114257812,132.0948486328125,204.6202850341797
20220418,218.6294708251953,184.93280029296875,264.432373046875
20220419,213.5172576904297,243.26858520507812,223.2010498046875
20220420,189.60824584960938,166.7864227294922,250.40943908691406
20220421,128.264404296875,111.19095611572266,139.11634826660156
20220422,246.79725646972656,218.7000732421875,319.2305908203125
20220423,134.42303466796875,134.00927734375,199.60171508789062
20220424,50.4451904296875,50.2899169921875,55.92900848388672
20220425,246.8994598388672,232.46505737304688,285.14532470703125
20220426,160.5444793701172,160.05030822753906,169.09716796875
20220427,186.6986541748047,127.62787628173828,239.52207946777344
20220428,176.37631225585938,131.87506103515625,219.99363708496094
20220429,148.93714904785156,143.35874938964844,170.8219451904297
20220430,168.43563842773438,193.3591766357422,161.28065490722656
20220501,66.92056274414062,100.07186126708984,55.646541595458984
20220502,96.6702651977539,128.49693298339844,107.17913055419922
20220503,157.47349548339844,156.98878479003906,187.06307983398438
20220504,163.44906616210938,217.2612762451172,172.156494140625
20220505,144.69874572753906,144.25335693359375,171.88790893554688
20220506,174.06805419921875,178.79080200195312,192.99072265625
20220507,97.71585845947266,77.93206787109375,138.13145446777344
20220508,98.48174285888672,124.95458984375,119.11367797851562
20220509,150.86941528320312,170.0230712890625,174.54281616210938
20220510,143.2461700439453,190.40699768066406,158.8182373046875
20220511,176.37631225585938,175.83340454101562,210.82723999023438
20220512,158.2610626220703,174.09535217285156,163.3643035888672
20220513,162.08282470703125,141.38592529296875,210.58897399902344
20220514,83.80007934570312,68.79940032958984,98.37513732910156
20220515,77.84101867675781,68.97903442382812,129.45449829101562
20220516,168.75344848632812,174.46490478515625,197.4927215576172
20220517,174.62417602539062,158.26060485839844,220.00830078125
20220518,165.89596557617188,128.04025268554688,195.79672241210938
20220519,162.38076782226562,129.5047607421875,189.0345916748047
20220520,140.9603271484375,90.33842468261719,200.9364471435547
20220521,124.2212905883789,91.73253631591797,145.3765869140625
20220522,75.09599304199219,49.90989303588867,97.13615417480469
20220523,150.3084716796875,115.2660140991211,173.0578155517578
20220524,222.35826110839844,295.5650634765625,265.49432373046875
20220525,155.10350036621094,209.8496856689453,147.398193359375
20220526,134.57305908203125,72.23937225341797,172.156494140625
20220527,155.51962280273438,124.03273010253906,181.0471954345703
20220528,118.4752426147461,113.38613891601562,118.21904754638672
20220529,76.05384826660156,84.24417114257812,70.26795959472656
20220530,115.82404327392578,138.56103515625,128.4150848388672
20220531,190.30909729003906,177.8656005859375,217.59097290039062
20220601,168.34361267089844,162.41171264648438,207.71669006347656
20220602,142.59397888183594,120.28504180908203,164.17572021484375
20220603,142.78309631347656,102.48738098144531,189.9657745361328
20220604,102.8747787475586,61.53487014770508,153.9784698486328
20220605,70.293212890625,52.55763626098633,87.67652130126953
20220606,190.12530517578125,145.80006408691406,231.06211853027344
20220607,139.0311279296875,108.4720458984375,201.0586700439453
20220608,152.3668212890625,146.27198791503906,178.31541442871094
20220609,115.55469512939453,76.79933166503906,155.56997680664062
20220610,94.34528350830078,52.25271224975586,122.03498077392578
20220611,103.96075439453125,84.79698181152344,125.74054718017578
20220612,83.74468994140625,55.65794372558594,108.32318878173828
20220613,147.22523498535156,146.77206420898438,163.2298583984375
20220614,136.36642456054688,113.28888702392578,188.98825073242188
20220615,110.05207824707031,120.6846694946289,91.51174926757812
20220616,132.2822265625,109.89588165283203,128.32962036132812
20220617,114.04771423339844,82.68848419189453,137.9407196044922
20220618,98.11554718017578,111.78690338134766,116.55164337158203
20220619,56.4642219543457,37.526947021484375,93.9035415649414
20220620,115.72289276123047,115.36668395996094,144.3408203125
20220621,116.76954650878906,98.02957916259766,153.31190490722656
20220622,121.32015991210938,126.20527648925781,131.58457946777344
20220623,143.56231689453125,190.8272247314453,141.48333740234375
20220624,149.3589324951172,106.35655975341797,204.03732299804688
20220625,123.23540496826172,117.94183349609375,131.16685485839844
20220626,75.8603286743164,67.22384643554688,112.14264678955078
20220627,131.99984741210938,100.26174926757812,177.7099151611328
20220628,200.76168823242188,189.0246124267578,241.135009765625
20220629,181.88807678222656,186.822998046875,238.32644653320312
20220630,173.20616149902344,151.08888244628906,225.04116821289062
20220701,119.07923889160156,107.92063903808594,153.02798461914062
20220702,60.22850036621094,80.05747985839844,50.081886291503906
20220703,30.20578384399414,40.15040969848633,33.48940658569336
20220704,80.43762969970703,87.48003387451172,97.28931427001953
20220705,109.64945220947266,138.0782470703125,86.378173828125
20220706,138.9888458251953,150.1077880859375,134.83584594726562
20220707,88.63056945800781,66.26831817626953,110.54864501953125
20220708,110.41893005371094,83.8697509765625,122.42239379882812
20220709,70.48016357421875,50.18801498413086,92.09587860107422
20220710,38.51823043823242,19.199832916259766,64.0582275390625
20220711,112.85301208496094,52.94382858276367,154.56134033203125
20220712,113.63867950439453,147.27557373046875,113.39295196533203
20220713,182.87045288085938,145.84605407714844,217.23216247558594
20220714,165.35279846191406,98.90629577636719,210.82723999023438
20220715,192.0329132080078,148.89918518066406,239.52207946777344
20220716,102.60165405273438,87.67357635498047,113.75531768798828
20220717,107.43463134765625,107.10393524169922,104.2244644165039
20220718,128.70916748046875,162.07957458496094,135.19036865234375
20220719,151.07994079589844,89.25328063964844,223.338134765625
20220720,149.56410217285156,55.22359848022461,239.52207946777344
20220721,117.50662994384766,100.40994262695312,158.19784545898438
20220722,125.4760513305664,40.02873992919922,200.32754516601562
20220723,109.91929626464844,99.6190414428711,124.63818359375
20220724,89.26080322265625,39.54935836791992,131.95228576660156
20220725,109.55962371826172,38.54907989501953,160.76870727539062
20220726,160.8621063232422,154.42742919921875,178.34915161132812
20220727,145.54339599609375,127.68394470214844,154.91058349609375
20220728,106.68494415283203,95.72090911865234,124.1966323852539
20220729,68.24624633789062,52.33551788330078,87.30598449707031
20220730,119.9827651977539,145.6163787841797,130.134033203125
20220731,125.18424224853516,153.59866333007812,96.08734893798828
20220801,130.93153381347656,117.47565460205078,163.3105010986328
20220802,204.4794921875,116.48576354980469,262.3337097167969
20220803,210.2315673828125,124.61779022216797,264.58355712890625
20220804,212.0501708984375,148.54957580566406,285.9346618652344
20220805,163.9325408935547,112.70892333984375,206.82281494140625
20220806,138.22935485839844,108.27445983886719,172.41305541992188
20220807,111.03579711914062,92.24501037597656,169.2711944580078
20220808,149.09796142578125,103.40105438232422,204.8358917236328
20220809,212.57118225097656,153.0510711669922,255.31942749023438
20220810,80.65382385253906,68.91905975341797,86.22794342041016
20220811,130.26951599121094,136.05274963378906,154.74740600585938
20220812,182.54019165039062,160.56910705566406,205.36009216308594
20220813,112.0191879272461,63.81393814086914,133.06781005859375
20220814,120.09308624267578,199.53904724121094,83.21763610839844
20220815,110.41893005371094,90.65332794189453,108.01976013183594
20220816,96.5411376953125,96.24397277832031,100.34622192382812
20220817,156.08956909179688,138.3192138671875,173.0578155517578
20220818,100.73998260498047,59.076412200927734,137.97157287597656
20220819,117.67557525634766,129.04470825195312,146.77639770507812
20220820,81.54013061523438,91.45027923583984,93.22936248779297
20220821,122.68769073486328,150.5354461669922,109.86624908447266
20220822,101.72952270507812,76.06229400634766,137.46084594726562
20220823,145.3411865234375,144.89381408691406,171.21229553222656
20220824,102.45054626464844,56.74177551269531,141.98472595214844
20220825,149.11880493164062,169.89691162109375,141.71080017089844
20220826,108.25385284423828,86.33650207519531,135.0247039794922
20220827,81.79179382324219,50.962520599365234,119.02177429199219
20220828,103.81266021728516,94.08465576171875,109.86624908447266
20220829,120.45700073242188,146.77206420898438,144.68099975585938
20220830,115.27250671386719,60.482994079589844,171.52587890625
20220831,97.74789428710938,119.10192108154297,72.24928283691406
20220901,187.71217346191406,198.14227294921875,201.99693298339844
20220902,84.12870788574219,94.35346984863281,78.70011138916016
20220903,117.78018951416016,88.06324005126953,146.90687561035156
20220904,65.92174530029297,49.28912353515625,95.92798614501953
20220905,83.9590835571289,45.654903411865234,101.54853057861328
20220906,119.15711212158203,95.03227233886719,148.62429809570312
20220907,124.28883361816406,86.19566345214844,170.7522735595703
20220908,99.42936706542969,93.90628814697266,130.5452117919922
20220909,94.32772064208984,55.316104888916016,129.18946838378906
20220910,81.918212890625,71.45780181884766,85.1469497680664
20220911,66.75199127197266,66.54652404785156,69.38296508789062
20220912,111.95556640625,131.3070068359375,109.52301788330078
20220913,132.26222229003906,143.84193420410156,179.9675750732422
20220914,202.9320831298828,178.50656127929688,238.22735595703125
20220915,95.6089096069336,156.98878479003906,56.11892318725586
20220916,127.40645599365234,105.8452377319336,176.57077026367188
20220917,119.15711212158203,133.04518127441406,158.5325927734375
20220918,71.2380142211914,71.01873779296875,74.0457992553711
20220919,122.18487548828125,67.67153930664062,158.04530334472656
20220920,109.77320098876953,90.1231918334961,139.60447692871094
20220921,189.75428771972656,162.14588928222656,261.4750061035156
20220922,225.8568878173828,150.1077880859375,348.7845764160156
20220923,187.7991180419922,93.61052703857422,277.6192932128906
20220924,108.01850891113281,62.81684112548828,149.7012939453125
20220925,71.04702758789062,53.121253967285156,103.38619995117188
20220926,163.0200653076172,104.0116958618164,216.8900604248047
20220927,155.8855438232422,99.90367126464844,240.72975158691406
20220928,202.5867919921875,185.5878143310547,282.27972412109375
20220929,156.9405975341797,122.930908203125,186.43003845214844
20220930,162.7410430908203,104.67103576660156,226.9955596923828
20221001,154.9739227294922,135.18478393554688,209.40672302246094
20221002,120.60319519042969,64.12371826171875,187.19927978515625
20221003,123.89524841308594,91.0102310180664,195.20106506347656
20221004,164.21275329589844,90.3212661743164,254.26190185546875
20221005,171.14932250976562,121.08694458007812,229.5419921875
20221006,202.70140075683594,148.89918518066406,257.2644348144531
20221007,144.24093627929688,39.66812515258789,239.8817138671875
20221008,132.6922607421875,75.59075927734375,204.91302490234375
20221009,97.9522705078125,124.28279876708984,118.47328186035156
20221010,193.3405303955078,256.9938659667969,203.64035034179688
20221011,228.25112915039062,256.721435546875,233.5974884033203
20221012,181.95040893554688,149.38027954101562,258.0956726074219
20221013,133.84112548828125,100.07186126708984,166.93963623046875
20221014,147.22523498535156,94.35346984863281,183.6335906982422
20221015,92.4211196899414,58.19156265258789,129.43336486816406
20221016,64.23261260986328,54.887054443359375,76.30204010009766
20221017,171.66856384277344,139.44754028320312,200.90431213378906
20221018,128.9849395751953,58.44905090332031,195.00912475585938
20221019,160.19326782226562,148.29299926757812,190.2938690185547
20221020,159.91705322265625,148.03733825683594,180.4674835205078
20221021,174.34567260742188,115.8726806640625,237.22999572753906
20221022,108.37702941894531,122.13607025146484,117.54639434814453
20221023,52.3036994934082,104.28540802001953,43.492164611816406
20221024,93.57535552978516,37.3149299621582,124.49734497070312
20221025,139.72164916992188,69.64579010009766,193.6382293701172
20221026,133.39198303222656,110.81782531738281,138.64952087402344
20221027,180.4924774169922,201.10594177246094,220.7134552001953
20221028,203.68539428710938,128.2474365234375,267.42755126953125
20221029,81.26068115234375,28.59195899963379,119.24259185791016
20221030,51.75886917114258,34.39970016479492,71.73186492919922
20221031,113.79048919677734,138.64918518066406,105.13373565673828
20221101,136.88296508789062,163.7539520263672,127.48117065429688
20221102,150.81610107421875,75.17593383789062,214.98565673828125
20221103,186.55252075195312,120.63455963134766,251.55287170410156
20221104,115.8915786743164,115.53485870361328,136.52059936523438
20221105,95.81807708740234,72.77953338623047,121.41063690185547
20221106,101.14710235595703,84.02980041503906,140.1782989501953
20221107,139.72164916992188,104.46868896484375,183.95631408691406
20221108,225.73756408691406,146.53944396972656,305.5709533691406
20221109,137.41021728515625,156.55685424804688,163.2298583984375
20221110,98.15015411376953,127.20244598388672,81.61492919921875
20221111,111.09221649169922,110.75025939941406,125.9681625366211
20221112,47.662845611572266,28.509681701660156,63.41303634643555
20221113,46.00788497924805,73.38603210449219,45.90839767456055
20221114,188.92971801757812,163.23509216308594,198.9945831298828
20221115,196.5082550048828,100.75031280517578,280.1190185546875
20221116,170.58071899414062,164.5699920654297,183.02349853515625
20221117,153.21286010742188,158.00819396972656,193.2985076904297
20221118,77.71419525146484,67.79061889648438,88.8549575805664
20221119,81.97037506103516,76.91112518310547,96.22721099853516
20221120,60.385345458984375,68.79940032958984,71.73186492919922
20221121,107.62855529785156,83.45343017578125,159.10491943359375
20221122,105.24880981445312,143.58135986328125,119.76103973388672
20221123,105.60198974609375,99.73604583740234,138.64952087402344
20221124,46.46888732910156,39.70787048339844,44.16038131713867
20221125,80.51380157470703,80.2659683227539,76.51399230957031
20221126,94.32772064208984,99.56898498535156,92.27819061279297
20221127,85.42438507080078,37.84952926635742,110.495849609375
20221128,87.9999008178711,25.06543731689453,146.34934997558594
20221129,100.55011749267578,66.82707977294922,111.48076629638672
20221130,81.59033203125,21.690452575683594,126.64385223388672
20221201,65.94698333740234,40.45784378051758,84.36458587646484
20221202,109.09654235839844,138.42276000976562,123.70526885986328
20221203,106.4093017578125,138.36752319335938,84.6355972290039
20221204,51.62443161010742,68.6207046508789,57.23644256591797
20221205,98.96951293945312,139.2915802001953,106.50102233886719
20221206,139.096923828125,133.53289794921875,162.78561401367188
20221207,127.40645599365234,74.09166717529297,150.08514404296875
20221208,140.9603271484375,97.28752899169922,171.3112030029297
20221209,117.3084716796875,55.68922805786133,176.51121520996094
20221210,46.72901153564453,51.76130676269531,51.80884552001953
20221211,18.454416275024414,18.397611618041992,15.34542465209961
20221212,158.36978149414062,157.88229370117188,153.63766479492188
20221213,152.62684631347656,146.52159118652344,150.4165802001953
20221214,133.39198303222656,166.22674560546875,138.64952087402344
20221215,73.61261749267578,45.1606330871582,84.75396728515625
20221216,98.7958755493164,127.45994567871094,96.64925384521484
20221217,74.71957397460938,79.45555114746094,82.84222412109375
20221218,49.73825454711914,39.66812515258789,66.17427062988281
20221219,171.4579620361328,164.09298706054688,159.68138122558594
20221220,132.74404907226562,132.33546447753906,130.45008850097656
20221221,169.54087829589844,169.01901245117188,195.20106506347656
20221222,159.0032501220703,184.93280029296875,165.2702178955078
20221223,114.92581939697266,161.74879455566406,78.70011138916016
20221224,80.7943344116211,61.958187103271484,103.35848999023438
20221225,74.1619644165039,49.28912353515625,82.22399139404297
20221226,64.6985855102539,51.599552154541016,64.55868530273438
20221227,146.81739807128906,128.06979370117188,152.6040802001953
20221228,151.88629150390625,86.52501678466797,192.4544219970703
20221229,116.48590087890625,101.6114273071289,121.07709503173828
20221230,150.22982788085938,194.6976318359375,112.42872619628906
20221231,74.57938385009766,99.13309478759766,82.6867904663086
20230101,34.62614440917969,23.01304054260254,38.390296936035156
20230102,117.05186462402344,93.35325622558594,155.73165893554688
20230103,198.44876098632812,167.40130615234375,215.79061889648438
20230104,94.28560638427734,100.26174926757812,94.08171844482422
20230105,100.73998260498047,118.15282440185547,88.69601440429688
20230106,88.7294921875,106.14765167236328,88.53762817382812
20230107,88.86172485351562,108.27445983886719,73.89131164550781
20230108,29.228540420532227,19.42571449279785,32.40592956542969
20230109,86.12676239013672,52.83794403076172,99.1621322631836
20230110,114.62171936035156,102.84201049804688,114.37386322021484
20230111,129.44314575195312,82.1193618774414,156.56149291992188
20230112,114.44572448730469,126.77049255371094,105.7391128540039
20230113,103.69776916503906,80.40556335449219,124.55147552490234
20230114,95.40194702148438,42.27035140991211,123.40176391601562
20230115,42.60537338256836,21.23711395263672,70.85540008544922
20230116,107.10379791259766,152.5344696044922,114.50593566894531
20230117,127.40645599365234,88.90999603271484,169.5079345703125
20230118,76.7813720703125,65.61003112792969,100.32960510253906
20230119,115.06175994873047,120.74484252929688,110.78443145751953
20230120,152.3668212890625,123.76859283447266,168.93038940429688
20230121,126.19306182861328,115.32090759277344,139.9113006591797
20230122,41.53689956665039,41.40904235839844,34.53923034667969
20230123,87.70545959472656,80.70968627929688,78.53982543945312
20230124,89.98486328125,67.2809066772461,121.59100341796875
20230125,110.61297607421875,116.0763168334961,106.50102233886719
20230126,71.49427032470703,83.15322875976562,59.44972229003906
20230127,120.77069091796875,171.99850463867188,86.0782470703125
20230128,82.9361572265625,58.36296844482422,89.24754333496094
20230129,55.20946502685547,0.0,91.8167953491211
20230130,155.17120361328125,94.16130065917969,213.1795196533203
20230131,148.3239288330078,153.3439483642578,146.17599487304688
20230201,108.70256805419922,114.07154846191406,123.69100952148438
20230202,130.60302734375,118.36457061767578,167.83714294433594
20230203,116.32762908935547,99.40248107910156,128.97341918945312
20230204,119.19284057617188,89.11946105957031,165.18763732910156
20230205,83.86247253417969,20.901084899902344,122.03498077392578
20230206,112.52884674072266,126.20527648925781,128.6604766845703
20230207,138.02365112304688,125.08982849121094,166.93963623046875
20230208,134.977294921875,67.2809066772461,187.06307983398438
20230209,169.5853729248047,169.06336975097656,188.020751953125
20230210,147.8824920654297,153.3243865966797,167.23773193359375
20230211,98.81238555908203,65.67215728759766,133.03001403808594
20230212,75.77769470214844,86.33650207519531,90.01647186279297
20230213,110.41893005371094,142.45523071289062,86.41580963134766
20230214,82.66657257080078,35.319480895996094,127.65971374511719
20230215,119.27412414550781,86.4778060913086,144.26206970214844
20230216,134.74850463867188,123.13927459716797,149.39682006835938
20230217,106.09647369384766,58.76105499267578,156.84007263183594
20230218,86.7698745727539,50.883995056152344,110.34992218017578
20230219,115.21974182128906,114.86508178710938,159.68138122558594
20230220,146.02967834472656,76.62114715576172,204.51071166992188
20230221,174.98080444335938,132.33546447753906,220.76168823242188
20230222,150.3084716796875,149.84580993652344,173.0578155517578
20230223,127.8748550415039,145.69285583496094,121.52223205566406
20230224,110.97380065917969,88.5057601928711,147.6450958251953
20230225,84.05022430419922,78.86260223388672,106.89118957519531
20230226,67.60342407226562,89.86044311523438,56.21436309814453
20230227,125.6263198852539,92.2818374633789,142.94830322265625
20230228,146.95309448242188,146.50076293945312,162.9281463623047
20230301,92.77371978759766,97.92863464355469,108.90953826904297
20230302,121.40300750732422,149.84580993652344,115.37188720703125
20230303,154.6261444091797,213.43870544433594,128.57647705078125
20230304,101.25752258300781,115.36668395996094,88.20826721191406
20230305,60.04654312133789,19.95390510559082,83.21763610839844
20230306,106.85701751708984,53.26405334472656,133.28244018554688
20230307,161.43118286132812,90.1231918334961,204.03732299804688
20230308,125.93231964111328,54.58464813232422,173.01014709472656
20230309,147.4773406982422,79.16643524169922,198.09788513183594
20230310,113.44409942626953,67.85694122314453,141.4984893798828
20230311,84.21781921386719,55.97239303588867,101.15409088134766
20230312,77.71419525146484,77.47498321533203,96.93268585205078
20230313,144.29745483398438,87.56288146972656,177.37335205078125
20230314,117.3084716796875,122.51631164550781,148.64102172851562
20230315,101.751220703125,101.43802642822266,122.21348571777344
20230316,112.81190490722656,163.58494567871094,119.39025115966797
20230317,85.22901153564453,90.63111877441406,103.94354248046875
20230318,87.94427490234375,58.44905090332031,113.75531768798828
20230319,32.057106018066406,21.305620193481445,35.54198455810547
20230320,94.06885528564453,80.38226318359375,111.74458312988281
20230321,129.9046173095703,141.27792358398438,157.11964416503906
20230322,114.43415832519531,48.03449249267578,170.27841186523438
20230323,100.5713119506836,75.1963119506836,125.44230651855469
20230324,72.6195297241211,55.68922805786133,83.6105728149414
20230325,101.61250305175781,101.29973602294922,101.39278411865234
20230326,31.64873695373535,0.0,52.63383102416992
20230327,120.9456787109375,53.588172912597656,167.6168670654297
20230328,76.7618179321289,47.09263610839844,98.19977569580078
20230329,79.95852661132812,79.71240997314453,75.98631286621094
20230330,129.30096435546875,110.4882583618164,133.11727905273438
20230331,90.4455337524414,45.08356475830078,122.21348571777344
20230401,52.35380172729492,28.468717575073242,63.32192611694336
20230402,43.58641815185547,43.45225524902344,72.48694610595703
20230403,84.60388946533203,64.87959289550781,97.40878295898438
20230404,119.4284439086914,75.1963119506836,146.34934997558594
20230405,117.88497161865234,105.7698974609375,147.03756713867188
20230406,173.69268798828125,123.68431091308594,226.96287536621094
20230407,169.00856018066406,134.79066467285156,224.85745239257812
20230408,64.8544921875,69.62831115722656,58.07688522338867
20230409,44.02083206176758,65.8280029296875,54.90705490112305
20230410,142.78309631347656,56.937435150146484,201.83865356445312
20230411,92.75189971923828,52.83794403076172,110.1801528930664
20230412,119.4284439086914,112.7944564819336,114.98876953125
20230413,126.19306182861328,75.48277282714844,167.89356994628906
20230414,119.80353546142578,47.77390670776367,169.3546600341797
20230415,87.3079833984375,51.199554443359375,111.03426361083984
20230416,42.064353942871094,20.967437744140625,69.95565032958984
20230417,91.62421417236328,98.3685073852539,93.77033996582031
20230418,106.85701751708984,146.47613525390625,88.8549575805664
20230419,158.03074645996094,169.66310119628906,151.6240692138672
20230420,95.6698226928711,107.2972640991211,79.55245971679688
20230421,140.05340576171875,97.12857055664062,162.02963256835938
20230422,70.80297088623047,100.83576202392578,50.46419143676758
20230423,56.4642219543457,93.81736755371094,31.301179885864258
20230424,159.4671630859375,86.71434783935547,204.93026733398438
20230425,180.23350524902344,173.48292541503906,165.3735809326172
20230426,105.3466796875,116.69156646728516,97.33229064941406
20230427,117.88497161865234,164.53094482421875,88.22254180908203
20230428,117.88497161865234,117.52210998535156,107.82755279541016
20230429,63.05033493041992,48.35097122192383,64.52717590332031
20230430,71.34761047363281,101.6114273071289,84.75396728515625
20230501,104.6073989868164,111.23776245117188,127.57701873779297
20230502,77.03646087646484,89.5992202758789,53.38185501098633
20230503,149.52561950683594,160.5319366455078,133.8994903564453
20230504,118.08403015136719,136.30799865722656,103.35848999023438
20230505,69.73827362060547,23.174535751342773,106.3141860961914
20230506,91.45125579833984,111.42970275878906,84.49398040771484
20230507,42.60537338256836,0.0,70.85540008544922
20230508,51.75886917114258,58.970916748046875,49.18756866455078
20230509,116.35051727294922,150.1077880859375,102.44022369384766
20230510,118.51763153076172,70.89169311523438,147.82667541503906
20230511,137.27757263183594,71.40262603759766,178.67051696777344
20230512,146.2168426513672,100.52880096435547,184.4720916748047
20230513,88.82279205322266,93.7581787109375,86.89286041259766
20230514,74.02385711669922,92.24501037597656,61.553157806396484
20230515,135.86703491210938,116.09899139404297,150.63693237304688
20230516,137.52537536621094,143.06301879882812,119.32868957519531
20230517,89.37788391113281,11.137845993041992,139.3509521484375
20230518,125.21733856201172,102.13519287109375,151.45037841796875
20230519,160.85305786132812,140.31320190429688,158.8332977294922
20230520,98.44183349609375,107.95269775390625,106.41470336914062
20230521,60.22850036621094,80.05747985839844,50.081886291503906
20230522,78.2496337890625,39.00438690185547,108.44503021240234
20230523,183.6913604736328,146.50076293945312,213.8431854248047
20230524,115.21974182128906,80.40556335449219,153.29412841796875
20230525,106.28559112548828,117.7315902709961,137.4796905517578
20230526,61.34384536743164,55.59547805786133,64.92096710205078
20230527,85.71331787109375,70.37016296386719,109.00624084472656
20230528,36.50212478637695,54.58464813232422,15.176329612731934
20230529,44.966983795166016,44.82857131958008,49.85527420043945
20230530,111.29180908203125,65.26425170898438,141.5357666015625
20230531,219.58306884765625,137.5988006591797,281.7106018066406
20230601,182.39715576171875,140.7760467529297,225.05715942382812
20230602,129.57322692871094,123.55810546875,159.27403259277344
20230603,119.01441192626953,108.76073455810547,123.70526885986328
20230604,38.185218811035156,38.06768035888672,31.75220489501953
20230605,107.08731079101562,42.70307922363281,142.47433471679688
20230606,133.4734344482422,133.06259155273438,131.16685485839844
20230607,142.2924346923828,158.87696838378906,123.05343627929688
20230608,78.73674774169922,78.49439239501953,84.17838287353516
20230609,96.3266830444336,53.350101470947266,124.59790802001953
20230610,97.14274597167969,67.79061889648438,121.16585540771484
20230611,81.29000091552734,101.29973602294922,84.49398040771484
20230612,65.72555541992188,65.52323913574219,54.652854919433594
20230613,77.17451477050781,59.18228530883789,108.60050964355469
20230614,72.13296508789062,77.44254302978516,73.82254791259766
20230615,158.32125854492188,133.55178833007812,182.28335571289062
20230616,111.43194580078125,90.89095306396484,117.92982482910156
20230617,93.1047134399414,78.16263580322266,122.24129486083984
20230618,84.69633483886719,112.58084106445312,93.9035415649414
20230619,107.78419494628906,100.28893280029297,107.5511245727539
20230620,142.78309631347656,102.48738098144531,180.4674835205078
20230621,127.8748550415039,72.84642791748047,162.02963256835938
20230622,154.50408935546875,98.5782470703125,185.00399780273438
20230623,46.4107551574707,46.26789855957031,38.59199523925781
20230624,105.08145141601562,119.72342681884766,124.82646179199219
20230625,125.18424224853516,134.39883422851562,192.17469787597656
20230626,169.5130615234375,140.82606506347656,211.43313598632812
20230627,118.30599212646484,94.35346984863281,167.23773193359375
20230628,82.5390625,109.71332550048828,82.36058044433594
20230629,120.89662170410156,72.314697265625,160.84693908691406
20230630,102.67338562011719,86.19566345214844,125.81746673583984
20230701,103.0347671508789,92.44585418701172,119.9472885131836
20230702,69.4250717163086,59.32403564453125,98.9642105102539
20230703,45.37763977050781,38.77539825439453,53.90418243408203
20230704,109.93034362792969,116.89810180664062,109.69263458251953
20230705,89.85264587402344,95.54781341552734,109.58242797851562
20230706,172.6627960205078,140.25515747070312,202.06784057617188
20230707,120.56138610839844,171.70040893554688,85.92906188964844
20230708,58.67672348022461,53.178279876708984,53.22712707519531
20230709,75.93278503417969,75.69905853271484,63.1404914855957
20230710,138.2980499267578,105.04560089111328,164.28451538085938
20230711,141.3526153564453,134.79066467285156,122.64952087402344
20230712,203.18724060058594,110.4882583618164,255.99478149414062
20230713,80.51380157470703,57.33283615112305,95.64249420166016
20230714,151.36514282226562,104.46868896484375,193.6382293701172
20230715,65.74562072753906,20.167152404785156,100.92838287353516
20230716,30.577547073364258,0.0,50.852378845214844
20230717,110.8536376953125,91.0102310180664,119.28954315185547
20230718,151.43167114257812,138.3850860595703,167.89356994628906
20230719,188.8271484375,139.83982849121094,260.19744873046875
20230720,127.64022827148438,145.42552185058594,141.5157928466797
20230721,112.39069366455078,106.14765167236328,127.88768005371094
20230722,36.51649475097656,62.40701675415039,34.70241165161133
20230723,49.441307067871094,78.86260223388672,65.7791976928711
20230724,143.43077087402344,163.4163055419922,159.0229034423828
20230725,61.7248649597168,54.697662353515625,68.43487548828125
20230726,84.0753173828125,55.877685546875,93.21501922607422
20230727,132.50270080566406,60.043113708496094,190.31117248535156
20230728,130.33053588867188,97.447021484375,162.56088256835938
20230729,71.89212036132812,66.1576919555664,64.3790512084961
20230730,10.068594932556152,20.075204849243164,0.0
20230731,154.3993377685547,111.94478607177734,175.07440185546875
20230801,116.9141616821289,103.60381317138672,140.42568969726562
20230802,132.7555694580078,138.64918518066406,147.18722534179688
20230803,88.7294921875,106.14765167236328,88.53762817382812
20230804,119.37181091308594,95.20349884033203,119.11367797851562
20230805,97.42845916748047,71.56841278076172,119.39025115966797
20230806,30.182849884033203,15.04497241973877,37.646976470947266
20230807,117.56503295898438,96.5202407836914,115.0105972290039
20230808,108.29548645019531,88.90999603271484,127.13095092773438
20230809,105.72024536132812,93.68428802490234,97.67744445800781
20230810,131.0054931640625,124.38309478759766,145.2469024658203
20230811,142.3582763671875,76.41851043701172,200.32754516601562
20230812,119.27412414550781,129.7167205810547,144.26206970214844
20230813,60.70150375366211,69.15960693359375,72.10742950439453
20230814,114.96981048583984,143.26991271972656,119.50125122070312
20230815,114.6426010131836,72.18297576904297,140.48471069335938
20230816,100.02424621582031,105.58203125,127.20621490478516
20230817,116.02689361572266,69.40184783935547,154.36798095703125
20230818,77.42227935791016,33.0788459777832,110.36409759521484
20230819,114.04771423339844,113.69666290283203,129.31942749023438
20230820,43.701419830322266,52.2802848815918,43.6069221496582
20230821,97.22421264648438,83.07852172851562,103.94354248046875
20230822,81.09864044189453,62.19154739379883,82.99822998046875
20230823,126.71024322509766,96.24397277832031,130.45008850097656
20230824,61.5718879699707,49.105892181396484,71.67854309082031
20230825,40.256900787353516,11.466567039489746,66.94974517822266
20230826,85.97503662109375,80.66860961914062,92.51768493652344
20230827,41.931236267089844,16.720867156982422,55.787418365478516
20230828,75.4415054321289,68.37207794189453,79.84069061279297
20230829,115.63378143310547,40.68629837036133,169.6819610595703
20230830,163.29559326171875,116.28068542480469,213.37705993652344
20230831,117.42311096191406,110.9005355834961,102.77999114990234
20230901,73.48699951171875,45.08356475830078,84.60932922363281
20230902,58.97747039794922,58.795928955078125,57.2152099609375
20230903,16.358360290527344,16.308006286621094,27.20497703552246
20230904,100.61537170410156,61.7265625,115.84362030029297
20230905,121.78558349609375,24.282142639160156,182.28335571289062
20230906,76.62522888183594,47.00884246826172,88.22254180908203
20230907,80.34212493896484,61.61140441894531,92.50199890136719
20230908,80.14276123046875,95.87529754638672,88.8549575805664
20230909,44.43086242675781,59.058799743652344,32.84058380126953
20230910,16.60434913635254,16.553239822387695,13.807036399841309
20230911,93.49989318847656,39.94804000854492,122.17556762695312
20230912,164.96852111816406,65.78429412841797,230.4564971923828
20230913,134.78366088867188,31.008182525634766,198.289794921875
20230914,119.93779754638672,102.48738098144531,123.4777603149414
20230915,106.68494415283203,85.08525085449219,133.06781005859375
20230916,79.46189880371094,69.31513977050781,90.85319519042969
20230917,64.32170104980469,48.0927848815918,93.59963989257812
20230918,114.6917495727539,94.16130065917969,168.29962158203125
20230919,207.41676330566406,97.30744171142578,314.51055908203125
20230920,190.11257934570312,206.7571563720703,258.683837890625
20230921,162.9131622314453,108.27445983886719,225.77899169921875
20230922,131.62521362304688,109.35003662109375,164.17572021484375
20230923,70.02175903320312,42.95767593383789,89.57735443115234
20230924,66.41739654541016,66.21295928955078,69.0351791381836
20230925,109.96076202392578,41.10835647583008,171.442138671875
20230926,81.25166320800781,24.92355728149414,114.33789825439453
20230927,101.4660415649414,47.601749420166016,138.96595764160156
20230928,64.37852478027344,58.34578323364258,68.13260650634766
20230929,86.41481018066406,91.89207458496094,76.64706420898438
20230930,82.55619812011719,72.01432800292969,85.81008911132812
20231001,38.97138595581055,77.7028579711914,25.924739837646484
20231002,63.45914840698242,37.958290100097656,84.42923736572266
20231003,107.04885864257812,83.00394439697266,148.35748291015625
20231004,61.24074935913086,66.60244750976562,64.81185913085938
20231005,54.304386138916016,36.091487884521484,70.24235534667969
20231006,161.30764770507812,91.89207458496094,220.3603057861328
20231007,54.14300537109375,68.69717407226562,32.74298858642578
20231008,75.66779327392578,83.8165283203125,69.91126251220703
20231009,227.07118225097656,279.63629150390625,211.03053283691406
20231010,259.08349609375,282.88470458984375,297.5069274902344
20231011,265.9303894042969,265.11181640625,278.8153991699219
20231012,218.0117645263672,229.41517639160156,221.56886291503906
20231013,287.3145446777344,292.04644775390625,318.5480651855469
20231014,216.03701782226562,184.6046142578125,248.07643127441406
20231015,154.47207641601562,136.88584899902344,171.2644805908203
20231016,290.3445739746094,381.54888916015625,296.30120849609375
20231017,274.5221862792969,267.595458984375,324.65606689453125
20231018,333.0094299316406,349.457275390625,359.49432373046875
20231019,338.8517150878906,430.997314453125,330.34613037109375
20231020,298.6288146972656,363.8672790527344,331.09228515625
20231021,251.51968383789062,256.08050537109375,258.0956726074219
20231022,105.160888671875,209.67437744140625,0.0
20231023,312.774658203125,467.71783447265625,307.3695373535156
20231024,250.00511169433594,286.62091064453125,249.46449279785156
20231025,208.08998107910156,224.2696990966797,224.47569274902344
20231026,168.43563842773438,223.8895721435547,155.62168884277344
20231027,251.86463928222656,283.8401794433594,236.750732421875
20231028,173.5397491455078,234.06637573242188,169.76910400390625
20231029,133.1291961669922,187.3685760498047,104.18927001953125
20231030,205.43055725097656,191.9983367919922,213.5274200439453
20231031,172.08143615722656,208.31283569335938,173.75347900390625
20231101,251.7322540283203,262.36456298828125,247.38201904296875
20231102,219.58306884765625,287.7065734863281,198.2407989501953
20231103,174.9210662841797,261.573974609375,109.0892562866211
20231104,157.24212646484375,188.10975646972656,148.18533325195312
20231105,92.95470428466797,134.79066467285156,84.32154846191406
20231106,182.9025115966797,229.61273193359375,146.45623779296875
20231107,140.21450805664062,174.7286376953125,106.87669372558594
20231108,132.50270080566406,204.14659118652344,120.19652557373047
20231109,201.47996520996094,259.93621826171875,177.39202880859375
20231110,180.9846649169922,229.63510131835938,164.17572021484375
20231111,161.4616241455078,186.9266815185547,155.91531372070312
20231112,128.3940887451172,119.46562194824219,156.58677673339844
20231113,131.046630859375,159.6750946044922,84.75396728515625
20231114,148.2277374267578,141.3466339111328,160.76870727539062
20231115,130.60302734375,94.691650390625,148.0915985107422
20231116,170.8645477294922,219.79176330566406,155.82882690429688
20231117,149.48410034179688,178.82876586914062,119.32868957519531
20231118,111.65958404541016,148.4211883544922,79.58438110351562
20231119,101.5645751953125,171.34945678710938,90.95059967041016
20231120,204.90109252929688,217.888427734375,227.17556762695312
20231121,96.48255157470703,141.07217407226562,85.57682037353516
20231122,191.44436645507812,127.23672485351562,231.55198669433594
20231123,175.45379638671875,223.8895721435547,128.3878936767578
20231124,152.79371643066406,231.5315704345703,111.80642700195312
20231125,125.10517883300781,108.45225524902344,144.73583984375
20231126,87.86651611328125,122.63447570800781,102.28926086425781
20231127,166.35165405273438,173.05003356933594,180.42601013183594
20231128,184.384765625,215.50982666015625,169.1825714111328
20231129,88.7790298461914,143.8218536376953,55.36690902709961
20231130,178.9017333984375,230.13040161132812,163.1587677001953
20231201,94.81410217285156,106.33753967285156,88.69601440429688
20231202,122.122314453125,152.18301391601562,93.0861587524414
20231203,110.7027816772461,186.76651000976562,42.48591995239258
20231204,194.85691833496094,259.009521484375,151.2276611328125
20231205,89.69046020507812,59.60959243774414,109.38462829589844
20231206,131.24276733398438,177.94076538085938,113.4977798461914
20231207,194.16470336914062,175.9700469970703,215.27206420898438
20231208,153.5236358642578,188.37054443359375,137.4796905517578
20231209,106.34246826171875,106.01513671875,123.79792785644531
20231210,124.12431335449219,154.6778106689453,154.81988525390625
20231211,153.77490234375,140.52642822265625,149.18008422851562
20231212,167.4221954345703,166.9068603515625,178.9930419921875
20231213,192.79495239257812,244.62010192871094,194.32125854492188
20231214,148.67898559570312,213.43870544433594,118.68598175048828
20231215,169.25527954101562,204.8916473388672,211.11160278320312
20231216,104.33283996582031,145.6163787841797,104.10723114013672
20231217,90.89362335205078,140.9548797607422,100.77452850341797
20231218,144.02468872070312,237.22137451171875,83.31202697753906
20231219,187.75686645507812,240.65863037109375,156.12571716308594
20231220,143.77462768554688,229.3313446044922,95.64249420166016
20231221,114.01953887939453,143.58135986328125,99.80085754394531
20231222,89.36782836914062,71.27420043945312,138.7160186767578
20231223,150.29798889160156,143.84193420410156,149.97299194335938
20231224,52.916419982910156,42.20282745361328,88.0033187866211
20231225,136.3998565673828,194.25714111328125,97.21778869628906
20231226,139.57447814941406,222.63177490234375,92.84844207763672
20231227,180.18150329589844,234.89671325683594,138.30145263671875
20231228,122.68769073486328,143.89418029785156,96.01756286621094
20231229,221.28489685058594,213.91879272460938,301.099609375
20231230,190.9830322265625,236.3526153564453,197.14141845703125
20231231,110.08533477783203,179.5851593017578,99.86116790771484
20240101,167.60015869140625,275.1976013183594,114.77099609375
20240102,131.12246704101562,192.63832092285156,91.8167953491211
20240103,149.3903045654297,259.009521484375,108.01976013183594
20240104,180.68551635742188,240.17245483398438,155.81031799316406
20240105,167.4893798828125,197.89491271972656,165.06390380859375
20240106,131.24276733398438,146.53944396972656,122.2283706665039
20240107,89.04752349853516,142.0374755859375,74.0457992553711
20240108,106.6277084350586,141.732666015625,106.39714813232422
20240109,241.2696990966797,299.03363037109375,206.04556274414062
20240110,118.09510040283203,129.5047607421875,108.01976013183594
20240111,165.3104705810547,190.15573120117188,148.03475952148438
20240112,210.59278869628906,238.31544494628906,189.31297302246094
20240113,160.0274200439453,212.71311950683594,141.9390106201172
20240114,107.43463134765625,107.10393524169922,119.11367797851562
20240115,106.3993911743164,141.42916870117188,94.37271881103516
20240116,193.38906860351562,286.0811462402344,145.2469024658203
20240117,176.20040893554688,234.2107391357422,175.81939697265625
20240118,167.4893798828125,160.78961181640625,206.32986450195312
20240119,207.4058380126953,212.67507934570312,246.3778076171875
20240120,83.86247253417969,146.30758666992188,61.01749038696289
20240121,70.10725402832031,104.83718872070312,58.2963752746582
20240122,186.62353515625,239.20596313476562,121.92974853515625
20240123,169.07244873046875,249.70672607421875,124.96803283691406
20240124,159.14471435546875,235.04421997070312,107.82755279541016
20240125,202.29420471191406,252.08941650390625,210.26747131347656
20240126,141.32115173339844,191.6051483154297,112.81244659423828
20240127,178.9195556640625,234.42759704589844,161.529541015625
20240128,152.74087524414062,190.33839416503906,95.25662231445312
20240129,140.53317260742188,200.1437225341797,144.68099975585938
20240130,206.27711486816406,254.028564453125,171.52587890625
20240131,205.60765075683594,250.5247344970703,170.96920776367188
20240201,147.4983673095703,159.29806518554688,143.0911102294922
20240202,171.52455139160156,245.8075714111328,169.37078857421875
20240203,96.79580688476562,117.94183349609375,116.26152801513672
20240204,85.66985321044922,113.87487030029297,126.64385223388672
20240205,125.87757110595703,145.30433654785156,121.19816589355469
20240206,118.75242614746094,162.0031280517578,62.36612319946289
20240207,100.38084411621094,144.54823303222656,74.19538879394531
20240208,116.2304458618164,162.22174072265625,77.31940460205078
20240209,194.5299835205078,277.0445861816406,175.6227264404297
20240210,98.4957504272461,113.69666290283203,94.83424377441406
20240211,86.26477813720703,154.7986602783203,28.6927490234375
20240212,156.3873291015625,184.2524871826172,189.15048217773438
20240213,187.85829162597656,262.1920471191406,135.3820343017578
20240214,135.8093719482422,153.0510711669922,137.4796905517578
20240215,214.8081512451172,247.95962524414062,216.22386169433594
20240216,160.93446350097656,133.69923400878906,167.27755737304688
20240217,87.02969360351562,119.2974853515625,81.41390991210938
20240218,80.7943344116211,89.49515533447266,89.57735443115234
20240219,167.8173065185547,218.21836853027344,109.20939636230469
20240220,170.2109832763672,221.8984832763672,141.5357666015625
20240221,193.75396728515625,236.77378845214844,197.4927215576172
20240222,219.58306884765625,125.08982849121094,302.57806396484375
20240223,167.06863403320312,149.32461547851562,191.61764526367188
20240224,111.12447357177734,147.70989990234375,70.40264892578125
20240225,87.17283630371094,86.90451049804688,101.4817123413086
20240226,200.9716796875,276.34906005859375,149.82656860351562
20240227,166.86441040039062,98.5782470703125,215.83799743652344
20240228,177.458984375,188.70693969726562,157.4002227783203
20240229,153.25045776367188,141.0265350341797,166.642578125
20240301,155.183349609375,130.90481567382812,188.59664916992188
20240302,82.69258880615234,96.9859390258789,56.627098083496094
20240303,82.35665130615234,127.71601867675781,45.65475845336914
20240304,170.75091552734375,177.03433227539062,159.0229034423828
20240305,83.45616912841797,102.39910888671875,85.41097259521484
20240306,108.01850891113281,95.72090911865234,99.80085754394531
20240307,122.2349624633789,146.23046875,91.47798919677734
20240308,183.7222442626953,177.6065216064453,194.43557739257812
20240309,89.67141723632812,115.68817138671875,52.63383102416992
20240310,98.21629333496094,124.61779022216797,89.0944595336914
20240311,155.80584716796875,202.59947204589844,157.7220916748047
20240312,199.55227661132812,172.4129638671875,232.3075408935547
20240313,149.75440979003906,179.1521453857422,129.50650024414062
20240314,187.1507110595703,248.7661895751953,155.62168884277344
20240315,138.02365112304688,183.46507263183594,105.20674133300781
20240316,126.55989837646484,98.74200439453125,137.2676239013672
20240317,69.1920166015625,34.48951721191406,100.68682098388672
20240318,147.65321350097656,127.99888610839844,149.4691925048828
20240319,183.30413818359375,221.8984832763672,152.4231414794922
20240320,116.02689361572266,138.80369567871094,115.77599334716797
20240321,130.513916015625,148.69964599609375,103.35848999023438
20240322,125.00255584716797,135.94667053222656,122.84236907958984
20240323,107.02964782714844,138.71026611328125,106.79821014404297
20240324,69.01182556152344,103.19910430908203,57.385498046875
20240325,187.99307250976562,245.5775146484375,140.15087890625
20240326,165.62838745117188,203.2228546142578,158.91368103027344
20240327,126.7417221069336,149.32461547851562,105.38970947265625
20240328,99.6260986328125,111.734375,82.84222412109375
20240329,126.19306182861328,113.22415161132812,136.41351318359375
20240330,161.5886688232422,214.7883758544922,116.45056915283203
20240331,119.95370483398438,183.9761199951172,92.07255554199219
20240401,123.22461700439453,144.52391052246094,132.60194396972656
20240402,197.96221923828125,249.9803009033203,197.53414916992188
20240403,181.86647033691406,194.25714111328125,162.02963256835938
20240404,160.98458862304688,172.83438110351562,123.56652069091797
20240405,142.04835510253906,158.60446166992188,170.0894317626953
20240406,130.29766845703125,169.8647918701172,100.01224517822266
20240407,69.73827362060547,104.28540802001953,43.492164611816406
20240408,126.32672882080078,153.92408752441406,81.70138549804688
20240409,171.76275634765625,159.00306701660156,173.43173217773438
20240410,208.5249481201172,261.3387451171875,168.44088745117188
20240411,123.34028625488281,117.1053695678711,136.7484130859375
20240412,161.3263397216797,160.82977294921875,160.9774932861328
20240413,130.1172332763672,118.90699005126953,135.2456817626953
20240414,137.6413116455078,219.5482177734375,76.30204010009766
20240415,230.79364013671875,230.08323669433594,237.06796264648438
20240416,340.5443420410156,283.94219970703125,453.0772399902344
20240417,227.49627685546875,221.26441955566406,267.6067199707031
20240418,155.665771484375,136.56422424316406,196.75027465820312
20240419,208.1194305419922,184.42562866210938,269.2010803222656
20240420,134.36312866210938,123.64572143554688,171.88790893554688
20240421,70.48016357421875,70.26321411132812,87.90969848632812
20240422,162.9131622314453,81.20585632324219,248.3568878173828
20240423,148.3239288330078,110.9005355834961,164.44798278808594
20240424,139.23226928710938,150.37066650390625,154.36798095703125
20240425,172.4012908935547,171.87063598632812,143.35708618164062
20240426,150.83494567871094,138.80369567871094,154.36798095703125
20240427,154.3292694091797,164.8438262939453,137.49603271484375
20240428,106.32933807373047,146.77206420898438,54.40995407104492
20240429,191.10968017578125,197.57777404785156,188.34214782714844
20240430,167.80361938476562,123.91637420654297,196.38113403320312
20240501,130.75924682617188,111.734375,124.2633285522461
20240502,137.77406311035156,214.98257446289062,59.77223587036133
20240503,110.41893005371094,127.45994567871094,115.97911071777344
20240504,86.46179962158203,96.97012329101562,80.88265991210938
20240505,68.83257293701172,51.46552658081055,71.5455551147461
20240506,93.61604309082031,172.29763793945312,23.952205657958984
20240507,176.26507568359375,133.30673217773438,252.70677185058594
20240508,163.58358764648438,198.0258026123047,126.30882263183594
20240509,145.39895629882812,126.04470825195312,136.67385864257812
20240510,185.2792205810547,223.8895721435547,186.7460174560547
20240511,106.0021743774414,147.94622802734375,88.14412689208984
20240512,54.009254455566406,71.79067993164062,29.94025993347168
20240513,177.1075897216797,235.4165496826172,152.72496032714844
20240514,154.67242431640625,167.0460205078125,150.05079650878906
20240515,129.21363830566406,81.9737548828125,166.05165100097656
20240516,124.90009307861328,129.9293670654297,144.49856567382812
20240517,181.6569366455078,170.44496154785156,204.36639404296875
20240518,110.9231185913086,140.74032592773438,92.23604583740234
20240519,98.48174285888672,124.95458984375,119.11367797851562
20240520,135.07557678222656,115.42268371582031,149.75942993164062
20240521,165.28404235839844,151.04400634765625,171.79856872558594
20240522,140.05340576171875,121.41071319580078,172.156494140625
20240523,101.83300018310547,83.60433959960938,139.4685516357422
20240524,116.63970947265625,81.39647674560547,126.08643341064453
20240525,91.41826629638672,42.887939453125,116.26152801513672
20240526,121.3052978515625,148.83926391601562,77.5916519165039
20240527,145.42979431152344,64.43651580810547,188.11245727539062
20240528,143.45765686035156,104.0116958618164,162.6675567626953
20240529,135.4371795654297,112.51690673828125,168.93038940429688
20240530,93.57535552978516,111.94478607177734,82.99822998046875
20240531,156.499267578125,195.0219268798828,108.44503021240234
20240601,121.19149780273438,151.02308654785156,109.17240905761719
20240602,90.01542663574219,89.73834991455078,74.85064697265625
20240603,111.1133804321289,83.07852172851562,127.04210662841797
20240604,110.2148208618164,109.87557220458984,122.19609832763672
20240605,119.32062530517578,135.94667053222656,113.39295196533203
20240606,122.00985717773438,145.96116638183594,111.60052490234375
20240607,122.68769073486328,166.7864227294922,92.7442398071289
20240608,66.66158294677734,30.672178268432617,102.33450317382812
20240609,92.95470428466797,101.09300231933594,70.26795959472656
20240610,107.28964233398438,120.32931518554688,144.97389221191406
20240611,121.78558349609375,133.55178833007812,131.64907836914062
20240612,117.67557525634766,140.7760467529297,88.06584167480469
20240613,133.4734344482422,157.2557830810547,110.98733520507812
20240614,90.13789367675781,67.39533233642578,121.79779052734375
20240615,109.89561462402344,73.03822326660156,174.06027221679688
20240616,102.35462188720703,92.76324462890625,92.84844207763672
20240617,120.9456787109375,133.97044372558594,111.74458312988281
20240618,142.94383239746094,148.69964599609375,165.3735809326172
20240619,114.8867416381836,89.08130645751953,137.9905548095703
20240620,177.00743103027344,151.25364685058594,231.29421997070312
20240621,128.30368041992188,46.512271881103516,184.28018188476562
20240622,64.95230865478516,47.09263610839844,78.55982208251953
20240623,85.1559829711914,101.87264251708984,70.80986785888672
20240624,212.60784912109375,232.46505737304688,205.3046417236328
20240625,109.98760223388672,103.19910430908203,150.63693237304688
20240626,128.58396911621094,109.87557220458984,183.29415893554688
20240627,120.6764144897461,72.18297576904297,170.5885772705078
20240628,121.46080780029297,143.10275268554688,128.54351806640625
20240629,42.536983489990234,42.40605163574219,44.21354675292969
20240630,46.920223236083984,37.42063903808594,46.818763732910156
20240701,71.44754028320312,90.65332794189453,54.00988006591797
20240702,79.59959411621094,97.66717529296875,91.64707946777344
20240703,107.82317352294922,131.37823486328125,99.62039184570312
20240704,90.27962493896484,83.07852172851562,80.84497833251953
20240705,73.11270141601562,56.06742477416992,74.82523345947266
20240706,87.63406372070312,81.54003143310547,77.72850036621094
20240707,94.91598510742188,132.4733428955078,63.1404914855957
20240708,89.18451690673828,88.90999603271484,127.13095092773438
20240709,90.05038452148438,89.77320098876953,96.27391815185547
20240710,124.6665267944336,177.54684448242188,88.8549575805664
20240711,127.8534927368164,139.04721069335938,125.64402770996094
20240712,86.32097625732422,64.54145812988281,98.6955795288086
20240713,31.749849319458008,10.55070686340332,44.00165939331055
20240714,45.007713317871094,53.84300994873047,29.94025993347168
20240715,67.88048553466797,121.80877685546875,22.577898025512695
20240716,68.23641204833984,49.47372817993164,92.84844207763672
20240717,105.25916290283203,86.41719055175781,113.2693099975586
20240718,133.52000427246094,126.77049255371094,126.88693237304688
20240719,143.77462768554688,126.13223266601562,162.5922393798828
20240720,79.50162506103516,126.81106567382812,52.886474609375
20240721,81.29000091552734,121.55968475341797,67.59518432617188
20240722,130.038818359375,136.4616241455078,136.5869598388672
20240723,36.46863555908203,36.356380462646484,30.324811935424805
20240724,78.87065887451172,84.67618560791016,70.62830352783203
20240725,91.53900146484375,114.07154846191406,85.63224029541016
20240726,95.77151489257812,89.86044311523438,103.05966186523438
20240727,81.64779663085938,69.7684097290039,106.68852996826172
20240728,105.160888671875,104.83718872070312,131.16685485839844
20240729,124.38494873046875,65.26425170898438,174.1978759765625
20240730,107.0728988647461,93.40039825439453,111.29308319091797
20240731,112.86431121826172,101.26522064208984,168.93038940429688
20240801,133.19764709472656,161.654541015625,144.46697998046875
20240802,191.2178192138672,246.69667053222656,187.06307983398438
20240803,92.17579650878906,126.35160064697266,67.0661849975586
20240804,76.24835968017578,101.35154724121094,56.35813522338867
20240805,186.99978637695312,119.8441162109375,211.03053283691406
20240806,131.50079345703125,124.85336303710938,166.62405395507812
20240807,172.7223358154297,221.38803100585938,153.8828887939453
20240808,174.67401123046875,199.01295471191406,134.8721160888672
20240809,151.33558654785156,201.15966796875,111.85801696777344
20240810,122.04196166992188,139.04721069335938,115.97911071777344
20240811,61.8345947265625,35.22529220581055,88.14412689208984
20240812,118.30599212646484,170.3604278564453,98.37513732910156
20240813,151.6049346923828,181.36593627929688,126.06425476074219
20240814,175.76889038085938,188.70693969726562,191.12884521484375
20240815,139.61013793945312,101.22210693359375,168.8584747314453
20240816,118.94318389892578,166.0078887939453,118.68598175048828
20240817,137.03067016601562,178.1855010986328,118.89944458007812
20240818,75.07235717773438,130.97222900390625,15.606253623962402
20240819,136.52664184570312,186.25088500976562,83.65087890625
20240820,151.46929931640625,183.82981872558594,98.57070922851562
20240821,140.68820190429688,114.75421142578125,148.89210510253906
20240822,184.3729705810547,159.29806518554688,183.97427368164062
20240823,143.7642364501953,203.0391082763672,99.62039184570312
20240824,87.31644439697266,54.40480041503906,99.83374786376953
20240825,110.72650146484375,202.3737335205078,30.69084930419922
20240826,176.03016662597656,191.4418182373047,172.98817443847656
20240827,174.34567260742188,141.62216186523438,171.82090759277344
20240828,156.19180297851562,220.5906219482422,119.05516815185547
20240829,132.50270080566406,176.12648010253906,94.44012451171875
20240830,166.55368041992188,258.2860107421875,102.58859252929688
20240831,124.57520294189453,158.06222534179688,94.17107391357422
20240901,113.66654205322266,145.69285583496094,81.01481628417969
20240902,145.5133056640625,204.7982177734375,99.64612579345703
20240903,171.22616577148438,144.43771362304688,208.09371948242188
20240904,180.32122802734375,226.3722381591797,177.7099151611328
20240905,141.96719360351562,165.11856079101562,127.88768005371094
20240906,100.38084411621094,100.07186126708984,102.01866149902344
20240907,90.47984313964844,60.13422775268555,125.39471435546875
20240908,122.36398315429688,191.69436645507812,72.6781997680664
20240909,146.7593231201172,97.53839111328125,185.9580535888672
20240910,97.6078872680664,85.14401245117188,131.8915252685547
20240911,212.9060516357422,249.70672607421875,197.86605834960938
20240912,103.11494445800781,64.24846649169922,117.89704895019531
20240913,185.6430206298828,219.77252197265625,125.42398834228516
20240914,100.38084411621094,80.05747985839844,133.55169677734375
20240915,55.874637603759766,79.57521057128906,53.09886932373047
20240916,88.97392272949219,81.8769760131836,79.67572784423828
20240917,100.7880630493164,80.38226318359375,111.74458312988281
20240918,122.00985717773438,145.96116638183594,101.45501708984375
20240919,93.75191497802734,137.07955932617188,62.36612319946289
20240920,175.53778076171875,191.9326934814453,188.34214782714844
20240921,90.29145050048828,78.76183319091797,84.46519470214844
20240922,8.952885627746582,17.850656509399414,0.0
20240923,158.09982299804688,150.1077880859375,212.8480224609375
20240924,161.11709594726562,154.19631958007812,171.4866180419922
20240925,175.30010986328125,132.5769500732422,231.2174835205078
20240926,240.47679138183594,263.7102355957031,289.9477844238281
20240927,134.84788513183594,116.89810180664062,136.50637817382812
20240928,66.58427429199219,88.5057601928711,46.139095306396484
20240929,102.35462188720703,111.31588745117188,108.32318878173828
20240930,160.4926300048828,179.1984405517578,160.14556884765625
20241001,135.86703491210938,232.19798278808594,75.31846618652344
20241002,178.71270751953125,216.34033203125,191.0638427734375
20241003,237.0575714111328,223.8895721435547,321.6181335449219
20241004,144.27560424804688,161.09127807617188,143.963623046875
20241005,72.57582092285156,72.35242462158203,86.21295166015625
20241006,89.28753662109375,71.21015930175781,133.64169311523438
20241007,80.63045501708984,107.17634582519531,67.04674530029297
20241008,98.58832550048828,91.73253631591797,120.23628234863281
20241009,137.03067016601562,142.54840087890625,128.80772399902344
20241010,119.58728790283203,178.82876586914062,69.6083984375
20241011,157.45294189453125,217.3406982421875,151.06967163085938
20241012,96.0164566040039,85.08525085449219,88.71187591552734
20241013,52.166419982910156,69.34112548828125,28.91867446899414
20241014,151.46929931640625,210.09120178222656,87.618408203125
20241015,125.71414947509766,112.7944564819336,125.44230651855469
20241016,117.64259338378906,123.453125,102.97209930419922
20241017,104.24164581298828,57.7337646484375,134.83584594726562
20241018,124.89034271240234,130.43478393554688,118.68598175048828
20241019,72.25399780273438,88.65426635742188,64.70310974121094
20241020,77.84101867675781,103.46854400634766,86.30298614501953
20241021,119.05634307861328,111.70811462402344,139.76341247558594
20241022,214.1457977294922,173.4578857421875,222.58616638183594
20241023,215.39117431640625,207.32376098632812,209.98460388183594
20241024,136.4728240966797,160.78961181640625,123.79792785644531
20241025,170.02560424804688,233.79620361328125,136.50637817382812
20241026,114.05547332763672,128.53541564941406,107.21122741699219
20241027,93.91300201416016,34.04506301879883,127.7862548828125
20241028,145.1722869873047,171.03915405273438,131.68942260742188
20241029,160.8042449951172,102.59794616699219,213.94204711914062
20241030,133.96414184570312,157.83392333984375,151.9027862548828
20241031,133.89991760253906,174.11448669433594,77.45529174804688
20241101,131.0728302001953,130.66937255859375,128.80772399902344
20241102,79.75684356689453,74.2105941772461,79.58438110351562
20241103,101.40513610839844,101.09300231933594,98.37513732910156
20241104,114.6917495727539,107.61292266845703,134.6396942138672
20241105,57.4433708190918,38.177703857421875,63.68794631958008
20241106,120.14494323730469,114.07154846191406,123.69100952148438
20241107,98.7958755493164,115.8726806640625,115.97911071777344
20241108,108.89063262939453,68.56134033203125,152.4984893798828
20241109,77.39643859863281,92.58984375,60.06705856323242
20241110,54.009254455566406,89.73834991455078,44.9103889465332
20241111,154.22886657714844,147.0691680908203,178.4293975830078
20241112,106.85701751708984,93.21208953857422,155.49618530273438
20241113,116.55330657958984,97.84803771972656,122.42239379882812
20241114,58.6295166015625,35.06943130493164,68.25318908691406
20241115,97.5879135131836,118.90699005126953,108.1965560913086
20241116,97.26952362060547,86.19566345214844,98.85658264160156
20241117,33.888160705566406,16.891923904418945,42.26860046386719
20241118,253.14381408691406,346.1000671386719,192.4544219970703
20241119,197.47999572753906,152.41714477539062,233.0734100341797
20241120,195.1946258544922,160.25372314453125,267.3348693847656
20241121,193.78823852539062,217.3406982421875,241.71148681640625
20241122,102.09968566894531,67.85694122314453,122.63202667236328
20241123,183.44915771484375,135.8570556640625,217.9196014404297
20241124,85.59606170654297,17.066518783569336,128.116455078125
20241125,123.70584869384766,164.4334259033203,91.4358139038086
20241126,169.25527954101562,192.83920288085938,130.68814086914062
20241127,199.62742614746094,236.327880859375,176.37124633789062
20241128,176.27854919433594,161.09127807617188,195.44151306152344
20241129,226.97222900390625,293.54412841796875,234.64291381835938
20241130,105.60198974609375,110.81782531738281,110.91960906982422
20241201,184.54417419433594,239.1689453125,184.14511108398438
20241202,197.0029296875,320.0536193847656,121.3437728881836
20241203,164.99378967285156,189.7914581298828,168.8584747314453
20241204,136.60072326660156,95.32618713378906,147.66412353515625
20241205,127.66488647460938,107.17634582519531,167.6168670654297
20241206,150.84552001953125,156.39645385742188,150.5193328857422
20241207,151.0617218017578,193.62437438964844,107.66790008544922
20241208,68.65425109863281,85.55366516113281,42.81612014770508
20241209,170.9712371826172,298.2787170410156,71.08396911621094
20241210,194.4993896484375,254.4946746826172,202.1654052734375
20241211,153.94032287597656,181.88619995117188,142.22911071777344
20241212,233.8283233642578,323.76190185546875,140.42568969726562
20241213,191.3634796142578,249.9803009033203,131.68942260742188
20241214,101.751220703125,112.70892333984375,94.0103759765625
20241215,64.41104125976562,91.73253631591797,30.60559844970703
20241216,194.0416259765625,179.62689208984375,207.45216369628906
20241217,133.30252075195312,93.02454376220703,166.26783752441406
20241218,182.28550720214844,187.99078369140625,229.9775390625
20241219,152.5942840576172,202.83277893066406,137.46084594726562
20241220,128.64340209960938,153.89691162109375,106.97102355957031
20241221,89.20738983154297,106.71935272216797,69.23348999023438
20241222,37.21986389160156,55.65794372558594,15.474740982055664
20241223,146.57379150390625,102.28583526611328,158.44491577148438
20241224,143.3685302734375,135.4047393798828,150.58790588378906
20241225,120.14494323730469,102.66439056396484,171.2644805908203
20241226,132.85699462890625,158.93765258789062,88.37979888916016
20241227,168.5598602294922,219.18392944335938,121.88069915771484
20241228,106.214599609375,79.41574096679688,121.44105529785156
20241229,79.4108657836914,90.47592163085938,56.59939193725586
20241230,108.1994400024414,82.97415161132812,110.73381805419922
20241231,63.39842224121094,79.00409698486328,52.7177734375
20250101,112.81190490722656,143.13682556152344,68.2229995727539
20250102,198.4803009033203,272.9232482910156,102.44022369384766
20250103,137.5028076171875,137.07955932617188,155.91531372070312
20250104,69.86082458496094,46.43052673339844,87.13719940185547
20250105,48.147789001464844,76.79933166503906,16.014556884765625
20250106,98.31822204589844,120.63455963134766,62.88821792602539
20250107,117.64259338378906,61.7265625,164.75537109375
20250108,70.20856475830078,50.90360641479492,84.91726684570312
20250109,123.1437759399414,85.93531799316406,143.35708618164062
20250110,65.53641510009766,59.39516830444336,69.3580093383789
20250111,71.65287780761719,43.958351135253906,100.8304214477539
20250112,81.90414428710938,54.434696197509766,121.07709503173828
20250113,106.85701751708984,71.01873779296875,154.0152587890625
20250114,147.36761474609375,89.42591094970703,202.4586944580078
20250115,147.094482421875,152.5073699951172,156.56149291992188
20250116,92.8215103149414,115.66975402832031,67.53599548339844
20250117,88.33514404296875,66.04742431640625,100.99846649169922
20250118,77.15607452392578,112.81391906738281,51.3261604309082
20250119,68.30036163330078,51.067596435546875,70.99236297607422
20250120,151.88629150390625,173.05003356933594,120.28400421142578
20250121,50.095542907714844,37.45600509643555,62.48401641845703
20250122,157.46360778808594,174.4210205078125,145.48435974121094
20250123,126.4798583984375,120.08622741699219,130.21290588378906
20250124,148.64085388183594,116.42976379394531,194.22784423828125
20250125,84.66626739501953,126.60848236083984,52.8019905090332
20250126,128.0631866455078,136.1802520751953,127.7862548828125
20250127,209.143798828125,269.03228759765625,213.1795196533203
20250128,163.21046447753906,192.83920288085938,150.79400634765625
20250129,105.25916290283203,86.41719055175781,113.2693099975586
20250130,120.6764144897461,72.18297576904297,140.48471069335938
20250131,109.84081268310547,69.15960693359375,134.6005401611328
20250201,65.24754333496094,80.05747985839844,66.77584838867188
20250202,61.99993133544922,52.979217529296875,88.37979888916016
20250203,146.04507446289062,145.5955352783203,143.521240234375
20250204,141.4619598388672,152.77874755859375,127.43255615234375
20250205,135.56771850585938,117.52210998535156,156.84007263183594
20250206,162.32183837890625,119.8682861328125,199.9639892578125
20250207,124.4435043334961,141.78338623046875,108.40623474121094
20250208,131.8939666748047,111.25906372070312,143.4197998046875
20250209,0.0,0.0,0.0
20250210,121.00703430175781,105.55525207519531,138.35406494140625
20250211,119.80353546142578,83.60433959960938,149.4305877685547
20250212,95.37142944335938,76.06229400634766,116.31301879882812
20250213,167.4221954345703,178.82876586914062,188.9370880126953
20250214,119.525634765625,102.13519287109375,123.05343627929688
20250215,108.1865005493164,92.44585418701172,111.37962341308594
20250216,86.55165100097656,94.12934875488281,91.59870147705078
20250217,156.25318908691406,155.77223205566406,194.89413452148438
20250218,217.6139373779297,180.78675842285156,251.32333374023438
20250219,166.24411010742188,171.87063598632812,174.07644653320312
20250220,265.48809814453125,336.8539123535156,200.69244384765625
20250221,181.8218994140625,203.92001342773438,188.98825073242188
20250222,124.80632019042969,165.89620971679688,95.13199615478516
20250223,96.91022491455078,140.52642822265625,102.56130981445312
20250224,144.02468872070312,182.7399139404297,108.87366485595703
20250225,165.32223510742188,207.54273986816406,112.01309204101562
20250226,162.38076782226562,233.1085662841797,108.01976013183594
20250227,143.77462768554688,126.13223266601562,172.156494140625
20250228,122.68769073486328,88.9527587890625,139.11634826660156
20250301,119.8626480102539,108.6306381225586,126.8521499633789
20250302,83.74468994140625,55.65794372558594,108.32318878173828
20250303,154.22886657714844,160.43910217285156,156.12571716308594
20250304,253.4526824951172,211.539794921875,303.8776550292969
20250305,180.47381591796875,116.0763168334961,242.0477752685547
20250306,229.87570190429688,176.28317260742188,245.0626220703125
20250307,179.5272674560547,138.56103515625,221.5160369873047
20250308,195.7426300048828,150.1077880859375,233.71548461914062
20250309,105.72024536132812,140.52642822265625,87.90969848632812
20250310,238.45330810546875,205.5950927734375,267.9478454589844
20250311,221.6365509033203,226.92605590820312,219.16485595703125
20250312,218.22657775878906,234.28985595703125,214.03237915039062
20250313,254.8129119873047,214.5130157470703,282.5132141113281
20250314,223.67819213867188,212.3711395263672,265.707763671875
20250315,108.86372375488281,103.36061096191406,129.31942749023438
20250316,92.95470428466797,101.09300231933594,126.4823226928711
20250317,155.95892333984375,136.8214111328125,186.7460174560547
20250318,201.12017822265625,271.2662353515625,206.58779907226562
20250319,275.0921325683594,251.39157104492188,314.52813720703125
20250320,246.20436096191406,223.1331787109375,251.25540161132812
20250321,158.8217315673828,135.71388244628906,160.3649444580078
20250322,110.77057647705078,178.79080200195312,70.1784439086914
20250323,96.91022491455078,70.26321411132812,131.8645477294922
20250324,141.50775146484375,192.3711395263672,96.27391815185547
20250325,139.72164916992188,81.25342559814453,174.27439880371094
20250326,155.46347045898438,119.21918487548828,208.8251953125
20250327,155.94879150390625,160.82977294921875,143.0911102294922
20250328,156.456787109375,139.83982849121094,188.4188232421875
20250329,132.29104614257812,126.60848236083984,132.00497436523438
20250330,55.05652618408203,36.59136962890625,76.30204010009766
20250331,188.3616943359375,90.65332794189453,259.2474365234375
20250401,90.91094970703125,79.30223083496094,94.49412536621094
20250402,115.74695587158203,109.89588165283203,119.16322326660156
20250403,97.93678283691406,114.86508178710938,86.22794342041016
20250404,176.9652099609375,187.44677734375,183.94017028808594
20250405,148.7680206298828,98.8733901977539,189.681396484375
20250406,115.76177215576172,71.01873779296875,148.0915985107422
20250407,125.71414947509766,137.85989379882812,104.53524780273438
20250408,128.1103515625,133.7977294921875,142.0370330810547
20250409,189.45361328125,206.04049682617188,152.7627716064453
20250410,166.2014923095703,148.54957580566406,162.02963256835938
20250411,134.74850463867188,100.75031280517578,168.07142639160156
20250412,93.65890502929688,58.970916748046875,131.16685485839844
20250413,91.55338287353516,99.56898498535156,83.05036926269531
20250414,168.11903381347656,161.3940887451172,196.75027465820312
20250415,141.71412658691406,141.27792358398438,147.29966735839844
20250416,156.30990600585938,191.7892608642578,169.96937561035156
20250417,122.4609146118164,97.66717529296875,142.56211853027344
20250418,187.7323455810547,156.96829223632812,241.71148681640625
20250419,117.39453887939453,122.12158966064453,144.30374145507812
20250420,170.10482788085938,107.10393524169922,238.22735595703125
20250421,158.39720153808594,137.31272888183594,171.79856872558594
20250422,133.2294158935547,193.19174194335938,100.71311950683594
20250423,146.83367919921875,105.39482879638672,185.58712768554688
20250424,179.21395874023438,149.84580993652344,221.12945556640625
20250425,190.11257934570312,206.7571563720703,249.1029510498047
20250426,123.4497299194336,123.06974029541016,128.31539916992188
20250427,154.0729217529297,153.59866333007812,204.986328125
20250428,113.79048919677734,75.62682342529297,168.21397399902344
20250429,127.8748550415039,109.26964569091797,162.02963256835938
20250430,140.21450805664062,139.7829132080078,136.02488708496094
20250501,105.3466796875,128.3607177734375,97.33229064941406
20250502,181.0728302001953,180.51547241210938,221.42312622070312
20250503,85.18031311035156,75.48277282714844,94.44012451171875
20250504,95.38807678222656,103.73941040039062,100.95040130615234
20250505,213.92315673828125,193.87698364257812,280.3017578125
20250506,214.70346069335938,281.3131103515625,214.23919677734375
20250507,250.21035766601562,357.8924560546875,262.3337097167969
20250508,246.38934326171875,251.08938598632812,309.5971374511719
20250509,150.08396911621094,128.2474365234375,160.45652770996094
20250510,116.97671508789062,95.41361236572266,150.3260498046875
20250511,104.52276611328125,144.2783660888672,147.0851593017578
20250512,200.17465209960938,193.12112426757812,214.776123046875
20250513,150.0257110595703,83.75579071044922,199.60171508789062
20250514,145.07595825195312,96.41960144042969,180.9528045654297
20250515,213.5278778076172,138.0782470703125,287.92724609375
20250516,206.7042236328125,116.24346923828125,308.5044250488281
20250517,142.74066162109375,127.58045959472656,188.2721710205078
20250518,137.70489501953125,137.28102111816406,152.67457580566406
20250519,231.87974548339844,303.8181457519531,220.3603057861328
20250520,167.23641967773438,153.89691162109375,224.63914489746094
20250521,222.44102478027344,95.8946304321289,349.93695068359375
20250522,205.25376892089844,170.518310546875,246.53045654296875
20250523,103.68828582763672,65.28575897216797,117.98533630371094
20250524,89.67141723632812,42.068424224853516,140.3568878173828
20250525,142.20619201660156,150.1077880859375,208.67453002929688
20250526,180.8349609375,163.88938903808594,232.389892578125
20250527,203.34573364257812,222.33786010742188,218.1785125732422
20250528,228.03907775878906,167.51158142089844,279.4424133300781
20250529,169.4258575439453,104.83718872070312,223.4694366455078
20250530,185.31846618652344,150.1077880859375,221.5160369873047
20250531,54.93478775024414,21.90627670288086,73.08799743652344
20250601,161.38150024414062,169.3523712158203,197.75926208496094
20250602,247.20652770996094,197.156494140625,256.9499816894531
20250603,205.0933074951172,223.04945373535156,248.0603790283203
20250604,197.03004455566406,184.1470947265625,235.51519775390625
20250605,245.16421508789062,181.88619995117188,341.3498840332031
20250606,137.7939910888672,142.86463928222656,128.32962036132812
20250607,109.03436279296875,103.52261352539062,103.61769104003906
20250608,102.71527862548828,68.26607513427734,142.3516082763672
20250609,145.3411865234375,144.89381408691406,201.42623901367188
20250610,188.4736785888672,113.87487030029297,246.9555206298828
20250611,177.35682678222656,68.44292449951172,256.896728515625
20250612,168.150634765625,89.404296875,233.0375518798828
20250613,166.77857971191406,80.2659683227539,267.7989807128906
20250614,307.2526550292969,258.4464416503906,455.0919189453125
20250615,169.0869903564453,137.91806030273438,178.94688415527344
20250616,273.92388916015625,177.8199920654297,413.17559814453125
20250617,293.2027893066406,199.01295471191406,435.7406921386719
20250618,320.7700500488281,159.89134216308594,482.1663818359375
20250619,205.7495574951172,177.76739501953125,250.92788696289062
20250620,284.8919982910156,345.2732238769531,353.0224304199219
20250621,155.696044921875,181.9783172607422,187.502685546875
20250622,239.66897583007812,290.13079833984375,355.8790588378906
20250623,540.163330078125,583.9163208007812,606.0990600585938
20250624,351.72052001953125,318.76171875,436.0411376953125
20250625,328.4731140136719,188.70693969726562,462.94183349609375
20250626,233.9731903076172,171.87063598632812,296.9539489746094
20250627,231.2438201904297,138.3192138671875,317.272705078125
20250628,112.2904281616211,156.7227020263672,84.03571319580078
20250629,95.38807678222656,69.15960693359375,115.37188720703125
20250630,147.65321350097656,89.5992202758789,181.49832153320312
20250701,189.46420288085938,182.78807067871094,233.77706909179688
20250702,95.84282684326172,131.37823486328125,99.62039184570312
20250703,96.75885009765625,113.48355102539062,75.72518920898438
20250704,156.76760864257812,149.49005126953125,147.36029052734375
20250705,101.02533721923828,63.60908126831055,132.64064025878906
20250706,48.714229583740234,64.75238037109375,40.507408142089844
20250707,115.55469512939453,76.79933166503906,138.79283142089844
20250708,151.7206573486328,138.64918518066406,168.21397399902344
20250709,136.29527282714844,59.076412200927734,187.2471160888672
20250710,146.05677795410156,104.83718872070312,194.32125854492188
20250711,134.5205078125,178.80859375,139.82252502441406
20250712,123.25833129882812,102.39910888671875,162.2808380126953
20250713,42.68772888183594,17.022531509399414,70.99236297607422
20250714,107.62855529785156,71.53150939941406,129.27273559570312
20250715,166.55368041992188,147.59201049804688,184.65948486328125
20250716,177.89715576171875,134.54104614257812,244.84478759765625
20250717,155.00750732421875,160.25372314453125,162.31045532226562
20250718,140.04351806640625,107.3941879272461,179.1547088623047
20250719,58.319854736328125,46.512271881103516,77.5916519165039
20250720,88.87377166748047,112.76390075683594,53.74641418457031
20250721,144.323486328125,95.91950225830078,171.442138671875
20250722,118.55506134033203,83.42832946777344,162.37075805664062
20250723,142.94383239746094,123.91637420654297,144.70188903808594
20250724,199.4794464111328,132.5769500732422,261.37628173828125
20250725,122.90444946289062,105.02241516113281,145.99844360351562
20250726,124.04899597167969,73.28424835205078,168.09732055664062
20250727,152.61151123046875,214.7883758544922,134.36602783203125
20250728,142.25750732421875,175.58621215820312,135.19036865234375
20250729,126.91829681396484,88.56934356689453,158.3048095703125
20250730,219.11924743652344,269.84356689453125,257.22991943359375
20250731,176.5133819580078,164.2387237548828,176.13168334960938
20250801,179.05772399902344,107.10393524169922,238.22735595703125
20250802,113.899169921875,75.69905853271484,157.85122680664062
20250803,89.52886199951172,39.66812515258789,115.80496978759766
20250804,127.92436218261719,120.8184585571289,134.36602783203125
20250805,163.98849487304688,117.7082748413086,207.26959228515625
20250806,133.52000427246094,114.09344482421875,158.60865783691406
20250807,149.1587677001953,136.30799865722656,144.70188903808594
20250808,175.30010986328125,132.5769500732422,201.0586700439453
20250809,115.55469512939453,124.79891204833984,136.1237335205078
20250810,103.81266021728516,94.08465576171875,141.25660705566406
20250811,176.85165405273438,189.86940002441406,192.3062286376953
20250812,140.1470947265625,101.6114273071289,211.88491821289062
20250813,159.25807189941406,165.11856079101562,190.69642639160156
20250814,173.33203125,166.3985595703125,202.85104370117188
20250815,139.0772705078125,88.23129272460938,168.21397399902344
20250816,99.5866928100586,125.40650177001953,78.45105743408203
20250817,154.9739227294922,135.18478393554688,193.2985076904297
20250818,224.327392578125,223.6368865966797,236.27798461914062
20250819,135.60218811035156,167.37164306640625,107.3880615234375
20250820,155.58047485351562,116.32618713378906,183.27423095703125
20250821,122.21123504638672,115.42268371582031,128.36521911621094
20250822,104.53862762451172,52.10842514038086,141.25660705566406
20250823,110.23519134521484,54.947940826416016,174.16163635253906
20250824,86.16505432128906,57.26655197143555,111.45391082763672
20250825,131.91641235351562,146.12261962890625,121.88069915771484
20250826,108.72760772705078,101.16673278808594,96.43777465820312
20250827,186.89584350585938,154.19631958007812,203.64035034179688
20250828,170.36062622070312,150.96554565429688,188.8802490234375
20250829,175.66647338867188,137.5988006591797,219.10826110839844
20250830,100.55011749267578,122.51631164550781,92.90062713623047
20250831,44.76443099975586,89.25328063964844,29.778419494628906
20250901,144.02468872070312,143.58135986328125,179.6415557861328
20250902,122.68769073486328,100.72592163085938,132.02413940429688
20250903,187.5038299560547,199.38845825195312,187.09837341308594
20250904,114.8867416381836,76.35540771484375,148.60520935058594
20250905,142.67613220214844,86.57901763916016,196.01336669921875
20250906,102.90521240234375,97.70329284667969,122.24129486083984
20250907,74.23120880126953,92.5033950805664,77.15696716308594
20250908,115.21974182128906,114.86508178710938,131.7371368408203
20250909,95.37142944335938,126.77049255371094,84.5912857055664
20250910,236.6119842529297,235.8836669921875,273.2642822265625
20250911,179.05772399902344,178.50656127929688,212.70298767089844
20250912,103.72032165527344,77.55079650878906,140.15087890625
20250913,103.36392211914062,88.32493591308594,114.60044860839844
20250914,94.39959716796875,85.55366516113281,85.63224029541016
20250915,100.58403778076172,106.95939636230469,100.36653900146484
20250916,102.5166015625,102.2010498046875,106.55720520019531
20250917,142.6154327392578,155.10159301757812,118.58920288085938
20250918,96.48255157470703,115.42268371582031,85.57682037353516
20250919,140.83004760742188,73.25038146972656,203.66017150878906
20250920,159.58355712890625,115.70352172851562,193.01632690429688
20250921,110.11305236816406,146.365478515625,91.56245422363281
20250922,131.45111083984375,91.73253631591797,163.95855712890625
20250923,115.3311767578125,102.2010498046875,138.5243682861328
20250924,117.20443725585938,86.09534454345703,153.8828887939453
20250925,148.87945556640625,136.05274963378906,185.69688415527344
20250926,159.19918823242188,122.08396911621094,173.11114501953125
20250927,54.95964813232422,59.771427154541016,41.54606246948242
20250928,78.6366195678711,78.39456939697266,98.0832290649414
20250929,119.8833999633789,100.64369201660156,136.41351318359375
20250930,161.74647521972656,154.7986602783203,150.63693237304688
20251001,169.25527954101562,156.68185424804688,211.11160278320312
20251002,184.73934936523438,241.3271484375,180.10218811035156
20251003,293.1475830078125,268.8656311035156,282.7632141113281
20251004,139.05831909179688,227.74974060058594,82.59381866455078
20251005,64.23261260986328,73.1827392578125,91.56245422363281
20251006,190.01344299316406,202.05712890625,158.0021209716797
20251007,163.92086791992188,108.9442138671875,181.74046325683594
20251008,83.78089141845703,128.49693298339844,42.87165451049805
20251009,194.47560119628906,180.95184326171875,204.8358917236328
20251010,184.0315399169922,177.54684448242188,197.45547485351562
20251011,135.20684814453125,163.67437744140625,120.4593505859375
20251012,96.5763168334961,134.79066467285156,64.24498748779297
20251013,198.07106018066406,190.65237426757812,238.53436279296875
20251014,202.95819091796875,144.52391052246094,241.09442138671875
20251015,184.0315399169922,113.87487030029297,221.6267547607422
20251016,149.9516143798828,95.13003540039062,204.03732299804688
20251017,133.89991760253906,162.50685119628906,145.22866821289062
20251018,114.5556640625,104.68611907958984,127.00881958007812
20251019,103.2244873046875,130.97222900390625,140.45628356933594
20251020,161.07623291015625,237.3797607421875,151.4103546142578
20251021,177.1075897216797,143.8656768798828,207.26959228515625
20251022,122.92731475830078,128.99888610839844,139.8771514892578
20251023,193.3405303955078,141.3466339111328,257.22991943359375
20251024,158.6478729248047,113.87487030029297,189.9657745361328
20251025,108.35501861572266,113.16537475585938,120.13411712646484
20251026,124.46063232421875,57.26655197143555,159.21986389160156
20251027,163.14573669433594,127.28626251220703,188.7454376220703
20251028,129.650390625,155.10159301757812,107.80836486816406
20251029,100.992919921875,134.24273681640625,111.97169494628906
20251030,132.0226287841797,83.75579071044922,159.68138122558594
20251031,158.78424072265625,141.9200897216797,236.750732421875
20251101,64.5305404663086,32.16595458984375,89.43194580078125
20251102,57.25425338745117,65.23202514648438,54.40995407104492
20251103,236.6119842529297,350.8013610839844,141.25660705566406
20251104,107.0601806640625,138.1219940185547,104.73397827148438
20251105,140.9603271484375,93.68428802490234,195.35488891601562
20251106,82.0813217163086,93.51847839355469,87.75410461425781
20251107,99.21167755126953,87.91670227050781,100.8304214477539
20251108,64.21778869628906,42.680084228515625,80.0986557006836
20251109,24.720653533935547,16.42970848083496,27.407997131347656
20251110,105.160888671875,117.94183349609375,98.37513732910156
20251111,104.4241943359375,80.96882629394531,144.71998596191406
20251112,77.42227935791016,99.23653411865234,101.16708374023438
20251113,71.02971649169922,64.37371063232422,64.4328384399414
20251114,81.85916900634766,43.52383804321289,108.90953826904297
20251115,76.27622985839844,86.90451049804688,63.42607498168945
20251116,79.62903594970703,95.26071166992188,92.69965362548828
20251117,111.8166275024414,69.67028045654297,127.84617614746094
20251118,81.25166320800781,49.84711456298828,93.54918670654297
20251119,59.47159194946289,59.28853225708008,59.34299087524414
20251120,84.79268646240234,67.62535095214844,94.0103759765625
20251121,163.00860595703125,23.21526336669922,261.41162109375
20251122,38.45435333251953,43.81255340576172,45.679996490478516
20251123,113.11206817626953,112.76390075683594,120.92943572998047
20251124,173.25144958496094,234.89671325683594,138.30145263671875
20251125,188.14927673339844,45.47154998779297,293.9401550292969
20251126,118.30599212646484,47.176734924316406,167.23773193359375
20251127,181.4025115966797,172.98135375976562,170.51690673828125
20251128,151.36514282226562,81.25342559814453,213.00204467773438
20251129,93.311767578125,116.28068542480469,67.8927001953125
20251130,77.03646087646484,38.39966583251953,96.08734893798828
20251201,149.9516143798828,135.90005493164062,147.36029052734375
20251202,110.011474609375,109.6728515625,121.97064971923828
20251203,106.47539520263672,117.94183349609375,127.88768005371094
20251204,154.6261444091797,142.29248046875,187.91946411132812
20251205,150.29798889160156,131.85511779785156,189.9657745361328
20251206,82.40218353271484,21.90627670288086,118.76799011230469
20251207,40.895896911621094,48.92401885986328,27.20497703552246
20251208,110.63585662841797,116.78327178955078,97.40878295898438
20251209,104.47801208496094,61.26848220825195,122.64952087402344
20251210,95.6698226928711,59.60959243774414,119.32868957519531
20251211,142.22116088867188,106.33753967285156,187.2471160888672
20251212,175.30010986328125,108.4720458984375,201.0586700439453
20251213,75.28562927246094,32.16595458984375,98.37513732910156
20251214,185.31846618652344,277.1220703125,166.93963623046875
20251215,202.24098205566406,250.2849884033203,173.96865844726562
20251216,145.1220245361328,150.96554565429688,136.41351318359375
20251217,125.1149673461914,130.66937255859375,118.89944458007812
20251218,209.34442138671875,270.0824279785156,194.55604553222656
20251219,100.20222473144531,82.26547241210938,147.03756713867188
20251220,134.84788513183594,163.65733337402344,107.25501251220703
20251221,113.11206817626953,64.43651580810547,147.80264282226562
20251222,106.6277084350586,127.55941009521484,70.93142700195312
20251223,97.63357543945312,83.42832946777344,127.57701873779297
20251224,134.29327392578125,89.25328063964844,186.1151123046875
20251225,147.22523498535156,234.83529663085938,73.45343780517578
20251226,144.02468872070312,159.5348358154297,186.29493713378906
20251227,223.72462463378906,187.0624237060547,240.0438995361328
20251228,79.82090759277344,79.57521057128906,99.56037139892578
20251229,62.946659088134766,47.064674377441406,65.42764282226562
20251230,218.8921356201172,160.0268096923828,266.9563293457031
20251231,161.7602081298828,140.2280731201172,210.5353240966797
20260101,164.65980529785156,77.24845123291016,225.5149383544922
20260102,175.08287048339844,111.70811462402344,232.9390106201172
20260103,197.96221923828125,184.19601440429688,208.50827026367188
20260104,135.55264282226562,84.45962524414062,169.07440185546875
20260105,263.34222412109375,165.80943298339844,299.65313720703125
20260106,255.32977294921875,66.98522186279297,379.9315490722656
20260107,242.22332763671875,65.26425170898438,348.395751953125
20260108,267.4366760253906,169.66310119628906,333.57293701171875
20260109,131.62521362304688,142.15505981445312,118.57135772705078
20260110,192.19676208496094,112.70892333984375,272.63006591796875
20260111,118.91268920898438,33.87047576904297,197.75926208496094
20260112,186.33192443847656,151.3586883544922,241.01907348632812
20260113,167.4221954345703,119.21918487548828,228.7133026123047
20260114,119.8833999633789,62.902313232421875,178.3869171142578
20260115,152.97825622558594,46.92534637451172,225.05715942382812
20260116,194.85691833496094,84.98749542236328,283.5518798828125
20260117,87.89566040039062,32.85941696166992,127.90399169921875
20260118,89.3094253540039,97.12857055664062,81.01481628417969
20260119,191.91197204589844,116.4564208984375,222.02548217773438
20260120,251.4282989501953,137.85989379882812,303.1522216796875
20260121,180.3575897216797,143.84193420410156,219.9603729248047
20260122,133.7183380126953,84.83155059814453,151.6240692138672
20260123,193.18576049804688,135.94667053222656,255.1341552734375
20260124,123.72918701171875,67.2809066772461,168.3567657470703
20260125,85.1559829711914,67.91509246826172,99.1338119506836
20260126,80.7943344116211,69.03912353515625,76.78059387207031
20260127,206.27711486816406,96.77278900146484,282.5132141113281
20260128,134.1356658935547,93.02454376220703,184.28018188476562
20260129,177.5683135986328,122.08396911621094,244.39219665527344
20260130,161.4616241455078,72.69371032714844,233.8729705810547
20260131,129.1953125,61.82286071777344,180.4822998046875
20260201,106.85701751708984,65.55575561523438,136.69993591308594
20260202,109.20553588867188,72.57958984375,121.07709503173828
20260203,141.4619598388672,105.7698974609375,156.84007263183594
20260204,239.60707092285156,226.92605590820312,338.7093200683594
20260205,139.28529357910156,169.0427703857422,120.85574340820312
20260206,114.82037353515625,80.12686157226562,143.21510314941406
20260207,110.23519134521484,87.91670227050781,128.32962036132812
20260208,64.23261260986328,54.887054443359375,76.30204010009766
20260209,114.00806427001953,101.028564453125,115.86823272705078
20260210,59.25881576538086,23.630563735961914,78.84089660644531
20260211,107.04885864257812,142.29248046875,69.23348999023438
20260212,125.64912414550781,91.09989929199219,161.47091674804688
20260213,116.78925323486328,74.09166717529297,158.91368103027344
20260214,69.01182556152344,74.09166717529297,79.45684051513672
20260215,21.51017951965332,0.0,35.77277755737305
20260216,72.96404266357422,0.0,121.3437728881836
20260217,76.59115600585938,63.62950897216797,84.91726684570312
20260218,122.04196166992188,46.34907150268555,183.6335906982422
20260219,113.25018310546875,33.87047576904297,178.925048828125
20260220,153.67581176757812,56.74177551269531,236.6412353515625
20260221,78.07398223876953,33.35728454589844,102.01866149902344
20260222,62.062156677246094,15.467780113220215,103.2132568359375
20260223,139.28529357910156,108.67034912109375,171.21229553222656
20260224,197.6758270263672,83.60433959960938,298.8611755371094
20260225,138.26370239257812,68.91905975341797,201.19854736328125
20260226,167.3013916015625,66.71456909179688,250.40943908691406
20260227,197.11146545410156,141.9200897216797,273.1739196777344
20260228,89.52886199951172,94.50347137451172,105.10030364990234
20260301,273.90740966796875,341.3303527832031,270.46807861328125
20260302,500.8071594238281,553.40283203125,602.0773315429688
20260303,391.0670166015625,447.1961364746094,478.21246337890625
20260304,465.91864013671875,611.7600708007812,548.06591796875
20260305,413.3631591796875,485.4768371582031,461.4382629394531
20260306,314.74554443359375,390.9349060058594,240.2682342529297
20260307,226.0802764892578,352.77557373046875,130.7776336669922
20260308,213.7140350341797,304.36602783203125,177.7099151611328
20260309,372.13006591796875,608.1715087890625,365.2380676269531
20260310,457.110595703125,627.3322143554688,434.40203857421875
20260311,368.6567077636719,543.2933349609375,346.53436279296875
20260312,313.2816162109375,460.7960205078125,230.609619140625
20260313,322.27532958984375,505.626220703125,246.0162811279297
20260314,270.5178527832031,386.7183532714844,246.16522216796875
20260315,236.6119842529297,374.1603088378906,176.39678955078125
20260316,259.9399108886719,318.9412841796875,277.1130676269531
20260317,354.0606689453125,562.3603515625,289.4224853515625
20260318,337.79473876953125,467.1117248535156,308.0694885253906
20260319,375.6520080566406,476.6308898925781,359.6946716308594
20260320,328.51910400390625,403.9264221191406,309.5971374511719
20260321,300.23272705078125,329.23944091796875,307.9052429199219
20260322,174.76376342773438,205.9032440185547,198.16575622558594
20260323,300.5848388671875,452.54718017578125,285.6522216796875
20260324,402.06890869140625,502.53472900390625,459.083984375
20260325,316.80596923828125,387.8623962402344,351.2454528808594
20260326,310.55322265625,470.12921142578125,334.74871826171875
20260327,294.20831298828125,445.3856201171875,244.64341735839844
20260328,241.18247985839844,372.9275207519531,163.71493530273438
20260329,233.63198852539062,382.64251708984375,222.02548217773438
20260330,266.5284423828125,379.5829162597656,253.28770446777344
20260331,447.822265625,590.8815307617188,492.8535461425781
20260401,282.5602111816406,419.53900146484375,319.9423522949219
20260402,271.8004455566406,372.5752258300781,273.0960998535156
20260403,217.00830078125,330.8734436035156,201.6785125732422
20260404,220.83786010742188,387.8975830078125,157.4002227783203
20260405,138.02365112304688,189.1983642578125,143.46372985839844
20260406,306.0108642578125,335.5758361816406,279.90338134765625
20260407,265.8233337402344,298.9801025390625,272.0497741699219
20260408,294.4504699707031,440.3161926269531,295.8540954589844
20260409,446.9823303222656,524.9610595703125,488.7843933105469
20260410,320.74945068359375,341.8147277832031,285.10723876953125
20260411,267.4743957519531,307.6743469238281,299.402587890625
20260412,206.0448760986328,284.4147644042969,210.87109375
20260413,374.40899658203125,506.11053466796875,474.9144592285156
20260414,337.5500793457031,330.8074951171875,475.73468017578125
20260415,256.4920654296875,261.1430358886719,299.501220703125
20260416,348.0371398925781,359.35748291015625,403.0981140136719
20260417,305.10491943359375,347.6180419921875,289.9477844238281
20260418,204.59976196289062,184.54428100585938,243.04446411132812
20260419,175.66647338867188,166.7864227294922,250.40943908691406
20260420,218.8118133544922,290.8510437011719,262.8150329589844
20260421,164.99378967285156,126.52763366699219,221.6267547607422
20260422,224.47804260253906,229.8353729248047,221.97467041015625
20260423,240.91400146484375,336.241455078125,280.45855712890625
20260424,257.89886474609375,262.8184814453125,304.9969787597656
20260425,178.49017333984375,209.34207153320312,148.420166015625
20260426,139.47654724121094,191.18991088867188,159.4712677001953
20260427,124.87854766845703,183.46507263183594,131.16685485839844
20260428,203.45904541015625,278.89508056640625,169.1825714111328
20260429,248.29116821289062,326.01104736328125,241.71148681640625
20260430,193.47740173339844,245.4860076904297,204.7595672607422
20260501,250.2299346923828,261.3387451171875,307.1568908691406
20260502,168.52490234375,273.010009765625,148.89210510253906
20260503,145.13827514648438,221.29290771484375,127.7862548828125
20260504,207.0354766845703,279.63629150390625,211.03053283691406
20260505,287.1782531738281,292.9522705078125,366.5267333984375
20260506,284.81890869140625,234.5609588623047,380.9967956542969
20260507,298.7285461425781,317.6629638671875,386.4033508300781
20260508,250.9521026611328,289.0964660644531,278.2326965332031
20260509,174.6328887939453,184.976318359375,172.4401092529297
20260510,139.8445587158203,191.69436645507812,116.28512573242188
20260511,274.9018859863281,287.7585144042969,285.7369079589844
20260512,218.41107177734375,254.028564453125,191.7053985595703
20260513,238.7987823486328,244.16793823242188,264.75823974609375
20260514,207.7994384765625,243.71742248535156,193.1201934814453
20260515,201.25616455078125,173.52362060546875,271.3796691894531
20260516,168.60374450683594,138.42276000976562,222.66946411132812
20260517,130.26951599121094,111.31588745117188,154.74740600585938
20260518,225.25460815429688,343.4466247558594,209.34228515625
20260519,222.44102478027344,227.74974060058594,269.9513854980469
20260520,256.6934509277344,207.15982055664062,304.9266052246094
20260521,190.37745666503906,240.40249633789062,211.0730743408203
20260522,149.3144073486328,110.2628173828125,183.94017028808594
20260523,116.60237884521484,137.37864685058594,114.58735656738281
20260524,178.5216064453125,237.296142578125,214.42245483398438
20260525,198.40899658203125,171.99850463867188,286.9274597167969
20260526,163.7390899658203,163.23509216308594,198.9945831298828
20260527,181.51055908203125,142.17645263671875,226.39756774902344
20260528,184.39739990234375,210.09120178222656,229.9983367919922
20260529,192.91159057617188,175.83340454101562,219.99363708496094
20260530,204.27500915527344,154.11065673828125,257.0870361328125
20260531,109.50636291503906,90.97441101074219,136.5869598388672
20260601,152.68348693847656,185.30340576171875,154.56134033203125
20260602,198.75405883789062,252.18109130859375,220.3603057861328
20260603,242.838623046875,161.3940887451172,321.01361083984375
20260604,190.74285888671875,253.54098510742188,222.0521240234375
20260605,127.8534927368164,127.45994567871094,125.64402770996094
20260606,105.24043273925781,119.90455627441406,125.01529693603516
20260607,111.74927520751953,159.15042114257812,106.19773864746094
20260608,237.08238220214844,249.4833221435547,295.7121276855469
20260609,219.68162536621094,172.89901733398438,259.58673095703125
20260610,168.02879333496094,119.65113067626953,249.5021514892578
20260611,168.150634765625,201.15966796875,177.10853576660156
20260612,168.34361267089844,184.06658935546875,180.62318420410156
20260613,176.0833282470703,219.42665100097656,192.17469787597656
20260614,214.54454040527344,256.6609802246094,242.62469482421875
20260615,208.66567993164062,208.0233917236328,314.4906005859375
20260616,275.53704833984375,305.2099304199219,356.4053039550781
20260617,255.68704223632812,203.92001342773438,359.0776672363281
20260618,250.2299346923828,249.45970153808594,317.065185546875
20260619,222.9613037109375,190.52142333984375,286.04461669921875
20260620,190.91122436523438,154.31642150878906,257.4302673339844
20260621,78.45555114746094,104.28540802001953,86.98432922363281
20260622,180.93856811523438,55.50204086303711,277.7651062011719
20260623,169.54087829589844,182.0204620361328,173.51205444335938
20260624,116.84542083740234,163.08006286621094,165.17306518554688
20260625,223.3191680908203,346.3160705566406,134.11441040039062
20260626,124.28883361816406,75.42120361328125,188.7261962890625
20260627,128.79345703125,154.07643127441406,111.37962341308594
20260628,113.3246841430664,104.28540802001953,144.97389221191406
20260629,175.0543975830078,187.93983459472656,179.1547088623047
20260630,140.1470947265625,139.71571350097656,158.91368103027344
20260701,153.67581176757812,158.87696838378906,189.31297302246094
20260702,89.20738983154297,106.71935272216797,59.34299087524414
20260703,56.78687286376953,50.32184600830078,62.960086822509766
20260704,74.1619644165039,36.96684265136719,92.50199890136719
20260705,45.007713317871094,17.947669982910156,44.9103889465332
20260706,114.22647094726562,113.87487030029297,94.9828872680664
20260707,153.22450256347656,189.12258911132812,145.61253356933594
20260708,215.28216552734375,96.9249496459961,277.1827697753906
20260709,176.1283416748047,175.58621215820312,236.58314514160156
20260710,149.1587677001953,161.09127807617188,217.05282592773438
20260711,199.4664306640625,184.64871215820312,225.09922790527344
20260712,190.0653533935547,288.7319030761719,225.77899169921875
20260713,207.51583862304688,291.1603698730469,191.7288055419922
20260714,356.7380676269531,406.4457092285156,423.76983642578125
20260715,175.37123107910156,194.25714111328125,216.03952026367188
20260716,226.6878662109375,335.3401184082031,170.2563018798828
20260717,182.52923583984375,229.14413452148438,179.88595581054688
20260718,147.82249450683594,133.97044372558594,178.79132080078125
20260719,145.13827514648438,170.22532653808594,170.38168334960938
20260720,217.21754455566406,201.08116149902344,283.8364562988281
20260721,126.54753112792969,178.1054229736328,173.31707763671875
20260722,207.0354766845703,206.39820861816406,275.45037841796875
20260723,307.4957580566406,334.4173583984375,348.67138671875
20260724,285.45172119140625,397.0787048339844,264.9622802734375
20260725,182.85935974121094,224.3649444580078,198.8389129638672
20260726,194.35984802246094,134.79066467285156,267.0182189941406
20260727,187.1967010498047,243.4180450439453,203.03468322753906
20260728,144.323486328125,109.6222915649414,194.3011016845703
20260729,144.62353515625,164.77528381347656,217.61154174804688
20260730,234.22195434570312,280.2012023925781,267.1033935546875
20260731,146.04507446289062,185.30340576171875,132.48114013671875
20260801,150.57125854492188,109.16929626464844,193.49819946289062
20260802,91.25531005859375,109.16929626464844,121.41063690185547
20260803,225.21707153320312,355.4960632324219,156.0625457763672
