{
  "splits": {
    "train": {
      "pb30_base": {
        "trades": 189,
        "long": 189,
        "short": 0,
        "long_ratio": 1.0,
        "short_ratio": 0.0,
        "win_rate": 0.5873015873015873,
        "avg_trade_ret_pct": 0.48802167284124426,
        "median_trade_ret_pct": 0.6097984865004902,
        "std_trade_ret_pct": 3.8382651525971716,
        "t_like": 1.747974280823757,
        "return_pct": 118.09046980301451,
        "cagr_pct": 26.36672922438519,
        "strict_mdd_pct": 30.552826684721058,
        "cagr_mdd": 0.8629882104352307
      },
      "pb30_addon": {
        "trades": 347,
        "long": 347,
        "short": 0,
        "long_ratio": 1.0,
        "short_ratio": 0.0,
        "win_rate": 0.5043227665706052,
        "avg_trade_ret_pct": 0.0025299886527330095,
        "median_trade_ret_pct": 0.013382781239479336,
        "std_trade_ret_pct": 2.092790779528878,
        "t_like": 0.02251943538295062,
        "return_pct": -6.554078136084018,
        "cagr_pct": -2.0138989003698704,
        "strict_mdd_pct": 40.70321540343744,
        "cagr_mdd": -0.04947763660459596
      },
      "nonpb30_taker": {
        "trades": 242,
        "long": 242,
        "short": 0,
        "long_ratio": 1.0,
        "short_ratio": 0.0,
        "win_rate": 0.47107438016528924,
        "avg_trade_ret_pct": -0.05953273493445192,
        "median_trade_ret_pct": -0.07109756417058022,
        "std_trade_ret_pct": 2.556336836457488,
        "t_like": -0.36228090110671546,
        "return_pct": -20.01532434756482,
        "cagr_pct": -6.483104373279758,
        "strict_mdd_pct": 45.760200521867844,
        "cagr_mdd": -0.14167561110624108
      },
      "oi_raw": {
        "trades": 1012,
        "long": 1012,
        "short": 0,
        "long_ratio": 1.0,
        "short_ratio": 0.0,
        "win_rate": 0.5286561264822134,
        "avg_trade_ret_pct": -0.023053959186251208,
        "median_trade_ret_pct": 0.06457675258216833,
        "std_trade_ret_pct": 1.5921306202243897,
        "t_like": -0.46063515683193507,
        "return_pct": -30.334594084096224,
        "cagr_pct": -10.280715220357218,
        "strict_mdd_pct": 65.08140596257223,
        "cagr_mdd": -0.1579670117494015
      },
      "rex_rule": {
        "trades": 356,
        "long": 173,
        "short": 183,
        "long_ratio": 0.4859550561797753,
        "short_ratio": 0.5140449438202247,
        "win_rate": 0.5308988764044944,
        "avg_trade_ret_pct": 0.21694937375245954,
        "median_trade_ret_pct": 0.11622342321413459,
        "std_trade_ret_pct": 2.742659653324037,
        "t_like": 1.4924901790943352,
        "return_pct": 89.39194261015572,
        "cagr_pct": 21.1274670206514,
        "strict_mdd_pct": 28.077540222957055,
        "cagr_mdd": 0.7524685870942832
      }
    },
    "test2024": {
      "pb30_base": {
        "trades": 20,
        "long": 20,
        "short": 0,
        "long_ratio": 1.0,
        "short_ratio": 0.0,
        "win_rate": 0.75,
        "avg_trade_ret_pct": 1.6655199882139686,
        "median_trade_ret_pct": 2.1979467771719774,
        "std_trade_ret_pct": 3.676486458032755,
        "t_like": 2.025964710624212,
        "return_pct": 37.435876752751355,
        "cagr_pct": 37.34635088418716,
        "strict_mdd_pct": 9.081675728470351,
        "cagr_mdd": 4.112275311384356
      },
      "pb30_addon": {
        "trades": 38,
        "long": 38,
        "short": 0,
        "long_ratio": 1.0,
        "short_ratio": 0.0,
        "win_rate": 0.5,
        "avg_trade_ret_pct": 0.06116784842725274,
        "median_trade_ret_pct": 0.1210346015808994,
        "std_trade_ret_pct": 1.960072267361675,
        "t_like": 0.19237246894165883,
        "return_pct": 1.6220824668591982,
        "cagr_pct": 1.6187317686915614,
        "strict_mdd_pct": 15.014473197024792,
        "cagr_mdd": 0.10781142617859699
      },
      "nonpb30_taker": {
        "trades": 34,
        "long": 34,
        "short": 0,
        "long_ratio": 1.0,
        "short_ratio": 0.0,
        "win_rate": 0.5882352941176471,
        "avg_trade_ret_pct": 0.7120214577654571,
        "median_trade_ret_pct": 0.19487980786687675,
        "std_trade_ret_pct": 1.697285382144798,
        "t_like": 2.44611949882086,
        "return_pct": 26.698882882038056,
        "cagr_pct": 26.637458402546255,
        "strict_mdd_pct": 5.520781418851817,
        "cagr_mdd": 4.824943496510712
      },
      "oi_raw": {
        "trades": 197,
        "long": 197,
        "short": 0,
        "long_ratio": 1.0,
        "short_ratio": 0.0,
        "win_rate": 0.5583756345177665,
        "avg_trade_ret_pct": 0.2484601610336359,
        "median_trade_ret_pct": 0.10181456667517352,
        "std_trade_ret_pct": 1.2018075975241425,
        "t_like": 2.901716172603868,
        "return_pct": 60.80673310445126,
        "cagr_pct": 60.65027543158832,
        "strict_mdd_pct": 9.858169047255249,
        "cagr_mdd": 6.152286001676428
      },
      "rex_rule": {
        "trades": 62,
        "long": 48,
        "short": 14,
        "long_ratio": 0.7741935483870968,
        "short_ratio": 0.22580645161290322,
        "win_rate": 0.5645161290322581,
        "avg_trade_ret_pct": 0.5563702571125652,
        "median_trade_ret_pct": 0.2945620189931053,
        "std_trade_ret_pct": 2.3270098704951416,
        "t_like": 1.8826150421262084,
        "return_pct": 38.78971149749235,
        "cagr_pct": 38.69651771262541,
        "strict_mdd_pct": 11.27566767864564,
        "cagr_mdd": 3.4318604286210554
      }
    },
    "eval2025": {
      "pb30_base": {
        "trades": 20,
        "long": 20,
        "short": 0,
        "long_ratio": 1.0,
        "short_ratio": 0.0,
        "win_rate": 0.85,
        "avg_trade_ret_pct": 1.6370996005775478,
        "median_trade_ret_pct": 1.73539672184726,
        "std_trade_ret_pct": 2.477288626709553,
        "t_like": 2.9553810996108383,
        "return_pct": 37.59310232160564,
        "cagr_pct": 37.623181068177324,
        "strict_mdd_pct": 8.306405953042773,
        "cagr_mdd": 4.52941757010989
      },
      "pb30_addon": {
        "trades": 50,
        "long": 50,
        "short": 0,
        "long_ratio": 1.0,
        "short_ratio": 0.0,
        "win_rate": 0.46,
        "avg_trade_ret_pct": 0.019400163464178933,
        "median_trade_ret_pct": -0.17160530818124412,
        "std_trade_ret_pct": 1.9668748992961502,
        "t_like": 0.06974509231145018,
        "return_pct": 0.028593942717813903,
        "cagr_pct": 0.02861353041179182,
        "strict_mdd_pct": 15.680250671978468,
        "cagr_mdd": 0.0018248133279479954
      },
      "nonpb30_taker": {
        "trades": 35,
        "long": 35,
        "short": 0,
        "long_ratio": 1.0,
        "short_ratio": 0.0,
        "win_rate": 0.6,
        "avg_trade_ret_pct": 0.634437243379866,
        "median_trade_ret_pct": 0.32389916492396864,
        "std_trade_ret_pct": 1.8127656064519961,
        "t_like": 2.0705276710050318,
        "return_pct": 24.097460095641175,
        "cagr_pct": 24.11581232528586,
        "strict_mdd_pct": 4.930462181992546,
        "cagr_mdd": 4.891186958773091
      },
      "oi_raw": {
        "trades": 124,
        "long": 124,
        "short": 0,
        "long_ratio": 1.0,
        "short_ratio": 0.0,
        "win_rate": 0.6048387096774194,
        "avg_trade_ret_pct": 0.24065304023697717,
        "median_trade_ret_pct": 0.26594567737782127,
        "std_trade_ret_pct": 1.2645399912166462,
        "t_like": 2.1191886860754625,
        "return_pct": 33.417187580396444,
        "cagr_pct": 33.44353649261998,
        "strict_mdd_pct": 6.549778732705813,
        "cagr_mdd": 5.1060559230226
      },
      "rex_rule": {
        "trades": 33,
        "long": 7,
        "short": 26,
        "long_ratio": 0.21212121212121213,
        "short_ratio": 0.7878787878787878,
        "win_rate": 0.696969696969697,
        "avg_trade_ret_pct": 1.0085002413683948,
        "median_trade_ret_pct": 0.6938468347743142,