signal_position,entry_position,exit_position,signal_date,entry_date,exit_date,side,hold_bars
2143,2144,2168,2020-01-08 10:35:00,2020-01-08 10:40:00,2020-01-08 12:40:00,-1,24
2234,2235,2259,2020-01-08 18:10:00,2020-01-08 18:15:00,2020-01-08 20:15:00,-1,24
2284,2285,2309,2020-01-08 22:20:00,2020-01-08 22:25:00,2020-01-09 00:25:00,1,24
2328,2329,2353,2020-01-09 02:00:00,2020-01-09 02:05:00,2020-01-09 04:05:00,-1,24
2395,2396,2420,2020-01-09 07:35:00,2020-01-09 07:40:00,2020-01-09 09:40:00,1,24
2470,2471,2495,2020-01-09 13:50:00,2020-01-09 13:55:00,2020-01-09 15:55:00,-1,24
2534,2535,2559,2020-01-09 19:10:00,2020-01-09 19:15:00,2020-01-09 21:15:00,1,24
2561,2562,2586,2020-01-09 21:25:00,2020-01-09 21:30:00,2020-01-09 23:30:00,1,24
2585,2586,2610,2020-01-09 23:25:00,2020-01-09 23:30:00,2020-01-10 01:30:00,1,24
2611,2612,2636,2020-01-10 01:35:00,2020-01-10 01:40:00,2020-01-10 03:40:00,1,24
2673,2674,2698,2020-01-10 06:45:00,2020-01-10 06:50:00,2020-01-10 08:50:00,-1,24
2744,2745,2769,2020-01-10 12:40:00,2020-01-10 12:45:00,2020-01-10 14:45:00,1,24
2806,2807,2831,2020-01-10 17:50:00,2020-01-10 17:55:00,2020-01-10 19:55:00,1,24
2861,2862,2886,2020-01-10 22:25:00,2020-01-10 22:30:00,2020-01-11 00:30:00,-1,24
2906,2907,2931,2020-01-11 02:10:00,2020-01-11 02:15:00,2020-01-11 04:15:00,-1,24
2930,2931,2955,2020-01-11 04:10:00,2020-01-11 04:15:00,2020-01-11 06:15:00,-1,24
2962,2963,2987,2020-01-11 06:50:00,2020-01-11 06:55:00,2020-01-11 08:55:00,-1,24
2992,2993,3017,2020-01-11 09:20:00,2020-01-11 09:25:00,2020-01-11 11:25:00,-1,24
3042,3043,3067,2020-01-11 13:30:00,2020-01-11 13:35:00,2020-01-11 15:35:00,-1,24
3091,3092,3116,2020-01-11 17:35:00,2020-01-11 17:40:00,2020-01-11 19:40:00,-1,24
3123,3124,3148,2020-01-11 20:15:00,2020-01-11 20:20:00,2020-01-11 22:20:00,-1,24
3166,3167,3191,2020-01-11 23:50:00,2020-01-11 23:55:00,2020-01-12 01:55:00,-1,24
3191,3192,3216,2020-01-12 01:55:00,2020-01-12 02:00:00,2020-01-12 04:00:00,1,24
3231,3232,3256,2020-01-12 05:15:00,2020-01-12 05:20:00,2020-01-12 07:20:00,1,24
3257,3258,3282,2020-01-12 07:25:00,2020-01-12 07:30:00,2020-01-12 09:30:00,-1,24
3295,3296,3320,2020-01-12 10:35:00,2020-01-12 10:40:00,2020-01-12 12:40:00,1,24
3365,3366,3390,2020-01-12 16:25:00,2020-01-12 16:30:00,2020-01-12 18:30:00,-1,24
3397,3398,3422,2020-01-12 19:05:00,2020-01-12 19:10:00,2020-01-12 21:10:00,-1,24
3421,3422,3446,2020-01-12 21:05:00,2020-01-12 21:10:00,2020-01-12 23:10:00,-1,24
3469,3470,3494,2020-01-13 01:05:00,2020-01-13 01:10:00,2020-01-13 03:10:00,-1,24
3493,3494,3518,2020-01-13 03:05:00,2020-01-13 03:10:00,2020-01-13 05:10:00,1,24
3521,3522,3546,2020-01-13 05:25:00,2020-01-13 05:30:00,2020-01-13 07:30:00,-1,24
3550,3551,3575,2020-01-13 07:50:00,2020-01-13 07:55:00,2020-01-13 09:55:00,-1,24
3577,3578,3602,2020-01-13 10:05:00,2020-01-13 10:10:00,2020-01-13 12:10:00,1,24
3637,3638,3662,2020-01-13 15:05:00,2020-01-13 15:10:00,2020-01-13 17:10:00,1,24
3682,3683,3707,2020-01-13 18:50:00,2020-01-13 18:55:00,2020-01-13 20:55:00,1,24
3712,3713,3737,2020-01-13 21:20:00,2020-01-13 21:25:00,2020-01-13 23:25:00,-1,24
3736,3737,3761,2020-01-13 23:20:00,2020-01-13 23:25:00,2020-01-14 01:25:00,1,24
3799,3800,3824,2020-01-14 04:35:00,2020-01-14 04:40:00,2020-01-14 06:40:00,1,24
3832,3833,3857,2020-01-14 07:20:00,2020-01-14 07:25:00,2020-01-14 09:25:00,-1,24
3867,3868,3892,2020-01-14 10:15:00,2020-01-14 10:20:00,2020-01-14 12:20:00,1,24
3933,3934,3958,2020-01-14 15:45:00,2020-01-14 15:50:00,2020-01-14 17:50:00,-1,24
3963,3964,3988,2020-01-14 18:15:00,2020-01-14 18:20:00,2020-01-14 20:20:00,-1,24
3990,3991,4015,2020-01-14 20:30:00,2020-01-14 20:35:00,2020-01-14 22:35:00,1,24
4088,4089,4113,2020-01-15 04:40:00,2020-01-15 04:45:00,2020-01-15 06:45:00,1,24
4114,4115,4139,2020-01-15 06:50:00,2020-01-15 06:55:00,2020-01-15 08:55:00,1,24
4141,4142,4166,2020-01-15 09:05:00,2020-01-15 09:10:00,2020-01-15 11:10:00,-1,24
4169,4170,4194,2020-01-15 11:25:00,2020-01-15 11:30:00,2020-01-15 13:30:00,-1,24
4229,4230,4254,2020-01-15 16:25:00,2020-01-15 16:30:00,2020-01-15 18:30:00,1,24
4262,4263,4287,2020-01-15 19:10:00,2020-01-15 19:15:00,2020-01-15 21:15:00,-1,24
4303,4304,4328,2020-01-15 22:35:00,2020-01-15 22:40:00,2020-01-16 00:40:00,-1,24
4356,4357,4381,2020-01-16 03:00:00,2020-01-16 03:05:00,2020-01-16 05:05:00,-1,24
4380,4381,4405,2020-01-16 05:00:00,2020-01-16 05:05:00,2020-01-16 07:05:00,-1,24
4467,4468,4492,2020-01-16 12:15:00,2020-01-16 12:20:00,2020-01-16 14:20:00,1,24
4506,4507,4531,2020-01-16 15:30:00,2020-01-16 15:35:00,2020-01-16 17:35:00,-1,24
4550,4551,4575,2020-01-16 19:10:00,2020-01-16 19:15:00,2020-01-16 21:15:00,-1,24
4585,4586,4610,2020-01-16 22:05:00,2020-01-16 22:10:00,2020-01-17 00:10:00,1,24
4634,4635,4659,2020-01-17 02:10:00,2020-01-17 02:15:00,2020-01-17 04:15:00,1,24
4682,4683,4707,2020-01-17 06:10:00,2020-01-17 06:15:00,2020-01-17 08:15:00,1,24
4751,4752,4776,2020-01-17 11:55:00,2020-01-17 12:00:00,2020-01-17 14:00:00,-1,24
4786,4787,4811,2020-01-17 14:50:00,2020-01-17 14:55:00,2020-01-17 16:55:00,-1,24
4830,4831,4855,2020-01-17 18:30:00,2020-01-17 18:35:00,2020-01-17 20:35:00,1,24
4861,4862,4886,2020-01-17 21:05:00,2020-01-17 21:10:00,2020-01-17 23:10:00,-1,24
4910,4911,4935,2020-01-18 01:10:00,2020-01-18 01:15:00,2020-01-18 03:15:00,-1,24
4951,4952,4976,2020-01-18 04:35:00,2020-01-18 04:40:00,2020-01-18 06:40:00,-1,24
4978,4979,5003,2020-01-18 06:50:00,2020-01-18 06:55:00,2020-01-18 08:55:00,1,24
5007,5008,5032,2020-01-18 09:15:00,2020-01-18 09:20:00,2020-01-18 11:20:00,-1,24
5035,5036,5060,2020-01-18 11:35:00,2020-01-18 11:40:00,2020-01-18 13:40:00,1,24
5106,5107,5131,2020-01-18 17:30:00,2020-01-18 17:35:00,2020-01-18 19:35:00,1,24
5134,5135,5159,2020-01-18 19:50:00,2020-01-18 19:55:00,2020-01-18 21:55:00,-1,24
5159,5160,5184,2020-01-18 21:55:00,2020-01-18 22:00:00,2020-01-19 00:00:00,1,24
5241,5242,5266,2020-01-19 04:45:00,2020-01-19 04:50:00,2020-01-19 06:50:00,1,24
5273,5274,5298,2020-01-19 07:25:00,2020-01-19 07:30:00,2020-01-19 09:30:00,1,24
5305,5306,5330,2020-01-19 10:05:00,2020-01-19 10:10:00,2020-01-19 12:10:00,-1,24
5345,5346,5370,2020-01-19 13:25:00,2020-01-19 13:30:00,2020-01-19 15:30:00,-1,24
5372,5373,5397,2020-01-19 15:40:00,2020-01-19 15:45:00,2020-01-19 17:45:00,1,24
5396,5397,5421,2020-01-19 17:40:00,2020-01-19 17:45:00,2020-01-19 19:45:00,1,24
5423,5424,5448,2020-01-19 19:55:00,2020-01-19 20:00:00,2020-01-19 22:00:00,1,24
5468,5469,5493,2020-01-19 23:40:00,2020-01-19 23:45:00,2020-01-20 01:45:00,1,24
5495,5496,5520,2020-01-20 01:55:00,2020-01-20 02:00:00,2020-01-20 04:00:00,-1,24
5520,5521,5545,2020-01-20 04:00:00,2020-01-20 04:05:00,2020-01-20 06:05:00,1,24
5545,5546,5570,2020-01-20 06:05:00,2020-01-20 06:10:00,2020-01-20 08:10:00,1,24
5591,5592,5616,2020-01-20 09:55:00,2020-01-20 10:00:00,2020-01-20 12:00:00,-1,24
5671,5672,5696,2020-01-20 16:35:00,2020-01-20 16:40:00,2020-01-20 18:40:00,1,24
5695,5696,5720,2020-01-20 18:35:00,2020-01-20 18:40:00,2020-01-20 20:40:00,-1,24
5721,5722,5746,2020-01-20 20:45:00,2020-01-20 20:50:00,2020-01-20 22:50:00,-1,24
5765,5766,5790,2020-01-21 00:25:00,2020-01-21 00:30:00,2020-01-21 02:30:00,1,24
5790,5791,5815,2020-01-21 02:30:00,2020-01-21 02:35:00,2020-01-21 04:35:00,1,24
5820,5821,5845,2020-01-21 05:00:00,2020-01-21 05:05:00,2020-01-21 07:05:00,1,24
5848,5849,5873,2020-01-21 07:20:00,2020-01-21 07:25:00,2020-01-21 09:25:00,1,24
5875,5876,5900,2020-01-21 09:35:00,2020-01-21 09:40:00,2020-01-21 11:40:00,1,24
5908,5909,5933,2020-01-21 12:20:00,2020-01-21 12:25:00,2020-01-21 14:25:00,1,24
5933,5934,5958,2020-01-21 14:25:00,2020-01-21 14:30:00,2020-01-21 16:30:00,1,24
5963,5964,5988,2020-01-21 16:55:00,2020-01-21 17:00:00,2020-01-21 19:00:00,-1,24
6018,6019,6043,2020-01-21 21:30:00,2020-01-21 21:35:00,2020-01-21 23:35:00,1,24
6058,6059,6083,2020-01-22 00:50:00,2020-01-22 00:55:00,2020-01-22 02:55:00,-1,24
6084,6085,6109,2020-01-22 03:00:00,2020-01-22 03:05:00,2020-01-22 05:05:00,1,24
6108,6109,6133,2020-01-22 05:00:00,2020-01-22 05:05:00,2020-01-22 07:05:00,-1,24
6132,6133,6157,2020-01-22 07:00:00,2020-01-22 07:05:00,2020-01-22 09:05:00,1,24
6166,6167,6191,2020-01-22 09:50:00,2020-01-22 09:55:00,2020-01-22 11:55:00,1,24
6208,6209,6233,2020-01-22 13:20:00,2020-01-22 13:25:00,2020-01-22 15:25:00,-1,24
6236,6237,6261,2020-01-22 15:40:00,2020-01-22 15:45:00,2020-01-22 17:45:00,1,24
6269,6270,6294,2020-01-22 18:25:00,2020-01-22 18:30:00,2020-01-22 20:30:00,-1,24
6300,6301,6325,2020-01-22 21:00:00,2020-01-22 21:05:00,2020-01-22 23:05:00,1,24
6325,6326,6350,2020-01-22 23:05:00,2020-01-22 23:10:00,2020-01-23 01:10:00,1,24
6358,6359,6383,2020-01-23 01:50:00,2020-01-23 01:55:00,2020-01-23 03:55:00,1,24
6383,6384,6408,2020-01-23 03:55:00,2020-01-23 04:00:00,2020-01-23 06:00:00,1,24
6407,6408,6432,2020-01-23 05:55:00,2020-01-23 06:00:00,2020-01-23 08:00:00,1,24
6438,6439,6463,2020-01-23 08:30:00,2020-01-23 08:35:00,2020-01-23 10:35:00,1,24
6464,6465,6489,2020-01-23 10:40:00,2020-01-23 10:45:00,2020-01-23 12:45:00,-1,24
6496,6497,6521,2020-01-23 13:20:00,2020-01-23 13:25:00,2020-01-23 15:25:00,-1,24
6525,6526,6550,2020-01-23 15:45:00,2020-01-23 15:50:00,2020-01-23 17:50:00,1,24
6561,6562,6586,2020-01-23 18:45:00,2020-01-23 18:50:00,2020-01-23 20:50:00,-1,24
6595,6596,6620,2020-01-23 21:35:00,2020-01-23 21:40:00,2020-01-23 23:40:00,-1,24
6626,6627,6651,2020-01-24 00:10:00,2020-01-24 00:15:00,2020-01-24 02:15:00,1,24
6653,6654,6678,2020-01-24 02:25:00,2020-01-24 02:30:00,2020-01-24 04:30:00,1,24
6686,6687,6711,2020-01-24 05:10:00,2020-01-24 05:15:00,2020-01-24 07:15:00,1,24
6715,6716,6740,2020-01-24 07:35:00,2020-01-24 07:40:00,2020-01-24 09:40:00,-1,24
6754,6755,6779,2020-01-24 10:50:00,2020-01-24 10:55:00,2020-01-24 12:55:00,1,24
6780,6781,6805,2020-01-24 13:00:00,2020-01-24 13:05:00,2020-01-24 15:05:00,-1,24
6808,6809,6833,2020-01-24 15:20:00,2020-01-24 15:25:00,2020-01-24 17:25:00,-1,24
6835,6836,6860,2020-01-24 17:35:00,2020-01-24 17:40:00,2020-01-24 19:40:00,1,24
6874,6875,6899,2020-01-24 20:50:00,2020-01-24 20:55:00,2020-01-24 22:55:00,-1,24
6898,6899,6923,2020-01-24 22:50:00,2020-01-24 22:55:00,2020-01-25 00:55:00,1,24
6931,6932,6956,2020-01-25 01:35:00,2020-01-25 01:40:00,2020-01-25 03:40:00,1,24
6959,6960,6984,2020-01-25 03:55:00,2020-01-25 04:00:00,2020-01-25 06:00:00,-1,24
6987,6988,7012,2020-01-25 06:15:00,2020-01-25 06:20:00,2020-01-25 08:20:00,1,24
7022,7023,7047,2020-01-25 09:10:00,2020-01-25 09:15:00,2020-01-25 11:15:00,-1,24
7049,7050,7074,2020-01-25 11:25:00,2020-01-25 11:30:00,2020-01-25 13:30:00,-1,24
7077,7078,7102,2020-01-25 13:45:00,2020-01-25 13:50:00,2020-01-25 15:50:00,-1,24
7107,7108,7132,2020-01-25 16:15:00,2020-01-25 16:20:00,2020-01-25 18:20:00,-1,24
7134,7135,7159,2020-01-25 18:30:00,2020-01-25 18:35:00,2020-01-25 20:35:00,1,24
7167,7168,7192,2020-01-25 21:15:00,2020-01-25 21:20:00,2020-01-25 23:20:00,-1,24
7196,7197,7221,2020-01-25 23:40:00,2020-01-25 23:45:00,2020-01-26 01:45:00,-1,24
7227,7228,7252,2020-01-26 02:15:00,2020-01-26 02:20:00,2020-01-26 04:20:00,-1,24
7253,7254,7278,2020-01-26 04:25:00,2020-01-26 04:30:00,2020-01-26 06:30:00,1,24
7284,7285,7309,2020-01-26 07:00:00,2020-01-26 07:05:00,2020-01-26 09:05:00,-1,24
7316,7317,7341,2020-01-26 09:40:00,2020-01-26 09:45:00,2020-01-26 11:45:00,1,24
7359,7360,7384,2020-01-26 13:15:00,2020-01-26 13:20:00,2020-01-26 15:20:00,-1,24
7392,7393,7417,2020-01-26 16:00:00,2020-01-26 16:05:00,2020-01-26 18:05:00,1,24
7425,7426,7450,2020-01-26 18:45:00,2020-01-26 18:50:00,2020-01-26 20:50:00,-1,24
7460,7461,7485,2020-01-26 21:40:00,2020-01-26 21:45:00,2020-01-26 23:45:00,-1,24
7484,7485,7509,2020-01-26 23:40:00,2020-01-26 23:45:00,2020-01-27 01:45:00,-1,24
7509,7510,7534,2020-01-27 01:45:00,2020-01-27 01:50:00,2020-01-27 03:50:00,1,24
7547,7548,7572,2020-01-27 04:55:00,2020-01-27 05:00:00,2020-01-27 07:00:00,-1,24
7571,7572,7596,2020-01-27 06:55:00,2020-01-27 07:00:00,2020-01-27 09:00:00,-1,24
7607,7608,7632,2020-01-27 09:55:00,2020-01-27 10:00:00,2020-01-27 12:00:00,-1,24
7643,7644,7668,2020-01-27 12:55:00,2020-01-27 13:00:00,2020-01-27 15:00:00,1,24
7689,7690,7714,2020-01-27 16:45:00,2020-01-27 16:50:00,2020-01-27 18:50:00,-1,24
7745,7746,7770,2020-01-27 21:25:00,2020-01-27 21:30:00,2020-01-27 23:30:00,1,24
7803,7804,7828,2020-01-28 02:15:00,2020-01-28 02:20:00,2020-01-28 04:20:00,1,24
7829,7830,7854,2020-01-28 04:25:00,2020-01-28 04:30:00,2020-01-28 06:30:00,-1,24
7868,7869,7893,2020-01-28 07:40:00,2020-01-28 07:45:00,2020-01-28 09:45:00,-1,24
7912,7913,7937,2020-01-28 11:20:00,2020-01-28 11:25:00,2020-01-28 13:25:00,1,24
7940,7941,7965,2020-01-28 13:40:00,2020-01-28 13:45:00,2020-01-28 15:45:00,1,24
7984,7985,8009,2020-01-28 17:20:00,2020-01-28 17:25:00,2020-01-28 19:25:00,-1,24
8038,8039,8063,2020-01-28 21:50:00,2020-01-28 21:55:00,2020-01-28 23:55:00,-1,24
8083,8084,8108,2020-01-29 01:35:00,2020-01-29 01:40:00,2020-01-29 03:40:00,1,24
8129,8130,8154,2020-01-29 05:25:00,2020-01-29 05:30:00,2020-01-29 07:30:00,-1,24
8154,8155,8179,2020-01-29 07:30:00,2020-01-29 07:35:00,2020-01-29 09:35:00,-1,24
8212,8213,8237,2020-01-29 12:20:00,2020-01-29 12:25:00,2020-01-29 14:25:00,-1,24
8249,8250,8274,2020-01-29 15:25:00,2020-01-29 15:30:00,2020-01-29 17:30:00,-1,24
8276,8277,8301,2020-01-29 17:40:00,2020-01-29 17:45:00,2020-01-29 19:45:00,-1,24
8308,8309,8333,2020-01-29 20:20:00,2020-01-29 20:25:00,2020-01-29 22:25:00,-1,24
8334,8335,8359,2020-01-29 22:30:00,2020-01-29 22:35:00,2020-01-30 00:35:00,-1,24
8365,8366,8390,2020-01-30 01:05:00,2020-01-30 01:10:00,2020-01-30 03:10:00,1,24
8395,8396,8420,2020-01-30 03:35:00,2020-01-30 03:40:00,2020-01-30 05:40:00,1,24
8438,8439,8463,2020-01-30 07:10:00,2020-01-30 07:15:00,2020-01-30 09:15:00,-1,24
8477,8478,8502,2020-01-30 10:25:00,2020-01-30 10:30:00,2020-01-30 12:30:00,-1,24
8512,8513,8537,2020-01-30 13:20:00,2020-01-30 13:25:00,2020-01-30 15:25:00,-1,24
8537,8538,8562,2020-01-30 15:25:00,2020-01-30 15:30:00,2020-01-30 17:30:00,-1,24
8568,8569,8593,2020-01-30 18:00:00,2020-01-30 18:05:00,2020-01-30 20:05:00,-1,24
8608,8609,8633,2020-01-30 21:20:00,2020-01-30 21:25:00,2020-01-30 23:25:00,-1,24
8641,8642,8666,2020-01-31 00:05:00,2020-01-31 00:10:00,2020-01-31 02:10:00,1,24
8665,8666,8690,2020-01-31 02:05:00,2020-01-31 02:10:00,2020-01-31 04:10:00,-1,24
8693,8694,8718,2020-01-31 04:25:00,2020-01-31 04:30:00,2020-01-31 06:30:00,-1,24
8720,8721,8745,2020-01-31 06:40:00,2020-01-31 06:45:00,2020-01-31 08:45:00,1,24
8749,8750,8774,2020-01-31 09:05:00,2020-01-31 09:10:00,2020-01-31 11:10:00,1,24
8776,8777,8801,2020-01-31 11:20:00,2020-01-31 11:25:00,2020-01-31 13:25:00,-1,24
8808,8809,8833,2020-01-31 14:00:00,2020-01-31 14:05:00,2020-01-31 16:05:00,-1,24
8837,8838,8862,2020-01-31 16:25:00,2020-01-31 16:30:00,2020-01-31 18:30:00,-1,24
8872,8873,8897,2020-01-31 19:20:00,2020-01-31 19:25:00,2020-01-31 21:25:00,-1,24
8896,8897,8921,2020-01-31 21:20:00,2020-01-31 21:25:00,2020-01-31 23:25:00,-1,24
8924,8925,8949,2020-01-31 23:40:00,2020-01-31 23:45:00,2020-02-01 01:45:00,1,24
8983,8984,9008,2020-02-01 04:35:00,2020-02-01 04:40:00,2020-02-01 06:40:00,-1,24
9014,9015,9039,2020-02-01 07:10:00,2020-02-01 07:15:00,2020-02-01 09:15:00,-1,24
9039,9040,9064,2020-02-01 09:15:00,2020-02-01 09:20:00,2020-02-01 11:20:00,-1,24
9071,9072,9096,2020-02-01 11:55:00,2020-02-01 12:00:00,2020-02-01 14:00:00,1,24
9098,9099,9123,2020-02-01 14:10:00,2020-02-01 14:15:00,2020-02-01 16:15:00,1,24
9142,9143,9167,2020-02-01 17:50:00,2020-02-01 17:55:00,2020-02-01 19:55:00,-1,24
9167,9168,9192,2020-02-01 19:55:00,2020-02-01 20:00:00,2020-02-01 22:00:00,1,24
9193,9194,9218,2020-02-01 22:05:00,2020-02-01 22:10:00,2020-02-02 00:10:00,1,24
9229,9230,9254,2020-02-02 01:05:00,2020-02-02 01:10:00,2020-02-02 03:10:00,-1,24
9264,9265,9289,2020-02-02 04:00:00,2020-02-02 04:05:00,2020-02-02 06:05:00,1,24
9292,9293,9317,2020-02-02 06:20:00,2020-02-02 06:25:00,2020-02-02 08:25:00,-1,24
9334,9335,9359,2020-02-02 09:50:00,2020-02-02 09:55:00,2020-02-02 11:55:00,-1,24
9378,9379,9403,2020-02-02 13:30:00,2020-02-02 13:35:00,2020-02-02 15:35:00,1,24
9403,9404,9428,2020-02-02 15:35:00,2020-02-02 15:40:00,2020-02-02 17:40:00,1,24
9428,9429,9453,2020-02-02 17:40:00,2020-02-02 17:45:00,2020-02-02 19:45:00,1,24
9460,9461,9485,2020-02-02 20:20:00,2020-02-02 20:25:00,2020-02-02 22:25:00,1,24
9490,9491,9515,2020-02-02 22:50:00,2020-02-02 22:55:00,2020-02-03 00:55:00,1,24
9519,9520,9544,2020-02-03 01:15:00,2020-02-03 01:20:00,2020-02-03 03:20:00,-1,24
9543,9544,9568,2020-02-03 03:15:00,2020-02-03 03:20:00,2020-02-03 05:20:00,-1,24
9568,9569,9593,2020-02-03 05:20:00,2020-02-03 05:25:00,2020-02-03 07:25:00,-1,24
9595,9596,9620,2020-02-03 07:35:00,2020-02-03 07:40:00,2020-02-03 09:40:00,1,24
9620,9621,9645,2020-02-03 09:40:00,2020-02-03 09:45:00,2020-02-03 11:45:00,1,24
9654,9655,9679,2020-02-03 12:30:00,2020-02-03 12:35:00,2020-02-03 14:35:00,-1,24
9684,9685,9709,2020-02-03 15:00:00,2020-02-03 15:05:00,2020-02-03 17:05:00,1,24
9746,9747,9771,2020-02-03 20:10:00,2020-02-03 20:15:00,2020-02-03 22:15:00,-1,24
9777,9778,9802,2020-02-03 22:45:00,2020-02-03 22:50:00,2020-02-04 00:50:00,1,24
9810,9811,9835,2020-02-04 01:30:00,2020-02-04 01:35:00,2020-02-04 03:35:00,-1,24
9838,9839,9863,2020-02-04 03:50:00,2020-02-04 03:55:00,2020-02-04 05:55:00,1,24
9874,9875,9899,2020-02-04 06:50:00,2020-02-04 06:55:00,2020-02-04 08:55:00,-1,24
9902,9903,9927,2020-02-04 09:10:00,2020-02-04 09:15:00,2020-02-04 11:15:00,1,24
9926,9927,9951,2020-02-04 11:10:00,2020-02-04 11:15:00,2020-02-04 13:15:00,-1,24
9956,9957,9981,2020-02-04 13:40:00,2020-02-04 13:45:00,2020-02-04 15:45:00,1,24
9981,9982,10006,2020-02-04 15:45:00,2020-02-04 15:50:00,2020-02-04 17:50:00,1,24
10008,10009,10033,2020-02-04 18:00:00,2020-02-04 18:05:00,2020-02-04 20:05:00,-1,24
10033,10034,10058,2020-02-04 20:05:00,2020-02-04 20:10:00,2020-02-04 22:10:00,1,24
10065,10066,10090,2020-02-04 22:45:00,2020-02-04 22:50:00,2020-02-05 00:50:00,1,24
10093,10094,10118,2020-02-05 01:05:00,2020-02-05 01:10:00,2020-02-05 03:10:00,1,24
10121,10122,10146,2020-02-05 03:25:00,2020-02-05 03:30:00,2020-02-05 05:30:00,1,24
10145,10146,10170,2020-02-05 05:25:00,2020-02-05 05:30:00,2020-02-05 07:30:00,-1,24
10184,10185,10209,2020-02-05 08:40:00,2020-02-05 08:45:00,2020-02-05 10:45:00,-1,24
10232,10233,10257,2020-02-05 12:40:00,2020-02-05 12:45:00,2020-02-05 14:45:00,-1,24
10264,10265,10289,2020-02-05 15:20:00,2020-02-05 15:25:00,2020-02-05 17:25:00,-1,24
10321,10322,10346,2020-02-05 20:05:00,2020-02-05 20:10:00,2020-02-05 22:10:00,1,24
10358,10359,10383,2020-02-05 23:10:00,2020-02-05 23:15:00,2020-02-06 01:15:00,1,24
10383,10384,10408,2020-02-06 01:15:00,2020-02-06 01:20:00,2020-02-06 03:20:00,-1,24
10435,10436,10460,2020-02-06 05:35:00,2020-02-06 05:40:00,2020-02-06 07:40:00,1,24
10467,10468,10492,2020-02-06 08:15:00,2020-02-06 08:20:00,2020-02-06 10:20:00,1,24
10543,10544,10568,2020-02-06 14:35:00,2020-02-06 14:40:00,2020-02-06 16:40:00,1,24
10569,10570,10594,2020-02-06 16:45:00,2020-02-06 16:50:00,2020-02-06 18:50:00,1,24
10593,10594,10618,2020-02-06 18:45:00,2020-02-06 18:50:00,2020-02-06 20:50:00,-1,24
10626,10627,10651,2020-02-06 21:30:00,2020-02-06 21:35:00,2020-02-06 23:35:00,-1,24
10650,10651,10675,2020-02-06 23:30:00,2020-02-06 23:35:00,2020-02-07 01:35:00,1,24
10678,10679,10703,2020-02-07 01:50:00,2020-02-07 01:55:00,2020-02-07 03:55:00,1,24
10702,10703,10727,2020-02-07 03:50:00,2020-02-07 03:55:00,2020-02-07 05:55:00,1,24
10726,10727,10751,2020-02-07 05:50:00,2020-02-07 05:55:00,2020-02-07 07:55:00,1,24
10756,10757,10781,2020-02-07 08:20:00,2020-02-07 08:25:00,2020-02-07 10:25:00,1,24
10807,10808,10832,2020-02-07 12:35:00,2020-02-07 12:40:00,2020-02-07 14:40:00,-1,24
10836,10837,10861,2020-02-07 15:00:00,2020-02-07 15:05:00,2020-02-07 17:05:00,-1,24
10860,10861,10885,2020-02-07 17:00:00,2020-02-07 17:05:00,2020-02-07 19:05:00,1,24
10888,10889,10913,2020-02-07 19:20:00,2020-02-07 19:25:00,2020-02-07 21:25:00,1,24
10917,10918,10942,2020-02-07 21:45:00,2020-02-07 21:50:00,2020-02-07 23:50:00,-1,24
10949,10950,10974,2020-02-08 00:25:00,2020-02-08 00:30:00,2020-02-08 02:30:00,1,24
10973,10974,10998,2020-02-08 02:25:00,2020-02-08 02:30:00,2020-02-08 04:30:00,1,24
11020,11021,11045,2020-02-08 06:20:00,2020-02-08 06:25:00,2020-02-08 08:25:00,-1,24
11048,11049,11073,2020-02-08 08:40:00,2020-02-08 08:45:00,2020-02-08 10:45:00,-1,24
11077,11078,11102,2020-02-08 11:05:00,2020-02-08 11:10:00,2020-02-08 13:10:00,-1,24
11102,11103,11127,2020-02-08 13:10:00,2020-02-08 13:15:00,2020-02-08 15:15:00,-1,24
11140,11141,11165,2020-02-08 16:20:00,2020-02-08 16:25:00,2020-02-08 18:25:00,1,24
11170,11171,11195,2020-02-08 18:50:00,2020-02-08 18:55:00,2020-02-08 20:55:00,-1,24
11197,11198,11222,2020-02-08 21:05:00,2020-02-08 21:10:00,2020-02-08 23:10:00,-1,24
11222,11223,11247,2020-02-08 23:10:00,2020-02-08 23:15:00,2020-02-09 01:15:00,1,24
11249,11250,11274,2020-02-09 01:25:00,2020-02-09 01:30:00,2020-02-09 03:30:00,1,24
11291,11292,11316,2020-02-09 04:55:00,2020-02-09 05:00:00,2020-02-09 07:00:00,-1,24
11319,11320,11344,2020-02-09 07:15:00,2020-02-09 07:20:00,2020-02-09 09:20:00,-1,24
11361,11362,11386,2020-02-09 10:45:00,2020-02-09 10:50:00,2020-02-09 12:50:00,1,24
11393,11394,11418,2020-02-09 13:25:00,2020-02-09 13:30:00,2020-02-09 15:30:00,1,24
11446,11447,11471,2020-02-09 17:50:00,2020-02-09 17:55:00,2020-02-09 19:55:00,-1,24
11477,11478,11502,2020-02-09 20:25:00,2020-02-09 20:30:00,2020-02-09 22:30:00,1,24
11503,11504,11528,2020-02-09 22:35:00,2020-02-09 22:40:00,2020-02-10 00:40:00,-1,24
11534,11535,11559,2020-02-10 01:10:00,2020-02-10 01:15:00,2020-02-10 03:15:00,1,24
11567,11568,11592,2020-02-10 03:55:00,2020-02-10 04:00:00,2020-02-10 06:00:00,-1,24
11644,11645,11669,2020-02-10 10:20:00,2020-02-10 10:25:00,2020-02-10 12:25:00,-1,24
11699,11700,11724,2020-02-10 14:55:00,2020-02-10 15:00:00,2020-02-10 17:00:00,-1,24
11726,11727,11751,2020-02-10 17:10:00,2020-02-10 17:15:00,2020-02-10 19:15:00,-1,24
11755,11756,11780,2020-02-10 19:35:00,2020-02-10 19:40:00,2020-02-10 21:40:00,1,24
11780,11781,11805,2020-02-10 21:40:00,2020-02-10 21:45:00,2020-02-10 23:45:00,1,24
11858,11859,11883,2020-02-11 04:10:00,2020-02-11 04:15:00,2020-02-11 06:15:00,-1,24
11882,11883,11907,2020-02-11 06:10:00,2020-02-11 06:15:00,2020-02-11 08:15:00,-1,24
11908,11909,11933,2020-02-11 08:20:00,2020-02-11 08:25:00,2020-02-11 10:25:00,1,24
11933,11934,11958,2020-02-11 10:25:00,2020-02-11 10:30:00,2020-02-11 12:30:00,-1,24
11964,11965,11989,2020-02-11 13:00:00,2020-02-11 13:05:00,2020-02-11 15:05:00,-1,24
11990,11991,12015,2020-02-11 15:10:00,2020-02-11 15:15:00,2020-02-11 17:15:00,-1,24
12017,12018,12042,2020-02-11 17:25:00,2020-02-11 17:30:00,2020-02-11 19:30:00,-1,24
12041,12042,12066,2020-02-11 19:25:00,2020-02-11 19:30:00,2020-02-11 21:30:00,1,24
12075,12076,12100,2020-02-11 22:15:00,2020-02-11 22:20:00,2020-02-12 00:20:00,1,24
12100,12101,12125,2020-02-12 00:20:00,2020-02-12 00:25:00,2020-02-12 02:25:00,1,24
12125,12126,12150,2020-02-12 02:25:00,2020-02-12 02:30:00,2020-02-12 04:30:00,1,24
12150,12151,12175,2020-02-12 04:30:00,2020-02-12 04:35:00,2020-02-12 06:35:00,-1,24
12186,12187,12211,2020-02-12 07:30:00,2020-02-12 07:35:00,2020-02-12 09:35:00,1,24
12218,12219,12243,2020-02-12 10:10:00,2020-02-12 10:15:00,2020-02-12 12:15:00,-1,24
12242,12243,12267,2020-02-12 12:10:00,2020-02-12 12:15:00,2020-02-12 14:15:00,-1,24
12286,12287,12311,2020-02-12 15:50:00,2020-02-12 15:55:00,2020-02-12 17:55:00,-1,24
12312,12313,12337,2020-02-12 18:00:00,2020-02-12 18:05:00,2020-02-12 20:05:00,1,24
12346,12347,12371,2020-02-12 20:50:00,2020-02-12 20:55:00,2020-02-12 22:55:00,-1,24
12370,12371,12395,2020-02-12 22:50:00,2020-02-12 22:55:00,2020-02-13 00:55:00,-1,24
12397,12398,12422,2020-02-13 01:05:00,2020-02-13 01:10:00,2020-02-13 03:10:00,-1,24
12429,12430,12454,2020-02-13 03:45:00,2020-02-13 03:50:00,2020-02-13 05:50:00,1,24
12479,12480,12504,2020-02-13 07:55:00,2020-02-13 08:00:00,2020-02-13 10:00:00,-1,24
12505,12506,12530,2020-02-13 10:05:00,2020-02-13 10:10:00,2020-02-13 12:10:00,1,24
12534,12535,12559,2020-02-13 12:30:00,2020-02-13 12:35:00,2020-02-13 14:35:00,1,24
12567,12568,12592,2020-02-13 15:15:00,2020-02-13 15:20:00,2020-02-13 17:20:00,-1,24
12593,12594,12618,2020-02-13 17:25:00,2020-02-13 17:30:00,2020-02-13 19:30:00,-1,24
12618,12619,12643,2020-02-13 19:30:00,2020-02-13 19:35:00,2020-02-13 21:35:00,1,24
12642,12643,12667,2020-02-13 21:30:00,2020-02-13 21:35:00,2020-02-13 23:35:00,1,24
12673,12674,12698,2020-02-14 00:05:00,2020-02-14 00:10:00,2020-02-14 02:10:00,-1,24
12699,12700,12724,2020-02-14 02:15:00,2020-02-14 02:20:00,2020-02-14 04:20:00,-1,24
12732,12733,12757,2020-02-14 05:00:00,2020-02-14 05:05:00,2020-02-14 07:05:00,-1,24
12758,12759,12783,2020-02-14 07:10:00,2020-02-14 07:15:00,2020-02-14 09:15:00,-1,24
12790,12791,12815,2020-02-14 09:50:00,2020-02-14 09:55:00,2020-02-14 11:55:00,1,24
12835,12836,12860,2020-02-14 13:35:00,2020-02-14 13:40:00,2020-02-14 15:40:00,-1,24
12863,12864,12888,2020-02-14 15:55:00,2020-02-14 16:00:00,2020-02-14 18:00:00,-1,24
12896,12897,12921,2020-02-14 18:40:00,2020-02-14 18:45:00,2020-02-14 20:45:00,1,24
12922,12923,12947,2020-02-14 20:50:00,2020-02-14 20:55:00,2020-02-14 22:55:00,-1,24
12946,12947,12971,2020-02-14 22:50:00,2020-02-14 22:55:00,2020-02-15 00:55:00,-1,24
12988,12989,13013,2020-02-15 02:20:00,2020-02-15 02:25:00,2020-02-15 04:25:00,1,24
13015,13016,13040,2020-02-15 04:35:00,2020-02-15 04:40:00,2020-02-15 06:40:00,1,24
13049,13050,13074,2020-02-15 07:25:00,2020-02-15 07:30:00,2020-02-15 09:30:00,1,24
13073,13074,13098,2020-02-15 09:25:00,2020-02-15 09:30:00,2020-02-15 11:30:00,1,24
13103,13104,13128,2020-02-15 11:55:00,2020-02-15 12:00:00,2020-02-15 14:00:00,1,24
13144,13145,13169,2020-02-15 15:20:00,2020-02-15 15:25:00,2020-02-15 17:25:00,1,24
13193,13194,13218,2020-02-15 19:25:00,2020-02-15 19:30:00,2020-02-15 21:30:00,1,24
13232,13233,13257,2020-02-15 22:40:00,2020-02-15 22:45:00,2020-02-16 00:45:00,-1,24
13272,13273,13297,2020-02-16 02:00:00,2020-02-16 02:05:00,2020-02-16 04:05:00,1,24
13300,13301,13325,2020-02-16 04:20:00,2020-02-16 04:25:00,2020-02-16 06:25:00,-1,24
13327,13328,13352,2020-02-16 06:35:00,2020-02-16 06:40:00,2020-02-16 08:40:00,1,24
13352,13353,13377,2020-02-16 08:40:00,2020-02-16 08:45:00,2020-02-16 10:45:00,-1,24
13376,13377,13401,2020-02-16 10:40:00,2020-02-16 10:45:00,2020-02-16 12:45:00,1,24
13400,13401,13425,2020-02-16 12:40:00,2020-02-16 12:45:00,2020-02-16 14:45:00,-1,24
13429,13430,13454,2020-02-16 15:05:00,2020-02-16 15:10:00,2020-02-16 17:10:00,-1,24
13464,13465,13489,2020-02-16 18:00:00,2020-02-16 18:05:00,2020-02-16 20:05:00,-1,24
13493,13494,13518,2020-02-16 20:25:00,2020-02-16 20:30:00,2020-02-16 22:30:00,1,24
13542,13543,13567,2020-02-17 00:30:00,2020-02-17 00:35:00,2020-02-17 02:35:00,1,24
13569,13570,13594,2020-02-17 02:45:00,2020-02-17 02:50:00,2020-02-17 04:50:00,1,24
13649,13650,13674,2020-02-17 09:25:00,2020-02-17 09:30:00,2020-02-17 11:30:00,-1,24
13777,13778,13802,2020-02-17 20:05:00,2020-02-17 20:10:00,2020-02-17 22:10:00,1,24
13812,13813,13837,2020-02-17 23:00:00,2020-02-17 23:05:00,2020-02-18 01:05:00,1,24
13838,13839,13863,2020-02-18 01:10:00,2020-02-18 01:15:00,2020-02-18 03:15:00,-1,24
13865,13866,13890,2020-02-18 03:25:00,2020-02-18 03:30:00,2020-02-18 05:30:00,-1,24
13896,13897,13921,2020-02-18 06:00:00,2020-02-18 06:05:00,2020-02-18 08:05:00,-1,24
13921,13922,13946,2020-02-18 08:05:00,2020-02-18 08:10:00,2020-02-18 10:10:00,1,24
13950,13951,13975,2020-02-18 10:30:00,2020-02-18 10:35:00,2020-02-18 12:35:00,-1,24
13993,13994,14018,2020-02-18 14:05:00,2020-02-18 14:10:00,2020-02-18 16:10:00,-1,24
14026,14027,14051,2020-02-18 16:50:00,2020-02-18 16:55:00,2020-02-18 18:55:00,1,24
14084,14085,14109,2020-02-18 21:40:00,2020-02-18 21:45:00,2020-02-18 23:45:00,-1,24
14114,14115,14139,2020-02-19 00:10:00,2020-02-19 00:15:00,2020-02-19 02:15:00,1,24
14154,14155,14179,2020-02-19 03:30:00,2020-02-19 03:35:00,2020-02-19 05:35:00,-1,24
14193,14194,14218,2020-02-19 06:45:00,2020-02-19 06:50:00,2020-02-19 08:50:00,-1,24
14223,14224,14248,2020-02-19 09:15:00,2020-02-19 09:20:00,2020-02-19 11:20:00,-1,24
14252,14253,14277,2020-02-19 11:40:00,2020-02-19 11:45:00,2020-02-19 13:45:00,-1,24
14276,14277,14301,2020-02-19 13:40:00,2020-02-19 13:45:00,2020-02-19 15:45:00,1,24
14308,14309,14333,2020-02-19 16:20:00,2020-02-19 16:25:00,2020-02-19 18:25:00,-1,24
14344,14345,14369,2020-02-19 19:20:00,2020-02-19 19:25:00,2020-02-19 21:25:00,-1,24
14369,14370,14394,2020-02-19 21:25:00,2020-02-19 21:30:00,2020-02-19 23:30:00,-1,24
14393,14394,14418,2020-02-19 23:25:00,2020-02-19 23:30:00,2020-02-20 01:30:00,-1,24
14430,14431,14455,2020-02-20 02:30:00,2020-02-20 02:35:00,2020-02-20 04:35:00,1,24
14458,14459,14483,2020-02-20 04:50:00,2020-02-20 04:55:00,2020-02-20 06:55:00,1,24
14508,14509,14533,2020-02-20 09:00:00,2020-02-20 09:05:00,2020-02-20 11:05:00,1,24
14540,14541,14565,2020-02-20 11:40:00,2020-02-20 11:45:00,2020-02-20 13:45:00,-1,24
14576,14577,14601,2020-02-20 14:40:00,2020-02-20 14:45:00,2020-02-20 16:45:00,1,24
14604,14605,14629,2020-02-20 17:00:00,2020-02-20 17:05:00,2020-02-20 19:05:00,1,24
14648,14649,14673,2020-02-20 20:40:00,2020-02-20 20:45:00,2020-02-20 22:45:00,-1,24
14678,14679,14703,2020-02-20 23:10:00,2020-02-20 23:15:00,2020-02-21 01:15:00,-1,24
14707,14708,14732,2020-02-21 01:35:00,2020-02-21 01:40:00,2020-02-21 03:40:00,-1,24
14744,14745,14769,2020-02-21 04:40:00,2020-02-21 04:45:00,2020-02-21 06:45:00,-1,24
14780,14781,14805,2020-02-21 07:40:00,2020-02-21 07:45:00,2020-02-21 09:45:00,1,24
14815,14816,14840,2020-02-21 10:35:00,2020-02-21 10:40:00,2020-02-21 12:40:00,-1,24
14839,14840,14864,2020-02-21 12:35:00,2020-02-21 12:40:00,2020-02-21 14:40:00,1,24
14885,14886,14910,2020-02-21 16:25:00,2020-02-21 16:30:00,2020-02-21 18:30:00,-1,24
14913,14914,14938,2020-02-21 18:45:00,2020-02-21 18:50:00,2020-02-21 20:50:00,-1,24
14955,14956,14980,2020-02-21 22:15:00,2020-02-21 22:20:00,2020-02-22 00:20:00,-1,24
14979,14980,15004,2020-02-22 00:15:00,2020-02-22 00:20:00,2020-02-22 02:20:00,-1,24
15018,15019,15043,2020-02-22 03:30:00,2020-02-22 03:35:00,2020-02-22 05:35:00,1,24
15064,15065,15089,2020-02-22 07:20:00,2020-02-22 07:25:00,2020-02-22 09:25:00,-1,24
15097,15098,15122,2020-02-22 10:05:00,2020-02-22 10:10:00,2020-02-22 12:10:00,-1,24
15125,15126,15150,2020-02-22 12:25:00,2020-02-22 12:30:00,2020-02-22 14:30:00,1,24
15157,15158,15182,2020-02-22 15:05:00,2020-02-22 15:10:00,2020-02-22 17:10:00,1,24
15182,15183,15207,2020-02-22 17:10:00,2020-02-22 17:15:00,2020-02-22 19:15:00,-1,24
15211,15212,15236,2020-02-22 19:35:00,2020-02-22 19:40:00,2020-02-22 21:40:00,-1,24
15237,15238,15262,2020-02-22 21:45:00,2020-02-22 21:50:00,2020-02-22 23:50:00,1,24
15263,15264,15288,2020-02-22 23:55:00,2020-02-23 00:00:00,2020-02-23 02:00:00,1,24
15290,15291,15315,2020-02-23 02:10:00,2020-02-23 02:15:00,2020-02-23 04:15:00,1,24
15314,15315,15339,2020-02-23 04:10:00,2020-02-23 04:15:00,2020-02-23 06:15:00,1,24
15346,15347,15371,2020-02-23 06:50:00,2020-02-23 06:55:00,2020-02-23 08:55:00,-1,24
15371,15372,15396,2020-02-23 08:55:00,2020-02-23 09:00:00,2020-02-23 11:00:00,-1,24
15430,15431,15455,2020-02-23 13:50:00,2020-02-23 13:55:00,2020-02-23 15:55:00,1,24
15456,15457,15481,2020-02-23 16:00:00,2020-02-23 16:05:00,2020-02-23 18:05:00,-1,24
15490,15491,15515,2020-02-23 18:50:00,2020-02-23 18:55:00,2020-02-23 20:55:00,-1,24
15518,15519,15543,2020-02-23 21:10:00,2020-02-23 21:15:00,2020-02-23 23:15:00,1,24
15557,15558,15582,2020-02-24 00:25:00,2020-02-24 00:30:00,2020-02-24 02:30:00,-1,24
15597,15598,15622,2020-02-24 03:45:00,2020-02-24 03:50:00,2020-02-24 05:50:00,1,24
15625,15626,15650,2020-02-24 06:05:00,2020-02-24 06:10:00,2020-02-24 08:10:00,-1,24
15652,15653,15677,2020-02-24 08:20:00,2020-02-24 08:25:00,2020-02-24 10:25:00,-1,24
15684,15685,15709,2020-02-24 11:00:00,2020-02-24 11:05:00,2020-02-24 13:05:00,1,24
15709,15710,15734,2020-02-24 13:05:00,2020-02-24 13:10:00,2020-02-24 15:10:00,1,24
15747,15748,15772,2020-02-24 16:15:00,2020-02-24 16:20:00,2020-02-24 18:20:00,1,24
15773,15774,15798,2020-02-24 18:25:00,2020-02-24 18:30:00,2020-02-24 20:30:00,1,24
15809,15810,15834,2020-02-24 21:25:00,2020-02-24 21:30:00,2020-02-24 23:30:00,-1,24
15833,15834,15858,2020-02-24 23:25:00,2020-02-24 23:30:00,2020-02-25 01:30:00,1,24
15888,15889,15913,2020-02-25 04:00:00,2020-02-25 04:05:00,2020-02-25 06:05:00,1,24
15920,15921,15945,2020-02-25 06:40:00,2020-02-25 06:45:00,2020-02-25 08:45:00,-1,24
15949,15950,15974,2020-02-25 09:05:00,2020-02-25 09:10:00,2020-02-25 11:10:00,1,24
15973,15974,15998,2020-02-25 11:05:00,2020-02-25 11:10:00,2020-02-25 13:10:00,1,24
16008,16009,16033,2020-02-25 14:00:00,2020-02-25 14:05:00,2020-02-25 16:05:00,1,24
16035,16036,16060,2020-02-25 16:15:00,2020-02-25 16:20:00,2020-02-25 18:20:00,1,24
16061,16062,16086,2020-02-25 18:25:00,2020-02-25 18:30:00,2020-02-25 20:30:00,-1,24
16094,16095,16119,2020-02-25 21:10:00,2020-02-25 21:15:00,2020-02-25 23:15:00,-1,24
16125,16126,16150,2020-02-25 23:45:00,2020-02-25 23:50:00,2020-02-26 01:50:00,-1,24
16174,16175,16199,2020-02-26 03:50:00,2020-02-26 03:55:00,2020-02-26 05:55:00,1,24
16253,16254,16278,2020-02-26 10:25:00,2020-02-26 10:30:00,2020-02-26 12:30:00,1,24
16284,16285,16309,2020-02-26 13:00:00,2020-02-26 13:05:00,2020-02-26 15:05:00,1,24
16321,16322,16346,2020-02-26 16:05:00,2020-02-26 16:10:00,2020-02-26 18:10:00,1,24
16365,16366,16390,2020-02-26 19:45:00,2020-02-26 19:50:00,2020-02-26 21:50:00,1,24
16399,16400,16424,2020-02-26 22:35:00,2020-02-26 22:40:00,2020-02-27 00:40:00,1,24
16475,16476,16500,2020-02-27 04:55:00,2020-02-27 05:00:00,2020-02-27 07:00:00,1,24
16520,16521,16545,2020-02-27 08:40:00,2020-02-27 08:45:00,2020-02-27 10:45:00,1,24
16557,16558,16582,2020-02-27 11:45:00,2020-02-27 11:50:00,2020-02-27 13:50:00,-1,24
16582,16583,16607,2020-02-27 13:50:00,2020-02-27 13:55:00,2020-02-27 15:55:00,1,24
16610,16611,16635,2020-02-27 16:10:00,2020-02-27 16:15:00,2020-02-27 18:15:00,-1,24
16663,16664,16688,2020-02-27 20:35:00,2020-02-27 20:40:00,2020-02-27 22:40:00,-1,24
16723,16724,16748,2020-02-28 01:35:00,2020-02-28 01:40:00,2020-02-28 03:40:00,1,24
16761,16762,16786,2020-02-28 04:45:00,2020-02-28 04:50:00,2020-02-28 06:50:00,-1,24
16786,16787,16811,2020-02-28 06:50:00,2020-02-28 06:55:00,2020-02-28 08:55:00,-1,24
16829,16830,16854,2020-02-28 10:25:00,2020-02-28 10:30:00,2020-02-28 12:30:00,-1,24
16869,16870,16894,2020-02-28 13:45:00,2020-02-28 13:50:00,2020-02-28 15:50:00,1,24
16909,16910,16934,2020-02-28 17:05:00,2020-02-28 17:10:00,2020-02-28 19:10:00,1,24
16938,16939,16963,2020-02-28 19:30:00,2020-02-28 19:35:00,2020-02-28 21:35:00,1,24
16985,16986,17010,2020-02-28 23:25:00,2020-02-28 23:30:00,2020-02-29 01:30:00,-1,24
17022,17023,17047,2020-02-29 02:30:00,2020-02-29 02:35:00,2020-02-29 04:35:00,-1,24
17049,17050,17074,2020-02-29 04:45:00,2020-02-29 04:50:00,2020-02-29 06:50:00,-1,24
17089,17090,17114,2020-02-29 08:05:00,2020-02-29 08:10:00,2020-02-29 10:10:00,-1,24
17128,17129,17153,2020-02-29 11:20:00,2020-02-29 11:25:00,2020-02-29 13:25:00,1,24
17154,17155,17179,2020-02-29 13:30:00,2020-02-29 13:35:00,2020-02-29 15:35:00,1,24
17189,17190,17214,2020-02-29 16:25:00,2020-02-29 16:30:00,2020-02-29 18:30:00,-1,24
17216,17217,17241,2020-02-29 18:40:00,2020-02-29 18:45:00,2020-02-29 20:45:00,1,24
17241,17242,17266,2020-02-29 20:45:00,2020-02-29 20:50:00,2020-02-29 22:50:00,1,24
17270,17271,17295,2020-02-29 23:10:00,2020-02-29 23:15:00,2020-03-01 01:15:00,1,24
17314,17315,17339,2020-03-01 02:50:00,2020-03-01 02:55:00,2020-03-01 04:55:00,1,24
17348,17349,17373,2020-03-01 05:40:00,2020-03-01 05:45:00,2020-03-01 07:45:00,1,24
17375,17376,17400,2020-03-01 07:55:00,2020-03-01 08:00:00,2020-03-01 10:00:00,1,24
17419,17420,17444,2020-03-01 11:35:00,2020-03-01 11:40:00,2020-03-01 13:40:00,1,24
17456,17457,17481,2020-03-01 14:40:00,2020-03-01 14:45:00,2020-03-01 16:45:00,1,24
17486,17487,17511,2020-03-01 17:10:00,2020-03-01 17:15:00,2020-03-01 19:15:00,-1,24
17510,17511,17535,2020-03-01 19:10:00,2020-03-01 19:15:00,2020-03-01 21:15:00,-1,24
17544,17545,17569,2020-03-01 22:00:00,2020-03-01 22:05:00,2020-03-02 00:05:00,1,24
17576,17577,17601,2020-03-02 00:40:00,2020-03-02 00:45:00,2020-03-02 02:45:00,1,24
17606,17607,17631,2020-03-02 03:10:00,2020-03-02 03:15:00,2020-03-02 05:15:00,-1,24
17630,17631,17655,2020-03-02 05:10:00,2020-03-02 05:15:00,2020-03-02 07:15:00,1,24
17672,17673,17697,2020-03-02 08:40:00,2020-03-02 08:45:00,2020-03-02 10:45:00,1,24
17705,17706,17730,2020-03-02 11:25:00,2020-03-02 11:30:00,2020-03-02 13:30:00,-1,24
17743,17744,17768,2020-03-02 14:35:00,2020-03-02 14:40:00,2020-03-02 16:40:00,1,24
17781,17782,17806,2020-03-02 17:45:00,2020-03-02 17:50:00,2020-03-02 19:50:00,1,24
17817,17818,17842,2020-03-02 20:45:00,2020-03-02 20:50:00,2020-03-02 22:50:00,1,24
17841,17842,17866,2020-03-02 22:45:00,2020-03-02 22:50:00,2020-03-03 00:50:00,1,24
17887,17888,17912,2020-03-03 02:35:00,2020-03-03 02:40:00,2020-03-03 04:40:00,1,24
17913,17914,17938,2020-03-03 04:45:00,2020-03-03 04:50:00,2020-03-03 06:50:00,-1,24
17946,17947,17971,2020-03-03 07:30:00,2020-03-03 07:35:00,2020-03-03 09:35:00,-1,24
17977,17978,18002,2020-03-03 10:05:00,2020-03-03 10:10:00,2020-03-03 12:10:00,1,24
18019,18020,18044,2020-03-03 13:35:00,2020-03-03 13:40:00,2020-03-03 15:40:00,1,24
18047,18048,18072,2020-03-03 15:55:00,2020-03-03 16:00:00,2020-03-03 18:00:00,-1,24
18085,18086,18110,2020-03-03 19:05:00,2020-03-03 19:10:00,2020-03-03 21:10:00,1,24
18121,18122,18146,2020-03-03 22:05:00,2020-03-03 22:10:00,2020-03-04 00:10:00,1,24
18191,18192,18216,2020-03-04 03:55:00,2020-03-04 04:00:00,2020-03-04 06:00:00,1,24
18216,18217,18241,2020-03-04 06:00:00,2020-03-04 06:05:00,2020-03-04 08:05:00,1,24
18256,18257,18281,2020-03-04 09:20:00,2020-03-04 09:25:00,2020-03-04 11:25:00,-1,24
18281,18282,18306,2020-03-04 11:25:00,2020-03-04 11:30:00,2020-03-04 13:30:00,1,24
18308,18309,18333,2020-03-04 13:40:00,2020-03-04 13:45:00,2020-03-04 15:45:00,-1,24
18341,18342,18366,2020-03-04 16:25:00,2020-03-04 16:30:00,2020-03-04 18:30:00,1,24
18373,18374,18398,2020-03-04 19:05:00,2020-03-04 19:10:00,2020-03-04 21:10:00,-1,24
18397,18398,18422,2020-03-04 21:05:00,2020-03-04 21:10:00,2020-03-04 23:10:00,-1,24
18445,18446,18470,2020-03-05 01:05:00,2020-03-05 01:10:00,2020-03-05 03:10:00,-1,24
18477,18478,18502,2020-03-05 03:45:00,2020-03-05 03:50:00,2020-03-05 05:50:00,1,24
18501,18502,18526,2020-03-05 05:45:00,2020-03-05 05:50:00,2020-03-05 07:50:00,-1,24
18525,18526,18550,2020-03-05 07:45:00,2020-03-05 07:50:00,2020-03-05 09:50:00,1,24
18551,18552,18576,2020-03-05 09:55:00,2020-03-05 10:00:00,2020-03-05 12:00:00,1,24
18575,18576,18600,2020-03-05 11:55:00,2020-03-05 12:00:00,2020-03-05 14:00:00,1,24
18602,18603,18627,2020-03-05 14:10:00,2020-03-05 14:15:00,2020-03-05 16:15:00,1,24
18628,18629,18653,2020-03-05 16:20:00,2020-03-05 16:25:00,2020-03-05 18:25:00,-1,24
18666,18667,18691,2020-03-05 19:30:00,2020-03-05 19:35:00,2020-03-05 21:35:00,-1,24
18695,18696,18720,2020-03-05 21:55:00,2020-03-05 22:00:00,2020-03-06 00:00:00,1,24
18743,18744,18768,2020-03-06 01:55:00,2020-03-06 02:00:00,2020-03-06 04:00:00,-1,24
18770,18771,18795,2020-03-06 04:10:00,2020-03-06 04:15:00,2020-03-06 06:15:00,-1,24
18821,18822,18846,2020-03-06 08:25:00,2020-03-06 08:30:00,2020-03-06 10:30:00,-1,24
18869,18870,18894,2020-03-06 12:25:00,2020-03-06 12:30:00,2020-03-06 14:30:00,-1,24
18893,18894,18918,2020-03-06 14:25:00,2020-03-06 14:30:00,2020-03-06 16:30:00,-1,24
18923,18924,18948,2020-03-06 16:55:00,2020-03-06 17:00:00,2020-03-06 19:00:00,1,24
18947,18948,18972,2020-03-06 18:55:00,2020-03-06 19:00:00,2020-03-06 21:00:00,1,24
18976,18977,19001,2020-03-06 21:20:00,2020-03-06 21:25:00,2020-03-06 23:25:00,-1,24
19006,19007,19031,2020-03-06 23:50:00,2020-03-06 23:55:00,2020-03-07 01:55:00,-1,24
19030,19031,19055,2020-03-07 01:50:00,2020-03-07 01:55:00,2020-03-07 03:55:00,-1,24
19055,19056,19080,2020-03-07 03:55:00,2020-03-07 04:00:00,2020-03-07 06:00:00,-1,24
19080,19081,19105,2020-03-07 06:00:00,2020-03-07 06:05:00,2020-03-07 08:05:00,1,24
19108,19109,19133,2020-03-07 08:20:00,2020-03-07 08:25:00,2020-03-07 10:25:00,-1,24
19137,19138,19162,2020-03-07 10:45:00,2020-03-07 10:50:00,2020-03-07 12:50:00,1,24
19168,19169,19193,2020-03-07 13:20:00,2020-03-07 13:25:00,2020-03-07 15:25:00,1,24
19192,19193,19217,2020-03-07 15:20:00,2020-03-07 15:25:00,2020-03-07 17:25:00,-1,24
19219,19220,19244,2020-03-07 17:35:00,2020-03-07 17:40:00,2020-03-07 19:40:00,1,24
19252,19253,19277,2020-03-07 20:20:00,2020-03-07 20:25:00,2020-03-07 22:25:00,-1,24
19283,19284,19308,2020-03-07 22:55:00,2020-03-07 23:00:00,2020-03-08 01:00:00,1,24
19337,19338,19362,2020-03-08 03:25:00,2020-03-08 03:30:00,2020-03-08 05:30:00,1,24
19361,19362,19386,2020-03-08 05:25:00,2020-03-08 05:30:00,2020-03-08 07:30:00,-1,24
19385,19386,19410,2020-03-08 07:25:00,2020-03-08 07:30:00,2020-03-08 09:30:00,1,24
19431,19432,19456,2020-03-08 11:15:00,2020-03-08 11:20:00,2020-03-08 13:20:00,1,24
19458,19459,19483,2020-03-08 13:30:00,2020-03-08 13:35:00,2020-03-08 15:35:00,1,24
19506,19507,19531,2020-03-08 17:30:00,2020-03-08 17:35:00,2020-03-08 19:35:00,-1,24
19534,19535,19559,2020-03-08 19:50:00,2020-03-08 19:55:00,2020-03-08 21:55:00,-1,24
19572,19573,19597,2020-03-08 23:00:00,2020-03-08 23:05:00,2020-03-09 01:05:00,-1,24
19619,19620,19644,2020-03-09 02:55:00,2020-03-09 03:00:00,2020-03-09 05:00:00,-1,24
19645,19646,19670,2020-03-09 05:05:00,2020-03-09 05:10:00,2020-03-09 07:10:00,-1,24
19670,19671,19695,2020-03-09 07:10:00,2020-03-09 07:15:00,2020-03-09 09:15:00,1,24
19694,19695,19719,2020-03-09 09:10:00,2020-03-09 09:15:00,2020-03-09 11:15:00,-1,24
19781,19782,19806,2020-03-09 16:25:00,2020-03-09 16:30:00,2020-03-09 18:30:00,-1,24
19805,19806,19830,2020-03-09 18:25:00,2020-03-09 18:30:00,2020-03-09 20:30:00,-1,24
19882,19883,19907,2020-03-10 00:50:00,2020-03-10 00:55:00,2020-03-10 02:55:00,-1,24
19929,19930,19954,2020-03-10 04:45:00,2020-03-10 04:50:00,2020-03-10 06:50:00,-1,24
19956,19957,19981,2020-03-10 07:00:00,2020-03-10 07:05:00,2020-03-10 09:05:00,1,24
19984,19985,20009,2020-03-10 09:20:00,2020-03-10 09:25:00,2020-03-10 11:25:00,1,24
20009,20010,20034,2020-03-10 11:25:00,2020-03-10 11:30:00,2020-03-10 13:30:00,-1,24
20040,20041,20065,2020-03-10 14:00:00,2020-03-10 14:05:00,2020-03-10 16:05:00,-1,24
20070,20071,20095,2020-03-10 16:30:00,2020-03-10 16:35:00,2020-03-10 18:35:00,1,24
20103,20104,20128,2020-03-10 19:15:00,2020-03-10 19:20:00,2020-03-10 21:20:00,-1,24
20160,20161,20185,2020-03-11 00:00:00,2020-03-11 00:05:00,2020-03-11 02:05:00,1,24
20196,20197,20221,2020-03-11 03:00:00,2020-03-11 03:05:00,2020-03-11 05:05:00,-1,24
20223,20224,20248,2020-03-11 05:15:00,2020-03-11 05:20:00,2020-03-11 07:20:00,1,24
20253,20254,20278,2020-03-11 07:45:00,2020-03-11 07:50:00,2020-03-11 09:50:00,-1,24
20299,20300,20324,2020-03-11 11:35:00,2020-03-11 11:40:00,2020-03-11 13:40:00,-1,24
20330,20331,20355,2020-03-11 14:10:00,2020-03-11 14:15:00,2020-03-11 16:15:00,-1,24
20362,20363,20387,2020-03-11 16:50:00,2020-03-11 16:55:00,2020-03-11 18:55:00,-1,24
20389,20390,20414,2020-03-11 19:05:00,2020-03-11 19:10:00,2020-03-11 21:10:00,-1,24
20417,20418,20442,2020-03-11 21:25:00,2020-03-11 21:30:00,2020-03-11 23:30:00,-1,24
20452,20453,20477,2020-03-12 00:20:00,2020-03-12 00:25:00,2020-03-12 02:25:00,-1,24
20487,20488,20512,2020-03-12 03:15:00,2020-03-12 03:20:00,2020-03-12 05:20:00,-1,24
20519,20520,20544,2020-03-12 05:55:00,2020-03-12 06:00:00,2020-03-12 08:00:00,-1,24
20560,20561,20585,2020-03-12 09:20:00,2020-03-12 09:25:00,2020-03-12 11:25:00,-1,24
20600,20601,20625,2020-03-12 12:40:00,2020-03-12 12:45:00,2020-03-12 14:45:00,1,24
20631,20632,20656,2020-03-12 15:15:00,2020-03-12 15:20:00,2020-03-12 17:20:00,1,24
20681,20682,20706,2020-03-12 19:25:00,2020-03-12 19:30:00,2020-03-12 21:30:00,-1,24
20840,20841,20865,2020-03-13 08:40:00,2020-03-13 08:45:00,2020-03-13 10:45:00,1,24
21106,21107,21131,2020-03-14 06:50:00,2020-03-14 06:55:00,2020-03-14 08:55:00,1,24
21134,21135,21159,2020-03-14 09:10:00,2020-03-14 09:15:00,2020-03-14 11:15:00,-1,24
21162,21163,21187,2020-03-14 11:30:00,2020-03-14 11:35:00,2020-03-14 13:35:00,1,24
21186,21187,21211,2020-03-14 13:30:00,2020-03-14 13:35:00,2020-03-14 15:35:00,-1,24
21213,21214,21238,2020-03-14 15:45:00,2020-03-14 15:50:00,2020-03-14 17:50:00,-1,24
21247,21248,21272,2020-03-14 18:35:00,2020-03-14 18:40:00,2020-03-14 20:40:00,1,24
21274,21275,21299,2020-03-14 20:50:00,2020-03-14 20:55:00,2020-03-14 22:55:00,1,24
21325,21326,21350,2020-03-15 01:05:00,2020-03-15 01:10:00,2020-03-15 03:10:00,-1,24
21349,21350,21374,2020-03-15 03:05:00,2020-03-15 03:10:00,2020-03-15 05:10:00,-1,24
21379,21380,21404,2020-03-15 05:35:00,2020-03-15 05:40:00,2020-03-15 07:40:00,-1,24
21405,21406,21430,2020-03-15 07:45:00,2020-03-15 07:50:00,2020-03-15 09:50:00,1,24
21442,21443,21467,2020-03-15 10:50:00,2020-03-15 10:55:00,2020-03-15 12:55:00,-1,24
21476,21477,21501,2020-03-15 13:40:00,2020-03-15 13:45:00,2020-03-15 15:45:00,1,24
21504,21505,21529,2020-03-15 16:00:00,2020-03-15 16:05:00,2020-03-15 18:05:00,-1,24
21528,21529,21553,2020-03-15 18:00:00,2020-03-15 18:05:00,2020-03-15 20:05:00,-1,24
21555,21556,21580,2020-03-15 20:15:00,2020-03-15 20:20:00,2020-03-15 22:20:00,-1,24
21584,21585,21609,2020-03-15 22:40:00,2020-03-15 22:45:00,2020-03-16 00:45:00,-1,24
21608,21609,21633,2020-03-16 00:40:00,2020-03-16 00:45:00,2020-03-16 02:45:00,-1,24
21632,21633,21657,2020-03-16 02:40:00,2020-03-16 02:45:00,2020-03-16 04:45:00,-1,24
21659,21660,21684,2020-03-16 04:55:00,2020-03-16 05:00:00,2020-03-16 07:00:00,-1,24
21688,21689,21713,2020-03-16 07:20:00,2020-03-16 07:25:00,2020-03-16 09:25:00,-1,24
21712,21713,21737,2020-03-16 09:20:00,2020-03-16 09:25:00,2020-03-16 11:25:00,-1,24
21736,21737,21761,2020-03-16 11:20:00,2020-03-16 11:25:00,2020-03-16 13:25:00,-1,24
21761,21762,21786,2020-03-16 13:25:00,2020-03-16 13:30:00,2020-03-16 15:30:00,-1,24
21788,21789,21813,2020-03-16 15:40:00,2020-03-16 15:45:00,2020-03-16 17:45:00,1,24
21813,21814,21838,2020-03-16 17:45:00,2020-03-16 17:50:00,2020-03-16 19:50:00,-1,24
21839,21840,21864,2020-03-16 19:55:00,2020-03-16 20:00:00,2020-03-16 22:00:00,-1,24
21863,21864,21888,2020-03-16 21:55:00,2020-03-16 22:00:00,2020-03-17 00:00:00,-1,24
21893,21894,21918,2020-03-17 00:25:00,2020-03-17 00:30:00,2020-03-17 02:30:00,-1,24
21921,21922,21946,2020-03-17 02:45:00,2020-03-17 02:50:00,2020-03-17 04:50:00,-1,24
21949,21950,21974,2020-03-17 05:05:00,2020-03-17 05:10:00,2020-03-17 07:10:00,-1,24
21973,21974,21998,2020-03-17 07:05:00,2020-03-17 07:10:00,2020-03-17 09:10:00,-1,24
21999,22000,22024,2020-03-17 09:15:00,2020-03-17 09:20:00,2020-03-17 11:20:00,-1,24
22024,22025,22049,2020-03-17 11:20:00,2020-03-17 11:25:00,2020-03-17 13:25:00,-1,24
22048,22049,22073,2020-03-17 13:20:00,2020-03-17 13:25:00,2020-03-17 15:25:00,-1,24
22073,22074,22098,2020-03-17 15:25:00,2020-03-17 15:30:00,2020-03-17 17:30:00,-1,24
22097,22098,22122,2020-03-17 17:25:00,2020-03-17 17:30:00,2020-03-17 19:30:00,-1,24
22123,22124,22148,2020-03-17 19:35:00,2020-03-17 19:40:00,2020-03-17 21:40:00,-1,24
22148,22149,22173,2020-03-17 21:40:00,2020-03-17 21:45:00,2020-03-17 23:45:00,-1,24
22172,22173,22197,2020-03-17 23:40:00,2020-03-17 23:45:00,2020-03-18 01:45:00,-1,24
22196,22197,22221,2020-03-18 01:40:00,2020-03-18 01:45:00,2020-03-18 03:45:00,-1,24
22220,22221,22245,2020-03-18 03:40:00,2020-03-18 03:45:00,2020-03-18 05:45:00,1,24
22245,22246,22270,2020-03-18 05:45:00,2020-03-18 05:50:00,2020-03-18 07:50:00,-1,24
22274,22275,22299,2020-03-18 08:10:00,2020-03-18 08:15:00,2020-03-18 10:15:00,-1,24
22300,22301,22325,2020-03-18 10:20:00,2020-03-18 10:25:00,2020-03-18 12:25:00,-1,24
22326,22327,22351,2020-03-18 12:30:00,2020-03-18 12:35:00,2020-03-18 14:35:00,-1,24
22350,22351,22375,2020-03-18 14:30:00,2020-03-18 14:35:00,2020-03-18 16:35:00,-1,24
22388,22389,22413,2020-03-18 17:40:00,2020-03-18 17:45:00,2020-03-18 19:45:00,-1,24
22416,22417,22441,2020-03-18 20:00:00,2020-03-18 20:05:00,2020-03-18 22:05:00,-1,24
22445,22446,22470,2020-03-18 22:25:00,2020-03-18 22:30:00,2020-03-19 00:30:00,-1,24
22469,22470,22494,2020-03-19 00:25:00,2020-03-19 00:30:00,2020-03-19 02:30:00,-1,24
22495,22496,22520,2020-03-19 02:35:00,2020-03-19 02:40:00,2020-03-19 04:40:00,-1,24
22520,22521,22545,2020-03-19 04:40:00,2020-03-19 04:45:00,2020-03-19 06:45:00,-1,24
22544,22545,22569,2020-03-19 06:40:00,2020-03-19 06:45:00,2020-03-19 08:45:00,-1,24
22569,22570,22594,2020-03-19 08:45:00,2020-03-19 08:50:00,2020-03-19 10:50:00,-1,24
22594,22595,22619,2020-03-19 10:50:00,2020-03-19 10:55:00,2020-03-19 12:55:00,-1,24
22644,22645,22669,2020-03-19 15:00:00,2020-03-19 15:05:00,2020-03-19 17:05:00,-1,24
22676,22677,22701,2020-03-19 17:40:00,2020-03-19 17:45:00,2020-03-19 19:45:00,-1,24
22700,22701,22725,2020-03-19 19:40:00,2020-03-19 19:45:00,2020-03-19 21:45:00,-1,24
22724,22725,22749,2020-03-19 21:40:00,2020-03-19 21:45:00,2020-03-19 23:45:00,-1,24
22754,22755,22779,2020-03-20 00:10:00,2020-03-20 00:15:00,2020-03-20 02:15:00,-1,24
22780,22781,22805,2020-03-20 02:20:00,2020-03-20 02:25:00,2020-03-20 04:25:00,1,24
22804,22805,22829,2020-03-20 04:20:00,2020-03-20 04:25:00,2020-03-20 06:25:00,-1,24
22828,22829,22853,2020-03-20 06:20:00,2020-03-20 06:25:00,2020-03-20 08:25:00,-1,24
22864,22865,22889,2020-03-20 09:20:00,2020-03-20 09:25:00,2020-03-20 11:25:00,-1,24
22902,22903,22927,2020-03-20 12:30:00,2020-03-20 12:35:00,2020-03-20 14:35:00,-1,24
22926,22927,22951,2020-03-20 14:30:00,2020-03-20 14:35:00,2020-03-20 16:35:00,-1,24
22955,22956,22980,2020-03-20 16:55:00,2020-03-20 17:00:00,2020-03-20 19:00:00,-1,24
22985,22986,23010,2020-03-20 19:25:00,2020-03-20 19:30:00,2020-03-20 21:30:00,-1,24
23015,23016,23040,2020-03-20 21:55:00,2020-03-20 22:00:00,2020-03-21 00:00:00,-1,24
23042,23043,23067,2020-03-21 00:10:00,2020-03-21 00:15:00,2020-03-21 02:15:00,-1,24
23067,23068,23092,2020-03-21 02:15:00,2020-03-21 02:20:00,2020-03-21 04:20:00,-1,24
23091,23092,23116,2020-03-21 04:15:00,2020-03-21 04:20:00,2020-03-21 06:20:00,-1,24
23118,23119,23143,2020-03-21 06:30:00,2020-03-21 06:35:00,2020-03-21 08:35:00,-1,24
23144,23145,23169,2020-03-21 08:40:00,2020-03-21 08:45:00,2020-03-21 10:45:00,-1,24
23168,23169,23193,2020-03-21 10:40:00,2020-03-21 10:45:00,2020-03-21 12:45:00,-1,24
23192,23193,23217,2020-03-21 12:40:00,2020-03-21 12:45:00,2020-03-21 14:45:00,-1,24
23226,23227,23251,2020-03-21 15:30:00,2020-03-21 15:35:00,2020-03-21 17:35:00,-1,24
23250,23251,23275,2020-03-21 17:30:00,2020-03-21 17:35:00,2020-03-21 19:35:00,1,24
23279,23280,23304,2020-03-21 19:55:00,2020-03-21 20:00:00,2020-03-21 22:00:00,-1,24
23308,23309,23333,2020-03-21 22:20:00,2020-03-21 22:25:00,2020-03-22 00:25:00,-1,24
23332,23333,23357,2020-03-22 00:20:00,2020-03-22 00:25:00,2020-03-22 02:25:00,-1,24
23356,23357,23381,2020-03-22 02:20:00,2020-03-22 02:25:00,2020-03-22 04:25:00,-1,24
23386,23387,23411,2020-03-22 04:50:00,2020-03-22 04:55:00,2020-03-22 06:55:00,-1,24
23413,23414,23438,2020-03-22 07:05:00,2020-03-22 07:10:00,2020-03-22 09:10:00,1,24
23437,23438,23462,2020-03-22 09:05:00,2020-03-22 09:10:00,2020-03-22 11:10:00,-1,24
23464,23465,23489,2020-03-22 11:20:00,2020-03-22 11:25:00,2020-03-22 13:25:00,-1,24
23488,23489,23513,2020-03-22 13:20:00,2020-03-22 13:25:00,2020-03-22 15:25:00,-1,24
23527,23528,23552,2020-03-22 16:35:00,2020-03-22 16:40:00,2020-03-22 18:40:00,-1,24
23560,23561,23585,2020-03-22 19:20:00,2020-03-22 19:25:00,2020-03-22 21:25:00,-1,24
23584,23585,23609,2020-03-22 21:20:00,2020-03-22 21:25:00,2020-03-22 23:25:00,-1,24
23608,23609,23633,2020-03-22 23:20:00,2020-03-22 23:25:00,2020-03-23 01:25:00,-1,24
23633,23634,23658,2020-03-23 01:25:00,2020-03-23 01:30:00,2020-03-23 03:30:00,-1,24
23657,23658,23682,2020-03-23 03:25:00,2020-03-23 03:30:00,2020-03-23 05:30:00,-1,24
23682,23683,23707,2020-03-23 05:30:00,2020-03-23 05:35:00,2020-03-23 07:35:00,-1,24
23709,23710,23734,2020-03-23 07:45:00,2020-03-23 07:50:00,2020-03-23 09:50:00,-1,24
23733,23734,23758,2020-03-23 09:45:00,2020-03-23 09:50:00,2020-03-23 11:50:00,-1,24
23757,23758,23782,2020-03-23 11:45:00,2020-03-23 11:50:00,2020-03-23 13:50:00,1,24
23797,23798,23822,2020-03-23 15:05:00,2020-03-23 15:10:00,2020-03-23 17:10:00,1,24
23829,23830,23854,2020-03-23 17:45:00,2020-03-23 17:50:00,2020-03-23 19:50:00,-1,24
23853,23854,23878,2020-03-23 19:45:00,2020-03-23 19:50:00,2020-03-23 21:50:00,-1,24
23885,23886,23910,2020-03-23 22:25:00,2020-03-23 22:30:00,2020-03-24 00:30:00,-1,24
23914,23915,23939,2020-03-24 00:50:00,2020-03-24 00:55:00,2020-03-24 02:55:00,1,24
23952,23953,23977,2020-03-24 04:00:00,2020-03-24 04:05:00,2020-03-24 06:05:00,1,24
23980,23981,24005,2020-03-24 06:20:00,2020-03-24 06:25:00,2020-03-24 08:25:00,-1,24
24010,24011,24035,2020-03-24 08:50:00,2020-03-24 08:55:00,2020-03-24 10:55:00,1,24
24034,24035,24059,2020-03-24 10:50:00,2020-03-24 10:55:00,2020-03-24 12:55:00,1,24
24068,24069,24093,2020-03-24 13:40:00,2020-03-24 13:45:00,2020-03-24 15:45:00,1,24
24095,24096,24120,2020-03-24 15:55:00,2020-03-24 16:00:00,2020-03-24 18:00:00,1,24
24123,24124,24148,2020-03-24 18:15:00,2020-03-24 18:20:00,2020-03-24 20:20:00,-1,24
24150,24151,24175,2020-03-24 20:30:00,2020-03-24 20:35:00,2020-03-24 22:35:00,-1,24
24174,24175,24199,2020-03-24 22:30:00,2020-03-24 22:35:00,2020-03-25 00:35:00,-1,24
24198,24199,24223,2020-03-25 00:30:00,2020-03-25 00:35:00,2020-03-25 02:35:00,-1,24
24226,24227,24251,2020-03-25 02:50:00,2020-03-25 02:55:00,2020-03-25 04:55:00,-1,24
24250,24251,24275,2020-03-25 04:50:00,2020-03-25 04:55:00,2020-03-25 06:55:00,-1,24
24275,24276,24300,2020-03-25 06:55:00,2020-03-25 07:00:00,2020-03-25 09:00:00,-1,24
24328,24329,24353,2020-03-25 11:20:00,2020-03-25 11:25:00,2020-03-25 13:25:00,-1,24
24361,24362,24386,2020-03-25 14:05:00,2020-03-25 14:10:00,2020-03-25 16:10:00,-1,24
24386,24387,24411,2020-03-25 16:10:00,2020-03-25 16:15:00,2020-03-25 18:15:00,-1,24
24411,24412,24436,2020-03-25 18:15:00,2020-03-25 18:20:00,2020-03-25 20:20:00,-1,24
24436,24437,24461,2020-03-25 20:20:00,2020-03-25 20:25:00,2020-03-25 22:25:00,-1,24
24470,24471,24495,2020-03-25 23:10:00,2020-03-25 23:15:00,2020-03-26 01:15:00,-1,24
24499,24500,24524,2020-03-26 01:35:00,2020-03-26 01:40:00,2020-03-26 03:40:00,1,24
24532,24533,24557,2020-03-26 04:20:00,2020-03-26 04:25:00,2020-03-26 06:25:00,-1,24
24568,24569,24593,2020-03-26 07:20:00,2020-03-26 07:25:00,2020-03-26 09:25:00,-1,24
24593,24594,24618,2020-03-26 09:25:00,2020-03-26 09:30:00,2020-03-26 11:30:00,-1,24
24617,24618,24642,2020-03-26 11:25:00,2020-03-26 11:30:00,2020-03-26 13:30:00,-1,24
24665,24666,24690,2020-03-26 15:25:00,2020-03-26 15:30:00,2020-03-26 17:30:00,-1,24
24693,24694,24718,2020-03-26 17:45:00,2020-03-26 17:50:00,2020-03-26 19:50:00,-1,24
24737,24738,24762,2020-03-26 21:25:00,2020-03-26 21:30:00,2020-03-26 23:30:00,-1,24
24777,24778,24802,2020-03-27 00:45:00,2020-03-27 00:50:00,2020-03-27 02:50:00,-1,24
24802,24803,24827,2020-03-27 02:50:00,2020-03-27 02:55:00,2020-03-27 04:55:00,-1,24
24834,24835,24859,2020-03-27 05:30:00,2020-03-27 05:35:00,2020-03-27 07:35:00,-1,24
24859,24860,24884,2020-03-27 07:35:00,2020-03-27 07:40:00,2020-03-27 09:40:00,1,24
24885,24886,24910,2020-03-27 09:45:00,2020-03-27 09:50:00,2020-03-27 11:50:00,-1,24
24916,24917,24941,2020-03-27 12:20:00,2020-03-27 12:25:00,2020-03-27 14:25:00,1,24
24944,24945,24969,2020-03-27 14:40:00,2020-03-27 14:45:00,2020-03-27 16:45:00,-1,24
24986,24987,25011,2020-03-27 18:10:00,2020-03-27 18:15:00,2020-03-27 20:15:00,1,24
25015,25016,25040,2020-03-27 20:35:00,2020-03-27 20:40:00,2020-03-27 22:40:00,-1,24
25039,25040,25064,2020-03-27 22:35:00,2020-03-27 22:40:00,2020-03-28 00:40:00,1,24
25067,25068,25092,2020-03-28 00:55:00,2020-03-28 01:00:00,2020-03-28 03:00:00,-1,24
25094,25095,25119,2020-03-28 03:10:00,2020-03-28 03:15:00,2020-03-28 05:15:00,1,24
25125,25126,25150,2020-03-28 05:45:00,2020-03-28 05:50:00,2020-03-28 07:50:00,-1,24
25150,25151,25175,2020-03-28 07:50:00,2020-03-28 07:55:00,2020-03-28 09:55:00,-1,24
25174,25175,25199,2020-03-28 09:50:00,2020-03-28 09:55:00,2020-03-28 11:55:00,-1,24
25201,25202,25226,2020-03-28 12:05:00,2020-03-28 12:10:00,2020-03-28 14:10:00,1,24
25225,25226,25250,2020-03-28 14:05:00,2020-03-28 14:10:00,2020-03-28 16:10:00,-1,24
25249,25250,25274,2020-03-28 16:05:00,2020-03-28 16:10:00,2020-03-28 18:10:00,-1,24
25295,25296,25320,2020-03-28 19:55:00,2020-03-28 20:00:00,2020-03-28 22:00:00,1,24
25319,25320,25344,2020-03-28 21:55:00,2020-03-28 22:00:00,2020-03-29 00:00:00,-1,24
25349,25350,25374,2020-03-29 00:25:00,2020-03-29 00:30:00,2020-03-29 02:30:00,-1,24
25373,25374,25398,2020-03-29 02:25:00,2020-03-29 02:30:00,2020-03-29 04:30:00,-1,24
25413,25414,25438,2020-03-29 05:45:00,2020-03-29 05:50:00,2020-03-29 07:50:00,1,24
25457,25458,25482,2020-03-29 09:25:00,2020-03-29 09:30:00,2020-03-29 11:30:00,1,24
25498,25499,25523,2020-03-29 12:50:00,2020-03-29 12:55:00,2020-03-29 14:55:00,-1,24
25523,25524,25548,2020-03-29 14:55:00,2020-03-29 15:00:00,2020-03-29 17:00:00,-1,24
25548,25549,25573,2020-03-29 17:00:00,2020-03-29 17:05:00,2020-03-29 19:05:00,-1,24
25575,25576,25600,2020-03-29 19:15:00,2020-03-29 19:20:00,2020-03-29 21:20:00,-1,24
25599,25600,25624,2020-03-29 21:15:00,2020-03-29 21:20:00,2020-03-29 23:20:00,-1,24
25624,25625,25649,2020-03-29 23:20:00,2020-03-29 23:25:00,2020-03-30 01:25:00,1,24
25660,25661,25685,2020-03-30 02:20:00,2020-03-30 02:25:00,2020-03-30 04:25:00,-1,24
25688,25689,25713,2020-03-30 04:40:00,2020-03-30 04:45:00,2020-03-30 06:45:00,-1,24
25754,25755,25779,2020-03-30 10:10:00,2020-03-30 10:15:00,2020-03-30 12:15:00,1,24
25861,25862,25886,2020-03-30 19:05:00,2020-03-30 19:10:00,2020-03-30 21:10:00,-1,24
25928,25929,25953,2020-03-31 00:40:00,2020-03-31 00:45:00,2020-03-31 02:45:00,-1,24
25959,25960,25984,2020-03-31 03:15:00,2020-03-31 03:20:00,2020-03-31 05:20:00,-1,24
26007,26008,26032,2020-03-31 07:15:00,2020-03-31 07:20:00,2020-03-31 09:20:00,1,24
26031,26032,26056,2020-03-31 09:15:00,2020-03-31 09:20:00,2020-03-31 11:20:00,-1,24
26171,26172,26196,2020-03-31 20:55:00,2020-03-31 21:00:00,2020-03-31 23:00:00,1,24
26364,26365,26389,2020-04-01 13:00:00,2020-04-01 13:05:00,2020-04-01 15:05:00,-1,24
26415,26416,26440,2020-04-01 17:15:00,2020-04-01 17:20:00,2020-04-01 19:20:00,1,24
26547,26548,26572,2020-04-02 04:15:00,2020-04-02 04:20:00,2020-04-02 06:20:00,1,24
26572,26573,26597,2020-04-02 06:20:00,2020-04-02 06:25:00,2020-04-02 08:25:00,-1,24
26616,26617,26641,2020-04-02 10:00:00,2020-04-02 10:05:00,2020-04-02 12:05:00,-1,24
26668,26669,26693,2020-04-02 14:20:00,2020-04-02 14:25:00,2020-04-02 16:25:00,-1,24
26765,26766,26790,2020-04-02 22:25:00,2020-04-02 22:30:00,2020-04-03 00:30:00,-1,24
26802,26803,26827,2020-04-03 01:30:00,2020-04-03 01:35:00,2020-04-03 03:35:00,-1,24
26829,26830,26854,2020-04-03 03:45:00,2020-04-03 03:50:00,2020-04-03 05:50:00,-1,24
26855,26856,26880,2020-04-03 05:55:00,2020-04-03 06:00:00,2020-04-03 08:00:00,-1,24
26990,26991,27015,2020-04-03 17:10:00,2020-04-03 17:15:00,2020-04-03 19:15:00,-1,24
27029,27030,27054,2020-04-03 20:25:00,2020-04-03 20:30:00,2020-04-03 22:30:00,-1,24
27057,27058,27082,2020-04-03 22:45:00,2020-04-03 22:50:00,2020-04-04 00:50:00,-1,24
27081,27082,27106,2020-04-04 00:45:00,2020-04-04 00:50:00,2020-04-04 02:50:00,-1,24
27119,27120,27144,2020-04-04 03:55:00,2020-04-04 04:00:00,2020-04-04 06:00:00,-1,24
27143,27144,27168,2020-04-04 05:55:00,2020-04-04 06:00:00,2020-04-04 08:00:00,-1,24
27167,27168,27192,2020-04-04 07:55:00,2020-04-04 08:00:00,2020-04-04 10:00:00,-1,24
27222,27223,27247,2020-04-04 12:30:00,2020-04-04 12:35:00,2020-04-04 14:35:00,-1,24
27266,27267,27291,2020-04-04 16:10:00,2020-04-04 16:15:00,2020-04-04 18:15:00,-1,24
27293,27294,27318,2020-04-04 18:25:00,2020-04-04 18:30:00,2020-04-04 20:30:00,-1,24
27373,27374,27398,2020-04-05 01:05:00,2020-04-05 01:10:00,2020-04-05 03:10:00,-1,24
27398,27399,27423,2020-04-05 03:10:00,2020-04-05 03:15:00,2020-04-05 05:15:00,-1,24
27439,27440,27464,2020-04-05 06:35:00,2020-04-05 06:40:00,2020-04-05 08:40:00,-1,24
27467,27468,27492,2020-04-05 08:55:00,2020-04-05 09:00:00,2020-04-05 11:00:00,-1,24
27513,27514,27538,2020-04-05 12:45:00,2020-04-05 12:50:00,2020-04-05 14:50:00,-1,24
27547,27548,27572,2020-04-05 15:35:00,2020-04-05 15:40:00,2020-04-05 17:40:00,1,24
27582,27583,27607,2020-04-05 18:30:00,2020-04-05 18:35:00,2020-04-05 20:35:00,-1,24
27616,27617,27641,2020-04-05 21:20:00,2020-04-05 21:25:00,2020-04-05 23:25:00,-1,24
27641,27642,27666,2020-04-05 23:25:00,2020-04-05 23:30:00,2020-04-06 01:30:00,-1,24
27673,27674,27698,2020-04-06 02:05:00,2020-04-06 02:10:00,2020-04-06 04:10:00,-1,24
27733,27734,27758,2020-04-06 07:05:00,2020-04-06 07:10:00,2020-04-06 09:10:00,-1,24
27797,27798,27822,2020-04-06 12:25:00,2020-04-06 12:30:00,2020-04-06 14:30:00,-1,24
27906,27907,27931,2020-04-06 21:30:00,2020-04-06 21:35:00,2020-04-06 23:35:00,-1,24
27971,27972,27996,2020-04-07 02:55:00,2020-04-07 03:00:00,2020-04-07 05:00:00,-1,24
28054,28055,28079,2020-04-07 09:50:00,2020-04-07 09:55:00,2020-04-07 11:55:00,-1,24
28184,28185,28209,2020-04-07 20:40:00,2020-04-07 20:45:00,2020-04-07 22:45:00,-1,24
28226,28227,28251,2020-04-08 00:10:00,2020-04-08 00:15:00,2020-04-08 02:15:00,-1,24
28251,28252,28276,2020-04-08 02:15:00,2020-04-08 02:20:00,2020-04-08 04:20:00,-1,24
28287,28288,28312,2020-04-08 05:15:00,2020-04-08 05:20:00,2020-04-08 07:20:00,-1,24
28325,28326,28350,2020-04-08 08:25:00,2020-04-08 08:30:00,2020-04-08 10:30:00,1,24
28366,28367,28391,2020-04-08 11:50:00,2020-04-08 11:55:00,2020-04-08 13:55:00,-1,24
28406,28407,28431,2020-04-08 15:10:00,2020-04-08 15:15:00,2020-04-08 17:15:00,-1,24
28493,28494,28518,2020-04-08 22:25:00,2020-04-08 22:30:00,2020-04-09 00:30:00,-1,24
28528,28529,28553,2020-04-09 01:20:00,2020-04-09 01:25:00,2020-04-09 03:25:00,-1,24
28565,28566,28590,2020-04-09 04:25:00,2020-04-09 04:30:00,2020-04-09 06:30:00,-1,24
28591,28592,28616,2020-04-09 06:35:00,2020-04-09 06:40:00,2020-04-09 08:40:00,-1,24
28706,28707,28731,2020-04-09 16:10:00,2020-04-09 16:15:00,2020-04-09 18:15:00,-1,24
28805,28806,28830,2020-04-10 00:25:00,2020-04-10 00:30:00,2020-04-10 02:30:00,-1,24
28924,28925,28949,2020-04-10 10:20:00,2020-04-10 10:25:00,2020-04-10 12:25:00,1,24
29046,29047,29071,2020-04-10 20:30:00,2020-04-10 20:35:00,2020-04-10 22:35:00,-1,24
29125,29126,29150,2020-04-11 03:05:00,2020-04-11 03:10:00,2020-04-11 05:10:00,-1,24
29164,29165,29189,2020-04-11 06:20:00,2020-04-11 06:25:00,2020-04-11 08:25:00,-1,24
29296,29297,29321,2020-04-11 17:20:00,2020-04-11 17:25:00,2020-04-11 19:25:00,-1,24
29338,29339,29363,2020-04-11 20:50:00,2020-04-11 20:55:00,2020-04-11 22:55:00,-1,24
29417,29418,29442,2020-04-12 03:25:00,2020-04-12 03:30:00,2020-04-12 05:30:00,-1,24
29453,29454,29478,2020-04-12 06:25:00,2020-04-12 06:30:00,2020-04-12 08:30:00,-1,24
29477,29478,29502,2020-04-12 08:25:00,2020-04-12 08:30:00,2020-04-12 10:30:00,-1,24
29506,29507,29531,2020-04-12 10:50:00,2020-04-12 10:55:00,2020-04-12 12:55:00,-1,24
29638,29639,29663,2020-04-12 21:50:00,2020-04-12 21:55:00,2020-04-12 23:55:00,1,24
29800,29801,29825,2020-04-13 11:20:00,2020-04-13 11:25:00,2020-04-13 13:25:00,1,24
29871,29872,29896,2020-04-13 17:15:00,2020-04-13 17:20:00,2020-04-13 19:20:00,-1,24
29923,29924,29948,2020-04-13 21:35:00,2020-04-13 21:40:00,2020-04-13 23:40:00,1,24
29954,29955,29979,2020-04-14 00:10:00,2020-04-14 00:15:00,2020-04-14 02:15:00,-1,24
29979,29980,30004,2020-04-14 02:15:00,2020-04-14 02:20:00,2020-04-14 04:20:00,-1,24
30026,30027,30051,2020-04-14 06:10:00,2020-04-14 06:15:00,2020-04-14 08:15:00,-1,24
30067,30068,30092,2020-04-14 09:35:00,2020-04-14 09:40:00,2020-04-14 11:40:00,-1,24
30180,30181,30205,2020-04-14 19:00:00,2020-04-14 19:05:00,2020-04-14 21:05:00,-1,24
30728,30729,30753,2020-04-16 16:40:00,2020-04-16 16:45:00,2020-04-16 18:45:00,-1,24
30760,30761,30785,2020-04-16 19:20:00,2020-04-16 19:25:00,2020-04-16 21:25:00,-1,24
30784,30785,30809,2020-04-16 21:20:00,2020-04-16 21:25:00,2020-04-16 23:25:00,-1,24
30826,30827,30851,2020-04-17 00:50:00,2020-04-17 00:55:00,2020-04-17 02:55:00,-1,24
30865,30866,30890,2020-04-17 04:05:00,2020-04-17 04:10:00,2020-04-17 06:10:00,1,24
30918,30919,30943,2020-04-17 08:30:00,2020-04-17 08:35:00,2020-04-17 10:35:00,-1,24
30976,30977,31001,2020-04-17 13:20:00,2020-04-17 13:25:00,2020-04-17 15:25:00,-1,24
31042,31043,31067,2020-04-17 18:50:00,2020-04-17 18:55:00,2020-04-17 20:55:00,-1,24
31119,31120,31144,2020-04-18 01:15:00,2020-04-18 01:20:00,2020-04-18 03:20:00,-1,24
31164,31165,31189,2020-04-18 05:00:00,2020-04-18 05:05:00,2020-04-18 07:05:00,1,24
31205,31206,31230,2020-04-18 08:25:00,2020-04-18 08:30:00,2020-04-18 10:30:00,-1,24
31239,31240,31264,2020-04-18 11:15:00,2020-04-18 11:20:00,2020-04-18 13:20:00,-1,24
31321,31322,31346,2020-04-18 18:05:00,2020-04-18 18:10:00,2020-04-18 20:10:00,1,24
31354,31355,31379,2020-04-18 20:50:00,2020-04-18 20:55:00,2020-04-18 22:55:00,-1,24
31403,31404,31428,2020-04-19 00:55:00,2020-04-19 01:00:00,2020-04-19 03:00:00,-1,24
31438,31439,31463,2020-04-19 03:50:00,2020-04-19 03:55:00,2020-04-19 05:55:00,-1,24
31533,31534,31558,2020-04-19 11:45:00,2020-04-19 11:50:00,2020-04-19 13:50:00,-1,24
31648,31649,31673,2020-04-19 21:20:00,2020-04-19 21:25:00,2020-04-19 23:25:00,-1,24
31718,31719,31743,2020-04-20 03:10:00,2020-04-20 03:15:00,2020-04-20 05:15:00,-1,24
31752,31753,31777,2020-04-20 06:00:00,2020-04-20 06:05:00,2020-04-20 08:05:00,-1,24
32049,32050,32074,2020-04-21 06:45:00,2020-04-21 06:50:00,2020-04-21 08:50:00,-1,24
32189,32190,32214,2020-04-21 18:25:00,2020-04-21 18:30:00,2020-04-21 20:30:00,-1,24
32220,32221,32245,2020-04-21 21:00:00,2020-04-21 21:05:00,2020-04-21 23:05:00,-1,24
32295,32296,32320,2020-04-22 03:15:00,2020-04-22 03:20:00,2020-04-22 05:20:00,-1,24
32474,32475,32499,2020-04-22 18:10:00,2020-04-22 18:15:00,2020-04-22 20:15:00,-1,24
32498,32499,32523,2020-04-22 20:10:00,2020-04-22 20:15:00,2020-04-22 22:15:00,-1,24
32529,32530,32554,2020-04-22 22:45:00,2020-04-22 22:50:00,2020-04-23 00:50:00,1,24
32593,32594,32618,2020-04-23 04:05:00,2020-04-23 04:10:00,2020-04-23 06:10:00,-1,24
32636,32637,32661,2020-04-23 07:40:00,2020-04-23 07:45:00,2020-04-23 09:45:00,-1,24
32798,32799,32823,2020-04-23 21:10:00,2020-04-23 21:15:00,2020-04-23 23:15:00,-1,24
32836,32837,32861,2020-04-24 00:20:00,2020-04-24 00:25:00,2020-04-24 02:25:00,-1,24
33041,33042,33066,2020-04-24 17:25:00,2020-04-24 17:30:00,2020-04-24 19:30:00,-1,24
33067,33068,33092,2020-04-24 19:35:00,2020-04-24 19:40:00,2020-04-24 21:40:00,-1,24
33108,33109,33133,2020-04-24 23:00:00,2020-04-24 23:05:00,2020-04-25 01:05:00,1,24
33157,33158,33182,2020-04-25 03:05:00,2020-04-25 03:10:00,2020-04-25 05:10:00,-1,24
33210,33211,33235,2020-04-25 07:30:00,2020-04-25 07:35:00,2020-04-25 09:35:00,-1,24
33245,33246,33270,2020-04-25 10:25:00,2020-04-25 10:30:00,2020-04-25 12:30:00,-1,24
33324,33325,33349,2020-04-25 17:00:00,2020-04-25 17:05:00,2020-04-25 19:05:00,-1,24
33354,33355,33379,2020-04-25 19:30:00,2020-04-25 19:35:00,2020-04-25 21:35:00,-1,24
33396,33397,33421,2020-04-25 23:00:00,2020-04-25 23:05:00,2020-04-26 01:05:00,-1,24
33420,33421,33445,2020-04-26 01:00:00,2020-04-26 01:05:00,2020-04-26 03:05:00,-1,24
33448,33449,33473,2020-04-26 03:20:00,2020-04-26 03:25:00,2020-04-26 05:25:00,-1,24
33478,33479,33503,2020-04-26 05:50:00,2020-04-26 05:55:00,2020-04-26 07:55:00,-1,24
33504,33505,33529,2020-04-26 08:00:00,2020-04-26 08:05:00,2020-04-26 10:05:00,-1,24
33664,33665,33689,2020-04-26 21:20:00,2020-04-26 21:25:00,2020-04-26 23:25:00,1,24
33719,33720,33744,2020-04-27 01:55:00,2020-04-27 02:00:00,2020-04-27 04:00:00,-1,24
33784,33785,33809,2020-04-27 07:20:00,2020-04-27 07:25:00,2020-04-27 09:25:00,1,24
33905,33906,33930,2020-04-27 17:25:00,2020-04-27 17:30:00,2020-04-27 19:30:00,-1,24
33942,33943,33967,2020-04-27 20:30:00,2020-04-27 20:35:00,2020-04-27 22:35:00,-1,24
33967,33968,33992,2020-04-27 22:35:00,2020-04-27 22:40:00,2020-04-28 00:40:00,-1,24
34041,34042,34066,2020-04-28 04:45:00,2020-04-28 04:50:00,2020-04-28 06:50:00,1,24
34074,34075,34099,2020-04-28 07:30:00,2020-04-28 07:35:00,2020-04-28 09:35:00,1,24
34122,34123,34147,2020-04-28 11:30:00,2020-04-28 11:35:00,2020-04-28 13:35:00,-1,24
34148,34149,34173,2020-04-28 13:40:00,2020-04-28 13:45:00,2020-04-28 15:45:00,-1,24
34183,34184,34208,2020-04-28 16:35:00,2020-04-28 16:40:00,2020-04-28 18:40:00,-1,24
34235,34236,34260,2020-04-28 20:55:00,2020-04-28 21:00:00,2020-04-28 23:00:00,-1,24
34275,34276,34300,2020-04-29 00:15:00,2020-04-29 00:20:00,2020-04-29 02:20:00,-1,24
34315,34316,34340,2020-04-29 03:35:00,2020-04-29 03:40:00,2020-04-29 05:40:00,-1,24
34343,34344,34368,2020-04-29 05:55:00,2020-04-29 06:00:00,2020-04-29 08:00:00,-1,24
34378,34379,34403,2020-04-29 08:50:00,2020-04-29 08:55:00,2020-04-29 10:55:00,-1,24
34493,34494,34518,2020-04-29 18:25:00,2020-04-29 18:30:00,2020-04-29 20:30:00,1,24
34517,34518,34542,2020-04-29 20:25:00,2020-04-29 20:30:00,2020-04-29 22:30:00,-1,24
34549,34550,34574,2020-04-29 23:05:00,2020-04-29 23:10:00,2020-04-30 01:10:00,1,24
34580,34581,34605,2020-04-30 01:40:00,2020-04-30 01:45:00,2020-04-30 03:45:00,1,24
34814,34815,34839,2020-04-30 21:10:00,2020-04-30 21:15:00,2020-04-30 23:15:00,1,24
34937,34938,34962,2020-05-01 07:25:00,2020-05-01 07:30:00,2020-05-01 09:30:00,1,24
35053,35054,35078,2020-05-01 17:05:00,2020-05-01 17:10:00,2020-05-01 19:10:00,1,24
35106,35107,35131,2020-05-01 21:30:00,2020-05-01 21:35:00,2020-05-01 23:35:00,1,24
35188,35189,35213,2020-05-02 04:20:00,2020-05-02 04:25:00,2020-05-02 06:25:00,1,24
35212,35213,35237,2020-05-02 06:20:00,2020-05-02 06:25:00,2020-05-02 08:25:00,1,24
35237,35238,35262,2020-05-02 08:25:00,2020-05-02 08:30:00,2020-05-02 10:30:00,1,24
35266,35267,35291,2020-05-02 10:50:00,2020-05-02 10:55:00,2020-05-02 12:55:00,1,24
35350,35351,35375,2020-05-02 17:50:00,2020-05-02 17:55:00,2020-05-02 19:55:00,1,24
35428,35429,35453,2020-05-03 00:20:00,2020-05-03 00:25:00,2020-05-03 02:25:00,1,24
35480,35481,35505,2020-05-03 04:40:00,2020-05-03 04:45:00,2020-05-03 06:45:00,1,24
35562,35563,35587,2020-05-03 11:30:00,2020-05-03 11:35:00,2020-05-03 13:35:00,1,24
35588,35589,35613,2020-05-03 13:40:00,2020-05-03 13:45:00,2020-05-03 15:45:00,1,24
35650,35651,35675,2020-05-03 18:50:00,2020-05-03 18:55:00,2020-05-03 20:55:00,1,24
35678,35679,35703,2020-05-03 21:10:00,2020-05-03 21:15:00,2020-05-03 23:15:00,1,24
35702,35703,35727,2020-05-03 23:10:00,2020-05-03 23:15:00,2020-05-04 01:15:00,-1,24
35793,35794,35818,2020-05-04 06:45:00,2020-05-04 06:50:00,2020-05-04 08:50:00,1,24
35894,35895,35919,2020-05-04 15:10:00,2020-05-04 15:15:00,2020-05-04 17:15:00,1,24
35991,35992,36016,2020-05-04 23:15:00,2020-05-04 23:20:00,2020-05-05 01:20:00,1,24
36016,36017,36041,2020-05-05 01:20:00,2020-05-05 01:25:00,2020-05-05 03:25:00,1,24
36040,36041,36065,2020-05-05 03:20:00,2020-05-05 03:25:00,2020-05-05 05:25:00,1,24
36197,36198,36222,2020-05-05 16:25:00,2020-05-05 16:30:00,2020-05-05 18:30:00,-1,24
36228,36229,36253,2020-05-05 19:00:00,2020-05-05 19:05:00,2020-05-05 21:05:00,1,24
36263,36264,36288,2020-05-05 21:55:00,2020-05-05 22:00:00,2020-05-06 00:00:00,1,24
36292,36293,36317,2020-05-06 00:20:00,2020-05-06 00:25:00,2020-05-06 02:25:00,1,24
36320,36321,36345,2020-05-06 02:40:00,2020-05-06 02:45:00,2020-05-06 04:45:00,1,24
36349,36350,36374,2020-05-06 05:05:00,2020-05-06 05:10:00,2020-05-06 07:10:00,1,24
36393,36394,36418,2020-05-06 08:45:00,2020-05-06 08:50:00,2020-05-06 10:50:00,-1,24
36447,36448,36472,2020-05-06 13:15:00,2020-05-06 13:20:00,2020-05-06 15:20:00,1,24
36477,36478,36502,2020-05-06 15:45:00,2020-05-06 15:50:00,2020-05-06 17:50:00,-1,24
36544,36545,36569,2020-05-06 21:20:00,2020-05-06 21:25:00,2020-05-06 23:25:00,-1,24
36604,36605,36629,2020-05-07 02:20:00,2020-05-07 02:25:00,2020-05-07 04:25:00,1,24
36655,36656,36680,2020-05-07 06:35:00,2020-05-07 06:40:00,2020-05-07 08:40:00,1,24
36705,36706,36730,2020-05-07 10:45:00,2020-05-07 10:50:00,2020-05-07 12:50:00,1,24
36819,36820,36844,2020-05-07 20:15:00,2020-05-07 20:20:00,2020-05-07 22:20:00,1,24
36873,36874,36898,2020-05-08 00:45:00,2020-05-08 00:50:00,2020-05-08 02:50:00,1,24
36974,36975,36999,2020-05-08 09:10:00,2020-05-08 09:15:00,2020-05-08 11:15:00,-1,24
37006,37007,37031,2020-05-08 11:50:00,2020-05-08 11:55:00,2020-05-08 13:55:00,1,24
37031,37032,37056,2020-05-08 13:55:00,2020-05-08 14:00:00,2020-05-08 16:00:00,-1,24
37084,37085,37109,2020-05-08 18:20:00,2020-05-08 18:25:00,2020-05-08 20:25:00,-1,24
37113,37114,37138,2020-05-08 20:45:00,2020-05-08 20:50:00,2020-05-08 22:50:00,-1,24
37183,37184,37208,2020-05-09 02:35:00,2020-05-09 02:40:00,2020-05-09 04:40:00,1,24
37213,37214,37238,2020-05-09 05:05:00,2020-05-09 05:10:00,2020-05-09 07:10:00,1,24
37255,37256,37280,2020-05-09 08:35:00,2020-05-09 08:40:00,2020-05-09 10:40:00,-1,24
37299,37300,37324,2020-05-09 12:15:00,2020-05-09 12:20:00,2020-05-09 14:20:00,1,24
37334,37335,37359,2020-05-09 15:10:00,2020-05-09 15:15:00,2020-05-09 17:15:00,-1,24
37377,37378,37402,2020-05-09 18:45:00,2020-05-09 18:50:00,2020-05-09 20:50:00,1,24
37411,37412,37436,2020-05-09 21:35:00,2020-05-09 21:40:00,2020-05-09 23:40:00,1,24
37505,37506,37530,2020-05-10 05:25:00,2020-05-10 05:30:00,2020-05-10 07:30:00,-1,24
37585,37586,37610,2020-05-10 12:05:00,2020-05-10 12:10:00,2020-05-10 14:10:00,1,24
37610,37611,37635,2020-05-10 14:10:00,2020-05-10 14:15:00,2020-05-10 16:15:00,-1,24
37653,37654,37678,2020-05-10 17:45:00,2020-05-10 17:50:00,2020-05-10 19:50:00,1,24
37678,37679,37703,2020-05-10 19:50:00,2020-05-10 19:55:00,2020-05-10 21:55:00,-1,24
37711,37712,37736,2020-05-10 22:35:00,2020-05-10 22:40:00,2020-05-11 00:40:00,-1,24
37735,37736,37760,2020-05-11 00:35:00,2020-05-11 00:40:00,2020-05-11 02:40:00,-1,24
37760,37761,37785,2020-05-11 02:40:00,2020-05-11 02:45:00,2020-05-11 04:45:00,-1,24
37784,37785,37809,2020-05-11 04:40:00,2020-05-11 04:45:00,2020-05-11 06:45:00,-1,24
37808,37809,37833,2020-05-11 06:40:00,2020-05-11 06:45:00,2020-05-11 08:45:00,-1,24
37898,37899,37923,2020-05-11 14:10:00,2020-05-11 14:15:00,2020-05-11 16:15:00,-1,24
37978,37979,38003,2020-05-11 20:50:00,2020-05-11 20:55:00,2020-05-11 22:55:00,-1,24
38008,38009,38033,2020-05-11 23:20:00,2020-05-11 23:25:00,2020-05-12 01:25:00,-1,24
38033,38034,38058,2020-05-12 01:25:00,2020-05-12 01:30:00,2020-05-12 03:30:00,-1,24
38075,38076,38100,2020-05-12 04:55:00,2020-05-12 05:00:00,2020-05-12 07:00:00,-1,24
38107,38108,38132,2020-05-12 07:35:00,2020-05-12 07:40:00,2020-05-12 09:40:00,-1,24
38134,38135,38159,2020-05-12 09:50:00,2020-05-12 09:55:00,2020-05-12 11:55:00,-1,24
38170,38171,38195,2020-05-12 12:50:00,2020-05-12 12:55:00,2020-05-12 14:55:00,-1,24
38194,38195,38219,2020-05-12 14:50:00,2020-05-12 14:55:00,2020-05-12 16:55:00,-1,24
38233,38234,38258,2020-05-12 18:05:00,2020-05-12 18:10:00,2020-05-12 20:10:00,-1,24
38262,38263,38287,2020-05-12 20:30:00,2020-05-12 20:35:00,2020-05-12 22:35:00,1,24
38287,38288,38312,2020-05-12 22:35:00,2020-05-12 22:40:00,2020-05-13 00:40:00,-1,24
38315,38316,38340,2020-05-13 00:55:00,2020-05-13 01:00:00,2020-05-13 03:00:00,-1,24
38345,38346,38370,2020-05-13 03:25:00,2020-05-13 03:30:00,2020-05-13 05:30:00,1,24
38370,38371,38395,2020-05-13 05:30:00,2020-05-13 05:35:00,2020-05-13 07:35:00,-1,24
38395,38396,38420,2020-05-13 07:35:00,2020-05-13 07:40:00,2020-05-13 09:40:00,-1,24
38419,38420,38444,2020-05-13 09:35:00,2020-05-13 09:40:00,2020-05-13 11:40:00,-1,24
38450,38451,38475,2020-05-13 12:10:00,2020-05-13 12:15:00,2020-05-13 14:15:00,-1,24
38504,38505,38529,2020-05-13 16:40:00,2020-05-13 16:45:00,2020-05-13 18:45:00,-1,24
38531,38532,38556,2020-05-13 18:55:00,2020-05-13 19:00:00,2020-05-13 21:00:00,-1,24
38573,38574,38598,2020-05-13 22:25:00,2020-05-13 22:30:00,2020-05-14 00:30:00,-1,24
38602,38603,38627,2020-05-14 00:50:00,2020-05-14 00:55:00,2020-05-14 02:55:00,-1,24
38631,38632,38656,2020-05-14 03:15:00,2020-05-14 03:20:00,2020-05-14 05:20:00,1,24
38658,38659,38683,2020-05-14 05:30:00,2020-05-14 05:35:00,2020-05-14 07:35:00,-1,24
38746,38747,38771,2020-05-14 12:50:00,2020-05-14 12:55:00,2020-05-14 14:55:00,1,24
38773,38774,38798,2020-05-14 15:05:00,2020-05-14 15:10:00,2020-05-14 17:10:00,1,24
38814,38815,38839,2020-05-14 18:30:00,2020-05-14 18:35:00,2020-05-14 20:35:00,-1,24
38846,38847,38871,2020-05-14 21:10:00,2020-05-14 21:15:00,2020-05-14 23:15:00,-1,24
38886,38887,38911,2020-05-15 00:30:00,2020-05-15 00:35:00,2020-05-15 02:35:00,-1,24
38917,38918,38942,2020-05-15 03:05:00,2020-05-15 03:10:00,2020-05-15 05:10:00,1,24
38952,38953,38977,2020-05-15 06:00:00,2020-05-15 06:05:00,2020-05-15 08:05:00,-1,24
38984,38985,39009,2020-05-15 08:40:00,2020-05-15 08:45:00,2020-05-15 10:45:00,-1,24
39008,39009,39033,2020-05-15 10:40:00,2020-05-15 10:45:00,2020-05-15 12:45:00,1,24
39065,39066,39090,2020-05-15 15:25:00,2020-05-15 15:30:00,2020-05-15 17:30:00,-1,24
39093,39094,39118,2020-05-15 17:45:00,2020-05-15 17:50:00,2020-05-15 19:50:00,1,24
39124,39125,39149,2020-05-15 20:20:00,2020-05-15 20:25:00,2020-05-15 22:25:00,1,24
39177,39178,39202,2020-05-16 00:45:00,2020-05-16 00:50:00,2020-05-16 02:50:00,-1,24
39204,39205,39229,2020-05-16 03:00:00,2020-05-16 03:05:00,2020-05-16 05:05:00,-1,24
39229,39230,39254,2020-05-16 05:05:00,2020-05-16 05:10:00,2020-05-16 07:10:00,-1,24
39253,39254,39278,2020-05-16 07:05:00,2020-05-16 07:10:00,2020-05-16 09:10:00,-1,24
39289,39290,39314,2020-05-16 10:05:00,2020-05-16 10:10:00,2020-05-16 12:10:00,-1,24
39318,39319,39343,2020-05-16 12:30:00,2020-05-16 12:35:00,2020-05-16 14:35:00,1,24
39342,39343,39367,2020-05-16 14:30:00,2020-05-16 14:35:00,2020-05-16 16:35:00,-1,24
39374,39375,39399,2020-05-16 17:10:00,2020-05-16 17:15:00,2020-05-16 19:15:00,-1,24
39400,39401,39425,2020-05-16 19:20:00,2020-05-16 19:25:00,2020-05-16 21:25:00,-1,24
39427,39428,39452,2020-05-16 21:35:00,2020-05-16 21:40:00,2020-05-16 23:40:00,1,24
39454,39455,39479,2020-05-16 23:50:00,2020-05-16 23:55:00,2020-05-17 01:55:00,-1,24
39479,39480,39504,2020-05-17 01:55:00,2020-05-17 02:00:00,2020-05-17 04:00:00,-1,24
39503,39504,39528,2020-05-17 03:55:00,2020-05-17 04:00:00,2020-05-17 06:00:00,-1,24
39527,39528,39552,2020-05-17 05:55:00,2020-05-17 06:00:00,2020-05-17 08:00:00,-1,24
39567,39568,39592,2020-05-17 09:15:00,2020-05-17 09:20:00,2020-05-17 11:20:00,-1,24
39595,39596,39620,2020-05-17 11:35:00,2020-05-17 11:40:00,2020-05-17 13:40:00,-1,24
39631,39632,39656,2020-05-17 14:35:00,2020-05-17 14:40:00,2020-05-17 16:40:00,-1,24
39664,39665,39689,2020-05-17 17:20:00,2020-05-17 17:25:00,2020-05-17 19:25:00,-1,24
39690,39691,39715,2020-05-17 19:30:00,2020-05-17 19:35:00,2020-05-17 21:35:00,-1,24
39716,39717,39741,2020-05-17 21:40:00,2020-05-17 21:45:00,2020-05-17 23:45:00,-1,24
39740,39741,39765,2020-05-17 23:40:00,2020-05-17 23:45:00,2020-05-18 01:45:00,-1,24
39781,39782,39806,2020-05-18 03:05:00,2020-05-18 03:10:00,2020-05-18 05:10:00,-1,24
39806,39807,39831,2020-05-18 05:10:00,2020-05-18 05:15:00,2020-05-18 07:15:00,-1,24
39832,39833,39857,2020-05-18 07:20:00,2020-05-18 07:25:00,2020-05-18 09:25:00,-1,24
39874,39875,39899,2020-05-18 10:50:00,2020-05-18 10:55:00,2020-05-18 12:55:00,-1,24
39904,39905,39929,2020-05-18 13:20:00,2020-05-18 13:25:00,2020-05-18 15:25:00,-1,24
39934,39935,39959,2020-05-18 15:50:00,2020-05-18 15:55:00,2020-05-18 17:55:00,-1,24
39958,39959,39983,2020-05-18 17:50:00,2020-05-18 17:55:00,2020-05-18 19:55:00,-1,24
39986,39987,40011,2020-05-18 20:10:00,2020-05-18 20:15:00,2020-05-18 22:15:00,-1,24
40016,40017,40041,2020-05-18 22:40:00,2020-05-18 22:45:00,2020-05-19 00:45:00,-1,24
40041,40042,40066,2020-05-19 00:45:00,2020-05-19 00:50:00,2020-05-19 02:50:00,-1,24
40070,40071,40095,2020-05-19 03:10:00,2020-05-19 03:15:00,2020-05-19 05:15:00,-1,24
40099,40100,40124,2020-05-19 05:35:00,2020-05-19 05:40:00,2020-05-19 07:40:00,-1,24
40138,40139,40163,2020-05-19 08:50:00,2020-05-19 08:55:00,2020-05-19 10:55:00,1,24
40195,40196,40220,2020-05-19 13:35:00,2020-05-19 13:40:00,2020-05-19 15:40:00,-1,24
40233,40234,40258,2020-05-19 16:45:00,2020-05-19 16:50:00,2020-05-19 18:50:00,-1,24
40262,40263,40287,2020-05-19 19:10:00,2020-05-19 19:15:00,2020-05-19 21:15:00,-1,24
40286,40287,40311,2020-05-19 21:10:00,2020-05-19 21:15:00,2020-05-19 23:15:00,-1,24
40312,40313,40337,2020-05-19 23:20:00,2020-05-19 23:25:00,2020-05-20 01:25:00,-1,24
40341,40342,40366,2020-05-20 01:45:00,2020-05-20 01:50:00,2020-05-20 03:50:00,-1,24
40365,40366,40390,2020-05-20 03:45:00,2020-05-20 03:50:00,2020-05-20 05:50:00,-1,24
40406,40407,40431,2020-05-20 07:10:00,2020-05-20 07:15:00,2020-05-20 09:15:00,-1,24
40436,40437,40461,2020-05-20 09:40:00,2020-05-20 09:45:00,2020-05-20 11:45:00,-1,24
40468,40469,40493,2020-05-20 12:20:00,2020-05-20 12:25:00,2020-05-20 14:25:00,-1,24
40493,40494,40518,2020-05-20 14:25:00,2020-05-20 14:30:00,2020-05-20 16:30:00,-1,24
40526,40527,40551,2020-05-20 17:10:00,2020-05-20 17:15:00,2020-05-20 19:15:00,-1,24
40551,40552,40576,2020-05-20 19:15:00,2020-05-20 19:20:00,2020-05-20 21:20:00,-1,24
40575,40576,40600,2020-05-20 21:15:00,2020-05-20 21:20:00,2020-05-20 23:20:00,-1,24
40604,40605,40629,2020-05-20 23:40:00,2020-05-20 23:45:00,2020-05-21 01:45:00,-1,24
40628,40629,40653,2020-05-21 01:40:00,2020-05-21 01:45:00,2020-05-21 03:45:00,-1,24
40660,40661,40685,2020-05-21 04:20:00,2020-05-21 04:25:00,2020-05-21 06:25:00,-1,24
40686,40687,40711,2020-05-21 06:30:00,2020-05-21 06:35:00,2020-05-21 08:35:00,-1,24
40714,40715,40739,2020-05-21 08:50:00,2020-05-21 08:55:00,2020-05-21 10:55:00,-1,24
40771,40772,40796,2020-05-21 13:35:00,2020-05-21 13:40:00,2020-05-21 15:40:00,-1,24
40802,40803,40827,2020-05-21 16:10:00,2020-05-21 16:15:00,2020-05-21 18:15:00,1,24
40829,40830,40854,2020-05-21 18:25:00,2020-05-21 18:30:00,2020-05-21 20:30:00,-1,24
40860,40861,40885,2020-05-21 21:00:00,2020-05-21 21:05:00,2020-05-21 23:05:00,-1,24
40894,40895,40919,2020-05-21 23:50:00,2020-05-21 23:55:00,2020-05-22 01:55:00,-1,24
40918,40919,40943,2020-05-22 01:50:00,2020-05-22 01:55:00,2020-05-22 03:55:00,-1,24
40945,40946,40970,2020-05-22 04:05:00,2020-05-22 04:10:00,2020-05-22 06:10:00,-1,24
40970,40971,40995,2020-05-22 06:10:00,2020-05-22 06:15:00,2020-05-22 08:15:00,-1,24
40997,40998,41022,2020-05-22 08:25:00,2020-05-22 08:30:00,2020-05-22 10:30:00,-1,24
41027,41028,41052,2020-05-22 10:55:00,2020-05-22 11:00:00,2020-05-22 13:00:00,-1,24
41062,41063,41087,2020-05-22 13:50:00,2020-05-22 13:55:00,2020-05-22 15:55:00,-1,24
41093,41094,41118,2020-05-22 16:25:00,2020-05-22 16:30:00,2020-05-22 18:30:00,-1,24
41118,41119,41143,2020-05-22 18:30:00,2020-05-22 18:35:00,2020-05-22 20:35:00,-1,24
41146,41147,41171,2020-05-22 20:50:00,2020-05-22 20:55:00,2020-05-22 22:55:00,-1,24
41171,41172,41196,2020-05-22 22:55:00,2020-05-22 23:00:00,2020-05-23 01:00:00,-1,24
41202,41203,41227,2020-05-23 01:30:00,2020-05-23 01:35:00,2020-05-23 03:35:00,-1,24
41232,41233,41257,2020-05-23 04:00:00,2020-05-23 04:05:00,2020-05-23 06:05:00,-1,24
41260,41261,41285,2020-05-23 06:20:00,2020-05-23 06:25:00,2020-05-23 08:25:00,-1,24
41290,41291,41315,2020-05-23 08:50:00,2020-05-23 08:55:00,2020-05-23 10:55:00,1,24
41319,41320,41344,2020-05-23 11:15:00,2020-05-23 11:20:00,2020-05-23 13:20:00,-1,24
41345,41346,41370,2020-05-23 13:25:00,2020-05-23 13:30:00,2020-05-23 15:30:00,-1,24
41386,41387,41411,2020-05-23 16:50:00,2020-05-23 16:55:00,2020-05-23 18:55:00,-1,24
41413,41414,41438,2020-05-23 19:05:00,2020-05-23 19:10:00,2020-05-23 21:10:00,-1,24
41438,41439,41463,2020-05-23 21:10:00,2020-05-23 21:15:00,2020-05-23 23:15:00,1,24
41462,41463,41487,2020-05-23 23:10:00,2020-05-23 23:15:00,2020-05-24 01:15:00,-1,24
41487,41488,41512,2020-05-24 01:15:00,2020-05-24 01:20:00,2020-05-24 03:20:00,-1,24
41515,41516,41540,2020-05-24 03:35:00,2020-05-24 03:40:00,2020-05-24 05:40:00,-1,24
41541,41542,41566,2020-05-24 05:45:00,2020-05-24 05:50:00,2020-05-24 07:50:00,-1,24
41569,41570,41594,2020-05-24 08:05:00,2020-05-24 08:10:00,2020-05-24 10:10:00,-1,24
41595,41596,41620,2020-05-24 10:15:00,2020-05-24 10:20:00,2020-05-24 12:20:00,-1,24
41624,41625,41649,2020-05-24 12:40:00,2020-05-24 12:45:00,2020-05-24 14:45:00,-1,24
41678,41679,41703,2020-05-24 17:10:00,2020-05-24 17:15:00,2020-05-24 19:15:00,-1,24
41721,41722,41746,2020-05-24 20:45:00,2020-05-24 20:50:00,2020-05-24 22:50:00,-1,24
41746,41747,41771,2020-05-24 22:50:00,2020-05-24 22:55:00,2020-05-25 00:55:00,-1,24
41770,41771,41795,2020-05-25 00:50:00,2020-05-25 00:55:00,2020-05-25 02:55:00,-1,24
41794,41795,41819,2020-05-25 02:50:00,2020-05-25 02:55:00,2020-05-25 04:55:00,-1,24
41818,41819,41843,2020-05-25 04:50:00,2020-05-25 04:55:00,2020-05-25 06:55:00,-1,24
41862,41863,41887,2020-05-25 08:30:00,2020-05-25 08:35:00,2020-05-25 10:35:00,-1,24
41907,41908,41932,2020-05-25 12:15:00,2020-05-25 12:20:00,2020-05-25 14:20:00,-1,24
41933,41934,41958,2020-05-25 14:25:00,2020-05-25 14:30:00,2020-05-25 16:30:00,-1,24
41963,41964,41988,2020-05-25 16:55:00,2020-05-25 17:00:00,2020-05-25 19:00:00,-1,24
41992,41993,42017,2020-05-25 19:20:00,2020-05-25 19:25:00,2020-05-25 21:25:00,1,24
42016,42017,42041,2020-05-25 21:20:00,2020-05-25 21:25:00,2020-05-25 23:25:00,-1,24
42040,42041,42065,2020-05-25 23:20:00,2020-05-25 23:25:00,2020-05-26 01:25:00,1,24
42066,42067,42091,2020-05-26 01:30:00,2020-05-26 01:35:00,2020-05-26 03:35:00,-1,24
42094,42095,42119,2020-05-26 03:50:00,2020-05-26 03:55:00,2020-05-26 05:55:00,-1,24
42136,42137,42161,2020-05-26 07:20:00,2020-05-26 07:25:00,2020-05-26 09:25:00,-1,24
42170,42171,42195,2020-05-26 10:10:00,2020-05-26 10:15:00,2020-05-26 12:15:00,-1,24
42215,42216,42240,2020-05-26 13:55:00,2020-05-26 14:00:00,2020-05-26 16:00:00,-1,24
42252,42253,42277,2020-05-26 17:00:00,2020-05-26 17:05:00,2020-05-26 19:05:00,-1,24
42282,42283,42307,2020-05-26 19:30:00,2020-05-26 19:35:00,2020-05-26 21:35:00,-1,24
42311,42312,42336,2020-05-26 21:55:00,2020-05-26 22:00:00,2020-05-27 00:00:00,1,24
42338,42339,42363,2020-05-27 00:10:00,2020-05-27 00:15:00,2020-05-27 02:15:00,-1,24
42363,42364,42388,2020-05-27 02:15:00,2020-05-27 02:20:00,2020-05-27 04:20:00,-1,24
42390,42391,42415,2020-05-27 04:30:00,2020-05-27 04:35:00,2020-05-27 06:35:00,1,24
42420,42421,42445,2020-05-27 07:00:00,2020-05-27 07:05:00,2020-05-27 09:05:00,1,24
42457,42458,42482,2020-05-27 10:05:00,2020-05-27 10:10:00,2020-05-27 12:10:00,-1,24
42493,42494,42518,2020-05-27 13:05:00,2020-05-27 13:10:00,2020-05-27 15:10:00,-1,24
42523,42524,42548,2020-05-27 15:35:00,2020-05-27 15:40:00,2020-05-27 17:40:00,1,24
42547,42548,42572,2020-05-27 17:35:00,2020-05-27 17:40:00,2020-05-27 19:40:00,-1,24
42571,42572,42596,2020-05-27 19:35:00,2020-05-27 19:40:00,2020-05-27 21:40:00,1,24
42605,42606,42630,2020-05-27 22:25:00,2020-05-27 22:30:00,2020-05-28 00:30:00,-1,24
42629,42630,42654,2020-05-28 00:25:00,2020-05-28 00:30:00,2020-05-28 02:30:00,-1,24
42653,42654,42678,2020-05-28 02:25:00,2020-05-28 02:30:00,2020-05-28 04:30:00,-1,24
42681,42682,42706,2020-05-28 04:45:00,2020-05-28 04:50:00,2020-05-28 06:50:00,-1,24
42728,42729,42753,2020-05-28 08:40:00,2020-05-28 08:45:00,2020-05-28 10:45:00,-1,24
42823,42824,42848,2020-05-28 16:35:00,2020-05-28 16:40:00,2020-05-28 18:40:00,-1,24
42850,42851,42875,2020-05-28 18:50:00,2020-05-28 18:55:00,2020-05-28 20:55:00,-1,24
42878,42879,42903,2020-05-28 21:10:00,2020-05-28 21:15:00,2020-05-28 23:15:00,-1,24
42911,42912,42936,2020-05-28 23:55:00,2020-05-29 00:00:00,2020-05-29 02:00:00,-1,24
42940,42941,42965,2020-05-29 02:20:00,2020-05-29 02:25:00,2020-05-29 04:25:00,-1,24
42976,42977,43001,2020-05-29 05:20:00,2020-05-29 05:25:00,2020-05-29 07:25:00,-1,24
43000,43001,43025,2020-05-29 07:20:00,2020-05-29 07:25:00,2020-05-29 09:25:00,-1,24
43025,43026,43050,2020-05-29 09:25:00,2020-05-29 09:30:00,2020-05-29 11:30:00,-1,24
43054,43055,43079,2020-05-29 11:50:00,2020-05-29 11:55:00,2020-05-29 13:55:00,-1,24
43085,43086,43110,2020-05-29 14:25:00,2020-05-29 14:30:00,2020-05-29 16:30:00,-1,24
43116,43117,43141,2020-05-29 17:00:00,2020-05-29 17:05:00,2020-05-29 19:05:00,-1,24
43140,43141,43165,2020-05-29 19:00:00,2020-05-29 19:05:00,2020-05-29 21:05:00,-1,24
43168,43169,43193,2020-05-29 21:20:00,2020-05-29 21:25:00,2020-05-29 23:25:00,1,24
43197,43198,43222,2020-05-29 23:45:00,2020-05-29 23:50:00,2020-05-30 01:50:00,1,24
43231,43232,43256,2020-05-30 02:35:00,2020-05-30 02:40:00,2020-05-30 04:40:00,-1,24
43264,43265,43289,2020-05-30 05:20:00,2020-05-30 05:25:00,2020-05-30 07:25:00,-1,24
43292,43293,43317,2020-05-30 07:40:00,2020-05-30 07:45:00,2020-05-30 09:45:00,-1,24
43316,43317,43341,2020-05-30 09:40:00,2020-05-30 09:45:00,2020-05-30 11:45:00,-1,24
43341,43342,43366,2020-05-30 11:45:00,2020-05-30 11:50:00,2020-05-30 13:50:00,-1,24
43396,43397,43421,2020-05-30 16:20:00,2020-05-30 16:25:00,2020-05-30 18:25:00,-1,24
43422,43423,43447,2020-05-30 18:30:00,2020-05-30 18:35:00,2020-05-30 20:35:00,-1,24
43453,43454,43478,2020-05-30 21:05:00,2020-05-30 21:10:00,2020-05-30 23:10:00,-1,24
43502,43503,43527,2020-05-31 01:10:00,2020-05-31 01:15:00,2020-05-31 03:15:00,-1,24
43545,43546,43570,2020-05-31 04:45:00,2020-05-31 04:50:00,2020-05-31 06:50:00,1,24
43575,43576,43600,2020-05-31 07:15:00,2020-05-31 07:20:00,2020-05-31 09:20:00,-1,24
43614,43615,43639,2020-05-31 10:30:00,2020-05-31 10:35:00,2020-05-31 12:35:00,-1,24
43643,43644,43668,2020-05-31 12:55:00,2020-05-31 13:00:00,2020-05-31 15:00:00,1,24
43677,43678,43702,2020-05-31 15:45:00,2020-05-31 15:50:00,2020-05-31 17:50:00,1,24
43705,43706,43730,2020-05-31 18:05:00,2020-05-31 18:10:00,2020-05-31 20:10:00,-1,24
43735,43736,43760,2020-05-31 20:35:00,2020-05-31 20:40:00,2020-05-31 22:40:00,-1,24
43768,43769,43793,2020-05-31 23:20:00,2020-05-31 23:25:00,2020-06-01 01:25:00,-1,24
43813,43814,43838,2020-06-01 03:05:00,2020-06-01 03:10:00,2020-06-01 05:10:00,-1,24
43851,43852,43876,2020-06-01 06:15:00,2020-06-01 06:20:00,2020-06-01 08:20:00,-1,24
43902,43903,43927,2020-06-01 10:30:00,2020-06-01 10:35:00,2020-06-01 12:35:00,-1,24
43937,43938,43962,2020-06-01 13:25:00,2020-06-01 13:30:00,2020-06-01 15:30:00,-1,24
43966,43967,43991,2020-06-01 15:50:00,2020-06-01 15:55:00,2020-06-01 17:55:00,-1,24
44000,44001,44025,2020-06-01 18:40:00,2020-06-01 18:45:00,2020-06-01 20:45:00,-1,24
44063,44064,44088,2020-06-01 23:55:00,2020-06-02 00:00:00,2020-06-02 02:00:00,1,24
44116,44117,44141,2020-06-02 04:20:00,2020-06-02 04:25:00,2020-06-02 06:25:00,1,24
44152,44153,44177,2020-06-02 07:20:00,2020-06-02 07:25:00,2020-06-02 09:25:00,-1,24
44193,44194,44218,2020-06-02 10:45:00,2020-06-02 10:50:00,2020-06-02 12:50:00,-1,24
44218,44219,44243,2020-06-02 12:50:00,2020-06-02 12:55:00,2020-06-02 14:55:00,-1,24
44283,44284,44308,2020-06-02 18:15:00,2020-06-02 18:20:00,2020-06-02 20:20:00,-1,24
44311,44312,44336,2020-06-02 20:35:00,2020-06-02 20:40:00,2020-06-02 22:40:00,-1,24
44336,44337,44361,2020-06-02 22:40:00,2020-06-02 22:45:00,2020-06-03 00:45:00,-1,24
44367,44368,44392,2020-06-03 01:15:00,2020-06-03 01:20:00,2020-06-03 03:20:00,-1,24
44392,44393,44417,2020-06-03 03:20:00,2020-06-03 03:25:00,2020-06-03 05:25:00,-1,24
44464,44465,44489,2020-06-03 09:20:00,2020-06-03 09:25:00,2020-06-03 11:25:00,-1,24
44508,44509,44533,2020-06-03 13:00:00,2020-06-03 13:05:00,2020-06-03 15:05:00,-1,24
44546,44547,44571,2020-06-03 16:10:00,2020-06-03 16:15:00,2020-06-03 18:15:00,-1,24
44591,44592,44616,2020-06-03 19:55:00,2020-06-03 20:00:00,2020-06-03 22:00:00,1,24
44615,44616,44640,2020-06-03 21:55:00,2020-06-03 22:00:00,2020-06-04 00:00:00,1,24
44645,44646,44670,2020-06-04 00:25:00,2020-06-04 00:30:00,2020-06-04 02:30:00,-1,24
44669,44670,44694,2020-06-04 02:25:00,2020-06-04 02:30:00,2020-06-04 04:30:00,-1,24
44694,44695,44719,2020-06-04 04:30:00,2020-06-04 04:35:00,2020-06-04 06:35:00,-1,24
44722,44723,44747,2020-06-04 06:50:00,2020-06-04 06:55:00,2020-06-04 08:55:00,-1,24
44759,44760,44784,2020-06-04 09:55:00,2020-06-04 10:00:00,2020-06-04 12:00:00,-1,24
44854,44855,44879,2020-06-04 17:50:00,2020-06-04 17:55:00,2020-06-04 19:55:00,-1,24
44878,44879,44903,2020-06-04 19:50:00,2020-06-04 19:55:00,2020-06-04 21:55:00,1,24
44916,44917,44941,2020-06-04 23:00:00,2020-06-04 23:05:00,2020-06-05 01:05:00,-1,24
44960,44961,44985,2020-06-05 02:40:00,2020-06-05 02:45:00,2020-06-05 04:45:00,1,24
44985,44986,45010,2020-06-05 04:45:00,2020-06-05 04:50:00,2020-06-05 06:50:00,1,24
45011,45012,45036,2020-06-05 06:55:00,2020-06-05 07:00:00,2020-06-05 09:00:00,-1,24
45069,45070,45094,2020-06-05 11:45:00,2020-06-05 11:50:00,2020-06-05 13:50:00,1,24
45095,45096,45120,2020-06-05 13:55:00,2020-06-05 14:00:00,2020-06-05 16:00:00,-1,24
45130,45131,45155,2020-06-05 16:50:00,2020-06-05 16:55:00,2020-06-05 18:55:00,-1,24
45164,45165,45189,2020-06-05 19:40:00,2020-06-05 19:45:00,2020-06-05 21:45:00,-1,24
45203,45204,45228,2020-06-05 22:55:00,2020-06-05 23:00:00,2020-06-06 01:00:00,-1,24
45245,45246,45270,2020-06-06 02:25:00,2020-06-06 02:30:00,2020-06-06 04:30:00,1,24
45272,45273,45297,2020-06-06 04:40:00,2020-06-06 04:45:00,2020-06-06 06:45:00,-1,24
45304,45305,45329,2020-06-06 07:20:00,2020-06-06 07:25:00,2020-06-06 09:25:00,-1,24
45342,45343,45367,2020-06-06 10:30:00,2020-06-06 10:35:00,2020-06-06 12:35:00,-1,24
45384,45385,45409,2020-06-06 14:00:00,2020-06-06 14:05:00,2020-06-06 16:05:00,1,24
45408,45409,45433,2020-06-06 16:00:00,2020-06-06 16:05:00,2020-06-06 18:05:00,-1,24
45434,45435,45459,2020-06-06 18:10:00,2020-06-06 18:15:00,2020-06-06 20:15:00,-1,24
45461,45462,45486,2020-06-06 20:25:00,2020-06-06 20:30:00,2020-06-06 22:30:00,-1,24
45487,45488,45512,2020-06-06 22:35:00,2020-06-06 22:40:00,2020-06-07 00:40:00,-1,24
45511,45512,45536,2020-06-07 00:35:00,2020-06-07 00:40:00,2020-06-07 02:40:00,1,24
45536,45537,45561,2020-06-07 02:40:00,2020-06-07 02:45:00,2020-06-07 04:45:00,1,24
45565,45566,45590,2020-06-07 05:05:00,2020-06-07 05:10:00,2020-06-07 07:10:00,1,24
45596,45597,45621,2020-06-07 07:40:00,2020-06-07 07:45:00,2020-06-07 09:45:00,-1,24
45620,45621,45645,2020-06-07 09:40:00,2020-06-07 09:45:00,2020-06-07 11:45:00,-1,24
45644,45645,45669,2020-06-07 11:40:00,2020-06-07 11:45:00,2020-06-07 13:45:00,-1,24
45668,45669,45693,2020-06-07 13:40:00,2020-06-07 13:45:00,2020-06-07 15:45:00,1,24
45709,45710,45734,2020-06-07 17:05:00,2020-06-07 17:10:00,2020-06-07 19:10:00,-1,24
45770,45771,45795,2020-06-07 22:10:00,2020-06-07 22:15:00,2020-06-08 00:15:00,-1,24
45805,45806,45830,2020-06-08 01:05:00,2020-06-08 01:10:00,2020-06-08 03:10:00,-1,24
45833,45834,45858,2020-06-08 03:25:00,2020-06-08 03:30:00,2020-06-08 05:30:00,1,24
45857,45858,45882,2020-06-08 05:25:00,2020-06-08 05:30:00,2020-06-08 07:30:00,-1,24
45889,45890,45914,2020-06-08 08:05:00,2020-06-08 08:10:00,2020-06-08 10:10:00,-1,24
45917,45918,45942,2020-06-08 10:25:00,2020-06-08 10:30:00,2020-06-08 12:30:00,-1,24
45979,45980,46004,2020-06-08 15:35:00,2020-06-08 15:40:00,2020-06-08 17:40:00,1,24
46009,46010,46034,2020-06-08 18:05:00,2020-06-08 18:10:00,2020-06-08 20:10:00,1,24
46040,46041,46065,2020-06-08 20:40:00,2020-06-08 20:45:00,2020-06-08 22:45:00,-1,24
46090,46091,46115,2020-06-09 00:50:00,2020-06-09 00:55:00,2020-06-09 02:55:00,-1,24
46139,46140,46164,2020-06-09 04:55:00,2020-06-09 05:00:00,2020-06-09 07:00:00,1,24
46180,46181,46205,2020-06-09 08:20:00,2020-06-09 08:25:00,2020-06-09 10:25:00,1,24
46205,46206,46230,2020-06-09 10:25:00,2020-06-09 10:30:00,2020-06-09 12:30:00,-1,24
46235,46236,46260,2020-06-09 12:55:00,2020-06-09 13:00:00,2020-06-09 15:00:00,1,24
46270,46271,46295,2020-06-09 15:50:00,2020-06-09 15:55:00,2020-06-09 17:55:00,1,24
46306,46307,46331,2020-06-09 18:50:00,2020-06-09 18:55:00,2020-06-09 20:55:00,1,24
46360,46361,46385,2020-06-09 23:20:00,2020-06-09 23:25:00,2020-06-10 01:25:00,1,24
46398,46399,46423,2020-06-10 02:30:00,2020-06-10 02:35:00,2020-06-10 04:35:00,-1,24
46430,46431,46455,2020-06-10 05:10:00,2020-06-10 05:15:00,2020-06-10 07:15:00,-1,24
46471,46472,46496,2020-06-10 08:35:00,2020-06-10 08:40:00,2020-06-10 10:40:00,-1,24
46497,46498,46522,2020-06-10 10:45:00,2020-06-10 10:50:00,2020-06-10 12:50:00,1,24
46523,46524,46548,2020-06-10 12:55:00,2020-06-10 13:00:00,2020-06-10 15:00:00,1,24
46550,46551,46575,2020-06-10 15:10:00,2020-06-10 15:15:00,2020-06-10 17:15:00,1,24
46621,46622,46646,2020-06-10 21:05:00,2020-06-10 21:10:00,2020-06-10 23:10:00,1,24
46648,46649,46673,2020-06-10 23:20:00,2020-06-10 23:25:00,2020-06-11 01:25:00,1,24
46682,46683,46707,2020-06-11 02:10:00,2020-06-11 02:15:00,2020-06-11 04:15:00,1,24
46715,46716,46740,2020-06-11 04:55:00,2020-06-11 05:00:00,2020-06-11 07:00:00,1,24
46757,46758,46782,2020-06-11 08:25:00,2020-06-11 08:30:00,2020-06-11 10:30:00,1,24
46895,46896,46920,2020-06-11 19:55:00,2020-06-11 20:00:00,2020-06-11 22:00:00,1,24
46919,46920,46944,2020-06-11 21:55:00,2020-06-11 22:00:00,2020-06-12 00:00:00,-1,24
46946,46947,46971,2020-06-12 00:10:00,2020-06-12 00:15:00,2020-06-12 02:15:00,-1,24
47006,47007,47031,2020-06-12 05:10:00,2020-06-12 05:15:00,2020-06-12 07:15:00,-1,24
47058,47059,47083,2020-06-12 09:30:00,2020-06-12 09:35:00,2020-06-12 11:35:00,1,24
47098,47099,47123,2020-06-12 12:50:00,2020-06-12 12:55:00,2020-06-12 14:55:00,-1,24
47125,47126,47150,2020-06-12 15:05:00,2020-06-12 15:10:00,2020-06-12 17:10:00,-1,24
47150,47151,47175,2020-06-12 17:10:00,2020-06-12 17:15:00,2020-06-12 19:15:00,-1,24
47198,47199,47223,2020-06-12 21:10:00,2020-06-12 21:15:00,2020-06-12 23:15:00,-1,24
47230,47231,47255,2020-06-12 23:50:00,2020-06-12 23:55:00,2020-06-13 01:55:00,-1,24
47255,47256,47280,2020-06-13 01:55:00,2020-06-13 02:00:00,2020-06-13 04:00:00,-1,24
47287,47288,47312,2020-06-13 04:35:00,2020-06-13 04:40:00,2020-06-13 06:40:00,1,24
47316,47317,47341,2020-06-13 07:00:00,2020-06-13 07:05:00,2020-06-13 09:05:00,-1,24
47351,47352,47376,2020-06-13 09:55:00,2020-06-13 10:00:00,2020-06-13 12:00:00,-1,24
47386,47387,47411,2020-06-13 12:50:00,2020-06-13 12:55:00,2020-06-13 14:55:00,-1,24
47427,47428,47452,2020-06-13 16:15:00,2020-06-13 16:20:00,2020-06-13 18:20:00,-1,24
47454,47455,47479,2020-06-13 18:30:00,2020-06-13 18:35:00,2020-06-13 20:35:00,1,24
47484,47485,47509,2020-06-13 21:00:00,2020-06-13 21:05:00,2020-06-13 23:05:00,1,24
47510,47511,47535,2020-06-13 23:10:00,2020-06-13 23:15:00,2020-06-14 01:15:00,1,24
47534,47535,47559,2020-06-14 01:10:00,2020-06-14 01:15:00,2020-06-14 03:15:00,1,24
47560,47561,47585,2020-06-14 03:20:00,2020-06-14 03:25:00,2020-06-14 05:25:00,1,24
47584,47585,47609,2020-06-14 05:20:00,2020-06-14 05:25:00,2020-06-14 07:25:00,-1,24
47625,47626,47650,2020-06-14 08:45:00,2020-06-14 08:50:00,2020-06-14 10:50:00,1,24
47649,47650,47674,2020-06-14 10:45:00,2020-06-14 10:50:00,2020-06-14 12:50:00,1,24
47673,47674,47698,2020-06-14 12:45:00,2020-06-14 12:50:00,2020-06-14 14:50:00,-1,24
47718,47719,47743,2020-06-14 16:30:00,2020-06-14 16:35:00,2020-06-14 18:35:00,-1,24
47746,47747,47771,2020-06-14 18:50:00,2020-06-14 18:55:00,2020-06-14 20:55:00,-1,24
47771,47772,47796,2020-06-14 20:55:00,2020-06-14 21:00:00,2020-06-14 23:00:00,-1,24
47797,47798,47822,2020-06-14 23:05:00,2020-06-14 23:10:00,2020-06-15 01:10:00,-1,24
47844,47845,47869,2020-06-15 03:00:00,2020-06-15 03:05:00,2020-06-15 05:05:00,-1,24
47901,47902,47926,2020-06-15 07:45:00,2020-06-15 07:50:00,2020-06-15 09:50:00,-1,24
47926,47927,47951,2020-06-15 09:50:00,2020-06-15 09:55:00,2020-06-15 11:55:00,-1,24
47959,47960,47984,2020-06-15 12:35:00,2020-06-15 12:40:00,2020-06-15 14:40:00,-1,24
48022,48023,48047,2020-06-15 17:50:00,2020-06-15 17:55:00,2020-06-15 19:55:00,-1,24
48056,48057,48081,2020-06-15 20:40:00,2020-06-15 20:45:00,2020-06-15 22:45:00,-1,24
48121,48122,48146,2020-06-16 02:05:00,2020-06-16 02:10:00,2020-06-16 04:10:00,1,24
48192,48193,48217,2020-06-16 08:00:00,2020-06-16 08:05:00,2020-06-16 10:05:00,-1,24
48236,48237,48261,2020-06-16 11:40:00,2020-06-16 11:45:00,2020-06-16 13:45:00,-1,24
48263,48264,48288,2020-06-16 13:55:00,2020-06-16 14:00:00,2020-06-16 16:00:00,1,24
48287,48288,48312,2020-06-16 15:55:00,2020-06-16 16:00:00,2020-06-16 18:00:00,1,24
48311,48312,48336,2020-06-16 17:55:00,2020-06-16 18:00:00,2020-06-16 20:00:00,1,24
48336,48337,48361,2020-06-16 20:00:00,2020-06-16 20:05:00,2020-06-16 22:05:00,-1,24
48364,48365,48389,2020-06-16 22:20:00,2020-06-16 22:25:00,2020-06-17 00:25:00,-1,24
48391,48392,48416,2020-06-17 00:35:00,2020-06-17 00:40:00,2020-06-17 02:40:00,-1,24
48424,48425,48449,2020-06-17 03:20:00,2020-06-17 03:25:00,2020-06-17 05:25:00,-1,24
48455,48456,48480,2020-06-17 05:55:00,2020-06-17 06:00:00,2020-06-17 08:00:00,-1,24
48491,48492,48516,2020-06-17 08:55:00,2020-06-17 09:00:00,2020-06-17 11:00:00,-1,24
48520,48521,48545,2020-06-17 11:20:00,2020-06-17 11:25:00,2020-06-17 13:25:00,-1,24
48548,48549,48573,2020-06-17 13:40:00,2020-06-17 13:45:00,2020-06-17 15:45:00,-1,24
48577,48578,48602,2020-06-17 16:05:00,2020-06-17 16:10:00,2020-06-17 18:10:00,-1,24
48607,48608,48632,2020-06-17 18:35:00,2020-06-17 18:40:00,2020-06-17 20:40:00,-1,24
48631,48632,48656,2020-06-17 20:35:00,2020-06-17 20:40:00,2020-06-17 22:40:00,-1,24
48665,48666,48690,2020-06-17 23:25:00,2020-06-17 23:30:00,2020-06-18 01:30:00,-1,24
48689,48690,48714,2020-06-18 01:25:00,2020-06-18 01:30:00,2020-06-18 03:30:00,-1,24
48713,48714,48738,2020-06-18 03:25:00,2020-06-18 03:30:00,2020-06-18 05:30:00,1,24
48739,48740,48764,2020-06-18 05:35:00,2020-06-18 05:40:00,2020-06-18 07:40:00,-1,24
48764,48765,48789,2020-06-18 07:40:00,2020-06-18 07:45:00,2020-06-18 09:45:00,-1,24
48788,48789,48813,2020-06-18 09:40:00,2020-06-18 09:45:00,2020-06-18 11:45:00,-1,24
48814,48815,48839,2020-06-18 11:50:00,2020-06-18 11:55:00,2020-06-18 13:55:00,-1,24
48851,48852,48876,2020-06-18 14:55:00,2020-06-18 15:00:00,2020-06-18 17:00:00,1,24
48878,48879,48903,2020-06-18 17:10:00,2020-06-18 17:15:00,2020-06-18 19:15:00,-1,24
48906,48907,48931,2020-06-18 19:30:00,2020-06-18 19:35:00,2020-06-18 21:35:00,-1,24
48931,48932,48956,2020-06-18 21:35:00,2020-06-18 21:40:00,2020-06-18 23:40:00,-1,24
48957,48958,48982,2020-06-18 23:45:00,2020-06-18 23:50:00,2020-06-19 01:50:00,-1,24
48982,48983,49007,2020-06-19 01:50:00,2020-06-19 01:55:00,2020-06-19 03:55:00,-1,24
49007,49008,49032,2020-06-19 03:55:00,2020-06-19 04:00:00,2020-06-19 06:00:00,-1,24
49041,49042,49066,2020-06-19 06:45:00,2020-06-19 06:50:00,2020-06-19 08:50:00,1,24
49066,49067,49091,2020-06-19 08:50:00,2020-06-19 08:55:00,2020-06-19 10:55:00,-1,24
49091,49092,49116,2020-06-19 10:55:00,2020-06-19 11:00:00,2020-06-19 13:00:00,1,24
49120,49121,49145,2020-06-19 13:20:00,2020-06-19 13:25:00,2020-06-19 15:25:00,-1,24
49149,49150,49174,2020-06-19 15:45:00,2020-06-19 15:50:00,2020-06-19 17:50:00,1,24
49180,49181,49205,2020-06-19 18:20:00,2020-06-19 18:25:00,2020-06-19 20:25:00,-1,24
49205,49206,49230,2020-06-19 20:25:00,2020-06-19 20:30:00,2020-06-19 22:30:00,-1,24
49232,49233,49257,2020-06-19 22:40:00,2020-06-19 22:45:00,2020-06-20 00:45:00,-1,24
49262,49263,49287,2020-06-20 01:10:00,2020-06-20 01:15:00,2020-06-20 03:15:00,-1,24
49286,49287,49311,2020-06-20 03:10:00,2020-06-20 03:15:00,2020-06-20 05:15:00,-1,24
49310,49311,49335,2020-06-20 05:10:00,2020-06-20 05:15:00,2020-06-20 07:15:00,-1,24
49336,49337,49361,2020-06-20 07:20:00,2020-06-20 07:25:00,2020-06-20 09:25:00,1,24
49367,49368,49392,2020-06-20 09:55:00,2020-06-20 10:00:00,2020-06-20 12:00:00,1,24
49398,49399,49423,2020-06-20 12:30:00,2020-06-20 12:35:00,2020-06-20 14:35:00,1,24
49422,49423,49447,2020-06-20 14:30:00,2020-06-20 14:35:00,2020-06-20 16:35:00,-1,24
49447,49448,49472,2020-06-20 16:35:00,2020-06-20 16:40:00,2020-06-20 18:40:00,1,24
49476,49477,49501,2020-06-20 19:00:00,2020-06-20 19:05:00,2020-06-20 21:05:00,-1,24
49504,49505,49529,2020-06-20 21:20:00,2020-06-20 21:25:00,2020-06-20 23:25:00,-1,24
49533,49534,49558,2020-06-20 23:45:00,2020-06-20 23:50:00,2020-06-21 01:50:00,-1,24
49564,49565,49589,2020-06-21 02:20:00,2020-06-21 02:25:00,2020-06-21 04:25:00,-1,24
49589,49590,49614,2020-06-21 04:25:00,2020-06-21 04:30:00,2020-06-21 06:30:00,-1,24
49613,49614,49638,2020-06-21 06:25:00,2020-06-21 06:30:00,2020-06-21 08:30:00,-1,24
49637,49638,49662,2020-06-21 08:25:00,2020-06-21 08:30:00,2020-06-21 10:30:00,1,24
49665,49666,49690,2020-06-21 10:45:00,2020-06-21 10:50:00,2020-06-21 12:50:00,-1,24
49690,49691,49715,2020-06-21 12:50:00,2020-06-21 12:55:00,2020-06-21 14:55:00,-1,24
49714,49715,49739,2020-06-21 14:50:00,2020-06-21 14:55:00,2020-06-21 16:55:00,-1,24
49745,49746,49770,2020-06-21 17:25:00,2020-06-21 17:30:00,2020-06-21 19:30:00,1,24
49774,49775,49799,2020-06-21 19:50:00,2020-06-21 19:55:00,2020-06-21 21:55:00,-1,24
49799,49800,49824,2020-06-21 21:55:00,2020-06-21 22:00:00,2020-06-22 00:00:00,-1,24
49823,49824,49848,2020-06-21 23:55:00,2020-06-22 00:00:00,2020-06-22 02:00:00,-1,24
49850,49851,49875,2020-06-22 02:10:00,2020-06-22 02:15:00,2020-06-22 04:15:00,-1,24
49874,49875,49899,2020-06-22 04:10:00,2020-06-22 04:15:00,2020-06-22 06:15:00,-1,24
49898,49899,49923,2020-06-22 06:10:00,2020-06-22 06:15:00,2020-06-22 08:15:00,-1,24
49925,49926,49950,2020-06-22 08:25:00,2020-06-22 08:30:00,2020-06-22 10:30:00,-1,24
49952,49953,49977,2020-06-22 10:40:00,2020-06-22 10:45:00,2020-06-22 12:45:00,-1,24
49984,49985,50009,2020-06-22 13:20:00,2020-06-22 13:25:00,2020-06-22 15:25:00,-1,24
50009,50010,50034,2020-06-22 15:25:00,2020-06-22 15:30:00,2020-06-22 17:30:00,-1,24
50044,50045,50069,2020-06-22 18:20:00,2020-06-22 18:25:00,2020-06-22 20:25:00,-1,24
50081,50082,50106,2020-06-22 21:25:00,2020-06-22 21:30:00,2020-06-22 23:30:00,1,24
50105,50106,50130,2020-06-22 23:25:00,2020-06-22 23:30:00,2020-06-23 01:30:00,1,24
50136,50137,50161,2020-06-23 02:00:00,2020-06-23 02:05:00,2020-06-23 04:05:00,1,24
50160,50161,50185,2020-06-23 04:00:00,2020-06-23 04:05:00,2020-06-23 06:05:00,1,24
50184,50185,50209,2020-06-23 06:00:00,2020-06-23 06:05:00,2020-06-23 08:05:00,1,24
50210,50211,50235,2020-06-23 08:10:00,2020-06-23 08:15:00,2020-06-23 10:15:00,1,24
50238,50239,50263,2020-06-23 10:30:00,2020-06-23 10:35:00,2020-06-23 12:35:00,1,24
50267,50268,50292,2020-06-23 12:55:00,2020-06-23 13:00:00,2020-06-23 15:00:00,-1,24
50315,50316,50340,2020-06-23 16:55:00,2020-06-23 17:00:00,2020-06-23 19:00:00,1,24
50341,50342,50366,2020-06-23 19:05:00,2020-06-23 19:10:00,2020-06-23 21:10:00,1,24
50367,50368,50392,2020-06-23 21:15:00,2020-06-23 21:20:00,2020-06-23 23:20:00,1,24
50393,50394,50418,2020-06-23 23:25:00,2020-06-23 23:30:00,2020-06-24 01:30:00,-1,24
50417,50418,50442,2020-06-24 01:25:00,2020-06-24 01:30:00,2020-06-24 03:30:00,1,24
50443,50444,50468,2020-06-24 03:35:00,2020-06-24 03:40:00,2020-06-24 05:40:00,1,24
50470,50471,50495,2020-06-24 05:50:00,2020-06-24 05:55:00,2020-06-24 07:55:00,1,24
50504,50505,50529,2020-06-24 08:40:00,2020-06-24 08:45:00,2020-06-24 10:45:00,1,24
50536,50537,50561,2020-06-24 11:20:00,2020-06-24 11:25:00,2020-06-24 13:25:00,1,24
50563,50564,50588,2020-06-24 13:35:00,2020-06-24 13:40:00,2020-06-24 15:40:00,-1,24
50593,50594,50618,2020-06-24 16:05:00,2020-06-24 16:10:00,2020-06-24 18:10:00,1,24
50625,50626,50650,2020-06-24 18:45:00,2020-06-24 18:50:00,2020-06-24 20:50:00,1,24
50649,50650,50674,2020-06-24 20:45:00,2020-06-24 20:50:00,2020-06-24 22:50:00,1,24
50679,50680,50704,2020-06-24 23:15:00,2020-06-24 23:20:00,2020-06-25 01:20:00,1,24
50706,50707,50731,2020-06-25 01:30:00,2020-06-25 01:35:00,2020-06-25 03:35:00,1,24
50741,50742,50766,2020-06-25 04:25:00,2020-06-25 04:30:00,2020-06-25 06:30:00,1,24
50768,50769,50793,2020-06-25 06:40:00,2020-06-25 06:45:00,2020-06-25 08:45:00,-1,24
50809,50810,50834,2020-06-25 10:05:00,2020-06-25 10:10:00,2020-06-25 12:10:00,-1,24
50841,50842,50866,2020-06-25 12:45:00,2020-06-25 12:50:00,2020-06-25 14:50:00,-1,24
50869,50870,50894,2020-06-25 15:05:00,2020-06-25 15:10:00,2020-06-25 17:10:00,-1,24
50894,50895,50919,2020-06-25 17:10:00,2020-06-25 17:15:00,2020-06-25 19:15:00,-1,24
50925,50926,50950,2020-06-25 19:45:00,2020-06-25 19:50:00,2020-06-25 21:50:00,-1,24
50967,50968,50992,2020-06-25 23:15:00,2020-06-25 23:20:00,2020-06-26 01:20:00,-1,24
51005,51006,51030,2020-06-26 02:25:00,2020-06-26 02:30:00,2020-06-26 04:30:00,-1,24
51031,51032,51056,2020-06-26 04:35:00,2020-06-26 04:40:00,2020-06-26 06:40:00,-1,24
51075,51076,51100,2020-06-26 08:15:00,2020-06-26 08:20:00,2020-06-26 10:20:00,-1,24
51105,51106,51130,2020-06-26 10:45:00,2020-06-26 10:50:00,2020-06-26 12:50:00,-1,24
51174,51175,51199,2020-06-26 16:30:00,2020-06-26 16:35:00,2020-06-26 18:35:00,-1,24
51198,51199,51223,2020-06-26 18:30:00,2020-06-26 18:35:00,2020-06-26 20:35:00,1,24
51223,51224,51248,2020-06-26 20:35:00,2020-06-26 20:40:00,2020-06-26 22:40:00,-1,24
51247,51248,51272,2020-06-26 22:35:00,2020-06-26 22:40:00,2020-06-27 00:40:00,-1,24
51271,51272,51296,2020-06-27 00:35:00,2020-06-27 00:40:00,2020-06-27 02:40:00,-1,24
51295,51296,51320,2020-06-27 02:35:00,2020-06-27 02:40:00,2020-06-27 04:40:00,-1,24
51321,51322,51346,2020-06-27 04:45:00,2020-06-27 04:50:00,2020-06-27 06:50:00,-1,24
51347,51348,51372,2020-06-27 06:55:00,2020-06-27 07:00:00,2020-06-27 09:00:00,-1,24
51374,51375,51399,2020-06-27 09:10:00,2020-06-27 09:15:00,2020-06-27 11:15:00,-1,24
51398,51399,51423,2020-06-27 11:10:00,2020-06-27 11:15:00,2020-06-27 13:15:00,-1,24
51426,51427,51451,2020-06-27 13:30:00,2020-06-27 13:35:00,2020-06-27 15:35:00,-1,24
51468,51469,51493,2020-06-27 17:00:00,2020-06-27 17:05:00,2020-06-27 19:05:00,-1,24
51511,51512,51536,2020-06-27 20:35:00,2020-06-27 20:40:00,2020-06-27 22:40:00,-1,24
51535,51536,51560,2020-06-27 22:35:00,2020-06-27 22:40:00,2020-06-28 00:40:00,-1,24
51572,51573,51597,2020-06-28 01:40:00,2020-06-28 01:45:00,2020-06-28 03:45:00,-1,24
51619,51620,51644,2020-06-28 05:35:00,2020-06-28 05:40:00,2020-06-28 07:40:00,-1,24
51671,51672,51696,2020-06-28 09:55:00,2020-06-28 10:00:00,2020-06-28 12:00:00,-1,24
51709,51710,51734,2020-06-28 13:05:00,2020-06-28 13:10:00,2020-06-28 15:10:00,-1,24
51764,51765,51789,2020-06-28 17:40:00,2020-06-28 17:45:00,2020-06-28 19:45:00,-1,24
51788,51789,51813,2020-06-28 19:40:00,2020-06-28 19:45:00,2020-06-28 21:45:00,-1,24
51815,51816,51840,2020-06-28 21:55:00,2020-06-28 22:00:00,2020-06-29 00:00:00,-1,24
51847,51848,51872,2020-06-29 00:35:00,2020-06-29 00:40:00,2020-06-29 02:40:00,1,24
51881,51882,51906,2020-06-29 03:25:00,2020-06-29 03:30:00,2020-06-29 05:30:00,-1,24
51911,51912,51936,2020-06-29 05:55:00,2020-06-29 06:00:00,2020-06-29 08:00:00,1,24
51941,51942,51966,2020-06-29 08:25:00,2020-06-29 08:30:00,2020-06-29 10:30:00,-1,24
51987,51988,52012,2020-06-29 12:15:00,2020-06-29 12:20:00,2020-06-29 14:20:00,-1,24
52021,52022,52046,2020-06-29 15:05:00,2020-06-29 15:10:00,2020-06-29 17:10:00,-1,24
52070,52071,52095,2020-06-29 19:10:00,2020-06-29 19:15:00,2020-06-29 21:15:00,-1,24
52100,52101,52125,2020-06-29 21:40:00,2020-06-29 21:45:00,2020-06-29 23:45:00,-1,24
52129,52130,52154,2020-06-30 00:05:00,2020-06-30 00:10:00,2020-06-30 02:10:00,-1,24
52160,52161,52185,2020-06-30 02:40:00,2020-06-30 02:45:00,2020-06-30 04:45:00,-1,24
52193,52194,52218,2020-06-30 05:25:00,2020-06-30 05:30:00,2020-06-30 07:30:00,-1,24
52218,52219,52243,2020-06-30 07:30:00,2020-06-30 07:35:00,2020-06-30 09:35:00,1,24
52244,52245,52269,2020-06-30 09:40:00,2020-06-30 09:45:00,2020-06-30 11:45:00,1,24
52268,52269,52293,2020-06-30 11:40:00,2020-06-30 11:45:00,2020-06-30 13:45:00,-1,24
52300,52301,52325,2020-06-30 14:20:00,2020-06-30 14:25:00,2020-06-30 16:25:00,1,24
52329,52330,52354,2020-06-30 16:45:00,2020-06-30 16:50:00,2020-06-30 18:50:00,1,24
52356,52357,52381,2020-06-30 19:00:00,2020-06-30 19:05:00,2020-06-30 21:05:00,1,24
52383,52384,52408,2020-06-30 21:15:00,2020-06-30 21:20:00,2020-06-30 23:20:00,1,24
52409,52410,52434,2020-06-30 23:25:00,2020-06-30 23:30:00,2020-07-01 01:30:00,-1,24
52436,52437,52461,2020-07-01 01:40:00,2020-07-01 01:45:00,2020-07-01 03:45:00,1,24
52463,52464,52488,2020-07-01 03:55:00,2020-07-01 04:00:00,2020-07-01 06:00:00,1,24
52506,52507,52531,2020-07-01 07:30:00,2020-07-01 07:35:00,2020-07-01 09:35:00,1,24
52533,52534,52558,2020-07-01 09:45:00,2020-07-01 09:50:00,2020-07-01 11:50:00,-1,24
52558,52559,52583,2020-07-01 11:50:00,2020-07-01 11:55:00,2020-07-01 13:55:00,1,24
52602,52603,52627,2020-07-01 15:30:00,2020-07-01 15:35:00,2020-07-01 17:35:00,1,24
52638,52639,52663,2020-07-01 18:30:00,2020-07-01 18:35:00,2020-07-01 20:35:00,-1,24
52664,52665,52689,2020-07-01 20:40:00,2020-07-01 20:45:00,2020-07-01 22:45:00,-1,24
52694,52695,52719,2020-07-01 23:10:00,2020-07-01 23:15:00,2020-07-02 01:15:00,1,24
52718,52719,52743,2020-07-02 01:10:00,2020-07-02 01:15:00,2020-07-02 03:15:00,1,24
52751,52752,52776,2020-07-02 03:55:00,2020-07-02 04:00:00,2020-07-02 06:00:00,1,24
52792,52793,52817,2020-07-02 07:20:00,2020-07-02 07:25:00,2020-07-02 09:25:00,1,24
52821,52822,52846,2020-07-02 09:45:00,2020-07-02 09:50:00,2020-07-02 11:50:00,1,24
52849,52850,52874,2020-07-02 12:05:00,2020-07-02 12:10:00,2020-07-02 14:10:00,1,24
52918,52919,52943,2020-07-02 17:50:00,2020-07-02 17:55:00,2020-07-02 19:55:00,1,24
52958,52959,52983,2020-07-02 21:10:00,2020-07-02 21:15:00,2020-07-02 23:15:00,1,24
52985,52986,53010,2020-07-02 23:25:00,2020-07-02 23:30:00,2020-07-03 01:30:00,1,24
53011,53012,53036,2020-07-03 01:35:00,2020-07-03 01:40:00,2020-07-03 03:40:00,1,24
53042,53043,53067,2020-07-03 04:10:00,2020-07-03 04:15:00,2020-07-03 06:15:00,1,24
53067,53068,53092,2020-07-03 06:15:00,2020-07-03 06:20:00,2020-07-03 08:20:00,-1,24
53098,53099,53123,2020-07-03 08:50:00,2020-07-03 08:55:00,2020-07-03 10:55:00,1,24
53122,53123,53147,2020-07-03 10:50:00,2020-07-03 10:55:00,2020-07-03 12:55:00,1,24
53185,53186,53210,2020-07-03 16:05:00,2020-07-03 16:10:00,2020-07-03 18:10:00,1,24
53212,53213,53237,2020-07-03 18:20:00,2020-07-03 18:25:00,2020-07-03 20:25:00,1,24
53236,53237,53261,2020-07-03 20:20:00,2020-07-03 20:25:00,2020-07-03 22:25:00,1,24
53262,53263,53287,2020-07-03 22:30:00,2020-07-03 22:35:00,2020-07-04 00:35:00,1,24
53286,53287,53311,2020-07-04 00:30:00,2020-07-04 00:35:00,2020-07-04 02:35:00,1,24
53311,53312,53336,2020-07-04 02:35:00,2020-07-04 02:40:00,2020-07-04 04:40:00,1,24
53335,53336,53360,2020-07-04 04:35:00,2020-07-04 04:40:00,2020-07-04 06:40:00,1,24
53362,53363,53387,2020-07-04 06:50:00,2020-07-04 06:55:00,2020-07-04 08:55:00,1,24
53386,53387,53411,2020-07-04 08:50:00,2020-07-04 08:55:00,2020-07-04 10:55:00,1,24
53432,53433,53457,2020-07-04 12:40:00,2020-07-04 12:45:00,2020-07-04 14:45:00,1,24
53456,53457,53481,2020-07-04 14:40:00,2020-07-04 14:45:00,2020-07-04 16:45:00,1,24
53504,53505,53529,2020-07-04 18:40:00,2020-07-04 18:45:00,2020-07-04 20:45:00,-1,24
53532,53533,53557,2020-07-04 21:00:00,2020-07-04 21:05:00,2020-07-04 23:05:00,1,24
53556,53557,53581,2020-07-04 23:00:00,2020-07-04 23:05:00,2020-07-05 01:05:00,1,24
53580,53581,53605,2020-07-05 01:00:00,2020-07-05 01:05:00,2020-07-05 03:05:00,1,24
53604,53605,53629,2020-07-05 03:00:00,2020-07-05 03:05:00,2020-07-05 05:05:00,1,24
53628,53629,53653,2020-07-05 05:00:00,2020-07-05 05:05:00,2020-07-05 07:05:00,-1,24
53662,53663,53687,2020-07-05 07:50:00,2020-07-05 07:55:00,2020-07-05 09:55:00,1,24
53694,53695,53719,2020-07-05 10:30:00,2020-07-05 10:35:00,2020-07-05 12:35:00,1,24
53729,53730,53754,2020-07-05 13:25:00,2020-07-05 13:30:00,2020-07-05 15:30:00,1,24
53759,53760,53784,2020-07-05 15:55:00,2020-07-05 16:00:00,2020-07-05 18:00:00,1,24
53796,53797,53821,2020-07-05 19:00:00,2020-07-05 19:05:00,2020-07-05 21:05:00,1,24
53850,53851,53875,2020-07-05 23:30:00,2020-07-05 23:35:00,2020-07-06 01:35:00,1,24
53875,53876,53900,2020-07-06 01:35:00,2020-07-06 01:40:00,2020-07-06 03:40:00,1,24
53899,53900,53924,2020-07-06 03:35:00,2020-07-06 03:40:00,2020-07-06 05:40:00,1,24
53968,53969,53993,2020-07-06 09:20:00,2020-07-06 09:25:00,2020-07-06 11:25:00,-1,24
54036,54037,54061,2020-07-06 15:00:00,2020-07-06 15:05:00,2020-07-06 17:05:00,-1,24
54069,54070,54094,2020-07-06 17:45:00,2020-07-06 17:50:00,2020-07-06 19:50:00,-1,24
54097,54098,54122,2020-07-06 20:05:00,2020-07-06 20:10:00,2020-07-06 22:10:00,-1,24
54124,54125,54149,2020-07-06 22:20:00,2020-07-06 22:25:00,2020-07-07 00:25:00,-1,24
54149,54150,54174,2020-07-07 00:25:00,2020-07-07 00:30:00,2020-07-07 02:30:00,-1,24
54173,54174,54198,2020-07-07 02:25:00,2020-07-07 02:30:00,2020-07-07 04:30:00,-1,24
54208,54209,54233,2020-07-07 05:20:00,2020-07-07 05:25:00,2020-07-07 07:25:00,-1,24
54236,54237,54261,2020-07-07 07:40:00,2020-07-07 07:45:00,2020-07-07 09:45:00,-1,24
54270,54271,54295,2020-07-07 10:30:00,2020-07-07 10:35:00,2020-07-07 12:35:00,-1,24
54298,54299,54323,2020-07-07 12:50:00,2020-07-07 12:55:00,2020-07-07 14:55:00,-1,24
54328,54329,54353,2020-07-07 15:20:00,2020-07-07 15:25:00,2020-07-07 17:25:00,-1,24
54356,54357,54381,2020-07-07 17:40:00,2020-07-07 17:45:00,2020-07-07 19:45:00,-1,24
54401,54402,54426,2020-07-07 21:25:00,2020-07-07 21:30:00,2020-07-07 23:30:00,-1,24
54425,54426,54450,2020-07-07 23:25:00,2020-07-07 23:30:00,2020-07-08 01:30:00,-1,24
54452,54453,54477,2020-07-08 01:40:00,2020-07-08 01:45:00,2020-07-08 03:45:00,-1,24
54478,54479,54503,2020-07-08 03:50:00,2020-07-08 03:55:00,2020-07-08 05:55:00,-1,24
54504,54505,54529,2020-07-08 06:00:00,2020-07-08 06:05:00,2020-07-08 08:05:00,-1,24
54529,54530,54554,2020-07-08 08:05:00,2020-07-08 08:10:00,2020-07-08 10:10:00,-1,24
54570,54571,54595,2020-07-08 11:30:00,2020-07-08 11:35:00,2020-07-08 13:35:00,-1,24
54608,54609,54633,2020-07-08 14:40:00,2020-07-08 14:45:00,2020-07-08 16:45:00,-1,24
54639,54640,54664,2020-07-08 17:15:00,2020-07-08 17:20:00,2020-07-08 19:20:00,-1,24
54669,54670,54694,2020-07-08 19:45:00,2020-07-08 19:50:00,2020-07-08 21:50:00,-1,24
54696,54697,54721,2020-07-08 22:00:00,2020-07-08 22:05:00,2020-07-09 00:05:00,-1,24
54751,54752,54776,2020-07-09 02:35:00,2020-07-09 02:40:00,2020-07-09 04:40:00,1,24
54780,54781,54805,2020-07-09 05:00:00,2020-07-09 05:05:00,2020-07-09 07:05:00,1,24
54804,54805,54829,2020-07-09 07:00:00,2020-07-09 07:05:00,2020-07-09 09:05:00,1,24
54828,54829,54853,2020-07-09 09:00:00,2020-07-09 09:05:00,2020-07-09 11:05:00,1,24
54857,54858,54882,2020-07-09 11:25:00,2020-07-09 11:30:00,2020-07-09 13:30:00,1,24
54883,54884,54908,2020-07-09 13:35:00,2020-07-09 13:40:00,2020-07-09 15:40:00,1,24
54915,54916,54940,2020-07-09 16:15:00,2020-07-09 16:20:00,2020-07-09 18:20:00,1,24
54942,54943,54967,2020-07-09 18:30:00,2020-07-09 18:35:00,2020-07-09 20:35:00,1,24
54993,54994,55018,2020-07-09 22:45:00,2020-07-09 22:50:00,2020-07-10 00:50:00,1,24
55017,55018,55042,2020-07-10 00:45:00,2020-07-10 00:50:00,2020-07-10 02:50:00,1,24
55044,55045,55069,2020-07-10 03:00:00,2020-07-10 03:05:00,2020-07-10 05:05:00,1,24
55102,55103,55127,2020-07-10 07:50:00,2020-07-10 07:55:00,2020-07-10 09:55:00,1,24
55136,55137,55161,2020-07-10 10:40:00,2020-07-10 10:45:00,2020-07-10 12:45:00,1,24
55162,55163,55187,2020-07-10 12:50:00,2020-07-10 12:55:00,2020-07-10 14:55:00,1,24
55204,55205,55229,2020-07-10 16:20:00,2020-07-10 16:25:00,2020-07-10 18:25:00,1,24
55229,55230,55254,2020-07-10 18:25:00,2020-07-10 18:30:00,2020-07-10 20:30:00,1,24
55260,55261,55285,2020-07-10 21:00:00,2020-07-10 21:05:00,2020-07-10 23:05:00,1,24
55298,55299,55323,2020-07-11 00:10:00,2020-07-11 00:15:00,2020-07-11 02:15:00,1,24
55324,55325,55349,2020-07-11 02:20:00,2020-07-11 02:25:00,2020-07-11 04:25:00,1,24
55351,55352,55376,2020-07-11 04:35:00,2020-07-11 04:40:00,2020-07-11 06:40:00,1,24
55378,55379,55403,2020-07-11 06:50:00,2020-07-11 06:55:00,2020-07-11 08:55:00,-1,24
55412,55413,55437,2020-07-11 09:40:00,2020-07-11 09:45:00,2020-07-11 11:45:00,1,24
55437,55438,55462,2020-07-11 11:45:00,2020-07-11 11:50:00,2020-07-11 13:50:00,1,24
55471,55472,55496,2020-07-11 14:35:00,2020-07-11 14:40:00,2020-07-11 16:40:00,1,24
55509,55510,55534,2020-07-11 17:45:00,2020-07-11 17:50:00,2020-07-11 19:50:00,1,24
55536,55537,55561,2020-07-11 20:00:00,2020-07-11 20:05:00,2020-07-11 22:05:00,-1,24
55579,55580,55604,2020-07-11 23:35:00,2020-07-11 23:40:00,2020-07-12 01:40:00,1,24
55604,55605,55629,2020-07-12 01:40:00,2020-07-12 01:45:00,2020-07-12 03:45:00,1,24
55637,55638,55662,2020-07-12 04:25:00,2020-07-12 04:30:00,2020-07-12 06:30:00,1,24
55674,55675,55699,2020-07-12 07:30:00,2020-07-12 07:35:00,2020-07-12 09:35:00,1,24
55703,55704,55728,2020-07-12 09:55:00,2020-07-12 10:00:00,2020-07-12 12:00:00,1,24
55734,55735,55759,2020-07-12 12:30:00,2020-07-12 12:35:00,2020-07-12 14:35:00,1,24
55765,55766,55790,2020-07-12 15:05:00,2020-07-12 15:10:00,2020-07-12 17:10:00,1,24
55795,55796,55820,2020-07-12 17:35:00,2020-07-12 17:40:00,2020-07-12 19:40:00,1,24
55828,55829,55853,2020-07-12 20:20:00,2020-07-12 20:25:00,2020-07-12 22:25:00,1,24
55878,55879,55903,2020-07-13 00:30:00,2020-07-13 00:35:00,2020-07-13 02:35:00,1,24
55907,55908,55932,2020-07-13 02:55:00,2020-07-13 03:00:00,2020-07-13 05:00:00,1,24
55934,55935,55959,2020-07-13 05:10:00,2020-07-13 05:15:00,2020-07-13 07:15:00,1,24
55966,55967,55991,2020-07-13 07:50:00,2020-07-13 07:55:00,2020-07-13 09:55:00,1,24
56019,56020,56044,2020-07-13 12:15:00,2020-07-13 12:20:00,2020-07-13 14:20:00,1,24
56045,56046,56070,2020-07-13 14:25:00,2020-07-13 14:30:00,2020-07-13 16:30:00,1,24
56084,56085,56109,2020-07-13 17:40:00,2020-07-13 17:45:00,2020-07-13 19:45:00,1,24
56135,56136,56160,2020-07-13 21:55:00,2020-07-13 22:00:00,2020-07-14 00:00:00,1,24
56160,56161,56185,2020-07-14 00:00:00,2020-07-14 00:05:00,2020-07-14 02:05:00,1,24
56188,56189,56213,2020-07-14 02:20:00,2020-07-14 02:25:00,2020-07-14 04:25:00,1,24
56231,56232,56256,2020-07-14 05:55:00,2020-07-14 06:00:00,2020-07-14 08:00:00,1,24
56255,56256,56280,2020-07-14 07:55:00,2020-07-14 08:00:00,2020-07-14 10:00:00,1,24
56285,56286,56310,2020-07-14 10:25:00,2020-07-14 10:30:00,2020-07-14 12:30:00,1,24
56311,56312,56336,2020-07-14 12:35:00,2020-07-14 12:40:00,2020-07-14 14:40:00,1,24
56392,56393,56417,2020-07-14 19:20:00,2020-07-14 19:25:00,2020-07-14 21:25:00,1,24
56418,56419,56443,2020-07-14 21:30:00,2020-07-14 21:35:00,2020-07-14 23:35:00,1,24
56454,56455,56479,2020-07-15 00:30:00,2020-07-15 00:35:00,2020-07-15 02:35:00,-1,24
56479,56480,56504,2020-07-15 02:35:00,2020-07-15 02:40:00,2020-07-15 04:40:00,1,24
56526,56527,56551,2020-07-15 06:30:00,2020-07-15 06:35:00,2020-07-15 08:35:00,1,24
56559,56560,56584,2020-07-15 09:15:00,2020-07-15 09:20:00,2020-07-15 11:20:00,-1,24
56594,56595,56619,2020-07-15 12:10:00,2020-07-15 12:15:00,2020-07-15 14:15:00,-1,24
56618,56619,56643,2020-07-15 14:10:00,2020-07-15 14:15:00,2020-07-15 16:15:00,-1,24
56649,56650,56674,2020-07-15 16:45:00,2020-07-15 16:50:00,2020-07-15 18:50:00,1,24
56677,56678,56702,2020-07-15 19:05:00,2020-07-15 19:10:00,2020-07-15 21:10:00,1,24
56712,56713,56737,2020-07-15 22:00:00,2020-07-15 22:05:00,2020-07-16 00:05:00,1,24
56737,56738,56762,2020-07-16 00:05:00,2020-07-16 00:10:00,2020-07-16 02:10:00,1,24
56769,56770,56794,2020-07-16 02:45:00,2020-07-16 02:50:00,2020-07-16 04:50:00,-1,24
56793,56794,56818,2020-07-16 04:45:00,2020-07-16 04:50:00,2020-07-16 06:50:00,1,24
56828,56829,56853,2020-07-16 07:40:00,2020-07-16 07:45:00,2020-07-16 09:45:00,1,24
56876,56877,56901,2020-07-16 11:40:00,2020-07-16 11:45:00,2020-07-16 13:45:00,1,24
56924,56925,56949,2020-07-16 15:40:00,2020-07-16 15:45:00,2020-07-16 17:45:00,1,24
56948,56949,56973,2020-07-16 17:40:00,2020-07-16 17:45:00,2020-07-16 19:45:00,1,24
56978,56979,57003,2020-07-16 20:10:00,2020-07-16 20:15:00,2020-07-16 22:15:00,1,24
57029,57030,57054,2020-07-17 00:25:00,2020-07-17 00:30:00,2020-07-17 02:30:00,1,24
57055,57056,57080,2020-07-17 02:35:00,2020-07-17 02:40:00,2020-07-17 04:40:00,1,24
57079,57080,57104,2020-07-17 04:35:00,2020-07-17 04:40:00,2020-07-17 06:40:00,1,24
57115,57116,57140,2020-07-17 07:35:00,2020-07-17 07:40:00,2020-07-17 09:40:00,1,24
57158,57159,57183,2020-07-17 11:10:00,2020-07-17 11:15:00,2020-07-17 13:15:00,1,24
57182,57183,57207,2020-07-17 13:10:00,2020-07-17 13:15:00,2020-07-17 15:15:00,1,24
57217,57218,57242,2020-07-17 16:05:00,2020-07-17 16:10:00,2020-07-17 18:10:00,1,24
57245,57246,57270,2020-07-17 18:25:00,2020-07-17 18:30:00,2020-07-17 20:30:00,1,24
57272,57273,57297,2020-07-17 20:40:00,2020-07-17 20:45:00,2020-07-17 22:45:00,1,24
57305,57306,57330,2020-07-17 23:25:00,2020-07-17 23:30:00,2020-07-18 01:30:00,1,24
57329,57330,57354,2020-07-18 01:25:00,2020-07-18 01:30:00,2020-07-18 03:30:00,1,24
57354,57355,57379,2020-07-18 03:30:00,2020-07-18 03:35:00,2020-07-18 05:35:00,-1,24
57378,57379,57403,2020-07-18 05:30:00,2020-07-18 05:35:00,2020-07-18 07:35:00,1,24
57414,57415,57439,2020-07-18 08:30:00,2020-07-18 08:35:00,2020-07-18 10:35:00,-1,24
57440,57441,57465,2020-07-18 10:40:00,2020-07-18 10:45:00,2020-07-18 12:45:00,-1,24
57472,57473,57497,2020-07-18 13:20:00,2020-07-18 13:25:00,2020-07-18 15:25:00,1,24
57513,57514,57538,2020-07-18 16:45:00,2020-07-18 16:50:00,2020-07-18 18:50:00,-1,24
57539,57540,57564,2020-07-18 18:55:00,2020-07-18 19:00:00,2020-07-18 21:00:00,1,24
57563,57564,57588,2020-07-18 20:55:00,2020-07-18 21:00:00,2020-07-18 23:00:00,1,24
57588,57589,57613,2020-07-18 23:00:00,2020-07-18 23:05:00,2020-07-19 01:05:00,-1,24
57615,57616,57640,2020-07-19 01:15:00,2020-07-19 01:20:00,2020-07-19 03:20:00,1,24
57657,57658,57682,2020-07-19 04:45:00,2020-07-19 04:50:00,2020-07-19 06:50:00,1,24
57682,57683,57707,2020-07-19 06:50:00,2020-07-19 06:55:00,2020-07-19 08:55:00,1,24
57706,57707,57731,2020-07-19 08:50:00,2020-07-19 08:55:00,2020-07-19 10:55:00,-1,24
57730,57731,57755,2020-07-19 10:50:00,2020-07-19 10:55:00,2020-07-19 12:55:00,1,24
57754,57755,57779,2020-07-19 12:50:00,2020-07-19 12:55:00,2020-07-19 14:55:00,1,24
57822,57823,57847,2020-07-19 18:30:00,2020-07-19 18:35:00,2020-07-19 20:35:00,1,24
57851,57852,57876,2020-07-19 20:55:00,2020-07-19 21:00:00,2020-07-19 23:00:00,1,24
57881,57882,57906,2020-07-19 23:25:00,2020-07-19 23:30:00,2020-07-20 01:30:00,1,24
57905,57906,57930,2020-07-20 01:25:00,2020-07-20 01:30:00,2020-07-20 03:30:00,1,24
57929,57930,57954,2020-07-20 03:25:00,2020-07-20 03:30:00,2020-07-20 05:30:00,1,24
57956,57957,57981,2020-07-20 05:40:00,2020-07-20 05:45:00,2020-07-20 07:45:00,1,24
57981,57982,58006,2020-07-20 07:45:00,2020-07-20 07:50:00,2020-07-20 09:50:00,1,24
58006,58007,58031,2020-07-20 09:50:00,2020-07-20 09:55:00,2020-07-20 11:55:00,1,24
58044,58045,58069,2020-07-20 13:00:00,2020-07-20 13:05:00,2020-07-20 15:05:00,1,24
58070,58071,58095,2020-07-20 15:10:00,2020-07-20 15:15:00,2020-07-20 17:15:00,1,24
58097,58098,58122,2020-07-20 17:25:00,2020-07-20 17:30:00,2020-07-20 19:30:00,1,24
58131,58132,58156,2020-07-20 20:15:00,2020-07-20 20:20:00,2020-07-20 22:20:00,1,24
58158,58159,58183,2020-07-20 22:30:00,2020-07-20 22:35:00,2020-07-21 00:35:00,1,24
58223,58224,58248,2020-07-21 03:55:00,2020-07-21 04:00:00,2020-07-21 06:00:00,-1,24
58259,58260,58284,2020-07-21 06:55:00,2020-07-21 07:00:00,2020-07-21 09:00:00,1,24
58296,58297,58321,2020-07-21 10:00:00,2020-07-21 10:05:00,2020-07-21 12:05:00,1,24
58361,58362,58386,2020-07-21 15:25:00,2020-07-21 15:30:00,2020-07-21 17:30:00,1,24
58427,58428,58452,2020-07-21 20:55:00,2020-07-21 21:00:00,2020-07-21 23:00:00,1,24
58454,58455,58479,2020-07-21 23:10:00,2020-07-21 23:15:00,2020-07-22 01:15:00,1,24
58498,58499,58523,2020-07-22 02:50:00,2020-07-22 02:55:00,2020-07-22 04:55:00,1,24
58527,58528,58552,2020-07-22 05:15:00,2020-07-22 05:20:00,2020-07-22 07:20:00,1,24
58571,58572,58596,2020-07-22 08:55:00,2020-07-22 09:00:00,2020-07-22 11:00:00,1,24
58601,58602,58626,2020-07-22 11:25:00,2020-07-22 11:30:00,2020-07-22 13:30:00,-1,24
58629,58630,58654,2020-07-22 13:45:00,2020-07-22 13:50:00,2020-07-22 15:50:00,1,24
58701,58702,58726,2020-07-22 19:45:00,2020-07-22 19:50:00,2020-07-22 21:50:00,1,24
58758,58759,58783,2020-07-23 00:30:00,2020-07-23 00:35:00,2020-07-23 02:35:00,1,24
58830,58831,58855,2020-07-23 06:30:00,2020-07-23 06:35:00,2020-07-23 08:35:00,1,24
58862,58863,58887,2020-07-23 09:10:00,2020-07-23 09:15:00,2020-07-23 11:15:00,-1,24
58894,58895,58919,2020-07-23 11:50:00,2020-07-23 11:55:00,2020-07-23 13:55:00,1,24
58942,58943,58967,2020-07-23 15:50:00,2020-07-23 15:55:00,2020-07-23 17:55:00,1,24
58978,58979,59003,2020-07-23 18:50:00,2020-07-23 18:55:00,2020-07-23 20:55:00,1,24
59007,59008,59032,2020-07-23 21:15:00,2020-07-23 21:20:00,2020-07-23 23:20:00,1,24
59031,59032,59056,2020-07-23 23:15:00,2020-07-23 23:20:00,2020-07-24 01:20:00,1,24
59055,59056,59080,2020-07-24 01:15:00,2020-07-24 01:20:00,2020-07-24 03:20:00,1,24
59093,59094,59118,2020-07-24 04:25:00,2020-07-24 04:30:00,2020-07-24 06:30:00,1,24
59138,59139,59163,2020-07-24 08:10:00,2020-07-24 08:15:00,2020-07-24 10:15:00,1,24
59272,59273,59297,2020-07-24 19:20:00,2020-07-24 19:25:00,2020-07-24 21:25:00,1,24
59333,59334,59358,2020-07-25 00:25:00,2020-07-25 00:30:00,2020-07-25 02:30:00,1,24
59366,59367,59391,2020-07-25 03:10:00,2020-07-25 03:15:00,2020-07-25 05:15:00,1,24
59395,59396,59420,2020-07-25 05:35:00,2020-07-25 05:40:00,2020-07-25 07:40:00,1,24
59426,59427,59451,2020-07-25 08:10:00,2020-07-25 08:15:00,2020-07-25 10:15:00,1,24
59466,59467,59491,2020-07-25 11:30:00,2020-07-25 11:35:00,2020-07-25 13:35:00,1,24
59494,59495,59519,2020-07-25 13:50:00,2020-07-25 13:55:00,2020-07-25 15:55:00,1,24
59565,59566,59590,2020-07-25 19:45:00,2020-07-25 19:50:00,2020-07-25 21:50:00,1,24
59589,59590,59614,2020-07-25 21:45:00,2020-07-25 21:50:00,2020-07-25 23:50:00,1,24
59614,59615,59639,2020-07-25 23:50:00,2020-07-25 23:55:00,2020-07-26 01:55:00,1,24
59640,59641,59665,2020-07-26 02:00:00,2020-07-26 02:05:00,2020-07-26 04:05:00,1,24
59669,59670,59694,2020-07-26 04:25:00,2020-07-26 04:30:00,2020-07-26 06:30:00,1,24
59697,59698,59722,2020-07-26 06:45:00,2020-07-26 06:50:00,2020-07-26 08:50:00,1,24
59758,59759,59783,2020-07-26 11:50:00,2020-07-26 11:55:00,2020-07-26 13:55:00,1,24
59782,59783,59807,2020-07-26 13:50:00,2020-07-26 13:55:00,2020-07-26 15:55:00,-1,24
59830,59831,59855,2020-07-26 17:50:00,2020-07-26 17:55:00,2020-07-26 19:55:00,-1,24
59859,59860,59884,2020-07-26 20:15:00,2020-07-26 20:20:00,2020-07-26 22:20:00,1,24
59883,59884,59908,2020-07-26 22:15:00,2020-07-26 22:20:00,2020-07-27 00:20:00,1,24
59961,59962,59986,2020-07-27 04:45:00,2020-07-27 04:50:00,2020-07-27 06:50:00,1,24
60028,60029,60053,2020-07-27 10:20:00,2020-07-27 10:25:00,2020-07-27 12:25:00,1,24
60150,60151,60175,2020-07-27 20:30:00,2020-07-27 20:35:00,2020-07-27 22:35:00,-1,24
60210,60211,60235,2020-07-28 01:30:00,2020-07-28 01:35:00,2020-07-28 03:35:00,1,24
60237,60238,60262,2020-07-28 03:45:00,2020-07-28 03:50:00,2020-07-28 05:50:00,1,24
60280,60281,60305,2020-07-28 07:20:00,2020-07-28 07:25:00,2020-07-28 09:25:00,-1,24
60420,60421,60445,2020-07-28 19:00:00,2020-07-28 19:05:00,2020-07-28 21:05:00,1,24
60446,60447,60471,2020-07-28 21:10:00,2020-07-28 21:15:00,2020-07-28 23:15:00,1,24
60477,60478,60502,2020-07-28 23:45:00,2020-07-28 23:50:00,2020-07-29 01:50:00,1,24
60523,60524,60548,2020-07-29 03:35:00,2020-07-29 03:40:00,2020-07-29 05:40:00,1,24
60579,60580,60604,2020-07-29 08:15:00,2020-07-29 08:20:00,2020-07-29 10:20:00,-1,24
60609,60610,60634,2020-07-29 10:45:00,2020-07-29 10:50:00,2020-07-29 12:50:00,-1,24
60698,60699,60723,2020-07-29 18:10:00,2020-07-29 18:15:00,2020-07-29 20:15:00,-1,24
60782,60783,60807,2020-07-30 01:10:00,2020-07-30 01:15:00,2020-07-30 03:15:00,1,24
60809,60810,60834,2020-07-30 03:25:00,2020-07-30 03:30:00,2020-07-30 05:30:00,-1,24
60870,60871,60895,2020-07-30 08:30:00,2020-07-30 08:35:00,2020-07-30 10:35:00,1,24
60920,60921,60945,2020-07-30 12:40:00,2020-07-30 12:45:00,2020-07-30 14:45:00,-1,24
60950,60951,60975,2020-07-30 15:10:00,2020-07-30 15:15:00,2020-07-30 17:15:00,-1,24
61006,61007,61031,2020-07-30 19:50:00,2020-07-30 19:55:00,2020-07-30 21:55:00,1,24
61030,61031,61055,2020-07-30 21:50:00,2020-07-30 21:55:00,2020-07-30 23:55:00,1,24
61062,61063,61087,2020-07-31 00:30:00,2020-07-31 00:35:00,2020-07-31 02:35:00,1,24
61094,61095,61119,2020-07-31 03:10:00,2020-07-31 03:15:00,2020-07-31 05:15:00,1,24
61118,61119,61143,2020-07-31 05:10:00,2020-07-31 05:15:00,2020-07-31 07:15:00,1,24
61146,61147,61171,2020-07-31 07:30:00,2020-07-31 07:35:00,2020-07-31 09:35:00,-1,24
61193,61194,61218,2020-07-31 11:25:00,2020-07-31 11:30:00,2020-07-31 13:30:00,-1,24
61285,61286,61310,2020-07-31 19:05:00,2020-07-31 19:10:00,2020-07-31 21:10:00,1,24
61324,61325,61349,2020-07-31 22:20:00,2020-07-31 22:25:00,2020-08-01 00:25:00,-1,24
61376,61377,61401,2020-08-01 02:40:00,2020-08-01 02:45:00,2020-08-01 04:45:00,1,24
61451,61452,61476,2020-08-01 08:55:00,2020-08-01 09:00:00,2020-08-01 11:00:00,-1,24
61480,61481,61505,2020-08-01 11:20:00,2020-08-01 11:25:00,2020-08-01 13:25:00,-1,24
61537,61538,61562,2020-08-01 16:05:00,2020-08-01 16:10:00,2020-08-01 18:10:00,-1,24
61564,61565,61589,2020-08-01 18:20:00,2020-08-01 18:25:00,2020-08-01 20:25:00,1,24
61593,61594,61618,2020-08-01 20:45:00,2020-08-01 20:50:00,2020-08-01 22:50:00,1,24
61667,61668,61692,2020-08-02 02:55:00,2020-08-02 03:00:00,2020-08-02 05:00:00,-1,24
61754,61755,61779,2020-08-02 10:10:00,2020-08-02 10:15:00,2020-08-02 12:15:00,1,24
61817,61818,61842,2020-08-02 15:25:00,2020-08-02 15:30:00,2020-08-02 17:30:00,1,24
61848,61849,61873,2020-08-02 18:00:00,2020-08-02 18:05:00,2020-08-02 20:05:00,1,24
61887,61888,61912,2020-08-02 21:15:00,2020-08-02 21:20:00,2020-08-02 23:20:00,1,24
61912,61913,61937,2020-08-02 23:20:00,2020-08-02 23:25:00,2020-08-03 01:25:00,1,24
61941,61942,61966,2020-08-03 01:45:00,2020-08-03 01:50:00,2020-08-03 03:50:00,1,24
61971,61972,61996,2020-08-03 04:15:00,2020-08-03 04:20:00,2020-08-03 06:20:00,1,24
61996,61997,62021,2020-08-03 06:20:00,2020-08-03 06:25:00,2020-08-03 08:25:00,1,24
62024,62025,62049,2020-08-03 08:40:00,2020-08-03 08:45:00,2020-08-03 10:45:00,1,24
62065,62066,62090,2020-08-03 12:05:00,2020-08-03 12:10:00,2020-08-03 14:10:00,1,24
62139,62140,62164,2020-08-03 18:15:00,2020-08-03 18:20:00,2020-08-03 20:20:00,1,24
62171,62172,62196,2020-08-03 20:55:00,2020-08-03 21:00:00,2020-08-03 23:00:00,1,24
62200,62201,62225,2020-08-03 23:20:00,2020-08-03 23:25:00,2020-08-04 01:25:00,-1,24
62232,62233,62257,2020-08-04 02:00:00,2020-08-04 02:05:00,2020-08-04 04:05:00,1,24
62277,62278,62302,2020-08-04 05:45:00,2020-08-04 05:50:00,2020-08-04 07:50:00,-1,24
62326,62327,62351,2020-08-04 09:50:00,2020-08-04 09:55:00,2020-08-04 11:55:00,1,24
62386,62387,62411,2020-08-04 14:50:00,2020-08-04 14:55:00,2020-08-04 16:55:00,1,24
62425,62426,62450,2020-08-04 18:05:00,2020-08-04 18:10:00,2020-08-04 20:10:00,1,24
62453,62454,62478,2020-08-04 20:25:00,2020-08-04 20:30:00,2020-08-04 22:30:00,1,24
62481,62482,62506,2020-08-04 22:45:00,2020-08-04 22:50:00,2020-08-05 00:50:00,1,24
62525,62526,62550,2020-08-05 02:25:00,2020-08-05 02:30:00,2020-08-05 04:30:00,1,24
62552,62553,62577,2020-08-05 04:40:00,2020-08-05 04:45:00,2020-08-05 06:45:00,1,24
62585,62586,62610,2020-08-05 07:25:00,2020-08-05 07:30:00,2020-08-05 09:30:00,1,24
62620,62621,62645,2020-08-05 10:20:00,2020-08-05 10:25:00,2020-08-05 12:25:00,1,24
62647,62648,62672,2020-08-05 12:35:00,2020-08-05 12:40:00,2020-08-05 14:40:00,1,24
62711,62712,62736,2020-08-05 17:55:00,2020-08-05 18:00:00,2020-08-05 20:00:00,1,24
62759,62760,62784,2020-08-05 21:55:00,2020-08-05 22:00:00,2020-08-06 00:00:00,1,24
62795,62796,62820,2020-08-06 00:55:00,2020-08-06 01:00:00,2020-08-06 03:00:00,1,24
62823,62824,62848,2020-08-06 03:15:00,2020-08-06 03:20:00,2020-08-06 05:20:00,1,24
62854,62855,62879,2020-08-06 05:50:00,2020-08-06 05:55:00,2020-08-06 07:55:00,1,24
62886,62887,62911,2020-08-06 08:30:00,2020-08-06 08:35:00,2020-08-06 10:35:00,1,24
62920,62921,62945,2020-08-06 11:20:00,2020-08-06 11:25:00,2020-08-06 13:25:00,1,24
62995,62996,63020,2020-08-06 17:35:00,2020-08-06 17:40:00,2020-08-06 19:40:00,1,24
63028,63029,63053,2020-08-06 20:20:00,2020-08-06 20:25:00,2020-08-06 22:25:00,1,24
63072,63073,63097,2020-08-07 00:00:00,2020-08-07 00:05:00,2020-08-07 02:05:00,1,24
63096,63097,63121,2020-08-07 02:00:00,2020-08-07 02:05:00,2020-08-07 04:05:00,1,24
63141,63142,63166,2020-08-07 05:45:00,2020-08-07 05:50:00,2020-08-07 07:50:00,1,24
63176,63177,63201,2020-08-07 08:40:00,2020-08-07 08:45:00,2020-08-07 10:45:00,1,24
63200,63201,63225,2020-08-07 10:40:00,2020-08-07 10:45:00,2020-08-07 12:45:00,1,24
63234,63235,63259,2020-08-07 13:30:00,2020-08-07 13:35:00,2020-08-07 15:35:00,1,24
63260,63261,63285,2020-08-07 15:40:00,2020-08-07 15:45:00,2020-08-07 17:45:00,-1,24
63322,63323,63347,2020-08-07 20:50:00,2020-08-07 20:55:00,2020-08-07 22:55:00,1,24
63394,63395,63419,2020-08-08 02:50:00,2020-08-08 02:55:00,2020-08-08 04:55:00,1,24
63420,63421,63445,2020-08-08 05:00:00,2020-08-08 05:05:00,2020-08-08 07:05:00,1,24
63451,63452,63476,2020-08-08 07:35:00,2020-08-08 07:40:00,2020-08-08 09:40:00,1,24
63495,63496,63520,2020-08-08 11:15:00,2020-08-08 11:20:00,2020-08-08 13:20:00,1,24
63534,63535,63559,2020-08-08 14:30:00,2020-08-08 14:35:00,2020-08-08 16:35:00,1,24
63571,63572,63596,2020-08-08 17:35:00,2020-08-08 17:40:00,2020-08-08 19:40:00,1,24
63598,63599,63623,2020-08-08 19:50:00,2020-08-08 19:55:00,2020-08-08 21:55:00,1,24
63655,63656,63680,2020-08-09 00:35:00,2020-08-09 00:40:00,2020-08-09 02:40:00,1,24
63682,63683,63707,2020-08-09 02:50:00,2020-08-09 02:55:00,2020-08-09 04:55:00,1,24
63708,63709,63733,2020-08-09 05:00:00,2020-08-09 05:05:00,2020-08-09 07:05:00,1,24
63760,63761,63785,2020-08-09 09:20:00,2020-08-09 09:25:00,2020-08-09 11:25:00,1,24
63787,63788,63812,2020-08-09 11:35:00,2020-08-09 11:40:00,2020-08-09 13:40:00,1,24
63867,63868,63892,2020-08-09 18:15:00,2020-08-09 18:20:00,2020-08-09 20:20:00,1,24
63908,63909,63933,2020-08-09 21:40:00,2020-08-09 21:45:00,2020-08-09 23:45:00,1,24
63933,63934,63958,2020-08-09 23:45:00,2020-08-09 23:50:00,2020-08-10 01:50:00,1,24
63957,63958,63982,2020-08-10 01:45:00,2020-08-10 01:50:00,2020-08-10 03:50:00,1,24
63982,63983,64007,2020-08-10 03:50:00,2020-08-10 03:55:00,2020-08-10 05:55:00,1,24
64013,64014,64038,2020-08-10 06:25:00,2020-08-10 06:30:00,2020-08-10 08:30:00,1,24
64049,64050,64074,2020-08-10 09:25:00,2020-08-10 09:30:00,2020-08-10 11:30:00,1,24
64126,64127,64151,2020-08-10 15:50:00,2020-08-10 15:55:00,2020-08-10 17:55:00,1,24
64163,64164,64188,2020-08-10 18:55:00,2020-08-10 19:00:00,2020-08-10 21:00:00,1,24
64198,64199,64223,2020-08-10 21:50:00,2020-08-10 21:55:00,2020-08-10 23:55:00,1,24
64229,64230,64254,2020-08-11 00:25:00,2020-08-11 00:30:00,2020-08-11 02:30:00,1,24
64256,64257,64281,2020-08-11 02:40:00,2020-08-11 02:45:00,2020-08-11 04:45:00,1,24
64282,64283,64307,2020-08-11 04:50:00,2020-08-11 04:55:00,2020-08-11 06:55:00,1,24
64336,64337,64361,2020-08-11 09:20:00,2020-08-11 09:25:00,2020-08-11 11:25:00,1,24
64366,64367,64391,2020-08-11 11:50:00,2020-08-11 11:55:00,2020-08-11 13:55:00,1,24
64451,64452,64476,2020-08-11 18:55:00,2020-08-11 19:00:00,2020-08-11 21:00:00,1,24
64521,64522,64546,2020-08-12 00:45:00,2020-08-12 00:50:00,2020-08-12 02:50:00,1,24
64557,64558,64582,2020-08-12 03:45:00,2020-08-12 03:50:00,2020-08-12 05:50:00,1,24
64624,64625,64649,2020-08-12 09:20:00,2020-08-12 09:25:00,2020-08-12 11:25:00,1,24
64652,64653,64677,2020-08-12 11:40:00,2020-08-12 11:45:00,2020-08-12 13:45:00,1,24
64693,64694,64718,2020-08-12 15:05:00,2020-08-12 15:10:00,2020-08-12 17:10:00,1,24
64725,64726,64750,2020-08-12 17:45:00,2020-08-12 17:50:00,2020-08-12 19:50:00,1,24
64752,64753,64777,2020-08-12 20:00:00,2020-08-12 20:05:00,2020-08-12 22:05:00,1,24
64776,64777,64801,2020-08-12 22:00:00,2020-08-12 22:05:00,2020-08-13 00:05:00,1,24
64815,64816,64840,2020-08-13 01:15:00,2020-08-13 01:20:00,2020-08-13 03:20:00,1,24
64843,64844,64868,2020-08-13 03:35:00,2020-08-13 03:40:00,2020-08-13 05:40:00,1,24
64868,64869,64893,2020-08-13 05:40:00,2020-08-13 05:45:00,2020-08-13 07:45:00,1,24
64893,64894,64918,2020-08-13 07:45:00,2020-08-13 07:50:00,2020-08-13 09:50:00,1,24
64920,64921,64945,2020-08-13 10:00:00,2020-08-13 10:05:00,2020-08-13 12:05:00,-1,24
64978,64979,65003,2020-08-13 14:50:00,2020-08-13 14:55:00,2020-08-13 16:55:00,1,24
65012,65013,65037,2020-08-13 17:40:00,2020-08-13 17:45:00,2020-08-13 19:45:00,1,24
65036,65037,65061,2020-08-13 19:40:00,2020-08-13 19:45:00,2020-08-13 21:45:00,1,24
65090,65091,65115,2020-08-14 00:10:00,2020-08-14 00:15:00,2020-08-14 02:15:00,1,24
65127,65128,65152,2020-08-14 03:15:00,2020-08-14 03:20:00,2020-08-14 05:20:00,1,24
65153,65154,65178,2020-08-14 05:25:00,2020-08-14 05:30:00,2020-08-14 07:30:00,1,24
65177,65178,65202,2020-08-14 07:25:00,2020-08-14 07:30:00,2020-08-14 09:30:00,1,24
65204,65205,65229,2020-08-14 09:40:00,2020-08-14 09:45:00,2020-08-14 11:45:00,1,24
65228,65229,65253,2020-08-14 11:40:00,2020-08-14 11:45:00,2020-08-14 13:45:00,1,24
65254,65255,65279,2020-08-14 13:50:00,2020-08-14 13:55:00,2020-08-14 15:55:00,1,24
65300,65301,65325,2020-08-14 17:40:00,2020-08-14 17:45:00,2020-08-14 19:45:00,1,24
65324,65325,65349,2020-08-14 19:40:00,2020-08-14 19:45:00,2020-08-14 21:45:00,1,24
65365,65366,65390,2020-08-14 23:05:00,2020-08-14 23:10:00,2020-08-15 01:10:00,1,24
65397,65398,65422,2020-08-15 01:45:00,2020-08-15 01:50:00,2020-08-15 03:50:00,1,24
65429,65430,65454,2020-08-15 04:25:00,2020-08-15 04:30:00,2020-08-15 06:30:00,1,24
65468,65469,65493,2020-08-15 07:40:00,2020-08-15 07:45:00,2020-08-15 09:45:00,1,24
65492,65493,65517,2020-08-15 09:40:00,2020-08-15 09:45:00,2020-08-15 11:45:00,1,24
65539,65540,65564,2020-08-15 13:35:00,2020-08-15 13:40:00,2020-08-15 15:40:00,1,24
65570,65571,65595,2020-08-15 16:10:00,2020-08-15 16:15:00,2020-08-15 18:15:00,-1,24
65598,65599,65623,2020-08-15 18:30:00,2020-08-15 18:35:00,2020-08-15 20:35:00,1,24
65622,65623,65647,2020-08-15 20:30:00,2020-08-15 20:35:00,2020-08-15 22:35:00,1,24
65658,65659,65683,2020-08-15 23:30:00,2020-08-15 23:35:00,2020-08-16 01:35:00,1,24
65694,65695,65719,2020-08-16 02:30:00,2020-08-16 02:35:00,2020-08-16 04:35:00,1,24
65727,65728,65752,2020-08-16 05:15:00,2020-08-16 05:20:00,2020-08-16 07:20:00,1,24
65751,65752,65776,2020-08-16 07:15:00,2020-08-16 07:20:00,2020-08-16 09:20:00,1,24
65782,65783,65807,2020-08-16 09:50:00,2020-08-16 09:55:00,2020-08-16 11:55:00,1,24
65825,65826,65850,2020-08-16 13:25:00,2020-08-16 13:30:00,2020-08-16 15:30:00,1,24
65852,65853,65877,2020-08-16 15:40:00,2020-08-16 15:45:00,2020-08-16 17:45:00,1,24
65876,65877,65901,2020-08-16 17:40:00,2020-08-16 17:45:00,2020-08-16 19:45:00,1,24
65903,65904,65928,2020-08-16 19:55:00,2020-08-16 20:00:00,2020-08-16 22:00:00,1,24
65929,65930,65954,2020-08-16 22:05:00,2020-08-16 22:10:00,2020-08-17 00:10:00,1,24
65962,65963,65987,2020-08-17 00:50:00,2020-08-17 00:55:00,2020-08-17 02:55:00,1,24
65987,65988,66012,2020-08-17 02:55:00,2020-08-17 03:00:00,2020-08-17 05:00:00,1,24
66013,66014,66038,2020-08-17 05:05:00,2020-08-17 05:10:00,2020-08-17 07:10:00,1,24
66039,66040,66064,2020-08-17 07:15:00,2020-08-17 07:20:00,2020-08-17 09:20:00,1,24
66071,66072,66096,2020-08-17 09:55:00,2020-08-17 10:00:00,2020-08-17 12:00:00,1,24
66165,66166,66190,2020-08-17 17:45:00,2020-08-17 17:50:00,2020-08-17 19:50:00,-1,24
66191,66192,66216,2020-08-17 19:55:00,2020-08-17 20:00:00,2020-08-17 22:00:00,1,24
66215,66216,66240,2020-08-17 21:55:00,2020-08-17 22:00:00,2020-08-18 00:00:00,1,24
66245,66246,66270,2020-08-18 00:25:00,2020-08-18 00:30:00,2020-08-18 02:30:00,1,24
66274,66275,66299,2020-08-18 02:50:00,2020-08-18 02:55:00,2020-08-18 04:55:00,1,24
66327,66328,66352,2020-08-18 07:15:00,2020-08-18 07:20:00,2020-08-18 09:20:00,1,24
66354,66355,66379,2020-08-18 09:30:00,2020-08-18 09:35:00,2020-08-18 11:35:00,1,24
66388,66389,66413,2020-08-18 12:20:00,2020-08-18 12:25:00,2020-08-18 14:25:00,1,24
66421,66422,66446,2020-08-18 15:05:00,2020-08-18 15:10:00,2020-08-18 17:10:00,-1,24
66461,66462,66486,2020-08-18 18:25:00,2020-08-18 18:30:00,2020-08-18 20:30:00,-1,24
66487,66488,66512,2020-08-18 20:35:00,2020-08-18 20:40:00,2020-08-18 22:40:00,1,24
66519,66520,66544,2020-08-18 23:15:00,2020-08-18 23:20:00,2020-08-19 01:20:00,1,24
66559,66560,66584,2020-08-19 02:35:00,2020-08-19 02:40:00,2020-08-19 04:40:00,-1,24
66622,66623,66647,2020-08-19 07:50:00,2020-08-19 07:55:00,2020-08-19 09:55:00,-1,24
66673,66674,66698,2020-08-19 12:05:00,2020-08-19 12:10:00,2020-08-19 14:10:00,1,24
66740,66741,66765,2020-08-19 17:40:00,2020-08-19 17:45:00,2020-08-19 19:45:00,1,24
66766,66767,66791,2020-08-19 19:50:00,2020-08-19 19:55:00,2020-08-19 21:55:00,1,24
66808,66809,66833,2020-08-19 23:20:00,2020-08-19 23:25:00,2020-08-20 01:25:00,1,24
66839,66840,66864,2020-08-20 01:55:00,2020-08-20 02:00:00,2020-08-20 04:00:00,1,24
66868,66869,66893,2020-08-20 04:20:00,2020-08-20 04:25:00,2020-08-20 06:25:00,1,24
66903,66904,66928,2020-08-20 07:15:00,2020-08-20 07:20:00,2020-08-20 09:20:00,1,24
66939,66940,66964,2020-08-20 10:15:00,2020-08-20 10:20:00,2020-08-20 12:20:00,1,24
66963,66964,66988,2020-08-20 12:15:00,2020-08-20 12:20:00,2020-08-20 14:20:00,1,24
67011,67012,67036,2020-08-20 16:15:00,2020-08-20 16:20:00,2020-08-20 18:20:00,1,24
67041,67042,67066,2020-08-20 18:45:00,2020-08-20 18:50:00,2020-08-20 20:50:00,1,24
67070,67071,67095,2020-08-20 21:10:00,2020-08-20 21:15:00,2020-08-20 23:15:00,1,24
67099,67100,67124,2020-08-20 23:35:00,2020-08-20 23:40:00,2020-08-21 01:40:00,1,24
67126,67127,67151,2020-08-21 01:50:00,2020-08-21 01:55:00,2020-08-21 03:55:00,1,24
67154,67155,67179,2020-08-21 04:10:00,2020-08-21 04:15:00,2020-08-21 06:15:00,1,24
67178,67179,67203,2020-08-21 06:10:00,2020-08-21 06:15:00,2020-08-21 08:15:00,1,24
67205,67206,67230,2020-08-21 08:25:00,2020-08-21 08:30:00,2020-08-21 10:30:00,-1,24
67234,67235,67259,2020-08-21 10:50:00,2020-08-21 10:55:00,2020-08-21 12:55:00,1,24
67270,67271,67295,2020-08-21 13:50:00,2020-08-21 13:55:00,2020-08-21 15:55:00,1,24
67298,67299,67323,2020-08-21 16:10:00,2020-08-21 16:15:00,2020-08-21 18:15:00,1,24
67327,67328,67352,2020-08-21 18:35:00,2020-08-21 18:40:00,2020-08-21 20:40:00,1,24
67353,67354,67378,2020-08-21 20:45:00,2020-08-21 20:50:00,2020-08-21 22:50:00,-1,24
67411,67412,67436,2020-08-22 01:35:00,2020-08-22 01:40:00,2020-08-22 03:40:00,1,24
67460,67461,67485,2020-08-22 05:40:00,2020-08-22 05:45:00,2020-08-22 07:45:00,1,24
67485,67486,67510,2020-08-22 07:45:00,2020-08-22 07:50:00,2020-08-22 09:50:00,1,24
67528,67529,67553,2020-08-22 11:20:00,2020-08-22 11:25:00,2020-08-22 13:25:00,1,24
67559,67560,67584,2020-08-22 13:55:00,2020-08-22 14:00:00,2020-08-22 16:00:00,1,24
67593,67594,67618,2020-08-22 16:45:00,2020-08-22 16:50:00,2020-08-22 18:50:00,1,24
67621,67622,67646,2020-08-22 19:05:00,2020-08-22 19:10:00,2020-08-22 21:10:00,1,24
67646,67647,67671,2020-08-22 21:10:00,2020-08-22 21:15:00,2020-08-22 23:15:00,1,24
67687,67688,67712,2020-08-23 00:35:00,2020-08-23 00:40:00,2020-08-23 02:40:00,1,24
67732,67733,67757,2020-08-23 04:20:00,2020-08-23 04:25:00,2020-08-23 06:25:00,1,24
67757,67758,67782,2020-08-23 06:25:00,2020-08-23 06:30:00,2020-08-23 08:30:00,1,24
67781,67782,67806,2020-08-23 08:25:00,2020-08-23 08:30:00,2020-08-23 10:30:00,1,24
67806,67807,67831,2020-08-23 10:30:00,2020-08-23 10:35:00,2020-08-23 12:35:00,1,24
67838,67839,67863,2020-08-23 13:10:00,2020-08-23 13:15:00,2020-08-23 15:15:00,1,24
67883,67884,67908,2020-08-23 16:55:00,2020-08-23 17:00:00,2020-08-23 19:00:00,1,24
67950,67951,67975,2020-08-23 22:30:00,2020-08-23 22:35:00,2020-08-24 00:35:00,1,24
67985,67986,68010,2020-08-24 01:25:00,2020-08-24 01:30:00,2020-08-24 03:30:00,1,24
68017,68018,68042,2020-08-24 04:05:00,2020-08-24 04:10:00,2020-08-24 06:10:00,1,24
68064,68065,68089,2020-08-24 08:00:00,2020-08-24 08:05:00,2020-08-24 10:05:00,1,24
68099,68100,68124,2020-08-24 10:55:00,2020-08-24 11:00:00,2020-08-24 13:00:00,-1,24
68131,68132,68156,2020-08-24 13:35:00,2020-08-24 13:40:00,2020-08-24 15:40:00,1,24
68162,68163,68187,2020-08-24 16:10:00,2020-08-24 16:15:00,2020-08-24 18:15:00,1,24
68189,68190,68214,2020-08-24 18:25:00,2020-08-24 18:30:00,2020-08-24 20:30:00,1,24
68221,68222,68246,2020-08-24 21:05:00,2020-08-24 21:10:00,2020-08-24 23:10:00,1,24
68265,68266,68290,2020-08-25 00:45:00,2020-08-25 00:50:00,2020-08-25 02:50:00,1,24
68289,68290,68314,2020-08-25 02:45:00,2020-08-25 02:50:00,2020-08-25 04:50:00,1,24
68325,68326,68350,2020-08-25 05:45:00,2020-08-25 05:50:00,2020-08-25 07:50:00,1,24
68366,68367,68391,2020-08-25 09:10:00,2020-08-25 09:15:00,2020-08-25 11:15:00,1,24
68409,68410,68434,2020-08-25 12:45:00,2020-08-25 12:50:00,2020-08-25 14:50:00,1,24
68437,68438,68462,2020-08-25 15:05:00,2020-08-25 15:10:00,2020-08-25 17:10:00,1,24
68508,68509,68533,2020-08-25 21:00:00,2020-08-25 21:05:00,2020-08-25 23:05:00,1,24
68541,68542,68566,2020-08-25 23:45:00,2020-08-25 23:50:00,2020-08-26 01:50:00,1,24
68584,68585,68609,2020-08-26 03:20:00,2020-08-26 03:25:00,2020-08-26 05:25:00,1,24
68629,68630,68654,2020-08-26 07:05:00,2020-08-26 07:10:00,2020-08-26 09:10:00,1,24
68653,68654,68678,2020-08-26 09:05:00,2020-08-26 09:10:00,2020-08-26 11:10:00,1,24
68723,68724,68748,2020-08-26 14:55:00,2020-08-26 15:00:00,2020-08-26 17:00:00,1,24
68791,68792,68816,2020-08-26 20:35:00,2020-08-26 20:40:00,2020-08-26 22:40:00,-1,24
68819,68820,68844,2020-08-26 22:55:00,2020-08-26 23:00:00,2020-08-27 01:00:00,1,24
68844,68845,68869,2020-08-27 01:00:00,2020-08-27 01:05:00,2020-08-27 03:05:00,1,24
68868,68869,68893,2020-08-27 03:00:00,2020-08-27 03:05:00,2020-08-27 05:05:00,1,24
68895,68896,68920,2020-08-27 05:15:00,2020-08-27 05:20:00,2020-08-27 07:20:00,1,24
68940,68941,68965,2020-08-27 09:00:00,2020-08-27 09:05:00,2020-08-27 11:05:00,-1,24
68970,68971,68995,2020-08-27 11:30:00,2020-08-27 11:35:00,2020-08-27 13:35:00,1,24
69010,69011,69035,2020-08-27 14:50:00,2020-08-27 14:55:00,2020-08-27 16:55:00,1,24
69090,69091,69115,2020-08-27 21:30:00,2020-08-27 21:35:00,2020-08-27 23:35:00,-1,24
69138,69139,69163,2020-08-28 01:30:00,2020-08-28 01:35:00,2020-08-28 03:35:00,1,24
69165,69166,69190,2020-08-28 03:45:00,2020-08-28 03:50:00,2020-08-28 05:50:00,1,24
69227,69228,69252,2020-08-28 08:55:00,2020-08-28 09:00:00,2020-08-28 11:00:00,1,24
69251,69252,69276,2020-08-28 10:55:00,2020-08-28 11:00:00,2020-08-28 13:00:00,1,24
69279,69280,69304,2020-08-28 13:15:00,2020-08-28 13:20:00,2020-08-28 15:20:00,1,24
69324,69325,69349,2020-08-28 17:00:00,2020-08-28 17:05:00,2020-08-28 19:05:00,1,24
69371,69372,69396,2020-08-28 20:55:00,2020-08-28 21:00:00,2020-08-28 23:00:00,1,24
69404,69405,69429,2020-08-28 23:40:00,2020-08-28 23:45:00,2020-08-29 01:45:00,1,24
69434,69435,69459,2020-08-29 02:10:00,2020-08-29 02:15:00,2020-08-29 04:15:00,1,24
69458,69459,69483,2020-08-29 04:10:00,2020-08-29 04:15:00,2020-08-29 06:15:00,1,24
69495,69496,69520,2020-08-29 07:15:00,2020-08-29 07:20:00,2020-08-29 09:20:00,1,24
69527,69528,69552,2020-08-29 09:55:00,2020-08-29 10:00:00,2020-08-29 12:00:00,-1,24
69555,69556,69580,2020-08-29 12:15:00,2020-08-29 12:20:00,2020-08-29 14:20:00,1,24
69597,69598,69622,2020-08-29 15:45:00,2020-08-29 15:50:00,2020-08-29 17:50:00,1,24
69623,69624,69648,2020-08-29 17:55:00,2020-08-29 18:00:00,2020-08-29 20:00:00,1,24
69652,69653,69677,2020-08-29 20:20:00,2020-08-29 20:25:00,2020-08-29 22:25:00,1,24
69678,69679,69703,2020-08-29 22:30:00,2020-08-29 22:35:00,2020-08-30 00:35:00,1,24
69702,69703,69727,2020-08-30 00:30:00,2020-08-30 00:35:00,2020-08-30 02:35:00,1,24
69727,69728,69752,2020-08-30 02:35:00,2020-08-30 02:40:00,2020-08-30 04:40:00,1,24
69752,69753,69777,2020-08-30 04:40:00,2020-08-30 04:45:00,2020-08-30 06:45:00,1,24
69777,69778,69802,2020-08-30 06:45:00,2020-08-30 06:50:00,2020-08-30 08:50:00,1,24
69817,69818,69842,2020-08-30 10:05:00,2020-08-30 10:10:00,2020-08-30 12:10:00,1,24
69846,69847,69871,2020-08-30 12:30:00,2020-08-30 12:35:00,2020-08-30 14:35:00,1,24
69901,69902,69926,2020-08-30 17:05:00,2020-08-30 17:10:00,2020-08-30 19:10:00,1,24
69931,69932,69956,2020-08-30 19:35:00,2020-08-30 19:40:00,2020-08-30 21:40:00,1,24
69955,69956,69980,2020-08-30 21:35:00,2020-08-30 21:40:00,2020-08-30 23:40:00,1,24
70007,70008,70032,2020-08-31 01:55:00,2020-08-31 02:00:00,2020-08-31 04:00:00,-1,24
70049,70050,70074,2020-08-31 05:25:00,2020-08-31 05:30:00,2020-08-31 07:30:00,1,24
70110,70111,70135,2020-08-31 10:30:00,2020-08-31 10:35:00,2020-08-31 12:35:00,1,24
70142,70143,70167,2020-08-31 13:10:00,2020-08-31 13:15:00,2020-08-31 15:15:00,1,24
70173,70174,70198,2020-08-31 15:45:00,2020-08-31 15:50:00,2020-08-31 17:50:00,1,24
70220,70221,70245,2020-08-31 19:40:00,2020-08-31 19:45:00,2020-08-31 21:45:00,1,24
70257,70258,70282,2020-08-31 22:45:00,2020-08-31 22:50:00,2020-09-01 00:50:00,1,24
70284,70285,70309,2020-09-01 01:00:00,2020-09-01 01:05:00,2020-09-01 03:05:00,1,24
70392,70393,70417,2020-09-01 10:00:00,2020-09-01 10:05:00,2020-09-01 12:05:00,1,24
70427,70428,70452,2020-09-01 12:55:00,2020-09-01 13:00:00,2020-09-01 15:00:00,1,24
70466,70467,70491,2020-09-01 16:10:00,2020-09-01 16:15:00,2020-09-01 18:15:00,-1,24
70497,70498,70522,2020-09-01 18:45:00,2020-09-01 18:50:00,2020-09-01 20:50:00,1,24
70539,70540,70564,2020-09-01 22:15:00,2020-09-01 22:20:00,2020-09-02 00:20:00,-1,24
70593,70594,70618,2020-09-02 02:45:00,2020-09-02 02:50:00,2020-09-02 04:50:00,-1,24
70676,70677,70701,2020-09-02 09:40:00,2020-09-02 09:45:00,2020-09-02 11:45:00,1,24
70764,70765,70789,2020-09-02 17:00:00,2020-09-02 17:05:00,2020-09-02 19:05:00,1,24
70808,70809,70833,2020-09-02 20:40:00,2020-09-02 20:45:00,2020-09-02 22:45:00,-1,24
70856,70857,70881,2020-09-03 00:40:00,2020-09-03 00:45:00,2020-09-03 02:45:00,1,24
70880,70881,70905,2020-09-03 02:40:00,2020-09-03 02:45:00,2020-09-03 04:45:00,-1,24
70969,70970,70994,2020-09-03 10:05:00,2020-09-03 10:10:00,2020-09-03 12:10:00,1,24
71085,71086,71110,2020-09-03 19:45:00,2020-09-03 19:50:00,2020-09-03 21:50:00,-1,24
71120,71121,71145,2020-09-03 22:40:00,2020-09-03 22:45:00,2020-09-04 00:45:00,1,24
71151,71152,71176,2020-09-04 01:15:00,2020-09-04 01:20:00,2020-09-04 03:20:00,1,24
71183,71184,71208,2020-09-04 03:55:00,2020-09-04 04:00:00,2020-09-04 06:00:00,1,24
71227,71228,71252,2020-09-04 07:35:00,2020-09-04 07:40:00,2020-09-04 09:40:00,1,24
71266,71267,71291,2020-09-04 10:50:00,2020-09-04 10:55:00,2020-09-04 12:55:00,1,24
71290,71291,71315,2020-09-04 12:50:00,2020-09-04 12:55:00,2020-09-04 14:55:00,1,24
71381,71382,71406,2020-09-04 20:25:00,2020-09-04 20:30:00,2020-09-04 22:30:00,1,24
71415,71416,71440,2020-09-04 23:15:00,2020-09-04 23:20:00,2020-09-05 01:20:00,1,24
71443,71444,71468,2020-09-05 01:35:00,2020-09-05 01:40:00,2020-09-05 03:40:00,-1,24
71472,71473,71497,2020-09-05 04:00:00,2020-09-05 04:05:00,2020-09-05 06:05:00,1,24
71496,71497,71521,2020-09-05 06:00:00,2020-09-05 06:05:00,2020-09-05 08:05:00,1,24
71522,71523,71547,2020-09-05 08:10:00,2020-09-05 08:15:00,2020-09-05 10:15:00,1,24
71547,71548,71572,2020-09-05 10:15:00,2020-09-05 10:20:00,2020-09-05 12:20:00,1,24
71599,71600,71624,2020-09-05 14:35:00,2020-09-05 14:40:00,2020-09-05 16:40:00,1,24
71635,71636,71660,2020-09-05 17:35:00,2020-09-05 17:40:00,2020-09-05 19:40:00,1,24
71664,71665,71689,2020-09-05 20:00:00,2020-09-05 20:05:00,2020-09-05 22:05:00,1,24
71694,71695,71719,2020-09-05 22:30:00,2020-09-05 22:35:00,2020-09-06 00:35:00,1,24
71724,71725,71749,2020-09-06 01:00:00,2020-09-06 01:05:00,2020-09-06 03:05:00,1,24
71749,71750,71774,2020-09-06 03:05:00,2020-09-06 03:10:00,2020-09-06 05:10:00,1,24
71774,71775,71799,2020-09-06 05:10:00,2020-09-06 05:15:00,2020-09-06 07:15:00,1,24
71798,71799,71823,2020-09-06 07:10:00,2020-09-06 07:15:00,2020-09-06 09:15:00,1,24
71830,71831,71855,2020-09-06 09:50:00,2020-09-06 09:55:00,2020-09-06 11:55:00,1,24
71854,71855,71879,2020-09-06 11:50:00,2020-09-06 11:55:00,2020-09-06 13:55:00,1,24
71878,71879,71903,2020-09-06 13:50:00,2020-09-06 13:55:00,2020-09-06 15:55:00,1,24
71903,71904,71928,2020-09-06 15:55:00,2020-09-06 16:00:00,2020-09-06 18:00:00,1,24
71927,71928,71952,2020-09-06 17:55:00,2020-09-06 18:00:00,2020-09-06 20:00:00,1,24
71957,71958,71982,2020-09-06 20:25:00,2020-09-06 20:30:00,2020-09-06 22:30:00,1,24
71990,71991,72015,2020-09-06 23:10:00,2020-09-06 23:15:00,2020-09-07 01:15:00,1,24
72015,72016,72040,2020-09-07 01:15:00,2020-09-07 01:20:00,2020-09-07 03:20:00,1,24
72044,72045,72069,2020-09-07 03:40:00,2020-09-07 03:45:00,2020-09-07 05:45:00,1,24
72073,72074,72098,2020-09-07 06:05:00,2020-09-07 06:10:00,2020-09-07 08:10:00,1,24
72098,72099,72123,2020-09-07 08:10:00,2020-09-07 08:15:00,2020-09-07 10:15:00,1,24
72122,72123,72147,2020-09-07 10:10:00,2020-09-07 10:15:00,2020-09-07 12:15:00,1,24
72172,72173,72197,2020-09-07 14:20:00,2020-09-07 14:25:00,2020-09-07 16:25:00,1,24
72202,72203,72227,2020-09-07 16:50:00,2020-09-07 16:55:00,2020-09-07 18:55:00,1,24
72227,72228,72252,2020-09-07 18:55:00,2020-09-07 19:00:00,2020-09-07 21:00:00,1,24
72251,72252,72276,2020-09-07 20:55:00,2020-09-07 21:00:00,2020-09-07 23:00:00,1,24
72277,72278,72302,2020-09-07 23:05:00,2020-09-07 23:10:00,2020-09-08 01:10:00,1,24
72301,72302,72326,2020-09-08 01:05:00,2020-09-08 01:10:00,2020-09-08 03:10:00,1,24
72329,72330,72354,2020-09-08 03:25:00,2020-09-08 03:30:00,2020-09-08 05:30:00,1,24
72355,72356,72380,2020-09-08 05:35:00,2020-09-08 05:40:00,2020-09-08 07:40:00,1,24
72387,72388,72412,2020-09-08 08:15:00,2020-09-08 08:20:00,2020-09-08 10:20:00,1,24
72417,72418,72442,2020-09-08 10:45:00,2020-09-08 10:50:00,2020-09-08 12:50:00,1,24
72465,72466,72490,2020-09-08 14:45:00,2020-09-08 14:50:00,2020-09-08 16:50:00,1,24
72497,72498,72522,2020-09-08 17:25:00,2020-09-08 17:30:00,2020-09-08 19:30:00,1,24
72523,72524,72548,2020-09-08 19:35:00,2020-09-08 19:40:00,2020-09-08 21:40:00,1,24
72599,72600,72624,2020-09-09 01:55:00,2020-09-09 02:00:00,2020-09-09 04:00:00,1,24
72623,72624,72648,2020-09-09 03:55:00,2020-09-09 04:00:00,2020-09-09 06:00:00,1,24
72647,72648,72672,2020-09-09 05:55:00,2020-09-09 06:00:00,2020-09-09 08:00:00,-1,24
72671,72672,72696,2020-09-09 07:55:00,2020-09-09 08:00:00,2020-09-09 10:00:00,1,24
72701,72702,72726,2020-09-09 10:25:00,2020-09-09 10:30:00,2020-09-09 12:30:00,1,24
72731,72732,72756,2020-09-09 12:55:00,2020-09-09 13:00:00,2020-09-09 15:00:00,1,24
72765,72766,72790,2020-09-09 15:45:00,2020-09-09 15:50:00,2020-09-09 17:50:00,1,24
72811,72812,72836,2020-09-09 19:35:00,2020-09-09 19:40:00,2020-09-09 21:40:00,1,24
72837,72838,72862,2020-09-09 21:45:00,2020-09-09 21:50:00,2020-09-09 23:50:00,-1,24
72861,72862,72886,2020-09-09 23:45:00,2020-09-09 23:50:00,2020-09-10 01:50:00,1,24
72900,72901,72925,2020-09-10 03:00:00,2020-09-10 03:05:00,2020-09-10 05:05:00,1,24
72924,72925,72949,2020-09-10 05:00:00,2020-09-10 05:05:00,2020-09-10 07:05:00,1,24
72951,72952,72976,2020-09-10 07:15:00,2020-09-10 07:20:00,2020-09-10 09:20:00,1,24
72982,72983,73007,2020-09-10 09:50:00,2020-09-10 09:55:00,2020-09-10 11:55:00,1,24
73012,73013,73037,2020-09-10 12:20:00,2020-09-10 12:25:00,2020-09-10 14:25:00,1,24
73047,73048,73072,2020-09-10 15:15:00,2020-09-10 15:20:00,2020-09-10 17:20:00,1,24
73074,73075,73099,2020-09-10 17:30:00,2020-09-10 17:35:00,2020-09-10 19:35:00,1,24
73104,73105,73129,2020-09-10 20:00:00,2020-09-10 20:05:00,2020-09-10 22:05:00,1,24
73128,73129,73153,2020-09-10 22:00:00,2020-09-10 22:05:00,2020-09-11 00:05:00,1,24
73155,73156,73180,2020-09-11 00:15:00,2020-09-11 00:20:00,2020-09-11 02:20:00,1,24
73185,73186,73210,2020-09-11 02:45:00,2020-09-11 02:50:00,2020-09-11 04:50:00,1,24
73212,73213,73237,2020-09-11 05:00:00,2020-09-11 05:05:00,2020-09-11 07:05:00,1,24
73240,73241,73265,2020-09-11 07:20:00,2020-09-11 07:25:00,2020-09-11 09:25:00,1,24
73276,73277,73301,2020-09-11 10:20:00,2020-09-11 10:25:00,2020-09-11 12:25:00,1,24
73300,73301,73325,2020-09-11 12:20:00,2020-09-11 12:25:00,2020-09-11 14:25:00,1,24
73328,73329,73353,2020-09-11 14:40:00,2020-09-11 14:45:00,2020-09-11 16:45:00,1,24
73352,73353,73377,2020-09-11 16:40:00,2020-09-11 16:45:00,2020-09-11 18:45:00,1,24
73383,73384,73408,2020-09-11 19:15:00,2020-09-11 19:20:00,2020-09-11 21:20:00,1,24
73415,73416,73440,2020-09-11 21:55:00,2020-09-11 22:00:00,2020-09-12 00:00:00,1,24
73439,73440,73464,2020-09-11 23:55:00,2020-09-12 00:00:00,2020-09-12 02:00:00,1,24
73468,73469,73493,2020-09-12 02:20:00,2020-09-12 02:25:00,2020-09-12 04:25:00,1,24
73495,73496,73520,2020-09-12 04:35:00,2020-09-12 04:40:00,2020-09-12 06:40:00,-1,24
73520,73521,73545,2020-09-12 06:40:00,2020-09-12 06:45:00,2020-09-12 08:45:00,1,24
73545,73546,73570,2020-09-12 08:45:00,2020-09-12 08:50:00,2020-09-12 10:50:00,1,24
73569,73570,73594,2020-09-12 10:45:00,2020-09-12 10:50:00,2020-09-12 12:50:00,1,24
73607,73608,73632,2020-09-12 13:55:00,2020-09-12 14:00:00,2020-09-12 16:00:00,1,24
73631,73632,73656,2020-09-12 15:55:00,2020-09-12 16:00:00,2020-09-12 18:00:00,1,24
73665,73666,73690,2020-09-12 18:45:00,2020-09-12 18:50:00,2020-09-12 20:50:00,-1,24
73696,73697,73721,2020-09-12 21:20:00,2020-09-12 21:25:00,2020-09-12 23:25:00,-1,24
73727,73728,73752,2020-09-12 23:55:00,2020-09-13 00:00:00,2020-09-13 02:00:00,-1,24
73753,73754,73778,2020-09-13 02:05:00,2020-09-13 02:10:00,2020-09-13 04:10:00,-1,24
73784,73785,73809,2020-09-13 04:40:00,2020-09-13 04:45:00,2020-09-13 06:45:00,-1,24
73809,73810,73834,2020-09-13 06:45:00,2020-09-13 06:50:00,2020-09-13 08:50:00,-1,24
73833,73834,73858,2020-09-13 08:45:00,2020-09-13 08:50:00,2020-09-13 10:50:00,-1,24
73865,73866,73890,2020-09-13 11:25:00,2020-09-13 11:30:00,2020-09-13 13:30:00,1,24
73899,73900,73924,2020-09-13 14:15:00,2020-09-13 14:20:00,2020-09-13 16:20:00,-1,24
73946,73947,73971,2020-09-13 18:10:00,2020-09-13 18:15:00,2020-09-13 20:15:00,1,24
73975,73976,74000,2020-09-13 20:35:00,2020-09-13 20:40:00,2020-09-13 22:40:00,-1,24
74002,74003,74027,2020-09-13 22:50:00,2020-09-13 22:55:00,2020-09-14 00:55:00,-1,24
74028,74029,74053,2020-09-14 01:00:00,2020-09-14 01:05:00,2020-09-14 03:05:00,1,24
74052,74053,74077,2020-09-14 03:00:00,2020-09-14 03:05:00,2020-09-14 05:05:00,-1,24
74081,74082,74106,2020-09-14 05:25:00,2020-09-14 05:30:00,2020-09-14 07:30:00,-1,24
74105,74106,74130,2020-09-14 07:25:00,2020-09-14 07:30:00,2020-09-14 09:30:00,-1,24
74142,74143,74167,2020-09-14 10:30:00,2020-09-14 10:35:00,2020-09-14 12:35:00,-1,24
74236,74237,74261,2020-09-14 18:20:00,2020-09-14 18:25:00,2020-09-14 20:25:00,-1,24
74264,74265,74289,2020-09-14 20:40:00,2020-09-14 20:45:00,2020-09-14 22:45:00,-1,24
74311,74312,74336,2020-09-15 00:35:00,2020-09-15 00:40:00,2020-09-15 02:40:00,-1,24
74370,74371,74395,2020-09-15 05:30:00,2020-09-15 05:35:00,2020-09-15 07:35:00,-1,24
74399,74400,74424,2020-09-15 07:55:00,2020-09-15 08:00:00,2020-09-15 10:00:00,1,24
74423,74424,74448,2020-09-15 09:55:00,2020-09-15 10:00:00,2020-09-15 12:00:00,-1,24
74466,74467,74491,2020-09-15 13:30:00,2020-09-15 13:35:00,2020-09-15 15:35:00,-1,24
74523,74524,74548,2020-09-15 18:15:00,2020-09-15 18:20:00,2020-09-15 20:20:00,-1,24
74550,74551,74575,2020-09-15 20:30:00,2020-09-15 20:35:00,2020-09-15 22:35:00,-1,24
74585,74586,74610,2020-09-15 23:25:00,2020-09-15 23:30:00,2020-09-16 01:30:00,-1,24
74619,74620,74644,2020-09-16 02:15:00,2020-09-16 02:20:00,2020-09-16 04:20:00,-1,24
74650,74651,74675,2020-09-16 04:50:00,2020-09-16 04:55:00,2020-09-16 06:55:00,-1,24
74691,74692,74716,2020-09-16 08:15:00,2020-09-16 08:20:00,2020-09-16 10:20:00,-1,24
74729,74730,74754,2020-09-16 11:25:00,2020-09-16 11:30:00,2020-09-16 13:30:00,-1,24
74761,74762,74786,2020-09-16 14:05:00,2020-09-16 14:10:00,2020-09-16 16:10:00,-1,24
74788,74789,74813,2020-09-16 16:20:00,2020-09-16 16:25:00,2020-09-16 18:25:00,-1,24
74841,74842,74866,2020-09-16 20:45:00,2020-09-16 20:50:00,2020-09-16 22:50:00,-1,24
74867,74868,74892,2020-09-16 22:55:00,2020-09-16 23:00:00,2020-09-17 01:00:00,-1,24
74897,74898,74922,2020-09-17 01:25:00,2020-09-17 01:30:00,2020-09-17 03:30:00,-1,24
74925,74926,74950,2020-09-17 03:45:00,2020-09-17 03:50:00,2020-09-17 05:50:00,-1,24
74950,74951,74975,2020-09-17 05:50:00,2020-09-17 05:55:00,2020-09-17 07:55:00,-1,24
74975,74976,75000,2020-09-17 07:55:00,2020-09-17 08:00:00,2020-09-17 10:00:00,-1,24
74999,75000,75024,2020-09-17 09:55:00,2020-09-17 10:00:00,2020-09-17 12:00:00,-1,24
75063,75064,75088,2020-09-17 15:15:00,2020-09-17 15:20:00,2020-09-17 17:20:00,-1,24
75087,75088,75112,2020-09-17 17:15:00,2020-09-17 17:20:00,2020-09-17 19:20:00,-1,24
75124,75125,75149,2020-09-17 20:20:00,2020-09-17 20:25:00,2020-09-17 22:25:00,-1,24
75160,75161,75185,2020-09-17 23:20:00,2020-09-17 23:25:00,2020-09-18 01:25:00,-1,24
75185,75186,75210,2020-09-18 01:25:00,2020-09-18 01:30:00,2020-09-18 03:30:00,-1,24
75218,75219,75243,2020-09-18 04:10:00,2020-09-18 04:15:00,2020-09-18 06:15:00,-1,24
75251,75252,75276,2020-09-18 06:55:00,2020-09-18 07:00:00,2020-09-18 09:00:00,1,24
75276,75277,75301,2020-09-18 09:00:00,2020-09-18 09:05:00,2020-09-18 11:05:00,-1,24
75302,75303,75327,2020-09-18 11:10:00,2020-09-18 11:15:00,2020-09-18 13:15:00,-1,24
75326,75327,75351,2020-09-18 13:10:00,2020-09-18 13:15:00,2020-09-18 15:15:00,-1,24
75381,75382,75406,2020-09-18 17:45:00,2020-09-18 17:50:00,2020-09-18 19:50:00,-1,24
75409,75410,75434,2020-09-18 20:05:00,2020-09-18 20:10:00,2020-09-18 22:10:00,-1,24
75442,75443,75467,2020-09-18 22:50:00,2020-09-18 22:55:00,2020-09-19 00:55:00,-1,24
75466,75467,75491,2020-09-19 00:50:00,2020-09-19 00:55:00,2020-09-19 02:55:00,1,24
75497,75498,75522,2020-09-19 03:25:00,2020-09-19 03:30:00,2020-09-19 05:30:00,-1,24
75522,75523,75547,2020-09-19 05:30:00,2020-09-19 05:35:00,2020-09-19 07:35:00,-1,24
75546,75547,75571,2020-09-19 07:30:00,2020-09-19 07:35:00,2020-09-19 09:35:00,-1,24
75576,75577,75601,2020-09-19 10:00:00,2020-09-19 10:05:00,2020-09-19 12:05:00,-1,24
75626,75627,75651,2020-09-19 14:10:00,2020-09-19 14:15:00,2020-09-19 16:15:00,-1,24
75663,75664,75688,2020-09-19 17:15:00,2020-09-19 17:20:00,2020-09-19 19:20:00,1,24
75693,75694,75718,2020-09-19 19:45:00,2020-09-19 19:50:00,2020-09-19 21:50:00,-1,24
75727,75728,75752,2020-09-19 22:35:00,2020-09-19 22:40:00,2020-09-20 00:40:00,-1,24
75753,75754,75778,2020-09-20 00:45:00,2020-09-20 00:50:00,2020-09-20 02:50:00,-1,24
75784,75785,75809,2020-09-20 03:20:00,2020-09-20 03:25:00,2020-09-20 05:25:00,-1,24
75810,75811,75835,2020-09-20 05:30:00,2020-09-20 05:35:00,2020-09-20 07:35:00,-1,24
75836,75837,75861,2020-09-20 07:40:00,2020-09-20 07:45:00,2020-09-20 09:45:00,-1,24
75878,75879,75903,2020-09-20 11:10:00,2020-09-20 11:15:00,2020-09-20 13:15:00,-1,24
75930,75931,75955,2020-09-20 15:30:00,2020-09-20 15:35:00,2020-09-20 17:35:00,-1,24
75954,75955,75979,2020-09-20 17:30:00,2020-09-20 17:35:00,2020-09-20 19:35:00,-1,24
76007,76008,76032,2020-09-20 21:55:00,2020-09-20 22:00:00,2020-09-21 00:00:00,-1,24
76035,76036,76060,2020-09-21 00:15:00,2020-09-21 00:20:00,2020-09-21 02:20:00,-1,24
76084,76085,76109,2020-09-21 04:20:00,2020-09-21 04:25:00,2020-09-21 06:25:00,-1,24
76112,76113,76137,2020-09-21 06:40:00,2020-09-21 06:45:00,2020-09-21 08:45:00,-1,24
76143,76144,76168,2020-09-21 09:15:00,2020-09-21 09:20:00,2020-09-21 11:20:00,-1,24
76234,76235,76259,2020-09-21 16:50:00,2020-09-21 16:55:00,2020-09-21 18:55:00,-1,24
76284,76285,76309,2020-09-21 21:00:00,2020-09-21 21:05:00,2020-09-21 23:05:00,-1,24
76310,76311,76335,2020-09-21 23:10:00,2020-09-21 23:15:00,2020-09-22 01:15:00,-1,24
76340,76341,76365,2020-09-22 01:40:00,2020-09-22 01:45:00,2020-09-22 03:45:00,-1,24
76367,76368,76392,2020-09-22 03:55:00,2020-09-22 04:00:00,2020-09-22 06:00:00,-1,24
76391,76392,76416,2020-09-22 05:55:00,2020-09-22 06:00:00,2020-09-22 08:00:00,-1,24
76437,76438,76462,2020-09-22 09:45:00,2020-09-22 09:50:00,2020-09-22 11:50:00,-1,24
76511,76512,76536,2020-09-22 15:55:00,2020-09-22 16:00:00,2020-09-22 18:00:00,-1,24
76542,76543,76567,2020-09-22 18:30:00,2020-09-22 18:35:00,2020-09-22 20:35:00,-1,24
76567,76568,76592,2020-09-22 20:35:00,2020-09-22 20:40:00,2020-09-22 22:40:00,-1,24
76601,76602,76626,2020-09-22 23:25:00,2020-09-22 23:30:00,2020-09-23 01:30:00,-1,24
76628,76629,76653,2020-09-23 01:40:00,2020-09-23 01:45:00,2020-09-23 03:45:00,-1,24
76663,76664,76688,2020-09-23 04:35:00,2020-09-23 04:40:00,2020-09-23 06:40:00,-1,24
76721,76722,76746,2020-09-23 09:25:00,2020-09-23 09:30:00,2020-09-23 11:30:00,-1,24
76745,76746,76770,2020-09-23 11:25:00,2020-09-23 11:30:00,2020-09-23 13:30:00,-1,24
76769,76770,76794,2020-09-23 13:25:00,2020-09-23 13:30:00,2020-09-23 15:30:00,-1,24
76797,76798,76822,2020-09-23 15:45:00,2020-09-23 15:50:00,2020-09-23 17:50:00,-1,24
76821,76822,76846,2020-09-23 17:45:00,2020-09-23 17:50:00,2020-09-23 19:50:00,-1,24
76850,76851,76875,2020-09-23 20:10:00,2020-09-23 20:15:00,2020-09-23 22:15:00,-1,24
76878,76879,76903,2020-09-23 22:30:00,2020-09-23 22:35:00,2020-09-24 00:35:00,-1,24
76902,76903,76927,2020-09-24 00:30:00,2020-09-24 00:35:00,2020-09-24 02:35:00,-1,24
76929,76930,76954,2020-09-24 02:45:00,2020-09-24 02:50:00,2020-09-24 04:50:00,-1,24
76959,76960,76984,2020-09-24 05:15:00,2020-09-24 05:20:00,2020-09-24 07:20:00,-1,24
76986,76987,77011,2020-09-24 07:30:00,2020-09-24 07:35:00,2020-09-24 09:35:00,-1,24
77018,77019,77043,2020-09-24 10:10:00,2020-09-24 10:15:00,2020-09-24 12:15:00,-1,24
77119,77120,77144,2020-09-24 18:35:00,2020-09-24 18:40:00,2020-09-24 20:40:00,-1,24
77153,77154,77178,2020-09-24 21:25:00,2020-09-24 21:30:00,2020-09-24 23:30:00,-1,24
77180,77181,77205,2020-09-24 23:40:00,2020-09-24 23:45:00,2020-09-25 01:45:00,-1,24
77206,77207,77231,2020-09-25 01:50:00,2020-09-25 01:55:00,2020-09-25 03:55:00,1,24
77236,77237,77261,2020-09-25 04:20:00,2020-09-25 04:25:00,2020-09-25 06:25:00,1,24
77283,77284,77308,2020-09-25 08:15:00,2020-09-25 08:20:00,2020-09-25 10:20:00,-1,24
77316,77317,77341,2020-09-25 11:00:00,2020-09-25 11:05:00,2020-09-25 13:05:00,-1,24
77343,77344,77368,2020-09-25 13:15:00,2020-09-25 13:20:00,2020-09-25 15:20:00,1,24
77374,77375,77399,2020-09-25 15:50:00,2020-09-25 15:55:00,2020-09-25 17:55:00,-1,24
77403,77404,77428,2020-09-25 18:15:00,2020-09-25 18:20:00,2020-09-25 20:20:00,1,24
77433,77434,77458,2020-09-25 20:45:00,2020-09-25 20:50:00,2020-09-25 22:50:00,1,24
77468,77469,77493,2020-09-25 23:40:00,2020-09-25 23:45:00,2020-09-26 01:45:00,-1,24
77500,77501,77525,2020-09-26 02:20:00,2020-09-26 02:25:00,2020-09-26 04:25:00,-1,24
77525,77526,77550,2020-09-26 04:25:00,2020-09-26 04:30:00,2020-09-26 06:30:00,-1,24
77549,77550,77574,2020-09-26 06:25:00,2020-09-26 06:30:00,2020-09-26 08:30:00,-1,24
77584,77585,77609,2020-09-26 09:20:00,2020-09-26 09:25:00,2020-09-26 11:25:00,-1,24
77616,77617,77641,2020-09-26 12:00:00,2020-09-26 12:05:00,2020-09-26 14:05:00,-1,24
77649,77650,77674,2020-09-26 14:45:00,2020-09-26 14:50:00,2020-09-26 16:50:00,-1,24
77679,77680,77704,2020-09-26 17:15:00,2020-09-26 17:20:00,2020-09-26 19:20:00,-1,24
77704,77705,77729,2020-09-26 19:20:00,2020-09-26 19:25:00,2020-09-26 21:25:00,1,24
77732,77733,77757,2020-09-26 21:40:00,2020-09-26 21:45:00,2020-09-26 23:45:00,1,24
77763,77764,77788,2020-09-27 00:15:00,2020-09-27 00:20:00,2020-09-27 02:20:00,1,24
77790,77791,77815,2020-09-27 02:30:00,2020-09-27 02:35:00,2020-09-27 04:35:00,1,24
77818,77819,77843,2020-09-27 04:50:00,2020-09-27 04:55:00,2020-09-27 06:55:00,-1,24
77870,77871,77895,2020-09-27 09:10:00,2020-09-27 09:15:00,2020-09-27 11:15:00,-1,24
77895,77896,77920,2020-09-27 11:15:00,2020-09-27 11:20:00,2020-09-27 13:20:00,-1,24
77919,77920,77944,2020-09-27 13:15:00,2020-09-27 13:20:00,2020-09-27 15:20:00,-1,24
77957,77958,77982,2020-09-27 16:25:00,2020-09-27 16:30:00,2020-09-27 18:30:00,-1,24
77985,77986,78010,2020-09-27 18:45:00,2020-09-27 18:50:00,2020-09-27 20:50:00,-1,24
78033,78034,78058,2020-09-27 22:45:00,2020-09-27 22:50:00,2020-09-28 00:50:00,-1,24
78092,78093,78117,2020-09-28 03:40:00,2020-09-28 03:45:00,2020-09-28 05:45:00,-1,24
78120,78121,78145,2020-09-28 06:00:00,2020-09-28 06:05:00,2020-09-28 08:05:00,1,24
78170,78171,78195,2020-09-28 10:10:00,2020-09-28 10:15:00,2020-09-28 12:15:00,1,24
78215,78216,78240,2020-09-28 13:55:00,2020-09-28 14:00:00,2020-09-28 16:00:00,-1,24
78239,78240,78264,2020-09-28 15:55:00,2020-09-28 16:00:00,2020-09-28 18:00:00,-1,24
78274,78275,78299,2020-09-28 18:50:00,2020-09-28 18:55:00,2020-09-28 20:55:00,-1,24
78309,78310,78334,2020-09-28 21:45:00,2020-09-28 21:50:00,2020-09-28 23:50:00,1,24
78345,78346,78370,2020-09-29 00:45:00,2020-09-29 00:50:00,2020-09-29 02:50:00,-1,24
78372,78373,78397,2020-09-29 03:00:00,2020-09-29 03:05:00,2020-09-29 05:05:00,-1,24
78398,78399,78423,2020-09-29 05:10:00,2020-09-29 05:15:00,2020-09-29 07:15:00,-1,24
78424,78425,78449,2020-09-29 07:20:00,2020-09-29 07:25:00,2020-09-29 09:25:00,-1,24
78450,78451,78475,2020-09-29 09:30:00,2020-09-29 09:35:00,2020-09-29 11:35:00,-1,24
78475,78476,78500,2020-09-29 11:35:00,2020-09-29 11:40:00,2020-09-29 13:40:00,-1,24
78504,78505,78529,2020-09-29 14:00:00,2020-09-29 14:05:00,2020-09-29 16:05:00,1,24
78547,78548,78572,2020-09-29 17:35:00,2020-09-29 17:40:00,2020-09-29 19:40:00,-1,24
78578,78579,78603,2020-09-29 20:10:00,2020-09-29 20:15:00,2020-09-29 22:15:00,-1,24
78605,78606,78630,2020-09-29 22:25:00,2020-09-29 22:30:00,2020-09-30 00:30:00,1,24
78632,78633,78657,2020-09-30 00:40:00,2020-09-30 00:45:00,2020-09-30 02:45:00,-1,24
78663,78664,78688,2020-09-30 03:15:00,2020-09-30 03:20:00,2020-09-30 05:20:00,-1,24
78687,78688,78712,2020-09-30 05:15:00,2020-09-30 05:20:00,2020-09-30 07:20:00,1,24
78722,78723,78747,2020-09-30 08:10:00,2020-09-30 08:15:00,2020-09-30 10:15:00,-1,24
78753,78754,78778,2020-09-30 10:45:00,2020-09-30 10:50:00,2020-09-30 12:50:00,-1,24
78787,78788,78812,2020-09-30 13:35:00,2020-09-30 13:40:00,2020-09-30 15:40:00,-1,24
78826,78827,78851,2020-09-30 16:50:00,2020-09-30 16:55:00,2020-09-30 18:55:00,-1,24
78853,78854,78878,2020-09-30 19:05:00,2020-09-30 19:10:00,2020-09-30 21:10:00,1,24
78877,78878,78902,2020-09-30 21:05:00,2020-09-30 21:10:00,2020-09-30 23:10:00,1,24
78901,78902,78926,2020-09-30 23:05:00,2020-09-30 23:10:00,2020-10-01 01:10:00,-1,24
78945,78946,78970,2020-10-01 02:45:00,2020-10-01 02:50:00,2020-10-01 04:50:00,-1,24
78969,78970,78994,2020-10-01 04:45:00,2020-10-01 04:50:00,2020-10-01 06:50:00,-1,24
78999,79000,79024,2020-10-01 07:15:00,2020-10-01 07:20:00,2020-10-01 09:20:00,-1,24
79028,79029,79053,2020-10-01 09:40:00,2020-10-01 09:45:00,2020-10-01 11:45:00,-1,24
79059,79060,79084,2020-10-01 12:15:00,2020-10-01 12:20:00,2020-10-01 14:20:00,-1,24
79085,79086,79110,2020-10-01 14:25:00,2020-10-01 14:30:00,2020-10-01 16:30:00,-1,24
79149,79150,79174,2020-10-01 19:45:00,2020-10-01 19:50:00,2020-10-01 21:50:00,-1,24
79174,79175,79199,2020-10-01 21:50:00,2020-10-01 21:55:00,2020-10-01 23:55:00,-1,24
79205,79206,79230,2020-10-02 00:25:00,2020-10-02 00:30:00,2020-10-02 02:30:00,-1,24
79239,79240,79264,2020-10-02 03:15:00,2020-10-02 03:20:00,2020-10-02 05:20:00,-1,24
79271,79272,79296,2020-10-02 05:55:00,2020-10-02 06:00:00,2020-10-02 08:00:00,1,24
79303,79304,79328,2020-10-02 08:35:00,2020-10-02 08:40:00,2020-10-02 10:40:00,-1,24
79377,79378,79402,2020-10-02 14:45:00,2020-10-02 14:50:00,2020-10-02 16:50:00,-1,24
79401,79402,79426,2020-10-02 16:45:00,2020-10-02 16:50:00,2020-10-02 18:50:00,-1,24
79431,79432,79456,2020-10-02 19:15:00,2020-10-02 19:20:00,2020-10-02 21:20:00,-1,24
79493,79494,79518,2020-10-03 00:25:00,2020-10-03 00:30:00,2020-10-03 02:30:00,-1,24
79518,79519,79543,2020-10-03 02:30:00,2020-10-03 02:35:00,2020-10-03 04:35:00,1,24
79549,79550,79574,2020-10-03 05:05:00,2020-10-03 05:10:00,2020-10-03 07:10:00,-1,24
79582,79583,79607,2020-10-03 07:50:00,2020-10-03 07:55:00,2020-10-03 09:55:00,-1,24
79612,79613,79637,2020-10-03 10:20:00,2020-10-03 10:25:00,2020-10-03 12:25:00,-1,24
79636,79637,79661,2020-10-03 12:20:00,2020-10-03 12:25:00,2020-10-03 14:25:00,-1,24
79662,79663,79687,2020-10-03 14:30:00,2020-10-03 14:35:00,2020-10-03 16:35:00,-1,24
79687,79688,79712,2020-10-03 16:35:00,2020-10-03 16:40:00,2020-10-03 18:40:00,-1,24
79724,79725,79749,2020-10-03 19:40:00,2020-10-03 19:45:00,2020-10-03 21:45:00,-1,24
79756,79757,79781,2020-10-03 22:20:00,2020-10-03 22:25:00,2020-10-04 00:25:00,-1,24
79782,79783,79807,2020-10-04 00:30:00,2020-10-04 00:35:00,2020-10-04 02:35:00,-1,24
79812,79813,79837,2020-10-04 03:00:00,2020-10-04 03:05:00,2020-10-04 05:05:00,-1,24
79836,79837,79861,2020-10-04 05:00:00,2020-10-04 05:05:00,2020-10-04 07:05:00,-1,24
79866,79867,79891,2020-10-04 07:30:00,2020-10-04 07:35:00,2020-10-04 09:35:00,1,24
79899,79900,79924,2020-10-04 10:15:00,2020-10-04 10:20:00,2020-10-04 12:20:00,-1,24
79929,79930,79954,2020-10-04 12:45:00,2020-10-04 12:50:00,2020-10-04 14:50:00,1,24
79962,79963,79987,2020-10-04 15:30:00,2020-10-04 15:35:00,2020-10-04 17:35:00,-1,24
79989,79990,80014,2020-10-04 17:45:00,2020-10-04 17:50:00,2020-10-04 19:50:00,-1,24
80028,80029,80053,2020-10-04 21:00:00,2020-10-04 21:05:00,2020-10-04 23:05:00,-1,24
80054,80055,80079,2020-10-04 23:10:00,2020-10-04 23:15:00,2020-10-05 01:15:00,1,24
80082,80083,80107,2020-10-05 01:30:00,2020-10-05 01:35:00,2020-10-05 03:35:00,-1,24
80113,80114,80138,2020-10-05 04:05:00,2020-10-05 04:10:00,2020-10-05 06:10:00,-1,24
80205,80206,80230,2020-10-05 11:45:00,2020-10-05 11:50:00,2020-10-05 13:50:00,1,24
80247,80248,80272,2020-10-05 15:15:00,2020-10-05 15:20:00,2020-10-05 17:20:00,1,24
80275,80276,80300,2020-10-05 17:35:00,2020-10-05 17:40:00,2020-10-05 19:40:00,-1,24
80311,80312,80336,2020-10-05 20:35:00,2020-10-05 20:40:00,2020-10-05 22:40:00,-1,24
80337,80338,80362,2020-10-05 22:45:00,2020-10-05 22:50:00,2020-10-06 00:50:00,-1,24
80391,80392,80416,2020-10-06 03:15:00,2020-10-06 03:20:00,2020-10-06 05:20:00,-1,24
80503,80504,80528,2020-10-06 12:35:00,2020-10-06 12:40:00,2020-10-06 14:40:00,-1,24
80566,80567,80591,2020-10-06 17:50:00,2020-10-06 17:55:00,2020-10-06 19:55:00,-1,24
80599,80600,80624,2020-10-06 20:35:00,2020-10-06 20:40:00,2020-10-06 22:40:00,1,24
80623,80624,80648,2020-10-06 22:35:00,2020-10-06 22:40:00,2020-10-07 00:40:00,-1,24
80655,80656,80680,2020-10-07 01:15:00,2020-10-07 01:20:00,2020-10-07 03:20:00,-1,24
80681,80682,80706,2020-10-07 03:25:00,2020-10-07 03:30:00,2020-10-07 05:30:00,-1,24
80710,80711,80735,2020-10-07 05:50:00,2020-10-07 05:55:00,2020-10-07 07:55:00,-1,24
80739,80740,80764,2020-10-07 08:15:00,2020-10-07 08:20:00,2020-10-07 10:20:00,-1,24
80775,80776,80800,2020-10-07 11:15:00,2020-10-07 11:20:00,2020-10-07 13:20:00,-1,24
80815,80816,80840,2020-10-07 14:35:00,2020-10-07 14:40:00,2020-10-07 16:40:00,-1,24
80840,80841,80865,2020-10-07 16:40:00,2020-10-07 16:45:00,2020-10-07 18:45:00,1,24
80882,80883,80907,2020-10-07 20:10:00,2020-10-07 20:15:00,2020-10-07 22:15:00,-1,24
80912,80913,80937,2020-10-07 22:40:00,2020-10-07 22:45:00,2020-10-08 00:45:00,-1,24
80958,80959,80983,2020-10-08 02:30:00,2020-10-08 02:35:00,2020-10-08 04:35:00,-1,24
81003,81004,81028,2020-10-08 06:15:00,2020-10-08 06:20:00,2020-10-08 08:20:00,1,24
81059,81060,81084,2020-10-08 10:55:00,2020-10-08 11:00:00,2020-10-08 13:00:00,-1,24
81165,81166,81190,2020-10-08 19:45:00,2020-10-08 19:50:00,2020-10-08 21:50:00,-1,24
81198,81199,81223,2020-10-08 22:30:00,2020-10-08 22:35:00,2020-10-09 00:35:00,-1,24
81228,81229,81253,2020-10-09 01:00:00,2020-10-09 01:05:00,2020-10-09 03:05:00,-1,24
81260,81261,81285,2020-10-09 03:40:00,2020-10-09 03:45:00,2020-10-09 05:45:00,-1,24
81326,81327,81351,2020-10-09 09:10:00,2020-10-09 09:15:00,2020-10-09 11:15:00,1,24
81360,81361,81385,2020-10-09 12:00:00,2020-10-09 12:05:00,2020-10-09 14:05:00,1,24
81412,81413,81437,2020-10-09 16:20:00,2020-10-09 16:25:00,2020-10-09 18:25:00,-1,24
81437,81438,81462,2020-10-09 18:25:00,2020-10-09 18:30:00,2020-10-09 20:30:00,1,24
81507,81508,81532,2020-10-10 00:15:00,2020-10-10 00:20:00,2020-10-10 02:20:00,-1,24
81560,81561,81585,2020-10-10 04:40:00,2020-10-10 04:45:00,2020-10-10 06:45:00,1,24
81602,81603,81627,2020-10-10 08:10:00,2020-10-10 08:15:00,2020-10-10 10:15:00,1,24
81654,81655,81679,2020-10-10 12:30:00,2020-10-10 12:35:00,2020-10-10 14:35:00,-1,24
81728,81729,81753,2020-10-10 18:40:00,2020-10-10 18:45:00,2020-10-10 20:45:00,1,24
81806,81807,81831,2020-10-11 01:10:00,2020-10-11 01:15:00,2020-10-11 03:15:00,-1,24
81837,81838,81862,2020-10-11 03:45:00,2020-10-11 03:50:00,2020-10-11 05:50:00,1,24
81861,81862,81886,2020-10-11 05:45:00,2020-10-11 05:50:00,2020-10-11 07:50:00,1,24
81893,81894,81918,2020-10-11 08:25:00,2020-10-11 08:30:00,2020-10-11 10:30:00,1,24
81922,81923,81947,2020-10-11 10:50:00,2020-10-11 10:55:00,2020-10-11 12:55:00,1,24
81950,81951,81975,2020-10-11 13:10:00,2020-10-11 13:15:00,2020-10-11 15:15:00,-1,24
81989,81990,82014,2020-10-11 16:25:00,2020-10-11 16:30:00,2020-10-11 18:30:00,1,24
82014,82015,82039,2020-10-11 18:30:00,2020-10-11 18:35:00,2020-10-11 20:35:00,1,24
82040,82041,82065,2020-10-11 20:40:00,2020-10-11 20:45:00,2020-10-11 22:45:00,1,24
82066,82067,82091,2020-10-11 22:50:00,2020-10-11 22:55:00,2020-10-12 00:55:00,1,24
82102,82103,82127,2020-10-12 01:50:00,2020-10-12 01:55:00,2020-10-12 03:55:00,1,24
82142,82143,82167,2020-10-12 05:10:00,2020-10-12 05:15:00,2020-10-12 07:15:00,1,24
82173,82174,82198,2020-10-12 07:45:00,2020-10-12 07:50:00,2020-10-12 09:50:00,1,24
82201,82202,82226,2020-10-12 10:05:00,2020-10-12 10:10:00,2020-10-12 12:10:00,1,24
82300,82301,82325,2020-10-12 18:20:00,2020-10-12 18:25:00,2020-10-12 20:25:00,1,24
82330,82331,82355,2020-10-12 20:50:00,2020-10-12 20:55:00,2020-10-12 22:55:00,-1,24
82355,82356,82380,2020-10-12 22:55:00,2020-10-12 23:00:00,2020-10-13 01:00:00,1,24
82474,82475,82499,2020-10-13 08:50:00,2020-10-13 08:55:00,2020-10-13 10:55:00,1,24
82508,82509,82533,2020-10-13 11:40:00,2020-10-13 11:45:00,2020-10-13 13:45:00,1,24
82606,82607,82631,2020-10-13 19:50:00,2020-10-13 19:55:00,2020-10-13 21:55:00,1,24
82630,82631,82655,2020-10-13 21:50:00,2020-10-13 21:55:00,2020-10-13 23:55:00,1,24
82654,82655,82679,2020-10-13 23:50:00,2020-10-13 23:55:00,2020-10-14 01:55:00,1,24
82687,82688,82712,2020-10-14 02:35:00,2020-10-14 02:40:00,2020-10-14 04:40:00,-1,24
82727,82728,82752,2020-10-14 05:55:00,2020-10-14 06:00:00,2020-10-14 08:00:00,1,24
82751,82752,82776,2020-10-14 07:55:00,2020-10-14 08:00:00,2020-10-14 10:00:00,1,24
82828,82829,82853,2020-10-14 14:20:00,2020-10-14 14:25:00,2020-10-14 16:25:00,-1,24
82865,82866,82890,2020-10-14 17:25:00,2020-10-14 17:30:00,2020-10-14 19:30:00,-1,24
82893,82894,82918,2020-10-14 19:45:00,2020-10-14 19:50:00,2020-10-14 21:50:00,1,24
82919,82920,82944,2020-10-14 21:55:00,2020-10-14 22:00:00,2020-10-15 00:00:00,-1,24
82952,82953,82977,2020-10-15 00:40:00,2020-10-15 00:45:00,2020-10-15 02:45:00,-1,24
82997,82998,83022,2020-10-15 04:25:00,2020-10-15 04:30:00,2020-10-15 06:30:00,-1,24
83025,83026,83050,2020-10-15 06:45:00,2020-10-15 06:50:00,2020-10-15 08:50:00,-1,24
83049,83050,83074,2020-10-15 08:45:00,2020-10-15 08:50:00,2020-10-15 10:50:00,-1,24
83073,83074,83098,2020-10-15 10:45:00,2020-10-15 10:50:00,2020-10-15 12:50:00,-1,24
83117,83118,83142,2020-10-15 14:25:00,2020-10-15 14:30:00,2020-10-15 16:30:00,1,24
83173,83174,83198,2020-10-15 19:05:00,2020-10-15 19:10:00,2020-10-15 21:10:00,-1,24
83206,83207,83231,2020-10-15 21:50:00,2020-10-15 21:55:00,2020-10-15 23:55:00,-1,24
83247,83248,83272,2020-10-16 01:15:00,2020-10-16 01:20:00,2020-10-16 03:20:00,1,24
83275,83276,83300,2020-10-16 03:35:00,2020-10-16 03:40:00,2020-10-16 05:40:00,-1,24
83319,83320,83344,2020-10-16 07:15:00,2020-10-16 07:20:00,2020-10-16 09:20:00,-1,24
83396,83397,83421,2020-10-16 13:40:00,2020-10-16 13:45:00,2020-10-16 15:45:00,1,24
83433,83434,83458,2020-10-16 16:45:00,2020-10-16 16:50:00,2020-10-16 18:50:00,1,24
83464,83465,83489,2020-10-16 19:20:00,2020-10-16 19:25:00,2020-10-16 21:25:00,1,24
83494,83495,83519,2020-10-16 21:50:00,2020-10-16 21:55:00,2020-10-16 23:55:00,1,24
83541,83542,83566,2020-10-17 01:45:00,2020-10-17 01:50:00,2020-10-17 03:50:00,1,24
83566,83567,83591,2020-10-17 03:50:00,2020-10-17 03:55:00,2020-10-17 05:55:00,1,24
83592,83593,83617,2020-10-17 06:00:00,2020-10-17 06:05:00,2020-10-17 08:05:00,-1,24
83631,83632,83656,2020-10-17 09:15:00,2020-10-17 09:20:00,2020-10-17 11:20:00,-1,24
83662,83663,83687,2020-10-17 11:50:00,2020-10-17 11:55:00,2020-10-17 13:55:00,-1,24
83689,83690,83714,2020-10-17 14:05:00,2020-10-17 14:10:00,2020-10-17 16:10:00,-1,24
83716,83717,83741,2020-10-17 16:20:00,2020-10-17 16:25:00,2020-10-17 18:25:00,-1,24
83742,83743,83767,2020-10-17 18:30:00,2020-10-17 18:35:00,2020-10-17 20:35:00,-1,24
83780,83781,83805,2020-10-17 21:40:00,2020-10-17 21:45:00,2020-10-17 23:45:00,-1,24
83809,83810,83834,2020-10-18 00:05:00,2020-10-18 00:10:00,2020-10-18 02:10:00,-1,24
83833,83834,83858,2020-10-18 02:05:00,2020-10-18 02:10:00,2020-10-18 04:10:00,-1,24
83863,83864,83888,2020-10-18 04:35:00,2020-10-18 04:40:00,2020-10-18 06:40:00,-1,24
83894,83895,83919,2020-10-18 07:10:00,2020-10-18 07:15:00,2020-10-18 09:15:00,-1,24
83933,83934,83958,2020-10-18 10:25:00,2020-10-18 10:30:00,2020-10-18 12:30:00,-1,24
83970,83971,83995,2020-10-18 13:30:00,2020-10-18 13:35:00,2020-10-18 15:35:00,-1,24
84002,84003,84027,2020-10-18 16:10:00,2020-10-18 16:15:00,2020-10-18 18:15:00,-1,24
84037,84038,84062,2020-10-18 19:05:00,2020-10-18 19:10:00,2020-10-18 21:10:00,-1,24
84068,84069,84093,2020-10-18 21:40:00,2020-10-18 21:45:00,2020-10-18 23:45:00,1,24
84105,84106,84130,2020-10-19 00:45:00,2020-10-19 00:50:00,2020-10-19 02:50:00,-1,24
84131,84132,84156,2020-10-19 02:55:00,2020-10-19 03:00:00,2020-10-19 05:00:00,-1,24
84186,84187,84211,2020-10-19 07:30:00,2020-10-19 07:35:00,2020-10-19 09:35:00,-1,24
84210,84211,84235,2020-10-19 09:30:00,2020-10-19 09:35:00,2020-10-19 11:35:00,-1,24
84328,84329,84353,2020-10-19 19:20:00,2020-10-19 19:25:00,2020-10-19 21:25:00,1,24
84377,84378,84402,2020-10-19 23:25:00,2020-10-19 23:30:00,2020-10-20 01:30:00,-1,24
84411,84412,84436,2020-10-20 02:15:00,2020-10-20 02:20:00,2020-10-20 04:20:00,-1,24
84446,84447,84471,2020-10-20 05:10:00,2020-10-20 05:15:00,2020-10-20 07:15:00,1,24
84497,84498,84522,2020-10-20 09:25:00,2020-10-20 09:30:00,2020-10-20 11:30:00,1,24
84647,84648,84672,2020-10-20 21:55:00,2020-10-20 22:00:00,2020-10-21 00:00:00,1,24
84695,84696,84720,2020-10-21 01:55:00,2020-10-21 02:00:00,2020-10-21 04:00:00,-1,24
85006,85007,85031,2020-10-22 03:50:00,2020-10-22 03:55:00,2020-10-22 05:55:00,1,24
85367,85368,85392,2020-10-23 09:55:00,2020-10-23 10:00:00,2020-10-23 12:00:00,1,24
85417,85418,85442,2020-10-23 14:05:00,2020-10-23 14:10:00,2020-10-23 16:10:00,1,24
85529,85530,85554,2020-10-23 23:25:00,2020-10-23 23:30:00,2020-10-24 01:30:00,-1,24
85582,85583,85607,2020-10-24 03:50:00,2020-10-24 03:55:00,2020-10-24 05:55:00,-1,24
85625,85626,85650,2020-10-24 07:25:00,2020-10-24 07:30:00,2020-10-24 09:30:00,1,24
85656,85657,85681,2020-10-24 10:00:00,2020-10-24 10:05:00,2020-10-24 12:05:00,1,24
85701,85702,85726,2020-10-24 13:45:00,2020-10-24 13:50:00,2020-10-24 15:50:00,1,24
85758,85759,85783,2020-10-24 18:30:00,2020-10-24 18:35:00,2020-10-24 20:35:00,1,24
85783,85784,85808,2020-10-24 20:35:00,2020-10-24 20:40:00,2020-10-24 22:40:00,1,24
85816,85817,85841,2020-10-24 23:20:00,2020-10-24 23:25:00,2020-10-25 01:25:00,-1,24
85840,85841,85865,2020-10-25 01:20:00,2020-10-25 01:25:00,2020-10-25 03:25:00,1,24
85930,85931,85955,2020-10-25 08:50:00,2020-10-25 08:55:00,2020-10-25 10:55:00,-1,24
85991,85992,86016,2020-10-25 13:55:00,2020-10-25 14:00:00,2020-10-25 16:00:00,-1,24
86050,86051,86075,2020-10-25 18:50:00,2020-10-25 18:55:00,2020-10-25 20:55:00,-1,24
86080,86081,86105,2020-10-25 21:20:00,2020-10-25 21:25:00,2020-10-25 23:25:00,-1,24
86108,86109,86133,2020-10-25 23:40:00,2020-10-25 23:45:00,2020-10-26 01:45:00,1,24
86161,86162,86186,2020-10-26 04:05:00,2020-10-26 04:10:00,2020-10-26 06:10:00,-1,24
86190,86191,86215,2020-10-26 06:30:00,2020-10-26 06:35:00,2020-10-26 08:35:00,-1,24
86217,86218,86242,2020-10-26 08:45:00,2020-10-26 08:50:00,2020-10-26 10:50:00,-1,24
86259,86260,86284,2020-10-26 12:15:00,2020-10-26 12:20:00,2020-10-26 14:20:00,-1,24
86350,86351,86375,2020-10-26 19:50:00,2020-10-26 19:55:00,2020-10-26 21:55:00,-1,24
86419,86420,86444,2020-10-27 01:35:00,2020-10-27 01:40:00,2020-10-27 03:40:00,-1,24
86453,86454,86478,2020-10-27 04:25:00,2020-10-27 04:30:00,2020-10-27 06:30:00,-1,24
86518,86519,86543,2020-10-27 09:50:00,2020-10-27 09:55:00,2020-10-27 11:55:00,-1,24
86578,86579,86603,2020-10-27 14:50:00,2020-10-27 14:55:00,2020-10-27 16:55:00,-1,24
86635,86636,86660,2020-10-27 19:35:00,2020-10-27 19:40:00,2020-10-27 21:40:00,-1,24
86692,86693,86717,2020-10-28 00:20:00,2020-10-28 00:25:00,2020-10-28 02:25:00,1,24
86746,86747,86771,2020-10-28 04:50:00,2020-10-28 04:55:00,2020-10-28 06:55:00,-1,24
86867,86868,86892,2020-10-28 14:55:00,2020-10-28 15:00:00,2020-10-28 17:00:00,-1,24
86905,86906,86930,2020-10-28 18:05:00,2020-10-28 18:10:00,2020-10-28 20:10:00,-1,24
86931,86932,86956,2020-10-28 20:15:00,2020-10-28 20:20:00,2020-10-28 22:20:00,-1,24
86955,86956,86980,2020-10-28 22:15:00,2020-10-28 22:20:00,2020-10-29 00:20:00,-1,24
86981,86982,87006,2020-10-29 00:25:00,2020-10-29 00:30:00,2020-10-29 02:30:00,-1,24
87011,87012,87036,2020-10-29 02:55:00,2020-10-29 03:00:00,2020-10-29 05:00:00,-1,24
87063,87064,87088,2020-10-29 07:15:00,2020-10-29 07:20:00,2020-10-29 09:20:00,-1,24
87088,87089,87113,2020-10-29 09:20:00,2020-10-29 09:25:00,2020-10-29 11:25:00,-1,24
87113,87114,87138,2020-10-29 11:25:00,2020-10-29 11:30:00,2020-10-29 13:30:00,1,24
87192,87193,87217,2020-10-29 18:00:00,2020-10-29 18:05:00,2020-10-29 20:05:00,-1,24
87227,87228,87252,2020-10-29 20:55:00,2020-10-29 21:00:00,2020-10-29 23:00:00,-1,24
87287,87288,87312,2020-10-30 01:55:00,2020-10-30 02:00:00,2020-10-30 04:00:00,-1,24
87313,87314,87338,2020-10-30 04:05:00,2020-10-30 04:10:00,2020-10-30 06:10:00,1,24
87366,87367,87391,2020-10-30 08:30:00,2020-10-30 08:35:00,2020-10-30 10:35:00,-1,24
87403,87404,87428,2020-10-30 11:35:00,2020-10-30 11:40:00,2020-10-30 13:40:00,-1,24
87433,87434,87458,2020-10-30 14:05:00,2020-10-30 14:10:00,2020-10-30 16:10:00,-1,24
87469,87470,87494,2020-10-30 17:05:00,2020-10-30 17:10:00,2020-10-30 19:10:00,1,24
87494,87495,87519,2020-10-30 19:10:00,2020-10-30 19:15:00,2020-10-30 21:15:00,-1,24
87526,87527,87551,2020-10-30 21:50:00,2020-10-30 21:55:00,2020-10-30 23:55:00,-1,24
87550,87551,87575,2020-10-30 23:50:00,2020-10-30 23:55:00,2020-10-31 01:55:00,-1,24
87599,87600,87624,2020-10-31 03:55:00,2020-10-31 04:00:00,2020-10-31 06:00:00,-1,24
87645,87646,87670,2020-10-31 07:45:00,2020-10-31 07:50:00,2020-10-31 09:50:00,1,24
87703,87704,87728,2020-10-31 12:35:00,2020-10-31 12:40:00,2020-10-31 14:40:00,1,24
87739,87740,87764,2020-10-31 15:35:00,2020-10-31 15:40:00,2020-10-31 17:40:00,-1,24
87764,87765,87789,2020-10-31 17:40:00,2020-10-31 17:45:00,2020-10-31 19:45:00,-1,24
87789,87790,87814,2020-10-31 19:45:00,2020-10-31 19:50:00,2020-10-31 21:50:00,-1,24
87821,87822,87846,2020-10-31 22:25:00,2020-10-31 22:30:00,2020-11-01 00:30:00,1,24
87856,87857,87881,2020-11-01 01:20:00,2020-11-01 01:25:00,2020-11-01 03:25:00,1,24
87896,87897,87921,2020-11-01 04:40:00,2020-11-01 04:45:00,2020-11-01 06:45:00,1,24
87920,87921,87945,2020-11-01 06:40:00,2020-11-01 06:45:00,2020-11-01 08:45:00,1,24
87951,87952,87976,2020-11-01 09:15:00,2020-11-01 09:20:00,2020-11-01 11:20:00,-1,24
87977,87978,88002,2020-11-01 11:25:00,2020-11-01 11:30:00,2020-11-01 13:30:00,-1,24
88018,88019,88043,2020-11-01 14:50:00,2020-11-01 14:55:00,2020-11-01 16:55:00,-1,24
88045,88046,88070,2020-11-01 17:05:00,2020-11-01 17:10:00,2020-11-01 19:10:00,-1,24
88069,88070,88094,2020-11-01 19:05:00,2020-11-01 19:10:00,2020-11-01 21:10:00,-1,24
88108,88109,88133,2020-11-01 22:20:00,2020-11-01 22:25:00,2020-11-02 00:25:00,1,24
88136,88137,88161,2020-11-02 00:40:00,2020-11-02 00:45:00,2020-11-02 02:45:00,1,24
88172,88173,88197,2020-11-02 03:40:00,2020-11-02 03:45:00,2020-11-02 05:45:00,1,24
88199,88200,88224,2020-11-02 05:55:00,2020-11-02 06:00:00,2020-11-02 08:00:00,-1,24
88223,88224,88248,2020-11-02 07:55:00,2020-11-02 08:00:00,2020-11-02 10:00:00,-1,24
88252,88253,88277,2020-11-02 10:20:00,2020-11-02 10:25:00,2020-11-02 12:25:00,-1,24
88325,88326,88350,2020-11-02 16:25:00,2020-11-02 16:30:00,2020-11-02 18:30:00,-1,24
88359,88360,88384,2020-11-02 19:15:00,2020-11-02 19:20:00,2020-11-02 21:20:00,1,24
88387,88388,88412,2020-11-02 21:35:00,2020-11-02 21:40:00,2020-11-02 23:40:00,-1,24
88415,88416,88440,2020-11-02 23:55:00,2020-11-03 00:00:00,2020-11-03 02:00:00,-1,24
88507,88508,88532,2020-11-03 07:35:00,2020-11-03 07:40:00,2020-11-03 09:40:00,-1,24
88539,88540,88564,2020-11-03 10:15:00,2020-11-03 10:20:00,2020-11-03 12:20:00,-1,24
88573,88574,88598,2020-11-03 13:05:00,2020-11-03 13:10:00,2020-11-03 15:10:00,-1,24
88598,88599,88623,2020-11-03 15:10:00,2020-11-03 15:15:00,2020-11-03 17:15:00,-1,24
88623,88624,88648,2020-11-03 17:15:00,2020-11-03 17:20:00,2020-11-03 19:20:00,1,24
88647,88648,88672,2020-11-03 19:15:00,2020-11-03 19:20:00,2020-11-03 21:20:00,1,24
88673,88674,88698,2020-11-03 21:25:00,2020-11-03 21:30:00,2020-11-03 23:30:00,1,24
88749,88750,88774,2020-11-04 03:45:00,2020-11-04 03:50:00,2020-11-04 05:50:00,-1,24
88787,88788,88812,2020-11-04 06:55:00,2020-11-04 07:00:00,2020-11-04 09:00:00,-1,24
88816,88817,88841,2020-11-04 09:20:00,2020-11-04 09:25:00,2020-11-04 11:25:00,-1,24
88840,88841,88865,2020-11-04 11:20:00,2020-11-04 11:25:00,2020-11-04 13:25:00,1,24
88865,88866,88890,2020-11-04 13:25:00,2020-11-04 13:30:00,2020-11-04 15:30:00,-1,24
88891,88892,88916,2020-11-04 15:35:00,2020-11-04 15:40:00,2020-11-04 17:40:00,1,24
88930,88931,88955,2020-11-04 18:50:00,2020-11-04 18:55:00,2020-11-04 20:55:00,1,24
88966,88967,88991,2020-11-04 21:50:00,2020-11-04 21:55:00,2020-11-04 23:55:00,-1,24
89000,89001,89025,2020-11-05 00:40:00,2020-11-05 00:45:00,2020-11-05 02:45:00,-1,24
89031,89032,89056,2020-11-05 03:15:00,2020-11-05 03:20:00,2020-11-05 05:20:00,-1,24
89316,89317,89341,2020-11-06 03:00:00,2020-11-06 03:05:00,2020-11-06 05:05:00,1,24
89349,89350,89374,2020-11-06 05:45:00,2020-11-06 05:50:00,2020-11-06 07:50:00,1,24
89399,89400,89424,2020-11-06 09:55:00,2020-11-06 10:00:00,2020-11-06 12:00:00,1,24
89430,89431,89455,2020-11-06 12:30:00,2020-11-06 12:35:00,2020-11-06 14:35:00,1,24
89473,89474,89498,2020-11-06 16:05:00,2020-11-06 16:10:00,2020-11-06 18:10:00,-1,24
89511,89512,89536,2020-11-06 19:15:00,2020-11-06 19:20:00,2020-11-06 21:20:00,1,24
89549,89550,89574,2020-11-06 22:25:00,2020-11-06 22:30:00,2020-11-07 00:30:00,1,24
89573,89574,89598,2020-11-07 00:25:00,2020-11-07 00:30:00,2020-11-07 02:30:00,1,24
89603,89604,89628,2020-11-07 02:55:00,2020-11-07 03:00:00,2020-11-07 05:00:00,-1,24
89633,89634,89658,2020-11-07 05:25:00,2020-11-07 05:30:00,2020-11-07 07:30:00,1,24
89661,89662,89686,2020-11-07 07:45:00,2020-11-07 07:50:00,2020-11-07 09:50:00,1,24
89686,89687,89711,2020-11-07 09:50:00,2020-11-07 09:55:00,2020-11-07 11:55:00,-1,24
89720,89721,89745,2020-11-07 12:40:00,2020-11-07 12:45:00,2020-11-07 14:45:00,-1,24
89778,89779,89803,2020-11-07 17:30:00,2020-11-07 17:35:00,2020-11-07 19:35:00,1,24
89817,89818,89842,2020-11-07 20:45:00,2020-11-07 20:50:00,2020-11-07 22:50:00,-1,24
89846,89847,89871,2020-11-07 23:10:00,2020-11-07 23:15:00,2020-11-08 01:15:00,-1,24
89870,89871,89895,2020-11-08 01:10:00,2020-11-08 01:15:00,2020-11-08 03:15:00,1,24
89908,89909,89933,2020-11-08 04:20:00,2020-11-08 04:25:00,2020-11-08 06:25:00,1,24
89932,89933,89957,2020-11-08 06:20:00,2020-11-08 06:25:00,2020-11-08 08:25:00,1,24
89963,89964,89988,2020-11-08 08:55:00,2020-11-08 09:00:00,2020-11-08 11:00:00,1,24
90007,90008,90032,2020-11-08 12:35:00,2020-11-08 12:40:00,2020-11-08 14:40:00,1,24
90059,90060,90084,2020-11-08 16:55:00,2020-11-08 17:00:00,2020-11-08 19:00:00,1,24
90106,90107,90131,2020-11-08 20:50:00,2020-11-08 20:55:00,2020-11-08 22:55:00,1,24
90134,90135,90159,2020-11-08 23:10:00,2020-11-08 23:15:00,2020-11-09 01:15:00,1,24
90160,90161,90185,2020-11-09 01:20:00,2020-11-09 01:25:00,2020-11-09 03:25:00,-1,24
90184,90185,90209,2020-11-09 03:20:00,2020-11-09 03:25:00,2020-11-09 05:25:00,1,24
90208,90209,90233,2020-11-09 05:20:00,2020-11-09 05:25:00,2020-11-09 07:25:00,1,24
90236,90237,90261,2020-11-09 07:40:00,2020-11-09 07:45:00,2020-11-09 09:45:00,-1,24
90260,90261,90285,2020-11-09 09:40:00,2020-11-09 09:45:00,2020-11-09 11:45:00,1,24
90358,90359,90383,2020-11-09 17:50:00,2020-11-09 17:55:00,2020-11-09 19:55:00,-1,24
90409,90410,90434,2020-11-09 22:05:00,2020-11-09 22:10:00,2020-11-10 00:10:00,1,24
90438,90439,90463,2020-11-10 00:30:00,2020-11-10 00:35:00,2020-11-10 02:35:00,-1,24
90477,90478,90502,2020-11-10 03:45:00,2020-11-10 03:50:00,2020-11-10 05:50:00,1,24
90518,90519,90543,2020-11-10 07:10:00,2020-11-10 07:15:00,2020-11-10 09:15:00,1,24
90546,90547,90571,2020-11-10 09:30:00,2020-11-10 09:35:00,2020-11-10 11:35:00,1,24
90578,90579,90603,2020-11-10 12:10:00,2020-11-10 12:15:00,2020-11-10 14:15:00,1,24
90614,90615,90639,2020-11-10 15:10:00,2020-11-10 15:15:00,2020-11-10 17:15:00,1,24
90641,90642,90666,2020-11-10 17:25:00,2020-11-10 17:30:00,2020-11-10 19:30:00,1,24
90665,90666,90690,2020-11-10 19:25:00,2020-11-10 19:30:00,2020-11-10 21:30:00,-1,24
90689,90690,90714,2020-11-10 21:25:00,2020-11-10 21:30:00,2020-11-10 23:30:00,-1,24
90713,90714,90738,2020-11-10 23:25:00,2020-11-10 23:30:00,2020-11-11 01:30:00,1,24
90743,90744,90768,2020-11-11 01:55:00,2020-11-11 02:00:00,2020-11-11 04:00:00,-1,24
90771,90772,90796,2020-11-11 04:15:00,2020-11-11 04:20:00,2020-11-11 06:20:00,1,24
90799,90800,90824,2020-11-11 06:35:00,2020-11-11 06:40:00,2020-11-11 08:40:00,1,24
90828,90829,90853,2020-11-11 09:00:00,2020-11-11 09:05:00,2020-11-11 11:05:00,1,24
90855,90856,90880,2020-11-11 11:15:00,2020-11-11 11:20:00,2020-11-11 13:20:00,1,24
90891,90892,90916,2020-11-11 14:15:00,2020-11-11 14:20:00,2020-11-11 16:20:00,1,24
90926,90927,90951,2020-11-11 17:10:00,2020-11-11 17:15:00,2020-11-11 19:15:00,1,24
90951,90952,90976,2020-11-11 19:15:00,2020-11-11 19:20:00,2020-11-11 21:20:00,1,24
90985,90986,91010,2020-11-11 22:05:00,2020-11-11 22:10:00,2020-11-12 00:10:00,-1,24
91028,91029,91053,2020-11-12 01:40:00,2020-11-12 01:45:00,2020-11-12 03:45:00,1,24
91054,91055,91079,2020-11-12 03:50:00,2020-11-12 03:55:00,2020-11-12 05:55:00,-1,24
91078,91079,91103,2020-11-12 05:50:00,2020-11-12 05:55:00,2020-11-12 07:55:00,1,24
91110,91111,91135,2020-11-12 08:30:00,2020-11-12 08:35:00,2020-11-12 10:35:00,-1,24
91144,91145,91169,2020-11-12 11:20:00,2020-11-12 11:25:00,2020-11-12 13:25:00,-1,24
91170,91171,91195,2020-11-12 13:30:00,2020-11-12 13:35:00,2020-11-12 15:35:00,1,24
91225,91226,91250,2020-11-12 18:05:00,2020-11-12 18:10:00,2020-11-12 20:10:00,-1,24
91256,91257,91281,2020-11-12 20:40:00,2020-11-12 20:45:00,2020-11-12 22:45:00,-1,24
91290,91291,91315,2020-11-12 23:30:00,2020-11-12 23:35:00,2020-11-13 01:35:00,-1,24
91317,91318,91342,2020-11-13 01:45:00,2020-11-13 01:50:00,2020-11-13 03:50:00,1,24
91341,91342,91366,2020-11-13 03:45:00,2020-11-13 03:50:00,2020-11-13 05:50:00,1,24
91393,91394,91418,2020-11-13 08:05:00,2020-11-13 08:10:00,2020-11-13 10:10:00,1,24
91452,91453,91477,2020-11-13 13:00:00,2020-11-13 13:05:00,2020-11-13 15:05:00,1,24
91513,91514,91538,2020-11-13 18:05:00,2020-11-13 18:10:00,2020-11-13 20:10:00,1,24
91556,91557,91581,2020-11-13 21:40:00,2020-11-13 21:45:00,2020-11-13 23:45:00,1,24
91593,91594,91618,2020-11-14 00:45:00,2020-11-14 00:50:00,2020-11-14 02:50:00,1,24
91633,91634,91658,2020-11-14 04:05:00,2020-11-14 04:10:00,2020-11-14 06:10:00,-1,24
91665,91666,91690,2020-11-14 06:45:00,2020-11-14 06:50:00,2020-11-14 08:50:00,-1,24
91696,91697,91721,2020-11-14 09:20:00,2020-11-14 09:25:00,2020-11-14 11:25:00,-1,24
91724,91725,91749,2020-11-14 11:40:00,2020-11-14 11:45:00,2020-11-14 13:45:00,-1,24
91749,91750,91774,2020-11-14 13:45:00,2020-11-14 13:50:00,2020-11-14 15:50:00,-1,24
91780,91781,91805,2020-11-14 16:20:00,2020-11-14 16:25:00,2020-11-14 18:25:00,-1,24
91805,91806,91830,2020-11-14 18:25:00,2020-11-14 18:30:00,2020-11-14 20:30:00,-1,24
91834,91835,91859,2020-11-14 20:50:00,2020-11-14 20:55:00,2020-11-14 22:55:00,-1,24
91858,91859,91883,2020-11-14 22:50:00,2020-11-14 22:55:00,2020-11-15 00:55:00,-1,24
91888,91889,91913,2020-11-15 01:20:00,2020-11-15 01:25:00,2020-11-15 03:25:00,-1,24
91913,91914,91938,2020-11-15 03:25:00,2020-11-15 03:30:00,2020-11-15 05:30:00,-1,24
91937,91938,91962,2020-11-15 05:25:00,2020-11-15 05:30:00,2020-11-15 07:30:00,-1,24
91967,91968,91992,2020-11-15 07:55:00,2020-11-15 08:00:00,2020-11-15 10:00:00,-1,24
91991,91992,92016,2020-11-15 09:55:00,2020-11-15 10:00:00,2020-11-15 12:00:00,-1,24
92026,92027,92051,2020-11-15 12:50:00,2020-11-15 12:55:00,2020-11-15 14:55:00,-1,24
92051,92052,92076,2020-11-15 14:55:00,2020-11-15 15:00:00,2020-11-15 17:00:00,-1,24
92075,92076,92100,2020-11-15 16:55:00,2020-11-15 17:00:00,2020-11-15 19:00:00,-1,24
92109,92110,92134,2020-11-15 19:45:00,2020-11-15 19:50:00,2020-11-15 21:50:00,-1,24
92135,92136,92160,2020-11-15 21:55:00,2020-11-15 22:00:00,2020-11-16 00:00:00,-1,24
92171,92172,92196,2020-11-16 00:55:00,2020-11-16 01:00:00,2020-11-16 03:00:00,-1,24
92200,92201,92225,2020-11-16 03:20:00,2020-11-16 03:25:00,2020-11-16 05:25:00,-1,24
92240,92241,92265,2020-11-16 06:40:00,2020-11-16 06:45:00,2020-11-16 08:45:00,-1,24
92282,92283,92307,2020-11-16 10:10:00,2020-11-16 10:15:00,2020-11-16 12:15:00,-1,24
92308,92309,92333,2020-11-16 12:20:00,2020-11-16 12:25:00,2020-11-16 14:25:00,-1,24
92339,92340,92364,2020-11-16 14:55:00,2020-11-16 15:00:00,2020-11-16 17:00:00,-1,24
92399,92400,92424,2020-11-16 19:55:00,2020-11-16 20:00:00,2020-11-16 22:00:00,-1,24
92437,92438,92462,2020-11-16 23:05:00,2020-11-16 23:10:00,2020-11-17 01:10:00,-1,24
92466,92467,92491,2020-11-17 01:30:00,2020-11-17 01:35:00,2020-11-17 03:35:00,-1,24
92503,92504,92528,2020-11-17 04:35:00,2020-11-17 04:40:00,2020-11-17 06:40:00,-1,24
92528,92529,92553,2020-11-17 06:40:00,2020-11-17 06:45:00,2020-11-17 08:45:00,-1,24
92554,92555,92579,2020-11-17 08:50:00,2020-11-17 08:55:00,2020-11-17 10:55:00,-1,24
92683,92684,92708,2020-11-17 19:35:00,2020-11-17 19:40:00,2020-11-17 21:40:00,1,24
92717,92718,92742,2020-11-17 22:25:00,2020-11-17 22:30:00,2020-11-18 00:30:00,1,24
92764,92765,92789,2020-11-18 02:20:00,2020-11-18 02:25:00,2020-11-18 04:25:00,1,24
92813,92814,92838,2020-11-18 06:25:00,2020-11-18 06:30:00,2020-11-18 08:30:00,-1,24
92966,92967,92991,2020-11-18 19:10:00,2020-11-18 19:15:00,2020-11-18 21:15:00,1,24
93060,93061,93085,2020-11-19 03:00:00,2020-11-19 03:05:00,2020-11-19 05:05:00,-1,24
93094,93095,93119,2020-11-19 05:50:00,2020-11-19 05:55:00,2020-11-19 07:55:00,-1,24
93138,93139,93163,2020-11-19 09:30:00,2020-11-19 09:35:00,2020-11-19 11:35:00,1,24
93166,93167,93191,2020-11-19 11:50:00,2020-11-19 11:55:00,2020-11-19 13:55:00,1,24
93231,93232,93256,2020-11-19 17:15:00,2020-11-19 17:20:00,2020-11-19 19:20:00,1,24
93264,93265,93289,2020-11-19 20:00:00,2020-11-19 20:05:00,2020-11-19 22:05:00,1,24
93315,93316,93340,2020-11-20 00:15:00,2020-11-20 00:20:00,2020-11-20 02:20:00,1,24
93351,93352,93376,2020-11-20 03:15:00,2020-11-20 03:20:00,2020-11-20 05:20:00,1,24
93386,93387,93411,2020-11-20 06:10:00,2020-11-20 06:15:00,2020-11-20 08:15:00,1,24
93450,93451,93475,2020-11-20 11:30:00,2020-11-20 11:35:00,2020-11-20 13:35:00,1,24
93520,93521,93545,2020-11-20 17:20:00,2020-11-20 17:25:00,2020-11-20 19:25:00,1,24
93545,93546,93570,2020-11-20 19:25:00,2020-11-20 19:30:00,2020-11-20 21:30:00,1,24
93571,93572,93596,2020-11-20 21:35:00,2020-11-20 21:40:00,2020-11-20 23:40:00,1,24
93602,93603,93627,2020-11-21 00:10:00,2020-11-21 00:15:00,2020-11-21 02:15:00,1,24
93634,93635,93659,2020-11-21 02:50:00,2020-11-21 02:55:00,2020-11-21 04:55:00,-1,24
93690,93691,93715,2020-11-21 07:30:00,2020-11-21 07:35:00,2020-11-21 09:35:00,1,24
93722,93723,93747,2020-11-21 10:10:00,2020-11-21 10:15:00,2020-11-21 12:15:00,1,24
93755,93756,93780,2020-11-21 12:55:00,2020-11-21 13:00:00,2020-11-21 15:00:00,1,24
93779,93780,93804,2020-11-21 14:55:00,2020-11-21 15:00:00,2020-11-21 17:00:00,1,24
93816,93817,93841,2020-11-21 18:00:00,2020-11-21 18:05:00,2020-11-21 20:05:00,1,24
93848,93849,93873,2020-11-21 20:40:00,2020-11-21 20:45:00,2020-11-21 22:45:00,-1,24
93876,93877,93901,2020-11-21 23:00:00,2020-11-21 23:05:00,2020-11-22 01:05:00,1,24
93917,93918,93942,2020-11-22 02:25:00,2020-11-22 02:30:00,2020-11-22 04:30:00,-1,24
93949,93950,93974,2020-11-22 05:05:00,2020-11-22 05:10:00,2020-11-22 07:10:00,1,24
93985,93986,94010,2020-11-22 08:05:00,2020-11-22 08:10:00,2020-11-22 10:10:00,1,24
94051,94052,94076,2020-11-22 13:35:00,2020-11-22 13:40:00,2020-11-22 15:40:00,-1,24
94099,94100,94124,2020-11-22 17:35:00,2020-11-22 17:40:00,2020-11-22 19:40:00,1,24
94123,94124,94148,2020-11-22 19:35:00,2020-11-22 19:40:00,2020-11-22 21:40:00,1,24
94148,94149,94173,2020-11-22 21:40:00,2020-11-22 21:45:00,2020-11-22 23:45:00,1,24
94198,94199,94223,2020-11-23 01:50:00,2020-11-23 01:55:00,2020-11-23 03:55:00,-1,24
94236,94237,94261,2020-11-23 05:00:00,2020-11-23 05:05:00,2020-11-23 07:05:00,1,24
94262,94263,94287,2020-11-23 07:10:00,2020-11-23 07:15:00,2020-11-23 09:15:00,1,24
94292,94293,94317,2020-11-23 09:40:00,2020-11-23 09:45:00,2020-11-23 11:45:00,1,24
94317,94318,94342,2020-11-23 11:45:00,2020-11-23 11:50:00,2020-11-23 13:50:00,1,24
94346,94347,94371,2020-11-23 14:10:00,2020-11-23 14:15:00,2020-11-23 16:15:00,1,24
94394,94395,94419,2020-11-23 18:10:00,2020-11-23 18:15:00,2020-11-23 20:15:00,-1,24
94427,94428,94452,2020-11-23 20:55:00,2020-11-23 21:00:00,2020-11-23 23:00:00,-1,24
94463,94464,94488,2020-11-23 23:55:00,2020-11-24 00:00:00,2020-11-24 02:00:00,1,24
94487,94488,94512,2020-11-24 01:55:00,2020-11-24 02:00:00,2020-11-24 04:00:00,1,24
94514,94515,94539,2020-11-24 04:10:00,2020-11-24 04:15:00,2020-11-24 06:15:00,1,24
94543,94544,94568,2020-11-24 06:35:00,2020-11-24 06:40:00,2020-11-24 08:40:00,-1,24
94638,94639,94663,2020-11-24 14:30:00,2020-11-24 14:35:00,2020-11-24 16:35:00,1,24
94665,94666,94690,2020-11-24 16:45:00,2020-11-24 16:50:00,2020-11-24 18:50:00,1,24
94691,94692,94716,2020-11-24 18:55:00,2020-11-24 19:00:00,2020-11-24 21:00:00,1,24
94750,94751,94775,2020-11-24 23:50:00,2020-11-24 23:55:00,2020-11-25 01:55:00,1,24
94774,94775,94799,2020-11-25 01:50:00,2020-11-25 01:55:00,2020-11-25 03:55:00,1,24
94835,94836,94860,2020-11-25 06:55:00,2020-11-25 07:00:00,2020-11-25 09:00:00,1,24
94904,94905,94929,2020-11-25 12:40:00,2020-11-25 12:45:00,2020-11-25 14:45:00,1,24
94939,94940,94964,2020-11-25 15:35:00,2020-11-25 15:40:00,2020-11-25 17:40:00,-1,24
94991,94992,95016,2020-11-25 19:55:00,2020-11-25 20:00:00,2020-11-25 22:00:00,1,24
95044,95045,95069,2020-11-26 00:20:00,2020-11-26 00:25:00,2020-11-26 02:25:00,1,24
95167,95168,95192,2020-11-26 10:35:00,2020-11-26 10:40:00,2020-11-26 12:40:00,-1,24
95260,95261,95285,2020-11-26 18:20:00,2020-11-26 18:25:00,2020-11-26 20:25:00,1,24
95315,95316,95340,2020-11-26 22:55:00,2020-11-26 23:00:00,2020-11-27 01:00:00,1,24
95381,95382,95406,2020-11-27 04:25:00,2020-11-27 04:30:00,2020-11-27 06:30:00,-1,24
95467,95468,95492,2020-11-27 11:35:00,2020-11-27 11:40:00,2020-11-27 13:40:00,1,24
95535,95536,95560,2020-11-27 17:15:00,2020-11-27 17:20:00,2020-11-27 19:20:00,1,24
95581,95582,95606,2020-11-27 21:05:00,2020-11-27 21:10:00,2020-11-27 23:10:00,1,24
95645,95646,95670,2020-11-28 02:25:00,2020-11-28 02:30:00,2020-11-28 04:30:00,1,24
95674,95675,95699,2020-11-28 04:50:00,2020-11-28 04:55:00,2020-11-28 06:55:00,1,24
95734,95735,95759,2020-11-28 09:50:00,2020-11-28 09:55:00,2020-11-28 11:55:00,1,24
95780,95781,95805,2020-11-28 13:40:00,2020-11-28 13:45:00,2020-11-28 15:45:00,1,24
95826,95827,95851,2020-11-28 17:30:00,2020-11-28 17:35:00,2020-11-28 19:35:00,1,24
95850,95851,95875,2020-11-28 19:30:00,2020-11-28 19:35:00,2020-11-28 21:35:00,1,24
95874,95875,95899,2020-11-28 21:30:00,2020-11-28 21:35:00,2020-11-28 23:35:00,1,24
95914,95915,95939,2020-11-29 00:50:00,2020-11-29 00:55:00,2020-11-29 02:55:00,1,24
95954,95955,95979,2020-11-29 04:10:00,2020-11-29 04:15:00,2020-11-29 06:15:00,1,24
95981,95982,96006,2020-11-29 06:25:00,2020-11-29 06:30:00,2020-11-29 08:30:00,1,24
96014,96015,96039,2020-11-29 09:10:00,2020-11-29 09:15:00,2020-11-29 11:15:00,1,24
96075,96076,96100,2020-11-29 14:15:00,2020-11-29 14:20:00,2020-11-29 16:20:00,1,24
96106,96107,96131,2020-11-29 16:50:00,2020-11-29 16:55:00,2020-11-29 18:55:00,-1,24
96133,96134,96158,2020-11-29 19:05:00,2020-11-29 19:10:00,2020-11-29 21:10:00,-1,24
96174,96175,96199,2020-11-29 22:30:00,2020-11-29 22:35:00,2020-11-30 00:35:00,-1,24
96202,96203,96227,2020-11-30 00:50:00,2020-11-30 00:55:00,2020-11-30 02:55:00,-1,24
96226,96227,96251,2020-11-30 02:50:00,2020-11-30 02:55:00,2020-11-30 04:55:00,1,24
96261,96262,96286,2020-11-30 05:45:00,2020-11-30 05:50:00,2020-11-30 07:50:00,-1,24
96285,96286,96310,2020-11-30 07:45:00,2020-11-30 07:50:00,2020-11-30 09:50:00,-1,24
96314,96315,96339,2020-11-30 10:10:00,2020-11-30 10:15:00,2020-11-30 12:15:00,-1,24
96594,96595,96619,2020-12-01 09:30:00,2020-12-01 09:35:00,2020-12-01 11:35:00,-1,24
97004,97005,97029,2020-12-02 19:40:00,2020-12-02 19:45:00,2020-12-02 21:45:00,1,24
97080,97081,97105,2020-12-03 02:00:00,2020-12-03 02:05:00,2020-12-03 04:05:00,-1,24
97317,97318,97342,2020-12-03 21:45:00,2020-12-03 21:50:00,2020-12-03 23:50:00,1,24
97349,97350,97374,2020-12-04 00:25:00,2020-12-04 00:30:00,2020-12-04 02:30:00,1,24
97831,97832,97856,2020-12-05 16:35:00,2020-12-05 16:40:00,2020-12-05 18:40:00,1,24
97911,97912,97936,2020-12-05 23:15:00,2020-12-05 23:20:00,2020-12-06 01:20:00,1,24
97943,97944,97968,2020-12-06 01:55:00,2020-12-06 02:00:00,2020-12-06 04:00:00,1,24
98264,98265,98289,2020-12-07 04:40:00,2020-12-07 04:45:00,2020-12-07 06:45:00,-1,24
98289,98290,98314,2020-12-07 06:45:00,2020-12-07 06:50:00,2020-12-07 08:50:00,-1,24
98313,98314,98338,2020-12-07 08:45:00,2020-12-07 08:50:00,2020-12-07 10:50:00,-1,24
98344,98345,98369,2020-12-07 11:20:00,2020-12-07 11:25:00,2020-12-07 13:25:00,1,24
98389,98390,98414,2020-12-07 15:05:00,2020-12-07 15:10:00,2020-12-07 17:10:00,1,24
98414,98415,98439,2020-12-07 17:10:00,2020-12-07 17:15:00,2020-12-07 19:15:00,-1,24
98456,98457,98481,2020-12-07 20:40:00,2020-12-07 20:45:00,2020-12-07 22:45:00,1,24
98510,98511,98535,2020-12-08 01:10:00,2020-12-08 01:15:00,2020-12-08 03:15:00,1,24
98565,98566,98590,2020-12-08 05:45:00,2020-12-08 05:50:00,2020-12-08 07:50:00,1,24
98756,98757,98781,2020-12-08 21:40:00,2020-12-08 21:45:00,2020-12-08 23:45:00,-1,24
98815,98816,98840,2020-12-09 02:35:00,2020-12-09 02:40:00,2020-12-09 04:40:00,-1,24
99091,99092,99116,2020-12-10 01:35:00,2020-12-10 01:40:00,2020-12-10 03:40:00,-1,24
99118,99119,99143,2020-12-10 03:50:00,2020-12-10 03:55:00,2020-12-10 05:55:00,-1,24
99250,99251,99275,2020-12-10 14:50:00,2020-12-10 14:55:00,2020-12-10 16:55:00,1,24
99295,99296,99320,2020-12-10 18:35:00,2020-12-10 18:40:00,2020-12-10 20:40:00,-1,24
99347,99348,99372,2020-12-10 22:55:00,2020-12-10 23:00:00,2020-12-11 01:00:00,-1,24
99644,99645,99669,2020-12-11 23:40:00,2020-12-11 23:45:00,2020-12-12 01:45:00,-1,24
99669,99670,99694,2020-12-12 01:45:00,2020-12-12 01:50:00,2020-12-12 03:50:00,-1,24
99701,99702,99726,2020-12-12 04:25:00,2020-12-12 04:30:00,2020-12-12 06:30:00,1,24
99740,99741,99765,2020-12-12 07:40:00,2020-12-12 07:45:00,2020-12-12 09:45:00,-1,24
99801,99802,99826,2020-12-12 12:45:00,2020-12-12 12:50:00,2020-12-12 14:50:00,-1,24
99839,99840,99864,2020-12-12 15:55:00,2020-12-12 16:00:00,2020-12-12 18:00:00,1,24
99979,99980,100004,2020-12-13 03:35:00,2020-12-13 03:40:00,2020-12-13 05:40:00,-1,24
100006,100007,100031,2020-12-13 05:50:00,2020-12-13 05:55:00,2020-12-13 07:55:00,-1,24
100344,100345,100369,2020-12-14 10:00:00,2020-12-14 10:05:00,2020-12-14 12:05:00,1,24
100383,100384,100408,2020-12-14 13:15:00,2020-12-14 13:20:00,2020-12-14 15:20:00,-1,24
100460,100461,100485,2020-12-14 19:40:00,2020-12-14 19:45:00,2020-12-14 21:45:00,-1,24
100649,100650,100674,2020-12-15 11:25:00,2020-12-15 11:30:00,2020-12-15 13:30:00,1,24
100753,100754,100778,2020-12-15 20:05:00,2020-12-15 20:10:00,2020-12-15 22:10:00,-1,24
100844,100845,100869,2020-12-16 03:40:00,2020-12-16 03:45:00,2020-12-16 05:45:00,-1,24
100876,100877,100901,2020-12-16 06:20:00,2020-12-16 06:25:00,2020-12-16 08:25:00,-1,24
100915,100916,100940,2020-12-16 09:35:00,2020-12-16 09:40:00,2020-12-16 11:40:00,-1,24
101432,101433,101457,2020-12-18 04:40:00,2020-12-18 04:45:00,2020-12-18 06:45:00,1,24
101624,101625,101649,2020-12-18 20:40:00,2020-12-18 20:45:00,2020-12-18 22:45:00,-1,24
101666,101667,101691,2020-12-19 00:10:00,2020-12-19 00:15:00,2020-12-19 02:15:00,-1,24
101715,101716,101740,2020-12-19 04:15:00,2020-12-19 04:20:00,2020-12-19 06:20:00,-1,24
101803,101804,101828,2020-12-19 11:35:00,2020-12-19 11:40:00,2020-12-19 13:40:00,1,24
102179,102180,102204,2020-12-20 18:55:00,2020-12-20 19:00:00,2020-12-20 21:00:00,1,24
102234,102235,102259,2020-12-20 23:30:00,2020-12-20 23:35:00,2020-12-21 01:35:00,1,24
102305,102306,102330,2020-12-21 05:25:00,2020-12-21 05:30:00,2020-12-21 07:30:00,1,24
102762,102763,102787,2020-12-22 19:30:00,2020-12-22 19:35:00,2020-12-22 21:35:00,1,24
102901,102902,102926,2020-12-23 07:05:00,2020-12-23 07:10:00,2020-12-23 09:10:00,1,24
102939,102940,102964,2020-12-23 10:15:00,2020-12-23 10:20:00,2020-12-23 12:20:00,1,24
103039,103040,103064,2020-12-23 18:35:00,2020-12-23 18:40:00,2020-12-23 20:40:00,1,24
103193,103194,103218,2020-12-24 07:25:00,2020-12-24 07:30:00,2020-12-24 09:30:00,1,24
103220,103221,103245,2020-12-24 09:40:00,2020-12-24 09:45:00,2020-12-24 11:45:00,1,24
103312,103313,103337,2020-12-24 17:20:00,2020-12-24 17:25:00,2020-12-24 19:25:00,1,24
103351,103352,103376,2020-12-24 20:35:00,2020-12-24 20:40:00,2020-12-24 22:40:00,1,24
103402,103403,103427,2020-12-25 00:50:00,2020-12-25 00:55:00,2020-12-25 02:55:00,1,24
103436,103437,103461,2020-12-25 03:40:00,2020-12-25 03:45:00,2020-12-25 05:45:00,-1,24
103475,103476,103500,2020-12-25 06:55:00,2020-12-25 07:00:00,2020-12-25 09:00:00,-1,24
103563,103564,103588,2020-12-25 14:15:00,2020-12-25 14:20:00,2020-12-25 16:20:00,1,24
103607,103608,103632,2020-12-25 17:55:00,2020-12-25 18:00:00,2020-12-25 20:00:00,1,24
103697,103698,103722,2020-12-26 01:25:00,2020-12-26 01:30:00,2020-12-26 03:30:00,1,24
103754,103755,103779,2020-12-26 06:10:00,2020-12-26 06:15:00,2020-12-26 08:15:00,-1,24
103797,103798,103822,2020-12-26 09:45:00,2020-12-26 09:50:00,2020-12-26 11:50:00,-1,24
103841,103842,103866,2020-12-26 13:25:00,2020-12-26 13:30:00,2020-12-26 15:30:00,1,24
104267,104268,104292,2020-12-28 00:55:00,2020-12-28 01:00:00,2020-12-28 03:00:00,1,24
104291,104292,104316,2020-12-28 02:55:00,2020-12-28 03:00:00,2020-12-28 05:00:00,1,24
104330,104331,104355,2020-12-28 06:10:00,2020-12-28 06:15:00,2020-12-28 08:15:00,1,24
104388,104389,104413,2020-12-28 11:00:00,2020-12-28 11:05:00,2020-12-28 13:05:00,1,24
104468,104469,104493,2020-12-28 17:40:00,2020-12-28 17:45:00,2020-12-28 19:45:00,1,24
104496,104497,104521,2020-12-28 20:00:00,2020-12-28 20:05:00,2020-12-28 22:05:00,-1,24
104546,104547,104571,2020-12-29 00:10:00,2020-12-29 00:15:00,2020-12-29 02:15:00,1,24
104575,104576,104600,2020-12-29 02:35:00,2020-12-29 02:40:00,2020-12-29 04:40:00,-1,24
104691,104692,104716,2020-12-29 12:15:00,2020-12-29 12:20:00,2020-12-29 14:20:00,1,24
104724,104725,104749,2020-12-29 15:00:00,2020-12-29 15:05:00,2020-12-29 17:05:00,-1,24
104768,104769,104793,2020-12-29 18:40:00,2020-12-29 18:45:00,2020-12-29 20:45:00,-1,24
104806,104807,104831,2020-12-29 21:50:00,2020-12-29 21:55:00,2020-12-29 23:55:00,1,24
104853,104854,104878,2020-12-30 01:45:00,2020-12-30 01:50:00,2020-12-30 03:50:00,1,24
104879,104880,104904,2020-12-30 03:55:00,2020-12-30 04:00:00,2020-12-30 06:00:00,-1,24
104966,104967,104991,2020-12-30 11:10:00,2020-12-30 11:15:00,2020-12-30 13:15:00,1,24
104992,104993,105017,2020-12-30 13:20:00,2020-12-30 13:25:00,2020-12-30 15:25:00,1,24
105018,105019,105043,2020-12-30 15:30:00,2020-12-30 15:35:00,2020-12-30 17:35:00,1,24
105042,105043,105067,2020-12-30 17:30:00,2020-12-30 17:35:00,2020-12-30 19:35:00,1,24
105238,105239,105263,2020-12-31 09:50:00,2020-12-31 09:55:00,2020-12-31 11:55:00,1,24
105390,105391,105415,2020-12-31 22:30:00,2020-12-31 22:35:00,2021-01-01 00:35:00,1,24
105439,105440,105464,2021-01-01 02:35:00,2021-01-01 02:40:00,2021-01-01 04:40:00,1,24
105477,105478,105502,2021-01-01 05:45:00,2021-01-01 05:50:00,2021-01-01 07:50:00,-1,24
105503,105504,105528,2021-01-01 07:55:00,2021-01-01 08:00:00,2021-01-01 10:00:00,1,24
105533,105534,105558,2021-01-01 10:25:00,2021-01-01 10:30:00,2021-01-01 12:30:00,-1,24
105571,105572,105596,2021-01-01 13:35:00,2021-01-01 13:40:00,2021-01-01 15:40:00,-1,24
105605,105606,105630,2021-01-01 16:25:00,2021-01-01 16:30:00,2021-01-01 18:30:00,1,24
105652,105653,105677,2021-01-01 20:20:00,2021-01-01 20:25:00,2021-01-01 22:25:00,1,24
105684,105685,105709,2021-01-01 23:00:00,2021-01-01 23:05:00,2021-01-02 01:05:00,1,24
105712,105713,105737,2021-01-02 01:20:00,2021-01-02 01:25:00,2021-01-02 03:25:00,1,24
105737,105738,105762,2021-01-02 03:25:00,2021-01-02 03:30:00,2021-01-02 05:30:00,1,24
105805,105806,105830,2021-01-02 09:05:00,2021-01-02 09:10:00,2021-01-02 11:10:00,-1,24
105839,105840,105864,2021-01-02 11:55:00,2021-01-02 12:00:00,2021-01-02 14:00:00,1,24
106062,106063,106087,2021-01-03 06:30:00,2021-01-03 06:35:00,2021-01-03 08:35:00,1,24
106213,106214,106238,2021-01-03 19:05:00,2021-01-03 19:10:00,2021-01-03 21:10:00,1,24
106241,106242,106266,2021-01-03 21:25:00,2021-01-03 21:30:00,2021-01-03 23:30:00,1,24
106286,106287,106311,2021-01-04 01:10:00,2021-01-04 01:15:00,2021-01-04 03:15:00,1,24
106310,106311,106335,2021-01-04 03:10:00,2021-01-04 03:15:00,2021-01-04 05:15:00,1,24
106337,106338,106362,2021-01-04 05:25:00,2021-01-04 05:30:00,2021-01-04 07:30:00,1,24
106375,106376,106400,2021-01-04 08:35:00,2021-01-04 08:40:00,2021-01-04 10:40:00,1,24
106490,106491,106515,2021-01-04 18:10:00,2021-01-04 18:15:00,2021-01-04 20:15:00,1,24
106550,106551,106575,2021-01-04 23:10:00,2021-01-04 23:15:00,2021-01-05 01:15:00,1,24
106598,106599,106623,2021-01-05 03:10:00,2021-01-05 03:15:00,2021-01-05 05:15:00,-1,24
106663,106664,106688,2021-01-05 08:35:00,2021-01-05 08:40:00,2021-01-05 10:40:00,-1,24
106695,106696,106720,2021-01-05 11:15:00,2021-01-05 11:20:00,2021-01-05 13:20:00,1,24
106724,106725,106749,2021-01-05 13:40:00,2021-01-05 13:45:00,2021-01-05 15:45:00,1,24
106774,106775,106799,2021-01-05 17:50:00,2021-01-05 17:55:00,2021-01-05 19:55:00,1,24
106814,106815,106839,2021-01-05 21:10:00,2021-01-05 21:15:00,2021-01-05 23:15:00,1,24
106855,106856,106880,2021-01-06 00:35:00,2021-01-06 00:40:00,2021-01-06 02:40:00,1,24
106880,106881,106905,2021-01-06 02:40:00,2021-01-06 02:45:00,2021-01-06 04:45:00,1,24
106928,106929,106953,2021-01-06 06:40:00,2021-01-06 06:45:00,2021-01-06 08:45:00,-1,24
106965,106966,106990,2021-01-06 09:45:00,2021-01-06 09:50:00,2021-01-06 11:50:00,-1,24
107007,107008,107032,2021-01-06 13:15:00,2021-01-06 13:20:00,2021-01-06 15:20:00,-1,24
107035,107036,107060,2021-01-06 15:35:00,2021-01-06 15:40:00,2021-01-06 17:40:00,-1,24
107061,107062,107086,2021-01-06 17:45:00,2021-01-06 17:50:00,2021-01-06 19:50:00,-1,24
107114,107115,107139,2021-01-06 22:10:00,2021-01-06 22:15:00,2021-01-07 00:15:00,-1,24
107185,107186,107210,2021-01-07 04:05:00,2021-01-07 04:10:00,2021-01-07 06:10:00,-1,24
107210,107211,107235,2021-01-07 06:10:00,2021-01-07 06:15:00,2021-01-07 08:15:00,-1,24
107251,107252,107276,2021-01-07 09:35:00,2021-01-07 09:40:00,2021-01-07 11:40:00,-1,24
107387,107388,107412,2021-01-07 20:55:00,2021-01-07 21:00:00,2021-01-07 23:00:00,1,24
107446,107447,107471,2021-01-08 01:50:00,2021-01-08 01:55:00,2021-01-08 03:55:00,-1,24
107506,107507,107531,2021-01-08 06:50:00,2021-01-08 06:55:00,2021-01-08 08:55:00,-1,24
107575,107576,107600,2021-01-08 12:35:00,2021-01-08 12:40:00,2021-01-08 14:40:00,-1,24
107627,107628,107652,2021-01-08 16:55:00,2021-01-08 17:00:00,2021-01-08 19:00:00,-1,24
107661,107662,107686,2021-01-08 19:45:00,2021-01-08 19:50:00,2021-01-08 21:50:00,-1,24
107686,107687,107711,2021-01-08 21:50:00,2021-01-08 21:55:00,2021-01-08 23:55:00,-1,24
107773,107774,107798,2021-01-09 05:05:00,2021-01-09 05:10:00,2021-01-09 07:10:00,-1,24
107812,107813,107837,2021-01-09 08:20:00,2021-01-09 08:25:00,2021-01-09 10:25:00,-1,24
107842,107843,107867,2021-01-09 10:50:00,2021-01-09 10:55:00,2021-01-09 12:55:00,-1,24
107882,107883,107907,2021-01-09 14:10:00,2021-01-09 14:15:00,2021-01-09 16:15:00,1,24
107906,107907,107931,2021-01-09 16:10:00,2021-01-09 16:15:00,2021-01-09 18:15:00,1,24
107932,107933,107957,2021-01-09 18:20:00,2021-01-09 18:25:00,2021-01-09 20:25:00,-1,24
107973,107974,107998,2021-01-09 21:45:00,2021-01-09 21:50:00,2021-01-09 23:50:00,1,24
108004,108005,108029,2021-01-10 00:20:00,2021-01-10 00:25:00,2021-01-10 02:25:00,-1,24
108042,108043,108067,2021-01-10 03:30:00,2021-01-10 03:35:00,2021-01-10 05:35:00,-1,24
108066,108067,108091,2021-01-10 05:30:00,2021-01-10 05:35:00,2021-01-10 07:35:00,-1,24
108099,108100,108124,2021-01-10 08:15:00,2021-01-10 08:20:00,2021-01-10 10:20:00,1,24
108164,108165,108189,2021-01-10 13:40:00,2021-01-10 13:45:00,2021-01-10 15:45:00,-1,24
108203,108204,108228,2021-01-10 16:55:00,2021-01-10 17:00:00,2021-01-10 19:00:00,-1,24
108303,108304,108328,2021-01-11 01:15:00,2021-01-11 01:20:00,2021-01-11 03:20:00,-1,24
108592,108593,108617,2021-01-12 01:20:00,2021-01-12 01:25:00,2021-01-12 03:25:00,1,24
108622,108623,108647,2021-01-12 03:50:00,2021-01-12 03:55:00,2021-01-12 05:55:00,-1,24
108788,108789,108813,2021-01-12 17:40:00,2021-01-12 17:45:00,2021-01-12 19:45:00,1,24
108836,108837,108861,2021-01-12 21:40:00,2021-01-12 21:45:00,2021-01-12 23:45:00,-1,24
108949,108950,108974,2021-01-13 07:05:00,2021-01-13 07:10:00,2021-01-13 09:10:00,-1,24
108999,109000,109024,2021-01-13 11:15:00,2021-01-13 11:20:00,2021-01-13 13:20:00,-1,24
109041,109042,109066,2021-01-13 14:45:00,2021-01-13 14:50:00,2021-01-13 16:50:00,-1,24
109065,109066,109090,2021-01-13 16:45:00,2021-01-13 16:50:00,2021-01-13 18:50:00,-1,24
109096,109097,109121,2021-01-13 19:20:00,2021-01-13 19:25:00,2021-01-13 21:25:00,-1,24
109148,109149,109173,2021-01-13 23:40:00,2021-01-13 23:45:00,2021-01-14 01:45:00,-1,24
109180,109181,109205,2021-01-14 02:20:00,2021-01-14 02:25:00,2021-01-14 04:25:00,1,24
109210,109211,109235,2021-01-14 04:50:00,2021-01-14 04:55:00,2021-01-14 06:55:00,-1,24
109246,109247,109271,2021-01-14 07:50:00,2021-01-14 07:55:00,2021-01-14 09:55:00,-1,24
109279,109280,109304,2021-01-14 10:35:00,2021-01-14 10:40:00,2021-01-14 12:40:00,-1,24
109350,109351,109375,2021-01-14 16:30:00,2021-01-14 16:35:00,2021-01-14 18:35:00,-1,24
109375,109376,109400,2021-01-14 18:35:00,2021-01-14 18:40:00,2021-01-14 20:40:00,1,24
109404,109405,109429,2021-01-14 21:00:00,2021-01-14 21:05:00,2021-01-14 23:05:00,-1,24
109432,109433,109457,2021-01-14 23:20:00,2021-01-14 23:25:00,2021-01-15 01:25:00,-1,24
109457,109458,109482,2021-01-15 01:25:00,2021-01-15 01:30:00,2021-01-15 03:30:00,-1,24
109481,109482,109506,2021-01-15 03:25:00,2021-01-15 03:30:00,2021-01-15 05:30:00,-1,24
109507,109508,109532,2021-01-15 05:35:00,2021-01-15 05:40:00,2021-01-15 07:40:00,-1,24
109544,109545,109569,2021-01-15 08:40:00,2021-01-15 08:45:00,2021-01-15 10:45:00,1,24
109571,109572,109596,2021-01-15 10:55:00,2021-01-15 11:00:00,2021-01-15 13:00:00,-1,24
109622,109623,109647,2021-01-15 15:10:00,2021-01-15 15:15:00,2021-01-15 17:15:00,1,24
109718,109719,109743,2021-01-15 23:10:00,2021-01-15 23:15:00,2021-01-16 01:15:00,1,24
109760,109761,109785,2021-01-16 02:40:00,2021-01-16 02:45:00,2021-01-16 04:45:00,1,24
109784,109785,109809,2021-01-16 04:40:00,2021-01-16 04:45:00,2021-01-16 06:45:00,1,24
109810,109811,109835,2021-01-16 06:50:00,2021-01-16 06:55:00,2021-01-16 08:55:00,1,24
109853,109854,109878,2021-01-16 10:25:00,2021-01-16 10:30:00,2021-01-16 12:30:00,-1,24
109890,109891,109915,2021-01-16 13:30:00,2021-01-16 13:35:00,2021-01-16 15:35:00,1,24
109919,109920,109944,2021-01-16 15:55:00,2021-01-16 16:00:00,2021-01-16 18:00:00,-1,24
109943,109944,109968,2021-01-16 17:55:00,2021-01-16 18:00:00,2021-01-16 20:00:00,-1,24
109967,109968,109992,2021-01-16 19:55:00,2021-01-16 20:00:00,2021-01-16 22:00:00,1,24
110000,110001,110025,2021-01-16 22:40:00,2021-01-16 22:45:00,2021-01-17 00:45:00,-1,24
110028,110029,110053,2021-01-17 01:00:00,2021-01-17 01:05:00,2021-01-17 03:05:00,1,24
110059,110060,110084,2021-01-17 03:35:00,2021-01-17 03:40:00,2021-01-17 05:40:00,1,24
110133,110134,110158,2021-01-17 09:45:00,2021-01-17 09:50:00,2021-01-17 11:50:00,-1,24
110215,110216,110240,2021-01-17 16:35:00,2021-01-17 16:40:00,2021-01-17 18:40:00,-1,24
110252,110253,110277,2021-01-17 19:40:00,2021-01-17 19:45:00,2021-01-17 21:45:00,-1,24
110308,110309,110333,2021-01-18 00:20:00,2021-01-18 00:25:00,2021-01-18 02:25:00,-1,24
110332,110333,110357,2021-01-18 02:20:00,2021-01-18 02:25:00,2021-01-18 04:25:00,1,24
110356,110357,110381,2021-01-18 04:20:00,2021-01-18 04:25:00,2021-01-18 06:25:00,-1,24
110380,110381,110405,2021-01-18 06:20:00,2021-01-18 06:25:00,2021-01-18 08:25:00,-1,24
110405,110406,110430,2021-01-18 08:25:00,2021-01-18 08:30:00,2021-01-18 10:30:00,-1,24
110432,110433,110457,2021-01-18 10:40:00,2021-01-18 10:45:00,2021-01-18 12:45:00,1,24
110468,110469,110493,2021-01-18 13:40:00,2021-01-18 13:45:00,2021-01-18 15:45:00,-1,24
110492,110493,110517,2021-01-18 15:40:00,2021-01-18 15:45:00,2021-01-18 17:45:00,-1,24
110517,110518,110542,2021-01-18 17:45:00,2021-01-18 17:50:00,2021-01-18 19:50:00,-1,24
110541,110542,110566,2021-01-18 19:45:00,2021-01-18 19:50:00,2021-01-18 21:50:00,-1,24
110566,110567,110591,2021-01-18 21:50:00,2021-01-18 21:55:00,2021-01-18 23:55:00,-1,24
110594,110595,110619,2021-01-19 00:10:00,2021-01-19 00:15:00,2021-01-19 02:15:00,-1,24
110623,110624,110648,2021-01-19 02:35:00,2021-01-19 02:40:00,2021-01-19 04:40:00,-1,24
110648,110649,110673,2021-01-19 04:40:00,2021-01-19 04:45:00,2021-01-19 06:45:00,1,24
110672,110673,110697,2021-01-19 06:40:00,2021-01-19 06:45:00,2021-01-19 08:45:00,-1,24
110699,110700,110724,2021-01-19 08:55:00,2021-01-19 09:00:00,2021-01-19 11:00:00,1,24
110723,110724,110748,2021-01-19 10:55:00,2021-01-19 11:00:00,2021-01-19 13:00:00,1,24
110751,110752,110776,2021-01-19 13:15:00,2021-01-19 13:20:00,2021-01-19 15:20:00,-1,24
110799,110800,110824,2021-01-19 17:15:00,2021-01-19 17:20:00,2021-01-19 19:20:00,-1,24
110857,110858,110882,2021-01-19 22:05:00,2021-01-19 22:10:00,2021-01-20 00:10:00,1,24
110887,110888,110912,2021-01-20 00:35:00,2021-01-20 00:40:00,2021-01-20 02:40:00,-1,24
110911,110912,110936,2021-01-20 02:35:00,2021-01-20 02:40:00,2021-01-20 04:40:00,-1,24
110939,110940,110964,2021-01-20 04:55:00,2021-01-20 05:00:00,2021-01-20 07:00:00,-1,24
110971,110972,110996,2021-01-20 07:35:00,2021-01-20 07:40:00,2021-01-20 09:40:00,1,24
111034,111035,111059,2021-01-20 12:50:00,2021-01-20 12:55:00,2021-01-20 14:55:00,-1,24
111061,111062,111086,2021-01-20 15:05:00,2021-01-20 15:10:00,2021-01-20 17:10:00,-1,24
111090,111091,111115,2021-01-20 17:30:00,2021-01-20 17:35:00,2021-01-20 19:35:00,1,24
111117,111118,111142,2021-01-20 19:45:00,2021-01-20 19:50:00,2021-01-20 21:50:00,1,24
111143,111144,111168,2021-01-20 21:55:00,2021-01-20 22:00:00,2021-01-21 00:00:00,-1,24
111172,111173,111197,2021-01-21 00:20:00,2021-01-21 00:25:00,2021-01-21 02:25:00,-1,24
111198,111199,111223,2021-01-21 02:30:00,2021-01-21 02:35:00,2021-01-21 04:35:00,-1,24
111224,111225,111249,2021-01-21 04:40:00,2021-01-21 04:45:00,2021-01-21 06:45:00,1,24
111248,111249,111273,2021-01-21 06:40:00,2021-01-21 06:45:00,2021-01-21 08:45:00,1,24
111495,111496,111520,2021-01-22 03:15:00,2021-01-22 03:20:00,2021-01-22 05:20:00,1,24
111524,111525,111549,2021-01-22 05:40:00,2021-01-22 05:45:00,2021-01-22 07:45:00,1,24
111593,111594,111618,2021-01-22 11:25:00,2021-01-22 11:30:00,2021-01-22 13:30:00,1,24
111662,111663,111687,2021-01-22 17:10:00,2021-01-22 17:15:00,2021-01-22 19:15:00,-1,24
111710,111711,111735,2021-01-22 21:10:00,2021-01-22 21:15:00,2021-01-22 23:15:00,1,24
111736,111737,111761,2021-01-22 23:20:00,2021-01-22 23:25:00,2021-01-23 01:25:00,-1,24
111760,111761,111785,2021-01-23 01:20:00,2021-01-23 01:25:00,2021-01-23 03:25:00,-1,24
111785,111786,111810,2021-01-23 03:25:00,2021-01-23 03:30:00,2021-01-23 05:30:00,1,24
111809,111810,111834,2021-01-23 05:25:00,2021-01-23 05:30:00,2021-01-23 07:30:00,-1,24
111833,111834,111858,2021-01-23 07:25:00,2021-01-23 07:30:00,2021-01-23 09:30:00,-1,24
111867,111868,111892,2021-01-23 10:15:00,2021-01-23 10:20:00,2021-01-23 12:20:00,1,24
111941,111942,111966,2021-01-23 16:25:00,2021-01-23 16:30:00,2021-01-23 18:30:00,1,24
111973,111974,111998,2021-01-23 19:05:00,2021-01-23 19:10:00,2021-01-23 21:10:00,1,24
111999,112000,112024,2021-01-23 21:15:00,2021-01-23 21:20:00,2021-01-23 23:20:00,1,24
112030,112031,112055,2021-01-23 23:50:00,2021-01-23 23:55:00,2021-01-24 01:55:00,-1,24
112057,112058,112082,2021-01-24 02:05:00,2021-01-24 02:10:00,2021-01-24 04:10:00,-1,24
112085,112086,112110,2021-01-24 04:25:00,2021-01-24 04:30:00,2021-01-24 06:30:00,1,24
112121,112122,112146,2021-01-24 07:25:00,2021-01-24 07:30:00,2021-01-24 09:30:00,1,24
112150,112151,112175,2021-01-24 09:50:00,2021-01-24 09:55:00,2021-01-24 11:55:00,1,24
112180,112181,112205,2021-01-24 12:20:00,2021-01-24 12:25:00,2021-01-24 14:25:00,-1,24
112205,112206,112230,2021-01-24 14:25:00,2021-01-24 14:30:00,2021-01-24 16:30:00,-1,24
112229,112230,112254,2021-01-24 16:25:00,2021-01-24 16:30:00,2021-01-24 18:30:00,1,24
112253,112254,112278,2021-01-24 18:25:00,2021-01-24 18:30:00,2021-01-24 20:30:00,1,24
112281,112282,112306,2021-01-24 20:45:00,2021-01-24 20:50:00,2021-01-24 22:50:00,1,24
112308,112309,112333,2021-01-24 23:00:00,2021-01-24 23:05:00,2021-01-25 01:05:00,-1,24
112338,112339,112363,2021-01-25 01:30:00,2021-01-25 01:35:00,2021-01-25 03:35:00,-1,24
112370,112371,112395,2021-01-25 04:10:00,2021-01-25 04:15:00,2021-01-25 06:15:00,1,24
112395,112396,112420,2021-01-25 06:15:00,2021-01-25 06:20:00,2021-01-25 08:20:00,-1,24
112433,112434,112458,2021-01-25 09:25:00,2021-01-25 09:30:00,2021-01-25 11:30:00,1,24
112508,112509,112533,2021-01-25 15:40:00,2021-01-25 15:45:00,2021-01-25 17:45:00,1,24
112538,112539,112563,2021-01-25 18:10:00,2021-01-25 18:15:00,2021-01-25 20:15:00,-1,24
112601,112602,112626,2021-01-25 23:25:00,2021-01-25 23:30:00,2021-01-26 01:30:00,-1,24
112628,112629,112653,2021-01-26 01:40:00,2021-01-26 01:45:00,2021-01-26 03:45:00,1,24
112670,112671,112695,2021-01-26 05:10:00,2021-01-26 05:15:00,2021-01-26 07:15:00,1,24
112819,112820,112844,2021-01-26 17:35:00,2021-01-26 17:40:00,2021-01-26 19:40:00,1,24
112852,112853,112877,2021-01-26 20:20:00,2021-01-26 20:25:00,2021-01-26 22:25:00,-1,24
112879,112880,112904,2021-01-26 22:35:00,2021-01-26 22:40:00,2021-01-27 00:40:00,1,24
112906,112907,112931,2021-01-27 00:50:00,2021-01-27 00:55:00,2021-01-27 02:55:00,1,24
112939,112940,112964,2021-01-27 03:35:00,2021-01-27 03:40:00,2021-01-27 05:40:00,1,24
112966,112967,112991,2021-01-27 05:50:00,2021-01-27 05:55:00,2021-01-27 07:55:00,-1,24
112992,112993,113017,2021-01-27 08:00:00,2021-01-27 08:05:00,2021-01-27 10:05:00,1,24
113022,113023,113047,2021-01-27 10:30:00,2021-01-27 10:35:00,2021-01-27 12:35:00,1,24
113102,113103,113127,2021-01-27 17:10:00,2021-01-27 17:15:00,2021-01-27 19:15:00,1,24
113165,113166,113190,2021-01-27 22:25:00,2021-01-27 22:30:00,2021-01-28 00:30:00,-1,24
113210,113211,113235,2021-01-28 02:10:00,2021-01-28 02:15:00,2021-01-28 04:15:00,1,24
113240,113241,113265,2021-01-28 04:40:00,2021-01-28 04:45:00,2021-01-28 06:45:00,1,24
113275,113276,113300,2021-01-28 07:35:00,2021-01-28 07:40:00,2021-01-28 09:40:00,-1,24
113311,113312,113336,2021-01-28 10:35:00,2021-01-28 10:40:00,2021-01-28 12:40:00,-1,24
113389,113390,113414,2021-01-28 17:05:00,2021-01-28 17:10:00,2021-01-28 19:10:00,1,24
113415,113416,113440,2021-01-28 19:15:00,2021-01-28 19:20:00,2021-01-28 21:20:00,-1,24
113440,113441,113465,2021-01-28 21:20:00,2021-01-28 21:25:00,2021-01-28 23:25:00,1,24
113492,113493,113517,2021-01-29 01:40:00,2021-01-29 01:45:00,2021-01-29 03:45:00,1,24
113518,113519,113543,2021-01-29 03:50:00,2021-01-29 03:55:00,2021-01-29 05:55:00,-1,24
113566,113567,113591,2021-01-29 07:50:00,2021-01-29 07:55:00,2021-01-29 09:55:00,-1,24
113633,113634,113658,2021-01-29 13:25:00,2021-01-29 13:30:00,2021-01-29 15:30:00,-1,24
113757,113758,113782,2021-01-29 23:45:00,2021-01-29 23:50:00,2021-01-30 01:50:00,-1,24
113782,113783,113807,2021-01-30 01:50:00,2021-01-30 01:55:00,2021-01-30 03:55:00,-1,24
113826,113827,113851,2021-01-30 05:30:00,2021-01-30 05:35:00,2021-01-30 07:35:00,1,24
113852,113853,113877,2021-01-30 07:40:00,2021-01-30 07:45:00,2021-01-30 09:45:00,-1,24
113879,113880,113904,2021-01-30 09:55:00,2021-01-30 10:00:00,2021-01-30 12:00:00,1,24
113910,113911,113935,2021-01-30 12:30:00,2021-01-30 12:35:00,2021-01-30 14:35:00,1,24
113936,113937,113961,2021-01-30 14:40:00,2021-01-30 14:45:00,2021-01-30 16:45:00,1,24
113972,113973,113997,2021-01-30 17:40:00,2021-01-30 17:45:00,2021-01-30 19:45:00,1,24
113997,113998,114022,2021-01-30 19:45:00,2021-01-30 19:50:00,2021-01-30 21:50:00,1,24
114031,114032,114056,2021-01-30 22:35:00,2021-01-30 22:40:00,2021-01-31 00:40:00,1,24
114057,114058,114082,2021-01-31 00:45:00,2021-01-31 00:50:00,2021-01-31 02:50:00,-1,24
114082,114083,114107,2021-01-31 02:50:00,2021-01-31 02:55:00,2021-01-31 04:55:00,-1,24
114106,114107,114131,2021-01-31 04:50:00,2021-01-31 04:55:00,2021-01-31 06:55:00,-1,24
114131,114132,114156,2021-01-31 06:55:00,2021-01-31 07:00:00,2021-01-31 09:00:00,-1,24
114157,114158,114182,2021-01-31 09:05:00,2021-01-31 09:10:00,2021-01-31 11:10:00,1,24
114184,114185,114209,2021-01-31 11:20:00,2021-01-31 11:25:00,2021-01-31 13:25:00,-1,24
114208,114209,114233,2021-01-31 13:20:00,2021-01-31 13:25:00,2021-01-31 15:25:00,-1,24
114246,114247,114271,2021-01-31 16:30:00,2021-01-31 16:35:00,2021-01-31 18:35:00,-1,24
114275,114276,114300,2021-01-31 18:55:00,2021-01-31 19:00:00,2021-01-31 21:00:00,1,24
114299,114300,114324,2021-01-31 20:55:00,2021-01-31 21:00:00,2021-01-31 23:00:00,-1,24
114333,114334,114358,2021-01-31 23:45:00,2021-01-31 23:50:00,2021-02-01 01:50:00,1,24
114359,114360,114384,2021-02-01 01:55:00,2021-02-01 02:00:00,2021-02-01 04:00:00,1,24
114391,114392,114416,2021-02-01 04:35:00,2021-02-01 04:40:00,2021-02-01 06:40:00,-1,24
114428,114429,114453,2021-02-01 07:40:00,2021-02-01 07:45:00,2021-02-01 09:45:00,1,24
114452,114453,114477,2021-02-01 09:40:00,2021-02-01 09:45:00,2021-02-01 11:45:00,1,24
114511,114512,114536,2021-02-01 14:35:00,2021-02-01 14:40:00,2021-02-01 16:40:00,1,24
114537,114538,114562,2021-02-01 16:45:00,2021-02-01 16:50:00,2021-02-01 18:50:00,-1,24
114561,114562,114586,2021-02-01 18:45:00,2021-02-01 18:50:00,2021-02-01 20:50:00,-1,24
114585,114586,114610,2021-02-01 20:45:00,2021-02-01 20:50:00,2021-02-01 22:50:00,1,24
114618,114619,114643,2021-02-01 23:30:00,2021-02-01 23:35:00,2021-02-02 01:35:00,-1,24
114642,114643,114667,2021-02-02 01:30:00,2021-02-02 01:35:00,2021-02-02 03:35:00,-1,24
114670,114671,114695,2021-02-02 03:50:00,2021-02-02 03:55:00,2021-02-02 05:55:00,-1,24
114700,114701,114725,2021-02-02 06:20:00,2021-02-02 06:25:00,2021-02-02 08:25:00,-1,24
114724,114725,114749,2021-02-02 08:20:00,2021-02-02 08:25:00,2021-02-02 10:25:00,-1,24
114749,114750,114774,2021-02-02 10:25:00,2021-02-02 10:30:00,2021-02-02 12:30:00,1,24
114775,114776,114800,2021-02-02 12:35:00,2021-02-02 12:40:00,2021-02-02 14:40:00,-1,24
114834,114835,114859,2021-02-02 17:30:00,2021-02-02 17:35:00,2021-02-02 19:35:00,-1,24
114874,114875,114899,2021-02-02 20:50:00,2021-02-02 20:55:00,2021-02-02 22:55:00,-1,24
114898,114899,114923,2021-02-02 22:50:00,2021-02-02 22:55:00,2021-02-03 00:55:00,-1,24
114931,114932,114956,2021-02-03 01:35:00,2021-02-03 01:40:00,2021-02-03 03:40:00,1,24
114955,114956,114980,2021-02-03 03:35:00,2021-02-03 03:40:00,2021-02-03 05:40:00,-1,24
114982,114983,115007,2021-02-03 05:50:00,2021-02-03 05:55:00,2021-02-03 07:55:00,-1,24
115033,115034,115058,2021-02-03 10:05:00,2021-02-03 10:10:00,2021-02-03 12:10:00,-1,24
115061,115062,115086,2021-02-03 12:25:00,2021-02-03 12:30:00,2021-02-03 14:30:00,-1,24
115085,115086,115110,2021-02-03 14:25:00,2021-02-03 14:30:00,2021-02-03 16:30:00,1,24
115145,115146,115170,2021-02-03 19:25:00,2021-02-03 19:30:00,2021-02-03 21:30:00,-1,24
115192,115193,115217,2021-02-03 23:20:00,2021-02-03 23:25:00,2021-02-04 01:25:00,1,24
115237,115238,115262,2021-02-04 03:05:00,2021-02-04 03:10:00,2021-02-04 05:10:00,1,24
115262,115263,115287,2021-02-04 05:10:00,2021-02-04 05:15:00,2021-02-04 07:15:00,-1,24
115354,115355,115379,2021-02-04 12:50:00,2021-02-04 12:55:00,2021-02-04 14:55:00,-1,24
115409,115410,115434,2021-02-04 17:25:00,2021-02-04 17:30:00,2021-02-04 19:30:00,1,24
115433,115434,115458,2021-02-04 19:25:00,2021-02-04 19:30:00,2021-02-04 21:30:00,1,24
115461,115462,115486,2021-02-04 21:45:00,2021-02-04 21:50:00,2021-02-04 23:50:00,1,24
115497,115498,115522,2021-02-05 00:45:00,2021-02-05 00:50:00,2021-02-05 02:50:00,1,24
115522,115523,115547,2021-02-05 02:50:00,2021-02-05 02:55:00,2021-02-05 04:55:00,-1,24
115547,115548,115572,2021-02-05 04:55:00,2021-02-05 05:00:00,2021-02-05 07:00:00,1,24
115575,115576,115600,2021-02-05 07:15:00,2021-02-05 07:20:00,2021-02-05 09:20:00,-1,24
115602,115603,115627,2021-02-05 09:30:00,2021-02-05 09:35:00,2021-02-05 11:35:00,-1,24
115630,115631,115655,2021-02-05 11:50:00,2021-02-05 11:55:00,2021-02-05 13:55:00,-1,24
115673,115674,115698,2021-02-05 15:25:00,2021-02-05 15:30:00,2021-02-05 17:30:00,1,24
115697,115698,115722,2021-02-05 17:25:00,2021-02-05 17:30:00,2021-02-05 19:30:00,-1,24
115721,115722,115746,2021-02-05 19:25:00,2021-02-05 19:30:00,2021-02-05 21:30:00,-1,24
115746,115747,115771,2021-02-05 21:30:00,2021-02-05 21:35:00,2021-02-05 23:35:00,-1,24
115774,115775,115799,2021-02-05 23:50:00,2021-02-05 23:55:00,2021-02-06 01:55:00,1,24
115821,115822,115846,2021-02-06 03:45:00,2021-02-06 03:50:00,2021-02-06 05:50:00,1,24
115849,115850,115874,2021-02-06 06:05:00,2021-02-06 06:10:00,2021-02-06 08:10:00,-1,24
115955,115956,115980,2021-02-06 14:55:00,2021-02-06 15:00:00,2021-02-06 17:00:00,-1,24
116000,116001,116025,2021-02-06 18:40:00,2021-02-06 18:45:00,2021-02-06 20:45:00,-1,24
116031,116032,116056,2021-02-06 21:15:00,2021-02-06 21:20:00,2021-02-06 23:20:00,-1,24
116070,116071,116095,2021-02-07 00:30:00,2021-02-07 00:35:00,2021-02-07 02:35:00,-1,24
116156,116157,116181,2021-02-07 07:40:00,2021-02-07 07:45:00,2021-02-07 09:45:00,-1,24
116244,116245,116269,2021-02-07 15:00:00,2021-02-07 15:05:00,2021-02-07 17:05:00,-1,24
116274,116275,116299,2021-02-07 17:30:00,2021-02-07 17:35:00,2021-02-07 19:35:00,1,24
116301,116302,116326,2021-02-07 19:45:00,2021-02-07 19:50:00,2021-02-07 21:50:00,-1,24
116336,116337,116361,2021-02-07 22:40:00,2021-02-07 22:45:00,2021-02-08 00:45:00,-1,24
116371,116372,116396,2021-02-08 01:35:00,2021-02-08 01:40:00,2021-02-08 03:40:00,1,24
116409,116410,116434,2021-02-08 04:45:00,2021-02-08 04:50:00,2021-02-08 06:50:00,1,24
116443,116444,116468,2021-02-08 07:35:00,2021-02-08 07:40:00,2021-02-08 09:40:00,1,24
116468,116469,116493,2021-02-08 09:40:00,2021-02-08 09:45:00,2021-02-08 11:45:00,1,24
116503,116504,116528,2021-02-08 12:35:00,2021-02-08 12:40:00,2021-02-08 14:40:00,-1,24
116596,116597,116621,2021-02-08 20:20:00,2021-02-08 20:25:00,2021-02-08 22:25:00,-1,24
116953,116954,116978,2021-02-10 02:05:00,2021-02-10 02:10:00,2021-02-10 04:10:00,1,24
116988,116989,117013,2021-02-10 05:00:00,2021-02-10 05:05:00,2021-02-10 07:05:00,1,24
117012,117013,117037,2021-02-10 07:00:00,2021-02-10 07:05:00,2021-02-10 09:05:00,1,24
117058,117059,117083,2021-02-10 10:50:00,2021-02-10 10:55:00,2021-02-10 12:55:00,-1,24
117148,117149,117173,2021-02-10 18:20:00,2021-02-10 18:25:00,2021-02-10 20:25:00,1,24
117174,117175,117199,2021-02-10 20:30:00,2021-02-10 20:35:00,2021-02-10 22:35:00,1,24
117205,117206,117230,2021-02-10 23:05:00,2021-02-10 23:10:00,2021-02-11 01:10:00,1,24
117229,117230,117254,2021-02-11 01:05:00,2021-02-11 01:10:00,2021-02-11 03:10:00,1,24
117261,117262,117286,2021-02-11 03:45:00,2021-02-11 03:50:00,2021-02-11 05:50:00,1,24
117290,117291,117315,2021-02-11 06:10:00,2021-02-11 06:15:00,2021-02-11 08:15:00,1,24
117320,117321,117345,2021-02-11 08:40:00,2021-02-11 08:45:00,2021-02-11 10:45:00,1,24
117364,117365,117389,2021-02-11 12:20:00,2021-02-11 12:25:00,2021-02-11 14:25:00,-1,24
117404,117405,117429,2021-02-11 15:40:00,2021-02-11 15:45:00,2021-02-11 17:45:00,1,24
117429,117430,117454,2021-02-11 17:45:00,2021-02-11 17:50:00,2021-02-11 19:50:00,1,24
117551,117552,117576,2021-02-12 03:55:00,2021-02-12 04:00:00,2021-02-12 06:00:00,1,24
117582,117583,117607,2021-02-12 06:30:00,2021-02-12 06:35:00,2021-02-12 08:35:00,1,24
117612,117613,117637,2021-02-12 09:00:00,2021-02-12 09:05:00,2021-02-12 11:05:00,-1,24
117648,117649,117673,2021-02-12 12:00:00,2021-02-12 12:05:00,2021-02-12 14:05:00,-1,24
117713,117714,117738,2021-02-12 17:25:00,2021-02-12 17:30:00,2021-02-12 19:30:00,1,24
117758,117759,117783,2021-02-12 21:10:00,2021-02-12 21:15:00,2021-02-12 23:15:00,1,24
117783,117784,117808,2021-02-12 23:15:00,2021-02-12 23:20:00,2021-02-13 01:20:00,1,24
117808,117809,117833,2021-02-13 01:20:00,2021-02-13 01:25:00,2021-02-13 03:25:00,1,24
117838,117839,117863,2021-02-13 03:50:00,2021-02-13 03:55:00,2021-02-13 05:55:00,-1,24
117869,117870,117894,2021-02-13 06:25:00,2021-02-13 06:30:00,2021-02-13 08:30:00,-1,24
117900,117901,117925,2021-02-13 09:00:00,2021-02-13 09:05:00,2021-02-13 11:05:00,1,24
117942,117943,117967,2021-02-13 12:30:00,2021-02-13 12:35:00,2021-02-13 14:35:00,1,24
117992,117993,118017,2021-02-13 16:40:00,2021-02-13 16:45:00,2021-02-13 18:45:00,-1,24
118022,118023,118047,2021-02-13 19:10:00,2021-02-13 19:15:00,2021-02-13 21:15:00,1,24
118048,118049,118073,2021-02-13 21:20:00,2021-02-13 21:25:00,2021-02-13 23:25:00,-1,24
118075,118076,118100,2021-02-13 23:35:00,2021-02-13 23:40:00,2021-02-14 01:40:00,-1,24
118106,118107,118131,2021-02-14 02:10:00,2021-02-14 02:15:00,2021-02-14 04:15:00,1,24
118132,118133,118157,2021-02-14 04:20:00,2021-02-14 04:25:00,2021-02-14 06:25:00,-1,24
118168,118169,118193,2021-02-14 07:20:00,2021-02-14 07:25:00,2021-02-14 09:25:00,-1,24
118221,118222,118246,2021-02-14 11:45:00,2021-02-14 11:50:00,2021-02-14 13:50:00,-1,24
118273,118274,118298,2021-02-14 16:05:00,2021-02-14 16:10:00,2021-02-14 18:10:00,1,24
118298,118299,118323,2021-02-14 18:10:00,2021-02-14 18:15:00,2021-02-14 20:15:00,-1,24
118322,118323,118347,2021-02-14 20:10:00,2021-02-14 20:15:00,2021-02-14 22:15:00,1,24
118374,118375,118399,2021-02-15 00:30:00,2021-02-15 00:35:00,2021-02-15 02:35:00,-1,24
118411,118412,118436,2021-02-15 03:35:00,2021-02-15 03:40:00,2021-02-15 05:40:00,1,24
118477,118478,118502,2021-02-15 09:05:00,2021-02-15 09:10:00,2021-02-15 11:10:00,-1,24
118507,118508,118532,2021-02-15 11:35:00,2021-02-15 11:40:00,2021-02-15 13:40:00,-1,24
118532,118533,118557,2021-02-15 13:40:00,2021-02-15 13:45:00,2021-02-15 15:45:00,-1,24
118568,118569,118593,2021-02-15 16:40:00,2021-02-15 16:45:00,2021-02-15 18:45:00,1,24
118593,118594,118618,2021-02-15 18:45:00,2021-02-15 18:50:00,2021-02-15 20:50:00,-1,24
118644,118645,118669,2021-02-15 23:00:00,2021-02-15 23:05:00,2021-02-16 01:05:00,-1,24
118676,118677,118701,2021-02-16 01:40:00,2021-02-16 01:45:00,2021-02-16 03:45:00,-1,24
118723,118724,118748,2021-02-16 05:35:00,2021-02-16 05:40:00,2021-02-16 07:40:00,1,24
118757,118758,118782,2021-02-16 08:25:00,2021-02-16 08:30:00,2021-02-16 10:30:00,-1,24
118781,118782,118806,2021-02-16 10:25:00,2021-02-16 10:30:00,2021-02-16 12:30:00,-1,24
118862,118863,118887,2021-02-16 17:10:00,2021-02-16 17:15:00,2021-02-16 19:15:00,-1,24
118889,118890,118914,2021-02-16 19:25:00,2021-02-16 19:30:00,2021-02-16 21:30:00,1,24
118936,118937,118961,2021-02-16 23:20:00,2021-02-16 23:25:00,2021-02-17 01:25:00,-1,24
118966,118967,118991,2021-02-17 01:50:00,2021-02-17 01:55:00,2021-02-17 03:55:00,1,24
119001,119002,119026,2021-02-17 04:45:00,2021-02-17 04:50:00,2021-02-17 06:50:00,-1,24
119071,119072,119096,2021-02-17 10:35:00,2021-02-17 10:40:00,2021-02-17 12:40:00,1,24
119121,119122,119146,2021-02-17 14:45:00,2021-02-17 14:50:00,2021-02-17 16:50:00,-1,24
119151,119152,119176,2021-02-17 17:15:00,2021-02-17 17:20:00,2021-02-17 19:20:00,-1,24
119212,119213,119237,2021-02-17 22:20:00,2021-02-17 22:25:00,2021-02-18 00:25:00,1,24
119243,119244,119268,2021-02-18 00:55:00,2021-02-18 01:00:00,2021-02-18 03:00:00,-1,24
119268,119269,119293,2021-02-18 03:00:00,2021-02-18 03:05:00,2021-02-18 05:05:00,1,24
119292,119293,119317,2021-02-18 05:00:00,2021-02-18 05:05:00,2021-02-18 07:05:00,1,24
119331,119332,119356,2021-02-18 08:15:00,2021-02-18 08:20:00,2021-02-18 10:20:00,1,24
119356,119357,119381,2021-02-18 10:20:00,2021-02-18 10:25:00,2021-02-18 12:25:00,1,24
119402,119403,119427,2021-02-18 14:10:00,2021-02-18 14:15:00,2021-02-18 16:15:00,1,24
119440,119441,119465,2021-02-18 17:20:00,2021-02-18 17:25:00,2021-02-18 19:25:00,1,24
119465,119466,119490,2021-02-18 19:25:00,2021-02-18 19:30:00,2021-02-18 21:30:00,1,24
119489,119490,119514,2021-02-18 21:25:00,2021-02-18 21:30:00,2021-02-18 23:30:00,-1,24
119513,119514,119538,2021-02-18 23:25:00,2021-02-18 23:30:00,2021-02-19 01:30:00,1,24
119537,119538,119562,2021-02-19 01:25:00,2021-02-19 01:30:00,2021-02-19 03:30:00,1,24
119563,119564,119588,2021-02-19 03:35:00,2021-02-19 03:40:00,2021-02-19 05:40:00,-1,24
119606,119607,119631,2021-02-19 07:10:00,2021-02-19 07:15:00,2021-02-19 09:15:00,-1,24
119794,119795,119819,2021-02-19 22:50:00,2021-02-19 22:55:00,2021-02-20 00:55:00,-1,24
119823,119824,119848,2021-02-20 01:15:00,2021-02-20 01:20:00,2021-02-20 03:20:00,-1,24
119860,119861,119885,2021-02-20 04:20:00,2021-02-20 04:25:00,2021-02-20 06:25:00,-1,24
119884,119885,119909,2021-02-20 06:20:00,2021-02-20 06:25:00,2021-02-20 08:25:00,1,24
119911,119912,119936,2021-02-20 08:35:00,2021-02-20 08:40:00,2021-02-20 10:40:00,1,24
119947,119948,119972,2021-02-20 11:35:00,2021-02-20 11:40:00,2021-02-20 13:40:00,1,24
119972,119973,119997,2021-02-20 13:40:00,2021-02-20 13:45:00,2021-02-20 15:45:00,1,24
120025,120026,120050,2021-02-20 18:05:00,2021-02-20 18:10:00,2021-02-20 20:10:00,-1,24
120049,120050,120074,2021-02-20 20:05:00,2021-02-20 20:10:00,2021-02-20 22:10:00,-1,24
120102,120103,120127,2021-02-21 00:30:00,2021-02-21 00:35:00,2021-02-21 02:35:00,1,24
120128,120129,120153,2021-02-21 02:40:00,2021-02-21 02:45:00,2021-02-21 04:45:00,1,24
120157,120158,120182,2021-02-21 05:05:00,2021-02-21 05:10:00,2021-02-21 07:10:00,-1,24
120189,120190,120214,2021-02-21 07:45:00,2021-02-21 07:50:00,2021-02-21 09:50:00,1,24
120213,120214,120238,2021-02-21 09:45:00,2021-02-21 09:50:00,2021-02-21 11:50:00,1,24
120251,120252,120276,2021-02-21 12:55:00,2021-02-21 13:00:00,2021-02-21 15:00:00,-1,24
120310,120311,120335,2021-02-21 17:50:00,2021-02-21 17:55:00,2021-02-21 19:55:00,1,24
120334,120335,120359,2021-02-21 19:50:00,2021-02-21 19:55:00,2021-02-21 21:55:00,-1,24
120363,120364,120388,2021-02-21 22:15:00,2021-02-21 22:20:00,2021-02-22 00:20:00,-1,24
120398,120399,120423,2021-02-22 01:10:00,2021-02-22 01:15:00,2021-02-22 03:15:00,1,24
120425,120426,120450,2021-02-22 03:25:00,2021-02-22 03:30:00,2021-02-22 05:30:00,1,24
120461,120462,120486,2021-02-22 06:25:00,2021-02-22 06:30:00,2021-02-22 08:30:00,-1,24
120488,120489,120513,2021-02-22 08:40:00,2021-02-22 08:45:00,2021-02-22 10:45:00,-1,24
120523,120524,120548,2021-02-22 11:35:00,2021-02-22 11:40:00,2021-02-22 13:40:00,1,24
120617,120618,120642,2021-02-22 19:25:00,2021-02-22 19:30:00,2021-02-22 21:30:00,-1,24
120667,120668,120692,2021-02-22 23:35:00,2021-02-22 23:40:00,2021-02-23 01:40:00,-1,24
120694,120695,120719,2021-02-23 01:50:00,2021-02-23 01:55:00,2021-02-23 03:55:00,1,24
120893,120894,120918,2021-02-23 18:25:00,2021-02-23 18:30:00,2021-02-23 20:30:00,1,24
120920,120921,120945,2021-02-23 20:40:00,2021-02-23 20:45:00,2021-02-23 22:45:00,1,24
121273,121274,121298,2021-02-25 02:05:00,2021-02-25 02:10:00,2021-02-25 04:10:00,1,24
121302,121303,121327,2021-02-25 04:30:00,2021-02-25 04:35:00,2021-02-25 06:35:00,1,24
121329,121330,121354,2021-02-25 06:45:00,2021-02-25 06:50:00,2021-02-25 08:50:00,-1,24
121363,121364,121388,2021-02-25 09:35:00,2021-02-25 09:40:00,2021-02-25 11:40:00,-1,24
121419,121420,121444,2021-02-25 14:15:00,2021-02-25 14:20:00,2021-02-25 16:20:00,-1,24
121493,121494,121518,2021-02-25 20:25:00,2021-02-25 20:30:00,2021-02-25 22:30:00,1,24
121519,121520,121544,2021-02-25 22:35:00,2021-02-25 22:40:00,2021-02-26 00:40:00,1,24
121567,121568,121592,2021-02-26 02:35:00,2021-02-26 02:40:00,2021-02-26 04:40:00,-1,24
121591,121592,121616,2021-02-26 04:35:00,2021-02-26 04:40:00,2021-02-26 06:40:00,-1,24
121749,121750,121774,2021-02-26 17:45:00,2021-02-26 17:50:00,2021-02-26 19:50:00,1,24
121775,121776,121800,2021-02-26 19:55:00,2021-02-26 20:00:00,2021-02-26 22:00:00,1,24
121820,121821,121845,2021-02-26 23:40:00,2021-02-26 23:45:00,2021-02-27 01:45:00,-1,24
121847,121848,121872,2021-02-27 01:55:00,2021-02-27 02:00:00,2021-02-27 04:00:00,1,24
121877,121878,121902,2021-02-27 04:25:00,2021-02-27 04:30:00,2021-02-27 06:30:00,1,24
121902,121903,121927,2021-02-27 06:30:00,2021-02-27 06:35:00,2021-02-27 08:35:00,1,24
121943,121944,121968,2021-02-27 09:55:00,2021-02-27 10:00:00,2021-02-27 12:00:00,1,24
121968,121969,121993,2021-02-27 12:00:00,2021-02-27 12:05:00,2021-02-27 14:05:00,1,24
121997,121998,122022,2021-02-27 14:25:00,2021-02-27 14:30:00,2021-02-27 16:30:00,-1,24
122038,122039,122063,2021-02-27 17:50:00,2021-02-27 17:55:00,2021-02-27 19:55:00,-1,24
122062,122063,122087,2021-02-27 19:50:00,2021-02-27 19:55:00,2021-02-27 21:55:00,1,24
122086,122087,122111,2021-02-27 21:50:00,2021-02-27 21:55:00,2021-02-27 23:55:00,-1,24
122125,122126,122150,2021-02-28 01:05:00,2021-02-28 01:10:00,2021-02-28 03:10:00,1,24
122170,122171,122195,2021-02-28 04:50:00,2021-02-28 04:55:00,2021-02-28 06:55:00,1,24
122226,122227,122251,2021-02-28 09:30:00,2021-02-28 09:35:00,2021-02-28 11:35:00,-1,24
122255,122256,122280,2021-02-28 11:55:00,2021-02-28 12:00:00,2021-02-28 14:00:00,1,24
122310,122311,122335,2021-02-28 16:30:00,2021-02-28 16:35:00,2021-02-28 18:35:00,1,24
122358,122359,122383,2021-02-28 20:30:00,2021-02-28 20:35:00,2021-02-28 22:35:00,1,24
122385,122386,122410,2021-02-28 22:45:00,2021-02-28 22:50:00,2021-03-01 00:50:00,1,24
122414,122415,122439,2021-03-01 01:10:00,2021-03-01 01:15:00,2021-03-01 03:15:00,1,24
122446,122447,122471,2021-03-01 03:50:00,2021-03-01 03:55:00,2021-03-01 05:55:00,1,24
122470,122471,122495,2021-03-01 05:50:00,2021-03-01 05:55:00,2021-03-01 07:55:00,1,24
122494,122495,122519,2021-03-01 07:50:00,2021-03-01 07:55:00,2021-03-01 09:55:00,1,24
122527,122528,122552,2021-03-01 10:35:00,2021-03-01 10:40:00,2021-03-01 12:40:00,1,24
122554,122555,122579,2021-03-01 12:50:00,2021-03-01 12:55:00,2021-03-01 14:55:00,1,24
122599,122600,122624,2021-03-01 16:35:00,2021-03-01 16:40:00,2021-03-01 18:40:00,-1,24
122623,122624,122648,2021-03-01 18:35:00,2021-03-01 18:40:00,2021-03-01 20:40:00,1,24
122650,122651,122675,2021-03-01 20:50:00,2021-03-01 20:55:00,2021-03-01 22:55:00,1,24
122798,122799,122823,2021-03-02 09:10:00,2021-03-02 09:15:00,2021-03-02 11:15:00,-1,24
122881,122882,122906,2021-03-02 16:05:00,2021-03-02 16:10:00,2021-03-02 18:10:00,-1,24
122962,122963,122987,2021-03-02 22:50:00,2021-03-02 22:55:00,2021-03-03 00:55:00,-1,24
122996,122997,123021,2021-03-03 01:40:00,2021-03-03 01:45:00,2021-03-03 03:45:00,-1,24
123021,123022,123046,2021-03-03 03:45:00,2021-03-03 03:50:00,2021-03-03 05:50:00,1,24
123081,123082,123106,2021-03-03 08:45:00,2021-03-03 08:50:00,2021-03-03 10:50:00,1,24
123157,123158,123182,2021-03-03 15:05:00,2021-03-03 15:10:00,2021-03-03 17:10:00,-1,24
123202,123203,123227,2021-03-03 18:50:00,2021-03-03 18:55:00,2021-03-03 20:55:00,-1,24
123238,123239,123263,2021-03-03 21:50:00,2021-03-03 21:55:00,2021-03-03 23:55:00,1,24
123285,123286,123310,2021-03-04 01:45:00,2021-03-04 01:50:00,2021-03-04 03:50:00,1,24
123318,123319,123343,2021-03-04 04:30:00,2021-03-04 04:35:00,2021-03-04 06:35:00,-1,24
123344,123345,123369,2021-03-04 06:40:00,2021-03-04 06:45:00,2021-03-04 08:45:00,1,24
123394,123395,123419,2021-03-04 10:50:00,2021-03-04 10:55:00,2021-03-04 12:55:00,1,24
123469,123470,123494,2021-03-04 17:05:00,2021-03-04 17:10:00,2021-03-04 19:10:00,-1,24
123496,123497,123521,2021-03-04 19:20:00,2021-03-04 19:25:00,2021-03-04 21:25:00,-1,24
123530,123531,123555,2021-03-04 22:10:00,2021-03-04 22:15:00,2021-03-05 00:15:00,1,24
123604,123605,123629,2021-03-05 04:20:00,2021-03-05 04:25:00,2021-03-05 06:25:00,1,24
123637,123638,123662,2021-03-05 07:05:00,2021-03-05 07:10:00,2021-03-05 09:10:00,-1,24
123676,123677,123701,2021-03-05 10:20:00,2021-03-05 10:25:00,2021-03-05 12:25:00,1,24
123826,123827,123851,2021-03-05 22:50:00,2021-03-05 22:55:00,2021-03-06 00:55:00,1,24
123854,123855,123879,2021-03-06 01:10:00,2021-03-06 01:15:00,2021-03-06 03:15:00,1,24
123879,123880,123904,2021-03-06 03:15:00,2021-03-06 03:20:00,2021-03-06 05:20:00,-1,24
123904,123905,123929,2021-03-06 05:20:00,2021-03-06 05:25:00,2021-03-06 07:25:00,1,24
123940,123941,123965,2021-03-06 08:20:00,2021-03-06 08:25:00,2021-03-06 10:25:00,1,24
123978,123979,124003,2021-03-06 11:30:00,2021-03-06 11:35:00,2021-03-06 13:35:00,-1,24
124012,124013,124037,2021-03-06 14:20:00,2021-03-06 14:25:00,2021-03-06 16:25:00,1,24
124040,124041,124065,2021-03-06 16:40:00,2021-03-06 16:45:00,2021-03-06 18:45:00,-1,24
124066,124067,124091,2021-03-06 18:50:00,2021-03-06 18:55:00,2021-03-06 20:55:00,-1,24
124090,124091,124115,2021-03-06 20:50:00,2021-03-06 20:55:00,2021-03-06 22:55:00,1,24
124116,124117,124141,2021-03-06 23:00:00,2021-03-06 23:05:00,2021-03-07 01:05:00,-1,24
124157,124158,124182,2021-03-07 02:25:00,2021-03-07 02:30:00,2021-03-07 04:30:00,1,24
124184,124185,124209,2021-03-07 04:40:00,2021-03-07 04:45:00,2021-03-07 06:45:00,1,24
124211,124212,124236,2021-03-07 06:55:00,2021-03-07 07:00:00,2021-03-07 09:00:00,-1,24
124235,124236,124260,2021-03-07 08:55:00,2021-03-07 09:00:00,2021-03-07 11:00:00,1,24
124259,124260,124284,2021-03-07 10:55:00,2021-03-07 11:00:00,2021-03-07 13:00:00,1,24
124286,124287,124311,2021-03-07 13:10:00,2021-03-07 13:15:00,2021-03-07 15:15:00,-1,24
124313,124314,124338,2021-03-07 15:25:00,2021-03-07 15:30:00,2021-03-07 17:30:00,1,24
124360,124361,124385,2021-03-07 19:20:00,2021-03-07 19:25:00,2021-03-07 21:25:00,-1,24
124386,124387,124411,2021-03-07 21:30:00,2021-03-07 21:35:00,2021-03-07 23:35:00,-1,24
124436,124437,124461,2021-03-08 01:40:00,2021-03-08 01:45:00,2021-03-08 03:45:00,-1,24
124462,124463,124487,2021-03-08 03:50:00,2021-03-08 03:55:00,2021-03-08 05:55:00,-1,24
124487,124488,124512,2021-03-08 05:55:00,2021-03-08 06:00:00,2021-03-08 08:00:00,-1,24
124518,124519,124543,2021-03-08 08:30:00,2021-03-08 08:35:00,2021-03-08 10:35:00,1,24
124547,124548,124572,2021-03-08 10:55:00,2021-03-08 11:00:00,2021-03-08 13:00:00,-1,24
124628,124629,124653,2021-03-08 17:40:00,2021-03-08 17:45:00,2021-03-08 19:45:00,1,24
124659,124660,124684,2021-03-08 20:15:00,2021-03-08 20:20:00,2021-03-08 22:20:00,1,24
124687,124688,124712,2021-03-08 22:35:00,2021-03-08 22:40:00,2021-03-09 00:40:00,1,24
124711,124712,124736,2021-03-09 00:35:00,2021-03-09 00:40:00,2021-03-09 02:40:00,-1,24
124764,124765,124789,2021-03-09 05:00:00,2021-03-09 05:05:00,2021-03-09 07:05:00,-1,24
124788,124789,124813,2021-03-09 07:00:00,2021-03-09 07:05:00,2021-03-09 09:05:00,1,24
124835,124836,124860,2021-03-09 10:55:00,2021-03-09 11:00:00,2021-03-09 13:00:00,1,24
124863,124864,124888,2021-03-09 13:15:00,2021-03-09 13:20:00,2021-03-09 15:20:00,-1,24
124916,124917,124941,2021-03-09 17:40:00,2021-03-09 17:45:00,2021-03-09 19:45:00,-1,24
124946,124947,124971,2021-03-09 20:10:00,2021-03-09 20:15:00,2021-03-09 22:15:00,1,24
124983,124984,125008,2021-03-09 23:15:00,2021-03-09 23:20:00,2021-03-10 01:20:00,1,24
125033,125034,125058,2021-03-10 03:25:00,2021-03-10 03:30:00,2021-03-10 05:30:00,1,24
125058,125059,125083,2021-03-10 05:30:00,2021-03-10 05:35:00,2021-03-10 07:35:00,1,24
125109,125110,125134,2021-03-10 09:45:00,2021-03-10 09:50:00,2021-03-10 11:50:00,1,24
125139,125140,125164,2021-03-10 12:15:00,2021-03-10 12:20:00,2021-03-10 14:20:00,-1,24
125218,125219,125243,2021-03-10 18:50:00,2021-03-10 18:55:00,2021-03-10 20:55:00,-1,24
125297,125298,125322,2021-03-11 01:25:00,2021-03-11 01:30:00,2021-03-11 03:30:00,1,24
125321,125322,125346,2021-03-11 03:25:00,2021-03-11 03:30:00,2021-03-11 05:30:00,-1,24
125346,125347,125371,2021-03-11 05:30:00,2021-03-11 05:35:00,2021-03-11 07:35:00,1,24
125383,125384,125408,2021-03-11 08:35:00,2021-03-11 08:40:00,2021-03-11 10:40:00,-1,24
125440,125441,125465,2021-03-11 13:20:00,2021-03-11 13:25:00,2021-03-11 15:25:00,1,24
125563,125564,125588,2021-03-11 23:35:00,2021-03-11 23:40:00,2021-03-12 01:40:00,-1,24
125600,125601,125625,2021-03-12 02:40:00,2021-03-12 02:45:00,2021-03-12 04:45:00,-1,24
125643,125644,125668,2021-03-12 06:15:00,2021-03-12 06:20:00,2021-03-12 08:20:00,1,24
125706,125707,125731,2021-03-12 11:30:00,2021-03-12 11:35:00,2021-03-12 13:35:00,1,24
125737,125738,125762,2021-03-12 14:05:00,2021-03-12 14:10:00,2021-03-12 16:10:00,1,24
125805,125806,125830,2021-03-12 19:45:00,2021-03-12 19:50:00,2021-03-12 21:50:00,-1,24
125830,125831,125855,2021-03-12 21:50:00,2021-03-12 21:55:00,2021-03-12 23:55:00,-1,24
125855,125856,125880,2021-03-12 23:55:00,2021-03-13 00:00:00,2021-03-13 02:00:00,1,24
125879,125880,125904,2021-03-13 01:55:00,2021-03-13 02:00:00,2021-03-13 04:00:00,-1,24
125914,125915,125939,2021-03-13 04:50:00,2021-03-13 04:55:00,2021-03-13 06:55:00,-1,24
125939,125940,125964,2021-03-13 06:55:00,2021-03-13 07:00:00,2021-03-13 09:00:00,1,24
125969,125970,125994,2021-03-13 09:25:00,2021-03-13 09:30:00,2021-03-13 11:30:00,-1,24
126020,126021,126045,2021-03-13 13:40:00,2021-03-13 13:45:00,2021-03-13 15:45:00,1,24
126063,126064,126088,2021-03-13 17:15:00,2021-03-13 17:20:00,2021-03-13 19:20:00,-1,24
126113,126114,126138,2021-03-13 21:25:00,2021-03-13 21:30:00,2021-03-13 23:30:00,1,24
126137,126138,126162,2021-03-13 23:25:00,2021-03-13 23:30:00,2021-03-14 01:30:00,-1,24
126167,126168,126192,2021-03-14 01:55:00,2021-03-14 02:00:00,2021-03-14 04:00:00,1,24
126194,126195,126219,2021-03-14 04:10:00,2021-03-14 04:15:00,2021-03-14 06:15:00,1,24
126229,126230,126254,2021-03-14 07:05:00,2021-03-14 07:10:00,2021-03-14 09:10:00,1,24
126273,126274,126298,2021-03-14 10:45:00,2021-03-14 10:50:00,2021-03-14 12:50:00,-1,24
126297,126298,126322,2021-03-14 12:45:00,2021-03-14 12:50:00,2021-03-14 14:50:00,1,24
126350,126351,126375,2021-03-14 17:10:00,2021-03-14 17:15:00,2021-03-14 19:15:00,1,24
126379,126380,126404,2021-03-14 19:35:00,2021-03-14 19:40:00,2021-03-14 21:40:00,1,24
126406,126407,126431,2021-03-14 21:50:00,2021-03-14 21:55:00,2021-03-14 23:55:00,-1,24
126436,126437,126461,2021-03-15 00:20:00,2021-03-15 00:25:00,2021-03-15 02:25:00,1,24
126460,126461,126485,2021-03-15 02:20:00,2021-03-15 02:25:00,2021-03-15 04:25:00,1,24
126484,126485,126509,2021-03-15 04:20:00,2021-03-15 04:25:00,2021-03-15 06:25:00,1,24
126516,126517,126541,2021-03-15 07:00:00,2021-03-15 07:05:00,2021-03-15 09:05:00,-1,24
126636,126637,126661,2021-03-15 17:00:00,2021-03-15 17:05:00,2021-03-15 19:05:00,-1,24
126688,126689,126713,2021-03-15 21:20:00,2021-03-15 21:25:00,2021-03-15 23:25:00,1,24
126713,126714,126738,2021-03-15 23:25:00,2021-03-15 23:30:00,2021-03-16 01:30:00,1,24
126809,126810,126834,2021-03-16 07:25:00,2021-03-16 07:30:00,2021-03-16 09:30:00,1,24
126839,126840,126864,2021-03-16 09:55:00,2021-03-16 10:00:00,2021-03-16 12:00:00,-1,24
126935,126936,126960,2021-03-16 17:55:00,2021-03-16 18:00:00,2021-03-16 20:00:00,1,24
126959,126960,126984,2021-03-16 19:55:00,2021-03-16 20:00:00,2021-03-16 22:00:00,1,24
126995,126996,127020,2021-03-16 22:55:00,2021-03-16 23:00:00,2021-03-17 01:00:00,1,24
127019,127020,127044,2021-03-17 00:55:00,2021-03-17 01:00:00,2021-03-17 03:00:00,-1,24
127046,127047,127071,2021-03-17 03:10:00,2021-03-17 03:15:00,2021-03-17 05:15:00,-1,24
127078,127079,127103,2021-03-17 05:50:00,2021-03-17 05:55:00,2021-03-17 07:55:00,-1,24
127107,127108,127132,2021-03-17 08:15:00,2021-03-17 08:20:00,2021-03-17 10:20:00,-1,24
127199,127200,127224,2021-03-17 15:55:00,2021-03-17 16:00:00,2021-03-17 18:00:00,1,24
127258,127259,127283,2021-03-17 20:50:00,2021-03-17 20:55:00,2021-03-17 22:55:00,1,24
127294,127295,127319,2021-03-17 23:50:00,2021-03-17 23:55:00,2021-03-18 01:55:00,1,24
127319,127320,127344,2021-03-18 01:55:00,2021-03-18 02:00:00,2021-03-18 04:00:00,1,24
127343,127344,127368,2021-03-18 03:55:00,2021-03-18 04:00:00,2021-03-18 06:00:00,-1,24
127436,127437,127461,2021-03-18 11:40:00,2021-03-18 11:45:00,2021-03-18 13:45:00,-1,24
127506,127507,127531,2021-03-18 17:30:00,2021-03-18 17:35:00,2021-03-18 19:35:00,1,24
127541,127542,127566,2021-03-18 20:25:00,2021-03-18 20:30:00,2021-03-18 22:30:00,-1,24
127570,127571,127595,2021-03-18 22:50:00,2021-03-18 22:55:00,2021-03-19 00:55:00,1,24
127598,127599,127623,2021-03-19 01:10:00,2021-03-19 01:15:00,2021-03-19 03:15:00,-1,24
127622,127623,127647,2021-03-19 03:10:00,2021-03-19 03:15:00,2021-03-19 05:15:00,-1,24
127646,127647,127671,2021-03-19 05:10:00,2021-03-19 05:15:00,2021-03-19 07:15:00,1,24
127676,127677,127701,2021-03-19 07:40:00,2021-03-19 07:45:00,2021-03-19 09:45:00,1,24
127708,127709,127733,2021-03-19 10:20:00,2021-03-19 10:25:00,2021-03-19 12:25:00,-1,24
127744,127745,127769,2021-03-19 13:20:00,2021-03-19 13:25:00,2021-03-19 15:25:00,-1,24
127796,127797,127821,2021-03-19 17:40:00,2021-03-19 17:45:00,2021-03-19 19:45:00,1,24
127825,127826,127850,2021-03-19 20:05:00,2021-03-19 20:10:00,2021-03-19 22:10:00,-1,24
127858,127859,127883,2021-03-19 22:50:00,2021-03-19 22:55:00,2021-03-20 00:55:00,1,24
127883,127884,127908,2021-03-20 00:55:00,2021-03-20 01:00:00,2021-03-20 03:00:00,1,24
127912,127913,127937,2021-03-20 03:20:00,2021-03-20 03:25:00,2021-03-20 05:25:00,1,24
127938,127939,127963,2021-03-20 05:30:00,2021-03-20 05:35:00,2021-03-20 07:35:00,1,24
127965,127966,127990,2021-03-20 07:45:00,2021-03-20 07:50:00,2021-03-20 09:50:00,1,24
127989,127990,128014,2021-03-20 09:45:00,2021-03-20 09:50:00,2021-03-20 11:50:00,1,24
128022,128023,128047,2021-03-20 12:30:00,2021-03-20 12:35:00,2021-03-20 14:35:00,-1,24
128059,128060,128084,2021-03-20 15:35:00,2021-03-20 15:40:00,2021-03-20 17:40:00,-1,24
128097,128098,128122,2021-03-20 18:45:00,2021-03-20 18:50:00,2021-03-20 20:50:00,-1,24
128122,128123,128147,2021-03-20 20:50:00,2021-03-20 20:55:00,2021-03-20 22:55:00,-1,24
128147,128148,128172,2021-03-20 22:55:00,2021-03-20 23:00:00,2021-03-21 01:00:00,-1,24
128178,128179,128203,2021-03-21 01:30:00,2021-03-21 01:35:00,2021-03-21 03:35:00,1,24
128222,128223,128247,2021-03-21 05:10:00,2021-03-21 05:15:00,2021-03-21 07:15:00,-1,24
128246,128247,128271,2021-03-21 07:10:00,2021-03-21 07:15:00,2021-03-21 09:15:00,-1,24
128273,128274,128298,2021-03-21 09:25:00,2021-03-21 09:30:00,2021-03-21 11:30:00,1,24
128305,128306,128330,2021-03-21 12:05:00,2021-03-21 12:10:00,2021-03-21 14:10:00,-1,24
128363,128364,128388,2021-03-21 16:55:00,2021-03-21 17:00:00,2021-03-21 19:00:00,-1,24
128397,128398,128422,2021-03-21 19:45:00,2021-03-21 19:50:00,2021-03-21 21:50:00,-1,24
128429,128430,128454,2021-03-21 22:25:00,2021-03-21 22:30:00,2021-03-22 00:30:00,-1,24
128459,128460,128484,2021-03-22 00:55:00,2021-03-22 01:00:00,2021-03-22 03:00:00,-1,24
128490,128491,128515,2021-03-22 03:30:00,2021-03-22 03:35:00,2021-03-22 05:35:00,-1,24
128519,128520,128544,2021-03-22 05:55:00,2021-03-22 06:00:00,2021-03-22 08:00:00,-1,24
128561,128562,128586,2021-03-22 09:25:00,2021-03-22 09:30:00,2021-03-22 11:30:00,-1,24
128589,128590,128614,2021-03-22 11:45:00,2021-03-22 11:50:00,2021-03-22 13:50:00,-1,24
128636,128637,128661,2021-03-22 15:40:00,2021-03-22 15:45:00,2021-03-22 17:45:00,-1,24
128660,128661,128685,2021-03-22 17:40:00,2021-03-22 17:45:00,2021-03-22 19:45:00,1,24
128724,128725,128749,2021-03-22 23:00:00,2021-03-22 23:05:00,2021-03-23 01:05:00,-1,24
128750,128751,128775,2021-03-23 01:10:00,2021-03-23 01:15:00,2021-03-23 03:15:00,-1,24
128777,128778,128802,2021-03-23 03:25:00,2021-03-23 03:30:00,2021-03-23 05:30:00,1,24
128827,128828,128852,2021-03-23 07:35:00,2021-03-23 07:40:00,2021-03-23 09:40:00,1,24
128851,128852,128876,2021-03-23 09:35:00,2021-03-23 09:40:00,2021-03-23 11:40:00,1,24
128900,128901,128925,2021-03-23 13:40:00,2021-03-23 13:45:00,2021-03-23 15:45:00,-1,24
128926,128927,128951,2021-03-23 15:50:00,2021-03-23 15:55:00,2021-03-23 17:55:00,1,24
128950,128951,128975,2021-03-23 17:50:00,2021-03-23 17:55:00,2021-03-23 19:55:00,1,24
128975,128976,129000,2021-03-23 19:55:00,2021-03-23 20:00:00,2021-03-23 22:00:00,1,24
129006,129007,129031,2021-03-23 22:30:00,2021-03-23 22:35:00,2021-03-24 00:35:00,-1,24
129043,129044,129068,2021-03-24 01:35:00,2021-03-24 01:40:00,2021-03-24 03:40:00,-1,24
129068,129069,129093,2021-03-24 03:40:00,2021-03-24 03:45:00,2021-03-24 05:45:00,-1,24
129107,129108,129132,2021-03-24 06:55:00,2021-03-24 07:00:00,2021-03-24 09:00:00,-1,24
129143,129144,129168,2021-03-24 09:55:00,2021-03-24 10:00:00,2021-03-24 12:00:00,1,24
129174,129175,129199,2021-03-24 12:30:00,2021-03-24 12:35:00,2021-03-24 14:35:00,-1,24
129200,129201,129225,2021-03-24 14:40:00,2021-03-24 14:45:00,2021-03-24 16:45:00,1,24
129226,129227,129251,2021-03-24 16:50:00,2021-03-24 16:55:00,2021-03-24 18:55:00,1,24
129310,129311,129335,2021-03-24 23:50:00,2021-03-24 23:55:00,2021-03-25 01:55:00,-1,24
129344,129345,129369,2021-03-25 02:40:00,2021-03-25 02:45:00,2021-03-25 04:45:00,-1,24
129368,129369,129393,2021-03-25 04:40:00,2021-03-25 04:45:00,2021-03-25 06:45:00,-1,24
129392,129393,129417,2021-03-25 06:40:00,2021-03-25 06:45:00,2021-03-25 08:45:00,-1,24
129419,129420,129444,2021-03-25 08:55:00,2021-03-25 09:00:00,2021-03-25 11:00:00,-1,24
129570,129571,129595,2021-03-25 21:30:00,2021-03-25 21:35:00,2021-03-25 23:35:00,1,24
129612,129613,129637,2021-03-26 01:00:00,2021-03-26 01:05:00,2021-03-26 03:05:00,1,24
129646,129647,129671,2021-03-26 03:50:00,2021-03-26 03:55:00,2021-03-26 05:55:00,1,24
129675,129676,129700,2021-03-26 06:15:00,2021-03-26 06:20:00,2021-03-26 08:20:00,-1,24
129715,129716,129740,2021-03-26 09:35:00,2021-03-26 09:40:00,2021-03-26 11:40:00,-1,24
129770,129771,129795,2021-03-26 14:10:00,2021-03-26 14:15:00,2021-03-26 16:15:00,-1,24
129809,129810,129834,2021-03-26 17:25:00,2021-03-26 17:30:00,2021-03-26 19:30:00,-1,24
129836,129837,129861,2021-03-26 19:40:00,2021-03-26 19:45:00,2021-03-26 21:45:00,1,24
129877,129878,129902,2021-03-26 23:05:00,2021-03-26 23:10:00,2021-03-27 01:10:00,1,24
129904,129905,129929,2021-03-27 01:20:00,2021-03-27 01:25:00,2021-03-27 03:25:00,1,24
129929,129930,129954,2021-03-27 03:25:00,2021-03-27 03:30:00,2021-03-27 05:30:00,1,24
129956,129957,129981,2021-03-27 05:40:00,2021-03-27 05:45:00,2021-03-27 07:45:00,1,24
129985,129986,130010,2021-03-27 08:05:00,2021-03-27 08:10:00,2021-03-27 10:10:00,1,24
130011,130012,130036,2021-03-27 10:15:00,2021-03-27 10:20:00,2021-03-27 12:20:00,1,24
130039,130040,130064,2021-03-27 12:35:00,2021-03-27 12:40:00,2021-03-27 14:40:00,1,24
130066,130067,130091,2021-03-27 14:50:00,2021-03-27 14:55:00,2021-03-27 16:55:00,1,24
130101,130102,130126,2021-03-27 17:45:00,2021-03-27 17:50:00,2021-03-27 19:50:00,1,24
130125,130126,130150,2021-03-27 19:45:00,2021-03-27 19:50:00,2021-03-27 21:50:00,-1,24
130160,130161,130185,2021-03-27 22:40:00,2021-03-27 22:45:00,2021-03-28 00:45:00,-1,24
130185,130186,130210,2021-03-28 00:45:00,2021-03-28 00:50:00,2021-03-28 02:50:00,-1,24
130209,130210,130234,2021-03-28 02:45:00,2021-03-28 02:50:00,2021-03-28 04:50:00,-1,24
130235,130236,130260,2021-03-28 04:55:00,2021-03-28 05:00:00,2021-03-28 07:00:00,-1,24
130263,130264,130288,2021-03-28 07:15:00,2021-03-28 07:20:00,2021-03-28 09:20:00,1,24
130290,130291,130315,2021-03-28 09:30:00,2021-03-28 09:35:00,2021-03-28 11:35:00,-1,24
130316,130317,130341,2021-03-28 11:40:00,2021-03-28 11:45:00,2021-03-28 13:45:00,1,24
130355,130356,130380,2021-03-28 14:55:00,2021-03-28 15:00:00,2021-03-28 17:00:00,-1,24
130386,130387,130411,2021-03-28 17:30:00,2021-03-28 17:35:00,2021-03-28 19:35:00,-1,24
130430,130431,130455,2021-03-28 21:10:00,2021-03-28 21:15:00,2021-03-28 23:15:00,1,24
130454,130455,130479,2021-03-28 23:10:00,2021-03-28 23:15:00,2021-03-29 01:15:00,-1,24
130484,130485,130509,2021-03-29 01:40:00,2021-03-29 01:45:00,2021-03-29 03:45:00,-1,24
130509,130510,130534,2021-03-29 03:45:00,2021-03-29 03:50:00,2021-03-29 05:50:00,-1,24
130543,130544,130568,2021-03-29 06:35:00,2021-03-29 06:40:00,2021-03-29 08:40:00,1,24
130589,130590,130614,2021-03-29 10:25:00,2021-03-29 10:30:00,2021-03-29 12:30:00,1,24
130624,130625,130649,2021-03-29 13:20:00,2021-03-29 13:25:00,2021-03-29 15:25:00,1,24
130674,130675,130699,2021-03-29 17:30:00,2021-03-29 17:35:00,2021-03-29 19:35:00,-1,24
130713,130714,130738,2021-03-29 20:45:00,2021-03-29 20:50:00,2021-03-29 22:50:00,-1,24
130754,130755,130779,2021-03-30 00:10:00,2021-03-30 00:15:00,2021-03-30 02:15:00,-1,24
130784,130785,130809,2021-03-30 02:40:00,2021-03-30 02:45:00,2021-03-30 04:45:00,1,24
130810,130811,130835,2021-03-30 04:50:00,2021-03-30 04:55:00,2021-03-30 06:55:00,-1,24
130858,130859,130883,2021-03-30 08:50:00,2021-03-30 08:55:00,2021-03-30 10:55:00,1,24
130889,130890,130914,2021-03-30 11:25:00,2021-03-30 11:30:00,2021-03-30 13:30:00,1,24
130926,130927,130951,2021-03-30 14:30:00,2021-03-30 14:35:00,2021-03-30 16:35:00,-1,24
130951,130952,130976,2021-03-30 16:35:00,2021-03-30 16:40:00,2021-03-30 18:40:00,-1,24
130984,130985,131009,2021-03-30 19:20:00,2021-03-30 19:25:00,2021-03-30 21:25:00,-1,24
131016,131017,131041,2021-03-30 22:00:00,2021-03-30 22:05:00,2021-03-31 00:05:00,-1,24
131069,131070,131094,2021-03-31 02:25:00,2021-03-31 02:30:00,2021-03-31 04:30:00,-1,24
131093,131094,131118,2021-03-31 04:25:00,2021-03-31 04:30:00,2021-03-31 06:30:00,-1,24
131181,131182,131206,2021-03-31 11:45:00,2021-03-31 11:50:00,2021-03-31 13:50:00,1,24
131212,131213,131237,2021-03-31 14:20:00,2021-03-31 14:25:00,2021-03-31 16:25:00,-1,24
131247,131248,131272,2021-03-31 17:15:00,2021-03-31 17:20:00,2021-03-31 19:20:00,1,24
131286,131287,131311,2021-03-31 20:30:00,2021-03-31 20:35:00,2021-03-31 22:35:00,-1,24
131314,131315,131339,2021-03-31 22:50:00,2021-03-31 22:55:00,2021-04-01 00:55:00,-1,24
131339,131340,131364,2021-04-01 00:55:00,2021-04-01 01:00:00,2021-04-01 03:00:00,1,24
131364,131365,131389,2021-04-01 03:00:00,2021-04-01 03:05:00,2021-04-01 05:05:00,-1,24
131389,131390,131414,2021-04-01 05:05:00,2021-04-01 05:10:00,2021-04-01 07:10:00,-1,24
131413,131414,131438,2021-04-01 07:05:00,2021-04-01 07:10:00,2021-04-01 09:10:00,-1,24
131466,131467,131491,2021-04-01 11:30:00,2021-04-01 11:35:00,2021-04-01 13:35:00,-1,24
131500,131501,131525,2021-04-01 14:20:00,2021-04-01 14:25:00,2021-04-01 16:25:00,-1,24
131537,131538,131562,2021-04-01 17:25:00,2021-04-01 17:30:00,2021-04-01 19:30:00,1,24
131563,131564,131588,2021-04-01 19:35:00,2021-04-01 19:40:00,2021-04-01 21:40:00,1,24
131588,131589,131613,2021-04-01 21:40:00,2021-04-01 21:45:00,2021-04-01 23:45:00,-1,24
131618,131619,131643,2021-04-02 00:10:00,2021-04-02 00:15:00,2021-04-02 02:15:00,-1,24
131681,131682,131706,2021-04-02 05:25:00,2021-04-02 05:30:00,2021-04-02 07:30:00,-1,24
131715,131716,131740,2021-04-02 08:15:00,2021-04-02 08:20:00,2021-04-02 10:20:00,-1,24
131751,131752,131776,2021-04-02 11:15:00,2021-04-02 11:20:00,2021-04-02 13:20:00,1,24
131783,131784,131808,2021-04-02 13:55:00,2021-04-02 14:00:00,2021-04-02 16:00:00,-1,24
131822,131823,131847,2021-04-02 17:10:00,2021-04-02 17:15:00,2021-04-02 19:15:00,-1,24
131876,131877,131901,2021-04-02 21:40:00,2021-04-02 21:45:00,2021-04-02 23:45:00,-1,24
131911,131912,131936,2021-04-03 00:35:00,2021-04-03 00:40:00,2021-04-03 02:40:00,1,24
131947,131948,131972,2021-04-03 03:35:00,2021-04-03 03:40:00,2021-04-03 05:40:00,-1,24
131974,131975,131999,2021-04-03 05:50:00,2021-04-03 05:55:00,2021-04-03 07:55:00,-1,24
131998,131999,132023,2021-04-03 07:50:00,2021-04-03 07:55:00,2021-04-03 09:55:00,-1,24
132026,132027,132051,2021-04-03 10:10:00,2021-04-03 10:15:00,2021-04-03 12:15:00,-1,24
132050,132051,132075,2021-04-03 12:10:00,2021-04-03 12:15:00,2021-04-03 14:15:00,-1,24
132076,132077,132101,2021-04-03 14:20:00,2021-04-03 14:25:00,2021-04-03 16:25:00,-1,24
132102,132103,132127,2021-04-03 16:30:00,2021-04-03 16:35:00,2021-04-03 18:35:00,-1,24
132160,132161,132185,2021-04-03 21:20:00,2021-04-03 21:25:00,2021-04-03 23:25:00,1,24
132185,132186,132210,2021-04-03 23:25:00,2021-04-03 23:30:00,2021-04-04 01:30:00,1,24
132214,132215,132239,2021-04-04 01:50:00,2021-04-04 01:55:00,2021-04-04 03:55:00,-1,24
132238,132239,132263,2021-04-04 03:50:00,2021-04-04 03:55:00,2021-04-04 05:55:00,-1,24
132262,132263,132287,2021-04-04 05:50:00,2021-04-04 05:55:00,2021-04-04 07:55:00,1,24
132287,132288,132312,2021-04-04 07:55:00,2021-04-04 08:00:00,2021-04-04 10:00:00,-1,24
132316,132317,132341,2021-04-04 10:20:00,2021-04-04 10:25:00,2021-04-04 12:25:00,-1,24
132349,132350,132374,2021-04-04 13:05:00,2021-04-04 13:10:00,2021-04-04 15:10:00,-1,24
132374,132375,132399,2021-04-04 15:10:00,2021-04-04 15:15:00,2021-04-04 17:15:00,-1,24
132403,132404,132428,2021-04-04 17:35:00,2021-04-04 17:40:00,2021-04-04 19:40:00,1,24
132428,132429,132453,2021-04-04 19:40:00,2021-04-04 19:45:00,2021-04-04 21:45:00,-1,24
132455,132456,132480,2021-04-04 21:55:00,2021-04-04 22:00:00,2021-04-05 00:00:00,-1,24
132487,132488,132512,2021-04-05 00:35:00,2021-04-05 00:40:00,2021-04-05 02:40:00,-1,24
132511,132512,132536,2021-04-05 02:35:00,2021-04-05 02:40:00,2021-04-05 04:40:00,-1,24
132545,132546,132570,2021-04-05 05:25:00,2021-04-05 05:30:00,2021-04-05 07:30:00,-1,24
132579,132580,132604,2021-04-05 08:15:00,2021-04-05 08:20:00,2021-04-05 10:20:00,1,24
132603,132604,132628,2021-04-05 10:15:00,2021-04-05 10:20:00,2021-04-05 12:20:00,1,24
132644,132645,132669,2021-04-05 13:40:00,2021-04-05 13:45:00,2021-04-05 15:45:00,-1,24
132696,132697,132721,2021-04-05 18:00:00,2021-04-05 18:05:00,2021-04-05 20:05:00,-1,24
132721,132722,132746,2021-04-05 20:05:00,2021-04-05 20:10:00,2021-04-05 22:10:00,1,24
132750,132751,132775,2021-04-05 22:30:00,2021-04-05 22:35:00,2021-04-06 00:35:00,1,24
132795,132796,132820,2021-04-06 02:15:00,2021-04-06 02:20:00,2021-04-06 04:20:00,-1,24
132821,132822,132846,2021-04-06 04:25:00,2021-04-06 04:30:00,2021-04-06 06:30:00,1,24
132845,132846,132870,2021-04-06 06:25:00,2021-04-06 06:30:00,2021-04-06 08:30:00,-1,24
132869,132870,132894,2021-04-06 08:25:00,2021-04-06 08:30:00,2021-04-06 10:30:00,1,24
132896,132897,132921,2021-04-06 10:40:00,2021-04-06 10:45:00,2021-04-06 12:45:00,-1,24
132925,132926,132950,2021-04-06 13:05:00,2021-04-06 13:10:00,2021-04-06 15:10:00,1,24
132957,132958,132982,2021-04-06 15:45:00,2021-04-06 15:50:00,2021-04-06 17:50:00,-1,24
132984,132985,133009,2021-04-06 18:00:00,2021-04-06 18:05:00,2021-04-06 20:05:00,1,24
133011,133012,133036,2021-04-06 20:15:00,2021-04-06 20:20:00,2021-04-06 22:20:00,1,24
133038,133039,133063,2021-04-06 22:30:00,2021-04-06 22:35:00,2021-04-07 00:35:00,1,24
133080,133081,133105,2021-04-07 02:00:00,2021-04-07 02:05:00,2021-04-07 04:05:00,-1,24
133115,133116,133140,2021-04-07 04:55:00,2021-04-07 05:00:00,2021-04-07 07:00:00,-1,24
133156,133157,133181,2021-04-07 08:20:00,2021-04-07 08:25:00,2021-04-07 10:25:00,-1,24
133225,133226,133250,2021-04-07 14:05:00,2021-04-07 14:10:00,2021-04-07 16:10:00,1,24
133261,133262,133286,2021-04-07 17:05:00,2021-04-07 17:10:00,2021-04-07 19:10:00,1,24
133306,133307,133331,2021-04-07 20:50:00,2021-04-07 20:55:00,2021-04-07 22:55:00,-1,24
133331,133332,133356,2021-04-07 22:55:00,2021-04-07 23:00:00,2021-04-08 01:00:00,-1,24
133362,133363,133387,2021-04-08 01:30:00,2021-04-08 01:35:00,2021-04-08 03:35:00,-1,24
133387,133388,133412,2021-04-08 03:35:00,2021-04-08 03:40:00,2021-04-08 05:40:00,-1,24
133413,133414,133438,2021-04-08 05:45:00,2021-04-08 05:50:00,2021-04-08 07:50:00,1,24
133438,133439,133463,2021-04-08 07:50:00,2021-04-08 07:55:00,2021-04-08 09:55:00,1,24
133468,133469,133493,2021-04-08 10:20:00,2021-04-08 10:25:00,2021-04-08 12:25:00,-1,24
133535,133536,133560,2021-04-08 15:55:00,2021-04-08 16:00:00,2021-04-08 18:00:00,-1,24
133561,133562,133586,2021-04-08 18:05:00,2021-04-08 18:10:00,2021-04-08 20:10:00,-1,24
133585,133586,133610,2021-04-08 20:05:00,2021-04-08 20:10:00,2021-04-08 22:10:00,1,24
133617,133618,133642,2021-04-08 22:45:00,2021-04-08 22:50:00,2021-04-09 00:50:00,1,24
133642,133643,133667,2021-04-09 00:50:00,2021-04-09 00:55:00,2021-04-09 02:55:00,1,24
133666,133667,133691,2021-04-09 02:50:00,2021-04-09 02:55:00,2021-04-09 04:55:00,1,24
133691,133692,133716,2021-04-09 04:55:00,2021-04-09 05:00:00,2021-04-09 07:00:00,1,24
133717,133718,133742,2021-04-09 07:05:00,2021-04-09 07:10:00,2021-04-09 09:10:00,-1,24
133744,133745,133769,2021-04-09 09:20:00,2021-04-09 09:25:00,2021-04-09 11:25:00,-1,24
133780,133781,133805,2021-04-09 12:20:00,2021-04-09 12:25:00,2021-04-09 14:25:00,1,24
133808,133809,133833,2021-04-09 14:40:00,2021-04-09 14:45:00,2021-04-09 16:45:00,1,24
133835,133836,133860,2021-04-09 16:55:00,2021-04-09 17:00:00,2021-04-09 19:00:00,-1,24
133861,133862,133886,2021-04-09 19:05:00,2021-04-09 19:10:00,2021-04-09 21:10:00,1,24
133889,133890,133914,2021-04-09 21:25:00,2021-04-09 21:30:00,2021-04-09 23:30:00,1,24
133914,133915,133939,2021-04-09 23:30:00,2021-04-09 23:35:00,2021-04-10 01:35:00,-1,24
133939,133940,133964,2021-04-10 01:35:00,2021-04-10 01:40:00,2021-04-10 03:40:00,1,24
134022,134023,134047,2021-04-10 08:30:00,2021-04-10 08:35:00,2021-04-10 10:35:00,1,24
134050,134051,134075,2021-04-10 10:50:00,2021-04-10 10:55:00,2021-04-10 12:55:00,-1,24
134084,134085,134109,2021-04-10 13:40:00,2021-04-10 13:45:00,2021-04-10 15:45:00,1,24
134131,134132,134156,2021-04-10 17:35:00,2021-04-10 17:40:00,2021-04-10 19:40:00,1,24
134160,134161,134185,2021-04-10 20:00:00,2021-04-10 20:05:00,2021-04-10 22:05:00,-1,24
134191,134192,134216,2021-04-10 22:35:00,2021-04-10 22:40:00,2021-04-11 00:40:00,1,24
134217,134218,134242,2021-04-11 00:45:00,2021-04-11 00:50:00,2021-04-11 02:50:00,1,24
134247,134248,134272,2021-04-11 03:15:00,2021-04-11 03:20:00,2021-04-11 05:20:00,1,24
134277,134278,134302,2021-04-11 05:45:00,2021-04-11 05:50:00,2021-04-11 07:50:00,-1,24
134328,134329,134353,2021-04-11 10:00:00,2021-04-11 10:05:00,2021-04-11 12:05:00,-1,24
134354,134355,134379,2021-04-11 12:10:00,2021-04-11 12:15:00,2021-04-11 14:15:00,-1,24
134378,134379,134403,2021-04-11 14:10:00,2021-04-11 14:15:00,2021-04-11 16:15:00,-1,24
134403,134404,134428,2021-04-11 16:15:00,2021-04-11 16:20:00,2021-04-11 18:20:00,-1,24
134428,134429,134453,2021-04-11 18:20:00,2021-04-11 18:25:00,2021-04-11 20:25:00,1,24
134452,134453,134477,2021-04-11 20:20:00,2021-04-11 20:25:00,2021-04-11 22:25:00,-1,24
134486,134487,134511,2021-04-11 23:10:00,2021-04-11 23:15:00,2021-04-12 01:15:00,-1,24
134517,134518,134542,2021-04-12 01:45:00,2021-04-12 01:50:00,2021-04-12 03:50:00,-1,24
134556,134557,134581,2021-04-12 05:00:00,2021-04-12 05:05:00,2021-04-12 07:05:00,-1,24
134603,134604,134628,2021-04-12 08:55:00,2021-04-12 09:00:00,2021-04-12 11:00:00,1,24
134638,134639,134663,2021-04-12 11:50:00,2021-04-12 11:55:00,2021-04-12 13:55:00,1,24
134686,134687,134711,2021-04-12 15:50:00,2021-04-12 15:55:00,2021-04-12 17:55:00,1,24
134719,134720,134744,2021-04-12 18:35:00,2021-04-12 18:40:00,2021-04-12 20:40:00,1,24
134754,134755,134779,2021-04-12 21:30:00,2021-04-12 21:35:00,2021-04-12 23:35:00,-1,24
134778,134779,134803,2021-04-12 23:30:00,2021-04-12 23:35:00,2021-04-13 01:35:00,-1,24
134808,134809,134833,2021-04-13 02:00:00,2021-04-13 02:05:00,2021-04-13 04:05:00,1,24
134833,134834,134858,2021-04-13 04:05:00,2021-04-13 04:10:00,2021-04-13 06:10:00,-1,24
134876,134877,134901,2021-04-13 07:40:00,2021-04-13 07:45:00,2021-04-13 09:45:00,1,24
134949,134950,134974,2021-04-13 13:45:00,2021-04-13 13:50:00,2021-04-13 15:50:00,-1,24
134990,134991,135015,2021-04-13 17:10:00,2021-04-13 17:15:00,2021-04-13 19:15:00,-1,24
135021,135022,135046,2021-04-13 19:45:00,2021-04-13 19:50:00,2021-04-13 21:50:00,-1,24
135051,135052,135076,2021-04-13 22:15:00,2021-04-13 22:20:00,2021-04-14 00:20:00,-1,24
135081,135082,135106,2021-04-14 00:45:00,2021-04-14 00:50:00,2021-04-14 02:50:00,-1,24
135108,135109,135133,2021-04-14 03:00:00,2021-04-14 03:05:00,2021-04-14 05:05:00,1,24
135165,135166,135190,2021-04-14 07:45:00,2021-04-14 07:50:00,2021-04-14 09:50:00,-1,24
135210,135211,135235,2021-04-14 11:30:00,2021-04-14 11:35:00,2021-04-14 13:35:00,1,24
135235,135236,135260,2021-04-14 13:35:00,2021-04-14 13:40:00,2021-04-14 15:40:00,1,24
135340,135341,135365,2021-04-14 22:20:00,2021-04-14 22:25:00,2021-04-15 00:25:00,-1,24
135370,135371,135395,2021-04-15 00:50:00,2021-04-15 00:55:00,2021-04-15 02:55:00,1,24
135404,135405,135429,2021-04-15 03:40:00,2021-04-15 03:45:00,2021-04-15 05:45:00,-1,24
135433,135434,135458,2021-04-15 06:05:00,2021-04-15 06:10:00,2021-04-15 08:10:00,1,24
135497,135498,135522,2021-04-15 11:25:00,2021-04-15 11:30:00,2021-04-15 13:30:00,-1,24
135527,135528,135552,2021-04-15 13:55:00,2021-04-15 14:00:00,2021-04-15 16:00:00,1,24
135563,135564,135588,2021-04-15 16:55:00,2021-04-15 17:00:00,2021-04-15 19:00:00,1,24
135590,135591,135615,2021-04-15 19:10:00,2021-04-15 19:15:00,2021-04-15 21:15:00,1,24
135631,135632,135656,2021-04-15 22:35:00,2021-04-15 22:40:00,2021-04-16 00:40:00,1,24
135663,135664,135688,2021-04-16 01:15:00,2021-04-16 01:20:00,2021-04-16 03:20:00,1,24
135688,135689,135713,2021-04-16 03:20:00,2021-04-16 03:25:00,2021-04-16 05:25:00,1,24
135833,135834,135858,2021-04-16 15:25:00,2021-04-16 15:30:00,2021-04-16 17:30:00,-1,24
135859,135860,135884,2021-04-16 17:35:00,2021-04-16 17:40:00,2021-04-16 19:40:00,1,24
135883,135884,135908,2021-04-16 19:35:00,2021-04-16 19:40:00,2021-04-16 21:40:00,1,24
135911,135912,135936,2021-04-16 21:55:00,2021-04-16 22:00:00,2021-04-17 00:00:00,1,24
135969,135970,135994,2021-04-17 02:45:00,2021-04-17 02:50:00,2021-04-17 04:50:00,1,24
136000,136001,136025,2021-04-17 05:20:00,2021-04-17 05:25:00,2021-04-17 07:25:00,-1,24
136038,136039,136063,2021-04-17 08:30:00,2021-04-17 08:35:00,2021-04-17 10:35:00,1,24
136063,136064,136088,2021-04-17 10:35:00,2021-04-17 10:40:00,2021-04-17 12:40:00,-1,24
136093,136094,136118,2021-04-17 13:05:00,2021-04-17 13:10:00,2021-04-17 15:10:00,-1,24
136121,136122,136146,2021-04-17 15:25:00,2021-04-17 15:30:00,2021-04-17 17:30:00,-1,24
136145,136146,136170,2021-04-17 17:25:00,2021-04-17 17:30:00,2021-04-17 19:30:00,-1,24
136171,136172,136196,2021-04-17 19:35:00,2021-04-17 19:40:00,2021-04-17 21:40:00,-1,24
136197,136198,136222,2021-04-17 21:45:00,2021-04-17 21:50:00,2021-04-17 23:50:00,1,24
136221,136222,136246,2021-04-17 23:45:00,2021-04-17 23:50:00,2021-04-18 01:50:00,-1,24
136307,136308,136332,2021-04-18 06:55:00,2021-04-18 07:00:00,2021-04-18 09:00:00,1,24
136446,136447,136471,2021-04-18 18:30:00,2021-04-18 18:35:00,2021-04-18 20:35:00,1,24
136506,136507,136531,2021-04-18 23:30:00,2021-04-18 23:35:00,2021-04-19 01:35:00,-1,24
136532,136533,136557,2021-04-19 01:40:00,2021-04-19 01:45:00,2021-04-19 03:45:00,1,24
136560,136561,136585,2021-04-19 04:00:00,2021-04-19 04:05:00,2021-04-19 06:05:00,-1,24
136585,136586,136610,2021-04-19 06:05:00,2021-04-19 06:10:00,2021-04-19 08:10:00,-1,24
136630,136631,136655,2021-04-19 09:50:00,2021-04-19 09:55:00,2021-04-19 11:55:00,1,24
136655,136656,136680,2021-04-19 11:55:00,2021-04-19 12:00:00,2021-04-19 14:00:00,-1,24
136712,136713,136737,2021-04-19 16:40:00,2021-04-19 16:45:00,2021-04-19 18:45:00,-1,24
136745,136746,136770,2021-04-19 19:25:00,2021-04-19 19:30:00,2021-04-19 21:30:00,-1,24
136779,136780,136804,2021-04-19 22:15:00,2021-04-19 22:20:00,2021-04-20 00:20:00,-1,24
136859,136860,136884,2021-04-20 04:55:00,2021-04-20 05:00:00,2021-04-20 07:00:00,-1,24
137013,137014,137038,2021-04-20 17:45:00,2021-04-20 17:50:00,2021-04-20 19:50:00,-1,24
137057,137058,137082,2021-04-20 21:25:00,2021-04-20 21:30:00,2021-04-20 23:30:00,1,24
137087,137088,137112,2021-04-20 23:55:00,2021-04-21 00:00:00,2021-04-21 02:00:00,1,24
137114,137115,137139,2021-04-21 02:10:00,2021-04-21 02:15:00,2021-04-21 04:15:00,1,24
137147,137148,137172,2021-04-21 04:55:00,2021-04-21 05:00:00,2021-04-21 07:00:00,1,24
137254,137255,137279,2021-04-21 13:50:00,2021-04-21 13:55:00,2021-04-21 15:55:00,1,24
137314,137315,137339,2021-04-21 18:50:00,2021-04-21 18:55:00,2021-04-21 20:55:00,-1,24
137373,137374,137398,2021-04-21 23:45:00,2021-04-21 23:50:00,2021-04-22 01:50:00,1,24
137417,137418,137442,2021-04-22 03:25:00,2021-04-22 03:30:00,2021-04-22 05:30:00,1,24
137468,137469,137493,2021-04-22 07:40:00,2021-04-22 07:45:00,2021-04-22 09:45:00,1,24
137522,137523,137547,2021-04-22 12:10:00,2021-04-22 12:15:00,2021-04-22 14:15:00,1,24
137552,137553,137577,2021-04-22 14:40:00,2021-04-22 14:45:00,2021-04-22 16:45:00,-1,24
137614,137615,137639,2021-04-22 19:50:00,2021-04-22 19:55:00,2021-04-22 21:55:00,1,24
137663,137664,137688,2021-04-22 23:55:00,2021-04-23 00:00:00,2021-04-23 02:00:00,-1,24
137882,137883,137907,2021-04-23 18:10:00,2021-04-23 18:15:00,2021-04-23 20:15:00,1,24
137938,137939,137963,2021-04-23 22:50:00,2021-04-23 22:55:00,2021-04-24 00:55:00,-1,24
137972,137973,137997,2021-04-24 01:40:00,2021-04-24 01:45:00,2021-04-24 03:45:00,1,24
137999,138000,138024,2021-04-24 03:55:00,2021-04-24 04:00:00,2021-04-24 06:00:00,1,24
138023,138024,138048,2021-04-24 05:55:00,2021-04-24 06:00:00,2021-04-24 08:00:00,-1,24
138057,138058,138082,2021-04-24 08:45:00,2021-04-24 08:50:00,2021-04-24 10:50:00,1,24
138176,138177,138201,2021-04-24 18:40:00,2021-04-24 18:45:00,2021-04-24 20:45:00,-1,24
138202,138203,138227,2021-04-24 20:50:00,2021-04-24 20:55:00,2021-04-24 22:55:00,1,24
138226,138227,138251,2021-04-24 22:50:00,2021-04-24 22:55:00,2021-04-25 00:55:00,-1,24
138276,138277,138301,2021-04-25 03:00:00,2021-04-25 03:05:00,2021-04-25 05:05:00,1,24
138304,138305,138329,2021-04-25 05:20:00,2021-04-25 05:25:00,2021-04-25 07:25:00,-1,24
138340,138341,138365,2021-04-25 08:20:00,2021-04-25 08:25:00,2021-04-25 10:25:00,1,24
138372,138373,138397,2021-04-25 11:00:00,2021-04-25 11:05:00,2021-04-25 13:05:00,-1,24
138428,138429,138453,2021-04-25 15:40:00,2021-04-25 15:45:00,2021-04-25 17:45:00,1,24
138458,138459,138483,2021-04-25 18:10:00,2021-04-25 18:15:00,2021-04-25 20:15:00,1,24
138482,138483,138507,2021-04-25 20:10:00,2021-04-25 20:15:00,2021-04-25 22:15:00,1,24
138562,138563,138587,2021-04-26 02:50:00,2021-04-26 02:55:00,2021-04-26 04:55:00,1,24
138703,138704,138728,2021-04-26 14:35:00,2021-04-26 14:40:00,2021-04-26 16:40:00,1,24
138733,138734,138758,2021-04-26 17:05:00,2021-04-26 17:10:00,2021-04-26 19:10:00,1,24
138812,138813,138837,2021-04-26 23:40:00,2021-04-26 23:45:00,2021-04-27 01:45:00,-1,24
138844,138845,138869,2021-04-27 02:20:00,2021-04-27 02:25:00,2021-04-27 04:25:00,1,24
138871,138872,138896,2021-04-27 04:35:00,2021-04-27 04:40:00,2021-04-27 06:40:00,-1,24
138899,138900,138924,2021-04-27 06:55:00,2021-04-27 07:00:00,2021-04-27 09:00:00,-1,24
138925,138926,138950,2021-04-27 09:05:00,2021-04-27 09:10:00,2021-04-27 11:10:00,1,24
138973,138974,138998,2021-04-27 13:05:00,2021-04-27 13:10:00,2021-04-27 15:10:00,-1,24
138998,138999,139023,2021-04-27 15:10:00,2021-04-27 15:15:00,2021-04-27 17:15:00,1,24
139032,139033,139057,2021-04-27 18:00:00,2021-04-27 18:05:00,2021-04-27 20:05:00,-1,24
139065,139066,139090,2021-04-27 20:45:00,2021-04-27 20:50:00,2021-04-27 22:50:00,1,24
139090,139091,139115,2021-04-27 22:50:00,2021-04-27 22:55:00,2021-04-28 00:55:00,-1,24
139129,139130,139154,2021-04-28 02:05:00,2021-04-28 02:10:00,2021-04-28 04:10:00,-1,24
139154,139155,139179,2021-04-28 04:10:00,2021-04-28 04:15:00,2021-04-28 06:15:00,-1,24
139199,139200,139224,2021-04-28 07:55:00,2021-04-28 08:00:00,2021-04-28 10:00:00,1,24
139223,139224,139248,2021-04-28 09:55:00,2021-04-28 10:00:00,2021-04-28 12:00:00,-1,24
139259,139260,139284,2021-04-28 12:55:00,2021-04-28 13:00:00,2021-04-28 15:00:00,1,24
139292,139293,139317,2021-04-28 15:40:00,2021-04-28 15:45:00,2021-04-28 17:45:00,-1,24
139325,139326,139350,2021-04-28 18:25:00,2021-04-28 18:30:00,2021-04-28 20:30:00,1,24
139372,139373,139397,2021-04-28 22:20:00,2021-04-28 22:25:00,2021-04-29 00:25:00,-1,24
139398,139399,139423,2021-04-29 00:30:00,2021-04-29 00:35:00,2021-04-29 02:35:00,-1,24
139426,139427,139451,2021-04-29 02:50:00,2021-04-29 02:55:00,2021-04-29 04:55:00,-1,24
139455,139456,139480,2021-04-29 05:15:00,2021-04-29 05:20:00,2021-04-29 07:20:00,-1,24
139496,139497,139521,2021-04-29 08:40:00,2021-04-29 08:45:00,2021-04-29 10:45:00,-1,24
139520,139521,139545,2021-04-29 10:40:00,2021-04-29 10:45:00,2021-04-29 12:45:00,1,24
139601,139602,139626,2021-04-29 17:25:00,2021-04-29 17:30:00,2021-04-29 19:30:00,1,24
139650,139651,139675,2021-04-29 21:30:00,2021-04-29 21:35:00,2021-04-29 23:35:00,-1,24
139679,139680,139704,2021-04-29 23:55:00,2021-04-30 00:00:00,2021-04-30 02:00:00,1,24
139703,139704,139728,2021-04-30 01:55:00,2021-04-30 02:00:00,2021-04-30 04:00:00,1,24
139727,139728,139752,2021-04-30 03:55:00,2021-04-30 04:00:00,2021-04-30 06:00:00,-1,24
139766,139767,139791,2021-04-30 07:10:00,2021-04-30 07:15:00,2021-04-30 09:15:00,-1,24
139797,139798,139822,2021-04-30 09:45:00,2021-04-30 09:50:00,2021-04-30 11:50:00,-1,24
139867,139868,139892,2021-04-30 15:35:00,2021-04-30 15:40:00,2021-04-30 17:40:00,-1,24
139917,139918,139942,2021-04-30 19:45:00,2021-04-30 19:50:00,2021-04-30 21:50:00,1,24
139946,139947,139971,2021-04-30 22:10:00,2021-04-30 22:15:00,2021-05-01 00:15:00,-1,24
139977,139978,140002,2021-05-01 00:45:00,2021-05-01 00:50:00,2021-05-01 02:50:00,-1,24
140006,140007,140031,2021-05-01 03:10:00,2021-05-01 03:15:00,2021-05-01 05:15:00,-1,24
140043,140044,140068,2021-05-01 06:15:00,2021-05-01 06:20:00,2021-05-01 08:20:00,-1,24
140079,140080,140104,2021-05-01 09:15:00,2021-05-01 09:20:00,2021-05-01 11:20:00,1,24
140109,140110,140134,2021-05-01 11:45:00,2021-05-01 11:50:00,2021-05-01 13:50:00,-1,24
140164,140165,140189,2021-05-01 16:20:00,2021-05-01 16:25:00,2021-05-01 18:25:00,-1,24
140196,140197,140221,2021-05-01 19:00:00,2021-05-01 19:05:00,2021-05-01 21:05:00,1,24
140226,140227,140251,2021-05-01 21:30:00,2021-05-01 21:35:00,2021-05-01 23:35:00,1,24
140254,140255,140279,2021-05-01 23:50:00,2021-05-01 23:55:00,2021-05-02 01:55:00,1,24
140278,140279,140303,2021-05-02 01:50:00,2021-05-02 01:55:00,2021-05-02 03:55:00,-1,24
140317,140318,140342,2021-05-02 05:05:00,2021-05-02 05:10:00,2021-05-02 07:10:00,1,24
140391,140392,140416,2021-05-02 11:15:00,2021-05-02 11:20:00,2021-05-02 13:20:00,1,24
140417,140418,140442,2021-05-02 13:25:00,2021-05-02 13:30:00,2021-05-02 15:30:00,-1,24
140460,140461,140485,2021-05-02 17:00:00,2021-05-02 17:05:00,2021-05-02 19:05:00,1,24
140501,140502,140526,2021-05-02 20:25:00,2021-05-02 20:30:00,2021-05-02 22:30:00,-1,24
140527,140528,140552,2021-05-02 22:35:00,2021-05-02 22:40:00,2021-05-03 00:40:00,-1,24
140551,140552,140576,2021-05-03 00:35:00,2021-05-03 00:40:00,2021-05-03 02:40:00,1,24
140576,140577,140601,2021-05-03 02:40:00,2021-05-03 02:45:00,2021-05-03 04:45:00,1,24
140608,140609,140633,2021-05-03 05:20:00,2021-05-03 05:25:00,2021-05-03 07:25:00,-1,24
140644,140645,140669,2021-05-03 08:20:00,2021-05-03 08:25:00,2021-05-03 10:25:00,-1,24
140669,140670,140694,2021-05-03 10:25:00,2021-05-03 10:30:00,2021-05-03 12:30:00,1,24
140728,140729,140753,2021-05-03 15:20:00,2021-05-03 15:25:00,2021-05-03 17:25:00,1,24
140752,140753,140777,2021-05-03 17:20:00,2021-05-03 17:25:00,2021-05-03 19:25:00,-1,24
140781,140782,140806,2021-05-03 19:45:00,2021-05-03 19:50:00,2021-05-03 21:50:00,1,24
140807,140808,140832,2021-05-03 21:55:00,2021-05-03 22:00:00,2021-05-04 00:00:00,-1,24
140836,140837,140861,2021-05-04 00:20:00,2021-05-04 00:25:00,2021-05-04 02:25:00,1,24
140887,140888,140912,2021-05-04 04:35:00,2021-05-04 04:40:00,2021-05-04 06:40:00,1,24
140911,140912,140936,2021-05-04 06:35:00,2021-05-04 06:40:00,2021-05-04 08:40:00,-1,24
140952,140953,140977,2021-05-04 10:00:00,2021-05-04 10:05:00,2021-05-04 12:05:00,-1,24
140993,140994,141018,2021-05-04 13:25:00,2021-05-04 13:30:00,2021-05-04 15:30:00,1,24
141028,141029,141053,2021-05-04 16:20:00,2021-05-04 16:25:00,2021-05-04 18:25:00,1,24
141060,141061,141085,2021-05-04 19:00:00,2021-05-04 19:05:00,2021-05-04 21:05:00,-1,24
141085,141086,141110,2021-05-04 21:05:00,2021-05-04 21:10:00,2021-05-04 23:10:00,-1,24
141112,141113,141137,2021-05-04 23:20:00,2021-05-04 23:25:00,2021-05-05 01:25:00,1,24
141140,141141,141165,2021-05-05 01:40:00,2021-05-05 01:45:00,2021-05-05 03:45:00,-1,24
141168,141169,141193,2021-05-05 04:00:00,2021-05-05 04:05:00,2021-05-05 06:05:00,1,24
141201,141202,141226,2021-05-05 06:45:00,2021-05-05 06:50:00,2021-05-05 08:50:00,-1,24
141236,141237,141261,2021-05-05 09:40:00,2021-05-05 09:45:00,2021-05-05 11:45:00,-1,24
141263,141264,141288,2021-05-05 11:55:00,2021-05-05 12:00:00,2021-05-05 14:00:00,1,24
141307,141308,141332,2021-05-05 15:35:00,2021-05-05 15:40:00,2021-05-05 17:40:00,-1,24
141341,141342,141366,2021-05-05 18:25:00,2021-05-05 18:30:00,2021-05-05 20:30:00,1,24
141367,141368,141392,2021-05-05 20:35:00,2021-05-05 20:40:00,2021-05-05 22:40:00,1,24
141393,141394,141418,2021-05-05 22:45:00,2021-05-05 22:50:00,2021-05-06 00:50:00,-1,24
141428,141429,141453,2021-05-06 01:40:00,2021-05-06 01:45:00,2021-05-06 03:45:00,1,24
141460,141461,141485,2021-05-06 04:20:00,2021-05-06 04:25:00,2021-05-06 06:25:00,1,24
141507,141508,141532,2021-05-06 08:15:00,2021-05-06 08:20:00,2021-05-06 10:20:00,1,24
141546,141547,141571,2021-05-06 11:30:00,2021-05-06 11:35:00,2021-05-06 13:35:00,-1,24
141573,141574,141598,2021-05-06 13:45:00,2021-05-06 13:50:00,2021-05-06 15:50:00,-1,24
141616,141617,141641,2021-05-06 17:20:00,2021-05-06 17:25:00,2021-05-06 19:25:00,1,24
141658,141659,141683,2021-05-06 20:50:00,2021-05-06 20:55:00,2021-05-06 22:55:00,-1,24
141683,141684,141708,2021-05-06 22:55:00,2021-05-06 23:00:00,2021-05-07 01:00:00,-1,24
141711,141712,141736,2021-05-07 01:15:00,2021-05-07 01:20:00,2021-05-07 03:20:00,-1,24
141735,141736,141760,2021-05-07 03:15:00,2021-05-07 03:20:00,2021-05-07 05:20:00,1,24
141762,141763,141787,2021-05-07 05:30:00,2021-05-07 05:35:00,2021-05-07 07:35:00,1,24
141789,141790,141814,2021-05-07 07:45:00,2021-05-07 07:50:00,2021-05-07 09:50:00,1,24
141840,141841,141865,2021-05-07 12:00:00,2021-05-07 12:05:00,2021-05-07 14:05:00,-1,24
141867,141868,141892,2021-05-07 14:15:00,2021-05-07 14:20:00,2021-05-07 16:20:00,-1,24
141911,141912,141936,2021-05-07 17:55:00,2021-05-07 18:00:00,2021-05-07 20:00:00,1,24
141947,141948,141972,2021-05-07 20:55:00,2021-05-07 21:00:00,2021-05-07 23:00:00,1,24
141977,141978,142002,2021-05-07 23:25:00,2021-05-07 23:30:00,2021-05-08 01:30:00,-1,24
142001,142002,142026,2021-05-08 01:25:00,2021-05-08 01:30:00,2021-05-08 03:30:00,1,24
142034,142035,142059,2021-05-08 04:10:00,2021-05-08 04:15:00,2021-05-08 06:15:00,-1,24
142065,142066,142090,2021-05-08 06:45:00,2021-05-08 06:50:00,2021-05-08 08:50:00,-1,24
142103,142104,142128,2021-05-08 09:55:00,2021-05-08 10:00:00,2021-05-08 12:00:00,-1,24
142163,142164,142188,2021-05-08 14:55:00,2021-05-08 15:00:00,2021-05-08 17:00:00,1,24
142193,142194,142218,2021-05-08 17:25:00,2021-05-08 17:30:00,2021-05-08 19:30:00,1,24
142236,142237,142261,2021-05-08 21:00:00,2021-05-08 21:05:00,2021-05-08 23:05:00,-1,24
142261,142262,142286,2021-05-08 23:05:00,2021-05-08 23:10:00,2021-05-09 01:10:00,-1,24
142285,142286,142310,2021-05-09 01:05:00,2021-05-09 01:10:00,2021-05-09 03:10:00,-1,24
142335,142336,142360,2021-05-09 05:15:00,2021-05-09 05:20:00,2021-05-09 07:20:00,-1,24
142372,142373,142397,2021-05-09 08:20:00,2021-05-09 08:25:00,2021-05-09 10:25:00,-1,24
142398,142399,142423,2021-05-09 10:30:00,2021-05-09 10:35:00,2021-05-09 12:35:00,-1,24
142444,142445,142469,2021-05-09 14:20:00,2021-05-09 14:25:00,2021-05-09 16:25:00,1,24
142474,142475,142499,2021-05-09 16:50:00,2021-05-09 16:55:00,2021-05-09 18:55:00,-1,24
142501,142502,142526,2021-05-09 19:05:00,2021-05-09 19:10:00,2021-05-09 21:10:00,1,24
142534,142535,142559,2021-05-09 21:50:00,2021-05-09 21:55:00,2021-05-09 23:55:00,-1,24
142558,142559,142583,2021-05-09 23:50:00,2021-05-09 23:55:00,2021-05-10 01:55:00,-1,24
142590,142591,142615,2021-05-10 02:30:00,2021-05-10 02:35:00,2021-05-10 04:35:00,-1,24
142614,142615,142639,2021-05-10 04:30:00,2021-05-10 04:35:00,2021-05-10 06:35:00,1,24
142650,142651,142675,2021-05-10 07:30:00,2021-05-10 07:35:00,2021-05-10 09:35:00,1,24
142702,142703,142727,2021-05-10 11:50:00,2021-05-10 11:55:00,2021-05-10 13:55:00,1,24
142761,142762,142786,2021-05-10 16:45:00,2021-05-10 16:50:00,2021-05-10 18:50:00,-1,24
142793,142794,142818,2021-05-10 19:25:00,2021-05-10 19:30:00,2021-05-10 21:30:00,1,24
142890,142891,142915,2021-05-11 03:30:00,2021-05-11 03:35:00,2021-05-11 05:35:00,-1,24
142921,142922,142946,2021-05-11 06:05:00,2021-05-11 06:10:00,2021-05-11 08:10:00,-1,24
142950,142951,142975,2021-05-11 08:30:00,2021-05-11 08:35:00,2021-05-11 10:35:00,1,24
142993,142994,143018,2021-05-11 12:05:00,2021-05-11 12:10:00,2021-05-11 14:10:00,-1,24
143062,143063,143087,2021-05-11 17:50:00,2021-05-11 17:55:00,2021-05-11 19:55:00,-1,24
143086,143087,143111,2021-05-11 19:50:00,2021-05-11 19:55:00,2021-05-11 21:55:00,-1,24
143135,143136,143160,2021-05-11 23:55:00,2021-05-12 00:00:00,2021-05-12 02:00:00,1,24
143170,143171,143195,2021-05-12 02:50:00,2021-05-12 02:55:00,2021-05-12 04:55:00,-1,24
143196,143197,143221,2021-05-12 05:00:00,2021-05-12 05:05:00,2021-05-12 07:05:00,-1,24
143222,143223,143247,2021-05-12 07:10:00,2021-05-12 07:15:00,2021-05-12 09:15:00,-1,24
143251,143252,143276,2021-05-12 09:35:00,2021-05-12 09:40:00,2021-05-12 11:40:00,-1,24
143288,143289,143313,2021-05-12 12:40:00,2021-05-12 12:45:00,2021-05-12 14:45:00,1,24
143377,143378,143402,2021-05-12 20:05:00,2021-05-12 20:10:00,2021-05-12 22:10:00,-1,24
143456,143457,143481,2021-05-13 02:40:00,2021-05-13 02:45:00,2021-05-13 04:45:00,-1,24
143483,143484,143508,2021-05-13 04:55:00,2021-05-13 05:00:00,2021-05-13 07:00:00,-1,24
143522,143523,143547,2021-05-13 08:10:00,2021-05-13 08:15:00,2021-05-13 10:15:00,1,24
143590,143591,143615,2021-05-13 13:50:00,2021-05-13 13:55:00,2021-05-13 15:55:00,-1,24
143618,143619,143643,2021-05-13 16:10:00,2021-05-13 16:15:00,2021-05-13 18:15:00,-1,24
143695,143696,143720,2021-05-13 22:35:00,2021-05-13 22:40:00,2021-05-14 00:40:00,1,24
143736,143737,143761,2021-05-14 02:00:00,2021-05-14 02:05:00,2021-05-14 04:05:00,1,24
143762,143763,143787,2021-05-14 04:10:00,2021-05-14 04:15:00,2021-05-14 06:15:00,-1,24
143795,143796,143820,2021-05-14 06:55:00,2021-05-14 07:00:00,2021-05-14 09:00:00,-1,24
143824,143825,143849,2021-05-14 09:20:00,2021-05-14 09:25:00,2021-05-14 11:25:00,-1,24
143862,143863,143887,2021-05-14 12:30:00,2021-05-14 12:35:00,2021-05-14 14:35:00,-1,24
143915,143916,143940,2021-05-14 16:55:00,2021-05-14 17:00:00,2021-05-14 19:00:00,1,24
143946,143947,143971,2021-05-14 19:30:00,2021-05-14 19:35:00,2021-05-14 21:35:00,1,24
143971,143972,143996,2021-05-14 21:35:00,2021-05-14 21:40:00,2021-05-14 23:40:00,-1,24
143999,144000,144024,2021-05-14 23:55:00,2021-05-15 00:00:00,2021-05-15 02:00:00,1,24
144033,144034,144058,2021-05-15 02:45:00,2021-05-15 02:50:00,2021-05-15 04:50:00,-1,24
144062,144063,144087,2021-05-15 05:10:00,2021-05-15 05:15:00,2021-05-15 07:15:00,1,24
144093,144094,144118,2021-05-15 07:45:00,2021-05-15 07:50:00,2021-05-15 09:50:00,1,24
144147,144148,144172,2021-05-15 12:15:00,2021-05-15 12:20:00,2021-05-15 14:20:00,1,24
144184,144185,144209,2021-05-15 15:20:00,2021-05-15 15:25:00,2021-05-15 17:25:00,1,24
144226,144227,144251,2021-05-15 18:50:00,2021-05-15 18:55:00,2021-05-15 20:55:00,1,24
144256,144257,144281,2021-05-15 21:20:00,2021-05-15 21:25:00,2021-05-15 23:25:00,1,24
144321,144322,144346,2021-05-16 02:45:00,2021-05-16 02:50:00,2021-05-16 04:50:00,1,24
144348,144349,144373,2021-05-16 05:00:00,2021-05-16 05:05:00,2021-05-16 07:05:00,-1,24
144375,144376,144400,2021-05-16 07:15:00,2021-05-16 07:20:00,2021-05-16 09:20:00,-1,24
144416,144417,144441,2021-05-16 10:40:00,2021-05-16 10:45:00,2021-05-16 12:45:00,-1,24
144447,144448,144472,2021-05-16 13:15:00,2021-05-16 13:20:00,2021-05-16 15:20:00,1,24
144552,144553,144577,2021-05-16 22:00:00,2021-05-16 22:05:00,2021-05-17 00:05:00,-1,24
144662,144663,144687,2021-05-17 07:10:00,2021-05-17 07:15:00,2021-05-17 09:15:00,-1,24
144731,144732,144756,2021-05-17 12:55:00,2021-05-17 13:00:00,2021-05-17 15:00:00,1,24
144833,144834,144858,2021-05-17 21:25:00,2021-05-17 21:30:00,2021-05-17 23:30:00,1,24
144871,144872,144896,2021-05-18 00:35:00,2021-05-18 00:40:00,2021-05-18 02:40:00,1,24
144901,144902,144926,2021-05-18 03:05:00,2021-05-18 03:10:00,2021-05-18 05:10:00,1,24
144928,144929,144953,2021-05-18 05:20:00,2021-05-18 05:25:00,2021-05-18 07:25:00,1,24
144991,144992,145016,2021-05-18 10:35:00,2021-05-18 10:40:00,2021-05-18 12:40:00,-1,24
145655,145656,145680,2021-05-20 17:55:00,2021-05-20 18:00:00,2021-05-20 20:00:00,-1,24
145704,145705,145729,2021-05-20 22:00:00,2021-05-20 22:05:00,2021-05-21 00:05:00,1,24
145747,145748,145772,2021-05-21 01:35:00,2021-05-21 01:40:00,2021-05-21 03:40:00,-1,24
145771,145772,145796,2021-05-21 03:35:00,2021-05-21 03:40:00,2021-05-21 05:40:00,-1,24
145795,145796,145820,2021-05-21 05:35:00,2021-05-21 05:40:00,2021-05-21 07:40:00,-1,24
145821,145822,145846,2021-05-21 07:45:00,2021-05-21 07:50:00,2021-05-21 09:50:00,-1,24
145893,145894,145918,2021-05-21 13:45:00,2021-05-21 13:50:00,2021-05-21 15:50:00,1,24
145943,145944,145968,2021-05-21 17:55:00,2021-05-21 18:00:00,2021-05-21 20:00:00,1,24
146000,146001,146025,2021-05-21 22:40:00,2021-05-21 22:45:00,2021-05-22 00:45:00,-1,24
146027,146028,146052,2021-05-22 00:55:00,2021-05-22 01:00:00,2021-05-22 03:00:00,-1,24
146086,146087,146111,2021-05-22 05:50:00,2021-05-22 05:55:00,2021-05-22 07:55:00,-1,24
146140,146141,146165,2021-05-22 10:20:00,2021-05-22 10:25:00,2021-05-22 12:25:00,-1,24
146189,146190,146214,2021-05-22 14:25:00,2021-05-22 14:30:00,2021-05-22 16:30:00,1,24
146232,146233,146257,2021-05-22 18:00:00,2021-05-22 18:05:00,2021-05-22 20:05:00,-1,24
146289,146290,146314,2021-05-22 22:45:00,2021-05-22 22:50:00,2021-05-23 00:50:00,-1,24
146320,146321,146345,2021-05-23 01:20:00,2021-05-23 01:25:00,2021-05-23 03:25:00,1,24
146345,146346,146370,2021-05-23 03:25:00,2021-05-23 03:30:00,2021-05-23 05:30:00,-1,24
146561,146562,146586,2021-05-23 21:25:00,2021-05-23 21:30:00,2021-05-23 23:30:00,-1,24
146589,146590,146614,2021-05-23 23:45:00,2021-05-23 23:50:00,2021-05-24 01:50:00,-1,24
146640,146641,146665,2021-05-24 04:00:00,2021-05-24 04:05:00,2021-05-24 06:05:00,-1,24
146710,146711,146735,2021-05-24 09:50:00,2021-05-24 09:55:00,2021-05-24 11:55:00,1,24
146780,146781,146805,2021-05-24 15:40:00,2021-05-24 15:45:00,2021-05-24 17:45:00,-1,24
146817,146818,146842,2021-05-24 18:45:00,2021-05-24 18:50:00,2021-05-24 20:50:00,-1,24
146844,146845,146869,2021-05-24 21:00:00,2021-05-24 21:05:00,2021-05-24 23:05:00,-1,24
146874,146875,146899,2021-05-24 23:30:00,2021-05-24 23:35:00,2021-05-25 01:35:00,-1,24
146908,146909,146933,2021-05-25 02:20:00,2021-05-25 02:25:00,2021-05-25 04:25:00,-1,24
146942,146943,146967,2021-05-25 05:10:00,2021-05-25 05:15:00,2021-05-25 07:15:00,-1,24
146978,146979,147003,2021-05-25 08:10:00,2021-05-25 08:15:00,2021-05-25 10:15:00,1,24
147106,147107,147131,2021-05-25 18:50:00,2021-05-25 18:55:00,2021-05-25 20:55:00,-1,24
147132,147133,147157,2021-05-25 21:00:00,2021-05-25 21:05:00,2021-05-25 23:05:00,1,24
147167,147168,147192,2021-05-25 23:55:00,2021-05-26 00:00:00,2021-05-26 02:00:00,-1,24
147220,147221,147245,2021-05-26 04:20:00,2021-05-26 04:25:00,2021-05-26 06:25:00,-1,24
147346,147347,147371,2021-05-26 14:50:00,2021-05-26 14:55:00,2021-05-26 16:55:00,1,24
147433,147434,147458,2021-05-26 22:05:00,2021-05-26 22:10:00,2021-05-27 00:10:00,-1,24
147460,147461,147485,2021-05-27 00:20:00,2021-05-27 00:25:00,2021-05-27 02:25:00,-1,24
147484,147485,147509,2021-05-27 02:20:00,2021-05-27 02:25:00,2021-05-27 04:25:00,1,24
147520,147521,147545,2021-05-27 05:20:00,2021-05-27 05:25:00,2021-05-27 07:25:00,1,24
147567,147568,147592,2021-05-27 09:15:00,2021-05-27 09:20:00,2021-05-27 11:20:00,-1,24
147613,147614,147638,2021-05-27 13:05:00,2021-05-27 13:10:00,2021-05-27 15:10:00,1,24
147643,147644,147668,2021-05-27 15:35:00,2021-05-27 15:40:00,2021-05-27 17:40:00,1,24
147669,147670,147694,2021-05-27 17:45:00,2021-05-27 17:50:00,2021-05-27 19:50:00,-1,24
147696,147697,147721,2021-05-27 20:00:00,2021-05-27 20:05:00,2021-05-27 22:05:00,1,24
147722,147723,147747,2021-05-27 22:10:00,2021-05-27 22:15:00,2021-05-28 00:15:00,-1,24
147767,147768,147792,2021-05-28 01:55:00,2021-05-28 02:00:00,2021-05-28 04:00:00,-1,24
147906,147907,147931,2021-05-28 13:30:00,2021-05-28 13:35:00,2021-05-28 15:35:00,-1,24
147968,147969,147993,2021-05-28 18:40:00,2021-05-28 18:45:00,2021-05-28 20:45:00,1,24
148063,148064,148088,2021-05-29 02:35:00,2021-05-29 02:40:00,2021-05-29 04:40:00,1,24
148100,148101,148125,2021-05-29 05:40:00,2021-05-29 05:45:00,2021-05-29 07:45:00,-1,24
148160,148161,148185,2021-05-29 10:40:00,2021-05-29 10:45:00,2021-05-29 12:45:00,-1,24
148282,148283,148307,2021-05-29 20:50:00,2021-05-29 20:55:00,2021-05-29 22:55:00,-1,24
148360,148361,148385,2021-05-30 03:20:00,2021-05-30 03:25:00,2021-05-30 05:25:00,1,24
148401,148402,148426,2021-05-30 06:45:00,2021-05-30 06:50:00,2021-05-30 08:50:00,-1,24
148428,148429,148453,2021-05-30 09:00:00,2021-05-30 09:05:00,2021-05-30 11:05:00,1,24
148472,148473,148497,2021-05-30 12:40:00,2021-05-30 12:45:00,2021-05-30 14:45:00,1,24
148507,148508,148532,2021-05-30 15:35:00,2021-05-30 15:40:00,2021-05-30 17:40:00,1,24
148555,148556,148580,2021-05-30 19:35:00,2021-05-30 19:40:00,2021-05-30 21:40:00,1,24
148639,148640,148664,2021-05-31 02:35:00,2021-05-31 02:40:00,2021-05-31 04:40:00,-1,24
148676,148677,148701,2021-05-31 05:40:00,2021-05-31 05:45:00,2021-05-31 07:45:00,-1,24
148809,148810,148834,2021-05-31 16:45:00,2021-05-31 16:50:00,2021-05-31 18:50:00,-1,24
148833,148834,148858,2021-05-31 18:45:00,2021-05-31 18:50:00,2021-05-31 20:50:00,1,24
148860,148861,148885,2021-05-31 21:00:00,2021-05-31 21:05:00,2021-05-31 23:05:00,-1,24
148894,148895,148919,2021-05-31 23:50:00,2021-05-31 23:55:00,2021-06-01 01:55:00,-1,24
148926,148927,148951,2021-06-01 02:30:00,2021-06-01 02:35:00,2021-06-01 04:35:00,-1,24
148973,148974,148998,2021-06-01 06:25:00,2021-06-01 06:30:00,2021-06-01 08:30:00,-1,24
148997,148998,149022,2021-06-01 08:25:00,2021-06-01 08:30:00,2021-06-01 10:30:00,-1,24
149066,149067,149091,2021-06-01 14:10:00,2021-06-01 14:15:00,2021-06-01 16:15:00,1,24
149109,149110,149134,2021-06-01 17:45:00,2021-06-01 17:50:00,2021-06-01 19:50:00,1,24
149146,149147,149171,2021-06-01 20:50:00,2021-06-01 20:55:00,2021-06-01 22:55:00,1,24
149250,149251,149275,2021-06-02 05:30:00,2021-06-02 05:35:00,2021-06-02 07:35:00,-1,24
149332,149333,149357,2021-06-02 12:20:00,2021-06-02 12:25:00,2021-06-02 14:25:00,-1,24
149364,149365,149389,2021-06-02 15:00:00,2021-06-02 15:05:00,2021-06-02 17:05:00,-1,24
149391,149392,149416,2021-06-02 17:15:00,2021-06-02 17:20:00,2021-06-02 19:20:00,-1,24
149418,149419,149443,2021-06-02 19:30:00,2021-06-02 19:35:00,2021-06-02 21:35:00,-1,24
149454,149455,149479,2021-06-02 22:30:00,2021-06-02 22:35:00,2021-06-03 00:35:00,-1,24
149489,149490,149514,2021-06-03 01:25:00,2021-06-03 01:30:00,2021-06-03 03:30:00,1,24
149515,149516,149540,2021-06-03 03:35:00,2021-06-03 03:40:00,2021-06-03 05:40:00,1,24
149548,149549,149573,2021-06-03 06:20:00,2021-06-03 06:25:00,2021-06-03 08:25:00,-1,24
149576,149577,149601,2021-06-03 08:40:00,2021-06-03 08:45:00,2021-06-03 10:45:00,1,24
149601,149602,149626,2021-06-03 10:45:00,2021-06-03 10:50:00,2021-06-03 12:50:00,-1,24
149663,149664,149688,2021-06-03 15:55:00,2021-06-03 16:00:00,2021-06-03 18:00:00,1,24
149690,149691,149715,2021-06-03 18:10:00,2021-06-03 18:15:00,2021-06-03 20:15:00,1,24
149716,149717,149741,2021-06-03 20:20:00,2021-06-03 20:25:00,2021-06-03 22:25:00,1,24
149764,149765,149789,2021-06-04 00:20:00,2021-06-04 00:25:00,2021-06-04 02:25:00,1,24
149806,149807,149831,2021-06-04 03:50:00,2021-06-04 03:55:00,2021-06-04 05:55:00,-1,24
149837,149838,149862,2021-06-04 06:25:00,2021-06-04 06:30:00,2021-06-04 08:30:00,-1,24
149880,149881,149905,2021-06-04 10:00:00,2021-06-04 10:05:00,2021-06-04 12:05:00,-1,24
149941,149942,149966,2021-06-04 15:05:00,2021-06-04 15:10:00,2021-06-04 17:10:00,1,24
149980,149981,150005,2021-06-04 18:20:00,2021-06-04 18:25:00,2021-06-04 20:25:00,-1,24
150008,150009,150033,2021-06-04 20:40:00,2021-06-04 20:45:00,2021-06-04 22:45:00,-1,24
150035,150036,150060,2021-06-04 22:55:00,2021-06-04 23:00:00,2021-06-05 01:00:00,-1,24
150063,150064,150088,2021-06-05 01:15:00,2021-06-05 01:20:00,2021-06-05 03:20:00,1,24
150087,150088,150112,2021-06-05 03:15:00,2021-06-05 03:20:00,2021-06-05 05:20:00,1,24
150117,150118,150142,2021-06-05 05:45:00,2021-06-05 05:50:00,2021-06-05 07:50:00,1,24
150146,150147,150171,2021-06-05 08:10:00,2021-06-05 08:15:00,2021-06-05 10:15:00,-1,24
150246,150247,150271,2021-06-05 16:30:00,2021-06-05 16:35:00,2021-06-05 18:35:00,-1,24
150277,150278,150302,2021-06-05 19:05:00,2021-06-05 19:10:00,2021-06-05 21:10:00,-1,24
150324,150325,150349,2021-06-05 23:00:00,2021-06-05 23:05:00,2021-06-06 01:05:00,-1,24
150348,150349,150373,2021-06-06 01:00:00,2021-06-06 01:05:00,2021-06-06 03:05:00,-1,24
150382,150383,150407,2021-06-06 03:50:00,2021-06-06 03:55:00,2021-06-06 05:55:00,1,24
150420,150421,150445,2021-06-06 07:00:00,2021-06-06 07:05:00,2021-06-06 09:05:00,-1,24
150467,150468,150492,2021-06-06 10:55:00,2021-06-06 11:00:00,2021-06-06 13:00:00,-1,24
150491,150492,150516,2021-06-06 12:55:00,2021-06-06 13:00:00,2021-06-06 15:00:00,-1,24
150515,150516,150540,2021-06-06 14:55:00,2021-06-06 15:00:00,2021-06-06 17:00:00,1,24
150542,150543,150567,2021-06-06 17:10:00,2021-06-06 17:15:00,2021-06-06 19:15:00,1,24
150574,150575,150599,2021-06-06 19:50:00,2021-06-06 19:55:00,2021-06-06 21:55:00,-1,24
150598,150599,150623,2021-06-06 21:50:00,2021-06-06 21:55:00,2021-06-06 23:55:00,-1,24
150623,150624,150648,2021-06-06 23:55:00,2021-06-07 00:00:00,2021-06-07 02:00:00,1,24
150654,150655,150679,2021-06-07 02:30:00,2021-06-07 02:35:00,2021-06-07 04:35:00,-1,24
150687,150688,150712,2021-06-07 05:15:00,2021-06-07 05:20:00,2021-06-07 07:20:00,-1,24
150717,150718,150742,2021-06-07 07:45:00,2021-06-07 07:50:00,2021-06-07 09:50:00,1,24
150754,150755,150779,2021-06-07 10:50:00,2021-06-07 10:55:00,2021-06-07 12:55:00,-1,24
150921,150922,150946,2021-06-08 00:45:00,2021-06-08 00:50:00,2021-06-08 02:50:00,-1,24
150966,150967,150991,2021-06-08 04:30:00,2021-06-08 04:35:00,2021-06-08 06:35:00,-1,24
151005,151006,151030,2021-06-08 07:45:00,2021-06-08 07:50:00,2021-06-08 09:50:00,-1,24
151029,151030,151054,2021-06-08 09:45:00,2021-06-08 09:50:00,2021-06-08 11:50:00,-1,24
151057,151058,151082,2021-06-08 12:05:00,2021-06-08 12:10:00,2021-06-08 14:10:00,-1,24
151127,151128,151152,2021-06-08 17:55:00,2021-06-08 18:00:00,2021-06-08 20:00:00,-1,24
151151,151152,151176,2021-06-08 19:55:00,2021-06-08 20:00:00,2021-06-08 22:00:00,-1,24
151175,151176,151200,2021-06-08 21:55:00,2021-06-08 22:00:00,2021-06-09 00:00:00,1,24
151210,151211,151235,2021-06-09 00:50:00,2021-06-09 00:55:00,2021-06-09 02:55:00,-1,24
151237,151238,151262,2021-06-09 03:05:00,2021-06-09 03:10:00,2021-06-09 05:10:00,-1,24
151275,151276,151300,2021-06-09 06:15:00,2021-06-09 06:20:00,2021-06-09 08:20:00,-1,24
151331,151332,151356,2021-06-09 10:55:00,2021-06-09 11:00:00,2021-06-09 13:00:00,-1,24
151418,151419,151443,2021-06-09 18:10:00,2021-06-09 18:15:00,2021-06-09 20:15:00,-1,24
151442,151443,151467,2021-06-09 20:10:00,2021-06-09 20:15:00,2021-06-09 22:15:00,-1,24
151466,151467,151491,2021-06-09 22:10:00,2021-06-09 22:15:00,2021-06-10 00:15:00,-1,24
151515,151516,151540,2021-06-10 02:15:00,2021-06-10 02:20:00,2021-06-10 04:20:00,-1,24
151565,151566,151590,2021-06-10 06:25:00,2021-06-10 06:30:00,2021-06-10 08:30:00,-1,24
151621,151622,151646,2021-06-10 11:05:00,2021-06-10 11:10:00,2021-06-10 13:10:00,-1,24
151658,151659,151683,2021-06-10 14:10:00,2021-06-10 14:15:00,2021-06-10 16:15:00,-1,24
151704,151705,151729,2021-06-10 18:00:00,2021-06-10 18:05:00,2021-06-10 20:05:00,-1,24
151736,151737,151761,2021-06-10 20:40:00,2021-06-10 20:45:00,2021-06-10 22:45:00,-1,24
151760,151761,151785,2021-06-10 22:40:00,2021-06-10 22:45:00,2021-06-11 00:45:00,-1,24
151792,151793,151817,2021-06-11 01:20:00,2021-06-11 01:25:00,2021-06-11 03:25:00,-1,24
151817,151818,151842,2021-06-11 03:25:00,2021-06-11 03:30:00,2021-06-11 05:30:00,1,24
151843,151844,151868,2021-06-11 05:35:00,2021-06-11 05:40:00,2021-06-11 07:40:00,-1,24
151910,151911,151935,2021-06-11 11:10:00,2021-06-11 11:15:00,2021-06-11 13:15:00,1,24
151954,151955,151979,2021-06-11 14:50:00,2021-06-11 14:55:00,2021-06-11 16:55:00,1,24
151982,151983,152007,2021-06-11 17:10:00,2021-06-11 17:15:00,2021-06-11 19:15:00,-1,24
152025,152026,152050,2021-06-11 20:45:00,2021-06-11 20:50:00,2021-06-11 22:50:00,1,24
152054,152055,152079,2021-06-11 23:10:00,2021-06-11 23:15:00,2021-06-12 01:15:00,-1,24
152095,152096,152120,2021-06-12 02:35:00,2021-06-12 02:40:00,2021-06-12 04:40:00,-1,24
152137,152138,152162,2021-06-12 06:05:00,2021-06-12 06:10:00,2021-06-12 08:10:00,1,24
152167,152168,152192,2021-06-12 08:35:00,2021-06-12 08:40:00,2021-06-12 10:40:00,-1,24
152203,152204,152228,2021-06-12 11:35:00,2021-06-12 11:40:00,2021-06-12 13:40:00,-1,24
152231,152232,152256,2021-06-12 13:55:00,2021-06-12 14:00:00,2021-06-12 16:00:00,1,24
152263,152264,152288,2021-06-12 16:35:00,2021-06-12 16:40:00,2021-06-12 18:40:00,1,24
152289,152290,152314,2021-06-12 18:45:00,2021-06-12 18:50:00,2021-06-12 20:50:00,-1,24
152320,152321,152345,2021-06-12 21:20:00,2021-06-12 21:25:00,2021-06-12 23:25:00,-1,24
152348,152349,152373,2021-06-12 23:40:00,2021-06-12 23:45:00,2021-06-13 01:45:00,-1,24
152372,152373,152397,2021-06-13 01:40:00,2021-06-13 01:45:00,2021-06-13 03:45:00,1,24
152408,152409,152433,2021-06-13 04:40:00,2021-06-13 04:45:00,2021-06-13 06:45:00,-1,24
152432,152433,152457,2021-06-13 06:40:00,2021-06-13 06:45:00,2021-06-13 08:45:00,1,24
152489,152490,152514,2021-06-13 11:25:00,2021-06-13 11:30:00,2021-06-13 13:30:00,1,24
152581,152582,152606,2021-06-13 19:05:00,2021-06-13 19:10:00,2021-06-13 21:10:00,1,24
152648,152649,152673,2021-06-14 00:40:00,2021-06-14 00:45:00,2021-06-14 02:45:00,-1,24
152677,152678,152702,2021-06-14 03:05:00,2021-06-14 03:10:00,2021-06-14 05:10:00,1,24
152749,152750,152774,2021-06-14 09:05:00,2021-06-14 09:10:00,2021-06-14 11:10:00,-1,24
152779,152780,152804,2021-06-14 11:35:00,2021-06-14 11:40:00,2021-06-14 13:40:00,-1,24
152843,152844,152868,2021-06-14 16:55:00,2021-06-14 17:00:00,2021-06-14 19:00:00,-1,24
152878,152879,152903,2021-06-14 19:50:00,2021-06-14 19:55:00,2021-06-14 21:55:00,1,24
152908,152909,152933,2021-06-14 22:20:00,2021-06-14 22:25:00,2021-06-15 00:25:00,-1,24
152937,152938,152962,2021-06-15 00:45:00,2021-06-15 00:50:00,2021-06-15 02:50:00,1,24
152973,152974,152998,2021-06-15 03:45:00,2021-06-15 03:50:00,2021-06-15 05:50:00,-1,24
153000,153001,153025,2021-06-15 06:00:00,2021-06-15 06:05:00,2021-06-15 08:05:00,-1,24
153026,153027,153051,2021-06-15 08:10:00,2021-06-15 08:15:00,2021-06-15 10:15:00,-1,24
153060,153061,153085,2021-06-15 11:00:00,2021-06-15 11:05:00,2021-06-15 13:05:00,1,24
153089,153090,153114,2021-06-15 13:25:00,2021-06-15 13:30:00,2021-06-15 15:30:00,-1,24
153129,153130,153154,2021-06-15 16:45:00,2021-06-15 16:50:00,2021-06-15 18:50:00,-1,24
153167,153168,153192,2021-06-15 19:55:00,2021-06-15 20:00:00,2021-06-15 22:00:00,-1,24
153217,153218,153242,2021-06-16 00:05:00,2021-06-16 00:10:00,2021-06-16 02:10:00,-1,24
153260,153261,153285,2021-06-16 03:40:00,2021-06-16 03:45:00,2021-06-16 05:45:00,-1,24
153289,153290,153314,2021-06-16 06:05:00,2021-06-16 06:10:00,2021-06-16 08:10:00,-1,24
153313,153314,153338,2021-06-16 08:05:00,2021-06-16 08:10:00,2021-06-16 10:10:00,-1,24
153365,153366,153390,2021-06-16 12:25:00,2021-06-16 12:30:00,2021-06-16 14:30:00,1,24
153389,153390,153414,2021-06-16 14:25:00,2021-06-16 14:30:00,2021-06-16 16:30:00,-1,24
153450,153451,153475,2021-06-16 19:30:00,2021-06-16 19:35:00,2021-06-16 21:35:00,1,24
153493,153494,153518,2021-06-16 23:05:00,2021-06-16 23:10:00,2021-06-17 01:10:00,-1,24
153520,153521,153545,2021-06-17 01:20:00,2021-06-17 01:25:00,2021-06-17 03:25:00,-1,24
153544,153545,153569,2021-06-17 03:20:00,2021-06-17 03:25:00,2021-06-17 05:25:00,-1,24
153571,153572,153596,2021-06-17 05:35:00,2021-06-17 05:40:00,2021-06-17 07:40:00,-1,24
153597,153598,153622,2021-06-17 07:45:00,2021-06-17 07:50:00,2021-06-17 09:50:00,1,24
153628,153629,153653,2021-06-17 10:20:00,2021-06-17 10:25:00,2021-06-17 12:25:00,-1,24
153669,153670,153694,2021-06-17 13:45:00,2021-06-17 13:50:00,2021-06-17 15:50:00,-1,24
153694,153695,153719,2021-06-17 15:50:00,2021-06-17 15:55:00,2021-06-17 17:55:00,-1,24
153725,153726,153750,2021-06-17 18:25:00,2021-06-17 18:30:00,2021-06-17 20:30:00,-1,24
153750,153751,153775,2021-06-17 20:30:00,2021-06-17 20:35:00,2021-06-17 22:35:00,1,24
153774,153775,153799,2021-06-17 22:30:00,2021-06-17 22:35:00,2021-06-18 00:35:00,-1,24
153798,153799,153823,2021-06-18 00:30:00,2021-06-18 00:35:00,2021-06-18 02:35:00,-1,24
153827,153828,153852,2021-06-18 02:55:00,2021-06-18 03:00:00,2021-06-18 05:00:00,1,24
153866,153867,153891,2021-06-18 06:10:00,2021-06-18 06:15:00,2021-06-18 08:15:00,-1,24
153897,153898,153922,2021-06-18 08:45:00,2021-06-18 08:50:00,2021-06-18 10:50:00,1,24
153921,153922,153946,2021-06-18 10:45:00,2021-06-18 10:50:00,2021-06-18 12:50:00,1,24
153992,153993,154017,2021-06-18 16:40:00,2021-06-18 16:45:00,2021-06-18 18:45:00,-1,24
154020,154021,154045,2021-06-18 19:00:00,2021-06-18 19:05:00,2021-06-18 21:05:00,-1,24
154059,154060,154084,2021-06-18 22:15:00,2021-06-18 22:20:00,2021-06-19 00:20:00,-1,24
154087,154088,154112,2021-06-19 00:35:00,2021-06-19 00:40:00,2021-06-19 02:40:00,1,24
154133,154134,154158,2021-06-19 04:25:00,2021-06-19 04:30:00,2021-06-19 06:30:00,-1,24
154157,154158,154182,2021-06-19 06:25:00,2021-06-19 06:30:00,2021-06-19 08:30:00,-1,24
154187,154188,154212,2021-06-19 08:55:00,2021-06-19 09:00:00,2021-06-19 11:00:00,1,24
154211,154212,154236,2021-06-19 10:55:00,2021-06-19 11:00:00,2021-06-19 13:00:00,-1,24
154243,154244,154268,2021-06-19 13:35:00,2021-06-19 13:40:00,2021-06-19 15:40:00,1,24
154274,154275,154299,2021-06-19 16:10:00,2021-06-19 16:15:00,2021-06-19 18:15:00,-1,24
154305,154306,154330,2021-06-19 18:45:00,2021-06-19 18:50:00,2021-06-19 20:50:00,-1,24
154330,154331,154355,2021-06-19 20:50:00,2021-06-19 20:55:00,2021-06-19 22:55:00,1,24
154354,154355,154379,2021-06-19 22:50:00,2021-06-19 22:55:00,2021-06-20 00:55:00,-1,24
154378,154379,154403,2021-06-20 00:50:00,2021-06-20 00:55:00,2021-06-20 02:55:00,-1,24
154426,154427,154451,2021-06-20 04:50:00,2021-06-20 04:55:00,2021-06-20 06:55:00,-1,24
154451,154452,154476,2021-06-20 06:55:00,2021-06-20 07:00:00,2021-06-20 09:00:00,1,24
154481,154482,154506,2021-06-20 09:25:00,2021-06-20 09:30:00,2021-06-20 11:30:00,-1,24
154522,154523,154547,2021-06-20 12:50:00,2021-06-20 12:55:00,2021-06-20 14:55:00,-1,24
154546,154547,154571,2021-06-20 14:50:00,2021-06-20 14:55:00,2021-06-20 16:55:00,-1,24
154570,154571,154595,2021-06-20 16:50:00,2021-06-20 16:55:00,2021-06-20 18:55:00,-1,24
154607,154608,154632,2021-06-20 19:55:00,2021-06-20 20:00:00,2021-06-20 22:00:00,-1,24
154639,154640,154664,2021-06-20 22:35:00,2021-06-20 22:40:00,2021-06-21 00:40:00,-1,24
154663,154664,154688,2021-06-21 00:35:00,2021-06-21 00:40:00,2021-06-21 02:40:00,-1,24
154691,154692,154716,2021-06-21 02:55:00,2021-06-21 03:00:00,2021-06-21 05:00:00,-1,24
154758,154759,154783,2021-06-21 08:30:00,2021-06-21 08:35:00,2021-06-21 10:35:00,1,24
154878,154879,154903,2021-06-21 18:30:00,2021-06-21 18:35:00,2021-06-21 20:35:00,-1,24
154972,154973,154997,2021-06-22 02:20:00,2021-06-22 02:25:00,2021-06-22 04:25:00,-1,24
155002,155003,155027,2021-06-22 04:50:00,2021-06-22 04:55:00,2021-06-22 06:55:00,-1,24
155038,155039,155063,2021-06-22 07:50:00,2021-06-22 07:55:00,2021-06-22 09:55:00,-1,24
155191,155192,155216,2021-06-22 20:35:00,2021-06-22 20:40:00,2021-06-22 22:40:00,1,24
155230,155231,155255,2021-06-22 23:50:00,2021-06-22 23:55:00,2021-06-23 01:55:00,1,24
155262,155263,155287,2021-06-23 02:30:00,2021-06-23 02:35:00,2021-06-23 04:35:00,-1,24
155312,155313,155337,2021-06-23 06:40:00,2021-06-23 06:45:00,2021-06-23 08:45:00,-1,24
155374,155375,155399,2021-06-23 11:50:00,2021-06-23 11:55:00,2021-06-23 13:55:00,-1,24
155440,155441,155465,2021-06-23 17:20:00,2021-06-23 17:25:00,2021-06-23 19:25:00,-1,24
155501,155502,155526,2021-06-23 22:25:00,2021-06-23 22:30:00,2021-06-24 00:30:00,-1,24
155535,155536,155560,2021-06-24 01:15:00,2021-06-24 01:20:00,2021-06-24 03:20:00,1,24
155561,155562,155586,2021-06-24 03:25:00,2021-06-24 03:30:00,2021-06-24 05:30:00,-1,24
155585,155586,155610,2021-06-24 05:25:00,2021-06-24 05:30:00,2021-06-24 07:30:00,-1,24
155620,155621,155645,2021-06-24 08:20:00,2021-06-24 08:25:00,2021-06-24 10:25:00,1,24
155728,155729,155753,2021-06-24 17:20:00,2021-06-24 17:25:00,2021-06-24 19:25:00,-1,24
155752,155753,155777,2021-06-24 19:20:00,2021-06-24 19:25:00,2021-06-24 21:25:00,-1,24
155811,155812,155836,2021-06-25 00:15:00,2021-06-25 00:20:00,2021-06-25 02:20:00,-1,24
155847,155848,155872,2021-06-25 03:15:00,2021-06-25 03:20:00,2021-06-25 05:20:00,1,24
155880,155881,155905,2021-06-25 06:00:00,2021-06-25 06:05:00,2021-06-25 08:05:00,-1,24
155919,155920,155944,2021-06-25 09:15:00,2021-06-25 09:20:00,2021-06-25 11:20:00,-1,24
155992,155993,156017,2021-06-25 15:20:00,2021-06-25 15:25:00,2021-06-25 17:25:00,1,24
156017,156018,156042,2021-06-25 17:25:00,2021-06-25 17:30:00,2021-06-25 19:30:00,-1,24
156046,156047,156071,2021-06-25 19:50:00,2021-06-25 19:55:00,2021-06-25 21:55:00,-1,24
156100,156101,156125,2021-06-26 00:20:00,2021-06-26 00:25:00,2021-06-26 02:25:00,1,24
156129,156130,156154,2021-06-26 02:45:00,2021-06-26 02:50:00,2021-06-26 04:50:00,1,24
156157,156158,156182,2021-06-26 05:05:00,2021-06-26 05:10:00,2021-06-26 07:10:00,1,24
156196,156197,156221,2021-06-26 08:20:00,2021-06-26 08:25:00,2021-06-26 10:25:00,-1,24
156234,156235,156259,2021-06-26 11:30:00,2021-06-26 11:35:00,2021-06-26 13:35:00,-1,24
156320,156321,156345,2021-06-26 18:40:00,2021-06-26 18:45:00,2021-06-26 20:45:00,-1,24
156353,156354,156378,2021-06-26 21:25:00,2021-06-26 21:30:00,2021-06-26 23:30:00,-1,24
156377,156378,156402,2021-06-26 23:25:00,2021-06-26 23:30:00,2021-06-27 01:30:00,1,24
156427,156428,156452,2021-06-27 03:35:00,2021-06-27 03:40:00,2021-06-27 05:40:00,-1,24
156451,156452,156476,2021-06-27 05:35:00,2021-06-27 05:40:00,2021-06-27 07:40:00,1,24
156571,156572,156596,2021-06-27 15:35:00,2021-06-27 15:40:00,2021-06-27 17:40:00,-1,24
156607,156608,156632,2021-06-27 18:35:00,2021-06-27 18:40:00,2021-06-27 20:40:00,-1,24
156633,156634,156658,2021-06-27 20:45:00,2021-06-27 20:50:00,2021-06-27 22:50:00,-1,24
156676,156677,156701,2021-06-28 00:20:00,2021-06-28 00:25:00,2021-06-28 02:25:00,1,24
156701,156702,156726,2021-06-28 02:25:00,2021-06-28 02:30:00,2021-06-28 04:30:00,-1,24
156728,156729,156753,2021-06-28 04:40:00,2021-06-28 04:45:00,2021-06-28 06:45:00,-1,24
156810,156811,156835,2021-06-28 11:30:00,2021-06-28 11:35:00,2021-06-28 13:35:00,-1,24
156878,156879,156903,2021-06-28 17:10:00,2021-06-28 17:15:00,2021-06-28 19:15:00,1,24
156913,156914,156938,2021-06-28 20:05:00,2021-06-28 20:10:00,2021-06-28 22:10:00,1,24
156940,156941,156965,2021-06-28 22:20:00,2021-06-28 22:25:00,2021-06-29 00:25:00,-1,24
156965,156966,156990,2021-06-29 00:25:00,2021-06-29 00:30:00,2021-06-29 02:30:00,1,24
156997,156998,157022,2021-06-29 03:05:00,2021-06-29 03:10:00,2021-06-29 05:10:00,-1,24
157027,157028,157052,2021-06-29 05:35:00,2021-06-29 05:40:00,2021-06-29 07:40:00,-1,24
157054,157055,157079,2021-06-29 07:50:00,2021-06-29 07:55:00,2021-06-29 09:55:00,-1,24
157090,157091,157115,2021-06-29 10:50:00,2021-06-29 10:55:00,2021-06-29 12:55:00,-1,24
157130,157131,157155,2021-06-29 14:10:00,2021-06-29 14:15:00,2021-06-29 16:15:00,1,24
157180,157181,157205,2021-06-29 18:20:00,2021-06-29 18:25:00,2021-06-29 20:25:00,1,24
157204,157205,157229,2021-06-29 20:20:00,2021-06-29 20:25:00,2021-06-29 22:25:00,-1,24
157237,157238,157262,2021-06-29 23:05:00,2021-06-29 23:10:00,2021-06-30 01:10:00,1,24
157269,157270,157294,2021-06-30 01:45:00,2021-06-30 01:50:00,2021-06-30 03:50:00,1,24
157298,157299,157323,2021-06-30 04:10:00,2021-06-30 04:15:00,2021-06-30 06:15:00,-1,24
157324,157325,157349,2021-06-30 06:20:00,2021-06-30 06:25:00,2021-06-30 08:25:00,-1,24
157378,157379,157403,2021-06-30 10:50:00,2021-06-30 10:55:00,2021-06-30 12:55:00,1,24
157445,157446,157470,2021-06-30 16:25:00,2021-06-30 16:30:00,2021-06-30 18:30:00,-1,24
157469,157470,157494,2021-06-30 18:25:00,2021-06-30 18:30:00,2021-06-30 20:30:00,-1,24
157493,157494,157518,2021-06-30 20:25:00,2021-06-30 20:30:00,2021-06-30 22:30:00,-1,24
157524,157525,157549,2021-06-30 23:00:00,2021-06-30 23:05:00,2021-07-01 01:05:00,-1,24
157558,157559,157583,2021-07-01 01:50:00,2021-07-01 01:55:00,2021-07-01 03:55:00,-1,24
157591,157592,157616,2021-07-01 04:35:00,2021-07-01 04:40:00,2021-07-01 06:40:00,-1,24
157635,157636,157660,2021-07-01 08:15:00,2021-07-01 08:20:00,2021-07-01 10:20:00,-1,24
157674,157675,157699,2021-07-01 11:30:00,2021-07-01 11:35:00,2021-07-01 13:35:00,-1,24
157706,157707,157731,2021-07-01 14:10:00,2021-07-01 14:15:00,2021-07-01 16:15:00,1,24
157730,157731,157755,2021-07-01 16:10:00,2021-07-01 16:15:00,2021-07-01 18:15:00,-1,24
157754,157755,157779,2021-07-01 18:10:00,2021-07-01 18:15:00,2021-07-01 20:15:00,-1,24
157778,157779,157803,2021-07-01 20:10:00,2021-07-01 20:15:00,2021-07-01 22:15:00,1,24
157806,157807,157831,2021-07-01 22:30:00,2021-07-01 22:35:00,2021-07-02 00:35:00,1,24
157831,157832,157856,2021-07-02 00:35:00,2021-07-02 00:40:00,2021-07-02 02:40:00,-1,24
157867,157868,157892,2021-07-02 03:35:00,2021-07-02 03:40:00,2021-07-02 05:40:00,-1,24
157904,157905,157929,2021-07-02 06:40:00,2021-07-02 06:45:00,2021-07-02 08:45:00,-1,24
157929,157930,157954,2021-07-02 08:45:00,2021-07-02 08:50:00,2021-07-02 10:50:00,-1,24
157959,157960,157984,2021-07-02 11:15:00,2021-07-02 11:20:00,2021-07-02 13:20:00,1,24
158003,158004,158028,2021-07-02 14:55:00,2021-07-02 15:00:00,2021-07-02 17:00:00,-1,24
158027,158028,158052,2021-07-02 16:55:00,2021-07-02 17:00:00,2021-07-02 19:00:00,1,24
158058,158059,158083,2021-07-02 19:30:00,2021-07-02 19:35:00,2021-07-02 21:35:00,-1,24
158084,158085,158109,2021-07-02 21:40:00,2021-07-02 21:45:00,2021-07-02 23:45:00,-1,24
158114,158115,158139,2021-07-03 00:10:00,2021-07-03 00:15:00,2021-07-03 02:15:00,1,24
158138,158139,158163,2021-07-03 02:10:00,2021-07-03 02:15:00,2021-07-03 04:15:00,-1,24
158163,158164,158188,2021-07-03 04:15:00,2021-07-03 04:20:00,2021-07-03 06:20:00,1,24
158195,158196,158220,2021-07-03 06:55:00,2021-07-03 07:00:00,2021-07-03 09:00:00,1,24
158227,158228,158252,2021-07-03 09:35:00,2021-07-03 09:40:00,2021-07-03 11:40:00,-1,24
158253,158254,158278,2021-07-03 11:45:00,2021-07-03 11:50:00,2021-07-03 13:50:00,-1,24
158297,158298,158322,2021-07-03 15:25:00,2021-07-03 15:30:00,2021-07-03 17:30:00,-1,24
158333,158334,158358,2021-07-03 18:25:00,2021-07-03 18:30:00,2021-07-03 20:30:00,-1,24
158362,158363,158387,2021-07-03 20:50:00,2021-07-03 20:55:00,2021-07-03 22:55:00,-1,24
158387,158388,158412,2021-07-03 22:55:00,2021-07-03 23:00:00,2021-07-04 01:00:00,1,24
158411,158412,158436,2021-07-04 00:55:00,2021-07-04 01:00:00,2021-07-04 03:00:00,1,24
158436,158437,158461,2021-07-04 03:00:00,2021-07-04 03:05:00,2021-07-04 05:05:00,1,24
158462,158463,158487,2021-07-04 05:10:00,2021-07-04 05:15:00,2021-07-04 07:15:00,1,24
158492,158493,158517,2021-07-04 07:40:00,2021-07-04 07:45:00,2021-07-04 09:45:00,-1,24
158527,158528,158552,2021-07-04 10:35:00,2021-07-04 10:40:00,2021-07-04 12:40:00,-1,24
158551,158552,158576,2021-07-04 12:35:00,2021-07-04 12:40:00,2021-07-04 14:40:00,1,24
158577,158578,158602,2021-07-04 14:45:00,2021-07-04 14:50:00,2021-07-04 16:50:00,1,24
158607,158608,158632,2021-07-04 17:15:00,2021-07-04 17:20:00,2021-07-04 19:20:00,-1,24
158632,158633,158657,2021-07-04 19:20:00,2021-07-04 19:25:00,2021-07-04 21:25:00,1,24
158666,158667,158691,2021-07-04 22:10:00,2021-07-04 22:15:00,2021-07-05 00:15:00,-1,24
158707,158708,158732,2021-07-05 01:35:00,2021-07-05 01:40:00,2021-07-05 03:40:00,-1,24
158731,158732,158756,2021-07-05 03:35:00,2021-07-05 03:40:00,2021-07-05 05:40:00,-1,24
158763,158764,158788,2021-07-05 06:15:00,2021-07-05 06:20:00,2021-07-05 08:20:00,-1,24
158789,158790,158814,2021-07-05 08:25:00,2021-07-05 08:30:00,2021-07-05 10:30:00,-1,24
158821,158822,158846,2021-07-05 11:05:00,2021-07-05 11:10:00,2021-07-05 13:10:00,-1,24
158867,158868,158892,2021-07-05 14:55:00,2021-07-05 15:00:00,2021-07-05 17:00:00,1,24
158891,158892,158916,2021-07-05 16:55:00,2021-07-05 17:00:00,2021-07-05 19:00:00,-1,24
158915,158916,158940,2021-07-05 18:55:00,2021-07-05 19:00:00,2021-07-05 21:00:00,-1,24
158939,158940,158964,2021-07-05 20:55:00,2021-07-05 21:00:00,2021-07-05 23:00:00,-1,24
158964,158965,158989,2021-07-05 23:00:00,2021-07-05 23:05:00,2021-07-06 01:05:00,-1,24
158991,158992,159016,2021-07-06 01:15:00,2021-07-06 01:20:00,2021-07-06 03:20:00,-1,24
159016,159017,159041,2021-07-06 03:20:00,2021-07-06 03:25:00,2021-07-06 05:25:00,1,24
159041,159042,159066,2021-07-06 05:25:00,2021-07-06 05:30:00,2021-07-06 07:30:00,-1,24
159066,159067,159091,2021-07-06 07:30:00,2021-07-06 07:35:00,2021-07-06 09:35:00,-1,24
159109,159110,159134,2021-07-06 11:05:00,2021-07-06 11:10:00,2021-07-06 13:10:00,-1,24
159135,159136,159160,2021-07-06 13:15:00,2021-07-06 13:20:00,2021-07-06 15:20:00,1,24
159166,159167,159191,2021-07-06 15:50:00,2021-07-06 15:55:00,2021-07-06 17:55:00,1,24
159196,159197,159221,2021-07-06 18:20:00,2021-07-06 18:25:00,2021-07-06 20:25:00,1,24
159222,159223,159247,2021-07-06 20:30:00,2021-07-06 20:35:00,2021-07-06 22:35:00,-1,24
159249,159250,159274,2021-07-06 22:45:00,2021-07-06 22:50:00,2021-07-07 00:50:00,1,24
159277,159278,159302,2021-07-07 01:05:00,2021-07-07 01:10:00,2021-07-07 03:10:00,1,24
159301,159302,159326,2021-07-07 03:05:00,2021-07-07 03:10:00,2021-07-07 05:10:00,1,24
159332,159333,159357,2021-07-07 05:40:00,2021-07-07 05:45:00,2021-07-07 07:45:00,1,24
159365,159366,159390,2021-07-07 08:25:00,2021-07-07 08:30:00,2021-07-07 10:30:00,-1,24
159389,159390,159414,2021-07-07 10:25:00,2021-07-07 10:30:00,2021-07-07 12:30:00,1,24
159415,159416,159440,2021-07-07 12:35:00,2021-07-07 12:40:00,2021-07-07 14:40:00,1,24
159462,159463,159487,2021-07-07 16:30:00,2021-07-07 16:35:00,2021-07-07 18:35:00,-1,24
159486,159487,159511,2021-07-07 18:30:00,2021-07-07 18:35:00,2021-07-07 20:35:00,-1,24
159513,159514,159538,2021-07-07 20:45:00,2021-07-07 20:50:00,2021-07-07 22:50:00,-1,24
159537,159538,159562,2021-07-07 22:45:00,2021-07-07 22:50:00,2021-07-08 00:50:00,-1,24
159561,159562,159586,2021-07-08 00:45:00,2021-07-08 00:50:00,2021-07-08 02:50:00,-1,24
159588,159589,159613,2021-07-08 03:00:00,2021-07-08 03:05:00,2021-07-08 05:05:00,-1,24
159613,159614,159638,2021-07-08 05:05:00,2021-07-08 05:10:00,2021-07-08 07:10:00,-1,24
159639,159640,159664,2021-07-08 07:15:00,2021-07-08 07:20:00,2021-07-08 09:20:00,1,24
159663,159664,159688,2021-07-08 09:15:00,2021-07-08 09:20:00,2021-07-08 11:20:00,-1,24
159707,159708,159732,2021-07-08 12:55:00,2021-07-08 13:00:00,2021-07-08 15:00:00,-1,24
159737,159738,159762,2021-07-08 15:25:00,2021-07-08 15:30:00,2021-07-08 17:30:00,1,24
159761,159762,159786,2021-07-08 17:25:00,2021-07-08 17:30:00,2021-07-08 19:30:00,-1,24
159786,159787,159811,2021-07-08 19:30:00,2021-07-08 19:35:00,2021-07-08 21:35:00,1,24
159812,159813,159837,2021-07-08 21:40:00,2021-07-08 21:45:00,2021-07-08 23:45:00,1,24
159836,159837,159861,2021-07-08 23:40:00,2021-07-08 23:45:00,2021-07-09 01:45:00,-1,24
159870,159871,159895,2021-07-09 02:30:00,2021-07-09 02:35:00,2021-07-09 04:35:00,1,24
159897,159898,159922,2021-07-09 04:45:00,2021-07-09 04:50:00,2021-07-09 06:50:00,-1,24
159921,159922,159946,2021-07-09 06:45:00,2021-07-09 06:50:00,2021-07-09 08:50:00,-1,24
159946,159947,159971,2021-07-09 08:50:00,2021-07-09 08:55:00,2021-07-09 10:55:00,-1,24
159973,159974,159998,2021-07-09 11:05:00,2021-07-09 11:10:00,2021-07-09 13:10:00,-1,24
160028,160029,160053,2021-07-09 15:40:00,2021-07-09 15:45:00,2021-07-09 17:45:00,1,24
160062,160063,160087,2021-07-09 18:30:00,2021-07-09 18:35:00,2021-07-09 20:35:00,-1,24
160088,160089,160113,2021-07-09 20:40:00,2021-07-09 20:45:00,2021-07-09 22:45:00,-1,24
160118,160119,160143,2021-07-09 23:10:00,2021-07-09 23:15:00,2021-07-10 01:15:00,1,24
160145,160146,160170,2021-07-10 01:25:00,2021-07-10 01:30:00,2021-07-10 03:30:00,1,24
160176,160177,160201,2021-07-10 04:00:00,2021-07-10 04:05:00,2021-07-10 06:05:00,1,24
160205,160206,160230,2021-07-10 06:25:00,2021-07-10 06:30:00,2021-07-10 08:30:00,1,24
160233,160234,160258,2021-07-10 08:45:00,2021-07-10 08:50:00,2021-07-10 10:50:00,1,24
160268,160269,160293,2021-07-10 11:40:00,2021-07-10 11:45:00,2021-07-10 13:45:00,1,24
160292,160293,160317,2021-07-10 13:40:00,2021-07-10 13:45:00,2021-07-10 15:45:00,-1,24
160318,160319,160343,2021-07-10 15:50:00,2021-07-10 15:55:00,2021-07-10 17:55:00,1,24
160348,160349,160373,2021-07-10 18:20:00,2021-07-10 18:25:00,2021-07-10 20:25:00,-1,24
160376,160377,160401,2021-07-10 20:40:00,2021-07-10 20:45:00,2021-07-10 22:45:00,1,24
160400,160401,160425,2021-07-10 22:40:00,2021-07-10 22:45:00,2021-07-11 00:45:00,1,24
160424,160425,160449,2021-07-11 00:40:00,2021-07-11 00:45:00,2021-07-11 02:45:00,1,24
160450,160451,160475,2021-07-11 02:50:00,2021-07-11 02:55:00,2021-07-11 04:55:00,1,24
160477,160478,160502,2021-07-11 05:05:00,2021-07-11 05:10:00,2021-07-11 07:10:00,-1,24
160501,160502,160526,2021-07-11 07:05:00,2021-07-11 07:10:00,2021-07-11 09:10:00,-1,24
160529,160530,160554,2021-07-11 09:25:00,2021-07-11 09:30:00,2021-07-11 11:30:00,1,24
160555,160556,160580,2021-07-11 11:35:00,2021-07-11 11:40:00,2021-07-11 13:40:00,1,24
160594,160595,160619,2021-07-11 14:50:00,2021-07-11 14:55:00,2021-07-11 16:55:00,1,24
160619,160620,160644,2021-07-11 16:55:00,2021-07-11 17:00:00,2021-07-11 19:00:00,1,24
160645,160646,160670,2021-07-11 19:05:00,2021-07-11 19:10:00,2021-07-11 21:10:00,1,24
160673,160674,160698,2021-07-11 21:25:00,2021-07-11 21:30:00,2021-07-11 23:30:00,1,24
160698,160699,160723,2021-07-11 23:30:00,2021-07-11 23:35:00,2021-07-12 01:35:00,-1,24
160726,160727,160751,2021-07-12 01:50:00,2021-07-12 01:55:00,2021-07-12 03:55:00,-1,24
160751,160752,160776,2021-07-12 03:55:00,2021-07-12 04:00:00,2021-07-12 06:00:00,1,24
160775,160776,160800,2021-07-12 05:55:00,2021-07-12 06:00:00,2021-07-12 08:00:00,-1,24
160801,160802,160826,2021-07-12 08:05:00,2021-07-12 08:10:00,2021-07-12 10:10:00,-1,24
160835,160836,160860,2021-07-12 10:55:00,2021-07-12 11:00:00,2021-07-12 13:00:00,-1,24
160862,160863,160887,2021-07-12 13:10:00,2021-07-12 13:15:00,2021-07-12 15:15:00,-1,24
160894,160895,160919,2021-07-12 15:50:00,2021-07-12 15:55:00,2021-07-12 17:55:00,-1,24
160928,160929,160953,2021-07-12 18:40:00,2021-07-12 18:45:00,2021-07-12 20:45:00,-1,24
160956,160957,160981,2021-07-12 21:00:00,2021-07-12 21:05:00,2021-07-12 23:05:00,-1,24
160985,160986,161010,2021-07-12 23:25:00,2021-07-12 23:30:00,2021-07-13 01:30:00,-1,24
161009,161010,161034,2021-07-13 01:25:00,2021-07-13 01:30:00,2021-07-13 03:30:00,1,24
161036,161037,161061,2021-07-13 03:40:00,2021-07-13 03:45:00,2021-07-13 05:45:00,-1,24
161065,161066,161090,2021-07-13 06:05:00,2021-07-13 06:10:00,2021-07-13 08:10:00,1,24
161091,161092,161116,2021-07-13 08:15:00,2021-07-13 08:20:00,2021-07-13 10:20:00,1,24
161119,161120,161144,2021-07-13 10:35:00,2021-07-13 10:40:00,2021-07-13 12:40:00,1,24
161152,161153,161177,2021-07-13 13:20:00,2021-07-13 13:25:00,2021-07-13 15:25:00,-1,24
161180,161181,161205,2021-07-13 15:40:00,2021-07-13 15:45:00,2021-07-13 17:45:00,-1,24
161206,161207,161231,2021-07-13 17:50:00,2021-07-13 17:55:00,2021-07-13 19:55:00,-1,24
161234,161235,161259,2021-07-13 20:10:00,2021-07-13 20:15:00,2021-07-13 22:15:00,-1,24
161260,161261,161285,2021-07-13 22:20:00,2021-07-13 22:25:00,2021-07-14 00:25:00,1,24
161284,161285,161309,2021-07-14 00:20:00,2021-07-14 00:25:00,2021-07-14 02:25:00,-1,24
161308,161309,161333,2021-07-14 02:20:00,2021-07-14 02:25:00,2021-07-14 04:25:00,-1,24
161335,161336,161360,2021-07-14 04:35:00,2021-07-14 04:40:00,2021-07-14 06:40:00,-1,24
161359,161360,161384,2021-07-14 06:35:00,2021-07-14 06:40:00,2021-07-14 08:40:00,-1,24
161402,161403,161427,2021-07-14 10:10:00,2021-07-14 10:15:00,2021-07-14 12:15:00,-1,24
161431,161432,161456,2021-07-14 12:35:00,2021-07-14 12:40:00,2021-07-14 14:40:00,-1,24
161458,161459,161483,2021-07-14 14:50:00,2021-07-14 14:55:00,2021-07-14 16:55:00,-1,24
161498,161499,161523,2021-07-14 18:10:00,2021-07-14 18:15:00,2021-07-14 20:15:00,-1,24
161523,161524,161548,2021-07-14 20:15:00,2021-07-14 20:20:00,2021-07-14 22:20:00,-1,24
161549,161550,161574,2021-07-14 22:25:00,2021-07-14 22:30:00,2021-07-15 00:30:00,-1,24
161573,161574,161598,2021-07-15 00:25:00,2021-07-15 00:30:00,2021-07-15 02:30:00,1,24
161602,161603,161627,2021-07-15 02:50:00,2021-07-15 02:55:00,2021-07-15 04:55:00,-1,24
161629,161630,161654,2021-07-15 05:05:00,2021-07-15 05:10:00,2021-07-15 07:10:00,-1,24
161657,161658,161682,2021-07-15 07:25:00,2021-07-15 07:30:00,2021-07-15 09:30:00,-1,24
161682,161683,161707,2021-07-15 09:30:00,2021-07-15 09:35:00,2021-07-15 11:35:00,-1,24
161706,161707,161731,2021-07-15 11:30:00,2021-07-15 11:35:00,2021-07-15 13:35:00,-1,24
161743,161744,161768,2021-07-15 14:35:00,2021-07-15 14:40:00,2021-07-15 16:40:00,-1,24
161767,161768,161792,2021-07-15 16:35:00,2021-07-15 16:40:00,2021-07-15 18:40:00,-1,24
161798,161799,161823,2021-07-15 19:10:00,2021-07-15 19:15:00,2021-07-15 21:15:00,1,24
161824,161825,161849,2021-07-15 21:20:00,2021-07-15 21:25:00,2021-07-15 23:25:00,-1,24
161848,161849,161873,2021-07-15 23:20:00,2021-07-15 23:25:00,2021-07-16 01:25:00,1,24
161876,161877,161901,2021-07-16 01:40:00,2021-07-16 01:45:00,2021-07-16 03:45:00,1,24
161910,161911,161935,2021-07-16 04:30:00,2021-07-16 04:35:00,2021-07-16 06:35:00,-1,24
161934,161935,161959,2021-07-16 06:30:00,2021-07-16 06:35:00,2021-07-16 08:35:00,1,24
161959,161960,161984,2021-07-16 08:35:00,2021-07-16 08:40:00,2021-07-16 10:40:00,1,24
161992,161993,162017,2021-07-16 11:20:00,2021-07-16 11:25:00,2021-07-16 13:25:00,-1,24
162034,162035,162059,2021-07-16 14:50:00,2021-07-16 14:55:00,2021-07-16 16:55:00,1,24
162078,162079,162103,2021-07-16 18:30:00,2021-07-16 18:35:00,2021-07-16 20:35:00,1,24
162102,162103,162127,2021-07-16 20:30:00,2021-07-16 20:35:00,2021-07-16 22:35:00,-1,24
162126,162127,162151,2021-07-16 22:30:00,2021-07-16 22:35:00,2021-07-17 00:35:00,1,24
162151,162152,162176,2021-07-17 00:35:00,2021-07-17 00:40:00,2021-07-17 02:40:00,-1,24
162175,162176,162200,2021-07-17 02:35:00,2021-07-17 02:40:00,2021-07-17 04:40:00,-1,24
162203,162204,162228,2021-07-17 04:55:00,2021-07-17 05:00:00,2021-07-17 07:00:00,1,24
162236,162237,162261,2021-07-17 07:40:00,2021-07-17 07:45:00,2021-07-17 09:45:00,-1,24
162285,162286,162310,2021-07-17 11:45:00,2021-07-17 11:50:00,2021-07-17 13:50:00,-1,24
162347,162348,162372,2021-07-17 16:55:00,2021-07-17 17:00:00,2021-07-17 19:00:00,-1,24
162371,162372,162396,2021-07-17 18:55:00,2021-07-17 19:00:00,2021-07-17 21:00:00,1,24
162395,162396,162420,2021-07-17 20:55:00,2021-07-17 21:00:00,2021-07-17 23:00:00,1,24
162427,162428,162452,2021-07-17 23:35:00,2021-07-17 23:40:00,2021-07-18 01:40:00,1,24
162462,162463,162487,2021-07-18 02:30:00,2021-07-18 02:35:00,2021-07-18 04:35:00,1,24
162490,162491,162515,2021-07-18 04:50:00,2021-07-18 04:55:00,2021-07-18 06:55:00,1,24
162518,162519,162543,2021-07-18 07:10:00,2021-07-18 07:15:00,2021-07-18 09:15:00,-1,24
162546,162547,162571,2021-07-18 09:30:00,2021-07-18 09:35:00,2021-07-18 11:35:00,1,24
162574,162575,162599,2021-07-18 11:50:00,2021-07-18 11:55:00,2021-07-18 13:55:00,-1,24
162632,162633,162657,2021-07-18 16:40:00,2021-07-18 16:45:00,2021-07-18 18:45:00,1,24
162660,162661,162685,2021-07-18 19:00:00,2021-07-18 19:05:00,2021-07-18 21:05:00,1,24
162685,162686,162710,2021-07-18 21:05:00,2021-07-18 21:10:00,2021-07-18 23:10:00,1,24
162709,162710,162734,2021-07-18 23:05:00,2021-07-18 23:10:00,2021-07-19 01:10:00,1,24
162735,162736,162760,2021-07-19 01:15:00,2021-07-19 01:20:00,2021-07-19 03:20:00,1,24
162761,162762,162786,2021-07-19 03:25:00,2021-07-19 03:30:00,2021-07-19 05:30:00,-1,24
162799,162800,162824,2021-07-19 06:35:00,2021-07-19 06:40:00,2021-07-19 08:40:00,-1,24
162832,162833,162857,2021-07-19 09:20:00,2021-07-19 09:25:00,2021-07-19 11:25:00,-1,24
162857,162858,162882,2021-07-19 11:25:00,2021-07-19 11:30:00,2021-07-19 13:30:00,-1,24
162905,162906,162930,2021-07-19 15:25:00,2021-07-19 15:30:00,2021-07-19 17:30:00,1,24
162935,162936,162960,2021-07-19 17:55:00,2021-07-19 18:00:00,2021-07-19 20:00:00,1,24
162962,162963,162987,2021-07-19 20:10:00,2021-07-19 20:15:00,2021-07-19 22:15:00,1,24
162994,162995,163019,2021-07-19 22:50:00,2021-07-19 22:55:00,2021-07-20 00:55:00,-1,24
163029,163030,163054,2021-07-20 01:45:00,2021-07-20 01:50:00,2021-07-20 03:50:00,1,24
163068,163069,163093,2021-07-20 05:00:00,2021-07-20 05:05:00,2021-07-20 07:05:00,-1,24
163102,163103,163127,2021-07-20 07:50:00,2021-07-20 07:55:00,2021-07-20 09:55:00,-1,24
163133,163134,163158,2021-07-20 10:25:00,2021-07-20 10:30:00,2021-07-20 12:30:00,-1,24
163157,163158,163182,2021-07-20 12:25:00,2021-07-20 12:30:00,2021-07-20 14:30:00,1,24
163189,163190,163214,2021-07-20 15:05:00,2021-07-20 15:10:00,2021-07-20 17:10:00,-1,24
163215,163216,163240,2021-07-20 17:15:00,2021-07-20 17:20:00,2021-07-20 19:20:00,-1,24
163246,163247,163271,2021-07-20 19:50:00,2021-07-20 19:55:00,2021-07-20 21:55:00,-1,24
163274,163275,163299,2021-07-20 22:10:00,2021-07-20 22:15:00,2021-07-21 00:15:00,1,24
163301,163302,163326,2021-07-21 00:25:00,2021-07-21 00:30:00,2021-07-21 02:30:00,-1,24
163326,163327,163351,2021-07-21 02:30:00,2021-07-21 02:35:00,2021-07-21 04:35:00,-1,24
163373,163374,163398,2021-07-21 06:25:00,2021-07-21 06:30:00,2021-07-21 08:30:00,-1,24
163403,163404,163428,2021-07-21 08:55:00,2021-07-21 09:00:00,2021-07-21 11:00:00,1,24
163448,163449,163473,2021-07-21 12:40:00,2021-07-21 12:45:00,2021-07-21 14:45:00,1,24
163475,163476,163500,2021-07-21 14:55:00,2021-07-21 15:00:00,2021-07-21 17:00:00,-1,24
163557,163558,163582,2021-07-21 21:45:00,2021-07-21 21:50:00,2021-07-21 23:50:00,-1,24
163592,163593,163617,2021-07-22 00:40:00,2021-07-22 00:45:00,2021-07-22 02:45:00,-1,24
163619,163620,163644,2021-07-22 02:55:00,2021-07-22 03:00:00,2021-07-22 05:00:00,1,24
163648,163649,163673,2021-07-22 05:20:00,2021-07-22 05:25:00,2021-07-22 07:25:00,-1,24
163679,163680,163704,2021-07-22 07:55:00,2021-07-22 08:00:00,2021-07-22 10:00:00,-1,24
163704,163705,163729,2021-07-22 10:00:00,2021-07-22 10:05:00,2021-07-22 12:05:00,1,24
163729,163730,163754,2021-07-22 12:05:00,2021-07-22 12:10:00,2021-07-22 14:10:00,1,24
163761,163762,163786,2021-07-22 14:45:00,2021-07-22 14:50:00,2021-07-22 16:50:00,-1,24
163785,163786,163810,2021-07-22 16:45:00,2021-07-22 16:50:00,2021-07-22 18:50:00,-1,24
163809,163810,163834,2021-07-22 18:45:00,2021-07-22 18:50:00,2021-07-22 20:50:00,-1,24
163834,163835,163859,2021-07-22 20:50:00,2021-07-22 20:55:00,2021-07-22 22:55:00,-1,24
163859,163860,163884,2021-07-22 22:55:00,2021-07-22 23:00:00,2021-07-23 01:00:00,1,24
163885,163886,163910,2021-07-23 01:05:00,2021-07-23 01:10:00,2021-07-23 03:10:00,-1,24
163911,163912,163936,2021-07-23 03:15:00,2021-07-23 03:20:00,2021-07-23 05:20:00,-1,24
163937,163938,163962,2021-07-23 05:25:00,2021-07-23 05:30:00,2021-07-23 07:30:00,-1,24
163965,163966,163990,2021-07-23 07:45:00,2021-07-23 07:50:00,2021-07-23 09:50:00,-1,24
163999,164000,164024,2021-07-23 10:35:00,2021-07-23 10:40:00,2021-07-23 12:40:00,-1,24
164025,164026,164050,2021-07-23 12:45:00,2021-07-23 12:50:00,2021-07-23 14:50:00,-1,24
164050,164051,164075,2021-07-23 14:50:00,2021-07-23 14:55:00,2021-07-23 16:55:00,1,24
164074,164075,164099,2021-07-23 16:50:00,2021-07-23 16:55:00,2021-07-23 18:55:00,1,24
164100,164101,164125,2021-07-23 19:00:00,2021-07-23 19:05:00,2021-07-23 21:05:00,-1,24
164163,164164,164188,2021-07-24 00:15:00,2021-07-24 00:20:00,2021-07-24 02:20:00,-1,24
164188,164189,164213,2021-07-24 02:20:00,2021-07-24 02:25:00,2021-07-24 04:25:00,-1,24
164222,164223,164247,2021-07-24 05:10:00,2021-07-24 05:15:00,2021-07-24 07:15:00,-1,24
164260,164261,164285,2021-07-24 08:20:00,2021-07-24 08:25:00,2021-07-24 10:25:00,1,24
164285,164286,164310,2021-07-24 10:25:00,2021-07-24 10:30:00,2021-07-24 12:30:00,-1,24
164309,164310,164334,2021-07-24 12:25:00,2021-07-24 12:30:00,2021-07-24 14:30:00,1,24
164339,164340,164364,2021-07-24 14:55:00,2021-07-24 15:00:00,2021-07-24 17:00:00,1,24
164367,164368,164392,2021-07-24 17:15:00,2021-07-24 17:20:00,2021-07-24 19:20:00,1,24
164393,164394,164418,2021-07-24 19:25:00,2021-07-24 19:30:00,2021-07-24 21:30:00,-1,24
164418,164419,164443,2021-07-24 21:30:00,2021-07-24 21:35:00,2021-07-24 23:35:00,-1,24
164443,164444,164468,2021-07-24 23:35:00,2021-07-24 23:40:00,2021-07-25 01:40:00,-1,24
164467,164468,164492,2021-07-25 01:35:00,2021-07-25 01:40:00,2021-07-25 03:40:00,-1,24
164492,164493,164517,2021-07-25 03:40:00,2021-07-25 03:45:00,2021-07-25 05:45:00,-1,24
164521,164522,164546,2021-07-25 06:05:00,2021-07-25 06:10:00,2021-07-25 08:10:00,-1,24
164549,164550,164574,2021-07-25 08:25:00,2021-07-25 08:30:00,2021-07-25 10:30:00,-1,24
164597,164598,164622,2021-07-25 12:25:00,2021-07-25 12:30:00,2021-07-25 14:30:00,1,24
164659,164660,164684,2021-07-25 17:35:00,2021-07-25 17:40:00,2021-07-25 19:40:00,-1,24
164685,164686,164710,2021-07-25 19:45:00,2021-07-25 19:50:00,2021-07-25 21:50:00,-1,24
164709,164710,164734,2021-07-25 21:45:00,2021-07-25 21:50:00,2021-07-25 23:50:00,-1,24
164846,164847,164871,2021-07-26 09:10:00,2021-07-26 09:15:00,2021-07-26 11:15:00,1,24
164877,164878,164902,2021-07-26 11:45:00,2021-07-26 11:50:00,2021-07-26 13:50:00,1,24
164903,164904,164928,2021-07-26 13:55:00,2021-07-26 14:00:00,2021-07-26 16:00:00,1,24
165014,165015,165039,2021-07-26 23:10:00,2021-07-26 23:15:00,2021-07-27 01:15:00,-1,24
165049,165050,165074,2021-07-27 02:05:00,2021-07-27 02:10:00,2021-07-27 04:10:00,1,24
165092,165093,165117,2021-07-27 05:40:00,2021-07-27 05:45:00,2021-07-27 07:45:00,-1,24
165132,165133,165157,2021-07-27 09:00:00,2021-07-27 09:05:00,2021-07-27 11:05:00,-1,24
165159,165160,165184,2021-07-27 11:15:00,2021-07-27 11:20:00,2021-07-27 13:20:00,-1,24
165212,165213,165237,2021-07-27 15:40:00,2021-07-27 15:45:00,2021-07-27 17:45:00,-1,24
165237,165238,165262,2021-07-27 17:45:00,2021-07-27 17:50:00,2021-07-27 19:50:00,-1,24
165264,165265,165289,2021-07-27 20:00:00,2021-07-27 20:05:00,2021-07-27 22:05:00,-1,24
165293,165294,165318,2021-07-27 22:25:00,2021-07-27 22:30:00,2021-07-28 00:30:00,-1,24
165329,165330,165354,2021-07-28 01:25:00,2021-07-28 01:30:00,2021-07-28 03:30:00,1,24
165371,165372,165396,2021-07-28 04:55:00,2021-07-28 05:00:00,2021-07-28 07:00:00,1,24
165407,165408,165432,2021-07-28 07:55:00,2021-07-28 08:00:00,2021-07-28 10:00:00,-1,24
165495,165496,165520,2021-07-28 15:15:00,2021-07-28 15:20:00,2021-07-28 17:20:00,1,24
165520,165521,165545,2021-07-28 17:20:00,2021-07-28 17:25:00,2021-07-28 19:25:00,1,24
165554,165555,165579,2021-07-28 20:10:00,2021-07-28 20:15:00,2021-07-28 22:15:00,-1,24
165587,165588,165612,2021-07-28 22:55:00,2021-07-28 23:00:00,2021-07-29 01:00:00,-1,24
165658,165659,165683,2021-07-29 04:50:00,2021-07-29 04:55:00,2021-07-29 06:55:00,1,24
165687,165688,165712,2021-07-29 07:15:00,2021-07-29 07:20:00,2021-07-29 09:20:00,-1,24
165712,165713,165737,2021-07-29 09:20:00,2021-07-29 09:25:00,2021-07-29 11:25:00,1,24
165775,165776,165800,2021-07-29 14:35:00,2021-07-29 14:40:00,2021-07-29 16:40:00,-1,24
165809,165810,165834,2021-07-29 17:25:00,2021-07-29 17:30:00,2021-07-29 19:30:00,-1,24
165843,165844,165868,2021-07-29 20:15:00,2021-07-29 20:20:00,2021-07-29 22:20:00,1,24
165870,165871,165895,2021-07-29 22:30:00,2021-07-29 22:35:00,2021-07-30 00:35:00,1,24
165901,165902,165926,2021-07-30 01:05:00,2021-07-30 01:10:00,2021-07-30 03:10:00,-1,24
165927,165928,165952,2021-07-30 03:15:00,2021-07-30 03:20:00,2021-07-30 05:20:00,-1,24
166026,166027,166051,2021-07-30 11:30:00,2021-07-30 11:35:00,2021-07-30 13:35:00,-1,24
166104,166105,166129,2021-07-30 18:00:00,2021-07-30 18:05:00,2021-07-30 20:05:00,1,24
166213,166214,166238,2021-07-31 03:05:00,2021-07-31 03:10:00,2021-07-31 05:10:00,1,24
166250,166251,166275,2021-07-31 06:10:00,2021-07-31 06:15:00,2021-07-31 08:15:00,-1,24
166276,166277,166301,2021-07-31 08:20:00,2021-07-31 08:25:00,2021-07-31 10:25:00,-1,24
166305,166306,166330,2021-07-31 10:45:00,2021-07-31 10:50:00,2021-07-31 12:50:00,1,24
166332,166333,166357,2021-07-31 13:00:00,2021-07-31 13:05:00,2021-07-31 15:05:00,1,24
166356,166357,166381,2021-07-31 15:00:00,2021-07-31 15:05:00,2021-07-31 17:05:00,1,24
166391,166392,166416,2021-07-31 17:55:00,2021-07-31 18:00:00,2021-07-31 20:00:00,-1,24
166428,166429,166453,2021-07-31 21:00:00,2021-07-31 21:05:00,2021-07-31 23:05:00,-1,24
166486,166487,166511,2021-08-01 01:50:00,2021-08-01 01:55:00,2021-08-01 03:55:00,1,24
166515,166516,166540,2021-08-01 04:15:00,2021-08-01 04:20:00,2021-08-01 06:20:00,1,24
166539,166540,166564,2021-08-01 06:15:00,2021-08-01 06:20:00,2021-08-01 08:20:00,1,24
166563,166564,166588,2021-08-01 08:15:00,2021-08-01 08:20:00,2021-08-01 10:20:00,-1,24
166594,166595,166619,2021-08-01 10:50:00,2021-08-01 10:55:00,2021-08-01 12:55:00,1,24
166618,166619,166643,2021-08-01 12:50:00,2021-08-01 12:55:00,2021-08-01 14:55:00,1,24
166681,166682,166706,2021-08-01 18:05:00,2021-08-01 18:10:00,2021-08-01 20:10:00,1,24
166716,166717,166741,2021-08-01 21:00:00,2021-08-01 21:05:00,2021-08-01 23:05:00,-1,24
166772,166773,166797,2021-08-02 01:40:00,2021-08-02 01:45:00,2021-08-02 03:45:00,-1,24
166807,166808,166832,2021-08-02 04:35:00,2021-08-02 04:40:00,2021-08-02 06:40:00,-1,24
166843,166844,166868,2021-08-02 07:35:00,2021-08-02 07:40:00,2021-08-02 09:40:00,1,24
166868,166869,166893,2021-08-02 09:40:00,2021-08-02 09:45:00,2021-08-02 11:45:00,-1,24
166909,166910,166934,2021-08-02 13:05:00,2021-08-02 13:10:00,2021-08-02 15:10:00,-1,24
166936,166937,166961,2021-08-02 15:20:00,2021-08-02 15:25:00,2021-08-02 17:25:00,-1,24
166979,166980,167004,2021-08-02 18:55:00,2021-08-02 19:00:00,2021-08-02 21:00:00,-1,24
167014,167015,167039,2021-08-02 21:50:00,2021-08-02 21:55:00,2021-08-02 23:55:00,-1,24
167072,167073,167097,2021-08-03 02:40:00,2021-08-03 02:45:00,2021-08-03 04:45:00,1,24
167108,167109,167133,2021-08-03 05:40:00,2021-08-03 05:45:00,2021-08-03 07:45:00,1,24
167152,167153,167177,2021-08-03 09:20:00,2021-08-03 09:25:00,2021-08-03 11:25:00,1,24
167180,167181,167205,2021-08-03 11:40:00,2021-08-03 11:45:00,2021-08-03 13:45:00,-1,24
167239,167240,167264,2021-08-03 16:35:00,2021-08-03 16:40:00,2021-08-03 18:40:00,1,24
167268,167269,167293,2021-08-03 19:00:00,2021-08-03 19:05:00,2021-08-03 21:05:00,1,24
167295,167296,167320,2021-08-03 21:15:00,2021-08-03 21:20:00,2021-08-03 23:20:00,1,24
167322,167323,167347,2021-08-03 23:30:00,2021-08-03 23:35:00,2021-08-04 01:35:00,-1,24
167356,167357,167381,2021-08-04 02:20:00,2021-08-04 02:25:00,2021-08-04 04:25:00,-1,24
167383,167384,167408,2021-08-04 04:35:00,2021-08-04 04:40:00,2021-08-04 06:40:00,-1,24
167411,167412,167436,2021-08-04 06:55:00,2021-08-04 07:00:00,2021-08-04 09:00:00,-1,24
167445,167446,167470,2021-08-04 09:45:00,2021-08-04 09:50:00,2021-08-04 11:50:00,1,24
167469,167470,167494,2021-08-04 11:45:00,2021-08-04 11:50:00,2021-08-04 13:50:00,1,24
167523,167524,167548,2021-08-04 16:15:00,2021-08-04 16:20:00,2021-08-04 18:20:00,1,24
167566,167567,167591,2021-08-04 19:50:00,2021-08-04 19:55:00,2021-08-04 21:55:00,1,24
167604,167605,167629,2021-08-04 23:00:00,2021-08-04 23:05:00,2021-08-05 01:05:00,1,24
167633,167634,167658,2021-08-05 01:25:00,2021-08-05 01:30:00,2021-08-05 03:30:00,1,24
167658,167659,167683,2021-08-05 03:30:00,2021-08-05 03:35:00,2021-08-05 05:35:00,1,24
167683,167684,167708,2021-08-05 05:35:00,2021-08-05 05:40:00,2021-08-05 07:40:00,-1,24
167719,167720,167744,2021-08-05 08:35:00,2021-08-05 08:40:00,2021-08-05 10:40:00,-1,24
167746,167747,167771,2021-08-05 10:50:00,2021-08-05 10:55:00,2021-08-05 12:55:00,-1,24
167776,167777,167801,2021-08-05 13:20:00,2021-08-05 13:25:00,2021-08-05 15:25:00,-1,24
167864,167865,167889,2021-08-05 20:40:00,2021-08-05 20:45:00,2021-08-05 22:45:00,1,24
167888,167889,167913,2021-08-05 22:40:00,2021-08-05 22:45:00,2021-08-06 00:45:00,1,24
167912,167913,167937,2021-08-06 00:40:00,2021-08-06 00:45:00,2021-08-06 02:45:00,1,24
167939,167940,167964,2021-08-06 02:55:00,2021-08-06 03:00:00,2021-08-06 05:00:00,-1,24
167963,167964,167988,2021-08-06 04:55:00,2021-08-06 05:00:00,2021-08-06 07:00:00,-1,24
167990,167991,168015,2021-08-06 07:10:00,2021-08-06 07:15:00,2021-08-06 09:15:00,-1,24
168030,168031,168055,2021-08-06 10:30:00,2021-08-06 10:35:00,2021-08-06 12:35:00,-1,24
168057,168058,168082,2021-08-06 12:45:00,2021-08-06 12:50:00,2021-08-06 14:50:00,-1,24
168083,168084,168108,2021-08-06 14:55:00,2021-08-06 15:00:00,2021-08-06 17:00:00,-1,24
168123,168124,168148,2021-08-06 18:15:00,2021-08-06 18:20:00,2021-08-06 20:20:00,-1,24
168151,168152,168176,2021-08-06 20:35:00,2021-08-06 20:40:00,2021-08-06 22:40:00,1,24
168175,168176,168200,2021-08-06 22:35:00,2021-08-06 22:40:00,2021-08-07 00:40:00,-1,24
168226,168227,168251,2021-08-07 02:50:00,2021-08-07 02:55:00,2021-08-07 04:55:00,-1,24
168252,168253,168277,2021-08-07 05:00:00,2021-08-07 05:05:00,2021-08-07 07:05:00,-1,24
168280,168281,168305,2021-08-07 07:20:00,2021-08-07 07:25:00,2021-08-07 09:25:00,-1,24
168320,168321,168345,2021-08-07 10:40:00,2021-08-07 10:45:00,2021-08-07 12:45:00,1,24
168369,168370,168394,2021-08-07 14:45:00,2021-08-07 14:50:00,2021-08-07 16:50:00,-1,24
168406,168407,168431,2021-08-07 17:50:00,2021-08-07 17:55:00,2021-08-07 19:55:00,1,24
168437,168438,168462,2021-08-07 20:25:00,2021-08-07 20:30:00,2021-08-07 22:30:00,1,24
168470,168471,168495,2021-08-07 23:10:00,2021-08-07 23:15:00,2021-08-08 01:15:00,1,24
168494,168495,168519,2021-08-08 01:10:00,2021-08-08 01:15:00,2021-08-08 03:15:00,-1,24
168531,168532,168556,2021-08-08 04:15:00,2021-08-08 04:20:00,2021-08-08 06:20:00,1,24
168585,168586,168610,2021-08-08 08:45:00,2021-08-08 08:50:00,2021-08-08 10:50:00,-1,24
168614,168615,168639,2021-08-08 11:10:00,2021-08-08 11:15:00,2021-08-08 13:15:00,1,24
168687,168688,168712,2021-08-08 17:15:00,2021-08-08 17:20:00,2021-08-08 19:20:00,-1,24
168726,168727,168751,2021-08-08 20:30:00,2021-08-08 20:35:00,2021-08-08 22:35:00,-1,24
168756,168757,168781,2021-08-08 23:00:00,2021-08-08 23:05:00,2021-08-09 01:05:00,1,24
168785,168786,168810,2021-08-09 01:25:00,2021-08-09 01:30:00,2021-08-09 03:30:00,-1,24
168809,168810,168834,2021-08-09 03:25:00,2021-08-09 03:30:00,2021-08-09 05:30:00,1,24
168833,168834,168858,2021-08-09 05:25:00,2021-08-09 05:30:00,2021-08-09 07:30:00,1,24
168869,168870,168894,2021-08-09 08:25:00,2021-08-09 08:30:00,2021-08-09 10:30:00,-1,24
168976,168977,169001,2021-08-09 17:20:00,2021-08-09 17:25:00,2021-08-09 19:25:00,1,24
169004,169005,169029,2021-08-09 19:40:00,2021-08-09 19:45:00,2021-08-09 21:45:00,1,24
169029,169030,169054,2021-08-09 21:45:00,2021-08-09 21:50:00,2021-08-09 23:50:00,1,24
169066,169067,169091,2021-08-10 00:50:00,2021-08-10 00:55:00,2021-08-10 02:55:00,-1,24
169100,169101,169125,2021-08-10 03:40:00,2021-08-10 03:45:00,2021-08-10 05:45:00,-1,24
169132,169133,169157,2021-08-10 06:20:00,2021-08-10 06:25:00,2021-08-10 08:25:00,1,24
169160,169161,169185,2021-08-10 08:40:00,2021-08-10 08:45:00,2021-08-10 10:45:00,-1,24
169194,169195,169219,2021-08-10 11:30:00,2021-08-10 11:35:00,2021-08-10 13:35:00,1,24
169275,169276,169300,2021-08-10 18:15:00,2021-08-10 18:20:00,2021-08-10 20:20:00,-1,24
169301,169302,169326,2021-08-10 20:25:00,2021-08-10 20:30:00,2021-08-10 22:30:00,1,24
169325,169326,169350,2021-08-10 22:25:00,2021-08-10 22:30:00,2021-08-11 00:30:00,1,24
169357,169358,169382,2021-08-11 01:05:00,2021-08-11 01:10:00,2021-08-11 03:10:00,1,24
169389,169390,169414,2021-08-11 03:45:00,2021-08-11 03:50:00,2021-08-11 05:50:00,1,24
169418,169419,169443,2021-08-11 06:10:00,2021-08-11 06:15:00,2021-08-11 08:15:00,1,24
169446,169447,169471,2021-08-11 08:30:00,2021-08-11 08:35:00,2021-08-11 10:35:00,1,24
169493,169494,169518,2021-08-11 12:25:00,2021-08-11 12:30:00,2021-08-11 14:30:00,1,24
169531,169532,169556,2021-08-11 15:35:00,2021-08-11 15:40:00,2021-08-11 17:40:00,-1,24
169557,169558,169582,2021-08-11 17:45:00,2021-08-11 17:50:00,2021-08-11 19:50:00,-1,24
169588,169589,169613,2021-08-11 20:20:00,2021-08-11 20:25:00,2021-08-11 22:25:00,1,24
169620,169621,169645,2021-08-11 23:00:00,2021-08-11 23:05:00,2021-08-12 01:05:00,-1,24
169654,169655,169679,2021-08-12 01:50:00,2021-08-12 01:55:00,2021-08-12 03:55:00,-1,24
169686,169687,169711,2021-08-12 04:30:00,2021-08-12 04:35:00,2021-08-12 06:35:00,-1,24
169723,169724,169748,2021-08-12 07:35:00,2021-08-12 07:40:00,2021-08-12 09:40:00,-1,24
169758,169759,169783,2021-08-12 10:30:00,2021-08-12 10:35:00,2021-08-12 12:35:00,1,24
169815,169816,169840,2021-08-12 15:15:00,2021-08-12 15:20:00,2021-08-12 17:20:00,-1,24
169845,169846,169870,2021-08-12 17:45:00,2021-08-12 17:50:00,2021-08-12 19:50:00,1,24
169869,169870,169894,2021-08-12 19:45:00,2021-08-12 19:50:00,2021-08-12 21:50:00,-1,24
169895,169896,169920,2021-08-12 21:55:00,2021-08-12 22:00:00,2021-08-13 00:00:00,-1,24
169920,169921,169945,2021-08-13 00:00:00,2021-08-13 00:05:00,2021-08-13 02:05:00,-1,24
169965,169966,169990,2021-08-13 03:45:00,2021-08-13 03:50:00,2021-08-13 05:50:00,1,24
169994,169995,170019,2021-08-13 06:10:00,2021-08-13 06:15:00,2021-08-13 08:15:00,-1,24
170024,170025,170049,2021-08-13 08:40:00,2021-08-13 08:45:00,2021-08-13 10:45:00,1,24
170054,170055,170079,2021-08-13 11:10:00,2021-08-13 11:15:00,2021-08-13 13:15:00,1,24
170091,170092,170116,2021-08-13 14:15:00,2021-08-13 14:20:00,2021-08-13 16:20:00,-1,24
170119,170120,170144,2021-08-13 16:35:00,2021-08-13 16:40:00,2021-08-13 18:40:00,1,24
170155,170156,170180,2021-08-13 19:35:00,2021-08-13 19:40:00,2021-08-13 21:40:00,1,24
170187,170188,170212,2021-08-13 22:15:00,2021-08-13 22:20:00,2021-08-14 00:20:00,1,24
170211,170212,170236,2021-08-14 00:15:00,2021-08-14 00:20:00,2021-08-14 02:20:00,1,24
170237,170238,170262,2021-08-14 02:25:00,2021-08-14 02:30:00,2021-08-14 04:30:00,1,24
170274,170275,170299,2021-08-14 05:30:00,2021-08-14 05:35:00,2021-08-14 07:35:00,-1,24
170316,170317,170341,2021-08-14 09:00:00,2021-08-14 09:05:00,2021-08-14 11:05:00,-1,24
170350,170351,170375,2021-08-14 11:50:00,2021-08-14 11:55:00,2021-08-14 13:55:00,-1,24
170376,170377,170401,2021-08-14 14:00:00,2021-08-14 14:05:00,2021-08-14 16:05:00,-1,24
170412,170413,170437,2021-08-14 17:00:00,2021-08-14 17:05:00,2021-08-14 19:05:00,-1,24
170436,170437,170461,2021-08-14 19:00:00,2021-08-14 19:05:00,2021-08-14 21:05:00,-1,24
170473,170474,170498,2021-08-14 22:05:00,2021-08-14 22:10:00,2021-08-15 00:10:00,1,24
170504,170505,170529,2021-08-15 00:40:00,2021-08-15 00:45:00,2021-08-15 02:45:00,1,24
170531,170532,170556,2021-08-15 02:55:00,2021-08-15 03:00:00,2021-08-15 05:00:00,1,24
170557,170558,170582,2021-08-15 05:05:00,2021-08-15 05:10:00,2021-08-15 07:10:00,-1,24
170617,170618,170642,2021-08-15 10:05:00,2021-08-15 10:10:00,2021-08-15 12:10:00,-1,24
170642,170643,170667,2021-08-15 12:10:00,2021-08-15 12:15:00,2021-08-15 14:15:00,1,24
170669,170670,170694,2021-08-15 14:25:00,2021-08-15 14:30:00,2021-08-15 16:30:00,-1,24
170693,170694,170718,2021-08-15 16:25:00,2021-08-15 16:30:00,2021-08-15 18:30:00,-1,24
170728,170729,170753,2021-08-15 19:20:00,2021-08-15 19:25:00,2021-08-15 21:25:00,-1,24
170753,170754,170778,2021-08-15 21:25:00,2021-08-15 21:30:00,2021-08-15 23:30:00,1,24
170779,170780,170804,2021-08-15 23:35:00,2021-08-15 23:40:00,2021-08-16 01:40:00,1,24
170803,170804,170828,2021-08-16 01:35:00,2021-08-16 01:40:00,2021-08-16 03:40:00,1,24
170828,170829,170853,2021-08-16 03:40:00,2021-08-16 03:45:00,2021-08-16 05:45:00,1,24
170852,170853,170877,2021-08-16 05:40:00,2021-08-16 05:45:00,2021-08-16 07:45:00,-1,24
170877,170878,170902,2021-08-16 07:45:00,2021-08-16 07:50:00,2021-08-16 09:50:00,1,24
170905,170906,170930,2021-08-16 10:05:00,2021-08-16 10:10:00,2021-08-16 12:10:00,1,24
170938,170939,170963,2021-08-16 12:50:00,2021-08-16 12:55:00,2021-08-16 14:55:00,-1,24
170974,170975,170999,2021-08-16 15:50:00,2021-08-16 15:55:00,2021-08-16 17:55:00,-1,24
171009,171010,171034,2021-08-16 18:45:00,2021-08-16 18:50:00,2021-08-16 20:50:00,-1,24
171057,171058,171082,2021-08-16 22:45:00,2021-08-16 22:50:00,2021-08-17 00:50:00,1,24
171083,171084,171108,2021-08-17 00:55:00,2021-08-17 01:00:00,2021-08-17 03:00:00,1,24
171112,171113,171137,2021-08-17 03:20:00,2021-08-17 03:25:00,2021-08-17 05:25:00,-1,24
171148,171149,171173,2021-08-17 06:20:00,2021-08-17 06:25:00,2021-08-17 08:25:00,1,24
171178,171179,171203,2021-08-17 08:50:00,2021-08-17 08:55:00,2021-08-17 10:55:00,1,24
171202,171203,171227,2021-08-17 10:50:00,2021-08-17 10:55:00,2021-08-17 12:55:00,1,24
171227,171228,171252,2021-08-17 12:55:00,2021-08-17 13:00:00,2021-08-17 15:00:00,-1,24
171293,171294,171318,2021-08-17 18:25:00,2021-08-17 18:30:00,2021-08-17 20:30:00,-1,24
171356,171357,171381,2021-08-17 23:40:00,2021-08-17 23:45:00,2021-08-18 01:45:00,-1,24
171382,171383,171407,2021-08-18 01:50:00,2021-08-18 01:55:00,2021-08-18 03:55:00,-1,24
171418,171419,171443,2021-08-18 04:50:00,2021-08-18 04:55:00,2021-08-18 06:55:00,-1,24
171449,171450,171474,2021-08-18 07:25:00,2021-08-18 07:30:00,2021-08-18 09:30:00,-1,24
171474,171475,171499,2021-08-18 09:30:00,2021-08-18 09:35:00,2021-08-18 11:35:00,-1,24
171520,171521,171545,2021-08-18 13:20:00,2021-08-18 13:25:00,2021-08-18 15:25:00,1,24
171545,171546,171570,2021-08-18 15:25:00,2021-08-18 15:30:00,2021-08-18 17:30:00,-1,24
171581,171582,171606,2021-08-18 18:25:00,2021-08-18 18:30:00,2021-08-18 20:30:00,1,24
171617,171618,171642,2021-08-18 21:25:00,2021-08-18 21:30:00,2021-08-18 23:30:00,-1,24
171646,171647,171671,2021-08-18 23:50:00,2021-08-18 23:55:00,2021-08-19 01:55:00,1,24
171680,171681,171705,2021-08-19 02:40:00,2021-08-19 02:45:00,2021-08-19 04:45:00,1,24
171704,171705,171729,2021-08-19 04:40:00,2021-08-19 04:45:00,2021-08-19 06:45:00,1,24
171732,171733,171757,2021-08-19 07:00:00,2021-08-19 07:05:00,2021-08-19 09:05:00,-1,24
171766,171767,171791,2021-08-19 09:50:00,2021-08-19 09:55:00,2021-08-19 11:55:00,1,24
171837,171838,171862,2021-08-19 15:45:00,2021-08-19 15:50:00,2021-08-19 17:50:00,1,24
171862,171863,171887,2021-08-19 17:50:00,2021-08-19 17:55:00,2021-08-19 19:55:00,-1,24
171906,171907,171931,2021-08-19 21:30:00,2021-08-19 21:35:00,2021-08-19 23:35:00,-1,24
171932,171933,171957,2021-08-19 23:40:00,2021-08-19 23:45:00,2021-08-20 01:45:00,1,24
171957,171958,171982,2021-08-20 01:45:00,2021-08-20 01:50:00,2021-08-20 03:50:00,1,24
171988,171989,172013,2021-08-20 04:20:00,2021-08-20 04:25:00,2021-08-20 06:25:00,1,24
172012,172013,172037,2021-08-20 06:20:00,2021-08-20 06:25:00,2021-08-20 08:25:00,1,24
172058,172059,172083,2021-08-20 10:10:00,2021-08-20 10:15:00,2021-08-20 12:15:00,1,24
172095,172096,172120,2021-08-20 13:15:00,2021-08-20 13:20:00,2021-08-20 15:20:00,1,24
172144,172145,172169,2021-08-20 17:20:00,2021-08-20 17:25:00,2021-08-20 19:25:00,1,24
172178,172179,172203,2021-08-20 20:10:00,2021-08-20 20:15:00,2021-08-20 22:15:00,-1,24
172214,172215,172239,2021-08-20 23:10:00,2021-08-20 23:15:00,2021-08-21 01:15:00,-1,24
172247,172248,172272,2021-08-21 01:55:00,2021-08-21 02:00:00,2021-08-21 04:00:00,-1,24
172277,172278,172302,2021-08-21 04:25:00,2021-08-21 04:30:00,2021-08-21 06:30:00,-1,24
172307,172308,172332,2021-08-21 06:55:00,2021-08-21 07:00:00,2021-08-21 09:00:00,1,24
172331,172332,172356,2021-08-21 08:55:00,2021-08-21 09:00:00,2021-08-21 11:00:00,1,24
172366,172367,172391,2021-08-21 11:50:00,2021-08-21 11:55:00,2021-08-21 13:55:00,1,24
172402,172403,172427,2021-08-21 14:50:00,2021-08-21 14:55:00,2021-08-21 16:55:00,1,24
172436,172437,172461,2021-08-21 17:40:00,2021-08-21 17:45:00,2021-08-21 19:45:00,1,24
172469,172470,172494,2021-08-21 20:25:00,2021-08-21 20:30:00,2021-08-21 22:30:00,-1,24
172493,172494,172518,2021-08-21 22:25:00,2021-08-21 22:30:00,2021-08-22 00:30:00,1,24
172522,172523,172547,2021-08-22 00:50:00,2021-08-22 00:55:00,2021-08-22 02:55:00,1,24
172549,172550,172574,2021-08-22 03:05:00,2021-08-22 03:10:00,2021-08-22 05:10:00,-1,24
172574,172575,172599,2021-08-22 05:10:00,2021-08-22 05:15:00,2021-08-22 07:15:00,-1,24
172600,172601,172625,2021-08-22 07:20:00,2021-08-22 07:25:00,2021-08-22 09:25:00,-1,24
172626,172627,172651,2021-08-22 09:30:00,2021-08-22 09:35:00,2021-08-22 11:35:00,-1,24
172650,172651,172675,2021-08-22 11:30:00,2021-08-22 11:35:00,2021-08-22 13:35:00,1,24
172724,172725,172749,2021-08-22 17:40:00,2021-08-22 17:45:00,2021-08-22 19:45:00,1,24
172771,172772,172796,2021-08-22 21:35:00,2021-08-22 21:40:00,2021-08-22 23:40:00,-1,24
172797,172798,172822,2021-08-22 23:45:00,2021-08-22 23:50:00,2021-08-23 01:50:00,-1,24
172825,172826,172850,2021-08-23 02:05:00,2021-08-23 02:10:00,2021-08-23 04:10:00,1,24
172861,172862,172886,2021-08-23 05:05:00,2021-08-23 05:10:00,2021-08-23 07:10:00,1,24
172889,172890,172914,2021-08-23 07:25:00,2021-08-23 07:30:00,2021-08-23 09:30:00,1,24
172915,172916,172940,2021-08-23 09:35:00,2021-08-23 09:40:00,2021-08-23 11:40:00,-1,24
172939,172940,172964,2021-08-23 11:35:00,2021-08-23 11:40:00,2021-08-23 13:40:00,1,24
172966,172967,172991,2021-08-23 13:50:00,2021-08-23 13:55:00,2021-08-23 15:55:00,1,24
172995,172996,173020,2021-08-23 16:15:00,2021-08-23 16:20:00,2021-08-23 18:20:00,-1,24
173020,173021,173045,2021-08-23 18:20:00,2021-08-23 18:25:00,2021-08-23 20:25:00,-1,24
173045,173046,173070,2021-08-23 20:25:00,2021-08-23 20:30:00,2021-08-23 22:30:00,1,24
173069,173070,173094,2021-08-23 22:25:00,2021-08-23 22:30:00,2021-08-24 00:30:00,-1,24
173111,173112,173136,2021-08-24 01:55:00,2021-08-24 02:00:00,2021-08-24 04:00:00,1,24
173136,173137,173161,2021-08-24 04:00:00,2021-08-24 04:05:00,2021-08-24 06:05:00,1,24
173162,173163,173187,2021-08-24 06:10:00,2021-08-24 06:15:00,2021-08-24 08:15:00,-1,24
173186,173187,173211,2021-08-24 08:10:00,2021-08-24 08:15:00,2021-08-24 10:15:00,1,24
173238,173239,173263,2021-08-24 12:30:00,2021-08-24 12:35:00,2021-08-24 14:35:00,-1,24
173276,173277,173301,2021-08-24 15:40:00,2021-08-24 15:45:00,2021-08-24 17:45:00,-1,24
173314,173315,173339,2021-08-24 18:50:00,2021-08-24 18:55:00,2021-08-24 20:55:00,1,24
173339,173340,173364,2021-08-24 20:55:00,2021-08-24 21:00:00,2021-08-24 23:00:00,-1,24
173365,173366,173390,2021-08-24 23:05:00,2021-08-24 23:10:00,2021-08-25 01:10:00,1,24
173390,173391,173415,2021-08-25 01:10:00,2021-08-25 01:15:00,2021-08-25 03:15:00,-1,24
173418,173419,173443,2021-08-25 03:30:00,2021-08-25 03:35:00,2021-08-25 05:35:00,1,24
173444,173445,173469,2021-08-25 05:40:00,2021-08-25 05:45:00,2021-08-25 07:45:00,1,24
173494,173495,173519,2021-08-25 09:50:00,2021-08-25 09:55:00,2021-08-25 11:55:00,-1,24
173519,173520,173544,2021-08-25 11:55:00,2021-08-25 12:00:00,2021-08-25 14:00:00,-1,24
173563,173564,173588,2021-08-25 15:35:00,2021-08-25 15:40:00,2021-08-25 17:40:00,1,24
173595,173596,173620,2021-08-25 18:15:00,2021-08-25 18:20:00,2021-08-25 20:20:00,1,24
173619,173620,173644,2021-08-25 20:15:00,2021-08-25 20:20:00,2021-08-25 22:20:00,1,24
173646,173647,173671,2021-08-25 22:30:00,2021-08-25 22:35:00,2021-08-26 00:35:00,-1,24
173678,173679,173703,2021-08-26 01:10:00,2021-08-26 01:15:00,2021-08-26 03:15:00,-1,24
173737,173738,173762,2021-08-26 06:05:00,2021-08-26 06:10:00,2021-08-26 08:10:00,-1,24
173771,173772,173796,2021-08-26 08:55:00,2021-08-26 09:00:00,2021-08-26 11:00:00,-1,24
173835,173836,173860,2021-08-26 14:15:00,2021-08-26 14:20:00,2021-08-26 16:20:00,1,24
173870,173871,173895,2021-08-26 17:10:00,2021-08-26 17:15:00,2021-08-26 19:15:00,-1,24
173896,173897,173921,2021-08-26 19:20:00,2021-08-26 19:25:00,2021-08-26 21:25:00,-1,24
173924,173925,173949,2021-08-26 21:40:00,2021-08-26 21:45:00,2021-08-26 23:45:00,-1,24
173948,173949,173973,2021-08-26 23:40:00,2021-08-26 23:45:00,2021-08-27 01:45:00,1,24
173972,173973,173997,2021-08-27 01:40:00,2021-08-27 01:45:00,2021-08-27 03:45:00,1,24
174012,174013,174037,2021-08-27 05:00:00,2021-08-27 05:05:00,2021-08-27 07:05:00,-1,24
174045,174046,174070,2021-08-27 07:45:00,2021-08-27 07:50:00,2021-08-27 09:50:00,-1,24
174076,174077,174101,2021-08-27 10:20:00,2021-08-27 10:25:00,2021-08-27 12:25:00,1,24
174103,174104,174128,2021-08-27 12:35:00,2021-08-27 12:40:00,2021-08-27 14:40:00,-1,24
174141,174142,174166,2021-08-27 15:45:00,2021-08-27 15:50:00,2021-08-27 17:50:00,1,24
174165,174166,174190,2021-08-27 17:45:00,2021-08-27 17:50:00,2021-08-27 19:50:00,1,24
174212,174213,174237,2021-08-27 21:40:00,2021-08-27 21:45:00,2021-08-27 23:45:00,1,24
174237,174238,174262,2021-08-27 23:45:00,2021-08-27 23:50:00,2021-08-28 01:50:00,-1,24
174264,174265,174289,2021-08-28 02:00:00,2021-08-28 02:05:00,2021-08-28 04:05:00,1,24
174288,174289,174313,2021-08-28 04:00:00,2021-08-28 04:05:00,2021-08-28 06:05:00,-1,24
174320,174321,174345,2021-08-28 06:40:00,2021-08-28 06:45:00,2021-08-28 08:45:00,1,24
174350,174351,174375,2021-08-28 09:10:00,2021-08-28 09:15:00,2021-08-28 11:15:00,1,24
174384,174385,174409,2021-08-28 12:00:00,2021-08-28 12:05:00,2021-08-28 14:05:00,1,24
174423,174424,174448,2021-08-28 15:15:00,2021-08-28 15:20:00,2021-08-28 17:20:00,1,24
174451,174452,174476,2021-08-28 17:35:00,2021-08-28 17:40:00,2021-08-28 19:40:00,1,24
174481,174482,174506,2021-08-28 20:05:00,2021-08-28 20:10:00,2021-08-28 22:10:00,-1,24
174508,174509,174533,2021-08-28 22:20:00,2021-08-28 22:25:00,2021-08-29 00:25:00,1,24
174536,174537,174561,2021-08-29 00:40:00,2021-08-29 00:45:00,2021-08-29 02:45:00,1,24
174574,174575,174599,2021-08-29 03:50:00,2021-08-29 03:55:00,2021-08-29 05:55:00,-1,24
174608,174609,174633,2021-08-29 06:40:00,2021-08-29 06:45:00,2021-08-29 08:45:00,1,24
174651,174652,174676,2021-08-29 10:15:00,2021-08-29 10:20:00,2021-08-29 12:20:00,-1,24
174678,174679,174703,2021-08-29 12:30:00,2021-08-29 12:35:00,2021-08-29 14:35:00,-1,24
174727,174728,174752,2021-08-29 16:35:00,2021-08-29 16:40:00,2021-08-29 18:40:00,1,24
174752,174753,174777,2021-08-29 18:40:00,2021-08-29 18:45:00,2021-08-29 20:45:00,1,24
174805,174806,174830,2021-08-29 23:05:00,2021-08-29 23:10:00,2021-08-30 01:10:00,1,24
174838,174839,174863,2021-08-30 01:50:00,2021-08-30 01:55:00,2021-08-30 03:55:00,1,24
174883,174884,174908,2021-08-30 05:35:00,2021-08-30 05:40:00,2021-08-30 07:40:00,-1,24
174928,174929,174953,2021-08-30 09:20:00,2021-08-30 09:25:00,2021-08-30 11:25:00,1,24
174980,174981,175005,2021-08-30 13:40:00,2021-08-30 13:45:00,2021-08-30 15:45:00,1,24
175014,175015,175039,2021-08-30 16:30:00,2021-08-30 16:35:00,2021-08-30 18:35:00,1,24
175048,175049,175073,2021-08-30 19:20:00,2021-08-30 19:25:00,2021-08-30 21:25:00,-1,24
175077,175078,175102,2021-08-30 21:45:00,2021-08-30 21:50:00,2021-08-30 23:50:00,1,24
175126,175127,175151,2021-08-31 01:50:00,2021-08-31 01:55:00,2021-08-31 03:55:00,-1,24
175157,175158,175182,2021-08-31 04:25:00,2021-08-31 04:30:00,2021-08-31 06:30:00,-1,24
175181,175182,175206,2021-08-31 06:25:00,2021-08-31 06:30:00,2021-08-31 08:30:00,1,24
175213,175214,175238,2021-08-31 09:05:00,2021-08-31 09:10:00,2021-08-31 11:10:00,1,24
175239,175240,175264,2021-08-31 11:15:00,2021-08-31 11:20:00,2021-08-31 13:20:00,-1,24
175300,175301,175325,2021-08-31 16:20:00,2021-08-31 16:25:00,2021-08-31 18:25:00,-1,24
175324,175325,175349,2021-08-31 18:20:00,2021-08-31 18:25:00,2021-08-31 20:25:00,-1,24
175358,175359,175383,2021-08-31 21:10:00,2021-08-31 21:15:00,2021-08-31 23:15:00,-1,24
175385,175386,175410,2021-08-31 23:25:00,2021-08-31 23:30:00,2021-09-01 01:30:00,-1,24
175409,175410,175434,2021-09-01 01:25:00,2021-09-01 01:30:00,2021-09-01 03:30:00,-1,24
175433,175434,175458,2021-09-01 03:25:00,2021-09-01 03:30:00,2021-09-01 05:30:00,1,24
175466,175467,175491,2021-09-01 06:10:00,2021-09-01 06:15:00,2021-09-01 08:15:00,1,24
175494,175495,175519,2021-09-01 08:30:00,2021-09-01 08:35:00,2021-09-01 10:35:00,-1,24
175524,175525,175549,2021-09-01 11:00:00,2021-09-01 11:05:00,2021-09-01 13:05:00,-1,24
175562,175563,175587,2021-09-01 14:10:00,2021-09-01 14:15:00,2021-09-01 16:15:00,-1,24
175589,175590,175614,2021-09-01 16:25:00,2021-09-01 16:30:00,2021-09-01 18:30:00,-1,24
175624,175625,175649,2021-09-01 19:20:00,2021-09-01 19:25:00,2021-09-01 21:25:00,1,24
175650,175651,175675,2021-09-01 21:30:00,2021-09-01 21:35:00,2021-09-01 23:35:00,-1,24
175737,175738,175762,2021-09-02 04:45:00,2021-09-02 04:50:00,2021-09-02 06:50:00,-1,24
175763,175764,175788,2021-09-02 06:55:00,2021-09-02 07:00:00,2021-09-02 09:00:00,1,24
175832,175833,175857,2021-09-02 12:40:00,2021-09-02 12:45:00,2021-09-02 14:45:00,-1,24
175866,175867,175891,2021-09-02 15:30:00,2021-09-02 15:35:00,2021-09-02 17:35:00,1,24
175890,175891,175915,2021-09-02 17:30:00,2021-09-02 17:35:00,2021-09-02 19:35:00,-1,24
175915,175916,175940,2021-09-02 19:35:00,2021-09-02 19:40:00,2021-09-02 21:40:00,1,24
175950,175951,175975,2021-09-02 22:30:00,2021-09-02 22:35:00,2021-09-03 00:35:00,-1,24
175983,175984,176008,2021-09-03 01:15:00,2021-09-03 01:20:00,2021-09-03 03:20:00,-1,24
176007,176008,176032,2021-09-03 03:15:00,2021-09-03 03:20:00,2021-09-03 05:20:00,1,24
176035,176036,176060,2021-09-03 05:35:00,2021-09-03 05:40:00,2021-09-03 07:40:00,1,24
176081,176082,176106,2021-09-03 09:25:00,2021-09-03 09:30:00,2021-09-03 11:30:00,1,24
176111,176112,176136,2021-09-03 11:55:00,2021-09-03 12:00:00,2021-09-03 14:00:00,1,24
176170,176171,176195,2021-09-03 16:50:00,2021-09-03 16:55:00,2021-09-03 18:55:00,-1,24
176197,176198,176222,2021-09-03 19:05:00,2021-09-03 19:10:00,2021-09-03 21:10:00,-1,24
176222,176223,176247,2021-09-03 21:10:00,2021-09-03 21:15:00,2021-09-03 23:15:00,1,24
176252,176253,176277,2021-09-03 23:40:00,2021-09-03 23:45:00,2021-09-04 01:45:00,-1,24
176276,176277,176301,2021-09-04 01:40:00,2021-09-04 01:45:00,2021-09-04 03:45:00,-1,24
176301,176302,176326,2021-09-04 03:45:00,2021-09-04 03:50:00,2021-09-04 05:50:00,1,24
176325,176326,176350,2021-09-04 05:45:00,2021-09-04 05:50:00,2021-09-04 07:50:00,1,24
176351,176352,176376,2021-09-04 07:55:00,2021-09-04 08:00:00,2021-09-04 10:00:00,-1,24
176382,176383,176407,2021-09-04 10:30:00,2021-09-04 10:35:00,2021-09-04 12:35:00,-1,24
176408,176409,176433,2021-09-04 12:40:00,2021-09-04 12:45:00,2021-09-04 14:45:00,1,24
176432,176433,176457,2021-09-04 14:40:00,2021-09-04 14:45:00,2021-09-04 16:45:00,1,24
176456,176457,176481,2021-09-04 16:40:00,2021-09-04 16:45:00,2021-09-04 18:45:00,-1,24
176480,176481,176505,2021-09-04 18:40:00,2021-09-04 18:45:00,2021-09-04 20:45:00,-1,24
176506,176507,176531,2021-09-04 20:50:00,2021-09-04 20:55:00,2021-09-04 22:55:00,-1,24
176534,176535,176559,2021-09-04 23:10:00,2021-09-04 23:15:00,2021-09-05 01:15:00,-1,24
176563,176564,176588,2021-09-05 01:35:00,2021-09-05 01:40:00,2021-09-05 03:40:00,-1,24
176587,176588,176612,2021-09-05 03:35:00,2021-09-05 03:40:00,2021-09-05 05:40:00,-1,24
176631,176632,176656,2021-09-05 07:15:00,2021-09-05 07:20:00,2021-09-05 09:20:00,1,24
176675,176676,176700,2021-09-05 10:55:00,2021-09-05 11:00:00,2021-09-05 13:00:00,1,24
176701,176702,176726,2021-09-05 13:05:00,2021-09-05 13:10:00,2021-09-05 15:10:00,1,24
176730,176731,176755,2021-09-05 15:30:00,2021-09-05 15:35:00,2021-09-05 17:35:00,1,24
176759,176760,176784,2021-09-05 17:55:00,2021-09-05 18:00:00,2021-09-05 20:00:00,1,24
176808,176809,176833,2021-09-05 22:00:00,2021-09-05 22:05:00,2021-09-06 00:05:00,1,24
176857,176858,176882,2021-09-06 02:05:00,2021-09-06 02:10:00,2021-09-06 04:10:00,-1,24
176884,176885,176909,2021-09-06 04:20:00,2021-09-06 04:25:00,2021-09-06 06:25:00,-1,24
176910,176911,176935,2021-09-06 06:30:00,2021-09-06 06:35:00,2021-09-06 08:35:00,-1,24
176945,176946,176970,2021-09-06 09:25:00,2021-09-06 09:30:00,2021-09-06 11:30:00,-1,24
176985,176986,177010,2021-09-06 12:45:00,2021-09-06 12:50:00,2021-09-06 14:50:00,1,24
177015,177016,177040,2021-09-06 15:15:00,2021-09-06 15:20:00,2021-09-06 17:20:00,1,24
177040,177041,177065,2021-09-06 17:20:00,2021-09-06 17:25:00,2021-09-06 19:25:00,1,24
177078,177079,177103,2021-09-06 20:30:00,2021-09-06 20:35:00,2021-09-06 22:35:00,-1,24
177125,177126,177150,2021-09-07 00:25:00,2021-09-07 00:30:00,2021-09-07 02:30:00,-1,24
177167,177168,177192,2021-09-07 03:55:00,2021-09-07 04:00:00,2021-09-07 06:00:00,-1,24
177192,177193,177217,2021-09-07 06:00:00,2021-09-07 06:05:00,2021-09-07 08:05:00,1,24
177229,177230,177254,2021-09-07 09:05:00,2021-09-07 09:10:00,2021-09-07 11:10:00,1,24
177268,177269,177293,2021-09-07 12:20:00,2021-09-07 12:25:00,2021-09-07 14:25:00,1,24
177393,177394,177418,2021-09-07 22:45:00,2021-09-07 22:50:00,2021-09-08 00:50:00,-1,24
177419,177420,177444,2021-09-08 00:55:00,2021-09-08 01:00:00,2021-09-08 03:00:00,1,24
177443,177444,177468,2021-09-08 02:55:00,2021-09-08 03:00:00,2021-09-08 05:00:00,-1,24
177473,177474,177498,2021-09-08 05:25:00,2021-09-08 05:30:00,2021-09-08 07:30:00,1,24
177583,177584,177608,2021-09-08 14:35:00,2021-09-08 14:40:00,2021-09-08 16:40:00,1,24
177627,177628,177652,2021-09-08 18:15:00,2021-09-08 18:20:00,2021-09-08 20:20:00,-1,24
177672,177673,177697,2021-09-08 22:00:00,2021-09-08 22:05:00,2021-09-09 00:05:00,-1,24
177702,177703,177727,2021-09-09 00:30:00,2021-09-09 00:35:00,2021-09-09 02:35:00,-1,24
177741,177742,177766,2021-09-09 03:45:00,2021-09-09 03:50:00,2021-09-09 05:50:00,1,24
177767,177768,177792,2021-09-09 05:55:00,2021-09-09 06:00:00,2021-09-09 08:00:00,-1,24
177804,177805,177829,2021-09-09 09:00:00,2021-09-09 09:05:00,2021-09-09 11:05:00,-1,24
177881,177882,177906,2021-09-09 15:25:00,2021-09-09 15:30:00,2021-09-09 17:30:00,1,24
177923,177924,177948,2021-09-09 18:55:00,2021-09-09 19:00:00,2021-09-09 21:00:00,1,24
177950,177951,177975,2021-09-09 21:10:00,2021-09-09 21:15:00,2021-09-09 23:15:00,-1,24
177975,177976,178000,2021-09-09 23:15:00,2021-09-09 23:20:00,2021-09-10 01:20:00,1,24
178000,178001,178025,2021-09-10 01:20:00,2021-09-10 01:25:00,2021-09-10 03:25:00,-1,24
178024,178025,178049,2021-09-10 03:20:00,2021-09-10 03:25:00,2021-09-10 05:25:00,-1,24
178052,178053,178077,2021-09-10 05:40:00,2021-09-10 05:45:00,2021-09-10 07:45:00,1,24
178093,178094,178118,2021-09-10 09:05:00,2021-09-10 09:10:00,2021-09-10 11:10:00,1,24
178117,178118,178142,2021-09-10 11:05:00,2021-09-10 11:10:00,2021-09-10 13:10:00,-1,24
178208,178209,178233,2021-09-10 18:40:00,2021-09-10 18:45:00,2021-09-10 20:45:00,-1,24
178250,178251,178275,2021-09-10 22:10:00,2021-09-10 22:15:00,2021-09-11 00:15:00,-1,24
178289,178290,178314,2021-09-11 01:25:00,2021-09-11 01:30:00,2021-09-11 03:30:00,1,24
178331,178332,178356,2021-09-11 04:55:00,2021-09-11 05:00:00,2021-09-11 07:00:00,1,24
178360,178361,178385,2021-09-11 07:20:00,2021-09-11 07:25:00,2021-09-11 09:25:00,-1,24
178387,178388,178412,2021-09-11 09:35:00,2021-09-11 09:40:00,2021-09-11 11:40:00,-1,24
178429,178430,178454,2021-09-11 13:05:00,2021-09-11 13:10:00,2021-09-11 15:10:00,1,24
178483,178484,178508,2021-09-11 17:35:00,2021-09-11 17:40:00,2021-09-11 19:40:00,-1,24
178521,178522,178546,2021-09-11 20:45:00,2021-09-11 20:50:00,2021-09-11 22:50:00,-1,24
178545,178546,178570,2021-09-11 22:45:00,2021-09-11 22:50:00,2021-09-12 00:50:00,-1,24
178573,178574,178598,2021-09-12 01:05:00,2021-09-12 01:10:00,2021-09-12 03:10:00,1,24
178609,178610,178634,2021-09-12 04:05:00,2021-09-12 04:10:00,2021-09-12 06:10:00,-1,24
178644,178645,178669,2021-09-12 07:00:00,2021-09-12 07:05:00,2021-09-12 09:05:00,-1,24
178693,178694,178718,2021-09-12 11:05:00,2021-09-12 11:10:00,2021-09-12 13:10:00,-1,24
178745,178746,178770,2021-09-12 15:25:00,2021-09-12 15:30:00,2021-09-12 17:30:00,1,24
178773,178774,178798,2021-09-12 17:45:00,2021-09-12 17:50:00,2021-09-12 19:50:00,1,24
178798,178799,178823,2021-09-12 19:50:00,2021-09-12 19:55:00,2021-09-12 21:55:00,-1,24
178831,178832,178856,2021-09-12 22:35:00,2021-09-12 22:40:00,2021-09-13 00:40:00,-1,24
178857,178858,178882,2021-09-13 00:45:00,2021-09-13 00:50:00,2021-09-13 02:50:00,-1,24
178881,178882,178906,2021-09-13 02:45:00,2021-09-13 02:50:00,2021-09-13 04:50:00,-1,24
178975,178976,179000,2021-09-13 10:35:00,2021-09-13 10:40:00,2021-09-13 12:40:00,-1,24
179042,179043,179067,2021-09-13 16:10:00,2021-09-13 16:15:00,2021-09-13 18:15:00,-1,24
179090,179091,179115,2021-09-13 20:10:00,2021-09-13 20:15:00,2021-09-13 22:15:00,1,24
179130,179131,179155,2021-09-13 23:30:00,2021-09-13 23:35:00,2021-09-14 01:35:00,-1,24
179159,179160,179184,2021-09-14 01:55:00,2021-09-14 02:00:00,2021-09-14 04:00:00,-1,24
179185,179186,179210,2021-09-14 04:05:00,2021-09-14 04:10:00,2021-09-14 06:10:00,-1,24
179215,179216,179240,2021-09-14 06:35:00,2021-09-14 06:40:00,2021-09-14 08:40:00,-1,24
179242,179243,179267,2021-09-14 08:50:00,2021-09-14 08:55:00,2021-09-14 10:55:00,-1,24
179278,179279,179303,2021-09-14 11:50:00,2021-09-14 11:55:00,2021-09-14 13:55:00,-1,24
179311,179312,179336,2021-09-14 14:35:00,2021-09-14 14:40:00,2021-09-14 16:40:00,-1,24
179369,179370,179394,2021-09-14 19:25:00,2021-09-14 19:30:00,2021-09-14 21:30:00,-1,24
179401,179402,179426,2021-09-14 22:05:00,2021-09-14 22:10:00,2021-09-15 00:10:00,1,24
179427,179428,179452,2021-09-15 00:15:00,2021-09-15 00:20:00,2021-09-15 02:20:00,-1,24
179452,179453,179477,2021-09-15 02:20:00,2021-09-15 02:25:00,2021-09-15 04:25:00,-1,24
179486,179487,179511,2021-09-15 05:10:00,2021-09-15 05:15:00,2021-09-15 07:15:00,1,24
179514,179515,179539,2021-09-15 07:30:00,2021-09-15 07:35:00,2021-09-15 09:35:00,-1,24
179552,179553,179577,2021-09-15 10:40:00,2021-09-15 10:45:00,2021-09-15 12:45:00,-1,24
179595,179596,179620,2021-09-15 14:15:00,2021-09-15 14:20:00,2021-09-15 16:20:00,1,24
179628,179629,179653,2021-09-15 17:00:00,2021-09-15 17:05:00,2021-09-15 19:05:00,-1,24
179655,179656,179680,2021-09-15 19:15:00,2021-09-15 19:20:00,2021-09-15 21:20:00,1,24
179679,179680,179704,2021-09-15 21:15:00,2021-09-15 21:20:00,2021-09-15 23:20:00,1,24
179709,179710,179734,2021-09-15 23:45:00,2021-09-15 23:50:00,2021-09-16 01:50:00,-1,24
179733,179734,179758,2021-09-16 01:45:00,2021-09-16 01:50:00,2021-09-16 03:50:00,-1,24
179764,179765,179789,2021-09-16 04:20:00,2021-09-16 04:25:00,2021-09-16 06:25:00,1,24
179788,179789,179813,2021-09-16 06:20:00,2021-09-16 06:25:00,2021-09-16 08:25:00,-1,24
179812,179813,179837,2021-09-16 08:20:00,2021-09-16 08:25:00,2021-09-16 10:25:00,1,24
179839,179840,179864,2021-09-16 10:35:00,2021-09-16 10:40:00,2021-09-16 12:40:00,-1,24
179869,179870,179894,2021-09-16 13:05:00,2021-09-16 13:10:00,2021-09-16 15:10:00,-1,24
179901,179902,179926,2021-09-16 15:45:00,2021-09-16 15:50:00,2021-09-16 17:50:00,-1,24
179930,179931,179955,2021-09-16 18:10:00,2021-09-16 18:15:00,2021-09-16 20:15:00,-1,24
179955,179956,179980,2021-09-16 20:15:00,2021-09-16 20:20:00,2021-09-16 22:20:00,1,24
179982,179983,180007,2021-09-16 22:30:00,2021-09-16 22:35:00,2021-09-17 00:35:00,-1,24
180007,180008,180032,2021-09-17 00:35:00,2021-09-17 00:40:00,2021-09-17 02:40:00,1,24
180032,180033,180057,2021-09-17 02:40:00,2021-09-17 02:45:00,2021-09-17 04:45:00,1,24
180056,180057,180081,2021-09-17 04:40:00,2021-09-17 04:45:00,2021-09-17 06:45:00,1,24
180089,180090,180114,2021-09-17 07:25:00,2021-09-17 07:30:00,2021-09-17 09:30:00,-1,24
180116,180117,180141,2021-09-17 09:40:00,2021-09-17 09:45:00,2021-09-17 11:45:00,-1,24
180151,180152,180176,2021-09-17 12:35:00,2021-09-17 12:40:00,2021-09-17 14:40:00,1,24
180183,180184,180208,2021-09-17 15:15:00,2021-09-17 15:20:00,2021-09-17 17:20:00,-1,24
180209,180210,180234,2021-09-17 17:25:00,2021-09-17 17:30:00,2021-09-17 19:30:00,-1,24
180237,180238,180262,2021-09-17 19:45:00,2021-09-17 19:50:00,2021-09-17 21:50:00,1,24
180272,180273,180297,2021-09-17 22:40:00,2021-09-17 22:45:00,2021-09-18 00:45:00,-1,24
180303,180304,180328,2021-09-18 01:15:00,2021-09-18 01:20:00,2021-09-18 03:20:00,1,24
180346,180347,180371,2021-09-18 04:50:00,2021-09-18 04:55:00,2021-09-18 06:55:00,1,24
180370,180371,180395,2021-09-18 06:50:00,2021-09-18 06:55:00,2021-09-18 08:55:00,1,24
180410,180411,180435,2021-09-18 10:10:00,2021-09-18 10:15:00,2021-09-18 12:15:00,-1,24
180436,180437,180461,2021-09-18 12:20:00,2021-09-18 12:25:00,2021-09-18 14:25:00,1,24
180463,180464,180488,2021-09-18 14:35:00,2021-09-18 14:40:00,2021-09-18 16:40:00,1,24
180507,180508,180532,2021-09-18 18:15:00,2021-09-18 18:20:00,2021-09-18 20:20:00,-1,24
180538,180539,180563,2021-09-18 20:50:00,2021-09-18 20:55:00,2021-09-18 22:55:00,1,24
180563,180564,180588,2021-09-18 22:55:00,2021-09-18 23:00:00,2021-09-19 01:00:00,-1,24
180590,180591,180615,2021-09-19 01:10:00,2021-09-19 01:15:00,2021-09-19 03:15:00,-1,24
180618,180619,180643,2021-09-19 03:30:00,2021-09-19 03:35:00,2021-09-19 05:35:00,1,24
180642,180643,180667,2021-09-19 05:30:00,2021-09-19 05:35:00,2021-09-19 07:35:00,1,24
180678,180679,180703,2021-09-19 08:30:00,2021-09-19 08:35:00,2021-09-19 10:35:00,-1,24
180704,180705,180729,2021-09-19 10:40:00,2021-09-19 10:45:00,2021-09-19 12:45:00,-1,24
180738,180739,180763,2021-09-19 13:30:00,2021-09-19 13:35:00,2021-09-19 15:35:00,-1,24
180762,180763,180787,2021-09-19 15:30:00,2021-09-19 15:35:00,2021-09-19 17:35:00,1,24
180788,180789,180813,2021-09-19 17:40:00,2021-09-19 17:45:00,2021-09-19 19:45:00,-1,24
180812,180813,180837,2021-09-19 19:40:00,2021-09-19 19:45:00,2021-09-19 21:45:00,-1,24
180839,180840,180864,2021-09-19 21:55:00,2021-09-19 22:00:00,2021-09-20 00:00:00,-1,24
180863,180864,180888,2021-09-19 23:55:00,2021-09-20 00:00:00,2021-09-20 02:00:00,-1,24
180887,180888,180912,2021-09-20 01:55:00,2021-09-20 02:00:00,2021-09-20 04:00:00,1,24
180918,180919,180943,2021-09-20 04:30:00,2021-09-20 04:35:00,2021-09-20 06:35:00,-1,24
180969,180970,180994,2021-09-20 08:45:00,2021-09-20 08:50:00,2021-09-20 10:50:00,1,24
181047,181048,181072,2021-09-20 15:15:00,2021-09-20 15:20:00,2021-09-20 17:20:00,1,24
181085,181086,181110,2021-09-20 18:25:00,2021-09-20 18:30:00,2021-09-20 20:30:00,-1,24
181111,181112,181136,2021-09-20 20:35:00,2021-09-20 20:40:00,2021-09-20 22:40:00,-1,24
181173,181174,181198,2021-09-21 01:45:00,2021-09-21 01:50:00,2021-09-21 03:50:00,1,24
181200,181201,181225,2021-09-21 04:00:00,2021-09-21 04:05:00,2021-09-21 06:05:00,-1,24
181228,181229,181253,2021-09-21 06:20:00,2021-09-21 06:25:00,2021-09-21 08:25:00,-1,24
181253,181254,181278,2021-09-21 08:25:00,2021-09-21 08:30:00,2021-09-21 10:30:00,-1,24
181283,181284,181308,2021-09-21 10:55:00,2021-09-21 11:00:00,2021-09-21 13:00:00,-1,24
181348,181349,181373,2021-09-21 16:20:00,2021-09-21 16:25:00,2021-09-21 18:25:00,-1,24
181384,181385,181409,2021-09-21 19:20:00,2021-09-21 19:25:00,2021-09-21 21:25:00,-1,24
181489,181490,181514,2021-09-22 04:05:00,2021-09-22 04:10:00,2021-09-22 06:10:00,-1,24
181538,181539,181563,2021-09-22 08:10:00,2021-09-22 08:15:00,2021-09-22 10:15:00,-1,24
181654,181655,181679,2021-09-22 17:50:00,2021-09-22 17:55:00,2021-09-22 19:55:00,1,24
181687,181688,181712,2021-09-22 20:35:00,2021-09-22 20:40:00,2021-09-22 22:40:00,1,24
181717,181718,181742,2021-09-22 23:05:00,2021-09-22 23:10:00,2021-09-23 01:10:00,1,24
181753,181754,181778,2021-09-23 02:05:00,2021-09-23 02:10:00,2021-09-23 04:10:00,-1,24
181787,181788,181812,2021-09-23 04:55:00,2021-09-23 05:00:00,2021-09-23 07:00:00,1,24
181821,181822,181846,2021-09-23 07:45:00,2021-09-23 07:50:00,2021-09-23 09:50:00,-1,24
181846,181847,181871,2021-09-23 09:50:00,2021-09-23 09:55:00,2021-09-23 11:55:00,-1,24
181920,181921,181945,2021-09-23 16:00:00,2021-09-23 16:05:00,2021-09-23 18:05:00,-1,24
181952,181953,181977,2021-09-23 18:40:00,2021-09-23 18:45:00,2021-09-23 20:45:00,-1,24
182004,182005,182029,2021-09-23 23:00:00,2021-09-23 23:05:00,2021-09-24 01:05:00,-1,24
182029,182030,182054,2021-09-24 01:05:00,2021-09-24 01:10:00,2021-09-24 03:10:00,-1,24
182061,182062,182086,2021-09-24 03:45:00,2021-09-24 03:50:00,2021-09-24 05:50:00,1,24
182097,182098,182122,2021-09-24 06:45:00,2021-09-24 06:50:00,2021-09-24 08:50:00,-1,24
182293,182294,182318,2021-09-24 23:05:00,2021-09-24 23:10:00,2021-09-25 01:10:00,-1,24
182329,182330,182354,2021-09-25 02:05:00,2021-09-25 02:10:00,2021-09-25 04:10:00,1,24
182369,182370,182394,2021-09-25 05:25:00,2021-09-25 05:30:00,2021-09-25 07:30:00,1,24
182454,182455,182479,2021-09-25 12:30:00,2021-09-25 12:35:00,2021-09-25 14:35:00,1,24
182491,182492,182516,2021-09-25 15:35:00,2021-09-25 15:40:00,2021-09-25 17:40:00,1,24
182544,182545,182569,2021-09-25 20:00:00,2021-09-25 20:05:00,2021-09-25 22:05:00,-1,24
182582,182583,182607,2021-09-25 23:10:00,2021-09-25 23:15:00,2021-09-26 01:15:00,-1,24
182616,182617,182641,2021-09-26 02:00:00,2021-09-26 02:05:00,2021-09-26 04:05:00,1,24
182647,182648,182672,2021-09-26 04:35:00,2021-09-26 04:40:00,2021-09-26 06:40:00,-1,24
182723,182724,182748,2021-09-26 10:55:00,2021-09-26 11:00:00,2021-09-26 13:00:00,-1,24
182754,182755,182779,2021-09-26 13:30:00,2021-09-26 13:35:00,2021-09-26 15:35:00,1,24
182803,182804,182828,2021-09-26 17:35:00,2021-09-26 17:40:00,2021-09-26 19:40:00,-1,24
182832,182833,182857,2021-09-26 20:00:00,2021-09-26 20:05:00,2021-09-26 22:05:00,1,24
182858,182859,182883,2021-09-26 22:10:00,2021-09-26 22:15:00,2021-09-27 00:15:00,1,24
182906,182907,182931,2021-09-27 02:10:00,2021-09-27 02:15:00,2021-09-27 04:15:00,1,24
182941,182942,182966,2021-09-27 05:05:00,2021-09-27 05:10:00,2021-09-27 07:10:00,1,24
182987,182988,183012,2021-09-27 08:55:00,2021-09-27 09:00:00,2021-09-27 11:00:00,-1,24
183039,183040,183064,2021-09-27 13:15:00,2021-09-27 13:20:00,2021-09-27 15:20:00,1,24
183076,183077,183101,2021-09-27 16:20:00,2021-09-27 16:25:00,2021-09-27 18:25:00,-1,24
183108,183109,183133,2021-09-27 19:00:00,2021-09-27 19:05:00,2021-09-27 21:05:00,-1,24
183141,183142,183166,2021-09-27 21:45:00,2021-09-27 21:50:00,2021-09-27 23:50:00,-1,24
183172,183173,183197,2021-09-28 00:20:00,2021-09-28 00:25:00,2021-09-28 02:25:00,-1,24
183196,183197,183221,2021-09-28 02:20:00,2021-09-28 02:25:00,2021-09-28 04:25:00,1,24
183225,183226,183250,2021-09-28 04:45:00,2021-09-28 04:50:00,2021-09-28 06:50:00,-1,24
183307,183308,183332,2021-09-28 11:35:00,2021-09-28 11:40:00,2021-09-28 13:40:00,1,24
183401,183402,183426,2021-09-28 19:25:00,2021-09-28 19:30:00,2021-09-28 21:30:00,-1,24
183436,183437,183461,2021-09-28 22:20:00,2021-09-28 22:25:00,2021-09-29 00:25:00,1,24
183482,183483,183507,2021-09-29 02:10:00,2021-09-29 02:15:00,2021-09-29 04:15:00,1,24
183512,183513,183537,2021-09-29 04:40:00,2021-09-29 04:45:00,2021-09-29 06:45:00,1,24
183536,183537,183561,2021-09-29 06:40:00,2021-09-29 06:45:00,2021-09-29 08:45:00,1,24
183580,183581,183605,2021-09-29 10:20:00,2021-09-29 10:25:00,2021-09-29 12:25:00,-1,24
183612,183613,183637,2021-09-29 13:00:00,2021-09-29 13:05:00,2021-09-29 15:05:00,-1,24
183638,183639,183663,2021-09-29 15:10:00,2021-09-29 15:15:00,2021-09-29 17:15:00,1,24
183680,183681,183705,2021-09-29 18:40:00,2021-09-29 18:45:00,2021-09-29 20:45:00,-1,24
183719,183720,183744,2021-09-29 21:55:00,2021-09-29 22:00:00,2021-09-30 00:00:00,-1,24
183751,183752,183776,2021-09-30 00:35:00,2021-09-30 00:40:00,2021-09-30 02:40:00,-1,24
183775,183776,183800,2021-09-30 02:35:00,2021-09-30 02:40:00,2021-09-30 04:40:00,1,24
183808,183809,183833,2021-09-30 05:20:00,2021-09-30 05:25:00,2021-09-30 07:25:00,1,24
183833,183834,183858,2021-09-30 07:25:00,2021-09-30 07:30:00,2021-09-30 09:30:00,1,24
183858,183859,183883,2021-09-30 09:30:00,2021-09-30 09:35:00,2021-09-30 11:35:00,1,24
183888,183889,183913,2021-09-30 12:00:00,2021-09-30 12:05:00,2021-09-30 14:05:00,-1,24
183929,183930,183954,2021-09-30 15:25:00,2021-09-30 15:30:00,2021-09-30 17:30:00,1,24
183964,183965,183989,2021-09-30 18:20:00,2021-09-30 18:25:00,2021-09-30 20:25:00,1,24
183998,183999,184023,2021-09-30 21:10:00,2021-09-30 21:15:00,2021-09-30 23:15:00,-1,24
184047,184048,184072,2021-10-01 01:15:00,2021-10-01 01:20:00,2021-10-01 03:20:00,-1,24
184092,184093,184117,2021-10-01 05:00:00,2021-10-01 05:05:00,2021-10-01 07:05:00,1,24
184252,184253,184277,2021-10-01 18:20:00,2021-10-01 18:25:00,2021-10-01 20:25:00,1,24
184310,184311,184335,2021-10-01 23:10:00,2021-10-01 23:15:00,2021-10-02 01:15:00,1,24
184338,184339,184363,2021-10-02 01:30:00,2021-10-02 01:35:00,2021-10-02 03:35:00,-1,24
184364,184365,184389,2021-10-02 03:40:00,2021-10-02 03:45:00,2021-10-02 05:45:00,-1,24
184390,184391,184415,2021-10-02 05:50:00,2021-10-02 05:55:00,2021-10-02 07:55:00,-1,24
184424,184425,184449,2021-10-02 08:40:00,2021-10-02 08:45:00,2021-10-02 10:45:00,-1,24
184449,184450,184474,2021-10-02 10:45:00,2021-10-02 10:50:00,2021-10-02 12:50:00,-1,24
184481,184482,184506,2021-10-02 13:25:00,2021-10-02 13:30:00,2021-10-02 15:30:00,-1,24
184505,184506,184530,2021-10-02 15:25:00,2021-10-02 15:30:00,2021-10-02 17:30:00,-1,24
184533,184534,184558,2021-10-02 17:45:00,2021-10-02 17:50:00,2021-10-02 19:50:00,-1,24
184573,184574,184598,2021-10-02 21:05:00,2021-10-02 21:10:00,2021-10-02 23:10:00,-1,24
184638,184639,184663,2021-10-03 02:30:00,2021-10-03 02:35:00,2021-10-03 04:35:00,1,24
184684,184685,184709,2021-10-03 06:20:00,2021-10-03 06:25:00,2021-10-03 08:25:00,-1,24
184710,184711,184735,2021-10-03 08:30:00,2021-10-03 08:35:00,2021-10-03 10:35:00,1,24
184739,184740,184764,2021-10-03 10:55:00,2021-10-03 11:00:00,2021-10-03 13:00:00,-1,24
184766,184767,184791,2021-10-03 13:10:00,2021-10-03 13:15:00,2021-10-03 15:15:00,-1,24
184790,184791,184815,2021-10-03 15:10:00,2021-10-03 15:15:00,2021-10-03 17:15:00,-1,24
184814,184815,184839,2021-10-03 17:10:00,2021-10-03 17:15:00,2021-10-03 19:15:00,-1,24
184843,184844,184868,2021-10-03 19:35:00,2021-10-03 19:40:00,2021-10-03 21:40:00,1,24
184879,184880,184904,2021-10-03 22:35:00,2021-10-03 22:40:00,2021-10-04 00:40:00,-1,24
184916,184917,184941,2021-10-04 01:40:00,2021-10-04 01:45:00,2021-10-04 03:45:00,-1,24
184942,184943,184967,2021-10-04 03:50:00,2021-10-04 03:55:00,2021-10-04 05:55:00,-1,24
184967,184968,184992,2021-10-04 05:55:00,2021-10-04 06:00:00,2021-10-04 08:00:00,-1,24
184995,184996,185020,2021-10-04 08:15:00,2021-10-04 08:20:00,2021-10-04 10:20:00,-1,24
185047,185048,185072,2021-10-04 12:35:00,2021-10-04 12:40:00,2021-10-04 14:40:00,1,24
185086,185087,185111,2021-10-04 15:50:00,2021-10-04 15:55:00,2021-10-04 17:55:00,1,24
185140,185141,185165,2021-10-04 20:20:00,2021-10-04 20:25:00,2021-10-04 22:25:00,1,24
185165,185166,185190,2021-10-04 22:25:00,2021-10-04 22:30:00,2021-10-05 00:30:00,-1,24
185206,185207,185231,2021-10-05 01:50:00,2021-10-05 01:55:00,2021-10-05 03:55:00,-1,24
185231,185232,185256,2021-10-05 03:55:00,2021-10-05 04:00:00,2021-10-05 06:00:00,-1,24
185275,185276,185300,2021-10-05 07:35:00,2021-10-05 07:40:00,2021-10-05 09:40:00,-1,24
185316,185317,185341,2021-10-05 11:00:00,2021-10-05 11:05:00,2021-10-05 13:05:00,1,24
185344,185345,185369,2021-10-05 13:20:00,2021-10-05 13:25:00,2021-10-05 15:25:00,1,24
185453,185454,185478,2021-10-05 22:25:00,2021-10-05 22:30:00,2021-10-06 00:30:00,-1,24
185477,185478,185502,2021-10-06 00:25:00,2021-10-06 00:30:00,2021-10-06 02:30:00,1,24
185502,185503,185527,2021-10-06 02:30:00,2021-10-06 02:35:00,2021-10-06 04:35:00,-1,24
185536,185537,185561,2021-10-06 05:20:00,2021-10-06 05:25:00,2021-10-06 07:25:00,1,24
185699,185700,185724,2021-10-06 18:55:00,2021-10-06 19:00:00,2021-10-06 21:00:00,1,24
185740,185741,185765,2021-10-06 22:20:00,2021-10-06 22:25:00,2021-10-07 00:25:00,-1,24
185792,185793,185817,2021-10-07 02:40:00,2021-10-07 02:45:00,2021-10-07 04:45:00,1,24
185829,185830,185854,2021-10-07 05:45:00,2021-10-07 05:50:00,2021-10-07 07:50:00,-1,24
185854,185855,185879,2021-10-07 07:50:00,2021-10-07 07:55:00,2021-10-07 09:55:00,-1,24
185928,185929,185953,2021-10-07 14:00:00,2021-10-07 14:05:00,2021-10-07 16:05:00,1,24
185960,185961,185985,2021-10-07 16:40:00,2021-10-07 16:45:00,2021-10-07 18:45:00,1,24
185985,185986,186010,2021-10-07 18:45:00,2021-10-07 18:50:00,2021-10-07 20:50:00,-1,24
186010,186011,186035,2021-10-07 20:50:00,2021-10-07 20:55:00,2021-10-07 22:55:00,-1,24
186034,186035,186059,2021-10-07 22:50:00,2021-10-07 22:55:00,2021-10-08 00:55:00,-1,24
186060,186061,186085,2021-10-08 01:00:00,2021-10-08 01:05:00,2021-10-08 03:05:00,-1,24
186087,186088,186112,2021-10-08 03:15:00,2021-10-08 03:20:00,2021-10-08 05:20:00,-1,24
186113,186114,186138,2021-10-08 05:25:00,2021-10-08 05:30:00,2021-10-08 07:30:00,-1,24
186183,186184,186208,2021-10-08 11:15:00,2021-10-08 11:20:00,2021-10-08 13:20:00,-1,24
186218,186219,186243,2021-10-08 14:10:00,2021-10-08 14:15:00,2021-10-08 16:15:00,-1,24
186250,186251,186275,2021-10-08 16:50:00,2021-10-08 16:55:00,2021-10-08 18:55:00,1,24
186274,186275,186299,2021-10-08 18:50:00,2021-10-08 18:55:00,2021-10-08 20:55:00,1,24
186308,186309,186333,2021-10-08 21:40:00,2021-10-08 21:45:00,2021-10-08 23:45:00,-1,24
186334,186335,186359,2021-10-08 23:50:00,2021-10-08 23:55:00,2021-10-09 01:55:00,-1,24
186362,186363,186387,2021-10-09 02:10:00,2021-10-09 02:15:00,2021-10-09 04:15:00,-1,24
186387,186388,186412,2021-10-09 04:15:00,2021-10-09 04:20:00,2021-10-09 06:20:00,-1,24
186411,186412,186436,2021-10-09 06:15:00,2021-10-09 06:20:00,2021-10-09 08:20:00,-1,24
186437,186438,186462,2021-10-09 08:25:00,2021-10-09 08:30:00,2021-10-09 10:30:00,1,24
186462,186463,186487,2021-10-09 10:30:00,2021-10-09 10:35:00,2021-10-09 12:35:00,-1,24
186487,186488,186512,2021-10-09 12:35:00,2021-10-09 12:40:00,2021-10-09 14:40:00,1,24
186513,186514,186538,2021-10-09 14:45:00,2021-10-09 14:50:00,2021-10-09 16:50:00,1,24
186555,186556,186580,2021-10-09 18:15:00,2021-10-09 18:20:00,2021-10-09 20:20:00,1,24
186580,186581,186605,2021-10-09 20:20:00,2021-10-09 20:25:00,2021-10-09 22:25:00,-1,24
186617,186618,186642,2021-10-09 23:25:00,2021-10-09 23:30:00,2021-10-10 01:30:00,-1,24
186643,186644,186668,2021-10-10 01:35:00,2021-10-10 01:40:00,2021-10-10 03:40:00,-1,24
186669,186670,186694,2021-10-10 03:45:00,2021-10-10 03:50:00,2021-10-10 05:50:00,1,24
186701,186702,186726,2021-10-10 06:25:00,2021-10-10 06:30:00,2021-10-10 08:30:00,1,24
186736,186737,186761,2021-10-10 09:20:00,2021-10-10 09:25:00,2021-10-10 11:25:00,-1,24
186760,186761,186785,2021-10-10 11:20:00,2021-10-10 11:25:00,2021-10-10 13:25:00,-1,24
186802,186803,186827,2021-10-10 14:50:00,2021-10-10 14:55:00,2021-10-10 16:55:00,-1,24
186836,186837,186861,2021-10-10 17:40:00,2021-10-10 17:45:00,2021-10-10 19:45:00,1,24
186863,186864,186888,2021-10-10 19:55:00,2021-10-10 20:00:00,2021-10-10 22:00:00,-1,24
186900,186901,186925,2021-10-10 23:00:00,2021-10-10 23:05:00,2021-10-11 01:05:00,1,24
186932,186933,186957,2021-10-11 01:40:00,2021-10-11 01:45:00,2021-10-11 03:45:00,1,24
186969,186970,186994,2021-10-11 04:45:00,2021-10-11 04:50:00,2021-10-11 06:50:00,1,24
187013,187014,187038,2021-10-11 08:25:00,2021-10-11 08:30:00,2021-10-11 10:30:00,-1,24
187055,187056,187080,2021-10-11 11:55:00,2021-10-11 12:00:00,2021-10-11 14:00:00,-1,24
187113,187114,187138,2021-10-11 16:45:00,2021-10-11 16:50:00,2021-10-11 18:50:00,1,24
187141,187142,187166,2021-10-11 19:05:00,2021-10-11 19:10:00,2021-10-11 21:10:00,1,24
187174,187175,187199,2021-10-11 21:50:00,2021-10-11 21:55:00,2021-10-11 23:55:00,1,24
187209,187210,187234,2021-10-12 00:45:00,2021-10-12 00:50:00,2021-10-12 02:50:00,-1,24
187246,187247,187271,2021-10-12 03:50:00,2021-10-12 03:55:00,2021-10-12 05:55:00,-1,24
187329,187330,187354,2021-10-12 10:45:00,2021-10-12 10:50:00,2021-10-12 12:50:00,1,24
187425,187426,187450,2021-10-12 18:45:00,2021-10-12 18:50:00,2021-10-12 20:50:00,1,24
187482,187483,187507,2021-10-12 23:30:00,2021-10-12 23:35:00,2021-10-13 01:35:00,1,24
187514,187515,187539,2021-10-13 02:10:00,2021-10-13 02:15:00,2021-10-13 04:15:00,1,24
187538,187539,187563,2021-10-13 04:10:00,2021-10-13 04:15:00,2021-10-13 06:15:00,-1,24
187609,187610,187634,2021-10-13 10:05:00,2021-10-13 10:10:00,2021-10-13 12:10:00,-1,24
187646,187647,187671,2021-10-13 13:10:00,2021-10-13 13:15:00,2021-10-13 15:15:00,1,24
187675,187676,187700,2021-10-13 15:35:00,2021-10-13 15:40:00,2021-10-13 17:40:00,1,24
187703,187704,187728,2021-10-13 17:55:00,2021-10-13 18:00:00,2021-10-13 20:00:00,-1,24
187765,187766,187790,2021-10-13 23:05:00,2021-10-13 23:10:00,2021-10-14 01:10:00,-1,24
187816,187817,187841,2021-10-14 03:20:00,2021-10-14 03:25:00,2021-10-14 05:25:00,1,24
187850,187851,187875,2021-10-14 06:10:00,2021-10-14 06:15:00,2021-10-14 08:15:00,-1,24
187879,187880,187904,2021-10-14 08:35:00,2021-10-14 08:40:00,2021-10-14 10:40:00,1,24
187909,187910,187934,2021-10-14 11:05:00,2021-10-14 11:10:00,2021-10-14 13:10:00,1,24
187943,187944,187968,2021-10-14 13:55:00,2021-10-14 14:00:00,2021-10-14 16:00:00,-1,24
187979,187980,188004,2021-10-14 16:55:00,2021-10-14 17:00:00,2021-10-14 19:00:00,1,24
188011,188012,188036,2021-10-14 19:35:00,2021-10-14 19:40:00,2021-10-14 21:40:00,1,24
188040,188041,188065,2021-10-14 22:00:00,2021-10-14 22:05:00,2021-10-15 00:05:00,1,24
188071,188072,188096,2021-10-15 00:35:00,2021-10-15 00:40:00,2021-10-15 02:40:00,-1,24
188160,188161,188185,2021-10-15 08:00:00,2021-10-15 08:05:00,2021-10-15 10:05:00,-1,24
188197,188198,188222,2021-10-15 11:05:00,2021-10-15 11:10:00,2021-10-15 13:10:00,-1,24
188324,188325,188349,2021-10-15 21:40:00,2021-10-15 21:45:00,2021-10-15 23:45:00,1,24
188350,188351,188375,2021-10-15 23:50:00,2021-10-15 23:55:00,2021-10-16 01:55:00,-1,24
188374,188375,188399,2021-10-16 01:50:00,2021-10-16 01:55:00,2021-10-16 03:55:00,-1,24
188398,188399,188423,2021-10-16 03:50:00,2021-10-16 03:55:00,2021-10-16 05:55:00,-1,24
188447,188448,188472,2021-10-16 07:55:00,2021-10-16 08:00:00,2021-10-16 10:00:00,-1,24
188481,188482,188506,2021-10-16 10:45:00,2021-10-16 10:50:00,2021-10-16 12:50:00,-1,24
188513,188514,188538,2021-10-16 13:25:00,2021-10-16 13:30:00,2021-10-16 15:30:00,-1,24
188541,188542,188566,2021-10-16 15:45:00,2021-10-16 15:50:00,2021-10-16 17:50:00,1,24
188574,188575,188599,2021-10-16 18:30:00,2021-10-16 18:35:00,2021-10-16 20:35:00,1,24
188598,188599,188623,2021-10-16 20:30:00,2021-10-16 20:35:00,2021-10-16 22:35:00,-1,24
188626,188627,188651,2021-10-16 22:50:00,2021-10-16 22:55:00,2021-10-17 00:55:00,1,24
188657,188658,188682,2021-10-17 01:25:00,2021-10-17 01:30:00,2021-10-17 03:30:00,-1,24
188683,188684,188708,2021-10-17 03:35:00,2021-10-17 03:40:00,2021-10-17 05:40:00,1,24
188708,188709,188733,2021-10-17 05:40:00,2021-10-17 05:45:00,2021-10-17 07:45:00,-1,24
188732,188733,188757,2021-10-17 07:40:00,2021-10-17 07:45:00,2021-10-17 09:45:00,-1,24
188757,188758,188782,2021-10-17 09:45:00,2021-10-17 09:50:00,2021-10-17 11:50:00,1,24
188787,188788,188812,2021-10-17 12:15:00,2021-10-17 12:20:00,2021-10-17 14:20:00,-1,24
188834,188835,188859,2021-10-17 16:10:00,2021-10-17 16:15:00,2021-10-17 18:15:00,1,24
188858,188859,188883,2021-10-17 18:10:00,2021-10-17 18:15:00,2021-10-17 20:15:00,-1,24
188911,188912,188936,2021-10-17 22:35:00,2021-10-17 22:40:00,2021-10-18 00:40:00,1,24
188937,188938,188962,2021-10-18 00:45:00,2021-10-18 00:50:00,2021-10-18 02:50:00,1,24
188975,188976,189000,2021-10-18 03:55:00,2021-10-18 04:00:00,2021-10-18 06:00:00,-1,24
188999,189000,189024,2021-10-18 05:55:00,2021-10-18 06:00:00,2021-10-18 08:00:00,1,24
189025,189026,189050,2021-10-18 08:05:00,2021-10-18 08:10:00,2021-10-18 10:10:00,1,24
189076,189077,189101,2021-10-18 12:20:00,2021-10-18 12:25:00,2021-10-18 14:25:00,1,24
189115,189116,189140,2021-10-18 15:35:00,2021-10-18 15:40:00,2021-10-18 17:40:00,1,24
189155,189156,189180,2021-10-18 18:55:00,2021-10-18 19:00:00,2021-10-18 21:00:00,1,24
189190,189191,189215,2021-10-18 21:50:00,2021-10-18 21:55:00,2021-10-18 23:55:00,1,24
189227,189228,189252,2021-10-19 00:55:00,2021-10-19 01:00:00,2021-10-19 03:00:00,-1,24
189252,189253,189277,2021-10-19 03:00:00,2021-10-19 03:05:00,2021-10-19 05:05:00,1,24
189307,189308,189332,2021-10-19 07:35:00,2021-10-19 07:40:00,2021-10-19 09:40:00,1,24
189332,189333,189357,2021-10-19 09:40:00,2021-10-19 09:45:00,2021-10-19 11:45:00,1,24
189367,189368,189392,2021-10-19 12:35:00,2021-10-19 12:40:00,2021-10-19 14:40:00,1,24
189411,189412,189436,2021-10-19 16:15:00,2021-10-19 16:20:00,2021-10-19 18:20:00,-1,24
189489,189490,189514,2021-10-19 22:45:00,2021-10-19 22:50:00,2021-10-20 00:50:00,-1,24
189517,189518,189542,2021-10-20 01:05:00,2021-10-20 01:10:00,2021-10-20 03:10:00,1,24
189548,189549,189573,2021-10-20 03:40:00,2021-10-20 03:45:00,2021-10-20 05:45:00,-1,24
189576,189577,189601,2021-10-20 06:00:00,2021-10-20 06:05:00,2021-10-20 08:05:00,1,24
189608,189609,189633,2021-10-20 08:40:00,2021-10-20 08:45:00,2021-10-20 10:45:00,1,24
189639,189640,189664,2021-10-20 11:15:00,2021-10-20 11:20:00,2021-10-20 13:20:00,-1,24
189737,189738,189762,2021-10-20 19:25:00,2021-10-20 19:30:00,2021-10-20 21:30:00,1,24
189776,189777,189801,2021-10-20 22:40:00,2021-10-20 22:45:00,2021-10-21 00:45:00,1,24
189803,189804,189828,2021-10-21 00:55:00,2021-10-21 01:00:00,2021-10-21 03:00:00,-1,24
189839,189840,189864,2021-10-21 03:55:00,2021-10-21 04:00:00,2021-10-21 06:00:00,-1,24
189899,189900,189924,2021-10-21 08:55:00,2021-10-21 09:00:00,2021-10-21 11:00:00,1,24
189961,189962,189986,2021-10-21 14:05:00,2021-10-21 14:10:00,2021-10-21 16:10:00,-1,24
190016,190017,190041,2021-10-21 18:40:00,2021-10-21 18:45:00,2021-10-21 20:45:00,-1,24
190060,190061,190085,2021-10-21 22:20:00,2021-10-21 22:25:00,2021-10-22 00:25:00,1,24
190087,190088,190112,2021-10-22 00:35:00,2021-10-22 00:40:00,2021-10-22 02:40:00,1,24
190115,190116,190140,2021-10-22 02:55:00,2021-10-22 03:00:00,2021-10-22 05:00:00,-1,24
190145,190146,190170,2021-10-22 05:25:00,2021-10-22 05:30:00,2021-10-22 07:30:00,-1,24
190174,190175,190199,2021-10-22 07:50:00,2021-10-22 07:55:00,2021-10-22 09:55:00,1,24
190200,190201,190225,2021-10-22 10:00:00,2021-10-22 10:05:00,2021-10-22 12:05:00,1,24
190305,190306,190330,2021-10-22 18:45:00,2021-10-22 18:50:00,2021-10-22 20:50:00,1,24
190333,190334,190358,2021-10-22 21:05:00,2021-10-22 21:10:00,2021-10-22 23:10:00,-1,24
190358,190359,190383,2021-10-22 23:10:00,2021-10-22 23:15:00,2021-10-23 01:15:00,1,24
190382,190383,190407,2021-10-23 01:10:00,2021-10-23 01:15:00,2021-10-23 03:15:00,-1,24
190409,190410,190434,2021-10-23 03:25:00,2021-10-23 03:30:00,2021-10-23 05:30:00,1,24
190433,190434,190458,2021-10-23 05:25:00,2021-10-23 05:30:00,2021-10-23 07:30:00,1,24
190457,190458,190482,2021-10-23 07:25:00,2021-10-23 07:30:00,2021-10-23 09:30:00,-1,24
190536,190537,190561,2021-10-23 14:00:00,2021-10-23 14:05:00,2021-10-23 16:05:00,-1,24
190569,190570,190594,2021-10-23 16:45:00,2021-10-23 16:50:00,2021-10-23 18:50:00,-1,24
190595,190596,190620,2021-10-23 18:55:00,2021-10-23 19:00:00,2021-10-23 21:00:00,1,24
190620,190621,190645,2021-10-23 21:00:00,2021-10-23 21:05:00,2021-10-23 23:05:00,1,24
190647,190648,190672,2021-10-23 23:15:00,2021-10-23 23:20:00,2021-10-24 01:20:00,-1,24
190674,190675,190699,2021-10-24 01:30:00,2021-10-24 01:35:00,2021-10-24 03:35:00,-1,24
190698,190699,190723,2021-10-24 03:30:00,2021-10-24 03:35:00,2021-10-24 05:35:00,1,24
190727,190728,190752,2021-10-24 05:55:00,2021-10-24 06:00:00,2021-10-24 08:00:00,1,24
190753,190754,190778,2021-10-24 08:05:00,2021-10-24 08:10:00,2021-10-24 10:10:00,-1,24
190777,190778,190802,2021-10-24 10:05:00,2021-10-24 10:10:00,2021-10-24 12:10:00,-1,24
190807,190808,190832,2021-10-24 12:35:00,2021-10-24 12:40:00,2021-10-24 14:40:00,-1,24
190833,190834,190858,2021-10-24 14:45:00,2021-10-24 14:50:00,2021-10-24 16:50:00,-1,24
190868,190869,190893,2021-10-24 17:40:00,2021-10-24 17:45:00,2021-10-24 19:45:00,1,24
190904,190905,190929,2021-10-24 20:40:00,2021-10-24 20:45:00,2021-10-24 22:45:00,1,24
190932,190933,190957,2021-10-24 23:00:00,2021-10-24 23:05:00,2021-10-25 01:05:00,-1,24
190969,190970,190994,2021-10-25 02:05:00,2021-10-25 02:10:00,2021-10-25 04:10:00,1,24
190999,191000,191024,2021-10-25 04:35:00,2021-10-25 04:40:00,2021-10-25 06:40:00,-1,24
191027,191028,191052,2021-10-25 06:55:00,2021-10-25 07:00:00,2021-10-25 09:00:00,-1,24
191055,191056,191080,2021-10-25 09:15:00,2021-10-25 09:20:00,2021-10-25 11:20:00,1,24
191089,191090,191114,2021-10-25 12:05:00,2021-10-25 12:10:00,2021-10-25 14:10:00,-1,24
191119,191120,191144,2021-10-25 14:35:00,2021-10-25 14:40:00,2021-10-25 16:40:00,-1,24
191153,191154,191178,2021-10-25 17:25:00,2021-10-25 17:30:00,2021-10-25 19:30:00,1,24
191182,191183,191207,2021-10-25 19:50:00,2021-10-25 19:55:00,2021-10-25 21:55:00,-1,24
191216,191217,191241,2021-10-25 22:40:00,2021-10-25 22:45:00,2021-10-26 00:45:00,-1,24
191246,191247,191271,2021-10-26 01:10:00,2021-10-26 01:15:00,2021-10-26 03:15:00,-1,24
191272,191273,191297,2021-10-26 03:20:00,2021-10-26 03:25:00,2021-10-26 05:25:00,1,24
191297,191298,191322,2021-10-26 05:25:00,2021-10-26 05:30:00,2021-10-26 07:30:00,-1,24
191324,191325,191349,2021-10-26 07:40:00,2021-10-26 07:45:00,2021-10-26 09:45:00,1,24
191374,191375,191399,2021-10-26 11:50:00,2021-10-26 11:55:00,2021-10-26 13:55:00,-1,24
191398,191399,191423,2021-10-26 13:50:00,2021-10-26 13:55:00,2021-10-26 15:55:00,-1,24
191423,191424,191448,2021-10-26 15:55:00,2021-10-26 16:00:00,2021-10-26 18:00:00,1,24
191447,191448,191472,2021-10-26 17:55:00,2021-10-26 18:00:00,2021-10-26 20:00:00,1,24
191473,191474,191498,2021-10-26 20:05:00,2021-10-26 20:10:00,2021-10-26 22:10:00,-1,24
191515,191516,191540,2021-10-26 23:35:00,2021-10-26 23:40:00,2021-10-27 01:40:00,-1,24
191539,191540,191564,2021-10-27 01:35:00,2021-10-27 01:40:00,2021-10-27 03:40:00,1,24
191581,191582,191606,2021-10-27 05:05:00,2021-10-27 05:10:00,2021-10-27 07:10:00,-1,24
191638,191639,191663,2021-10-27 09:50:00,2021-10-27 09:55:00,2021-10-27 11:55:00,1,24
191672,191673,191697,2021-10-27 12:40:00,2021-10-27 12:45:00,2021-10-27 14:45:00,1,24
191696,191697,191721,2021-10-27 14:40:00,2021-10-27 14:45:00,2021-10-27 16:45:00,1,24
191733,191734,191758,2021-10-27 17:45:00,2021-10-27 17:50:00,2021-10-27 19:50:00,-1,24
191767,191768,191792,2021-10-27 20:35:00,2021-10-27 20:40:00,2021-10-27 22:40:00,-1,24
191792,191793,191817,2021-10-27 22:40:00,2021-10-27 22:45:00,2021-10-28 00:45:00,-1,24
191827,191828,191852,2021-10-28 01:35:00,2021-10-28 01:40:00,2021-10-28 03:40:00,-1,24
191853,191854,191878,2021-10-28 03:45:00,2021-10-28 03:50:00,2021-10-28 05:50:00,-1,24
191878,191879,191903,2021-10-28 05:50:00,2021-10-28 05:55:00,2021-10-28 07:55:00,1,24
191931,191932,191956,2021-10-28 10:15:00,2021-10-28 10:20:00,2021-10-28 12:20:00,1,24
191981,191982,192006,2021-10-28 14:25:00,2021-10-28 14:30:00,2021-10-28 16:30:00,1,24
192007,192008,192032,2021-10-28 16:35:00,2021-10-28 16:40:00,2021-10-28 18:40:00,1,24
192086,192087,192111,2021-10-28 23:10:00,2021-10-28 23:15:00,2021-10-29 01:15:00,-1,24
192116,192117,192141,2021-10-29 01:40:00,2021-10-29 01:45:00,2021-10-29 03:45:00,-1,24
192140,192141,192165,2021-10-29 03:40:00,2021-10-29 03:45:00,2021-10-29 05:45:00,-1,24
192165,192166,192190,2021-10-29 05:45:00,2021-10-29 05:50:00,2021-10-29 07:50:00,-1,24
192192,192193,192217,2021-10-29 08:00:00,2021-10-29 08:05:00,2021-10-29 10:05:00,1,24
192218,192219,192243,2021-10-29 10:10:00,2021-10-29 10:15:00,2021-10-29 12:15:00,1,24
192265,192266,192290,2021-10-29 14:05:00,2021-10-29 14:10:00,2021-10-29 16:10:00,-1,24
192326,192327,192351,2021-10-29 19:10:00,2021-10-29 19:15:00,2021-10-29 21:15:00,-1,24
192357,192358,192382,2021-10-29 21:45:00,2021-10-29 21:50:00,2021-10-29 23:50:00,1,24
192382,192383,192407,2021-10-29 23:50:00,2021-10-29 23:55:00,2021-10-30 01:55:00,-1,24
192415,192416,192440,2021-10-30 02:35:00,2021-10-30 02:40:00,2021-10-30 04:40:00,-1,24
192448,192449,192473,2021-10-30 05:20:00,2021-10-30 05:25:00,2021-10-30 07:25:00,1,24
192477,192478,192502,2021-10-30 07:45:00,2021-10-30 07:50:00,2021-10-30 09:50:00,1,24
192502,192503,192527,2021-10-30 09:50:00,2021-10-30 09:55:00,2021-10-30 11:55:00,-1,24
192527,192528,192552,2021-10-30 11:55:00,2021-10-30 12:00:00,2021-10-30 14:00:00,-1,24
192561,192562,192586,2021-10-30 14:45:00,2021-10-30 14:50:00,2021-10-30 16:50:00,-1,24
192585,192586,192610,2021-10-30 16:45:00,2021-10-30 16:50:00,2021-10-30 18:50:00,-1,24
192611,192612,192636,2021-10-30 18:55:00,2021-10-30 19:00:00,2021-10-30 21:00:00,-1,24
192637,192638,192662,2021-10-30 21:05:00,2021-10-30 21:10:00,2021-10-30 23:10:00,-1,24
192663,192664,192688,2021-10-30 23:15:00,2021-10-30 23:20:00,2021-10-31 01:20:00,1,24
192724,192725,192749,2021-10-31 04:20:00,2021-10-31 04:25:00,2021-10-31 06:25:00,-1,24
192753,192754,192778,2021-10-31 06:45:00,2021-10-31 06:50:00,2021-10-31 08:50:00,-1,24
192799,192800,192824,2021-10-31 10:35:00,2021-10-31 10:40:00,2021-10-31 12:40:00,1,24
192831,192832,192856,2021-10-31 13:15:00,2021-10-31 13:20:00,2021-10-31 15:20:00,1,24
192870,192871,192895,2021-10-31 16:30:00,2021-10-31 16:35:00,2021-10-31 18:35:00,1,24
192904,192905,192929,2021-10-31 19:20:00,2021-10-31 19:25:00,2021-10-31 21:25:00,1,24
192938,192939,192963,2021-10-31 22:10:00,2021-10-31 22:15:00,2021-11-01 00:15:00,-1,24
192966,192967,192991,2021-11-01 00:30:00,2021-11-01 00:35:00,2021-11-01 02:35:00,-1,24
193017,193018,193042,2021-11-01 04:45:00,2021-11-01 04:50:00,2021-11-01 06:50:00,-1,24
193041,193042,193066,2021-11-01 06:45:00,2021-11-01 06:50:00,2021-11-01 08:50:00,1,24
193065,193066,193090,2021-11-01 08:45:00,2021-11-01 08:50:00,2021-11-01 10:50:00,-1,24
193119,193120,193144,2021-11-01 13:15:00,2021-11-01 13:20:00,2021-11-01 15:20:00,-1,24
193144,193145,193169,2021-11-01 15:20:00,2021-11-01 15:25:00,2021-11-01 17:25:00,-1,24
193168,193169,193193,2021-11-01 17:20:00,2021-11-01 17:25:00,2021-11-01 19:25:00,-1,24
193196,193197,193221,2021-11-01 19:40:00,2021-11-01 19:45:00,2021-11-01 21:45:00,-1,24
193222,193223,193247,2021-11-01 21:50:00,2021-11-01 21:55:00,2021-11-01 23:55:00,-1,24
193246,193247,193271,2021-11-01 23:50:00,2021-11-01 23:55:00,2021-11-02 01:55:00,1,24
193278,193279,193303,2021-11-02 02:30:00,2021-11-02 02:35:00,2021-11-02 04:35:00,1,24
193307,193308,193332,2021-11-02 04:55:00,2021-11-02 05:00:00,2021-11-02 07:00:00,1,24
193336,193337,193361,2021-11-02 07:20:00,2021-11-02 07:25:00,2021-11-02 09:25:00,1,24
193361,193362,193386,2021-11-02 09:25:00,2021-11-02 09:30:00,2021-11-02 11:30:00,1,24
193389,193390,193414,2021-11-02 11:45:00,2021-11-02 11:50:00,2021-11-02 13:50:00,1,24
193413,193414,193438,2021-11-02 13:45:00,2021-11-02 13:50:00,2021-11-02 15:50:00,1,24
193444,193445,193469,2021-11-02 16:20:00,2021-11-02 16:25:00,2021-11-02 18:25:00,-1,24
193470,193471,193495,2021-11-02 18:30:00,2021-11-02 18:35:00,2021-11-02 20:35:00,-1,24
193494,193495,193519,2021-11-02 20:30:00,2021-11-02 20:35:00,2021-11-02 22:35:00,1,24
193530,193531,193555,2021-11-02 23:30:00,2021-11-02 23:35:00,2021-11-03 01:35:00,-1,24
193554,193555,193579,2021-11-03 01:30:00,2021-11-03 01:35:00,2021-11-03 03:35:00,-1,24
193586,193587,193611,2021-11-03 04:10:00,2021-11-03 04:15:00,2021-11-03 06:15:00,1,24
193610,193611,193635,2021-11-03 06:10:00,2021-11-03 06:15:00,2021-11-03 08:15:00,-1,24
193639,193640,193664,2021-11-03 08:35:00,2021-11-03 08:40:00,2021-11-03 10:40:00,-1,24
193665,193666,193690,2021-11-03 10:45:00,2021-11-03 10:50:00,2021-11-03 12:50:00,-1,24
193695,193696,193720,2021-11-03 13:15:00,2021-11-03 13:20:00,2021-11-03 15:20:00,1,24
193723,193724,193748,2021-11-03 15:35:00,2021-11-03 15:40:00,2021-11-03 17:40:00,1,24
193747,193748,193772,2021-11-03 17:35:00,2021-11-03 17:40:00,2021-11-03 19:40:00,1,24
193772,193773,193797,2021-11-03 19:40:00,2021-11-03 19:45:00,2021-11-03 21:45:00,-1,24
193798,193799,193823,2021-11-03 21:50:00,2021-11-03 21:55:00,2021-11-03 23:55:00,1,24
193828,193829,193853,2021-11-04 00:20:00,2021-11-04 00:25:00,2021-11-04 02:25:00,1,24
193852,193853,193877,2021-11-04 02:20:00,2021-11-04 02:25:00,2021-11-04 04:25:00,-1,24
193886,193887,193911,2021-11-04 05:10:00,2021-11-04 05:15:00,2021-11-04 07:15:00,-1,24
193911,193912,193936,2021-11-04 07:15:00,2021-11-04 07:20:00,2021-11-04 09:20:00,-1,24
193937,193938,193962,2021-11-04 09:25:00,2021-11-04 09:30:00,2021-11-04 11:30:00,-1,24
193972,193973,193997,2021-11-04 12:20:00,2021-11-04 12:25:00,2021-11-04 14:25:00,1,24
194001,194002,194026,2021-11-04 14:45:00,2021-11-04 14:50:00,2021-11-04 16:50:00,1,24
194030,194031,194055,2021-11-04 17:10:00,2021-11-04 17:15:00,2021-11-04 19:15:00,1,24
194061,194062,194086,2021-11-04 19:45:00,2021-11-04 19:50:00,2021-11-04 21:50:00,1,24
194085,194086,194110,2021-11-04 21:45:00,2021-11-04 21:50:00,2021-11-04 23:50:00,-1,24
194114,194115,194139,2021-11-05 00:10:00,2021-11-05 00:15:00,2021-11-05 02:15:00,1,24
194149,194150,194174,2021-11-05 03:05:00,2021-11-05 03:10:00,2021-11-05 05:10:00,-1,24
194177,194178,194202,2021-11-05 05:25:00,2021-11-05 05:30:00,2021-11-05 07:30:00,-1,24
194204,194205,194229,2021-11-05 07:40:00,2021-11-05 07:45:00,2021-11-05 09:45:00,1,24
194235,194236,194260,2021-11-05 10:15:00,2021-11-05 10:20:00,2021-11-05 12:20:00,-1,24
194260,194261,194285,2021-11-05 12:20:00,2021-11-05 12:25:00,2021-11-05 14:25:00,-1,24
194284,194285,194309,2021-11-05 14:20:00,2021-11-05 14:25:00,2021-11-05 16:25:00,-1,24
194327,194328,194352,2021-11-05 17:55:00,2021-11-05 18:00:00,2021-11-05 20:00:00,-1,24
194356,194357,194381,2021-11-05 20:20:00,2021-11-05 20:25:00,2021-11-05 22:25:00,-1,24
194380,194381,194405,2021-11-05 22:20:00,2021-11-05 22:25:00,2021-11-06 00:25:00,1,24
194404,194405,194429,2021-11-06 00:20:00,2021-11-06 00:25:00,2021-11-06 02:25:00,1,24
194429,194430,194454,2021-11-06 02:25:00,2021-11-06 02:30:00,2021-11-06 04:30:00,1,24
194456,194457,194481,2021-11-06 04:40:00,2021-11-06 04:45:00,2021-11-06 06:45:00,1,24
194514,194515,194539,2021-11-06 09:30:00,2021-11-06 09:35:00,2021-11-06 11:35:00,1,24
194539,194540,194564,2021-11-06 11:35:00,2021-11-06 11:40:00,2021-11-06 13:40:00,1,24
194586,194587,194611,2021-11-06 15:30:00,2021-11-06 15:35:00,2021-11-06 17:35:00,1,24
194613,194614,194638,2021-11-06 17:45:00,2021-11-06 17:50:00,2021-11-06 19:50:00,1,24
194648,194649,194673,2021-11-06 20:40:00,2021-11-06 20:45:00,2021-11-06 22:45:00,-1,24
194675,194676,194700,2021-11-06 22:55:00,2021-11-06 23:00:00,2021-11-07 01:00:00,1,24
194718,194719,194743,2021-11-07 02:30:00,2021-11-07 02:35:00,2021-11-07 04:35:00,-1,24
194747,194748,194772,2021-11-07 04:55:00,2021-11-07 05:00:00,2021-11-07 07:00:00,1,24
194772,194773,194797,2021-11-07 07:00:00,2021-11-07 07:05:00,2021-11-07 09:05:00,1,24
194799,194800,194824,2021-11-07 09:15:00,2021-11-07 09:20:00,2021-11-07 11:20:00,-1,24
194830,194831,194855,2021-11-07 11:50:00,2021-11-07 11:55:00,2021-11-07 13:55:00,-1,24
194862,194863,194887,2021-11-07 14:30:00,2021-11-07 14:35:00,2021-11-07 16:35:00,-1,24
194886,194887,194911,2021-11-07 16:30:00,2021-11-07 16:35:00,2021-11-07 18:35:00,1,24
194911,194912,194936,2021-11-07 18:35:00,2021-11-07 18:40:00,2021-11-07 20:40:00,1,24
194935,194936,194960,2021-11-07 20:35:00,2021-11-07 20:40:00,2021-11-07 22:40:00,1,24
195009,195010,195034,2021-11-08 02:45:00,2021-11-08 02:50:00,2021-11-08 04:50:00,1,24
195036,195037,195061,2021-11-08 05:00:00,2021-11-08 05:05:00,2021-11-08 07:05:00,1,24
195109,195110,195134,2021-11-08 11:05:00,2021-11-08 11:10:00,2021-11-08 13:10:00,1,24
195160,195161,195185,2021-11-08 15:20:00,2021-11-08 15:25:00,2021-11-08 17:25:00,-1,24
195186,195187,195211,2021-11-08 17:30:00,2021-11-08 17:35:00,2021-11-08 19:35:00,-1,24
195211,195212,195236,2021-11-08 19:35:00,2021-11-08 19:40:00,2021-11-08 21:40:00,1,24
195236,195237,195261,2021-11-08 21:40:00,2021-11-08 21:45:00,2021-11-08 23:45:00,-1,24
195263,195264,195288,2021-11-08 23:55:00,2021-11-09 00:00:00,2021-11-09 02:00:00,1,24
195318,195319,195343,2021-11-09 04:30:00,2021-11-09 04:35:00,2021-11-09 06:35:00,1,24
195349,195350,195374,2021-11-09 07:05:00,2021-11-09 07:10:00,2021-11-09 09:10:00,1,24
195383,195384,195408,2021-11-09 09:55:00,2021-11-09 10:00:00,2021-11-09 12:00:00,-1,24
195409,195410,195434,2021-11-09 12:05:00,2021-11-09 12:10:00,2021-11-09 14:10:00,1,24
195433,195434,195458,2021-11-09 14:05:00,2021-11-09 14:10:00,2021-11-09 16:10:00,1,24
195489,195490,195514,2021-11-09 18:45:00,2021-11-09 18:50:00,2021-11-09 20:50:00,1,24
195519,195520,195544,2021-11-09 21:15:00,2021-11-09 21:20:00,2021-11-09 23:20:00,1,24
195543,195544,195568,2021-11-09 23:15:00,2021-11-09 23:20:00,2021-11-10 01:20:00,-1,24
195573,195574,195598,2021-11-10 01:45:00,2021-11-10 01:50:00,2021-11-10 03:50:00,1,24
195606,195607,195631,2021-11-10 04:30:00,2021-11-10 04:35:00,2021-11-10 06:35:00,-1,24
195643,195644,195668,2021-11-10 07:35:00,2021-11-10 07:40:00,2021-11-10 09:40:00,1,24
195668,195669,195693,2021-11-10 09:40:00,2021-11-10 09:45:00,2021-11-10 11:45:00,1,24
195856,195857,195881,2021-11-11 01:20:00,2021-11-11 01:25:00,2021-11-11 03:25:00,-1,24
195899,195900,195924,2021-11-11 04:55:00,2021-11-11 05:00:00,2021-11-11 07:00:00,1,24
195923,195924,195948,2021-11-11 06:55:00,2021-11-11 07:00:00,2021-11-11 09:00:00,-1,24
195949,195950,195974,2021-11-11 09:05:00,2021-11-11 09:10:00,2021-11-11 11:10:00,1,24
196009,196010,196034,2021-11-11 14:05:00,2021-11-11 14:10:00,2021-11-11 16:10:00,-1,24
196035,196036,196060,2021-11-11 16:15:00,2021-11-11 16:20:00,2021-11-11 18:20:00,1,24
196064,196065,196089,2021-11-11 18:40:00,2021-11-11 18:45:00,2021-11-11 20:45:00,-1,24
196093,196094,196118,2021-11-11 21:05:00,2021-11-11 21:10:00,2021-11-11 23:10:00,-1,24
196121,196122,196146,2021-11-11 23:25:00,2021-11-11 23:30:00,2021-11-12 01:30:00,1,24
196162,196163,196187,2021-11-12 02:50:00,2021-11-12 02:55:00,2021-11-12 04:55:00,1,24
196192,196193,196217,2021-11-12 05:20:00,2021-11-12 05:25:00,2021-11-12 07:25:00,-1,24
196238,196239,196263,2021-11-12 09:10:00,2021-11-12 09:15:00,2021-11-12 11:15:00,1,24
196277,196278,196302,2021-11-12 12:25:00,2021-11-12 12:30:00,2021-11-12 14:30:00,-1,24
196337,196338,196362,2021-11-12 17:25:00,2021-11-12 17:30:00,2021-11-12 19:30:00,-1,24
196375,196376,196400,2021-11-12 20:35:00,2021-11-12 20:40:00,2021-11-12 22:40:00,1,24
196399,196400,196424,2021-11-12 22:35:00,2021-11-12 22:40:00,2021-11-13 00:40:00,1,24
196425,196426,196450,2021-11-13 00:45:00,2021-11-13 00:50:00,2021-11-13 02:50:00,1,24
196451,196452,196476,2021-11-13 02:55:00,2021-11-13 03:00:00,2021-11-13 05:00:00,-1,24
196478,196479,196503,2021-11-13 05:10:00,2021-11-13 05:15:00,2021-11-13 07:15:00,-1,24
196502,196503,196527,2021-11-13 07:10:00,2021-11-13 07:15:00,2021-11-13 09:15:00,-1,24
196527,196528,196552,2021-11-13 09:15:00,2021-11-13 09:20:00,2021-11-13 11:20:00,-1,24
196553,196554,196578,2021-11-13 11:25:00,2021-11-13 11:30:00,2021-11-13 13:30:00,1,24
196579,196580,196604,2021-11-13 13:35:00,2021-11-13 13:40:00,2021-11-13 15:40:00,1,24
196625,196626,196650,2021-11-13 17:25:00,2021-11-13 17:30:00,2021-11-13 19:30:00,-1,24
196650,196651,196675,2021-11-13 19:30:00,2021-11-13 19:35:00,2021-11-13 21:35:00,-1,24
196674,196675,196699,2021-11-13 21:30:00,2021-11-13 21:35:00,2021-11-13 23:35:00,1,24
196700,196701,196725,2021-11-13 23:40:00,2021-11-13 23:45:00,2021-11-14 01:45:00,1,24
196732,196733,196757,2021-11-14 02:20:00,2021-11-14 02:25:00,2021-11-14 04:25:00,1,24
196757,196758,196782,2021-11-14 04:25:00,2021-11-14 04:30:00,2021-11-14 06:30:00,-1,24
196783,196784,196808,2021-11-14 06:35:00,2021-11-14 06:40:00,2021-11-14 08:40:00,-1,24
196810,196811,196835,2021-11-14 08:50:00,2021-11-14 08:55:00,2021-11-14 10:55:00,1,24
196835,196836,196860,2021-11-14 10:55:00,2021-11-14 11:00:00,2021-11-14 13:00:00,1,24
196859,196860,196884,2021-11-14 12:55:00,2021-11-14 13:00:00,2021-11-14 15:00:00,-1,24
196883,196884,196908,2021-11-14 14:55:00,2021-11-14 15:00:00,2021-11-14 17:00:00,-1,24
196937,196938,196962,2021-11-14 19:25:00,2021-11-14 19:30:00,2021-11-14 21:30:00,-1,24
196961,196962,196986,2021-11-14 21:25:00,2021-11-14 21:30:00,2021-11-14 23:30:00,-1,24
197022,197023,197047,2021-11-15 02:30:00,2021-11-15 02:35:00,2021-11-15 04:35:00,1,24
197071,197072,197096,2021-11-15 06:35:00,2021-11-15 06:40:00,2021-11-15 08:40:00,1,24
197111,197112,197136,2021-11-15 09:55:00,2021-11-15 10:00:00,2021-11-15 12:00:00,1,24
197140,197141,197165,2021-11-15 12:20:00,2021-11-15 12:25:00,2021-11-15 14:25:00,-1,24
197195,197196,197220,2021-11-15 16:55:00,2021-11-15 17:00:00,2021-11-15 19:00:00,-1,24
197230,197231,197255,2021-11-15 19:50:00,2021-11-15 19:55:00,2021-11-15 21:55:00,1,24
197270,197271,197295,2021-11-15 23:10:00,2021-11-15 23:15:00,2021-11-16 01:15:00,1,24
197319,197320,197344,2021-11-16 03:15:00,2021-11-16 03:20:00,2021-11-16 05:20:00,-1,24
197373,197374,197398,2021-11-16 07:45:00,2021-11-16 07:50:00,2021-11-16 09:50:00,-1,24
197441,197442,197466,2021-11-16 13:25:00,2021-11-16 13:30:00,2021-11-16 15:30:00,1,24
197489,197490,197514,2021-11-16 17:25:00,2021-11-16 17:30:00,2021-11-16 19:30:00,1,24
197539,197540,197564,2021-11-16 21:35:00,2021-11-16 21:40:00,2021-11-16 23:40:00,1,24
197574,197575,197599,2021-11-17 00:30:00,2021-11-17 00:35:00,2021-11-17 02:35:00,-1,24
197600,197601,197625,2021-11-17 02:40:00,2021-11-17 02:45:00,2021-11-17 04:45:00,1,24
197671,197672,197696,2021-11-17 08:35:00,2021-11-17 08:40:00,2021-11-17 10:40:00,-1,24
197716,197717,197741,2021-11-17 12:20:00,2021-11-17 12:25:00,2021-11-17 14:25:00,1,24
197755,197756,197780,2021-11-17 15:35:00,2021-11-17 15:40:00,2021-11-17 17:40:00,-1,24
197791,197792,197816,2021-11-17 18:35:00,2021-11-17 18:40:00,2021-11-17 20:40:00,1,24
197827,197828,197852,2021-11-17 21:35:00,2021-11-17 21:40:00,2021-11-17 23:40:00,-1,24
197872,197873,197897,2021-11-18 01:20:00,2021-11-18 01:25:00,2021-11-18 03:25:00,-1,24
197897,197898,197922,2021-11-18 03:25:00,2021-11-18 03:30:00,2021-11-18 05:30:00,-1,24
197937,197938,197962,2021-11-18 06:45:00,2021-11-18 06:50:00,2021-11-18 08:50:00,1,24
197991,197992,198016,2021-11-18 11:15:00,2021-11-18 11:20:00,2021-11-18 13:20:00,1,24
198112,198113,198137,2021-11-18 21:20:00,2021-11-18 21:25:00,2021-11-18 23:25:00,1,24
198151,198152,198176,2021-11-19 00:35:00,2021-11-19 00:40:00,2021-11-19 02:40:00,1,24
198198,198199,198223,2021-11-19 04:30:00,2021-11-19 04:35:00,2021-11-19 06:35:00,-1,24
198228,198229,198253,2021-11-19 07:00:00,2021-11-19 07:05:00,2021-11-19 09:05:00,-1,24
198252,198253,198277,2021-11-19 09:00:00,2021-11-19 09:05:00,2021-11-19 11:05:00,-1,24
198287,198288,198312,2021-11-19 11:55:00,2021-11-19 12:00:00,2021-11-19 14:00:00,-1,24
198364,198365,198389,2021-11-19 18:20:00,2021-11-19 18:25:00,2021-11-19 20:25:00,1,24
198388,198389,198413,2021-11-19 20:20:00,2021-11-19 20:25:00,2021-11-19 22:25:00,-1,24
198427,198428,198452,2021-11-19 23:35:00,2021-11-19 23:40:00,2021-11-20 01:40:00,-1,24
198477,198478,198502,2021-11-20 03:45:00,2021-11-20 03:50:00,2021-11-20 05:50:00,-1,24
198569,198570,198594,2021-11-20 11:25:00,2021-11-20 11:30:00,2021-11-20 13:30:00,1,24
198601,198602,198626,2021-11-20 14:05:00,2021-11-20 14:10:00,2021-11-20 16:10:00,-1,24
198639,198640,198664,2021-11-20 17:15:00,2021-11-20 17:20:00,2021-11-20 19:20:00,1,24
198664,198665,198689,2021-11-20 19:20:00,2021-11-20 19:25:00,2021-11-20 21:25:00,1,24
198691,198692,198716,2021-11-20 21:35:00,2021-11-20 21:40:00,2021-11-20 23:40:00,-1,24
198725,198726,198750,2021-11-21 00:25:00,2021-11-21 00:30:00,2021-11-21 02:30:00,1,24
198754,198755,198779,2021-11-21 02:50:00,2021-11-21 02:55:00,2021-11-21 04:55:00,-1,24
198779,198780,198804,2021-11-21 04:55:00,2021-11-21 05:00:00,2021-11-21 07:00:00,1,24
198810,198811,198835,2021-11-21 07:30:00,2021-11-21 07:35:00,2021-11-21 09:35:00,-1,24
198834,198835,198859,2021-11-21 09:30:00,2021-11-21 09:35:00,2021-11-21 11:35:00,1,24
198865,198866,198890,2021-11-21 12:05:00,2021-11-21 12:10:00,2021-11-21 14:10:00,-1,24
198898,198899,198923,2021-11-21 14:50:00,2021-11-21 14:55:00,2021-11-21 16:55:00,1,24
198927,198928,198952,2021-11-21 17:15:00,2021-11-21 17:20:00,2021-11-21 19:20:00,-1,24
198953,198954,198978,2021-11-21 19:25:00,2021-11-21 19:30:00,2021-11-21 21:30:00,-1,24
198990,198991,199015,2021-11-21 22:30:00,2021-11-21 22:35:00,2021-11-22 00:35:00,1,24
199034,199035,199059,2021-11-22 02:10:00,2021-11-22 02:15:00,2021-11-22 04:15:00,1,24
199060,199061,199085,2021-11-22 04:20:00,2021-11-22 04:25:00,2021-11-22 06:25:00,-1,24
199084,199085,199109,2021-11-22 06:20:00,2021-11-22 06:25:00,2021-11-22 08:25:00,1,24
199113,199114,199138,2021-11-22 08:45:00,2021-11-22 08:50:00,2021-11-22 10:50:00,1,24
199142,199143,199167,2021-11-22 11:10:00,2021-11-22 11:15:00,2021-11-22 13:15:00,1,24
199221,199222,199246,2021-11-22 17:45:00,2021-11-22 17:50:00,2021-11-22 19:50:00,-1,24
199247,199248,199272,2021-11-22 19:55:00,2021-11-22 20:00:00,2021-11-22 22:00:00,-1,24
199286,199287,199311,2021-11-22 23:10:00,2021-11-22 23:15:00,2021-11-23 01:15:00,-1,24
199328,199329,199353,2021-11-23 02:40:00,2021-11-23 02:45:00,2021-11-23 04:45:00,-1,24
199352,199353,199377,2021-11-23 04:40:00,2021-11-23 04:45:00,2021-11-23 06:45:00,1,24
199450,199451,199475,2021-11-23 12:50:00,2021-11-23 12:55:00,2021-11-23 14:55:00,1,24
199485,199486,199510,2021-11-23 15:45:00,2021-11-23 15:50:00,2021-11-23 17:50:00,-1,24
199513,199514,199538,2021-11-23 18:05:00,2021-11-23 18:10:00,2021-11-23 20:10:00,-1,24
199563,199564,199588,2021-11-23 22:15:00,2021-11-23 22:20:00,2021-11-24 00:20:00,-1,24
199592,199593,199617,2021-11-24 00:40:00,2021-11-24 00:45:00,2021-11-24 02:45:00,1,24
199627,199628,199652,2021-11-24 03:35:00,2021-11-24 03:40:00,2021-11-24 05:40:00,1,24
199672,199673,199697,2021-11-24 07:20:00,2021-11-24 07:25:00,2021-11-24 09:25:00,-1,24
199702,199703,199727,2021-11-24 09:50:00,2021-11-24 09:55:00,2021-11-24 11:55:00,-1,24
199734,199735,199759,2021-11-24 12:30:00,2021-11-24 12:35:00,2021-11-24 14:35:00,1,24
199770,199771,199795,2021-11-24 15:30:00,2021-11-24 15:35:00,2021-11-24 17:35:00,-1,24
199794,199795,199819,2021-11-24 17:30:00,2021-11-24 17:35:00,2021-11-24 19:35:00,1,24
199818,199819,199843,2021-11-24 19:30:00,2021-11-24 19:35:00,2021-11-24 21:35:00,1,24
199858,199859,199883,2021-11-24 22:50:00,2021-11-24 22:55:00,2021-11-25 00:55:00,-1,24
199896,199897,199921,2021-11-25 02:00:00,2021-11-25 02:05:00,2021-11-25 04:05:00,-1,24
199944,199945,199969,2021-11-25 06:00:00,2021-11-25 06:05:00,2021-11-25 08:05:00,-1,24
199973,199974,199998,2021-11-25 08:25:00,2021-11-25 08:30:00,2021-11-25 10:30:00,1,24
200008,200009,200033,2021-11-25 11:20:00,2021-11-25 11:25:00,2021-11-25 13:25:00,-1,24
200042,200043,200067,2021-11-25 14:10:00,2021-11-25 14:15:00,2021-11-25 16:15:00,-1,24
200072,200073,200097,2021-11-25 16:40:00,2021-11-25 16:45:00,2021-11-25 18:45:00,-1,24
200100,200101,200125,2021-11-25 19:00:00,2021-11-25 19:05:00,2021-11-25 21:05:00,1,24
200124,200125,200149,2021-11-25 21:00:00,2021-11-25 21:05:00,2021-11-25 23:05:00,1,24
200148,200149,200173,2021-11-25 23:00:00,2021-11-25 23:05:00,2021-11-26 01:05:00,-1,24
200172,200173,200197,2021-11-26 01:00:00,2021-11-26 01:05:00,2021-11-26 03:05:00,-1,24
200222,200223,200247,2021-11-26 05:10:00,2021-11-26 05:15:00,2021-11-26 07:15:00,1,24
200348,200349,200373,2021-11-26 15:40:00,2021-11-26 15:45:00,2021-11-26 17:45:00,-1,24
200385,200386,200410,2021-11-26 18:45:00,2021-11-26 18:50:00,2021-11-26 20:50:00,1,24
200439,200440,200464,2021-11-26 23:15:00,2021-11-26 23:20:00,2021-11-27 01:20:00,1,24
200463,200464,200488,2021-11-27 01:15:00,2021-11-27 01:20:00,2021-11-27 03:20:00,-1,24
200514,200515,200539,2021-11-27 05:30:00,2021-11-27 05:35:00,2021-11-27 07:35:00,-1,24
200564,200565,200589,2021-11-27 09:40:00,2021-11-27 09:45:00,2021-11-27 11:45:00,-1,24
200591,200592,200616,2021-11-27 11:55:00,2021-11-27 12:00:00,2021-11-27 14:00:00,-1,24
200624,200625,200649,2021-11-27 14:40:00,2021-11-27 14:45:00,2021-11-27 16:45:00,-1,24
200651,200652,200676,2021-11-27 16:55:00,2021-11-27 17:00:00,2021-11-27 19:00:00,-1,24
200676,200677,200701,2021-11-27 19:00:00,2021-11-27 19:05:00,2021-11-27 21:05:00,1,24
200715,200716,200740,2021-11-27 22:15:00,2021-11-27 22:20:00,2021-11-28 00:20:00,1,24
200749,200750,200774,2021-11-28 01:05:00,2021-11-28 01:10:00,2021-11-28 03:10:00,1,24
200793,200794,200818,2021-11-28 04:45:00,2021-11-28 04:50:00,2021-11-28 06:50:00,1,24
200821,200822,200846,2021-11-28 07:05:00,2021-11-28 07:10:00,2021-11-28 09:10:00,1,24
200850,200851,200875,2021-11-28 09:30:00,2021-11-28 09:35:00,2021-11-28 11:35:00,-1,24
200882,200883,200907,2021-11-28 12:10:00,2021-11-28 12:15:00,2021-11-28 14:15:00,1,24
200915,200916,200940,2021-11-28 14:55:00,2021-11-28 15:00:00,2021-11-28 17:00:00,1,24
200970,200971,200995,2021-11-28 19:30:00,2021-11-28 19:35:00,2021-11-28 21:35:00,-1,24
201008,201009,201033,2021-11-28 22:40:00,2021-11-28 22:45:00,2021-11-29 00:45:00,1,24
201041,201042,201066,2021-11-29 01:25:00,2021-11-29 01:30:00,2021-11-29 03:30:00,1,24
201076,201077,201101,2021-11-29 04:20:00,2021-11-29 04:25:00,2021-11-29 06:25:00,1,24
201112,201113,201137,2021-11-29 07:20:00,2021-11-29 07:25:00,2021-11-29 09:25:00,-1,24
201136,201137,201161,2021-11-29 09:20:00,2021-11-29 09:25:00,2021-11-29 11:25:00,1,24
201163,201164,201188,2021-11-29 11:35:00,2021-11-29 11:40:00,2021-11-29 13:40:00,1,24
201187,201188,201212,2021-11-29 13:35:00,2021-11-29 13:40:00,2021-11-29 15:40:00,-1,24
201214,201215,201239,2021-11-29 15:50:00,2021-11-29 15:55:00,2021-11-29 17:55:00,-1,24
201248,201249,201273,2021-11-29 18:40:00,2021-11-29 18:45:00,2021-11-29 20:45:00,1,24
201299,201300,201324,2021-11-29 22:55:00,2021-11-29 23:00:00,2021-11-30 01:00:00,1,24
201330,201331,201355,2021-11-30 01:30:00,2021-11-30 01:35:00,2021-11-30 03:35:00,-1,24
201371,201372,201396,2021-11-30 04:55:00,2021-11-30 05:00:00,2021-11-30 07:00:00,-1,24
201412,201413,201437,2021-11-30 08:20:00,2021-11-30 08:25:00,2021-11-30 10:25:00,1,24
201437,201438,201462,2021-11-30 10:25:00,2021-11-30 10:30:00,2021-11-30 12:30:00,-1,24
201479,201480,201504,2021-11-30 13:55:00,2021-11-30 14:00:00,2021-11-30 16:00:00,1,24
201544,201545,201569,2021-11-30 19:20:00,2021-11-30 19:25:00,2021-11-30 21:25:00,-1,24
201584,201585,201609,2021-11-30 22:40:00,2021-11-30 22:45:00,2021-12-01 00:45:00,-1,24
201616,201617,201641,2021-12-01 01:20:00,2021-12-01 01:25:00,2021-12-01 03:25:00,-1,24
201651,201652,201676,2021-12-01 04:15:00,2021-12-01 04:20:00,2021-12-01 06:20:00,1,24
201675,201676,201700,2021-12-01 06:15:00,2021-12-01 06:20:00,2021-12-01 08:20:00,-1,24
201728,201729,201753,2021-12-01 10:40:00,2021-12-01 10:45:00,2021-12-01 12:45:00,-1,24
201755,201756,201780,2021-12-01 12:55:00,2021-12-01 13:00:00,2021-12-01 15:00:00,-1,24
201827,201828,201852,2021-12-01 18:55:00,2021-12-01 19:00:00,2021-12-01 21:00:00,-1,24
201864,201865,201889,2021-12-01 22:00:00,2021-12-01 22:05:00,2021-12-02 00:05:00,-1,24
201896,201897,201921,2021-12-02 00:40:00,2021-12-02 00:45:00,2021-12-02 02:45:00,-1,24
201924,201925,201949,2021-12-02 03:00:00,2021-12-02 03:05:00,2021-12-02 05:05:00,-1,24
201954,201955,201979,2021-12-02 05:30:00,2021-12-02 05:35:00,2021-12-02 07:35:00,1,24
201998,201999,202023,2021-12-02 09:10:00,2021-12-02 09:15:00,2021-12-02 11:15:00,-1,24
202040,202041,202065,2021-12-02 12:40:00,2021-12-02 12:45:00,2021-12-02 14:45:00,-1,24
202083,202084,202108,2021-12-02 16:15:00,2021-12-02 16:20:00,2021-12-02 18:20:00,-1,24
202113,202114,202138,2021-12-02 18:45:00,2021-12-02 18:50:00,2021-12-02 20:50:00,1,24
202144,202145,202169,2021-12-02 21:20:00,2021-12-02 21:25:00,2021-12-02 23:25:00,-1,24
202169,202170,202194,2021-12-02 23:25:00,2021-12-02 23:30:00,2021-12-03 01:30:00,-1,24
202198,202199,202223,2021-12-03 01:50:00,2021-12-03 01:55:00,2021-12-03 03:55:00,-1,24
202223,202224,202248,2021-12-03 03:55:00,2021-12-03 04:00:00,2021-12-03 06:00:00,1,24
202265,202266,202290,2021-12-03 07:25:00,2021-12-03 07:30:00,2021-12-03 09:30:00,-1,24
202304,202305,202329,2021-12-03 10:40:00,2021-12-03 10:45:00,2021-12-03 12:45:00,-1,24
202334,202335,202359,2021-12-03 13:10:00,2021-12-03 13:15:00,2021-12-03 15:15:00,-1,24
202363,202364,202388,2021-12-03 15:35:00,2021-12-03 15:40:00,2021-12-03 17:40:00,-1,24
202393,202394,202418,2021-12-03 18:05:00,2021-12-03 18:10:00,2021-12-03 20:10:00,-1,24
202446,202447,202471,2021-12-03 22:30:00,2021-12-03 22:35:00,2021-12-04 00:35:00,-1,24
202497,202498,202522,2021-12-04 02:45:00,2021-12-04 02:50:00,2021-12-04 04:50:00,-1,24
202603,202604,202628,2021-12-04 11:35:00,2021-12-04 11:40:00,2021-12-04 13:40:00,1,24
202635,202636,202660,2021-12-04 14:15:00,2021-12-04 14:20:00,2021-12-04 16:20:00,1,24
202673,202674,202698,2021-12-04 17:25:00,2021-12-04 17:30:00,2021-12-04 19:30:00,-1,24
202703,202704,202728,2021-12-04 19:55:00,2021-12-04 20:00:00,2021-12-04 22:00:00,1,24
202734,202735,202759,2021-12-04 22:30:00,2021-12-04 22:35:00,2021-12-05 00:35:00,-1,24
202789,202790,202814,2021-12-05 03:05:00,2021-12-05 03:10:00,2021-12-05 05:10:00,1,24
202844,202845,202869,2021-12-05 07:40:00,2021-12-05 07:45:00,2021-12-05 09:45:00,1,24
202884,202885,202909,2021-12-05 11:00:00,2021-12-05 11:05:00,2021-12-05 13:05:00,-1,24
202909,202910,202934,2021-12-05 13:05:00,2021-12-05 13:10:00,2021-12-05 15:10:00,-1,24
202979,202980,203004,2021-12-05 18:55:00,2021-12-05 19:00:00,2021-12-05 21:00:00,1,24
203018,203019,203043,2021-12-05 22:10:00,2021-12-05 22:15:00,2021-12-06 00:15:00,-1,24
203071,203072,203096,2021-12-06 02:35:00,2021-12-06 02:40:00,2021-12-06 04:40:00,-1,24
203113,203114,203138,2021-12-06 06:05:00,2021-12-06 06:10:00,2021-12-06 08:10:00,-1,24
203198,203199,203223,2021-12-06 13:10:00,2021-12-06 13:15:00,2021-12-06 15:15:00,1,24
203254,203255,203279,2021-12-06 17:50:00,2021-12-06 17:55:00,2021-12-06 19:55:00,1,24
203283,203284,203308,2021-12-06 20:15:00,2021-12-06 20:20:00,2021-12-06 22:20:00,-1,24
203335,203336,203360,2021-12-07 00:35:00,2021-12-07 00:40:00,2021-12-07 02:40:00,1,24
203359,203360,203384,2021-12-07 02:35:00,2021-12-07 02:40:00,2021-12-07 04:40:00,1,24
203386,203387,203411,2021-12-07 04:50:00,2021-12-07 04:55:00,2021-12-07 06:55:00,-1,24
203450,203451,203475,2021-12-07 10:10:00,2021-12-07 10:15:00,2021-12-07 12:15:00,1,24
203493,203494,203518,2021-12-07 13:45:00,2021-12-07 13:50:00,2021-12-07 15:50:00,-1,24
203531,203532,203556,2021-12-07 16:55:00,2021-12-07 17:00:00,2021-12-07 19:00:00,-1,24
203568,203569,203593,2021-12-07 20:00:00,2021-12-07 20:05:00,2021-12-07 22:05:00,-1,24
203612,203613,203637,2021-12-07 23:40:00,2021-12-07 23:45:00,2021-12-08 01:45:00,-1,24
203642,203643,203667,2021-12-08 02:10:00,2021-12-08 02:15:00,2021-12-08 04:15:00,-1,24
203668,203669,203693,2021-12-08 04:20:00,2021-12-08 04:25:00,2021-12-08 06:25:00,1,24
203708,203709,203733,2021-12-08 07:40:00,2021-12-08 07:45:00,2021-12-08 09:45:00,-1,24
203738,203739,203763,2021-12-08 10:10:00,2021-12-08 10:15:00,2021-12-08 12:15:00,-1,24
203778,203779,203803,2021-12-08 13:30:00,2021-12-08 13:35:00,2021-12-08 15:35:00,-1,24
203807,203808,203832,2021-12-08 15:55:00,2021-12-08 16:00:00,2021-12-08 18:00:00,-1,24
203834,203835,203859,2021-12-08 18:10:00,2021-12-08 18:15:00,2021-12-08 20:15:00,-1,24
203858,203859,203883,2021-12-08 20:10:00,2021-12-08 20:15:00,2021-12-08 22:15:00,-1,24
203898,203899,203923,2021-12-08 23:30:00,2021-12-08 23:35:00,2021-12-09 01:35:00,-1,24
203924,203925,203949,2021-12-09 01:40:00,2021-12-09 01:45:00,2021-12-09 03:45:00,1,24
203961,203962,203986,2021-12-09 04:45:00,2021-12-09 04:50:00,2021-12-09 06:50:00,-1,24
204014,204015,204039,2021-12-09 09:10:00,2021-12-09 09:15:00,2021-12-09 11:15:00,1,24
204055,204056,204080,2021-12-09 12:35:00,2021-12-09 12:40:00,2021-12-09 14:40:00,1,24
204092,204093,204117,2021-12-09 15:40:00,2021-12-09 15:45:00,2021-12-09 17:45:00,-1,24
204160,204161,204185,2021-12-09 21:20:00,2021-12-09 21:25:00,2021-12-09 23:25:00,-1,24
204193,204194,204218,2021-12-10 00:05:00,2021-12-10 00:10:00,2021-12-10 02:10:00,-1,24
204218,204219,204243,2021-12-10 02:10:00,2021-12-10 02:15:00,2021-12-10 04:15:00,-1,24
204248,204249,204273,2021-12-10 04:40:00,2021-12-10 04:45:00,2021-12-10 06:45:00,-1,24
204290,204291,204315,2021-12-10 08:10:00,2021-12-10 08:15:00,2021-12-10 10:15:00,1,24
204315,204316,204340,2021-12-10 10:15:00,2021-12-10 10:20:00,2021-12-10 12:20:00,-1,24
204347,204348,204372,2021-12-10 12:55:00,2021-12-10 13:00:00,2021-12-10 15:00:00,1,24
204415,204416,204440,2021-12-10 18:35:00,2021-12-10 18:40:00,2021-12-10 20:40:00,-1,24
204442,204443,204467,2021-12-10 20:50:00,2021-12-10 20:55:00,2021-12-10 22:55:00,1,24
204492,204493,204517,2021-12-11 01:00:00,2021-12-11 01:05:00,2021-12-11 03:05:00,-1,24
204545,204546,204570,2021-12-11 05:25:00,2021-12-11 05:30:00,2021-12-11 07:30:00,-1,24
204569,204570,204594,2021-12-11 07:25:00,2021-12-11 07:30:00,2021-12-11 09:30:00,1,24
204598,204599,204623,2021-12-11 09:50:00,2021-12-11 09:55:00,2021-12-11 11:55:00,-1,24
204625,204626,204650,2021-12-11 12:05:00,2021-12-11 12:10:00,2021-12-11 14:10:00,-1,24
204653,204654,204678,2021-12-11 14:25:00,2021-12-11 14:30:00,2021-12-11 16:30:00,-1,24
204687,204688,204712,2021-12-11 17:15:00,2021-12-11 17:20:00,2021-12-11 19:20:00,-1,24
204714,204715,204739,2021-12-11 19:30:00,2021-12-11 19:35:00,2021-12-11 21:35:00,1,24
204740,204741,204765,2021-12-11 21:40:00,2021-12-11 21:45:00,2021-12-11 23:45:00,-1,24
204789,204790,204814,2021-12-12 01:45:00,2021-12-12 01:50:00,2021-12-12 03:50:00,-1,24
204828,204829,204853,2021-12-12 05:00:00,2021-12-12 05:05:00,2021-12-12 07:05:00,-1,24
204852,204853,204877,2021-12-12 07:00:00,2021-12-12 07:05:00,2021-12-12 09:05:00,1,24
204877,204878,204902,2021-12-12 09:05:00,2021-12-12 09:10:00,2021-12-12 11:10:00,-1,24
204905,204906,204930,2021-12-12 11:25:00,2021-12-12 11:30:00,2021-12-12 13:30:00,1,24
204963,204964,204988,2021-12-12 16:15:00,2021-12-12 16:20:00,2021-12-12 18:20:00,1,24
205017,205018,205042,2021-12-12 20:45:00,2021-12-12 20:50:00,2021-12-12 22:50:00,1,24
205048,205049,205073,2021-12-12 23:20:00,2021-12-12 23:25:00,2021-12-13 01:25:00,1,24
205083,205084,205108,2021-12-13 02:15:00,2021-12-13 02:20:00,2021-12-13 04:20:00,-1,24
205109,205110,205134,2021-12-13 04:25:00,2021-12-13 04:30:00,2021-12-13 06:30:00,-1,24
205137,205138,205162,2021-12-13 06:45:00,2021-12-13 06:50:00,2021-12-13 08:50:00,1,24
205163,205164,205188,2021-12-13 08:55:00,2021-12-13 09:00:00,2021-12-13 11:00:00,1,24
205193,205194,205218,2021-12-13 11:25:00,2021-12-13 11:30:00,2021-12-13 13:30:00,1,24
205272,205273,205297,2021-12-13 18:00:00,2021-12-13 18:05:00,2021-12-13 20:05:00,-1,24
205361,205362,205386,2021-12-14 01:25:00,2021-12-14 01:30:00,2021-12-14 03:30:00,1,24
205403,205404,205428,2021-12-14 04:55:00,2021-12-14 05:00:00,2021-12-14 07:00:00,-1,24
205433,205434,205458,2021-12-14 07:25:00,2021-12-14 07:30:00,2021-12-14 09:30:00,1,24
205510,205511,205535,2021-12-14 13:50:00,2021-12-14 13:55:00,2021-12-14 15:55:00,-1,24
205562,205563,205587,2021-12-14 18:10:00,2021-12-14 18:15:00,2021-12-14 20:15:00,1,24
205602,205603,205627,2021-12-14 21:30:00,2021-12-14 21:35:00,2021-12-14 23:35:00,1,24
205626,205627,205651,2021-12-14 23:30:00,2021-12-14 23:35:00,2021-12-15 01:35:00,1,24
205651,205652,205676,2021-12-15 01:35:00,2021-12-15 01:40:00,2021-12-15 03:40:00,1,24
205688,205689,205713,2021-12-15 04:40:00,2021-12-15 04:45:00,2021-12-15 06:45:00,-1,24
205730,205731,205755,2021-12-15 08:10:00,2021-12-15 08:15:00,2021-12-15 10:15:00,1,24
205757,205758,205782,2021-12-15 10:25:00,2021-12-15 10:30:00,2021-12-15 12:30:00,1,24
205912,205913,205937,2021-12-15 23:20:00,2021-12-15 23:25:00,2021-12-16 01:25:00,1,24
205936,205937,205961,2021-12-16 01:20:00,2021-12-16 01:25:00,2021-12-16 03:25:00,-1,24
205969,205970,205994,2021-12-16 04:05:00,2021-12-16 04:10:00,2021-12-16 06:10:00,1,24
206010,206011,206035,2021-12-16 07:30:00,2021-12-16 07:35:00,2021-12-16 09:35:00,1,24
206035,206036,206060,2021-12-16 09:35:00,2021-12-16 09:40:00,2021-12-16 11:40:00,-1,24
206068,206069,206093,2021-12-16 12:20:00,2021-12-16 12:25:00,2021-12-16 14:25:00,-1,24
206093,206094,206118,2021-12-16 14:25:00,2021-12-16 14:30:00,2021-12-16 16:30:00,-1,24
206151,206152,206176,2021-12-16 19:15:00,2021-12-16 19:20:00,2021-12-16 21:20:00,1,24
206175,206176,206200,2021-12-16 21:15:00,2021-12-16 21:20:00,2021-12-16 23:20:00,1,24
206222,206223,206247,2021-12-17 01:10:00,2021-12-17 01:15:00,2021-12-17 03:15:00,-1,24
206249,206250,206274,2021-12-17 03:25:00,2021-12-17 03:30:00,2021-12-17 05:30:00,-1,24
206279,206280,206304,2021-12-17 05:55:00,2021-12-17 06:00:00,2021-12-17 08:00:00,-1,24
206336,206337,206361,2021-12-17 10:40:00,2021-12-17 10:45:00,2021-12-17 12:45:00,-1,24
206360,206361,206385,2021-12-17 12:40:00,2021-12-17 12:45:00,2021-12-17 14:45:00,-1,24
206452,206453,206477,2021-12-17 20:20:00,2021-12-17 20:25:00,2021-12-17 22:25:00,-1,24
206508,206509,206533,2021-12-18 01:00:00,2021-12-18 01:05:00,2021-12-18 03:05:00,-1,24
206537,206538,206562,2021-12-18 03:25:00,2021-12-18 03:30:00,2021-12-18 05:30:00,-1,24
206609,206610,206634,2021-12-18 09:25:00,2021-12-18 09:30:00,2021-12-18 11:30:00,1,24
206637,206638,206662,2021-12-18 11:45:00,2021-12-18 11:50:00,2021-12-18 13:50:00,1,24
206671,206672,206696,2021-12-18 14:35:00,2021-12-18 14:40:00,2021-12-18 16:40:00,-1,24
206699,206700,206724,2021-12-18 16:55:00,2021-12-18 17:00:00,2021-12-18 19:00:00,1,24
206744,206745,206769,2021-12-18 20:40:00,2021-12-18 20:45:00,2021-12-18 22:45:00,-1,24
206772,206773,206797,2021-12-18 23:00:00,2021-12-18 23:05:00,2021-12-19 01:05:00,1,24
206806,206807,206831,2021-12-19 01:50:00,2021-12-19 01:55:00,2021-12-19 03:55:00,-1,24
206838,206839,206863,2021-12-19 04:30:00,2021-12-19 04:35:00,2021-12-19 06:35:00,-1,24
206873,206874,206898,2021-12-19 07:25:00,2021-12-19 07:30:00,2021-12-19 09:30:00,-1,24
206909,206910,206934,2021-12-19 10:25:00,2021-12-19 10:30:00,2021-12-19 12:30:00,-1,24
206937,206938,206962,2021-12-19 12:45:00,2021-12-19 12:50:00,2021-12-19 14:50:00,-1,24
206977,206978,207002,2021-12-19 16:05:00,2021-12-19 16:10:00,2021-12-19 18:10:00,-1,24
207004,207005,207029,2021-12-19 18:20:00,2021-12-19 18:25:00,2021-12-19 20:25:00,-1,24
207030,207031,207055,2021-12-19 20:30:00,2021-12-19 20:35:00,2021-12-19 22:35:00,-1,24
207054,207055,207079,2021-12-19 22:30:00,2021-12-19 22:35:00,2021-12-20 00:35:00,1,24
207082,207083,207107,2021-12-20 00:50:00,2021-12-20 00:55:00,2021-12-20 02:55:00,-1,24
207106,207107,207131,2021-12-20 02:50:00,2021-12-20 02:55:00,2021-12-20 04:55:00,1,24
207138,207139,207163,2021-12-20 05:30:00,2021-12-20 05:35:00,2021-12-20 07:35:00,1,24
207193,207194,207218,2021-12-20 10:05:00,2021-12-20 10:10:00,2021-12-20 12:10:00,1,24
207351,207352,207376,2021-12-20 23:15:00,2021-12-20 23:20:00,2021-12-21 01:20:00,-1,24
207386,207387,207411,2021-12-21 02:10:00,2021-12-21 02:15:00,2021-12-21 04:15:00,1,24
207417,207418,207442,2021-12-21 04:45:00,2021-12-21 04:50:00,2021-12-21 06:50:00,1,24
207444,207445,207469,2021-12-21 07:00:00,2021-12-21 07:05:00,2021-12-21 09:05:00,1,24
207490,207491,207515,2021-12-21 10:50:00,2021-12-21 10:55:00,2021-12-21 12:55:00,1,24
207565,207566,207590,2021-12-21 17:05:00,2021-12-21 17:10:00,2021-12-21 19:10:00,1,24
207606,207607,207631,2021-12-21 20:30:00,2021-12-21 20:35:00,2021-12-21 22:35:00,-1,24
207640,207641,207665,2021-12-21 23:20:00,2021-12-21 23:25:00,2021-12-22 01:25:00,-1,24
207664,207665,207689,2021-12-22 01:20:00,2021-12-22 01:25:00,2021-12-22 03:25:00,-1,24
207689,207690,207714,2021-12-22 03:25:00,2021-12-22 03:30:00,2021-12-22 05:30:00,1,24
207714,207715,207739,2021-12-22 05:30:00,2021-12-22 05:35:00,2021-12-22 07:35:00,1,24
207743,207744,207768,2021-12-22 07:55:00,2021-12-22 08:00:00,2021-12-22 10:00:00,-1,24
207784,207785,207809,2021-12-22 11:20:00,2021-12-22 11:25:00,2021-12-22 13:25:00,1,24
207830,207831,207855,2021-12-22 15:10:00,2021-12-22 15:15:00,2021-12-22 17:15:00,-1,24
207857,207858,207882,2021-12-22 17:25:00,2021-12-22 17:30:00,2021-12-22 19:30:00,1,24
207893,207894,207918,2021-12-22 20:25:00,2021-12-22 20:30:00,2021-12-22 22:30:00,1,24
207957,207958,207982,2021-12-23 01:45:00,2021-12-23 01:50:00,2021-12-23 03:50:00,-1,24
207983,207984,208008,2021-12-23 03:55:00,2021-12-23 04:00:00,2021-12-23 06:00:00,1,24
208008,208009,208033,2021-12-23 06:00:00,2021-12-23 06:05:00,2021-12-23 08:05:00,1,24
208039,208040,208064,2021-12-23 08:35:00,2021-12-23 08:40:00,2021-12-23 10:40:00,1,24
208063,208064,208088,2021-12-23 10:35:00,2021-12-23 10:40:00,2021-12-23 12:40:00,1,24
208097,208098,208122,2021-12-23 13:25:00,2021-12-23 13:30:00,2021-12-23 15:30:00,1,24
208123,208124,208148,2021-12-23 15:35:00,2021-12-23 15:40:00,2021-12-23 17:40:00,1,24
208160,208161,208185,2021-12-23 18:40:00,2021-12-23 18:45:00,2021-12-23 20:45:00,1,24
208185,208186,208210,2021-12-23 20:45:00,2021-12-23 20:50:00,2021-12-23 22:50:00,-1,24
208209,208210,208234,2021-12-23 22:45:00,2021-12-23 22:50:00,2021-12-24 00:50:00,-1,24
208234,208235,208259,2021-12-24 00:50:00,2021-12-24 00:55:00,2021-12-24 02:55:00,-1,24
208259,208260,208284,2021-12-24 02:55:00,2021-12-24 03:00:00,2021-12-24 05:00:00,1,24
208286,208287,208311,2021-12-24 05:10:00,2021-12-24 05:15:00,2021-12-24 07:15:00,-1,24
208310,208311,208335,2021-12-24 07:10:00,2021-12-24 07:15:00,2021-12-24 09:15:00,-1,24
208340,208341,208365,2021-12-24 09:40:00,2021-12-24 09:45:00,2021-12-24 11:45:00,1,24
208367,208368,208392,2021-12-24 11:55:00,2021-12-24 12:00:00,2021-12-24 14:00:00,-1,24
208391,208392,208416,2021-12-24 13:55:00,2021-12-24 14:00:00,2021-12-24 16:00:00,-1,24
208423,208424,208448,2021-12-24 16:35:00,2021-12-24 16:40:00,2021-12-24 18:40:00,1,24
208458,208459,208483,2021-12-24 19:30:00,2021-12-24 19:35:00,2021-12-24 21:35:00,1,24
208487,208488,208512,2021-12-24 21:55:00,2021-12-24 22:00:00,2021-12-25 00:00:00,1,24
208514,208515,208539,2021-12-25 00:10:00,2021-12-25 00:15:00,2021-12-25 02:15:00,-1,24
208538,208539,208563,2021-12-25 02:10:00,2021-12-25 02:15:00,2021-12-25 04:15:00,-1,24
208562,208563,208587,2021-12-25 04:10:00,2021-12-25 04:15:00,2021-12-25 06:15:00,-1,24
208593,208594,208618,2021-12-25 06:45:00,2021-12-25 06:50:00,2021-12-25 08:50:00,1,24
208622,208623,208647,2021-12-25 09:10:00,2021-12-25 09:15:00,2021-12-25 11:15:00,-1,24
208648,208649,208673,2021-12-25 11:20:00,2021-12-25 11:25:00,2021-12-25 13:25:00,-1,24
208672,208673,208697,2021-12-25 13:20:00,2021-12-25 13:25:00,2021-12-25 15:25:00,1,24
208698,208699,208723,2021-12-25 15:30:00,2021-12-25 15:35:00,2021-12-25 17:35:00,1,24
208722,208723,208747,2021-12-25 17:30:00,2021-12-25 17:35:00,2021-12-25 19:35:00,-1,24
208750,208751,208775,2021-12-25 19:50:00,2021-12-25 19:55:00,2021-12-25 21:55:00,1,24
208775,208776,208800,2021-12-25 21:55:00,2021-12-25 22:00:00,2021-12-26 00:00:00,1,24
208802,208803,208827,2021-12-26 00:10:00,2021-12-26 00:15:00,2021-12-26 02:15:00,-1,24
208826,208827,208851,2021-12-26 02:10:00,2021-12-26 02:15:00,2021-12-26 04:15:00,1,24
208850,208851,208875,2021-12-26 04:10:00,2021-12-26 04:15:00,2021-12-26 06:15:00,-1,24
208883,208884,208908,2021-12-26 06:55:00,2021-12-26 07:00:00,2021-12-26 09:00:00,1,24
208908,208909,208933,2021-12-26 09:00:00,2021-12-26 09:05:00,2021-12-26 11:05:00,-1,24
208951,208952,208976,2021-12-26 12:35:00,2021-12-26 12:40:00,2021-12-26 14:40:00,-1,24
208976,208977,209001,2021-12-26 14:40:00,2021-12-26 14:45:00,2021-12-26 16:45:00,-1,24
209005,209006,209030,2021-12-26 17:05:00,2021-12-26 17:10:00,2021-12-26 19:10:00,1,24
209030,209031,209055,2021-12-26 19:10:00,2021-12-26 19:15:00,2021-12-26 21:15:00,1,24
209055,209056,209080,2021-12-26 21:15:00,2021-12-26 21:20:00,2021-12-26 23:20:00,-1,24
209080,209081,209105,2021-12-26 23:20:00,2021-12-26 23:25:00,2021-12-27 01:25:00,1,24
209104,209105,209129,2021-12-27 01:20:00,2021-12-27 01:25:00,2021-12-27 03:25:00,-1,24
209133,209134,209158,2021-12-27 03:45:00,2021-12-27 03:50:00,2021-12-27 05:50:00,1,24
209157,209158,209182,2021-12-27 05:45:00,2021-12-27 05:50:00,2021-12-27 07:50:00,1,24
209185,209186,209210,2021-12-27 08:05:00,2021-12-27 08:10:00,2021-12-27 10:10:00,-1,24
209209,209210,209234,2021-12-27 10:05:00,2021-12-27 10:10:00,2021-12-27 12:10:00,1,24
209240,209241,209265,2021-12-27 12:40:00,2021-12-27 12:45:00,2021-12-27 14:45:00,1,24
209272,209273,209297,2021-12-27 15:20:00,2021-12-27 15:25:00,2021-12-27 17:25:00,1,24
209311,209312,209336,2021-12-27 18:35:00,2021-12-27 18:40:00,2021-12-27 20:40:00,-1,24
209344,209345,209369,2021-12-27 21:20:00,2021-12-27 21:25:00,2021-12-27 23:25:00,-1,24
209390,209391,209415,2021-12-28 01:10:00,2021-12-28 01:15:00,2021-12-28 03:15:00,-1,24
209442,209443,209467,2021-12-28 05:30:00,2021-12-28 05:35:00,2021-12-28 07:35:00,-1,24
209467,209468,209492,2021-12-28 07:35:00,2021-12-28 07:40:00,2021-12-28 09:40:00,1,24
209494,209495,209519,2021-12-28 09:50:00,2021-12-28 09:55:00,2021-12-28 11:55:00,1,24
209537,209538,209562,2021-12-28 13:25:00,2021-12-28 13:30:00,2021-12-28 15:30:00,-1,24
209564,209565,209589,2021-12-28 15:40:00,2021-12-28 15:45:00,2021-12-28 17:45:00,1,24
209613,209614,209638,2021-12-28 19:45:00,2021-12-28 19:50:00,2021-12-28 21:50:00,-1,24
209638,209639,209663,2021-12-28 21:50:00,2021-12-28 21:55:00,2021-12-28 23:55:00,-1,24
209668,209669,209693,2021-12-29 00:20:00,2021-12-29 00:25:00,2021-12-29 02:25:00,1,24
209696,209697,209721,2021-12-29 02:40:00,2021-12-29 02:45:00,2021-12-29 04:45:00,1,24
209720,209721,209745,2021-12-29 04:40:00,2021-12-29 04:45:00,2021-12-29 06:45:00,1,24
209759,209760,209784,2021-12-29 07:55:00,2021-12-29 08:00:00,2021-12-29 10:00:00,1,24
209785,209786,209810,2021-12-29 10:05:00,2021-12-29 10:10:00,2021-12-29 12:10:00,-1,24
209812,209813,209837,2021-12-29 12:20:00,2021-12-29 12:25:00,2021-12-29 14:25:00,-1,24
209848,209849,209873,2021-12-29 15:20:00,2021-12-29 15:25:00,2021-12-29 17:25:00,-1,24
209884,209885,209909,2021-12-29 18:20:00,2021-12-29 18:25:00,2021-12-29 20:25:00,-1,24
209915,209916,209940,2021-12-29 20:55:00,2021-12-29 21:00:00,2021-12-29 23:00:00,1,24
209939,209940,209964,2021-12-29 22:55:00,2021-12-29 23:00:00,2021-12-30 01:00:00,-1,24
209969,209970,209994,2021-12-30 01:25:00,2021-12-30 01:30:00,2021-12-30 03:30:00,1,24
209995,209996,210020,2021-12-30 03:35:00,2021-12-30 03:40:00,2021-12-30 05:40:00,-1,24
210030,210031,210055,2021-12-30 06:30:00,2021-12-30 06:35:00,2021-12-30 08:35:00,-1,24
210054,210055,210079,2021-12-30 08:30:00,2021-12-30 08:35:00,2021-12-30 10:35:00,1,24
210079,210080,210104,2021-12-30 10:35:00,2021-12-30 10:40:00,2021-12-30 12:40:00,-1,24
210108,210109,210133,2021-12-30 13:00:00,2021-12-30 13:05:00,2021-12-30 15:05:00,1,24
210135,210136,210160,2021-12-30 15:15:00,2021-12-30 15:20:00,2021-12-30 17:20:00,-1,24
210165,210166,210190,2021-12-30 17:45:00,2021-12-30 17:50:00,2021-12-30 19:50:00,-1,24
210192,210193,210217,2021-12-30 20:00:00,2021-12-30 20:05:00,2021-12-30 22:05:00,-1,24
210230,210231,210255,2021-12-30 23:10:00,2021-12-30 23:15:00,2021-12-31 01:15:00,1,24
210256,210257,210281,2021-12-31 01:20:00,2021-12-31 01:25:00,2021-12-31 03:25:00,1,24
210288,210289,210313,2021-12-31 04:00:00,2021-12-31 04:05:00,2021-12-31 06:05:00,1,24
210314,210315,210339,2021-12-31 06:10:00,2021-12-31 06:15:00,2021-12-31 08:15:00,1,24
210360,210361,210385,2021-12-31 10:00:00,2021-12-31 10:05:00,2021-12-31 12:05:00,-1,24
210390,210391,210415,2021-12-31 12:30:00,2021-12-31 12:35:00,2021-12-31 14:35:00,-1,24
210435,210436,210460,2021-12-31 16:15:00,2021-12-31 16:20:00,2021-12-31 18:20:00,1,24
210463,210464,210488,2021-12-31 18:35:00,2021-12-31 18:40:00,2021-12-31 20:40:00,1,24
210492,210493,210517,2021-12-31 21:00:00,2021-12-31 21:05:00,2021-12-31 23:05:00,-1,24
210520,210521,210545,2021-12-31 23:20:00,2021-12-31 23:25:00,2022-01-01 01:25:00,1,24
210546,210547,210571,2022-01-01 01:30:00,2022-01-01 01:35:00,2022-01-01 03:35:00,-1,24
210571,210572,210596,2022-01-01 03:35:00,2022-01-01 03:40:00,2022-01-01 05:40:00,1,24
210603,210604,210628,2022-01-01 06:15:00,2022-01-01 06:20:00,2022-01-01 08:20:00,1,24
210634,210635,210659,2022-01-01 08:50:00,2022-01-01 08:55:00,2022-01-01 10:55:00,1,24
210658,210659,210683,2022-01-01 10:50:00,2022-01-01 10:55:00,2022-01-01 12:55:00,1,24
210692,210693,210717,2022-01-01 13:40:00,2022-01-01 13:45:00,2022-01-01 15:45:00,-1,24
210722,210723,210747,2022-01-01 16:10:00,2022-01-01 16:15:00,2022-01-01 18:15:00,1,24
210749,210750,210774,2022-01-01 18:25:00,2022-01-01 18:30:00,2022-01-01 20:30:00,1,24
210778,210779,210803,2022-01-01 20:50:00,2022-01-01 20:55:00,2022-01-01 22:55:00,1,24
210803,210804,210828,2022-01-01 22:55:00,2022-01-01 23:00:00,2022-01-02 01:00:00,1,24
210833,210834,210858,2022-01-02 01:25:00,2022-01-02 01:30:00,2022-01-02 03:30:00,1,24
210862,210863,210887,2022-01-02 03:50:00,2022-01-02 03:55:00,2022-01-02 05:55:00,-1,24
210889,210890,210914,2022-01-02 06:05:00,2022-01-02 06:10:00,2022-01-02 08:10:00,1,24
210913,210914,210938,2022-01-02 08:05:00,2022-01-02 08:10:00,2022-01-02 10:10:00,1,24
210939,210940,210964,2022-01-02 10:15:00,2022-01-02 10:20:00,2022-01-02 12:20:00,1,24
210966,210967,210991,2022-01-02 12:30:00,2022-01-02 12:35:00,2022-01-02 14:35:00,1,24
210994,210995,211019,2022-01-02 14:50:00,2022-01-02 14:55:00,2022-01-02 16:55:00,-1,24
211026,211027,211051,2022-01-02 17:30:00,2022-01-02 17:35:00,2022-01-02 19:35:00,1,24
211060,211061,211085,2022-01-02 20:20:00,2022-01-02 20:25:00,2022-01-02 22:25:00,1,24
211089,211090,211114,2022-01-02 22:45:00,2022-01-02 22:50:00,2022-01-03 00:50:00,1,24
211119,211120,211144,2022-01-03 01:15:00,2022-01-03 01:20:00,2022-01-03 03:20:00,1,24
211159,211160,211184,2022-01-03 04:35:00,2022-01-03 04:40:00,2022-01-03 06:40:00,-1,24
211183,211184,211208,2022-01-03 06:35:00,2022-01-03 06:40:00,2022-01-03 08:40:00,-1,24
211209,211210,211234,2022-01-03 08:45:00,2022-01-03 08:50:00,2022-01-03 10:50:00,-1,24
211234,211235,211259,2022-01-03 10:50:00,2022-01-03 10:55:00,2022-01-03 12:55:00,1,24
211261,211262,211286,2022-01-03 13:05:00,2022-01-03 13:10:00,2022-01-03 15:10:00,-1,24
211289,211290,211314,2022-01-03 15:25:00,2022-01-03 15:30:00,2022-01-03 17:30:00,-1,24
211323,211324,211348,2022-01-03 18:15:00,2022-01-03 18:20:00,2022-01-03 20:20:00,-1,24
211358,211359,211383,2022-01-03 21:10:00,2022-01-03 21:15:00,2022-01-03 23:15:00,1,24
211384,211385,211409,2022-01-03 23:20:00,2022-01-03 23:25:00,2022-01-04 01:25:00,1,24
211414,211415,211439,2022-01-04 01:50:00,2022-01-04 01:55:00,2022-01-04 03:55:00,-1,24
211442,211443,211467,2022-01-04 04:10:00,2022-01-04 04:15:00,2022-01-04 06:15:00,-1,24
211484,211485,211509,2022-01-04 07:40:00,2022-01-04 07:45:00,2022-01-04 09:45:00,-1,24
211515,211516,211540,2022-01-04 10:15:00,2022-01-04 10:20:00,2022-01-04 12:20:00,-1,24
211542,211543,211567,2022-01-04 12:30:00,2022-01-04 12:35:00,2022-01-04 14:35:00,-1,24
211578,211579,211603,2022-01-04 15:30:00,2022-01-04 15:35:00,2022-01-04 17:35:00,1,24
211605,211606,211630,2022-01-04 17:45:00,2022-01-04 17:50:00,2022-01-04 19:50:00,1,24
211639,211640,211664,2022-01-04 20:35:00,2022-01-04 20:40:00,2022-01-04 22:40:00,1,24
211665,211666,211690,2022-01-04 22:45:00,2022-01-04 22:50:00,2022-01-05 00:50:00,1,24
211697,211698,211722,2022-01-05 01:25:00,2022-01-05 01:30:00,2022-01-05 03:30:00,1,24
211724,211725,211749,2022-01-05 03:40:00,2022-01-05 03:45:00,2022-01-05 05:45:00,1,24
211750,211751,211775,2022-01-05 05:50:00,2022-01-05 05:55:00,2022-01-05 07:55:00,-1,24
211774,211775,211799,2022-01-05 07:50:00,2022-01-05 07:55:00,2022-01-05 09:55:00,-1,24
211807,211808,211832,2022-01-05 10:35:00,2022-01-05 10:40:00,2022-01-05 12:40:00,1,24
211844,211845,211869,2022-01-05 13:40:00,2022-01-05 13:45:00,2022-01-05 15:45:00,1,24
211872,211873,211897,2022-01-05 16:00:00,2022-01-05 16:05:00,2022-01-05 18:05:00,1,24
211964,211965,211989,2022-01-05 23:40:00,2022-01-05 23:45:00,2022-01-06 01:45:00,-1,24
212031,212032,212056,2022-01-06 05:15:00,2022-01-06 05:20:00,2022-01-06 07:20:00,-1,24
212061,212062,212086,2022-01-06 07:45:00,2022-01-06 07:50:00,2022-01-06 09:50:00,-1,24
212167,212168,212192,2022-01-06 16:35:00,2022-01-06 16:40:00,2022-01-06 18:40:00,-1,24
212194,212195,212219,2022-01-06 18:50:00,2022-01-06 18:55:00,2022-01-06 20:55:00,-1,24
212220,212221,212245,2022-01-06 21:00:00,2022-01-06 21:05:00,2022-01-06 23:05:00,-1,24
212246,212247,212271,2022-01-06 23:10:00,2022-01-06 23:15:00,2022-01-07 01:15:00,-1,24
212283,212284,212308,2022-01-07 02:15:00,2022-01-07 02:20:00,2022-01-07 04:20:00,-1,24
212342,212343,212367,2022-01-07 07:10:00,2022-01-07 07:15:00,2022-01-07 09:15:00,1,24
212366,212367,212391,2022-01-07 09:10:00,2022-01-07 09:15:00,2022-01-07 11:15:00,-1,24
212391,212392,212416,2022-01-07 11:15:00,2022-01-07 11:20:00,2022-01-07 13:20:00,-1,24
212417,212418,212442,2022-01-07 13:25:00,2022-01-07 13:30:00,2022-01-07 15:30:00,-1,24
212441,212442,212466,2022-01-07 15:25:00,2022-01-07 15:30:00,2022-01-07 17:30:00,-1,24
212468,212469,212493,2022-01-07 17:40:00,2022-01-07 17:45:00,2022-01-07 19:45:00,-1,24
212495,212496,212520,2022-01-07 19:55:00,2022-01-07 20:00:00,2022-01-07 22:00:00,1,24
212534,212535,212559,2022-01-07 23:10:00,2022-01-07 23:15:00,2022-01-08 01:15:00,-1,24
212572,212573,212597,2022-01-08 02:20:00,2022-01-08 02:25:00,2022-01-08 04:25:00,-1,24
212596,212597,212621,2022-01-08 04:20:00,2022-01-08 04:25:00,2022-01-08 06:25:00,1,24
212623,212624,212648,2022-01-08 06:35:00,2022-01-08 06:40:00,2022-01-08 08:40:00,-1,24
212648,212649,212673,2022-01-08 08:40:00,2022-01-08 08:45:00,2022-01-08 10:45:00,-1,24
212675,212676,212700,2022-01-08 10:55:00,2022-01-08 11:00:00,2022-01-08 13:00:00,-1,24
212714,212715,212739,2022-01-08 14:10:00,2022-01-08 14:15:00,2022-01-08 16:15:00,1,24
212793,212794,212818,2022-01-08 20:45:00,2022-01-08 20:50:00,2022-01-08 22:50:00,-1,24
212817,212818,212842,2022-01-08 22:45:00,2022-01-08 22:50:00,2022-01-09 00:50:00,1,24
212849,212850,212874,2022-01-09 01:25:00,2022-01-09 01:30:00,2022-01-09 03:30:00,1,24
212874,212875,212899,2022-01-09 03:30:00,2022-01-09 03:35:00,2022-01-09 05:35:00,1,24
212901,212902,212926,2022-01-09 05:45:00,2022-01-09 05:50:00,2022-01-09 07:50:00,-1,24
212926,212927,212951,2022-01-09 07:50:00,2022-01-09 07:55:00,2022-01-09 09:55:00,-1,24
212953,212954,212978,2022-01-09 10:05:00,2022-01-09 10:10:00,2022-01-09 12:10:00,1,24
212989,212990,213014,2022-01-09 13:05:00,2022-01-09 13:10:00,2022-01-09 15:10:00,-1,24
213013,213014,213038,2022-01-09 15:05:00,2022-01-09 15:10:00,2022-01-09 17:10:00,-1,24
213037,213038,213062,2022-01-09 17:05:00,2022-01-09 17:10:00,2022-01-09 19:10:00,1,24
213062,213063,213087,2022-01-09 19:10:00,2022-01-09 19:15:00,2022-01-09 21:15:00,-1,24
213092,213093,213117,2022-01-09 21:40:00,2022-01-09 21:45:00,2022-01-09 23:45:00,1,24
213116,213117,213141,2022-01-09 23:40:00,2022-01-09 23:45:00,2022-01-10 01:45:00,-1,24
213144,213145,213169,2022-01-10 02:00:00,2022-01-10 02:05:00,2022-01-10 04:05:00,-1,24
213169,213170,213194,2022-01-10 04:05:00,2022-01-10 04:10:00,2022-01-10 06:10:00,1,24
213202,213203,213227,2022-01-10 06:50:00,2022-01-10 06:55:00,2022-01-10 08:55:00,1,24
213227,213228,213252,2022-01-10 08:55:00,2022-01-10 09:00:00,2022-01-10 11:00:00,-1,24
213251,213252,213276,2022-01-10 10:55:00,2022-01-10 11:00:00,2022-01-10 13:00:00,-1,24
213365,213366,213390,2022-01-10 20:25:00,2022-01-10 20:30:00,2022-01-10 22:30:00,-1,24
213390,213391,213415,2022-01-10 22:30:00,2022-01-10 22:35:00,2022-01-11 00:35:00,1,24
213447,213448,213472,2022-01-11 03:15:00,2022-01-11 03:20:00,2022-01-11 05:20:00,-1,24
213476,213477,213501,2022-01-11 05:40:00,2022-01-11 05:45:00,2022-01-11 07:45:00,-1,24
213536,213537,213561,2022-01-11 10:40:00,2022-01-11 10:45:00,2022-01-11 12:45:00,1,24
213561,213562,213586,2022-01-11 12:45:00,2022-01-11 12:50:00,2022-01-11 14:50:00,-1,24
213629,213630,213654,2022-01-11 18:25:00,2022-01-11 18:30:00,2022-01-11 20:30:00,-1,24
213653,213654,213678,2022-01-11 20:25:00,2022-01-11 20:30:00,2022-01-11 22:30:00,1,24
213681,213682,213706,2022-01-11 22:45:00,2022-01-11 22:50:00,2022-01-12 00:50:00,-1,24
213705,213706,213730,2022-01-12 00:45:00,2022-01-12 00:50:00,2022-01-12 02:50:00,-1,24
213734,213735,213759,2022-01-12 03:10:00,2022-01-12 03:15:00,2022-01-12 05:15:00,-1,24
213761,213762,213786,2022-01-12 05:25:00,2022-01-12 05:30:00,2022-01-12 07:30:00,1,24
213793,213794,213818,2022-01-12 08:05:00,2022-01-12 08:10:00,2022-01-12 10:10:00,-1,24
213899,213900,213924,2022-01-12 16:55:00,2022-01-12 17:00:00,2022-01-12 19:00:00,1,24
213925,213926,213950,2022-01-12 19:05:00,2022-01-12 19:10:00,2022-01-12 21:10:00,-1,24
213958,213959,213983,2022-01-12 21:50:00,2022-01-12 21:55:00,2022-01-12 23:55:00,1,24
213997,213998,214022,2022-01-13 01:05:00,2022-01-13 01:10:00,2022-01-13 03:10:00,-1,24
214021,214022,214046,2022-01-13 03:05:00,2022-01-13 03:10:00,2022-01-13 05:10:00,1,24
214046,214047,214071,2022-01-13 05:10:00,2022-01-13 05:15:00,2022-01-13 07:15:00,1,24
214071,214072,214096,2022-01-13 07:15:00,2022-01-13 07:20:00,2022-01-13 09:20:00,1,24
214095,214096,214120,2022-01-13 09:15:00,2022-01-13 09:20:00,2022-01-13 11:20:00,1,24
214139,214140,214164,2022-01-13 12:55:00,2022-01-13 13:00:00,2022-01-13 15:00:00,-1,24
214171,214172,214196,2022-01-13 15:35:00,2022-01-13 15:40:00,2022-01-13 17:40:00,-1,24
214209,214210,214234,2022-01-13 18:45:00,2022-01-13 18:50:00,2022-01-13 20:50:00,-1,24
214235,214236,214260,2022-01-13 20:55:00,2022-01-13 21:00:00,2022-01-13 23:00:00,-1,24
214259,214260,214284,2022-01-13 22:55:00,2022-01-13 23:00:00,2022-01-14 01:00:00,-1,24
214284,214285,214309,2022-01-14 01:00:00,2022-01-14 01:05:00,2022-01-14 03:05:00,-1,24
214310,214311,214335,2022-01-14 03:10:00,2022-01-14 03:15:00,2022-01-14 05:15:00,1,24
214336,214337,214361,2022-01-14 05:20:00,2022-01-14 05:25:00,2022-01-14 07:25:00,1,24
214372,214373,214397,2022-01-14 08:20:00,2022-01-14 08:25:00,2022-01-14 10:25:00,-1,24
214399,214400,214424,2022-01-14 10:35:00,2022-01-14 10:40:00,2022-01-14 12:40:00,-1,24
214474,214475,214499,2022-01-14 16:50:00,2022-01-14 16:55:00,2022-01-14 18:55:00,1,24
214501,214502,214526,2022-01-14 19:05:00,2022-01-14 19:10:00,2022-01-14 21:10:00,1,24
214527,214528,214552,2022-01-14 21:15:00,2022-01-14 21:20:00,2022-01-14 23:20:00,1,24
214553,214554,214578,2022-01-14 23:25:00,2022-01-14 23:30:00,2022-01-15 01:30:00,-1,24
214585,214586,214610,2022-01-15 02:05:00,2022-01-15 02:10:00,2022-01-15 04:10:00,-1,24
214610,214611,214635,2022-01-15 04:10:00,2022-01-15 04:15:00,2022-01-15 06:15:00,-1,24
214634,214635,214659,2022-01-15 06:10:00,2022-01-15 06:15:00,2022-01-15 08:15:00,-1,24
214658,214659,214683,2022-01-15 08:10:00,2022-01-15 08:15:00,2022-01-15 10:15:00,-1,24
214694,214695,214719,2022-01-15 11:10:00,2022-01-15 11:15:00,2022-01-15 13:15:00,-1,24
214733,214734,214758,2022-01-15 14:25:00,2022-01-15 14:30:00,2022-01-15 16:30:00,-1,24
214759,214760,214784,2022-01-15 16:35:00,2022-01-15 16:40:00,2022-01-15 18:40:00,1,24
214783,214784,214808,2022-01-15 18:35:00,2022-01-15 18:40:00,2022-01-15 20:40:00,-1,24
214822,214823,214847,2022-01-15 21:50:00,2022-01-15 21:55:00,2022-01-15 23:55:00,-1,24
214846,214847,214871,2022-01-15 23:50:00,2022-01-15 23:55:00,2022-01-16 01:55:00,1,24
214870,214871,214895,2022-01-16 01:50:00,2022-01-16 01:55:00,2022-01-16 03:55:00,-1,24
214899,214900,214924,2022-01-16 04:15:00,2022-01-16 04:20:00,2022-01-16 06:20:00,-1,24
214930,214931,214955,2022-01-16 06:50:00,2022-01-16 06:55:00,2022-01-16 08:55:00,-1,24
214955,214956,214980,2022-01-16 08:55:00,2022-01-16 09:00:00,2022-01-16 11:00:00,-1,24
214987,214988,215012,2022-01-16 11:35:00,2022-01-16 11:40:00,2022-01-16 13:40:00,-1,24
215018,215019,215043,2022-01-16 14:10:00,2022-01-16 14:15:00,2022-01-16 16:15:00,-1,24
215057,215058,215082,2022-01-16 17:25:00,2022-01-16 17:30:00,2022-01-16 19:30:00,1,24
215081,215082,215106,2022-01-16 19:25:00,2022-01-16 19:30:00,2022-01-16 21:30:00,1,24
215105,215106,215130,2022-01-16 21:25:00,2022-01-16 21:30:00,2022-01-16 23:30:00,1,24
215134,215135,215159,2022-01-16 23:50:00,2022-01-16 23:55:00,2022-01-17 01:55:00,-1,24
215160,215161,215185,2022-01-17 02:00:00,2022-01-17 02:05:00,2022-01-17 04:05:00,-1,24
215185,215186,215210,2022-01-17 04:05:00,2022-01-17 04:10:00,2022-01-17 06:10:00,-1,24
215210,215211,215235,2022-01-17 06:10:00,2022-01-17 06:15:00,2022-01-17 08:15:00,1,24
215237,215238,215262,2022-01-17 08:25:00,2022-01-17 08:30:00,2022-01-17 10:30:00,-1,24
215261,215262,215286,2022-01-17 10:25:00,2022-01-17 10:30:00,2022-01-17 12:30:00,-1,24
215287,215288,215312,2022-01-17 12:35:00,2022-01-17 12:40:00,2022-01-17 14:40:00,1,24
215311,215312,215336,2022-01-17 14:35:00,2022-01-17 14:40:00,2022-01-17 16:40:00,-1,24
215361,215362,215386,2022-01-17 18:45:00,2022-01-17 18:50:00,2022-01-17 20:50:00,-1,24
215386,215387,215411,2022-01-17 20:50:00,2022-01-17 20:55:00,2022-01-17 22:55:00,-1,24
215411,215412,215436,2022-01-17 22:55:00,2022-01-17 23:00:00,2022-01-18 01:00:00,-1,24
215437,215438,215462,2022-01-18 01:05:00,2022-01-18 01:10:00,2022-01-18 03:10:00,1,24
215461,215462,215486,2022-01-18 03:05:00,2022-01-18 03:10:00,2022-01-18 05:10:00,-1,24
215487,215488,215512,2022-01-18 05:15:00,2022-01-18 05:20:00,2022-01-18 07:20:00,1,24
215513,215514,215538,2022-01-18 07:25:00,2022-01-18 07:30:00,2022-01-18 09:30:00,-1,24
215555,215556,215580,2022-01-18 10:55:00,2022-01-18 11:00:00,2022-01-18 13:00:00,1,24
215582,215583,215607,2022-01-18 13:10:00,2022-01-18 13:15:00,2022-01-18 15:15:00,-1,24
215607,215608,215632,2022-01-18 15:15:00,2022-01-18 15:20:00,2022-01-18 17:20:00,1,24
215634,215635,215659,2022-01-18 17:30:00,2022-01-18 17:35:00,2022-01-18 19:35:00,-1,24
215673,215674,215698,2022-01-18 20:45:00,2022-01-18 20:50:00,2022-01-18 22:50:00,-1,24
215705,215706,215730,2022-01-18 23:25:00,2022-01-18 23:30:00,2022-01-19 01:30:00,-1,24
215732,215733,215757,2022-01-19 01:40:00,2022-01-19 01:45:00,2022-01-19 03:45:00,1,24
215774,215775,215799,2022-01-19 05:10:00,2022-01-19 05:15:00,2022-01-19 07:15:00,-1,24
215813,215814,215838,2022-01-19 08:25:00,2022-01-19 08:30:00,2022-01-19 10:30:00,1,24
215839,215840,215864,2022-01-19 10:35:00,2022-01-19 10:40:00,2022-01-19 12:40:00,1,24
215863,215864,215888,2022-01-19 12:35:00,2022-01-19 12:40:00,2022-01-19 14:40:00,1,24
215929,215930,215954,2022-01-19 18:05:00,2022-01-19 18:10:00,2022-01-19 20:10:00,1,24
215954,215955,215979,2022-01-19 20:10:00,2022-01-19 20:15:00,2022-01-19 22:15:00,-1,24
215982,215983,216007,2022-01-19 22:30:00,2022-01-19 22:35:00,2022-01-20 00:35:00,-1,24
216006,216007,216031,2022-01-20 00:30:00,2022-01-20 00:35:00,2022-01-20 02:35:00,-1,24
216035,216036,216060,2022-01-20 02:55:00,2022-01-20 03:00:00,2022-01-20 05:00:00,1,24
216061,216062,216086,2022-01-20 05:05:00,2022-01-20 05:10:00,2022-01-20 07:10:00,1,24
216086,216087,216111,2022-01-20 07:10:00,2022-01-20 07:15:00,2022-01-20 09:15:00,-1,24
216110,216111,216135,2022-01-20 09:10:00,2022-01-20 09:15:00,2022-01-20 11:15:00,-1,24
216134,216135,216159,2022-01-20 11:10:00,2022-01-20 11:15:00,2022-01-20 13:15:00,1,24
216161,216162,216186,2022-01-20 13:25:00,2022-01-20 13:30:00,2022-01-20 15:30:00,-1,24
216216,216217,216241,2022-01-20 18:00:00,2022-01-20 18:05:00,2022-01-20 20:05:00,1,24
216240,216241,216265,2022-01-20 20:00:00,2022-01-20 20:05:00,2022-01-20 22:05:00,-1,24
216298,216299,216323,2022-01-21 00:50:00,2022-01-21 00:55:00,2022-01-21 02:55:00,1,24
216323,216324,216348,2022-01-21 02:55:00,2022-01-21 03:00:00,2022-01-21 05:00:00,-1,24
216375,216376,216400,2022-01-21 07:15:00,2022-01-21 07:20:00,2022-01-21 09:20:00,1,24
216400,216401,216425,2022-01-21 09:20:00,2022-01-21 09:25:00,2022-01-21 11:25:00,-1,24
216453,216454,216478,2022-01-21 13:45:00,2022-01-21 13:50:00,2022-01-21 15:50:00,1,24
216497,216498,216522,2022-01-21 17:25:00,2022-01-21 17:30:00,2022-01-21 19:30:00,1,24
216617,216618,216642,2022-01-22 03:25:00,2022-01-22 03:30:00,2022-01-22 05:30:00,-1,24
216645,216646,216670,2022-01-22 05:45:00,2022-01-22 05:50:00,2022-01-22 07:50:00,-1,24
216798,216799,216823,2022-01-22 18:30:00,2022-01-22 18:35:00,2022-01-22 20:35:00,-1,24
216838,216839,216863,2022-01-22 21:50:00,2022-01-22 21:55:00,2022-01-22 23:55:00,-1,24
216885,216886,216910,2022-01-23 01:45:00,2022-01-23 01:50:00,2022-01-23 03:50:00,1,24
216911,216912,216936,2022-01-23 03:55:00,2022-01-23 04:00:00,2022-01-23 06:00:00,1,24
216940,216941,216965,2022-01-23 06:20:00,2022-01-23 06:25:00,2022-01-23 08:25:00,-1,24
216981,216982,217006,2022-01-23 09:45:00,2022-01-23 09:50:00,2022-01-23 11:50:00,1,24
217009,217010,217034,2022-01-23 12:05:00,2022-01-23 12:10:00,2022-01-23 14:10:00,1,24
217109,217110,217134,2022-01-23 20:25:00,2022-01-23 20:30:00,2022-01-23 22:30:00,1,24
217162,217163,217187,2022-01-24 00:50:00,2022-01-24 00:55:00,2022-01-24 02:55:00,-1,24
217188,217189,217213,2022-01-24 03:00:00,2022-01-24 03:05:00,2022-01-24 05:05:00,-1,24
217213,217214,217238,2022-01-24 05:05:00,2022-01-24 05:10:00,2022-01-24 07:10:00,-1,24
217250,217251,217275,2022-01-24 08:10:00,2022-01-24 08:15:00,2022-01-24 10:15:00,1,24
217318,217319,217343,2022-01-24 13:50:00,2022-01-24 13:55:00,2022-01-24 15:55:00,-1,24
217460,217461,217485,2022-01-25 01:40:00,2022-01-25 01:45:00,2022-01-25 03:45:00,1,24
217491,217492,217516,2022-01-25 04:15:00,2022-01-25 04:20:00,2022-01-25 06:20:00,1,24
217570,217571,217595,2022-01-25 10:50:00,2022-01-25 10:55:00,2022-01-25 12:55:00,-1,24
217602,217603,217627,2022-01-25 13:30:00,2022-01-25 13:35:00,2022-01-25 15:35:00,-1,24
217714,217715,217739,2022-01-25 22:50:00,2022-01-25 22:55:00,2022-01-26 00:55:00,1,24
217745,217746,217770,2022-01-26 01:25:00,2022-01-26 01:30:00,2022-01-26 03:30:00,-1,24
217778,217779,217803,2022-01-26 04:10:00,2022-01-26 04:15:00,2022-01-26 06:15:00,-1,24
217823,217824,217848,2022-01-26 07:55:00,2022-01-26 08:00:00,2022-01-26 10:00:00,-1,24
217864,217865,217889,2022-01-26 11:20:00,2022-01-26 11:25:00,2022-01-26 13:25:00,-1,24
217953,217954,217978,2022-01-26 18:45:00,2022-01-26 18:50:00,2022-01-26 20:50:00,1,24
218025,218026,218050,2022-01-27 00:45:00,2022-01-27 00:50:00,2022-01-27 02:50:00,1,24
218072,218073,218097,2022-01-27 04:40:00,2022-01-27 04:45:00,2022-01-27 06:45:00,1,24
218107,218108,218132,2022-01-27 07:35:00,2022-01-27 07:40:00,2022-01-27 09:40:00,1,24
218134,218135,218159,2022-01-27 09:50:00,2022-01-27 09:55:00,2022-01-27 11:55:00,-1,24
218180,218181,218205,2022-01-27 13:40:00,2022-01-27 13:45:00,2022-01-27 15:45:00,-1,24
218230,218231,218255,2022-01-27 17:50:00,2022-01-27 17:55:00,2022-01-27 19:55:00,-1,24
218306,218307,218331,2022-01-28 00:10:00,2022-01-28 00:15:00,2022-01-28 02:15:00,-1,24
218374,218375,218399,2022-01-28 05:50:00,2022-01-28 05:55:00,2022-01-28 07:55:00,1,24
218398,218399,218423,2022-01-28 07:50:00,2022-01-28 07:55:00,2022-01-28 09:55:00,-1,24
218430,218431,218455,2022-01-28 10:30:00,2022-01-28 10:35:00,2022-01-28 12:35:00,-1,24
218477,218478,218502,2022-01-28 14:25:00,2022-01-28 14:30:00,2022-01-28 16:30:00,-1,24
218522,218523,218547,2022-01-28 18:10:00,2022-01-28 18:15:00,2022-01-28 20:15:00,1,24
218575,218576,218600,2022-01-28 22:35:00,2022-01-28 22:40:00,2022-01-29 00:40:00,1,24
218601,218602,218626,2022-01-29 00:45:00,2022-01-29 00:50:00,2022-01-29 02:50:00,1,24
218628,218629,218653,2022-01-29 03:00:00,2022-01-29 03:05:00,2022-01-29 05:05:00,1,24
218658,218659,218683,2022-01-29 05:30:00,2022-01-29 05:35:00,2022-01-29 07:35:00,-1,24
218682,218683,218707,2022-01-29 07:30:00,2022-01-29 07:35:00,2022-01-29 09:35:00,1,24
218706,218707,218731,2022-01-29 09:30:00,2022-01-29 09:35:00,2022-01-29 11:35:00,-1,24
218739,218740,218764,2022-01-29 12:15:00,2022-01-29 12:20:00,2022-01-29 14:20:00,-1,24
218807,218808,218832,2022-01-29 17:55:00,2022-01-29 18:00:00,2022-01-29 20:00:00,1,24
218863,218864,218888,2022-01-29 22:35:00,2022-01-29 22:40:00,2022-01-30 00:40:00,-1,24
218902,218903,218927,2022-01-30 01:50:00,2022-01-30 01:55:00,2022-01-30 03:55:00,-1,24
218927,218928,218952,2022-01-30 03:55:00,2022-01-30 04:00:00,2022-01-30 06:00:00,-1,24
218951,218952,218976,2022-01-30 05:55:00,2022-01-30 06:00:00,2022-01-30 08:00:00,1,24
218979,218980,219004,2022-01-30 08:15:00,2022-01-30 08:20:00,2022-01-30 10:20:00,1,24
219005,219006,219030,2022-01-30 10:25:00,2022-01-30 10:30:00,2022-01-30 12:30:00,-1,24
219029,219030,219054,2022-01-30 12:25:00,2022-01-30 12:30:00,2022-01-30 14:30:00,-1,24
219057,219058,219082,2022-01-30 14:45:00,2022-01-30 14:50:00,2022-01-30 16:50:00,1,24
219090,219091,219115,2022-01-30 17:30:00,2022-01-30 17:35:00,2022-01-30 19:35:00,1,24
219118,219119,219143,2022-01-30 19:50:00,2022-01-30 19:55:00,2022-01-30 21:55:00,-1,24
219155,219156,219180,2022-01-30 22:55:00,2022-01-30 23:00:00,2022-01-31 01:00:00,1,24
219187,219188,219212,2022-01-31 01:35:00,2022-01-31 01:40:00,2022-01-31 03:40:00,-1,24
219212,219213,219237,2022-01-31 03:40:00,2022-01-31 03:45:00,2022-01-31 05:45:00,-1,24
219238,219239,219263,2022-01-31 05:50:00,2022-01-31 05:55:00,2022-01-31 07:55:00,-1,24
219269,219270,219294,2022-01-31 08:25:00,2022-01-31 08:30:00,2022-01-31 10:30:00,-1,24
219316,219317,219341,2022-01-31 12:20:00,2022-01-31 12:25:00,2022-01-31 14:25:00,-1,24
219413,219414,219438,2022-01-31 20:25:00,2022-01-31 20:30:00,2022-01-31 22:30:00,1,24
219447,219448,219472,2022-01-31 23:15:00,2022-01-31 23:20:00,2022-02-01 01:20:00,1,24
219472,219473,219497,2022-02-01 01:20:00,2022-02-01 01:25:00,2022-02-01 03:25:00,1,24
219498,219499,219523,2022-02-01 03:30:00,2022-02-01 03:35:00,2022-02-01 05:35:00,1,24
219538,219539,219563,2022-02-01 06:50:00,2022-02-01 06:55:00,2022-02-01 08:55:00,-1,24
219595,219596,219620,2022-02-01 11:35:00,2022-02-01 11:40:00,2022-02-01 13:40:00,-1,24
219670,219671,219695,2022-02-01 17:50:00,2022-02-01 17:55:00,2022-02-01 19:55:00,-1,24
219717,219718,219742,2022-02-01 21:45:00,2022-02-01 21:50:00,2022-02-01 23:50:00,1,24
219741,219742,219766,2022-02-01 23:45:00,2022-02-01 23:50:00,2022-02-02 01:50:00,-1,24
219773,219774,219798,2022-02-02 02:25:00,2022-02-02 02:30:00,2022-02-02 04:30:00,1,24
219802,219803,219827,2022-02-02 04:50:00,2022-02-02 04:55:00,2022-02-02 06:55:00,1,24
219842,219843,219867,2022-02-02 08:10:00,2022-02-02 08:15:00,2022-02-02 10:15:00,1,24
219874,219875,219899,2022-02-02 10:50:00,2022-02-02 10:55:00,2022-02-02 12:55:00,1,24
219914,219915,219939,2022-02-02 14:10:00,2022-02-02 14:15:00,2022-02-02 16:15:00,-1,24
219953,219954,219978,2022-02-02 17:25:00,2022-02-02 17:30:00,2022-02-02 19:30:00,1,24
219986,219987,220011,2022-02-02 20:10:00,2022-02-02 20:15:00,2022-02-02 22:15:00,-1,24
220022,220023,220047,2022-02-02 23:10:00,2022-02-02 23:15:00,2022-02-03 01:15:00,-1,24
220056,220057,220081,2022-02-03 02:00:00,2022-02-03 02:05:00,2022-02-03 04:05:00,1,24
220081,220082,220106,2022-02-03 04:05:00,2022-02-03 04:10:00,2022-02-03 06:10:00,1,24
220110,220111,220135,2022-02-03 06:30:00,2022-02-03 06:35:00,2022-02-03 08:35:00,-1,24
220245,220246,220270,2022-02-03 17:45:00,2022-02-03 17:50:00,2022-02-03 19:50:00,1,24
220312,220313,220337,2022-02-03 23:20:00,2022-02-03 23:25:00,2022-02-04 01:25:00,1,24
220337,220338,220362,2022-02-04 01:25:00,2022-02-04 01:30:00,2022-02-04 03:30:00,1,24
220363,220364,220388,2022-02-04 03:35:00,2022-02-04 03:40:00,2022-02-04 05:40:00,1,24
220391,220392,220416,2022-02-04 05:55:00,2022-02-04 06:00:00,2022-02-04 08:00:00,-1,24
220452,220453,220477,2022-02-04 11:00:00,2022-02-04 11:05:00,2022-02-04 13:05:00,1,24
220573,220574,220598,2022-02-04 21:05:00,2022-02-04 21:10:00,2022-02-04 23:10:00,1,24
220650,220651,220675,2022-02-05 03:30:00,2022-02-05 03:35:00,2022-02-05 05:35:00,1,24
220691,220692,220716,2022-02-05 06:55:00,2022-02-05 07:00:00,2022-02-05 09:00:00,1,24
220718,220719,220743,2022-02-05 09:10:00,2022-02-05 09:15:00,2022-02-05 11:15:00,-1,24
220751,220752,220776,2022-02-05 11:55:00,2022-02-05 12:00:00,2022-02-05 14:00:00,1,24
220799,220800,220824,2022-02-05 15:55:00,2022-02-05 16:00:00,2022-02-05 18:00:00,-1,24
220854,220855,220879,2022-02-05 20:30:00,2022-02-05 20:35:00,2022-02-05 22:35:00,-1,24
220878,220879,220903,2022-02-05 22:30:00,2022-02-05 22:35:00,2022-02-06 00:35:00,1,24
220908,220909,220933,2022-02-06 01:00:00,2022-02-06 01:05:00,2022-02-06 03:05:00,-1,24
220939,220940,220964,2022-02-06 03:35:00,2022-02-06 03:40:00,2022-02-06 05:40:00,-1,24
220981,220982,221006,2022-02-06 07:05:00,2022-02-06 07:10:00,2022-02-06 09:10:00,-1,24
221006,221007,221031,2022-02-06 09:10:00,2022-02-06 09:15:00,2022-02-06 11:15:00,1,24
221032,221033,221057,2022-02-06 11:20:00,2022-02-06 11:25:00,2022-02-06 13:25:00,-1,24
221057,221058,221082,2022-02-06 13:25:00,2022-02-06 13:30:00,2022-02-06 15:30:00,1,24
221087,221088,221112,2022-02-06 15:55:00,2022-02-06 16:00:00,2022-02-06 18:00:00,-1,24
221119,221120,221144,2022-02-06 18:35:00,2022-02-06 18:40:00,2022-02-06 20:40:00,-1,24
221149,221150,221174,2022-02-06 21:05:00,2022-02-06 21:10:00,2022-02-06 23:10:00,1,24
221196,221197,221221,2022-02-07 01:00:00,2022-02-07 01:05:00,2022-02-07 03:05:00,-1,24
221221,221222,221246,2022-02-07 03:05:00,2022-02-07 03:10:00,2022-02-07 05:10:00,-1,24
221276,221277,221301,2022-02-07 07:40:00,2022-02-07 07:45:00,2022-02-07 09:45:00,1,24
221312,221313,221337,2022-02-07 10:40:00,2022-02-07 10:45:00,2022-02-07 12:45:00,-1,24
221336,221337,221361,2022-02-07 12:40:00,2022-02-07 12:45:00,2022-02-07 14:45:00,-1,24
221422,221423,221447,2022-02-07 19:50:00,2022-02-07 19:55:00,2022-02-07 21:55:00,1,24
221448,221449,221473,2022-02-07 22:00:00,2022-02-07 22:05:00,2022-02-08 00:05:00,-1,24
221480,221481,221505,2022-02-08 00:40:00,2022-02-08 00:45:00,2022-02-08 02:45:00,-1,24
221510,221511,221535,2022-02-08 03:10:00,2022-02-08 03:15:00,2022-02-08 05:15:00,-1,24
221577,221578,221602,2022-02-08 08:45:00,2022-02-08 08:50:00,2022-02-08 10:50:00,-1,24
221612,221613,221637,2022-02-08 11:40:00,2022-02-08 11:45:00,2022-02-08 13:45:00,1,24
221644,221645,221669,2022-02-08 14:20:00,2022-02-08 14:25:00,2022-02-08 16:25:00,-1,24
221699,221700,221724,2022-02-08 18:55:00,2022-02-08 19:00:00,2022-02-08 21:00:00,-1,24
221727,221728,221752,2022-02-08 21:15:00,2022-02-08 21:20:00,2022-02-08 23:20:00,-1,24
221752,221753,221777,2022-02-08 23:20:00,2022-02-08 23:25:00,2022-02-09 01:25:00,-1,24
221776,221777,221801,2022-02-09 01:20:00,2022-02-09 01:25:00,2022-02-09 03:25:00,-1,24
221801,221802,221826,2022-02-09 03:25:00,2022-02-09 03:30:00,2022-02-09 05:30:00,-1,24
221834,221835,221859,2022-02-09 06:10:00,2022-02-09 06:15:00,2022-02-09 08:15:00,-1,24
221866,221867,221891,2022-02-09 08:50:00,2022-02-09 08:55:00,2022-02-09 10:55:00,1,24
221894,221895,221919,2022-02-09 11:10:00,2022-02-09 11:15:00,2022-02-09 13:15:00,-1,24
221957,221958,221982,2022-02-09 16:25:00,2022-02-09 16:30:00,2022-02-09 18:30:00,1,24
221983,221984,222008,2022-02-09 18:35:00,2022-02-09 18:40:00,2022-02-09 20:40:00,-1,24
222014,222015,222039,2022-02-09 21:10:00,2022-02-09 21:15:00,2022-02-09 23:15:00,1,24
222043,222044,222068,2022-02-09 23:35:00,2022-02-09 23:40:00,2022-02-10 01:40:00,1,24
222086,222087,222111,2022-02-10 03:10:00,2022-02-10 03:15:00,2022-02-10 05:15:00,-1,24
222112,222113,222137,2022-02-10 05:20:00,2022-02-10 05:25:00,2022-02-10 07:25:00,-1,24
222137,222138,222162,2022-02-10 07:25:00,2022-02-10 07:30:00,2022-02-10 09:30:00,-1,24
222168,222169,222193,2022-02-10 10:00:00,2022-02-10 10:05:00,2022-02-10 12:05:00,1,24
222327,222328,222352,2022-02-10 23:15:00,2022-02-10 23:20:00,2022-02-11 01:20:00,-1,24
222366,222367,222391,2022-02-11 02:30:00,2022-02-11 02:35:00,2022-02-11 04:35:00,-1,24
222391,222392,222416,2022-02-11 04:35:00,2022-02-11 04:40:00,2022-02-11 06:40:00,1,24
222438,222439,222463,2022-02-11 08:30:00,2022-02-11 08:35:00,2022-02-11 10:35:00,1,24
222547,222548,222572,2022-02-11 17:35:00,2022-02-11 17:40:00,2022-02-11 19:40:00,1,24
222623,222624,222648,2022-02-11 23:55:00,2022-02-12 00:00:00,2022-02-12 02:00:00,1,24
222652,222653,222677,2022-02-12 02:20:00,2022-02-12 02:25:00,2022-02-12 04:25:00,-1,24
222687,222688,222712,2022-02-12 05:15:00,2022-02-12 05:20:00,2022-02-12 07:20:00,-1,24
222717,222718,222742,2022-02-12 07:45:00,2022-02-12 07:50:00,2022-02-12 09:50:00,-1,24
222783,222784,222808,2022-02-12 13:15:00,2022-02-12 13:20:00,2022-02-12 15:20:00,-1,24
222814,222815,222839,2022-02-12 15:50:00,2022-02-12 15:55:00,2022-02-12 17:55:00,1,24
222847,222848,222872,2022-02-12 18:35:00,2022-02-12 18:40:00,2022-02-12 20:40:00,-1,24
222872,222873,222897,2022-02-12 20:40:00,2022-02-12 20:45:00,2022-02-12 22:45:00,1,24
222900,222901,222925,2022-02-12 23:00:00,2022-02-12 23:05:00,2022-02-13 01:05:00,1,24
222924,222925,222949,2022-02-13 01:00:00,2022-02-13 01:05:00,2022-02-13 03:05:00,-1,24
222948,222949,222973,2022-02-13 03:00:00,2022-02-13 03:05:00,2022-02-13 05:05:00,1,24
222972,222973,222997,2022-02-13 05:00:00,2022-02-13 05:05:00,2022-02-13 07:05:00,1,24
223004,223005,223029,2022-02-13 07:40:00,2022-02-13 07:45:00,2022-02-13 09:45:00,-1,24
223032,223033,223057,2022-02-13 10:00:00,2022-02-13 10:05:00,2022-02-13 12:05:00,-1,24
223057,223058,223082,2022-02-13 12:05:00,2022-02-13 12:10:00,2022-02-13 14:10:00,-1,24
223095,223096,223120,2022-02-13 15:15:00,2022-02-13 15:20:00,2022-02-13 17:20:00,1,24
223124,223125,223149,2022-02-13 17:40:00,2022-02-13 17:45:00,2022-02-13 19:45:00,-1,24
223153,223154,223178,2022-02-13 20:05:00,2022-02-13 20:10:00,2022-02-13 22:10:00,-1,24
223185,223186,223210,2022-02-13 22:45:00,2022-02-13 22:50:00,2022-02-14 00:50:00,1,24
223214,223215,223239,2022-02-14 01:10:00,2022-02-14 01:15:00,2022-02-14 03:15:00,1,24
223242,223243,223267,2022-02-14 03:30:00,2022-02-14 03:35:00,2022-02-14 05:35:00,-1,24
223288,223289,223313,2022-02-14 07:20:00,2022-02-14 07:25:00,2022-02-14 09:25:00,1,24
223318,223319,223343,2022-02-14 09:50:00,2022-02-14 09:55:00,2022-02-14 11:55:00,1,24
223349,223350,223374,2022-02-14 12:25:00,2022-02-14 12:30:00,2022-02-14 14:30:00,-1,24
223409,223410,223434,2022-02-14 17:25:00,2022-02-14 17:30:00,2022-02-14 19:30:00,-1,24
223451,223452,223476,2022-02-14 20:55:00,2022-02-14 21:00:00,2022-02-14 23:00:00,1,24
223482,223483,223507,2022-02-14 23:30:00,2022-02-14 23:35:00,2022-02-15 01:35:00,1,24
223526,223527,223551,2022-02-15 03:10:00,2022-02-15 03:15:00,2022-02-15 05:15:00,-1,24
223553,223554,223578,2022-02-15 05:25:00,2022-02-15 05:30:00,2022-02-15 07:30:00,-1,24
223611,223612,223636,2022-02-15 10:15:00,2022-02-15 10:20:00,2022-02-15 12:20:00,-1,24
223678,223679,223703,2022-02-15 15:50:00,2022-02-15 15:55:00,2022-02-15 17:55:00,1,24
223714,223715,223739,2022-02-15 18:50:00,2022-02-15 18:55:00,2022-02-15 20:55:00,1,24
223743,223744,223768,2022-02-15 21:15:00,2022-02-15 21:20:00,2022-02-15 23:20:00,-1,24
223778,223779,223803,2022-02-16 00:10:00,2022-02-16 00:15:00,2022-02-16 02:15:00,-1,24
223802,223803,223827,2022-02-16 02:10:00,2022-02-16 02:15:00,2022-02-16 04:15:00,-1,24
223826,223827,223851,2022-02-16 04:10:00,2022-02-16 04:15:00,2022-02-16 06:15:00,1,24
223854,223855,223879,2022-02-16 06:30:00,2022-02-16 06:35:00,2022-02-16 08:35:00,-1,24
223881,223882,223906,2022-02-16 08:45:00,2022-02-16 08:50:00,2022-02-16 10:50:00,-1,24
223912,223913,223937,2022-02-16 11:20:00,2022-02-16 11:25:00,2022-02-16 13:25:00,1,24
223984,223985,224009,2022-02-16 17:20:00,2022-02-16 17:25:00,2022-02-16 19:25:00,-1,24
224024,224025,224049,2022-02-16 20:40:00,2022-02-16 20:45:00,2022-02-16 22:45:00,-1,24
224050,224051,224075,2022-02-16 22:50:00,2022-02-16 22:55:00,2022-02-17 00:55:00,1,24
224083,224084,224108,2022-02-17 01:35:00,2022-02-17 01:40:00,2022-02-17 03:40:00,1,24
224121,224122,224146,2022-02-17 04:45:00,2022-02-17 04:50:00,2022-02-17 06:50:00,-1,24
224146,224147,224171,2022-02-17 06:50:00,2022-02-17 06:55:00,2022-02-17 08:55:00,1,24
224183,224184,224208,2022-02-17 09:55:00,2022-02-17 10:00:00,2022-02-17 12:00:00,-1,24
224215,224216,224240,2022-02-17 12:35:00,2022-02-17 12:40:00,2022-02-17 14:40:00,1,24
224273,224274,224298,2022-02-17 17:25:00,2022-02-17 17:30:00,2022-02-17 19:30:00,-1,24
224349,224350,224374,2022-02-17 23:45:00,2022-02-17 23:50:00,2022-02-18 01:50:00,1,24
224390,224391,224415,2022-02-18 03:10:00,2022-02-18 03:15:00,2022-02-18 05:15:00,-1,24
224426,224427,224451,2022-02-18 06:10:00,2022-02-18 06:15:00,2022-02-18 08:15:00,-1,24
224456,224457,224481,2022-02-18 08:40:00,2022-02-18 08:45:00,2022-02-18 10:45:00,-1,24
224507,224508,224532,2022-02-18 12:55:00,2022-02-18 13:00:00,2022-02-18 15:00:00,-1,24
224576,224577,224601,2022-02-18 18:40:00,2022-02-18 18:45:00,2022-02-18 20:45:00,1,24
224612,224613,224637,2022-02-18 21:40:00,2022-02-18 21:45:00,2022-02-18 23:45:00,-1,24
224636,224637,224661,2022-02-18 23:40:00,2022-02-18 23:45:00,2022-02-19 01:45:00,-1,24
224662,224663,224687,2022-02-19 01:50:00,2022-02-19 01:55:00,2022-02-19 03:55:00,1,24
224689,224690,224714,2022-02-19 04:05:00,2022-02-19 04:10:00,2022-02-19 06:10:00,1,24
224714,224715,224739,2022-02-19 06:10:00,2022-02-19 06:15:00,2022-02-19 08:15:00,1,24
224751,224752,224776,2022-02-19 09:15:00,2022-02-19 09:20:00,2022-02-19 11:20:00,-1,24
224784,224785,224809,2022-02-19 12:00:00,2022-02-19 12:05:00,2022-02-19 14:05:00,1,24
224811,224812,224836,2022-02-19 14:15:00,2022-02-19 14:20:00,2022-02-19 16:20:00,-1,24
224849,224850,224874,2022-02-19 17:25:00,2022-02-19 17:30:00,2022-02-19 19:30:00,-1,24
224873,224874,224898,2022-02-19 19:25:00,2022-02-19 19:30:00,2022-02-19 21:30:00,-1,24
224898,224899,224923,2022-02-19 21:30:00,2022-02-19 21:35:00,2022-02-19 23:35:00,1,24
224922,224923,224947,2022-02-19 23:30:00,2022-02-19 23:35:00,2022-02-20 01:35:00,-1,24
224952,224953,224977,2022-02-20 02:00:00,2022-02-20 02:05:00,2022-02-20 04:05:00,1,24
224979,224980,225004,2022-02-20 04:15:00,2022-02-20 04:20:00,2022-02-20 06:20:00,-1,24
225052,225053,225077,2022-02-20 10:20:00,2022-02-20 10:25:00,2022-02-20 12:25:00,-1,24
225085,225086,225110,2022-02-20 13:05:00,2022-02-20 13:10:00,2022-02-20 15:10:00,1,24
225111,225112,225136,2022-02-20 15:15:00,2022-02-20 15:20:00,2022-02-20 17:20:00,1,24
225136,225137,225161,2022-02-20 17:20:00,2022-02-20 17:25:00,2022-02-20 19:25:00,1,24
225164,225165,225189,2022-02-20 19:40:00,2022-02-20 19:45:00,2022-02-20 21:45:00,1,24
225247,225248,225272,2022-02-21 02:35:00,2022-02-21 02:40:00,2022-02-21 04:40:00,-1,24
225271,225272,225296,2022-02-21 04:35:00,2022-02-21 04:40:00,2022-02-21 06:40:00,-1,24
225296,225297,225321,2022-02-21 06:40:00,2022-02-21 06:45:00,2022-02-21 08:45:00,1,24
225323,225324,225348,2022-02-21 08:55:00,2022-02-21 09:00:00,2022-02-21 11:00:00,1,24
225354,225355,225379,2022-02-21 11:30:00,2022-02-21 11:35:00,2022-02-21 13:35:00,-1,24
225514,225515,225539,2022-02-22 00:50:00,2022-02-22 00:55:00,2022-02-22 02:55:00,1,24
225563,225564,225588,2022-02-22 04:55:00,2022-02-22 05:00:00,2022-02-22 07:00:00,1,24
225615,225616,225640,2022-02-22 09:15:00,2022-02-22 09:20:00,2022-02-22 11:20:00,-1,24
225647,225648,225672,2022-02-22 11:55:00,2022-02-22 12:00:00,2022-02-22 14:00:00,1,24
225757,225758,225782,2022-02-22 21:05:00,2022-02-22 21:10:00,2022-02-22 23:10:00,1,24
225794,225795,225819,2022-02-23 00:10:00,2022-02-23 00:15:00,2022-02-23 02:15:00,1,24
225826,225827,225851,2022-02-23 02:50:00,2022-02-23 02:55:00,2022-02-23 04:55:00,-1,24
225857,225858,225882,2022-02-23 05:25:00,2022-02-23 05:30:00,2022-02-23 07:30:00,-1,24
225885,225886,225910,2022-02-23 07:45:00,2022-02-23 07:50:00,2022-02-23 09:50:00,-1,24
225920,225921,225945,2022-02-23 10:40:00,2022-02-23 10:45:00,2022-02-23 12:45:00,1,24
225956,225957,225981,2022-02-23 13:40:00,2022-02-23 13:45:00,2022-02-23 15:45:00,-1,24
225987,225988,226012,2022-02-23 16:15:00,2022-02-23 16:20:00,2022-02-23 18:20:00,1,24
226015,226016,226040,2022-02-23 18:35:00,2022-02-23 18:40:00,2022-02-23 20:40:00,-1,24
226051,226052,226076,2022-02-23 21:35:00,2022-02-23 21:40:00,2022-02-23 23:40:00,1,24
226101,226102,226126,2022-02-24 01:45:00,2022-02-24 01:50:00,2022-02-24 03:50:00,-1,24
226200,226201,226225,2022-02-24 10:00:00,2022-02-24 10:05:00,2022-02-24 12:05:00,1,24
226340,226341,226365,2022-02-24 21:40:00,2022-02-24 21:45:00,2022-02-24 23:45:00,1,24
226381,226382,226406,2022-02-25 01:05:00,2022-02-25 01:10:00,2022-02-25 03:10:00,-1,24
226426,226427,226451,2022-02-25 04:50:00,2022-02-25 04:55:00,2022-02-25 06:55:00,-1,24
226455,226456,226480,2022-02-25 07:15:00,2022-02-25 07:20:00,2022-02-25 09:20:00,1,24
226499,226500,226524,2022-02-25 10:55:00,2022-02-25 11:00:00,2022-02-25 13:00:00,-1,24
226538,226539,226563,2022-02-25 14:10:00,2022-02-25 14:15:00,2022-02-25 16:15:00,-1,24
226579,226580,226604,2022-02-25 17:35:00,2022-02-25 17:40:00,2022-02-25 19:40:00,1,24
226628,226629,226653,2022-02-25 21:40:00,2022-02-25 21:45:00,2022-02-25 23:45:00,1,24
226682,226683,226707,2022-02-26 02:10:00,2022-02-26 02:15:00,2022-02-26 04:15:00,-1,24
226707,226708,226732,2022-02-26 04:15:00,2022-02-26 04:20:00,2022-02-26 06:20:00,1,24
226733,226734,226758,2022-02-26 06:25:00,2022-02-26 06:30:00,2022-02-26 08:30:00,-1,24
226799,226800,226824,2022-02-26 11:55:00,2022-02-26 12:00:00,2022-02-26 14:00:00,-1,24
226823,226824,226848,2022-02-26 13:55:00,2022-02-26 14:00:00,2022-02-26 16:00:00,1,24
226847,226848,226872,2022-02-26 15:55:00,2022-02-26 16:00:00,2022-02-26 18:00:00,1,24
226871,226872,226896,2022-02-26 17:55:00,2022-02-26 18:00:00,2022-02-26 20:00:00,1,24
226896,226897,226921,2022-02-26 20:00:00,2022-02-26 20:05:00,2022-02-26 22:05:00,-1,24
226934,226935,226959,2022-02-26 23:10:00,2022-02-26 23:15:00,2022-02-27 01:15:00,-1,24
226962,226963,226987,2022-02-27 01:30:00,2022-02-27 01:35:00,2022-02-27 03:35:00,-1,24
226987,226988,227012,2022-02-27 03:35:00,2022-02-27 03:40:00,2022-02-27 05:40:00,1,24
227017,227018,227042,2022-02-27 06:05:00,2022-02-27 06:10:00,2022-02-27 08:10:00,1,24
227084,227085,227109,2022-02-27 11:40:00,2022-02-27 11:45:00,2022-02-27 13:45:00,1,24
227114,227115,227139,2022-02-27 14:10:00,2022-02-27 14:15:00,2022-02-27 16:15:00,-1,24
227147,227148,227172,2022-02-27 16:55:00,2022-02-27 17:00:00,2022-02-27 19:00:00,-1,24
227172,227173,227197,2022-02-27 19:00:00,2022-02-27 19:05:00,2022-02-27 21:05:00,-1,24
227251,227252,227276,2022-02-28 01:35:00,2022-02-28 01:40:00,2022-02-28 03:40:00,1,24
227277,227278,227302,2022-02-28 03:45:00,2022-02-28 03:50:00,2022-02-28 05:50:00,1,24
227343,227344,227368,2022-02-28 09:15:00,2022-02-28 09:20:00,2022-02-28 11:20:00,1,24
227389,227390,227414,2022-02-28 13:05:00,2022-02-28 13:10:00,2022-02-28 15:10:00,-1,24
227537,227538,227562,2022-03-01 01:25:00,2022-03-01 01:30:00,2022-03-01 03:30:00,1,24
227583,227584,227608,2022-03-01 05:15:00,2022-03-01 05:20:00,2022-03-01 07:20:00,1,24
227609,227610,227634,2022-03-01 07:25:00,2022-03-01 07:30:00,2022-03-01 09:30:00,1,24
227639,227640,227664,2022-03-01 09:55:00,2022-03-01 10:00:00,2022-03-01 12:00:00,1,24
227717,227718,227742,2022-03-01 16:25:00,2022-03-01 16:30:00,2022-03-01 18:30:00,1,24
227758,227759,227783,2022-03-01 19:50:00,2022-03-01 19:55:00,2022-03-01 21:55:00,1,24
227788,227789,227813,2022-03-01 22:20:00,2022-03-01 22:25:00,2022-03-02 00:25:00,-1,24
227822,227823,227847,2022-03-02 01:10:00,2022-03-02 01:15:00,2022-03-02 03:15:00,1,24
227871,227872,227896,2022-03-02 05:15:00,2022-03-02 05:20:00,2022-03-02 07:20:00,-1,24
227897,227898,227922,2022-03-02 07:25:00,2022-03-02 07:30:00,2022-03-02 09:30:00,-1,24
227938,227939,227963,2022-03-02 10:50:00,2022-03-02 10:55:00,2022-03-02 12:55:00,1,24
227963,227964,227988,2022-03-02 12:55:00,2022-03-02 13:00:00,2022-03-02 15:00:00,1,24
228049,228050,228074,2022-03-02 20:05:00,2022-03-02 20:10:00,2022-03-02 22:10:00,-1,24
228092,228093,228117,2022-03-02 23:40:00,2022-03-02 23:45:00,2022-03-03 01:45:00,1,24
228116,228117,228141,2022-03-03 01:40:00,2022-03-03 01:45:00,2022-03-03 03:45:00,-1,24
228146,228147,228171,2022-03-03 04:10:00,2022-03-03 04:15:00,2022-03-03 06:15:00,1,24
228188,228189,228213,2022-03-03 07:40:00,2022-03-03 07:45:00,2022-03-03 09:45:00,1,24
228219,228220,228244,2022-03-03 10:15:00,2022-03-03 10:20:00,2022-03-03 12:20:00,-1,24
228250,228251,228275,2022-03-03 12:50:00,2022-03-03 12:55:00,2022-03-03 14:55:00,-1,24
228315,228316,228340,2022-03-03 18:15:00,2022-03-03 18:20:00,2022-03-03 20:20:00,-1,24
228340,228341,228365,2022-03-03 20:20:00,2022-03-03 20:25:00,2022-03-03 22:25:00,1,24
228370,228371,228395,2022-03-03 22:50:00,2022-03-03 22:55:00,2022-03-04 00:55:00,1,24
228417,228418,228442,2022-03-04 02:45:00,2022-03-04 02:50:00,2022-03-04 04:50:00,-1,24
228452,228453,228477,2022-03-04 05:40:00,2022-03-04 05:45:00,2022-03-04 07:45:00,1,24
228476,228477,228501,2022-03-04 07:40:00,2022-03-04 07:45:00,2022-03-04 09:45:00,1,24
228506,228507,228531,2022-03-04 10:10:00,2022-03-04 10:15:00,2022-03-04 12:15:00,-1,24
228532,228533,228557,2022-03-04 12:20:00,2022-03-04 12:25:00,2022-03-04 14:25:00,1,24
228568,228569,228593,2022-03-04 15:20:00,2022-03-04 15:25:00,2022-03-04 17:25:00,-1,24
228619,228620,228644,2022-03-04 19:35:00,2022-03-04 19:40:00,2022-03-04 21:40:00,1,24
228647,228648,228672,2022-03-04 21:55:00,2022-03-04 22:00:00,2022-03-05 00:00:00,-1,24
228688,228689,228713,2022-03-05 01:20:00,2022-03-05 01:25:00,2022-03-05 03:25:00,-1,24
228714,228715,228739,2022-03-05 03:30:00,2022-03-05 03:35:00,2022-03-05 05:35:00,-1,24
228741,228742,228766,2022-03-05 05:45:00,2022-03-05 05:50:00,2022-03-05 07:50:00,-1,24
228771,228772,228796,2022-03-05 08:15:00,2022-03-05 08:20:00,2022-03-05 10:20:00,1,24
228797,228798,228822,2022-03-05 10:25:00,2022-03-05 10:30:00,2022-03-05 12:30:00,-1,24
228837,228838,228862,2022-03-05 13:45:00,2022-03-05 13:50:00,2022-03-05 15:50:00,-1,24
228890,228891,228915,2022-03-05 18:10:00,2022-03-05 18:15:00,2022-03-05 20:15:00,-1,24
228929,228930,228954,2022-03-05 21:25:00,2022-03-05 21:30:00,2022-03-05 23:30:00,1,24
228966,228967,228991,2022-03-06 00:30:00,2022-03-06 00:35:00,2022-03-06 02:35:00,-1,24
228991,228992,229016,2022-03-06 02:35:00,2022-03-06 02:40:00,2022-03-06 04:40:00,-1,24
229022,229023,229047,2022-03-06 05:10:00,2022-03-06 05:15:00,2022-03-06 07:15:00,-1,24
229046,229047,229071,2022-03-06 07:10:00,2022-03-06 07:15:00,2022-03-06 09:15:00,1,24
229074,229075,229099,2022-03-06 09:30:00,2022-03-06 09:35:00,2022-03-06 11:35:00,-1,24
229127,229128,229152,2022-03-06 13:55:00,2022-03-06 14:00:00,2022-03-06 16:00:00,1,24
229162,229163,229187,2022-03-06 16:50:00,2022-03-06 16:55:00,2022-03-06 18:55:00,-1,24
229187,229188,229212,2022-03-06 18:55:00,2022-03-06 19:00:00,2022-03-06 21:00:00,-1,24
229231,229232,229256,2022-03-06 22:35:00,2022-03-06 22:40:00,2022-03-07 00:40:00,1,24
229264,229265,229289,2022-03-07 01:20:00,2022-03-07 01:25:00,2022-03-07 03:25:00,-1,24
229289,229290,229314,2022-03-07 03:25:00,2022-03-07 03:30:00,2022-03-07 05:30:00,-1,24
229314,229315,229339,2022-03-07 05:30:00,2022-03-07 05:35:00,2022-03-07 07:35:00,-1,24
229349,229350,229374,2022-03-07 08:25:00,2022-03-07 08:30:00,2022-03-07 10:30:00,-1,24
229378,229379,229403,2022-03-07 10:50:00,2022-03-07 10:55:00,2022-03-07 12:55:00,-1,24
229456,229457,229481,2022-03-07 17:20:00,2022-03-07 17:25:00,2022-03-07 19:25:00,-1,24
229526,229527,229551,2022-03-07 23:10:00,2022-03-07 23:15:00,2022-03-08 01:15:00,1,24
229553,229554,229578,2022-03-08 01:25:00,2022-03-08 01:30:00,2022-03-08 03:30:00,-1,24
229579,229580,229604,2022-03-08 03:35:00,2022-03-08 03:40:00,2022-03-08 05:40:00,1,24
229603,229604,229628,2022-03-08 05:35:00,2022-03-08 05:40:00,2022-03-08 07:40:00,-1,24
229703,229704,229728,2022-03-08 13:55:00,2022-03-08 14:00:00,2022-03-08 16:00:00,1,24
229783,229784,229808,2022-03-08 20:35:00,2022-03-08 20:40:00,2022-03-08 22:40:00,-1,24
229807,229808,229832,2022-03-08 22:35:00,2022-03-08 22:40:00,2022-03-09 00:40:00,-1,24
229831,229832,229856,2022-03-09 00:35:00,2022-03-09 00:40:00,2022-03-09 02:40:00,-1,24
229880,229881,229905,2022-03-09 04:40:00,2022-03-09 04:45:00,2022-03-09 06:45:00,1,24
229967,229968,229992,2022-03-09 11:55:00,2022-03-09 12:00:00,2022-03-09 14:00:00,1,24
230045,230046,230070,2022-03-09 18:25:00,2022-03-09 18:30:00,2022-03-09 20:30:00,1,24
230076,230077,230101,2022-03-09 21:00:00,2022-03-09 21:05:00,2022-03-09 23:05:00,-1,24
230100,230101,230125,2022-03-09 23:00:00,2022-03-09 23:05:00,2022-03-10 01:05:00,1,24
230125,230126,230150,2022-03-10 01:05:00,2022-03-10 01:10:00,2022-03-10 03:10:00,-1,24
230186,230187,230211,2022-03-10 06:10:00,2022-03-10 06:15:00,2022-03-10 08:15:00,-1,24
230222,230223,230247,2022-03-10 09:10:00,2022-03-10 09:15:00,2022-03-10 11:15:00,-1,24
230299,230300,230324,2022-03-10 15:35:00,2022-03-10 15:40:00,2022-03-10 17:40:00,-1,24
230337,230338,230362,2022-03-10 18:45:00,2022-03-10 18:50:00,2022-03-10 20:50:00,-1,24
230366,230367,230391,2022-03-10 21:10:00,2022-03-10 21:15:00,2022-03-10 23:15:00,-1,24
230391,230392,230416,2022-03-10 23:15:00,2022-03-10 23:20:00,2022-03-11 01:20:00,-1,24
230450,230451,230475,2022-03-11 04:10:00,2022-03-11 04:15:00,2022-03-11 06:15:00,1,24
230569,230570,230594,2022-03-11 14:05:00,2022-03-11 14:10:00,2022-03-11 16:10:00,-1,24
230610,230611,230635,2022-03-11 17:30:00,2022-03-11 17:35:00,2022-03-11 19:35:00,-1,24
230676,230677,230701,2022-03-11 23:00:00,2022-03-11 23:05:00,2022-03-12 01:05:00,1,24
230704,230705,230729,2022-03-12 01:20:00,2022-03-12 01:25:00,2022-03-12 03:25:00,1,24
230744,230745,230769,2022-03-12 04:40:00,2022-03-12 04:45:00,2022-03-12 06:45:00,-1,24
230804,230805,230829,2022-03-12 09:40:00,2022-03-12 09:45:00,2022-03-12 11:45:00,-1,24
230839,230840,230864,2022-03-12 12:35:00,2022-03-12 12:40:00,2022-03-12 14:40:00,-1,24
230871,230872,230896,2022-03-12 15:15:00,2022-03-12 15:20:00,2022-03-12 17:20:00,1,24
230899,230900,230924,2022-03-12 17:35:00,2022-03-12 17:40:00,2022-03-12 19:40:00,-1,24
230923,230924,230948,2022-03-12 19:35:00,2022-03-12 19:40:00,2022-03-12 21:40:00,-1,24
230957,230958,230982,2022-03-12 22:25:00,2022-03-12 22:30:00,2022-03-13 00:30:00,-1,24
230983,230984,231008,2022-03-13 00:35:00,2022-03-13 00:40:00,2022-03-13 02:40:00,-1,24
231007,231008,231032,2022-03-13 02:35:00,2022-03-13 02:40:00,2022-03-13 04:40:00,1,24
231032,231033,231057,2022-03-13 04:40:00,2022-03-13 04:45:00,2022-03-13 06:45:00,1,24
231060,231061,231085,2022-03-13 07:00:00,2022-03-13 07:05:00,2022-03-13 09:05:00,1,24
231107,231108,231132,2022-03-13 10:55:00,2022-03-13 11:00:00,2022-03-13 13:00:00,-1,24
231145,231146,231170,2022-03-13 14:05:00,2022-03-13 14:10:00,2022-03-13 16:10:00,-1,24
231176,231177,231201,2022-03-13 16:40:00,2022-03-13 16:45:00,2022-03-13 18:45:00,1,24
231205,231206,231230,2022-03-13 19:05:00,2022-03-13 19:10:00,2022-03-13 21:10:00,-1,24
231235,231236,231260,2022-03-13 21:35:00,2022-03-13 21:40:00,2022-03-13 23:40:00,-1,24
231260,231261,231285,2022-03-13 23:40:00,2022-03-13 23:45:00,2022-03-14 01:45:00,-1,24
231284,231285,231309,2022-03-14 01:40:00,2022-03-14 01:45:00,2022-03-14 03:45:00,1,24
231333,231334,231358,2022-03-14 05:45:00,2022-03-14 05:50:00,2022-03-14 07:50:00,-1,24
231375,231376,231400,2022-03-14 09:15:00,2022-03-14 09:20:00,2022-03-14 11:20:00,1,24
231399,231400,231424,2022-03-14 11:15:00,2022-03-14 11:20:00,2022-03-14 13:20:00,-1,24
231433,231434,231458,2022-03-14 14:05:00,2022-03-14 14:10:00,2022-03-14 16:10:00,-1,24
231463,231464,231488,2022-03-14 16:35:00,2022-03-14 16:40:00,2022-03-14 18:40:00,1,24
231503,231504,231528,2022-03-14 19:55:00,2022-03-14 20:00:00,2022-03-14 22:00:00,-1,24
231562,231563,231587,2022-03-15 00:50:00,2022-03-15 00:55:00,2022-03-15 02:55:00,1,24
231591,231592,231616,2022-03-15 03:15:00,2022-03-15 03:20:00,2022-03-15 05:20:00,-1,24
231627,231628,231652,2022-03-15 06:15:00,2022-03-15 06:20:00,2022-03-15 08:20:00,-1,24
231652,231653,231677,2022-03-15 08:20:00,2022-03-15 08:25:00,2022-03-15 10:25:00,-1,24
231676,231677,231701,2022-03-15 10:20:00,2022-03-15 10:25:00,2022-03-15 12:25:00,1,24
231708,231709,231733,2022-03-15 13:00:00,2022-03-15 13:05:00,2022-03-15 15:05:00,1,24
231749,231750,231774,2022-03-15 16:25:00,2022-03-15 16:30:00,2022-03-15 18:30:00,1,24
231791,231792,231816,2022-03-15 19:55:00,2022-03-15 20:00:00,2022-03-15 22:00:00,1,24
231824,231825,231849,2022-03-15 22:40:00,2022-03-15 22:45:00,2022-03-16 00:45:00,-1,24
231854,231855,231879,2022-03-16 01:10:00,2022-03-16 01:15:00,2022-03-16 03:15:00,-1,24
231895,231896,231920,2022-03-16 04:35:00,2022-03-16 04:40:00,2022-03-16 06:40:00,-1,24
231926,231927,231951,2022-03-16 07:10:00,2022-03-16 07:15:00,2022-03-16 09:15:00,-1,24
231955,231956,231980,2022-03-16 09:35:00,2022-03-16 09:40:00,2022-03-16 11:40:00,1,24
231993,231994,232018,2022-03-16 12:45:00,2022-03-16 12:50:00,2022-03-16 14:50:00,1,24
232029,232030,232054,2022-03-16 15:45:00,2022-03-16 15:50:00,2022-03-16 17:50:00,1,24
232086,232087,232111,2022-03-16 20:30:00,2022-03-16 20:35:00,2022-03-16 22:35:00,1,24
232117,232118,232142,2022-03-16 23:05:00,2022-03-16 23:10:00,2022-03-17 01:10:00,-1,24
232148,232149,232173,2022-03-17 01:40:00,2022-03-17 01:45:00,2022-03-17 03:45:00,1,24
232174,232175,232199,2022-03-17 03:50:00,2022-03-17 03:55:00,2022-03-17 05:55:00,-1,24
232198,232199,232223,2022-03-17 05:50:00,2022-03-17 05:55:00,2022-03-17 07:55:00,1,24
232236,232237,232261,2022-03-17 09:00:00,2022-03-17 09:05:00,2022-03-17 11:05:00,1,24
232264,232265,232289,2022-03-17 11:20:00,2022-03-17 11:25:00,2022-03-17 13:25:00,-1,24
232292,232293,232317,2022-03-17 13:40:00,2022-03-17 13:45:00,2022-03-17 15:45:00,-1,24
232318,232319,232343,2022-03-17 15:50:00,2022-03-17 15:55:00,2022-03-17 17:55:00,-1,24
232351,232352,232376,2022-03-17 18:35:00,2022-03-17 18:40:00,2022-03-17 20:40:00,1,24
232377,232378,232402,2022-03-17 20:45:00,2022-03-17 20:50:00,2022-03-17 22:50:00,-1,24
232401,232402,232426,2022-03-17 22:45:00,2022-03-17 22:50:00,2022-03-18 00:50:00,-1,24
232434,232435,232459,2022-03-18 01:30:00,2022-03-18 01:35:00,2022-03-18 03:35:00,1,24
232459,232460,232484,2022-03-18 03:35:00,2022-03-18 03:40:00,2022-03-18 05:40:00,1,24
232493,232494,232518,2022-03-18 06:25:00,2022-03-18 06:30:00,2022-03-18 08:30:00,1,24
232531,232532,232556,2022-03-18 09:35:00,2022-03-18 09:40:00,2022-03-18 11:40:00,-1,24
232555,232556,232580,2022-03-18 11:35:00,2022-03-18 11:40:00,2022-03-18 13:40:00,-1,24
232592,232593,232617,2022-03-18 14:40:00,2022-03-18 14:45:00,2022-03-18 16:45:00,-1,24
232628,232629,232653,2022-03-18 17:40:00,2022-03-18 17:45:00,2022-03-18 19:45:00,1,24
232661,232662,232686,2022-03-18 20:25:00,2022-03-18 20:30:00,2022-03-18 22:30:00,1,24
232686,232687,232711,2022-03-18 22:30:00,2022-03-18 22:35:00,2022-03-19 00:35:00,1,24
232715,232716,232740,2022-03-19 00:55:00,2022-03-19 01:00:00,2022-03-19 03:00:00,-1,24
232765,232766,232790,2022-03-19 05:05:00,2022-03-19 05:10:00,2022-03-19 07:10:00,1,24
232792,232793,232817,2022-03-19 07:20:00,2022-03-19 07:25:00,2022-03-19 09:25:00,-1,24
232822,232823,232847,2022-03-19 09:50:00,2022-03-19 09:55:00,2022-03-19 11:55:00,-1,24
232850,232851,232875,2022-03-19 12:10:00,2022-03-19 12:15:00,2022-03-19 14:15:00,-1,24
232901,232902,232926,2022-03-19 16:25:00,2022-03-19 16:30:00,2022-03-19 18:30:00,1,24
232926,232927,232951,2022-03-19 18:30:00,2022-03-19 18:35:00,2022-03-19 20:35:00,1,24
232980,232981,233005,2022-03-19 23:00:00,2022-03-19 23:05:00,2022-03-20 01:05:00,1,24
233005,233006,233030,2022-03-20 01:05:00,2022-03-20 01:10:00,2022-03-20 03:10:00,-1,24
233030,233031,233055,2022-03-20 03:10:00,2022-03-20 03:15:00,2022-03-20 05:15:00,1,24
233056,233057,233081,2022-03-20 05:20:00,2022-03-20 05:25:00,2022-03-20 07:25:00,-1,24
233083,233084,233108,2022-03-20 07:35:00,2022-03-20 07:40:00,2022-03-20 09:40:00,-1,24
233122,233123,233147,2022-03-20 10:50:00,2022-03-20 10:55:00,2022-03-20 12:55:00,1,24
233167,233168,233192,2022-03-20 14:35:00,2022-03-20 14:40:00,2022-03-20 16:40:00,-1,24
233198,233199,233223,2022-03-20 17:10:00,2022-03-20 17:15:00,2022-03-20 19:15:00,-1,24
233238,233239,233263,2022-03-20 20:30:00,2022-03-20 20:35:00,2022-03-20 22:35:00,1,24
233262,233263,233287,2022-03-20 22:30:00,2022-03-20 22:35:00,2022-03-21 00:35:00,-1,24
233290,233291,233315,2022-03-21 00:50:00,2022-03-21 00:55:00,2022-03-21 02:55:00,-1,24
233327,233328,233352,2022-03-21 03:55:00,2022-03-21 04:00:00,2022-03-21 06:00:00,-1,24
233351,233352,233376,2022-03-21 05:55:00,2022-03-21 06:00:00,2022-03-21 08:00:00,-1,24
233386,233387,233411,2022-03-21 08:50:00,2022-03-21 08:55:00,2022-03-21 10:55:00,1,24
233418,233419,233443,2022-03-21 11:30:00,2022-03-21 11:35:00,2022-03-21 13:35:00,1,24
233442,233443,233467,2022-03-21 13:30:00,2022-03-21 13:35:00,2022-03-21 15:35:00,-1,24
233473,233474,233498,2022-03-21 16:05:00,2022-03-21 16:10:00,2022-03-21 18:10:00,-1,24
233502,233503,233527,2022-03-21 18:30:00,2022-03-21 18:35:00,2022-03-21 20:35:00,1,24
233526,233527,233551,2022-03-21 20:30:00,2022-03-21 20:35:00,2022-03-21 22:35:00,1,24
233553,233554,233578,2022-03-21 22:45:00,2022-03-21 22:50:00,2022-03-22 00:50:00,-1,24
233578,233579,233603,2022-03-22 00:50:00,2022-03-22 00:55:00,2022-03-22 02:55:00,-1,24
233602,233603,233627,2022-03-22 02:50:00,2022-03-22 02:55:00,2022-03-22 04:55:00,1,24
233630,233631,233655,2022-03-22 05:10:00,2022-03-22 05:15:00,2022-03-22 07:15:00,1,24
233656,233657,233681,2022-03-22 07:20:00,2022-03-22 07:25:00,2022-03-22 09:25:00,-1,24
233680,233681,233705,2022-03-22 09:20:00,2022-03-22 09:25:00,2022-03-22 11:25:00,1,24
233710,233711,233735,2022-03-22 11:50:00,2022-03-22 11:55:00,2022-03-22 13:55:00,1,24
233773,233774,233798,2022-03-22 17:05:00,2022-03-22 17:10:00,2022-03-22 19:10:00,1,24
233797,233798,233822,2022-03-22 19:05:00,2022-03-22 19:10:00,2022-03-22 21:10:00,-1,24
233825,233826,233850,2022-03-22 21:25:00,2022-03-22 21:30:00,2022-03-22 23:30:00,-1,24
233853,233854,233878,2022-03-22 23:45:00,2022-03-22 23:50:00,2022-03-23 01:50:00,-1,24
233881,233882,233906,2022-03-23 02:05:00,2022-03-23 02:10:00,2022-03-23 04:10:00,1,24
233911,233912,233936,2022-03-23 04:35:00,2022-03-23 04:40:00,2022-03-23 06:40:00,-1,24
233937,233938,233962,2022-03-23 06:45:00,2022-03-23 06:50:00,2022-03-23 08:50:00,1,24
233961,233962,233986,2022-03-23 08:45:00,2022-03-23 08:50:00,2022-03-23 10:50:00,1,24
233985,233986,234010,2022-03-23 10:45:00,2022-03-23 10:50:00,2022-03-23 12:50:00,1,24
234015,234016,234040,2022-03-23 13:15:00,2022-03-23 13:20:00,2022-03-23 15:20:00,-1,24
234046,234047,234071,2022-03-23 15:50:00,2022-03-23 15:55:00,2022-03-23 17:55:00,1,24
234075,234076,234100,2022-03-23 18:15:00,2022-03-23 18:20:00,2022-03-23 20:20:00,-1,24
234100,234101,234125,2022-03-23 20:20:00,2022-03-23 20:25:00,2022-03-23 22:25:00,1,24
234132,234133,234157,2022-03-23 23:00:00,2022-03-23 23:05:00,2022-03-24 01:05:00,1,24
234159,234160,234184,2022-03-24 01:15:00,2022-03-24 01:20:00,2022-03-24 03:20:00,1,24
234183,234184,234208,2022-03-24 03:15:00,2022-03-24 03:20:00,2022-03-24 05:20:00,1,24
234210,234211,234235,2022-03-24 05:30:00,2022-03-24 05:35:00,2022-03-24 07:35:00,-1,24
234238,234239,234263,2022-03-24 07:50:00,2022-03-24 07:55:00,2022-03-24 09:55:00,1,24
234282,234283,234307,2022-03-24 11:30:00,2022-03-24 11:35:00,2022-03-24 13:35:00,-1,24
234361,234362,234386,2022-03-24 18:05:00,2022-03-24 18:10:00,2022-03-24 20:10:00,1,24
234385,234386,234410,2022-03-24 20:05:00,2022-03-24 20:10:00,2022-03-24 22:10:00,-1,24
234410,234411,234435,2022-03-24 22:10:00,2022-03-24 22:15:00,2022-03-25 00:15:00,1,24
234434,234435,234459,2022-03-25 00:10:00,2022-03-25 00:15:00,2022-03-25 02:15:00,-1,24
234465,234466,234490,2022-03-25 02:45:00,2022-03-25 02:50:00,2022-03-25 04:50:00,1,24
234489,234490,234514,2022-03-25 04:45:00,2022-03-25 04:50:00,2022-03-25 06:50:00,1,24
234514,234515,234539,2022-03-25 06:50:00,2022-03-25 06:55:00,2022-03-25 08:55:00,-1,24
234553,234554,234578,2022-03-25 10:05:00,2022-03-25 10:10:00,2022-03-25 12:10:00,1,24
234605,234606,234630,2022-03-25 14:25:00,2022-03-25 14:30:00,2022-03-25 16:30:00,1,24
234631,234632,234656,2022-03-25 16:35:00,2022-03-25 16:40:00,2022-03-25 18:40:00,-1,24
234673,234674,234698,2022-03-25 20:05:00,2022-03-25 20:10:00,2022-03-25 22:10:00,1,24
234705,234706,234730,2022-03-25 22:45:00,2022-03-25 22:50:00,2022-03-26 00:50:00,1,24
234729,234730,234754,2022-03-26 00:45:00,2022-03-26 00:50:00,2022-03-26 02:50:00,1,24
234753,234754,234778,2022-03-26 02:45:00,2022-03-26 02:50:00,2022-03-26 04:50:00,1,24
234777,234778,234802,2022-03-26 04:45:00,2022-03-26 04:50:00,2022-03-26 06:50:00,-1,24
234806,234807,234831,2022-03-26 07:10:00,2022-03-26 07:15:00,2022-03-26 09:15:00,-1,24
234832,234833,234857,2022-03-26 09:20:00,2022-03-26 09:25:00,2022-03-26 11:25:00,-1,24
234869,234870,234894,2022-03-26 12:25:00,2022-03-26 12:30:00,2022-03-26 14:30:00,1,24
234901,234902,234926,2022-03-26 15:05:00,2022-03-26 15:10:00,2022-03-26 17:10:00,-1,24
234932,234933,234957,2022-03-26 17:40:00,2022-03-26 17:45:00,2022-03-26 19:45:00,-1,24
234956,234957,234981,2022-03-26 19:40:00,2022-03-26 19:45:00,2022-03-26 21:45:00,-1,24
234980,234981,235005,2022-03-26 21:40:00,2022-03-26 21:45:00,2022-03-26 23:45:00,-1,24
235009,235010,235034,2022-03-27 00:05:00,2022-03-27 00:10:00,2022-03-27 02:10:00,1,24
235036,235037,235061,2022-03-27 02:20:00,2022-03-27 02:25:00,2022-03-27 04:25:00,1,24
235063,235064,235088,2022-03-27 04:35:00,2022-03-27 04:40:00,2022-03-27 06:40:00,1,24
235087,235088,235112,2022-03-27 06:35:00,2022-03-27 06:40:00,2022-03-27 08:40:00,-1,24
235111,235112,235136,2022-03-27 08:35:00,2022-03-27 08:40:00,2022-03-27 10:40:00,-1,24
235152,235153,235177,2022-03-27 12:00:00,2022-03-27 12:05:00,2022-03-27 14:05:00,-1,24
235185,235186,235210,2022-03-27 14:45:00,2022-03-27 14:50:00,2022-03-27 16:50:00,1,24
235215,235216,235240,2022-03-27 17:15:00,2022-03-27 17:20:00,2022-03-27 19:20:00,1,24
235241,235242,235266,2022-03-27 19:25:00,2022-03-27 19:30:00,2022-03-27 21:30:00,-1,24
235317,235318,235342,2022-03-28 01:45:00,2022-03-28 01:50:00,2022-03-28 03:50:00,-1,24
235351,235352,235376,2022-03-28 04:35:00,2022-03-28 04:40:00,2022-03-28 06:40:00,1,24
235384,235385,235409,2022-03-28 07:20:00,2022-03-28 07:25:00,2022-03-28 09:25:00,1,24
235435,235436,235460,2022-03-28 11:35:00,2022-03-28 11:40:00,2022-03-28 13:40:00,1,24
235477,235478,235502,2022-03-28 15:05:00,2022-03-28 15:10:00,2022-03-28 17:10:00,1,24
235543,235544,235568,2022-03-28 20:35:00,2022-03-28 20:40:00,2022-03-28 22:40:00,-1,24
235581,235582,235606,2022-03-28 23:45:00,2022-03-28 23:50:00,2022-03-29 01:50:00,1,24
235606,235607,235631,2022-03-29 01:50:00,2022-03-29 01:55:00,2022-03-29 03:55:00,-1,24
235630,235631,235655,2022-03-29 03:50:00,2022-03-29 03:55:00,2022-03-29 05:55:00,-1,24
235656,235657,235681,2022-03-29 06:00:00,2022-03-29 06:05:00,2022-03-29 08:05:00,1,24
235681,235682,235706,2022-03-29 08:05:00,2022-03-29 08:10:00,2022-03-29 10:10:00,-1,24
235711,235712,235736,2022-03-29 10:35:00,2022-03-29 10:40:00,2022-03-29 12:40:00,-1,24
235742,235743,235767,2022-03-29 13:10:00,2022-03-29 13:15:00,2022-03-29 15:15:00,1,24
235769,235770,235794,2022-03-29 15:25:00,2022-03-29 15:30:00,2022-03-29 17:30:00,-1,24
235793,235794,235818,2022-03-29 17:25:00,2022-03-29 17:30:00,2022-03-29 19:30:00,-1,24
235830,235831,235855,2022-03-29 20:30:00,2022-03-29 20:35:00,2022-03-29 22:35:00,1,24
235863,235864,235888,2022-03-29 23:15:00,2022-03-29 23:20:00,2022-03-30 01:20:00,-1,24
235888,235889,235913,2022-03-30 01:20:00,2022-03-30 01:25:00,2022-03-30 03:25:00,1,24
235916,235917,235941,2022-03-30 03:40:00,2022-03-30 03:45:00,2022-03-30 05:45:00,1,24
235943,235944,235968,2022-03-30 05:55:00,2022-03-30 06:00:00,2022-03-30 08:00:00,-1,24
235980,235981,236005,2022-03-30 09:00:00,2022-03-30 09:05:00,2022-03-30 11:05:00,1,24
236014,236015,236039,2022-03-30 11:50:00,2022-03-30 11:55:00,2022-03-30 13:55:00,-1,24
236059,236060,236084,2022-03-30 15:35:00,2022-03-30 15:40:00,2022-03-30 17:40:00,1,24
236105,236106,236130,2022-03-30 19:25:00,2022-03-30 19:30:00,2022-03-30 21:30:00,-1,24
236144,236145,236169,2022-03-30 22:40:00,2022-03-30 22:45:00,2022-03-31 00:45:00,1,24
236169,236170,236194,2022-03-31 00:45:00,2022-03-31 00:50:00,2022-03-31 02:50:00,-1,24
236194,236195,236219,2022-03-31 02:50:00,2022-03-31 02:55:00,2022-03-31 04:55:00,-1,24
236219,236220,236244,2022-03-31 04:55:00,2022-03-31 05:00:00,2022-03-31 07:00:00,-1,24
236245,236246,236270,2022-03-31 07:05:00,2022-03-31 07:10:00,2022-03-31 09:10:00,1,24
236269,236270,236294,2022-03-31 09:05:00,2022-03-31 09:10:00,2022-03-31 11:10:00,-1,24
236295,236296,236320,2022-03-31 11:15:00,2022-03-31 11:20:00,2022-03-31 13:20:00,1,24
236320,236321,236345,2022-03-31 13:20:00,2022-03-31 13:25:00,2022-03-31 15:25:00,-1,24
236372,236373,236397,2022-03-31 17:40:00,2022-03-31 17:45:00,2022-03-31 19:45:00,-1,24
236398,236399,236423,2022-03-31 19:50:00,2022-03-31 19:55:00,2022-03-31 21:55:00,-1,24
236422,236423,236447,2022-03-31 21:50:00,2022-03-31 21:55:00,2022-03-31 23:55:00,-1,24
236452,236453,236477,2022-04-01 00:20:00,2022-04-01 00:25:00,2022-04-01 02:25:00,1,24
236488,236489,236513,2022-04-01 03:20:00,2022-04-01 03:25:00,2022-04-01 05:25:00,-1,24
236512,236513,236537,2022-04-01 05:20:00,2022-04-01 05:25:00,2022-04-01 07:25:00,-1,24
236543,236544,236568,2022-04-01 07:55:00,2022-04-01 08:00:00,2022-04-01 10:00:00,-1,24
236576,236577,236601,2022-04-01 10:40:00,2022-04-01 10:45:00,2022-04-01 12:45:00,1,24
236609,236610,236634,2022-04-01 13:25:00,2022-04-01 13:30:00,2022-04-01 15:30:00,1,24
236637,236638,236662,2022-04-01 15:45:00,2022-04-01 15:50:00,2022-04-01 17:50:00,1,24
236662,236663,236687,2022-04-01 17:50:00,2022-04-01 17:55:00,2022-04-01 19:55:00,1,24
236687,236688,236712,2022-04-01 19:55:00,2022-04-01 20:00:00,2022-04-01 22:00:00,-1,24
236721,236722,236746,2022-04-01 22:45:00,2022-04-01 22:50:00,2022-04-02 00:50:00,-1,24
236750,236751,236775,2022-04-02 01:10:00,2022-04-02 01:15:00,2022-04-02 03:15:00,1,24
236774,236775,236799,2022-04-02 03:10:00,2022-04-02 03:15:00,2022-04-02 05:15:00,1,24
236799,236800,236824,2022-04-02 05:15:00,2022-04-02 05:20:00,2022-04-02 07:20:00,-1,24
236831,236832,236856,2022-04-02 07:55:00,2022-04-02 08:00:00,2022-04-02 10:00:00,1,24
236866,236867,236891,2022-04-02 10:50:00,2022-04-02 10:55:00,2022-04-02 12:55:00,1,24
236893,236894,236918,2022-04-02 13:05:00,2022-04-02 13:10:00,2022-04-02 15:10:00,-1,24
236927,236928,236952,2022-04-02 15:55:00,2022-04-02 16:00:00,2022-04-02 18:00:00,-1,24
236966,236967,236991,2022-04-02 19:10:00,2022-04-02 19:15:00,2022-04-02 21:15:00,-1,24
237002,237003,237027,2022-04-02 22:10:00,2022-04-02 22:15:00,2022-04-03 00:15:00,1,24
237029,237030,237054,2022-04-03 00:25:00,2022-04-03 00:30:00,2022-04-03 02:30:00,1,24
237054,237055,237079,2022-04-03 02:30:00,2022-04-03 02:35:00,2022-04-03 04:35:00,-1,24
237082,237083,237107,2022-04-03 04:50:00,2022-04-03 04:55:00,2022-04-03 06:55:00,-1,24
237106,237107,237131,2022-04-03 06:50:00,2022-04-03 06:55:00,2022-04-03 08:55:00,1,24
237142,237143,237167,2022-04-03 09:50:00,2022-04-03 09:55:00,2022-04-03 11:55:00,1,24
237166,237167,237191,2022-04-03 11:50:00,2022-04-03 11:55:00,2022-04-03 13:55:00,1,24
237192,237193,237217,2022-04-03 14:00:00,2022-04-03 14:05:00,2022-04-03 16:05:00,1,24
237218,237219,237243,2022-04-03 16:10:00,2022-04-03 16:15:00,2022-04-03 18:15:00,-1,24
237245,237246,237270,2022-04-03 18:25:00,2022-04-03 18:30:00,2022-04-03 20:30:00,1,24
237269,237270,237294,2022-04-03 20:25:00,2022-04-03 20:30:00,2022-04-03 22:30:00,-1,24
237310,237311,237335,2022-04-03 23:50:00,2022-04-03 23:55:00,2022-04-04 01:55:00,-1,24
237338,237339,237363,2022-04-04 02:10:00,2022-04-04 02:15:00,2022-04-04 04:15:00,-1,24
237363,237364,237388,2022-04-04 04:15:00,2022-04-04 04:20:00,2022-04-04 06:20:00,-1,24
237388,237389,237413,2022-04-04 06:20:00,2022-04-04 06:25:00,2022-04-04 08:25:00,1,24
237426,237427,237451,2022-04-04 09:30:00,2022-04-04 09:35:00,2022-04-04 11:35:00,1,24
237450,237451,237475,2022-04-04 11:30:00,2022-04-04 11:35:00,2022-04-04 13:35:00,1,24
237477,237478,237502,2022-04-04 13:45:00,2022-04-04 13:50:00,2022-04-04 15:50:00,-1,24
237508,237509,237533,2022-04-04 16:20:00,2022-04-04 16:25:00,2022-04-04 18:25:00,1,24
237554,237555,237579,2022-04-04 20:10:00,2022-04-04 20:15:00,2022-04-04 22:15:00,-1,24
237579,237580,237604,2022-04-04 22:15:00,2022-04-04 22:20:00,2022-04-05 00:20:00,1,24
237609,237610,237634,2022-04-05 00:45:00,2022-04-05 00:50:00,2022-04-05 02:50:00,-1,24
237634,237635,237659,2022-04-05 02:50:00,2022-04-05 02:55:00,2022-04-05 04:55:00,1,24
237667,237668,237692,2022-04-05 05:35:00,2022-04-05 05:40:00,2022-04-05 07:40:00,1,24
237691,237692,237716,2022-04-05 07:35:00,2022-04-05 07:40:00,2022-04-05 09:40:00,-1,24
237716,237717,237741,2022-04-05 09:40:00,2022-04-05 09:45:00,2022-04-05 11:45:00,-1,24
237740,237741,237765,2022-04-05 11:40:00,2022-04-05 11:45:00,2022-04-05 13:45:00,1,24
237774,237775,237799,2022-04-05 14:30:00,2022-04-05 14:35:00,2022-04-05 16:35:00,-1,24
237799,237800,237824,2022-04-05 16:35:00,2022-04-05 16:40:00,2022-04-05 18:40:00,-1,24
237828,237829,237853,2022-04-05 19:00:00,2022-04-05 19:05:00,2022-04-05 21:05:00,1,24
237855,237856,237880,2022-04-05 21:15:00,2022-04-05 21:20:00,2022-04-05 23:20:00,1,24
237881,237882,237906,2022-04-05 23:25:00,2022-04-05 23:30:00,2022-04-06 01:30:00,-1,24
237910,237911,237935,2022-04-06 01:50:00,2022-04-06 01:55:00,2022-04-06 03:55:00,1,24
237942,237943,237967,2022-04-06 04:30:00,2022-04-06 04:35:00,2022-04-06 06:35:00,-1,24
237979,237980,238004,2022-04-06 07:35:00,2022-04-06 07:40:00,2022-04-06 09:40:00,1,24
238003,238004,238028,2022-04-06 09:35:00,2022-04-06 09:40:00,2022-04-06 11:40:00,-1,24
238027,238028,238052,2022-04-06 11:35:00,2022-04-06 11:40:00,2022-04-06 13:40:00,-1,24
238097,238098,238122,2022-04-06 17:25:00,2022-04-06 17:30:00,2022-04-06 19:30:00,-1,24
238121,238122,238146,2022-04-06 19:25:00,2022-04-06 19:30:00,2022-04-06 21:30:00,-1,24
238145,238146,238170,2022-04-06 21:25:00,2022-04-06 21:30:00,2022-04-06 23:30:00,1,24
238180,238181,238205,2022-04-07 00:20:00,2022-04-07 00:25:00,2022-04-07 02:25:00,-1,24
238206,238207,238231,2022-04-07 02:30:00,2022-04-07 02:35:00,2022-04-07 04:35:00,-1,24
238247,238248,238272,2022-04-07 05:55:00,2022-04-07 06:00:00,2022-04-07 08:00:00,1,24
238272,238273,238297,2022-04-07 08:00:00,2022-04-07 08:05:00,2022-04-07 10:05:00,-1,24
238304,238305,238329,2022-04-07 10:40:00,2022-04-07 10:45:00,2022-04-07 12:45:00,1,24
238347,238348,238372,2022-04-07 14:15:00,2022-04-07 14:20:00,2022-04-07 16:20:00,-1,24
238372,238373,238397,2022-04-07 16:20:00,2022-04-07 16:25:00,2022-04-07 18:25:00,1,24
238403,238404,238428,2022-04-07 18:55:00,2022-04-07 19:00:00,2022-04-07 21:00:00,-1,24
238440,238441,238465,2022-04-07 22:00:00,2022-04-07 22:05:00,2022-04-08 00:05:00,-1,24
238472,238473,238497,2022-04-08 00:40:00,2022-04-08 00:45:00,2022-04-08 02:45:00,-1,24
238505,238506,238530,2022-04-08 03:25:00,2022-04-08 03:30:00,2022-04-08 05:30:00,1,24
238530,238531,238555,2022-04-08 05:30:00,2022-04-08 05:35:00,2022-04-08 07:35:00,-1,24
238567,238568,238592,2022-04-08 08:35:00,2022-04-08 08:40:00,2022-04-08 10:40:00,-1,24
238595,238596,238620,2022-04-08 10:55:00,2022-04-08 11:00:00,2022-04-08 13:00:00,1,24
238630,238631,238655,2022-04-08 13:50:00,2022-04-08 13:55:00,2022-04-08 15:55:00,-1,24
238672,238673,238697,2022-04-08 17:20:00,2022-04-08 17:25:00,2022-04-08 19:25:00,-1,24
238696,238697,238721,2022-04-08 19:20:00,2022-04-08 19:25:00,2022-04-08 21:25:00,1,24
238738,238739,238763,2022-04-08 22:50:00,2022-04-08 22:55:00,2022-04-09 00:55:00,-1,24
238763,238764,238788,2022-04-09 00:55:00,2022-04-09 01:00:00,2022-04-09 03:00:00,-1,24
238794,238795,238819,2022-04-09 03:30:00,2022-04-09 03:35:00,2022-04-09 05:35:00,1,24
238832,238833,238857,2022-04-09 06:40:00,2022-04-09 06:45:00,2022-04-09 08:45:00,1,24
238857,238858,238882,2022-04-09 08:45:00,2022-04-09 08:50:00,2022-04-09 10:50:00,-1,24
238882,238883,238907,2022-04-09 10:50:00,2022-04-09 10:55:00,2022-04-09 12:55:00,-1,24
238909,238910,238934,2022-04-09 13:05:00,2022-04-09 13:10:00,2022-04-09 15:10:00,1,24
238945,238946,238970,2022-04-09 16:05:00,2022-04-09 16:10:00,2022-04-09 18:10:00,-1,24
238969,238970,238994,2022-04-09 18:05:00,2022-04-09 18:10:00,2022-04-09 20:10:00,1,24
239000,239001,239025,2022-04-09 20:40:00,2022-04-09 20:45:00,2022-04-09 22:45:00,1,24
239037,239038,239062,2022-04-09 23:45:00,2022-04-09 23:50:00,2022-04-10 01:50:00,-1,24
239061,239062,239086,2022-04-10 01:45:00,2022-04-10 01:50:00,2022-04-10 03:50:00,-1,24
239087,239088,239112,2022-04-10 03:55:00,2022-04-10 04:00:00,2022-04-10 06:00:00,1,24
239112,239113,239137,2022-04-10 06:00:00,2022-04-10 06:05:00,2022-04-10 08:05:00,1,24
239145,239146,239170,2022-04-10 08:45:00,2022-04-10 08:50:00,2022-04-10 10:50:00,-1,24
239171,239172,239196,2022-04-10 10:55:00,2022-04-10 11:00:00,2022-04-10 13:00:00,-1,24
239201,239202,239226,2022-04-10 13:25:00,2022-04-10 13:30:00,2022-04-10 15:30:00,-1,24
239225,239226,239250,2022-04-10 15:25:00,2022-04-10 15:30:00,2022-04-10 17:30:00,-1,24
239268,239269,239293,2022-04-10 19:00:00,2022-04-10 19:05:00,2022-04-10 21:05:00,-1,24
239294,239295,239319,2022-04-10 21:10:00,2022-04-10 21:15:00,2022-04-10 23:15:00,-1,24
239325,239326,239350,2022-04-10 23:45:00,2022-04-10 23:50:00,2022-04-11 01:50:00,-1,24
239354,239355,239379,2022-04-11 02:10:00,2022-04-11 02:15:00,2022-04-11 04:15:00,-1,24
239379,239380,239404,2022-04-11 04:15:00,2022-04-11 04:20:00,2022-04-11 06:20:00,-1,24
239404,239405,239429,2022-04-11 06:20:00,2022-04-11 06:25:00,2022-04-11 08:25:00,1,24
239435,239436,239460,2022-04-11 08:55:00,2022-04-11 09:00:00,2022-04-11 11:00:00,-1,24
239553,239554,239578,2022-04-11 18:45:00,2022-04-11 18:50:00,2022-04-11 20:50:00,-1,24
239577,239578,239602,2022-04-11 20:45:00,2022-04-11 20:50:00,2022-04-11 22:50:00,-1,24
239606,239607,239631,2022-04-11 23:10:00,2022-04-11 23:15:00,2022-04-12 01:15:00,-1,24
239678,239679,239703,2022-04-12 05:10:00,2022-04-12 05:15:00,2022-04-12 07:15:00,-1,24
239711,239712,239736,2022-04-12 07:55:00,2022-04-12 08:00:00,2022-04-12 10:00:00,-1,24
239746,239747,239771,2022-04-12 10:50:00,2022-04-12 10:55:00,2022-04-12 12:55:00,1,24
239810,239811,239835,2022-04-12 16:10:00,2022-04-12 16:15:00,2022-04-12 18:15:00,-1,24
239877,239878,239902,2022-04-12 21:45:00,2022-04-12 21:50:00,2022-04-12 23:50:00,-1,24
239908,239909,239933,2022-04-13 00:20:00,2022-04-13 00:25:00,2022-04-13 02:25:00,-1,24
239962,239963,239987,2022-04-13 04:50:00,2022-04-13 04:55:00,2022-04-13 06:55:00,-1,24
239987,239988,240012,2022-04-13 06:55:00,2022-04-13 07:00:00,2022-04-13 09:00:00,1,24
240014,240015,240039,2022-04-13 09:10:00,2022-04-13 09:15:00,2022-04-13 11:15:00,1,24
240094,240095,240119,2022-04-13 15:50:00,2022-04-13 15:55:00,2022-04-13 17:55:00,1,24
240120,240121,240145,2022-04-13 18:00:00,2022-04-13 18:05:00,2022-04-13 20:05:00,-1,24
240144,240145,240169,2022-04-13 20:00:00,2022-04-13 20:05:00,2022-04-13 22:05:00,-1,24
240188,240189,240213,2022-04-13 23:40:00,2022-04-13 23:45:00,2022-04-14 01:45:00,1,24
240224,240225,240249,2022-04-14 02:40:00,2022-04-14 02:45:00,2022-04-14 04:45:00,-1,24
240253,240254,240278,2022-04-14 05:05:00,2022-04-14 05:10:00,2022-04-14 07:10:00,1,24
240279,240280,240304,2022-04-14 07:15:00,2022-04-14 07:20:00,2022-04-14 09:20:00,-1,24
240303,240304,240328,2022-04-14 09:15:00,2022-04-14 09:20:00,2022-04-14 11:20:00,-1,24
240330,240331,240355,2022-04-14 11:30:00,2022-04-14 11:35:00,2022-04-14 13:35:00,-1,24
240388,240389,240413,2022-04-14 16:20:00,2022-04-14 16:25:00,2022-04-14 18:25:00,-1,24
240429,240430,240454,2022-04-14 19:45:00,2022-04-14 19:50:00,2022-04-14 21:50:00,-1,24
240453,240454,240478,2022-04-14 21:45:00,2022-04-14 21:50:00,2022-04-14 23:50:00,-1,24
240501,240502,240526,2022-04-15 01:45:00,2022-04-15 01:50:00,2022-04-15 03:50:00,1,24
240539,240540,240564,2022-04-15 04:55:00,2022-04-15 05:00:00,2022-04-15 07:00:00,-1,24
240583,240584,240608,2022-04-15 08:35:00,2022-04-15 08:40:00,2022-04-15 10:40:00,-1,24
240613,240614,240638,2022-04-15 11:05:00,2022-04-15 11:10:00,2022-04-15 13:10:00,1,24
240641,240642,240666,2022-04-15 13:25:00,2022-04-15 13:30:00,2022-04-15 15:30:00,-1,24
240703,240704,240728,2022-04-15 18:35:00,2022-04-15 18:40:00,2022-04-15 20:40:00,-1,24
240727,240728,240752,2022-04-15 20:35:00,2022-04-15 20:40:00,2022-04-15 22:40:00,1,24
240761,240762,240786,2022-04-15 23:25:00,2022-04-15 23:30:00,2022-04-16 01:30:00,1,24
240788,240789,240813,2022-04-16 01:40:00,2022-04-16 01:45:00,2022-04-16 03:45:00,1,24
240828,240829,240853,2022-04-16 05:00:00,2022-04-16 05:05:00,2022-04-16 07:05:00,1,24
240858,240859,240883,2022-04-16 07:30:00,2022-04-16 07:35:00,2022-04-16 09:35:00,-1,24
240882,240883,240907,2022-04-16 09:30:00,2022-04-16 09:35:00,2022-04-16 11:35:00,-1,24
240906,240907,240931,2022-04-16 11:30:00,2022-04-16 11:35:00,2022-04-16 13:35:00,-1,24
240930,240931,240955,2022-04-16 13:30:00,2022-04-16 13:35:00,2022-04-16 15:35:00,-1,24
240973,240974,240998,2022-04-16 17:05:00,2022-04-16 17:10:00,2022-04-16 19:10:00,1,24
240999,241000,241024,2022-04-16 19:15:00,2022-04-16 19:20:00,2022-04-16 21:20:00,1,24
241035,241036,241060,2022-04-16 22:15:00,2022-04-16 22:20:00,2022-04-17 00:20:00,1,24
241063,241064,241088,2022-04-17 00:35:00,2022-04-17 00:40:00,2022-04-17 02:40:00,-1,24
241093,241094,241118,2022-04-17 03:05:00,2022-04-17 03:10:00,2022-04-17 05:10:00,1,24
241118,241119,241143,2022-04-17 05:10:00,2022-04-17 05:15:00,2022-04-17 07:15:00,-1,24
241150,241151,241175,2022-04-17 07:50:00,2022-04-17 07:55:00,2022-04-17 09:55:00,-1,24
241178,241179,241203,2022-04-17 10:10:00,2022-04-17 10:15:00,2022-04-17 12:15:00,1,24
241203,241204,241228,2022-04-17 12:15:00,2022-04-17 12:20:00,2022-04-17 14:20:00,1,24
241230,241231,241255,2022-04-17 14:30:00,2022-04-17 14:35:00,2022-04-17 16:35:00,-1,24
241255,241256,241280,2022-04-17 16:35:00,2022-04-17 16:40:00,2022-04-17 18:40:00,1,24
241287,241288,241312,2022-04-17 19:15:00,2022-04-17 19:20:00,2022-04-17 21:20:00,-1,24
241328,241329,241353,2022-04-17 22:40:00,2022-04-17 22:45:00,2022-04-18 00:45:00,-1,24
241352,241353,241377,2022-04-18 00:40:00,2022-04-18 00:45:00,2022-04-18 02:45:00,-1,24
241379,241380,241404,2022-04-18 02:55:00,2022-04-18 03:00:00,2022-04-18 05:00:00,-1,24
241417,241418,241442,2022-04-18 06:05:00,2022-04-18 06:10:00,2022-04-18 08:10:00,-1,24
241460,241461,241485,2022-04-18 09:40:00,2022-04-18 09:45:00,2022-04-18 11:45:00,1,24
241488,241489,241513,2022-04-18 12:00:00,2022-04-18 12:05:00,2022-04-18 14:05:00,1,24
241513,241514,241538,2022-04-18 14:05:00,2022-04-18 14:10:00,2022-04-18 16:10:00,1,24
241578,241579,241603,2022-04-18 19:30:00,2022-04-18 19:35:00,2022-04-18 21:35:00,1,24
241627,241628,241652,2022-04-18 23:35:00,2022-04-18 23:40:00,2022-04-19 01:40:00,1,24
241665,241666,241690,2022-04-19 02:45:00,2022-04-19 02:50:00,2022-04-19 04:50:00,-1,24
241698,241699,241723,2022-04-19 05:30:00,2022-04-19 05:35:00,2022-04-19 07:35:00,1,24
241724,241725,241749,2022-04-19 07:40:00,2022-04-19 07:45:00,2022-04-19 09:45:00,-1,24
241748,241749,241773,2022-04-19 09:40:00,2022-04-19 09:45:00,2022-04-19 11:45:00,-1,24
241792,241793,241817,2022-04-19 13:20:00,2022-04-19 13:25:00,2022-04-19 15:25:00,1,24
241853,241854,241878,2022-04-19 18:25:00,2022-04-19 18:30:00,2022-04-19 20:30:00,-1,24
241885,241886,241910,2022-04-19 21:05:00,2022-04-19 21:10:00,2022-04-19 23:10:00,1,24
241913,241914,241938,2022-04-19 23:25:00,2022-04-19 23:30:00,2022-04-20 01:30:00,-1,24
241937,241938,241962,2022-04-20 01:25:00,2022-04-20 01:30:00,2022-04-20 03:30:00,1,24
241962,241963,241987,2022-04-20 03:30:00,2022-04-20 03:35:00,2022-04-20 05:35:00,1,24
242019,242020,242044,2022-04-20 08:15:00,2022-04-20 08:20:00,2022-04-20 10:20:00,1,24
242112,242113,242137,2022-04-20 16:00:00,2022-04-20 16:05:00,2022-04-20 18:05:00,1,24
242136,242137,242161,2022-04-20 18:00:00,2022-04-20 18:05:00,2022-04-20 20:05:00,1,24
242162,242163,242187,2022-04-20 20:10:00,2022-04-20 20:15:00,2022-04-20 22:15:00,-1,24
242194,242195,242219,2022-04-20 22:50:00,2022-04-20 22:55:00,2022-04-21 00:55:00,1,24
242221,242222,242246,2022-04-21 01:05:00,2022-04-21 01:10:00,2022-04-21 03:10:00,-1,24
242249,242250,242274,2022-04-21 03:25:00,2022-04-21 03:30:00,2022-04-21 05:30:00,1,24
242274,242275,242299,2022-04-21 05:30:00,2022-04-21 05:35:00,2022-04-21 07:35:00,1,24
242311,242312,242336,2022-04-21 08:35:00,2022-04-21 08:40:00,2022-04-21 10:40:00,1,24
242508,242509,242533,2022-04-22 01:00:00,2022-04-22 01:05:00,2022-04-22 03:05:00,1,24
242791,242792,242816,2022-04-23 00:35:00,2022-04-23 00:40:00,2022-04-23 02:40:00,-1,24
242822,242823,242847,2022-04-23 03:10:00,2022-04-23 03:15:00,2022-04-23 05:15:00,1,24
242848,242849,242873,2022-04-23 05:20:00,2022-04-23 05:25:00,2022-04-23 07:25:00,-1,24
242876,242877,242901,2022-04-23 07:40:00,2022-04-23 07:45:00,2022-04-23 09:45:00,1,24
242902,242903,242927,2022-04-23 09:50:00,2022-04-23 09:55:00,2022-04-23 11:55:00,1,24
242931,242932,242956,2022-04-23 12:15:00,2022-04-23 12:20:00,2022-04-23 14:20:00,-1,24
242996,242997,243021,2022-04-23 17:40:00,2022-04-23 17:45:00,2022-04-23 19:45:00,-1,24
243033,243034,243058,2022-04-23 20:45:00,2022-04-23 20:50:00,2022-04-23 22:50:00,1,24
243062,243063,243087,2022-04-23 23:10:00,2022-04-23 23:15:00,2022-04-24 01:15:00,1,24
243090,243091,243115,2022-04-24 01:30:00,2022-04-24 01:35:00,2022-04-24 03:35:00,1,24
243116,243117,243141,2022-04-24 03:40:00,2022-04-24 03:45:00,2022-04-24 05:45:00,1,24
243141,243142,243166,2022-04-24 05:45:00,2022-04-24 05:50:00,2022-04-24 07:50:00,1,24
243176,243177,243201,2022-04-24 08:40:00,2022-04-24 08:45:00,2022-04-24 10:45:00,-1,24
243212,243213,243237,2022-04-24 11:40:00,2022-04-24 11:45:00,2022-04-24 13:45:00,-1,24
243257,243258,243282,2022-04-24 15:25:00,2022-04-24 15:30:00,2022-04-24 17:30:00,1,24
243287,243288,243312,2022-04-24 17:55:00,2022-04-24 18:00:00,2022-04-24 20:00:00,-1,24
243334,243335,243359,2022-04-24 21:50:00,2022-04-24 21:55:00,2022-04-24 23:55:00,-1,24
243395,243396,243420,2022-04-25 02:55:00,2022-04-25 03:00:00,2022-04-25 05:00:00,-1,24
243432,243433,243457,2022-04-25 06:00:00,2022-04-25 06:05:00,2022-04-25 08:05:00,1,24
243516,243517,243541,2022-04-25 13:00:00,2022-04-25 13:05:00,2022-04-25 15:05:00,1,24
243578,243579,243603,2022-04-25 18:10:00,2022-04-25 18:15:00,2022-04-25 20:15:00,-1,24
243664,243665,243689,2022-04-26 01:20:00,2022-04-26 01:25:00,2022-04-26 03:25:00,-1,24
243706,243707,243731,2022-04-26 04:50:00,2022-04-26 04:55:00,2022-04-26 06:55:00,1,24
243736,243737,243761,2022-04-26 07:20:00,2022-04-26 07:25:00,2022-04-26 09:25:00,-1,24
243777,243778,243802,2022-04-26 10:45:00,2022-04-26 10:50:00,2022-04-26 12:50:00,1,24
243950,243951,243975,2022-04-27 01:10:00,2022-04-27 01:15:00,2022-04-27 03:15:00,-1,24
243990,243991,244015,2022-04-27 04:30:00,2022-04-27 04:35:00,2022-04-27 06:35:00,-1,24
244029,244030,244054,2022-04-27 07:45:00,2022-04-27 07:50:00,2022-04-27 09:50:00,1,24
244150,244151,244175,2022-04-27 17:50:00,2022-04-27 17:55:00,2022-04-27 19:55:00,1,24
244184,244185,244209,2022-04-27 20:40:00,2022-04-27 20:45:00,2022-04-27 22:45:00,1,24
244221,244222,244246,2022-04-27 23:45:00,2022-04-27 23:50:00,2022-04-28 01:50:00,1,24
244249,244250,244274,2022-04-28 02:05:00,2022-04-28 02:10:00,2022-04-28 04:10:00,-1,24
244281,244282,244306,2022-04-28 04:45:00,2022-04-28 04:50:00,2022-04-28 06:50:00,-1,24
244312,244313,244337,2022-04-28 07:20:00,2022-04-28 07:25:00,2022-04-28 09:25:00,-1,24
244360,244361,244385,2022-04-28 11:20:00,2022-04-28 11:25:00,2022-04-28 13:25:00,1,24
244492,244493,244517,2022-04-28 22:20:00,2022-04-28 22:25:00,2022-04-29 00:25:00,-1,24
244529,244530,244554,2022-04-29 01:25:00,2022-04-29 01:30:00,2022-04-29 03:30:00,-1,24
244559,244560,244584,2022-04-29 03:55:00,2022-04-29 04:00:00,2022-04-29 06:00:00,-1,24
244588,244589,244613,2022-04-29 06:20:00,2022-04-29 06:25:00,2022-04-29 08:25:00,-1,24
244627,244628,244652,2022-04-29 09:35:00,2022-04-29 09:40:00,2022-04-29 11:40:00,-1,24
244702,244703,244727,2022-04-29 15:50:00,2022-04-29 15:55:00,2022-04-29 17:55:00,1,24
244729,244730,244754,2022-04-29 18:05:00,2022-04-29 18:10:00,2022-04-29 20:10:00,-1,24
244759,244760,244784,2022-04-29 20:35:00,2022-04-29 20:40:00,2022-04-29 22:40:00,-1,24
244787,244788,244812,2022-04-29 22:55:00,2022-04-29 23:00:00,2022-04-30 01:00:00,-1,24
244811,244812,244836,2022-04-30 00:55:00,2022-04-30 01:00:00,2022-04-30 03:00:00,-1,24
244837,244838,244862,2022-04-30 03:05:00,2022-04-30 03:10:00,2022-04-30 05:10:00,1,24
244874,244875,244899,2022-04-30 06:10:00,2022-04-30 06:15:00,2022-04-30 08:15:00,1,24
244899,244900,244924,2022-04-30 08:15:00,2022-04-30 08:20:00,2022-04-30 10:20:00,1,24
244929,244930,244954,2022-04-30 10:45:00,2022-04-30 10:50:00,2022-04-30 12:50:00,-1,24
244965,244966,244990,2022-04-30 13:45:00,2022-04-30 13:50:00,2022-04-30 15:50:00,1,24
245025,245026,245050,2022-04-30 18:45:00,2022-04-30 18:50:00,2022-04-30 20:50:00,-1,24
245060,245061,245085,2022-04-30 21:40:00,2022-04-30 21:45:00,2022-04-30 23:45:00,-1,24
245099,245100,245124,2022-05-01 00:55:00,2022-05-01 01:00:00,2022-05-01 03:00:00,-1,24
245141,245142,245166,2022-05-01 04:25:00,2022-05-01 04:30:00,2022-05-01 06:30:00,1,24
245165,245166,245190,2022-05-01 06:25:00,2022-05-01 06:30:00,2022-05-01 08:30:00,1,24
245204,245205,245229,2022-05-01 09:40:00,2022-05-01 09:45:00,2022-05-01 11:45:00,1,24
245239,245240,245264,2022-05-01 12:35:00,2022-05-01 12:40:00,2022-05-01 14:40:00,-1,24
245389,245390,245414,2022-05-02 01:05:00,2022-05-02 01:10:00,2022-05-02 03:10:00,1,24
245417,245418,245442,2022-05-02 03:25:00,2022-05-02 03:30:00,2022-05-02 05:30:00,1,24
245453,245454,245478,2022-05-02 06:25:00,2022-05-02 06:30:00,2022-05-02 08:30:00,1,24
245503,245504,245528,2022-05-02 10:35:00,2022-05-02 10:40:00,2022-05-02 12:40:00,-1,24
245554,245555,245579,2022-05-02 14:50:00,2022-05-02 14:55:00,2022-05-02 16:55:00,-1,24
245599,245600,245624,2022-05-02 18:35:00,2022-05-02 18:40:00,2022-05-02 20:40:00,1,24
245646,245647,245671,2022-05-02 22:30:00,2022-05-02 22:35:00,2022-05-03 00:35:00,1,24
245671,245672,245696,2022-05-03 00:35:00,2022-05-03 00:40:00,2022-05-03 02:40:00,-1,24
245704,245705,245729,2022-05-03 03:20:00,2022-05-03 03:25:00,2022-05-03 05:25:00,1,24
245731,245732,245756,2022-05-03 05:35:00,2022-05-03 05:40:00,2022-05-03 07:40:00,1,24
245767,245768,245792,2022-05-03 08:35:00,2022-05-03 08:40:00,2022-05-03 10:40:00,-1,24
245795,245796,245820,2022-05-03 10:55:00,2022-05-03 11:00:00,2022-05-03 13:00:00,-1,24
245819,245820,245844,2022-05-03 12:55:00,2022-05-03 13:00:00,2022-05-03 15:00:00,1,24
245861,245862,245886,2022-05-03 16:25:00,2022-05-03 16:30:00,2022-05-03 18:30:00,1,24
245889,245890,245914,2022-05-03 18:45:00,2022-05-03 18:50:00,2022-05-03 20:50:00,-1,24
245913,245914,245938,2022-05-03 20:45:00,2022-05-03 20:50:00,2022-05-03 22:50:00,-1,24
245943,245944,245968,2022-05-03 23:15:00,2022-05-03 23:20:00,2022-05-04 01:20:00,-1,24
245973,245974,245998,2022-05-04 01:45:00,2022-05-04 01:50:00,2022-05-04 03:50:00,1,24
246001,246002,246026,2022-05-04 04:05:00,2022-05-04 04:10:00,2022-05-04 06:10:00,1,24
246028,246029,246053,2022-05-04 06:20:00,2022-05-04 06:25:00,2022-05-04 08:25:00,-1,24
246064,246065,246089,2022-05-04 09:20:00,2022-05-04 09:25:00,2022-05-04 11:25:00,1,24
246102,246103,246127,2022-05-04 12:30:00,2022-05-04 12:35:00,2022-05-04 14:35:00,1,24
246126,246127,246151,2022-05-04 14:30:00,2022-05-04 14:35:00,2022-05-04 16:35:00,1,24
246195,246196,246220,2022-05-04 20:15:00,2022-05-04 20:20:00,2022-05-04 22:20:00,1,24
246225,246226,246250,2022-05-04 22:45:00,2022-05-04 22:50:00,2022-05-05 00:50:00,1,24
246251,246252,246276,2022-05-05 00:55:00,2022-05-05 01:00:00,2022-05-05 03:00:00,1,24
246288,246289,246313,2022-05-05 04:00:00,2022-05-05 04:05:00,2022-05-05 06:05:00,1,24
246316,246317,246341,2022-05-05 06:20:00,2022-05-05 06:25:00,2022-05-05 08:25:00,-1,24
246362,246363,246387,2022-05-05 10:10:00,2022-05-05 10:15:00,2022-05-05 12:15:00,-1,24
246387,246388,246412,2022-05-05 12:15:00,2022-05-05 12:20:00,2022-05-05 14:20:00,1,24
246481,246482,246506,2022-05-05 20:05:00,2022-05-05 20:10:00,2022-05-05 22:10:00,-1,24
246507,246508,246532,2022-05-05 22:15:00,2022-05-05 22:20:00,2022-05-06 00:20:00,1,24
246535,246536,246560,2022-05-06 00:35:00,2022-05-06 00:40:00,2022-05-06 02:40:00,1,24
246563,246564,246588,2022-05-06 02:55:00,2022-05-06 03:00:00,2022-05-06 05:00:00,1,24
246590,246591,246615,2022-05-06 05:10:00,2022-05-06 05:15:00,2022-05-06 07:15:00,-1,24
246631,246632,246656,2022-05-06 08:35:00,2022-05-06 08:40:00,2022-05-06 10:40:00,1,24
246673,246674,246698,2022-05-06 12:05:00,2022-05-06 12:10:00,2022-05-06 14:10:00,-1,24
246747,246748,246772,2022-05-06 18:15:00,2022-05-06 18:20:00,2022-05-06 20:20:00,-1,24
246774,246775,246799,2022-05-06 20:30:00,2022-05-06 20:35:00,2022-05-06 22:35:00,-1,24
246799,246800,246824,2022-05-06 22:35:00,2022-05-06 22:40:00,2022-05-07 00:40:00,-1,24
246827,246828,246852,2022-05-07 00:55:00,2022-05-07 01:00:00,2022-05-07 03:00:00,-1,24
246851,246852,246876,2022-05-07 02:55:00,2022-05-07 03:00:00,2022-05-07 05:00:00,-1,24
246890,246891,246915,2022-05-07 06:10:00,2022-05-07 06:15:00,2022-05-07 08:15:00,-1,24
246917,246918,246942,2022-05-07 08:25:00,2022-05-07 08:30:00,2022-05-07 10:30:00,-1,24
246953,246954,246978,2022-05-07 11:25:00,2022-05-07 11:30:00,2022-05-07 13:30:00,-1,24
246977,246978,247002,2022-05-07 13:25:00,2022-05-07 13:30:00,2022-05-07 15:30:00,1,24
247002,247003,247027,2022-05-07 15:30:00,2022-05-07 15:35:00,2022-05-07 17:35:00,1,24
247299,247300,247324,2022-05-08 16:15:00,2022-05-08 16:20:00,2022-05-08 18:20:00,-1,24
247375,247376,247400,2022-05-08 22:35:00,2022-05-08 22:40:00,2022-05-09 00:40:00,-1,24
247472,247473,247497,2022-05-09 06:40:00,2022-05-09 06:45:00,2022-05-09 08:45:00,1,24
247542,247543,247567,2022-05-09 12:30:00,2022-05-09 12:35:00,2022-05-09 14:35:00,1,24
247730,247731,247755,2022-05-10 04:10:00,2022-05-10 04:15:00,2022-05-10 06:15:00,1,24
247917,247918,247942,2022-05-10 19:45:00,2022-05-10 19:50:00,2022-05-10 21:50:00,-1,24
247983,247984,248008,2022-05-11 01:15:00,2022-05-11 01:20:00,2022-05-11 03:20:00,-1,24
248010,248011,248035,2022-05-11 03:30:00,2022-05-11 03:35:00,2022-05-11 05:35:00,-1,24
248150,248151,248175,2022-05-11 15:10:00,2022-05-11 15:15:00,2022-05-11 17:15:00,1,24
248282,248283,248307,2022-05-12 02:10:00,2022-05-12 02:15:00,2022-05-12 04:15:00,-1,24
248385,248386,248410,2022-05-12 10:45:00,2022-05-12 10:50:00,2022-05-12 12:50:00,-1,24
248487,248488,248512,2022-05-12 19:15:00,2022-05-12 19:20:00,2022-05-12 21:20:00,-1,24
248549,248550,248574,2022-05-13 00:25:00,2022-05-13 00:30:00,2022-05-13 02:30:00,-1,24
248601,248602,248626,2022-05-13 04:45:00,2022-05-13 04:50:00,2022-05-13 06:50:00,1,24
248638,248639,248663,2022-05-13 07:50:00,2022-05-13 07:55:00,2022-05-13 09:55:00,1,24
248753,248754,248778,2022-05-13 17:25:00,2022-05-13 17:30:00,2022-05-13 19:30:00,1,24
248780,248781,248805,2022-05-13 19:40:00,2022-05-13 19:45:00,2022-05-13 21:45:00,1,24
248853,248854,248878,2022-05-14 01:45:00,2022-05-14 01:50:00,2022-05-14 03:50:00,-1,24
248945,248946,248970,2022-05-14 09:25:00,2022-05-14 09:30:00,2022-05-14 11:30:00,1,24
248978,248979,249003,2022-05-14 12:10:00,2022-05-14 12:15:00,2022-05-14 14:15:00,1,24
249005,249006,249030,2022-05-14 14:25:00,2022-05-14 14:30:00,2022-05-14 16:30:00,-1,24
249082,249083,249107,2022-05-14 20:50:00,2022-05-14 20:55:00,2022-05-14 22:55:00,-1,24
249110,249111,249135,2022-05-14 23:10:00,2022-05-14 23:15:00,2022-05-15 01:15:00,-1,24
249140,249141,249165,2022-05-15 01:40:00,2022-05-15 01:45:00,2022-05-15 03:45:00,-1,24
249177,249178,249202,2022-05-15 04:45:00,2022-05-15 04:50:00,2022-05-15 06:50:00,-1,24
249239,249240,249264,2022-05-15 09:55:00,2022-05-15 10:00:00,2022-05-15 12:00:00,-1,24
249274,249275,249299,2022-05-15 12:50:00,2022-05-15 12:55:00,2022-05-15 14:55:00,1,24
249300,249301,249325,2022-05-15 15:00:00,2022-05-15 15:05:00,2022-05-15 17:05:00,-1,24
249341,249342,249366,2022-05-15 18:25:00,2022-05-15 18:30:00,2022-05-15 20:30:00,-1,24
249382,249383,249407,2022-05-15 21:50:00,2022-05-15 21:55:00,2022-05-15 23:55:00,-1,24
249412,249413,249437,2022-05-16 00:20:00,2022-05-16 00:25:00,2022-05-16 02:25:00,1,24
249452,249453,249477,2022-05-16 03:40:00,2022-05-16 03:45:00,2022-05-16 05:45:00,-1,24
249633,249634,249658,2022-05-16 18:45:00,2022-05-16 18:50:00,2022-05-16 20:50:00,1,24
249698,249699,249723,2022-05-17 00:10:00,2022-05-17 00:15:00,2022-05-17 02:15:00,-1,24
249791,249792,249816,2022-05-17 07:55:00,2022-05-17 08:00:00,2022-05-17 10:00:00,1,24
249818,249819,249843,2022-05-17 10:10:00,2022-05-17 10:15:00,2022-05-17 12:15:00,1,24
249885,249886,249910,2022-05-17 15:45:00,2022-05-17 15:50:00,2022-05-17 17:50:00,-1,24
249910,249911,249935,2022-05-17 17:50:00,2022-05-17 17:55:00,2022-05-17 19:55:00,-1,24
249945,249946,249970,2022-05-17 20:45:00,2022-05-17 20:50:00,2022-05-17 22:50:00,-1,24
249975,249976,250000,2022-05-17 23:15:00,2022-05-17 23:20:00,2022-05-18 01:20:00,1,24
250000,250001,250025,2022-05-18 01:20:00,2022-05-18 01:25:00,2022-05-18 03:25:00,-1,24
250079,250080,250104,2022-05-18 07:55:00,2022-05-18 08:00:00,2022-05-18 10:00:00,-1,24
250185,250186,250210,2022-05-18 16:45:00,2022-05-18 16:50:00,2022-05-18 18:50:00,-1,24
250225,250226,250250,2022-05-18 20:05:00,2022-05-18 20:10:00,2022-05-18 22:10:00,1,24
250250,250251,250275,2022-05-18 22:10:00,2022-05-18 22:15:00,2022-05-19 00:15:00,-1,24
250283,250284,250308,2022-05-19 00:55:00,2022-05-19 01:00:00,2022-05-19 03:00:00,1,24
250341,250342,250366,2022-05-19 05:45:00,2022-05-19 05:50:00,2022-05-19 07:50:00,1,24
250373,250374,250398,2022-05-19 08:25:00,2022-05-19 08:30:00,2022-05-19 10:30:00,-1,24
250406,250407,250431,2022-05-19 11:10:00,2022-05-19 11:15:00,2022-05-19 13:15:00,-1,24
250484,250485,250509,2022-05-19 17:40:00,2022-05-19 17:45:00,2022-05-19 19:45:00,-1,24
250508,250509,250533,2022-05-19 19:40:00,2022-05-19 19:45:00,2022-05-19 21:45:00,1,24
250536,250537,250561,2022-05-19 22:00:00,2022-05-19 22:05:00,2022-05-20 00:05:00,1,24
250571,250572,250596,2022-05-20 00:55:00,2022-05-20 01:00:00,2022-05-20 03:00:00,1,24
250603,250604,250628,2022-05-20 03:35:00,2022-05-20 03:40:00,2022-05-20 05:40:00,-1,24
250630,250631,250655,2022-05-20 05:50:00,2022-05-20 05:55:00,2022-05-20 07:55:00,-1,24
250656,250657,250681,2022-05-20 08:00:00,2022-05-20 08:05:00,2022-05-20 10:05:00,1,24
250681,250682,250706,2022-05-20 10:05:00,2022-05-20 10:10:00,2022-05-20 12:10:00,-1,24
250748,250749,250773,2022-05-20 15:40:00,2022-05-20 15:45:00,2022-05-20 17:45:00,-1,24
250772,250773,250797,2022-05-20 17:40:00,2022-05-20 17:45:00,2022-05-20 19:45:00,-1,24
250797,250798,250822,2022-05-20 19:45:00,2022-05-20 19:50:00,2022-05-20 21:50:00,-1,24
250868,250869,250893,2022-05-21 01:40:00,2022-05-21 01:45:00,2022-05-21 03:45:00,-1,24
250905,250906,250930,2022-05-21 04:45:00,2022-05-21 04:50:00,2022-05-21 06:50:00,1,24
250952,250953,250977,2022-05-21 08:40:00,2022-05-21 08:45:00,2022-05-21 10:45:00,1,24
250986,250987,251011,2022-05-21 11:30:00,2022-05-21 11:35:00,2022-05-21 13:35:00,1,24
251086,251087,251111,2022-05-21 19:50:00,2022-05-21 19:55:00,2022-05-21 21:55:00,1,24
251122,251123,251147,2022-05-21 22:50:00,2022-05-21 22:55:00,2022-05-22 00:55:00,1,24
251165,251166,251190,2022-05-22 02:25:00,2022-05-22 02:30:00,2022-05-22 04:30:00,1,24
251196,251197,251221,2022-05-22 05:00:00,2022-05-22 05:05:00,2022-05-22 07:05:00,-1,24
251221,251222,251246,2022-05-22 07:05:00,2022-05-22 07:10:00,2022-05-22 09:10:00,-1,24
251264,251265,251289,2022-05-22 10:40:00,2022-05-22 10:45:00,2022-05-22 12:45:00,1,24
251300,251301,251325,2022-05-22 13:40:00,2022-05-22 13:45:00,2022-05-22 15:45:00,-1,24
251346,251347,251371,2022-05-22 17:30:00,2022-05-22 17:35:00,2022-05-22 19:35:00,1,24
251376,251377,251401,2022-05-22 20:00:00,2022-05-22 20:05:00,2022-05-22 22:05:00,1,24
251434,251435,251459,2022-05-23 00:50:00,2022-05-23 00:55:00,2022-05-23 02:55:00,1,24
251464,251465,251489,2022-05-23 03:20:00,2022-05-23 03:25:00,2022-05-23 05:25:00,1,24
251510,251511,251535,2022-05-23 07:10:00,2022-05-23 07:15:00,2022-05-23 09:15:00,-1,24
251564,251565,251589,2022-05-23 11:40:00,2022-05-23 11:45:00,2022-05-23 13:45:00,-1,24
251658,251659,251683,2022-05-23 19:30:00,2022-05-23 19:35:00,2022-05-23 21:35:00,-1,24
251701,251702,251726,2022-05-23 23:05:00,2022-05-23 23:10:00,2022-05-24 01:10:00,-1,24
251775,251776,251800,2022-05-24 05:15:00,2022-05-24 05:20:00,2022-05-24 07:20:00,-1,24
251812,251813,251837,2022-05-24 08:20:00,2022-05-24 08:25:00,2022-05-24 10:25:00,-1,24
251872,251873,251897,2022-05-24 13:20:00,2022-05-24 13:25:00,2022-05-24 15:25:00,1,24
251919,251920,251944,2022-05-24 17:15:00,2022-05-24 17:20:00,2022-05-24 19:20:00,-1,24
251998,251999,252023,2022-05-24 23:50:00,2022-05-24 23:55:00,2022-05-25 01:55:00,-1,24
252039,252040,252064,2022-05-25 03:15:00,2022-05-25 03:20:00,2022-05-25 05:20:00,1,24
252068,252069,252093,2022-05-25 05:40:00,2022-05-25 05:45:00,2022-05-25 07:45:00,-1,24
252160,252161,252185,2022-05-25 13:20:00,2022-05-25 13:25:00,2022-05-25 15:25:00,-1,24
252189,252190,252214,2022-05-25 15:45:00,2022-05-25 15:50:00,2022-05-25 17:50:00,1,24
252226,252227,252251,2022-05-25 18:50:00,2022-05-25 18:55:00,2022-05-25 20:55:00,-1,24
252261,252262,252286,2022-05-25 21:45:00,2022-05-25 21:50:00,2022-05-25 23:50:00,1,24
252300,252301,252325,2022-05-26 01:00:00,2022-05-26 01:05:00,2022-05-26 03:05:00,1,24
252324,252325,252349,2022-05-26 03:00:00,2022-05-26 03:05:00,2022-05-26 05:05:00,1,24
252395,252396,252420,2022-05-26 08:55:00,2022-05-26 09:00:00,2022-05-26 11:00:00,-1,24
252524,252525,252549,2022-05-26 19:40:00,2022-05-26 19:45:00,2022-05-26 21:45:00,-1,24
252552,252553,252577,2022-05-26 22:00:00,2022-05-26 22:05:00,2022-05-27 00:05:00,1,24
252587,252588,252612,2022-05-27 00:55:00,2022-05-27 01:00:00,2022-05-27 03:00:00,1,24
252622,252623,252647,2022-05-27 03:50:00,2022-05-27 03:55:00,2022-05-27 05:55:00,-1,24
252676,252677,252701,2022-05-27 08:20:00,2022-05-27 08:25:00,2022-05-27 10:25:00,1,24
252737,252738,252762,2022-05-27 13:25:00,2022-05-27 13:30:00,2022-05-27 15:30:00,-1,24
252796,252797,252821,2022-05-27 18:20:00,2022-05-27 18:25:00,2022-05-27 20:25:00,-1,24
252844,252845,252869,2022-05-27 22:20:00,2022-05-27 22:25:00,2022-05-28 00:25:00,-1,24
252871,252872,252896,2022-05-28 00:35:00,2022-05-28 00:40:00,2022-05-28 02:40:00,-1,24
252896,252897,252921,2022-05-28 02:40:00,2022-05-28 02:45:00,2022-05-28 04:45:00,1,24
252925,252926,252950,2022-05-28 05:05:00,2022-05-28 05:10:00,2022-05-28 07:10:00,1,24
252951,252952,252976,2022-05-28 07:15:00,2022-05-28 07:20:00,2022-05-28 09:20:00,1,24
252984,252985,253009,2022-05-28 10:00:00,2022-05-28 10:05:00,2022-05-28 12:05:00,1,24
253015,253016,253040,2022-05-28 12:35:00,2022-05-28 12:40:00,2022-05-28 14:40:00,-1,24
253097,253098,253122,2022-05-28 19:25:00,2022-05-28 19:30:00,2022-05-28 21:30:00,1,24
253126,253127,253151,2022-05-28 21:50:00,2022-05-28 21:55:00,2022-05-28 23:55:00,1,24
253158,253159,253183,2022-05-29 00:30:00,2022-05-29 00:35:00,2022-05-29 02:35:00,1,24
253184,253185,253209,2022-05-29 02:40:00,2022-05-29 02:45:00,2022-05-29 04:45:00,-1,24
253221,253222,253246,2022-05-29 05:45:00,2022-05-29 05:50:00,2022-05-29 07:50:00,-1,24
253276,253277,253301,2022-05-29 10:20:00,2022-05-29 10:25:00,2022-05-29 12:25:00,1,24
253313,253314,253338,2022-05-29 13:25:00,2022-05-29 13:30:00,2022-05-29 15:30:00,-1,24
253355,253356,253380,2022-05-29 16:55:00,2022-05-29 17:00:00,2022-05-29 19:00:00,1,24
253388,253389,253413,2022-05-29 19:40:00,2022-05-29 19:45:00,2022-05-29 21:45:00,-1,24
253412,253413,253437,2022-05-29 21:40:00,2022-05-29 21:45:00,2022-05-29 23:45:00,1,24
253438,253439,253463,2022-05-29 23:50:00,2022-05-29 23:55:00,2022-05-30 01:55:00,1,24
253475,253476,253500,2022-05-30 02:55:00,2022-05-30 03:00:00,2022-05-30 05:00:00,1,24
253500,253501,253525,2022-05-30 05:00:00,2022-05-30 05:05:00,2022-05-30 07:05:00,-1,24
253530,253531,253555,2022-05-30 07:30:00,2022-05-30 07:35:00,2022-05-30 09:35:00,1,24
253570,253571,253595,2022-05-30 10:50:00,2022-05-30 10:55:00,2022-05-30 12:55:00,1,24
253607,253608,253632,2022-05-30 13:55:00,2022-05-30 14:00:00,2022-05-30 16:00:00,1,24
253660,253661,253685,2022-05-30 18:20:00,2022-05-30 18:25:00,2022-05-30 20:25:00,1,24
253702,253703,253727,2022-05-30 21:50:00,2022-05-30 21:55:00,2022-05-30 23:55:00,-1,24
253735,253736,253760,2022-05-31 00:35:00,2022-05-31 00:40:00,2022-05-31 02:40:00,-1,24
253777,253778,253802,2022-05-31 04:05:00,2022-05-31 04:10:00,2022-05-31 06:10:00,1,24
253803,253804,253828,2022-05-31 06:15:00,2022-05-31 06:20:00,2022-05-31 08:20:00,1,24
253827,253828,253852,2022-05-31 08:15:00,2022-05-31 08:20:00,2022-05-31 10:20:00,-1,24
253872,253873,253897,2022-05-31 12:00:00,2022-05-31 12:05:00,2022-05-31 14:05:00,1,24
253938,253939,253963,2022-05-31 17:30:00,2022-05-31 17:35:00,2022-05-31 19:35:00,-1,24
253964,253965,253989,2022-05-31 19:40:00,2022-05-31 19:45:00,2022-05-31 21:45:00,1,24
253992,253993,254017,2022-05-31 22:00:00,2022-05-31 22:05:00,2022-06-01 00:05:00,1,24
254016,254017,254041,2022-06-01 00:00:00,2022-06-01 00:05:00,2022-06-01 02:05:00,-1,24
254057,254058,254082,2022-06-01 03:25:00,2022-06-01 03:30:00,2022-06-01 05:30:00,-1,24
254088,254089,254113,2022-06-01 06:00:00,2022-06-01 06:05:00,2022-06-01 08:05:00,-1,24
254134,254135,254159,2022-06-01 09:50:00,2022-06-01 09:55:00,2022-06-01 11:55:00,1,24
254245,254246,254270,2022-06-01 19:05:00,2022-06-01 19:10:00,2022-06-01 21:10:00,-1,24
254283,254284,254308,2022-06-01 22:15:00,2022-06-01 22:20:00,2022-06-02 00:20:00,-1,24
254312,254313,254337,2022-06-02 00:40:00,2022-06-02 00:45:00,2022-06-02 02:45:00,1,24
254348,254349,254373,2022-06-02 03:40:00,2022-06-02 03:45:00,2022-06-02 05:45:00,-1,24
254398,254399,254423,2022-06-02 07:50:00,2022-06-02 07:55:00,2022-06-02 09:55:00,-1,24
254440,254441,254465,2022-06-02 11:20:00,2022-06-02 11:25:00,2022-06-02 13:25:00,-1,24
254477,254478,254502,2022-06-02 14:25:00,2022-06-02 14:30:00,2022-06-02 16:30:00,-1,24
254521,254522,254546,2022-06-02 18:05:00,2022-06-02 18:10:00,2022-06-02 20:10:00,1,24
254546,254547,254571,2022-06-02 20:10:00,2022-06-02 20:15:00,2022-06-02 22:15:00,1,24
254571,254572,254596,2022-06-02 22:15:00,2022-06-02 22:20:00,2022-06-03 00:20:00,-1,24
254598,254599,254623,2022-06-03 00:30:00,2022-06-03 00:35:00,2022-06-03 02:35:00,1,24
254628,254629,254653,2022-06-03 03:00:00,2022-06-03 03:05:00,2022-06-03 05:05:00,-1,24
254653,254654,254678,2022-06-03 05:05:00,2022-06-03 05:10:00,2022-06-03 07:10:00,1,24
254688,254689,254713,2022-06-03 08:00:00,2022-06-03 08:05:00,2022-06-03 10:05:00,1,24
254738,254739,254763,2022-06-03 12:10:00,2022-06-03 12:15:00,2022-06-03 14:15:00,-1,24
254789,254790,254814,2022-06-03 16:25:00,2022-06-03 16:30:00,2022-06-03 18:30:00,1,24
254843,254844,254868,2022-06-03 20:55:00,2022-06-03 21:00:00,2022-06-03 23:00:00,-1,24
254869,254870,254894,2022-06-03 23:05:00,2022-06-03 23:10:00,2022-06-04 01:10:00,1,24
254908,254909,254933,2022-06-04 02:20:00,2022-06-04 02:25:00,2022-06-04 04:25:00,-1,24
254949,254950,254974,2022-06-04 05:45:00,2022-06-04 05:50:00,2022-06-04 07:50:00,1,24
254990,254991,255015,2022-06-04 09:10:00,2022-06-04 09:15:00,2022-06-04 11:15:00,-1,24
255032,255033,255057,2022-06-04 12:40:00,2022-06-04 12:45:00,2022-06-04 14:45:00,1,24
255059,255060,255084,2022-06-04 14:55:00,2022-06-04 15:00:00,2022-06-04 17:00:00,1,24
255101,255102,255126,2022-06-04 18:25:00,2022-06-04 18:30:00,2022-06-04 20:30:00,1,24
255131,255132,255156,2022-06-04 20:55:00,2022-06-04 21:00:00,2022-06-04 23:00:00,-1,24
255161,255162,255186,2022-06-04 23:25:00,2022-06-04 23:30:00,2022-06-05 01:30:00,1,24
255185,255186,255210,2022-06-05 01:25:00,2022-06-05 01:30:00,2022-06-05 03:30:00,-1,24
255212,255213,255237,2022-06-05 03:40:00,2022-06-05 03:45:00,2022-06-05 05:45:00,1,24
255243,255244,255268,2022-06-05 06:15:00,2022-06-05 06:20:00,2022-06-05 08:20:00,1,24
255280,255281,255305,2022-06-05 09:20:00,2022-06-05 09:25:00,2022-06-05 11:25:00,-1,24
255313,255314,255338,2022-06-05 12:05:00,2022-06-05 12:10:00,2022-06-05 14:10:00,1,24
255337,255338,255362,2022-06-05 14:05:00,2022-06-05 14:10:00,2022-06-05 16:10:00,-1,24
255371,255372,255396,2022-06-05 16:55:00,2022-06-05 17:00:00,2022-06-05 19:00:00,1,24
255400,255401,255425,2022-06-05 19:20:00,2022-06-05 19:25:00,2022-06-05 21:25:00,1,24
255425,255426,255450,2022-06-05 21:25:00,2022-06-05 21:30:00,2022-06-05 23:30:00,-1,24
255476,255477,255501,2022-06-06 01:40:00,2022-06-06 01:45:00,2022-06-06 03:45:00,1,24
255510,255511,255535,2022-06-06 04:30:00,2022-06-06 04:35:00,2022-06-06 06:35:00,1,24
255541,255542,255566,2022-06-06 07:05:00,2022-06-06 07:10:00,2022-06-06 09:10:00,1,24
255577,255578,255602,2022-06-06 10:05:00,2022-06-06 10:10:00,2022-06-06 12:10:00,1,24
255607,255608,255632,2022-06-06 12:35:00,2022-06-06 12:40:00,2022-06-06 14:40:00,1,24
255667,255668,255692,2022-06-06 17:35:00,2022-06-06 17:40:00,2022-06-06 19:40:00,1,24
255719,255720,255744,2022-06-06 21:55:00,2022-06-06 22:00:00,2022-06-07 00:00:00,1,24
255757,255758,255782,2022-06-07 01:05:00,2022-06-07 01:10:00,2022-06-07 03:10:00,-1,24
255782,255783,255807,2022-06-07 03:10:00,2022-06-07 03:15:00,2022-06-07 05:15:00,-1,24
255807,255808,255832,2022-06-07 05:15:00,2022-06-07 05:20:00,2022-06-07 07:20:00,-1,24
255832,255833,255857,2022-06-07 07:20:00,2022-06-07 07:25:00,2022-06-07 09:25:00,-1,24
255880,255881,255905,2022-06-07 11:20:00,2022-06-07 11:25:00,2022-06-07 13:25:00,-1,24
255917,255918,255942,2022-06-07 14:25:00,2022-06-07 14:30:00,2022-06-07 16:30:00,-1,24
255960,255961,255985,2022-06-07 18:00:00,2022-06-07 18:05:00,2022-06-07 20:05:00,-1,24
255988,255989,256013,2022-06-07 20:20:00,2022-06-07 20:25:00,2022-06-07 22:25:00,1,24
256016,256017,256041,2022-06-07 22:40:00,2022-06-07 22:45:00,2022-06-08 00:45:00,1,24
256043,256044,256068,2022-06-08 00:55:00,2022-06-08 01:00:00,2022-06-08 03:00:00,1,24
256075,256076,256100,2022-06-08 03:35:00,2022-06-08 03:40:00,2022-06-08 05:40:00,-1,24
256122,256123,256147,2022-06-08 07:30:00,2022-06-08 07:35:00,2022-06-08 09:35:00,1,24
256154,256155,256179,2022-06-08 10:10:00,2022-06-08 10:15:00,2022-06-08 12:15:00,1,24
256192,256193,256217,2022-06-08 13:20:00,2022-06-08 13:25:00,2022-06-08 15:25:00,-1,24
256223,256224,256248,2022-06-08 15:55:00,2022-06-08 16:00:00,2022-06-08 18:00:00,-1,24
256261,256262,256286,2022-06-08 19:05:00,2022-06-08 19:10:00,2022-06-08 21:10:00,-1,24
256292,256293,256317,2022-06-08 21:40:00,2022-06-08 21:45:00,2022-06-08 23:45:00,-1,24
256323,256324,256348,2022-06-09 00:15:00,2022-06-09 00:20:00,2022-06-09 02:20:00,-1,24
256363,256364,256388,2022-06-09 03:35:00,2022-06-09 03:40:00,2022-06-09 05:40:00,-1,24
256394,256395,256419,2022-06-09 06:10:00,2022-06-09 06:15:00,2022-06-09 08:15:00,-1,24
256426,256427,256451,2022-06-09 08:50:00,2022-06-09 08:55:00,2022-06-09 10:55:00,1,24
256450,256451,256475,2022-06-09 10:50:00,2022-06-09 10:55:00,2022-06-09 12:55:00,1,24
256479,256480,256504,2022-06-09 13:15:00,2022-06-09 13:20:00,2022-06-09 15:20:00,-1,24
256513,256514,256538,2022-06-09 16:05:00,2022-06-09 16:10:00,2022-06-09 18:10:00,-1,24
256538,256539,256563,2022-06-09 18:10:00,2022-06-09 18:15:00,2022-06-09 20:15:00,-1,24
256571,256572,256596,2022-06-09 20:55:00,2022-06-09 21:00:00,2022-06-09 23:00:00,1,24
256597,256598,256622,2022-06-09 23:05:00,2022-06-09 23:10:00,2022-06-10 01:10:00,-1,24
256640,256641,256665,2022-06-10 02:40:00,2022-06-10 02:45:00,2022-06-10 04:45:00,1,24
256671,256672,256696,2022-06-10 05:15:00,2022-06-10 05:20:00,2022-06-10 07:20:00,1,24
256697,256698,256722,2022-06-10 07:25:00,2022-06-10 07:30:00,2022-06-10 09:30:00,1,24
256739,256740,256764,2022-06-10 10:55:00,2022-06-10 11:00:00,2022-06-10 13:00:00,-1,24
256774,256775,256799,2022-06-10 13:50:00,2022-06-10 13:55:00,2022-06-10 15:55:00,-1,24
256798,256799,256823,2022-06-10 15:50:00,2022-06-10 15:55:00,2022-06-10 17:55:00,-1,24
256824,256825,256849,2022-06-10 18:00:00,2022-06-10 18:05:00,2022-06-10 20:05:00,1,24
256851,256852,256876,2022-06-10 20:15:00,2022-06-10 20:20:00,2022-06-10 22:20:00,-1,24
256875,256876,256900,2022-06-10 22:15:00,2022-06-10 22:20:00,2022-06-11 00:20:00,1,24
256901,256902,256926,2022-06-11 00:25:00,2022-06-11 00:30:00,2022-06-11 02:30:00,1,24
256964,256965,256989,2022-06-11 05:40:00,2022-06-11 05:45:00,2022-06-11 07:45:00,1,24
256990,256991,257015,2022-06-11 07:50:00,2022-06-11 07:55:00,2022-06-11 09:55:00,-1,24
257014,257015,257039,2022-06-11 09:50:00,2022-06-11 09:55:00,2022-06-11 11:55:00,1,24
257062,257063,257087,2022-06-11 13:50:00,2022-06-11 13:55:00,2022-06-11 15:55:00,-1,24
257105,257106,257130,2022-06-11 17:25:00,2022-06-11 17:30:00,2022-06-11 19:30:00,-1,24
257134,257135,257159,2022-06-11 19:50:00,2022-06-11 19:55:00,2022-06-11 21:55:00,1,24
257160,257161,257185,2022-06-11 22:00:00,2022-06-11 22:05:00,2022-06-12 00:05:00,1,24
257194,257195,257219,2022-06-12 00:50:00,2022-06-12 00:55:00,2022-06-12 02:55:00,1,24
257222,257223,257247,2022-06-12 03:10:00,2022-06-12 03:15:00,2022-06-12 05:15:00,-1,24
257247,257248,257272,2022-06-12 05:15:00,2022-06-12 05:20:00,2022-06-12 07:20:00,-1,24
257290,257291,257315,2022-06-12 08:50:00,2022-06-12 08:55:00,2022-06-12 10:55:00,-1,24
257317,257318,257342,2022-06-12 11:05:00,2022-06-12 11:10:00,2022-06-12 13:10:00,1,24
257394,257395,257419,2022-06-12 17:30:00,2022-06-12 17:35:00,2022-06-12 19:35:00,1,24
257429,257430,257454,2022-06-12 20:25:00,2022-06-12 20:30:00,2022-06-12 22:30:00,1,24
257454,257455,257479,2022-06-12 22:30:00,2022-06-12 22:35:00,2022-06-13 00:35:00,-1,24
257504,257505,257529,2022-06-13 02:40:00,2022-06-13 02:45:00,2022-06-13 04:45:00,-1,24
257532,257533,257557,2022-06-13 05:00:00,2022-06-13 05:05:00,2022-06-13 07:05:00,-1,24
257600,257601,257625,2022-06-13 10:40:00,2022-06-13 10:45:00,2022-06-13 12:45:00,-1,24
257626,257627,257651,2022-06-13 12:50:00,2022-06-13 12:55:00,2022-06-13 14:55:00,1,24
257709,257710,257734,2022-06-13 19:45:00,2022-06-13 19:50:00,2022-06-13 21:50:00,-1,24
257735,257736,257760,2022-06-13 21:55:00,2022-06-13 22:00:00,2022-06-14 00:00:00,-1,24
257800,257801,257825,2022-06-14 03:20:00,2022-06-14 03:25:00,2022-06-14 05:25:00,-1,24
257902,257903,257927,2022-06-14 11:50:00,2022-06-14 11:55:00,2022-06-14 13:55:00,-1,24
257962,257963,257987,2022-06-14 16:50:00,2022-06-14 16:55:00,2022-06-14 18:55:00,1,24
257987,257988,258012,2022-06-14 18:55:00,2022-06-14 19:00:00,2022-06-14 21:00:00,1,24
258036,258037,258061,2022-06-14 23:00:00,2022-06-14 23:05:00,2022-06-15 01:05:00,-1,24
258064,258065,258089,2022-06-15 01:20:00,2022-06-15 01:25:00,2022-06-15 03:25:00,1,24
258101,258102,258126,2022-06-15 04:25:00,2022-06-15 04:30:00,2022-06-15 06:30:00,-1,24
258129,258130,258154,2022-06-15 06:45:00,2022-06-15 06:50:00,2022-06-15 08:50:00,1,24
258170,258171,258195,2022-06-15 10:10:00,2022-06-15 10:15:00,2022-06-15 12:15:00,-1,24
258239,258240,258264,2022-06-15 15:55:00,2022-06-15 16:00:00,2022-06-15 18:00:00,1,24
258298,258299,258323,2022-06-15 20:50:00,2022-06-15 20:55:00,2022-06-15 22:55:00,1,24
258322,258323,258347,2022-06-15 22:50:00,2022-06-15 22:55:00,2022-06-16 00:55:00,1,24
258347,258348,258372,2022-06-16 00:55:00,2022-06-16 01:00:00,2022-06-16 03:00:00,1,24
258371,258372,258396,2022-06-16 02:55:00,2022-06-16 03:00:00,2022-06-16 05:00:00,1,24
258401,258402,258426,2022-06-16 05:25:00,2022-06-16 05:30:00,2022-06-16 07:30:00,-1,24
258433,258434,258458,2022-06-16 08:05:00,2022-06-16 08:10:00,2022-06-16 10:10:00,1,24
258470,258471,258495,2022-06-16 11:10:00,2022-06-16 11:15:00,2022-06-16 13:15:00,-1,24
258562,258563,258587,2022-06-16 18:50:00,2022-06-16 18:55:00,2022-06-16 20:55:00,1,24
258620,258621,258645,2022-06-16 23:40:00,2022-06-16 23:45:00,2022-06-17 01:45:00,-1,24
258649,258650,258674,2022-06-17 02:05:00,2022-06-17 02:10:00,2022-06-17 04:10:00,1,24
258674,258675,258699,2022-06-17 04:10:00,2022-06-17 04:15:00,2022-06-17 06:15:00,-1,24
258724,258725,258749,2022-06-17 08:20:00,2022-06-17 08:25:00,2022-06-17 10:25:00,1,24
258752,258753,258777,2022-06-17 10:40:00,2022-06-17 10:45:00,2022-06-17 12:45:00,-1,24
258783,258784,258808,2022-06-17 13:15:00,2022-06-17 13:20:00,2022-06-17 15:20:00,-1,24
258808,258809,258833,2022-06-17 15:20:00,2022-06-17 15:25:00,2022-06-17 17:25:00,1,24
258862,258863,258887,2022-06-17 19:50:00,2022-06-17 19:55:00,2022-06-17 21:55:00,1,24
258889,258890,258914,2022-06-17 22:05:00,2022-06-17 22:10:00,2022-06-18 00:10:00,1,24
258926,258927,258951,2022-06-18 01:10:00,2022-06-18 01:15:00,2022-06-18 03:15:00,1,24
258950,258951,258975,2022-06-18 03:10:00,2022-06-18 03:15:00,2022-06-18 05:15:00,1,24
258991,258992,259016,2022-06-18 06:35:00,2022-06-18 06:40:00,2022-06-18 08:40:00,1,24
259023,259024,259048,2022-06-18 09:15:00,2022-06-18 09:20:00,2022-06-18 11:20:00,-1,24
259062,259063,259087,2022-06-18 12:30:00,2022-06-18 12:35:00,2022-06-18 14:35:00,-1,24
259086,259087,259111,2022-06-18 14:30:00,2022-06-18 14:35:00,2022-06-18 16:35:00,-1,24
259189,259190,259214,2022-06-18 23:05:00,2022-06-18 23:10:00,2022-06-19 01:10:00,1,24
259215,259216,259240,2022-06-19 01:15:00,2022-06-19 01:20:00,2022-06-19 03:20:00,1,24
259240,259241,259265,2022-06-19 03:20:00,2022-06-19 03:25:00,2022-06-19 05:25:00,-1,24
259278,259279,259303,2022-06-19 06:30:00,2022-06-19 06:35:00,2022-06-19 08:35:00,1,24
259319,259320,259344,2022-06-19 09:55:00,2022-06-19 10:00:00,2022-06-19 12:00:00,1,24
259360,259361,259385,2022-06-19 13:20:00,2022-06-19 13:25:00,2022-06-19 15:25:00,-1,24
259385,259386,259410,2022-06-19 15:25:00,2022-06-19 15:30:00,2022-06-19 17:30:00,-1,24
259409,259410,259434,2022-06-19 17:25:00,2022-06-19 17:30:00,2022-06-19 19:30:00,-1,24
259463,259464,259488,2022-06-19 21:55:00,2022-06-19 22:00:00,2022-06-20 00:00:00,-1,24
259493,259494,259518,2022-06-20 00:25:00,2022-06-20 00:30:00,2022-06-20 02:30:00,1,24
259534,259535,259559,2022-06-20 03:50:00,2022-06-20 03:55:00,2022-06-20 05:55:00,1,24
259578,259579,259603,2022-06-20 07:30:00,2022-06-20 07:35:00,2022-06-20 09:35:00,-1,24
259623,259624,259648,2022-06-20 11:15:00,2022-06-20 11:20:00,2022-06-20 13:20:00,1,24
259647,259648,259672,2022-06-20 13:15:00,2022-06-20 13:20:00,2022-06-20 15:20:00,-1,24
259677,259678,259702,2022-06-20 15:45:00,2022-06-20 15:50:00,2022-06-20 17:50:00,-1,24
259714,259715,259739,2022-06-20 18:50:00,2022-06-20 18:55:00,2022-06-20 20:55:00,-1,24
259749,259750,259774,2022-06-20 21:45:00,2022-06-20 21:50:00,2022-06-20 23:50:00,1,24
259785,259786,259810,2022-06-21 00:45:00,2022-06-21 00:50:00,2022-06-21 02:50:00,-1,24
259832,259833,259857,2022-06-21 04:40:00,2022-06-21 04:45:00,2022-06-21 06:45:00,-1,24
259901,259902,259926,2022-06-21 10:25:00,2022-06-21 10:30:00,2022-06-21 12:30:00,-1,24
259979,259980,260004,2022-06-21 16:55:00,2022-06-21 17:00:00,2022-06-21 19:00:00,-1,24
260005,260006,260030,2022-06-21 19:05:00,2022-06-21 19:10:00,2022-06-21 21:10:00,-1,24
260031,260032,260056,2022-06-21 21:15:00,2022-06-21 21:20:00,2022-06-21 23:20:00,-1,24
260072,260073,260097,2022-06-22 00:40:00,2022-06-22 00:45:00,2022-06-22 02:45:00,1,24
260104,260105,260129,2022-06-22 03:20:00,2022-06-22 03:25:00,2022-06-22 05:25:00,1,24
260128,260129,260153,2022-06-22 05:20:00,2022-06-22 05:25:00,2022-06-22 07:25:00,-1,24
260189,260190,260214,2022-06-22 10:25:00,2022-06-22 10:30:00,2022-06-22 12:30:00,1,24
260227,260228,260252,2022-06-22 13:35:00,2022-06-22 13:40:00,2022-06-22 15:40:00,-1,24
260266,260267,260291,2022-06-22 16:50:00,2022-06-22 16:55:00,2022-06-22 18:55:00,1,24
260341,260342,260366,2022-06-22 23:05:00,2022-06-22 23:10:00,2022-06-23 01:10:00,-1,24
260366,260367,260391,2022-06-23 01:10:00,2022-06-23 01:15:00,2022-06-23 03:15:00,1,24
260390,260391,260415,2022-06-23 03:10:00,2022-06-23 03:15:00,2022-06-23 05:15:00,1,24
260428,260429,260453,2022-06-23 06:20:00,2022-06-23 06:25:00,2022-06-23 08:25:00,-1,24
260452,260453,260477,2022-06-23 08:20:00,2022-06-23 08:25:00,2022-06-23 10:25:00,-1,24
260476,260477,260501,2022-06-23 10:20:00,2022-06-23 10:25:00,2022-06-23 12:25:00,1,24
260510,260511,260535,2022-06-23 13:10:00,2022-06-23 13:15:00,2022-06-23 15:15:00,1,24
260540,260541,260565,2022-06-23 15:40:00,2022-06-23 15:45:00,2022-06-23 17:45:00,-1,24
260571,260572,260596,2022-06-23 18:15:00,2022-06-23 18:20:00,2022-06-23 20:20:00,-1,24
260599,260600,260624,2022-06-23 20:35:00,2022-06-23 20:40:00,2022-06-23 22:40:00,-1,24
260629,260630,260654,2022-06-23 23:05:00,2022-06-23 23:10:00,2022-06-24 01:10:00,-1,24
260668,260669,260693,2022-06-24 02:20:00,2022-06-24 02:25:00,2022-06-24 04:25:00,-1,24
260693,260694,260718,2022-06-24 04:25:00,2022-06-24 04:30:00,2022-06-24 06:30:00,1,24
260718,260719,260743,2022-06-24 06:30:00,2022-06-24 06:35:00,2022-06-24 08:35:00,-1,24
260750,260751,260775,2022-06-24 09:10:00,2022-06-24 09:15:00,2022-06-24 11:15:00,1,24
260781,260782,260806,2022-06-24 11:45:00,2022-06-24 11:50:00,2022-06-24 13:50:00,1,24
260819,260820,260844,2022-06-24 14:55:00,2022-06-24 15:00:00,2022-06-24 17:00:00,-1,24
260849,260850,260874,2022-06-24 17:25:00,2022-06-24 17:30:00,2022-06-24 19:30:00,1,24
260874,260875,260899,2022-06-24 19:30:00,2022-06-24 19:35:00,2022-06-24 21:35:00,1,24
260917,260918,260942,2022-06-24 23:05:00,2022-06-24 23:10:00,2022-06-25 01:10:00,1,24
260941,260942,260966,2022-06-25 01:05:00,2022-06-25 01:10:00,2022-06-25 03:10:00,-1,24
260969,260970,260994,2022-06-25 03:25:00,2022-06-25 03:30:00,2022-06-25 05:30:00,1,24
261005,261006,261030,2022-06-25 06:25:00,2022-06-25 06:30:00,2022-06-25 08:30:00,1,24
261072,261073,261097,2022-06-25 12:00:00,2022-06-25 12:05:00,2022-06-25 14:05:00,-1,24
261104,261105,261129,2022-06-25 14:40:00,2022-06-25 14:45:00,2022-06-25 16:45:00,-1,24
261130,261131,261155,2022-06-25 16:50:00,2022-06-25 16:55:00,2022-06-25 18:55:00,-1,24
261160,261161,261185,2022-06-25 19:20:00,2022-06-25 19:25:00,2022-06-25 21:25:00,-1,24
261185,261186,261210,2022-06-25 21:25:00,2022-06-25 21:30:00,2022-06-25 23:30:00,1,24
261222,261223,261247,2022-06-26 00:30:00,2022-06-26 00:35:00,2022-06-26 02:35:00,1,24
261256,261257,261281,2022-06-26 03:20:00,2022-06-26 03:25:00,2022-06-26 05:25:00,-1,24
261280,261281,261305,2022-06-26 05:20:00,2022-06-26 05:25:00,2022-06-26 07:25:00,1,24
261312,261313,261337,2022-06-26 08:00:00,2022-06-26 08:05:00,2022-06-26 10:05:00,-1,24
261340,261341,261365,2022-06-26 10:20:00,2022-06-26 10:25:00,2022-06-26 12:25:00,1,24
261366,261367,261391,2022-06-26 12:30:00,2022-06-26 12:35:00,2022-06-26 14:35:00,-1,24
261395,261396,261420,2022-06-26 14:55:00,2022-06-26 15:00:00,2022-06-26 17:00:00,1,24
261422,261423,261447,2022-06-26 17:10:00,2022-06-26 17:15:00,2022-06-26 19:15:00,1,24
261458,261459,261483,2022-06-26 20:10:00,2022-06-26 20:15:00,2022-06-26 22:15:00,-1,24
261488,261489,261513,2022-06-26 22:40:00,2022-06-26 22:45:00,2022-06-27 00:45:00,-1,24
261523,261524,261548,2022-06-27 01:35:00,2022-06-27 01:40:00,2022-06-27 03:40:00,-1,24
261554,261555,261579,2022-06-27 04:10:00,2022-06-27 04:15:00,2022-06-27 06:15:00,-1,24
261597,261598,261622,2022-06-27 07:45:00,2022-06-27 07:50:00,2022-06-27 09:50:00,1,24
261621,261622,261646,2022-06-27 09:45:00,2022-06-27 09:50:00,2022-06-27 11:50:00,-1,24
261648,261649,261673,2022-06-27 12:00:00,2022-06-27 12:05:00,2022-06-27 14:05:00,-1,24
261689,261690,261714,2022-06-27 15:25:00,2022-06-27 15:30:00,2022-06-27 17:30:00,-1,24
261728,261729,261753,2022-06-27 18:40:00,2022-06-27 18:45:00,2022-06-27 20:45:00,1,24
261755,261756,261780,2022-06-27 20:55:00,2022-06-27 21:00:00,2022-06-27 23:00:00,1,24
261807,261808,261832,2022-06-28 01:15:00,2022-06-28 01:20:00,2022-06-28 03:20:00,1,24
261846,261847,261871,2022-06-28 04:30:00,2022-06-28 04:35:00,2022-06-28 06:35:00,-1,24
261882,261883,261907,2022-06-28 07:30:00,2022-06-28 07:35:00,2022-06-28 09:35:00,1,24
261918,261919,261943,2022-06-28 10:30:00,2022-06-28 10:35:00,2022-06-28 12:35:00,-1,24
261972,261973,261997,2022-06-28 15:00:00,2022-06-28 15:05:00,2022-06-28 17:05:00,1,24
262005,262006,262030,2022-06-28 17:45:00,2022-06-28 17:50:00,2022-06-28 19:50:00,1,24
262064,262065,262089,2022-06-28 22:40:00,2022-06-28 22:45:00,2022-06-29 00:45:00,1,24
262090,262091,262115,2022-06-29 00:50:00,2022-06-29 00:55:00,2022-06-29 02:55:00,-1,24
262121,262122,262146,2022-06-29 03:25:00,2022-06-29 03:30:00,2022-06-29 05:30:00,-1,24
262196,262197,262221,2022-06-29 09:40:00,2022-06-29 09:45:00,2022-06-29 11:45:00,1,24
262231,262232,262256,2022-06-29 12:35:00,2022-06-29 12:40:00,2022-06-29 14:40:00,-1,24
262256,262257,262281,2022-06-29 14:40:00,2022-06-29 14:45:00,2022-06-29 16:45:00,1,24
262281,262282,262306,2022-06-29 16:45:00,2022-06-29 16:50:00,2022-06-29 18:50:00,1,24
262305,262306,262330,2022-06-29 18:45:00,2022-06-29 18:50:00,2022-06-29 20:50:00,1,24
262329,262330,262354,2022-06-29 20:45:00,2022-06-29 20:50:00,2022-06-29 22:50:00,-1,24
262354,262355,262379,2022-06-29 22:50:00,2022-06-29 22:55:00,2022-06-30 00:55:00,-1,24
262378,262379,262403,2022-06-30 00:50:00,2022-06-30 00:55:00,2022-06-30 02:55:00,1,24
262407,262408,262432,2022-06-30 03:15:00,2022-06-30 03:20:00,2022-06-30 05:20:00,-1,24
262431,262432,262456,2022-06-30 05:15:00,2022-06-30 05:20:00,2022-06-30 07:20:00,-1,24
262456,262457,262481,2022-06-30 07:20:00,2022-06-30 07:25:00,2022-06-30 09:25:00,-1,24
262485,262486,262510,2022-06-30 09:45:00,2022-06-30 09:50:00,2022-06-30 11:50:00,-1,24
262509,262510,262534,2022-06-30 11:45:00,2022-06-30 11:50:00,2022-06-30 13:50:00,1,24
262536,262537,262561,2022-06-30 14:00:00,2022-06-30 14:05:00,2022-06-30 16:05:00,-1,24
262563,262564,262588,2022-06-30 16:15:00,2022-06-30 16:20:00,2022-06-30 18:20:00,-1,24
262587,262588,262612,2022-06-30 18:15:00,2022-06-30 18:20:00,2022-06-30 20:20:00,-1,24
262630,262631,262655,2022-06-30 21:50:00,2022-06-30 21:55:00,2022-06-30 23:55:00,-1,24
262677,262678,262702,2022-07-01 01:45:00,2022-07-01 01:50:00,2022-07-01 03:50:00,-1,24
262727,262728,262752,2022-07-01 05:55:00,2022-07-01 06:00:00,2022-07-01 08:00:00,1,24
262752,262753,262777,2022-07-01 08:00:00,2022-07-01 08:05:00,2022-07-01 10:05:00,1,24
262785,262786,262810,2022-07-01 10:45:00,2022-07-01 10:50:00,2022-07-01 12:50:00,-1,24
262889,262890,262914,2022-07-01 19:25:00,2022-07-01 19:30:00,2022-07-01 21:30:00,-1,24
262916,262917,262941,2022-07-01 21:40:00,2022-07-01 21:45:00,2022-07-01 23:45:00,1,24
262943,262944,262968,2022-07-01 23:55:00,2022-07-02 00:00:00,2022-07-02 02:00:00,-1,24
262973,262974,262998,2022-07-02 02:25:00,2022-07-02 02:30:00,2022-07-02 04:30:00,-1,24
263024,263025,263049,2022-07-02 06:40:00,2022-07-02 06:45:00,2022-07-02 08:45:00,1,24
263048,263049,263073,2022-07-02 08:40:00,2022-07-02 08:45:00,2022-07-02 10:45:00,-1,24
263093,263094,263118,2022-07-02 12:25:00,2022-07-02 12:30:00,2022-07-02 14:30:00,-1,24
263120,263121,263145,2022-07-02 14:40:00,2022-07-02 14:45:00,2022-07-02 16:45:00,1,24
263150,263151,263175,2022-07-02 17:10:00,2022-07-02 17:15:00,2022-07-02 19:15:00,1,24
263175,263176,263200,2022-07-02 19:15:00,2022-07-02 19:20:00,2022-07-02 21:20:00,-1,24
263205,263206,263230,2022-07-02 21:45:00,2022-07-02 21:50:00,2022-07-02 23:50:00,-1,24
263230,263231,263255,2022-07-02 23:50:00,2022-07-02 23:55:00,2022-07-03 01:55:00,-1,24
263256,263257,263281,2022-07-03 02:00:00,2022-07-03 02:05:00,2022-07-03 04:05:00,1,24
263308,263309,263333,2022-07-03 06:20:00,2022-07-03 06:25:00,2022-07-03 08:25:00,-1,24
263345,263346,263370,2022-07-03 09:25:00,2022-07-03 09:30:00,2022-07-03 11:30:00,-1,24
263378,263379,263403,2022-07-03 12:10:00,2022-07-03 12:15:00,2022-07-03 14:15:00,-1,24
263407,263408,263432,2022-07-03 14:35:00,2022-07-03 14:40:00,2022-07-03 16:40:00,1,24
263436,263437,263461,2022-07-03 17:00:00,2022-07-03 17:05:00,2022-07-03 19:05:00,-1,24
263467,263468,263492,2022-07-03 19:35:00,2022-07-03 19:40:00,2022-07-03 21:40:00,-1,24
263492,263493,263517,2022-07-03 21:40:00,2022-07-03 21:45:00,2022-07-03 23:45:00,-1,24
263528,263529,263553,2022-07-04 00:40:00,2022-07-04 00:45:00,2022-07-04 02:45:00,1,24
263562,263563,263587,2022-07-04 03:30:00,2022-07-04 03:35:00,2022-07-04 05:35:00,1,24
263599,263600,263624,2022-07-04 06:35:00,2022-07-04 06:40:00,2022-07-04 08:40:00,-1,24
263641,263642,263666,2022-07-04 10:05:00,2022-07-04 10:10:00,2022-07-04 12:10:00,1,24
263694,263695,263719,2022-07-04 14:30:00,2022-07-04 14:35:00,2022-07-04 16:35:00,1,24
263739,263740,263764,2022-07-04 18:15:00,2022-07-04 18:20:00,2022-07-04 20:20:00,-1,24
263783,263784,263808,2022-07-04 21:55:00,2022-07-04 22:00:00,2022-07-05 00:00:00,1,24
263826,263827,263851,2022-07-05 01:30:00,2022-07-05 01:35:00,2022-07-05 03:35:00,1,24
263864,263865,263889,2022-07-05 04:40:00,2022-07-05 04:45:00,2022-07-05 06:45:00,-1,24
263900,263901,263925,2022-07-05 07:40:00,2022-07-05 07:45:00,2022-07-05 09:45:00,1,24
263944,263945,263969,2022-07-05 11:20:00,2022-07-05 11:25:00,2022-07-05 13:25:00,-1,24
263975,263976,264000,2022-07-05 13:55:00,2022-07-05 14:00:00,2022-07-05 16:00:00,-1,24
264015,264016,264040,2022-07-05 17:15:00,2022-07-05 17:20:00,2022-07-05 19:20:00,-1,24
264039,264040,264064,2022-07-05 19:15:00,2022-07-05 19:20:00,2022-07-05 21:20:00,1,24
264067,264068,264092,2022-07-05 21:35:00,2022-07-05 21:40:00,2022-07-05 23:40:00,-1,24
264112,264113,264137,2022-07-06 01:20:00,2022-07-06 01:25:00,2022-07-06 03:25:00,-1,24
264138,264139,264163,2022-07-06 03:30:00,2022-07-06 03:35:00,2022-07-06 05:35:00,-1,24
264163,264164,264188,2022-07-06 05:35:00,2022-07-06 05:40:00,2022-07-06 07:40:00,-1,24
264189,264190,264214,2022-07-06 07:45:00,2022-07-06 07:50:00,2022-07-06 09:50:00,1,24
264219,264220,264244,2022-07-06 10:15:00,2022-07-06 10:20:00,2022-07-06 12:20:00,1,24
264267,264268,264292,2022-07-06 14:15:00,2022-07-06 14:20:00,2022-07-06 16:20:00,-1,24
264292,264293,264317,2022-07-06 16:20:00,2022-07-06 16:25:00,2022-07-06 18:25:00,1,24
264325,264326,264350,2022-07-06 19:05:00,2022-07-06 19:10:00,2022-07-06 21:10:00,-1,24
264388,264389,264413,2022-07-07 00:20:00,2022-07-07 00:25:00,2022-07-07 02:25:00,1,24
264415,264416,264440,2022-07-07 02:35:00,2022-07-07 02:40:00,2022-07-07 04:40:00,1,24
264451,264452,264476,2022-07-07 05:35:00,2022-07-07 05:40:00,2022-07-07 07:40:00,-1,24
264475,264476,264500,2022-07-07 07:35:00,2022-07-07 07:40:00,2022-07-07 09:40:00,-1,24
264524,264525,264549,2022-07-07 11:40:00,2022-07-07 11:45:00,2022-07-07 13:45:00,-1,24
264561,264562,264586,2022-07-07 14:45:00,2022-07-07 14:50:00,2022-07-07 16:50:00,1,24
264587,264588,264612,2022-07-07 16:55:00,2022-07-07 17:00:00,2022-07-07 19:00:00,-1,24
264628,264629,264653,2022-07-07 20:20:00,2022-07-07 20:25:00,2022-07-07 22:25:00,1,24
264670,264671,264695,2022-07-07 23:50:00,2022-07-07 23:55:00,2022-07-08 01:55:00,1,24
264729,264730,264754,2022-07-08 04:45:00,2022-07-08 04:50:00,2022-07-08 06:50:00,1,24
264753,264754,264778,2022-07-08 06:45:00,2022-07-08 06:50:00,2022-07-08 08:50:00,-1,24
264801,264802,264826,2022-07-08 10:45:00,2022-07-08 10:50:00,2022-07-08 12:50:00,1,24
264829,264830,264854,2022-07-08 13:05:00,2022-07-08 13:10:00,2022-07-08 15:10:00,1,24
264864,264865,264889,2022-07-08 16:00:00,2022-07-08 16:05:00,2022-07-08 18:05:00,1,24
264889,264890,264914,2022-07-08 18:05:00,2022-07-08 18:10:00,2022-07-08 20:10:00,1,24
264913,264914,264938,2022-07-08 20:05:00,2022-07-08 20:10:00,2022-07-08 22:10:00,-1,24
264945,264946,264970,2022-07-08 22:45:00,2022-07-08 22:50:00,2022-07-09 00:50:00,1,24
264969,264970,264994,2022-07-09 00:45:00,2022-07-09 00:50:00,2022-07-09 02:50:00,1,24
264997,264998,265022,2022-07-09 03:05:00,2022-07-09 03:10:00,2022-07-09 05:10:00,-1,24
265022,265023,265047,2022-07-09 05:10:00,2022-07-09 05:15:00,2022-07-09 07:15:00,1,24
265059,265060,265084,2022-07-09 08:15:00,2022-07-09 08:20:00,2022-07-09 10:20:00,1,24
265085,265086,265110,2022-07-09 10:25:00,2022-07-09 10:30:00,2022-07-09 12:30:00,-1,24
265111,265112,265136,2022-07-09 12:35:00,2022-07-09 12:40:00,2022-07-09 14:40:00,1,24
265135,265136,265160,2022-07-09 14:35:00,2022-07-09 14:40:00,2022-07-09 16:40:00,1,24
265165,265166,265190,2022-07-09 17:05:00,2022-07-09 17:10:00,2022-07-09 19:10:00,-1,24
265196,265197,265221,2022-07-09 19:40:00,2022-07-09 19:45:00,2022-07-09 21:45:00,1,24
265222,265223,265247,2022-07-09 21:50:00,2022-07-09 21:55:00,2022-07-09 23:55:00,1,24
265247,265248,265272,2022-07-09 23:55:00,2022-07-10 00:00:00,2022-07-10 02:00:00,1,24
265282,265283,265307,2022-07-10 02:50:00,2022-07-10 02:55:00,2022-07-10 04:55:00,1,24
265328,265329,265353,2022-07-10 06:40:00,2022-07-10 06:45:00,2022-07-10 08:45:00,1,24
265358,265359,265383,2022-07-10 09:10:00,2022-07-10 09:15:00,2022-07-10 11:15:00,1,24
265382,265383,265407,2022-07-10 11:10:00,2022-07-10 11:15:00,2022-07-10 13:15:00,1,24
265435,265436,265460,2022-07-10 15:35:00,2022-07-10 15:40:00,2022-07-10 17:40:00,1,24
265460,265461,265485,2022-07-10 17:40:00,2022-07-10 17:45:00,2022-07-10 19:45:00,-1,24
265485,265486,265510,2022-07-10 19:45:00,2022-07-10 19:50:00,2022-07-10 21:50:00,-1,24
265511,265512,265536,2022-07-10 21:55:00,2022-07-10 22:00:00,2022-07-11 00:00:00,-1,24
265538,265539,265563,2022-07-11 00:10:00,2022-07-11 00:15:00,2022-07-11 02:15:00,1,24
265581,265582,265606,2022-07-11 03:45:00,2022-07-11 03:50:00,2022-07-11 05:50:00,1,24
265625,265626,265650,2022-07-11 07:25:00,2022-07-11 07:30:00,2022-07-11 09:30:00,-1,24
265652,265653,265677,2022-07-11 09:40:00,2022-07-11 09:45:00,2022-07-11 11:45:00,1,24
265684,265685,265709,2022-07-11 12:20:00,2022-07-11 12:25:00,2022-07-11 14:25:00,-1,24
265715,265716,265740,2022-07-11 14:55:00,2022-07-11 15:00:00,2022-07-11 17:00:00,1,24
265740,265741,265765,2022-07-11 17:00:00,2022-07-11 17:05:00,2022-07-11 19:05:00,-1,24
265769,265770,265794,2022-07-11 19:25:00,2022-07-11 19:30:00,2022-07-11 21:30:00,-1,24
265804,265805,265829,2022-07-11 22:20:00,2022-07-11 22:25:00,2022-07-12 00:25:00,-1,24
265839,265840,265864,2022-07-12 01:15:00,2022-07-12 01:20:00,2022-07-12 03:20:00,-1,24
265864,265865,265889,2022-07-12 03:20:00,2022-07-12 03:25:00,2022-07-12 05:25:00,1,24
265894,265895,265919,2022-07-12 05:50:00,2022-07-12 05:55:00,2022-07-12 07:55:00,1,24
265918,265919,265943,2022-07-12 07:50:00,2022-07-12 07:55:00,2022-07-12 09:55:00,1,24
265949,265950,265974,2022-07-12 10:25:00,2022-07-12 10:30:00,2022-07-12 12:30:00,1,24
265978,265979,266003,2022-07-12 12:50:00,2022-07-12 12:55:00,2022-07-12 14:55:00,1,24
266014,266015,266039,2022-07-12 15:50:00,2022-07-12 15:55:00,2022-07-12 17:55:00,-1,24
266074,266075,266099,2022-07-12 20:50:00,2022-07-12 20:55:00,2022-07-12 22:55:00,-1,24
266101,266102,266126,2022-07-12 23:05:00,2022-07-12 23:10:00,2022-07-13 01:10:00,-1,24
266125,266126,266150,2022-07-13 01:05:00,2022-07-13 01:10:00,2022-07-13 03:10:00,-1,24
266158,266159,266183,2022-07-13 03:50:00,2022-07-13 03:55:00,2022-07-13 05:55:00,1,24
266194,266195,266219,2022-07-13 06:50:00,2022-07-13 06:55:00,2022-07-13 08:55:00,1,24
266219,266220,266244,2022-07-13 08:55:00,2022-07-13 09:00:00,2022-07-13 11:00:00,1,24
266243,266244,266268,2022-07-13 10:55:00,2022-07-13 11:00:00,2022-07-13 13:00:00,-1,24
266303,266304,266328,2022-07-13 15:55:00,2022-07-13 16:00:00,2022-07-13 18:00:00,-1,24
266330,266331,266355,2022-07-13 18:10:00,2022-07-13 18:15:00,2022-07-13 20:15:00,-1,24
266356,266357,266381,2022-07-13 20:20:00,2022-07-13 20:25:00,2022-07-13 22:25:00,1,24
266381,266382,266406,2022-07-13 22:25:00,2022-07-13 22:30:00,2022-07-14 00:30:00,1,24
266407,266408,266432,2022-07-14 00:35:00,2022-07-14 00:40:00,2022-07-14 02:40:00,-1,24
266435,266436,266460,2022-07-14 02:55:00,2022-07-14 03:00:00,2022-07-14 05:00:00,-1,24
266468,266469,266493,2022-07-14 05:40:00,2022-07-14 05:45:00,2022-07-14 07:45:00,1,24
266519,266520,266544,2022-07-14 09:55:00,2022-07-14 10:00:00,2022-07-14 12:00:00,-1,24
266553,266554,266578,2022-07-14 12:45:00,2022-07-14 12:50:00,2022-07-14 14:50:00,-1,24
266584,266585,266609,2022-07-14 15:20:00,2022-07-14 15:25:00,2022-07-14 17:25:00,1,24
266639,266640,266664,2022-07-14 19:55:00,2022-07-14 20:00:00,2022-07-14 22:00:00,1,24
266666,266667,266691,2022-07-14 22:10:00,2022-07-14 22:15:00,2022-07-15 00:15:00,-1,24
266698,266699,266723,2022-07-15 00:50:00,2022-07-15 00:55:00,2022-07-15 02:55:00,1,24
266727,266728,266752,2022-07-15 03:15:00,2022-07-15 03:20:00,2022-07-15 05:20:00,1,24
266757,266758,266782,2022-07-15 05:45:00,2022-07-15 05:50:00,2022-07-15 07:50:00,-1,24
266782,266783,266807,2022-07-15 07:50:00,2022-07-15 07:55:00,2022-07-15 09:55:00,1,24
266830,266831,266855,2022-07-15 11:50:00,2022-07-15 11:55:00,2022-07-15 13:55:00,1,24
266881,266882,266906,2022-07-15 16:05:00,2022-07-15 16:10:00,2022-07-15 18:10:00,1,24
266908,266909,266933,2022-07-15 18:20:00,2022-07-15 18:25:00,2022-07-15 20:25:00,1,24
266937,266938,266962,2022-07-15 20:45:00,2022-07-15 20:50:00,2022-07-15 22:50:00,-1,24
266965,266966,266990,2022-07-15 23:05:00,2022-07-15 23:10:00,2022-07-16 01:10:00,1,24
266998,266999,267023,2022-07-16 01:50:00,2022-07-16 01:55:00,2022-07-16 03:55:00,-1,24
267022,267023,267047,2022-07-16 03:50:00,2022-07-16 03:55:00,2022-07-16 05:55:00,1,24
267065,267066,267090,2022-07-16 07:25:00,2022-07-16 07:30:00,2022-07-16 09:30:00,1,24
267090,267091,267115,2022-07-16 09:30:00,2022-07-16 09:35:00,2022-07-16 11:35:00,-1,24
267126,267127,267151,2022-07-16 12:30:00,2022-07-16 12:35:00,2022-07-16 14:35:00,-1,24
267250,267251,267275,2022-07-16 22:50:00,2022-07-16 22:55:00,2022-07-17 00:55:00,-1,24
267277,267278,267302,2022-07-17 01:05:00,2022-07-17 01:10:00,2022-07-17 03:10:00,1,24
267301,267302,267326,2022-07-17 03:05:00,2022-07-17 03:10:00,2022-07-17 05:10:00,-1,24
267325,267326,267350,2022-07-17 05:05:00,2022-07-17 05:10:00,2022-07-17 07:10:00,-1,24
267356,267357,267381,2022-07-17 07:40:00,2022-07-17 07:45:00,2022-07-17 09:45:00,1,24
267401,267402,267426,2022-07-17 11:25:00,2022-07-17 11:30:00,2022-07-17 13:30:00,1,24
267428,267429,267453,2022-07-17 13:40:00,2022-07-17 13:45:00,2022-07-17 15:45:00,-1,24
267461,267462,267486,2022-07-17 16:25:00,2022-07-17 16:30:00,2022-07-17 18:30:00,1,24
267489,267490,267514,2022-07-17 18:45:00,2022-07-17 18:50:00,2022-07-17 20:50:00,1,24
267521,267522,267546,2022-07-17 21:25:00,2022-07-17 21:30:00,2022-07-17 23:30:00,-1,24
267546,267547,267571,2022-07-17 23:30:00,2022-07-17 23:35:00,2022-07-18 01:35:00,-1,24
267572,267573,267597,2022-07-18 01:40:00,2022-07-18 01:45:00,2022-07-18 03:45:00,-1,24
267599,267600,267624,2022-07-18 03:55:00,2022-07-18 04:00:00,2022-07-18 06:00:00,-1,24
267626,267627,267651,2022-07-18 06:10:00,2022-07-18 06:15:00,2022-07-18 08:15:00,1,24
267663,267664,267688,2022-07-18 09:15:00,2022-07-18 09:20:00,2022-07-18 11:20:00,1,24
267732,267733,267757,2022-07-18 15:00:00,2022-07-18 15:05:00,2022-07-18 17:05:00,1,24
267761,267762,267786,2022-07-18 17:25:00,2022-07-18 17:30:00,2022-07-18 19:30:00,-1,24
267788,267789,267813,2022-07-18 19:40:00,2022-07-18 19:45:00,2022-07-18 21:45:00,-1,24
267826,267827,267851,2022-07-18 22:50:00,2022-07-18 22:55:00,2022-07-19 00:55:00,-1,24
267884,267885,267909,2022-07-19 03:40:00,2022-07-19 03:45:00,2022-07-19 05:45:00,1,24
267928,267929,267953,2022-07-19 07:20:00,2022-07-19 07:25:00,2022-07-19 09:25:00,1,24
267953,267954,267978,2022-07-19 09:25:00,2022-07-19 09:30:00,2022-07-19 11:30:00,-1,24
268023,268024,268048,2022-07-19 15:15:00,2022-07-19 15:20:00,2022-07-19 17:20:00,1,24
268066,268067,268091,2022-07-19 18:50:00,2022-07-19 18:55:00,2022-07-19 20:55:00,1,24
268154,268155,268179,2022-07-20 02:10:00,2022-07-20 02:15:00,2022-07-20 04:15:00,-1,24
268208,268209,268233,2022-07-20 06:40:00,2022-07-20 06:45:00,2022-07-20 08:45:00,1,24
268248,268249,268273,2022-07-20 10:00:00,2022-07-20 10:05:00,2022-07-20 12:05:00,1,24
268299,268300,268324,2022-07-20 14:15:00,2022-07-20 14:20:00,2022-07-20 16:20:00,1,24
268353,268354,268378,2022-07-20 18:45:00,2022-07-20 18:50:00,2022-07-20 20:50:00,-1,24
268408,268409,268433,2022-07-20 23:20:00,2022-07-20 23:25:00,2022-07-21 01:25:00,-1,24
268433,268434,268458,2022-07-21 01:25:00,2022-07-21 01:30:00,2022-07-21 03:30:00,1,24
268457,268458,268482,2022-07-21 03:25:00,2022-07-21 03:30:00,2022-07-21 05:30:00,1,24
268486,268487,268511,2022-07-21 05:50:00,2022-07-21 05:55:00,2022-07-21 07:55:00,1,24
268628,268629,268653,2022-07-21 17:40:00,2022-07-21 17:45:00,2022-07-21 19:45:00,-1,24
268677,268678,268702,2022-07-21 21:45:00,2022-07-21 21:50:00,2022-07-21 23:50:00,1,24
268719,268720,268744,2022-07-22 01:15:00,2022-07-22 01:20:00,2022-07-22 03:20:00,1,24
268768,268769,268793,2022-07-22 05:20:00,2022-07-22 05:25:00,2022-07-22 07:25:00,1,24
268802,268803,268827,2022-07-22 08:10:00,2022-07-22 08:15:00,2022-07-22 10:15:00,-1,24
268861,268862,268886,2022-07-22 13:05:00,2022-07-22 13:10:00,2022-07-22 15:10:00,-1,24
268929,268930,268954,2022-07-22 18:45:00,2022-07-22 18:50:00,2022-07-22 20:50:00,1,24
268971,268972,268996,2022-07-22 22:15:00,2022-07-22 22:20:00,2022-07-23 00:20:00,-1,24
269002,269003,269027,2022-07-23 00:50:00,2022-07-23 00:55:00,2022-07-23 02:55:00,-1,24
269031,269032,269056,2022-07-23 03:15:00,2022-07-23 03:20:00,2022-07-23 05:20:00,1,24
269057,269058,269082,2022-07-23 05:25:00,2022-07-23 05:30:00,2022-07-23 07:30:00,1,24
269083,269084,269108,2022-07-23 07:35:00,2022-07-23 07:40:00,2022-07-23 09:40:00,-1,24
269117,269118,269142,2022-07-23 10:25:00,2022-07-23 10:30:00,2022-07-23 12:30:00,-1,24
269147,269148,269172,2022-07-23 12:55:00,2022-07-23 13:00:00,2022-07-23 15:00:00,1,24
269188,269189,269213,2022-07-23 16:20:00,2022-07-23 16:25:00,2022-07-23 18:25:00,1,24
269235,269236,269260,2022-07-23 20:15:00,2022-07-23 20:20:00,2022-07-23 22:20:00,-1,24
269275,269276,269300,2022-07-23 23:35:00,2022-07-23 23:40:00,2022-07-24 01:40:00,1,24
269301,269302,269326,2022-07-24 01:45:00,2022-07-24 01:50:00,2022-07-24 03:50:00,1,24
269325,269326,269350,2022-07-24 03:45:00,2022-07-24 03:50:00,2022-07-24 05:50:00,1,24
269387,269388,269412,2022-07-24 08:55:00,2022-07-24 09:00:00,2022-07-24 11:00:00,-1,24
269411,269412,269436,2022-07-24 10:55:00,2022-07-24 11:00:00,2022-07-24 13:00:00,-1,24
269443,269444,269468,2022-07-24 13:35:00,2022-07-24 13:40:00,2022-07-24 15:40:00,1,24
269468,269469,269493,2022-07-24 15:40:00,2022-07-24 15:45:00,2022-07-24 17:45:00,1,24
269493,269494,269518,2022-07-24 17:45:00,2022-07-24 17:50:00,2022-07-24 19:50:00,-1,24
269517,269518,269542,2022-07-24 19:45:00,2022-07-24 19:50:00,2022-07-24 21:50:00,-1,24
269544,269545,269569,2022-07-24 22:00:00,2022-07-24 22:05:00,2022-07-25 00:05:00,-1,24
269579,269580,269604,2022-07-25 00:55:00,2022-07-25 01:00:00,2022-07-25 03:00:00,-1,24
269636,269637,269661,2022-07-25 05:40:00,2022-07-25 05:45:00,2022-07-25 07:45:00,-1,24
269666,269667,269691,2022-07-25 08:10:00,2022-07-25 08:15:00,2022-07-25 10:15:00,1,24
269690,269691,269715,2022-07-25 10:10:00,2022-07-25 10:15:00,2022-07-25 12:15:00,1,24
269740,269741,269765,2022-07-25 14:20:00,2022-07-25 14:25:00,2022-07-25 16:25:00,1,24
269783,269784,269808,2022-07-25 17:55:00,2022-07-25 18:00:00,2022-07-25 20:00:00,-1,24
269827,269828,269852,2022-07-25 21:35:00,2022-07-25 21:40:00,2022-07-25 23:40:00,-1,24
269873,269874,269898,2022-07-26 01:25:00,2022-07-26 01:30:00,2022-07-26 03:30:00,1,24
269922,269923,269947,2022-07-26 05:30:00,2022-07-26 05:35:00,2022-07-26 07:35:00,1,24
269977,269978,270002,2022-07-26 10:05:00,2022-07-26 10:10:00,2022-07-26 12:10:00,1,24
270006,270007,270031,2022-07-26 12:30:00,2022-07-26 12:35:00,2022-07-26 14:35:00,1,24
270036,270037,270061,2022-07-26 15:00:00,2022-07-26 15:05:00,2022-07-26 17:05:00,-1,24
270070,270071,270095,2022-07-26 17:50:00,2022-07-26 17:55:00,2022-07-26 19:55:00,-1,24
270105,270106,270130,2022-07-26 20:45:00,2022-07-26 20:50:00,2022-07-26 22:50:00,-1,24
270138,270139,270163,2022-07-26 23:30:00,2022-07-26 23:35:00,2022-07-27 01:35:00,-1,24
270163,270164,270188,2022-07-27 01:35:00,2022-07-27 01:40:00,2022-07-27 03:40:00,-1,24
270193,270194,270218,2022-07-27 04:05:00,2022-07-27 04:10:00,2022-07-27 06:10:00,1,24
270219,270220,270244,2022-07-27 06:15:00,2022-07-27 06:20:00,2022-07-27 08:20:00,-1,24
270256,270257,270281,2022-07-27 09:20:00,2022-07-27 09:25:00,2022-07-27 11:25:00,1,24
270283,270284,270308,2022-07-27 11:35:00,2022-07-27 11:40:00,2022-07-27 13:40:00,-1,24
270315,270316,270340,2022-07-27 14:15:00,2022-07-27 14:20:00,2022-07-27 16:20:00,-1,24
270342,270343,270367,2022-07-27 16:30:00,2022-07-27 16:35:00,2022-07-27 18:35:00,1,24
270426,270427,270451,2022-07-27 23:30:00,2022-07-27 23:35:00,2022-07-28 01:35:00,1,24
270455,270456,270480,2022-07-28 01:55:00,2022-07-28 02:00:00,2022-07-28 04:00:00,-1,24
270480,270481,270505,2022-07-28 04:00:00,2022-07-28 04:05:00,2022-07-28 06:05:00,-1,24
270512,270513,270537,2022-07-28 06:40:00,2022-07-28 06:45:00,2022-07-28 08:45:00,1,24
270549,270550,270574,2022-07-28 09:45:00,2022-07-28 09:50:00,2022-07-28 11:50:00,1,24
270578,270579,270603,2022-07-28 12:10:00,2022-07-28 12:15:00,2022-07-28 14:15:00,1,24
270675,270676,270700,2022-07-28 20:15:00,2022-07-28 20:20:00,2022-07-28 22:20:00,-1,24
270699,270700,270724,2022-07-28 22:15:00,2022-07-28 22:20:00,2022-07-29 00:20:00,1,24
270725,270726,270750,2022-07-29 00:25:00,2022-07-29 00:30:00,2022-07-29 02:30:00,1,24
270750,270751,270775,2022-07-29 02:30:00,2022-07-29 02:35:00,2022-07-29 04:35:00,1,24
270785,270786,270810,2022-07-29 05:25:00,2022-07-29 05:30:00,2022-07-29 07:30:00,-1,24
270809,270810,270834,2022-07-29 07:25:00,2022-07-29 07:30:00,2022-07-29 09:30:00,1,24
270838,270839,270863,2022-07-29 09:50:00,2022-07-29 09:55:00,2022-07-29 11:55:00,1,24
270918,270919,270943,2022-07-29 16:30:00,2022-07-29 16:35:00,2022-07-29 18:35:00,-1,24
270946,270947,270971,2022-07-29 18:50:00,2022-07-29 18:55:00,2022-07-29 20:55:00,1,24
270970,270971,270995,2022-07-29 20:50:00,2022-07-29 20:55:00,2022-07-29 22:55:00,-1,24
270995,270996,271020,2022-07-29 22:55:00,2022-07-29 23:00:00,2022-07-30 01:00:00,-1,24
271024,271025,271049,2022-07-30 01:20:00,2022-07-30 01:25:00,2022-07-30 03:25:00,-1,24
271050,271051,271075,2022-07-30 03:30:00,2022-07-30 03:35:00,2022-07-30 05:35:00,-1,24
271079,271080,271104,2022-07-30 05:55:00,2022-07-30 06:00:00,2022-07-30 08:00:00,1,24
271112,271113,271137,2022-07-30 08:40:00,2022-07-30 08:45:00,2022-07-30 10:45:00,1,24
271218,271219,271243,2022-07-30 17:30:00,2022-07-30 17:35:00,2022-07-30 19:35:00,1,24
271281,271282,271306,2022-07-30 22:45:00,2022-07-30 22:50:00,2022-07-31 00:50:00,1,24
271306,271307,271331,2022-07-31 00:50:00,2022-07-31 00:55:00,2022-07-31 02:55:00,1,24
271336,271337,271361,2022-07-31 03:20:00,2022-07-31 03:25:00,2022-07-31 05:25:00,-1,24
271364,271365,271389,2022-07-31 05:40:00,2022-07-31 05:45:00,2022-07-31 07:45:00,-1,24
271388,271389,271413,2022-07-31 07:40:00,2022-07-31 07:45:00,2022-07-31 09:45:00,-1,24
271435,271436,271460,2022-07-31 11:35:00,2022-07-31 11:40:00,2022-07-31 13:40:00,-1,24
271464,271465,271489,2022-07-31 14:00:00,2022-07-31 14:05:00,2022-07-31 16:05:00,1,24
271505,271506,271530,2022-07-31 17:25:00,2022-07-31 17:30:00,2022-07-31 19:30:00,-1,24
271541,271542,271566,2022-07-31 20:25:00,2022-07-31 20:30:00,2022-07-31 22:30:00,-1,24
271579,271580,271604,2022-07-31 23:35:00,2022-07-31 23:40:00,2022-08-01 01:40:00,-1,24
271610,271611,271635,2022-08-01 02:10:00,2022-08-01 02:15:00,2022-08-01 04:15:00,-1,24
271647,271648,271672,2022-08-01 05:15:00,2022-08-01 05:20:00,2022-08-01 07:20:00,1,24
271685,271686,271710,2022-08-01 08:25:00,2022-08-01 08:30:00,2022-08-01 10:30:00,-1,24
271732,271733,271757,2022-08-01 12:20:00,2022-08-01 12:25:00,2022-08-01 14:25:00,1,24
271759,271760,271784,2022-08-01 14:35:00,2022-08-01 14:40:00,2022-08-01 16:40:00,-1,24
271798,271799,271823,2022-08-01 17:50:00,2022-08-01 17:55:00,2022-08-01 19:55:00,-1,24
271822,271823,271847,2022-08-01 19:50:00,2022-08-01 19:55:00,2022-08-01 21:55:00,-1,24
271849,271850,271874,2022-08-01 22:05:00,2022-08-01 22:10:00,2022-08-02 00:10:00,1,24
271874,271875,271899,2022-08-02 00:10:00,2022-08-02 00:15:00,2022-08-02 02:15:00,-1,24
271900,271901,271925,2022-08-02 02:20:00,2022-08-02 02:25:00,2022-08-02 04:25:00,-1,24
271935,271936,271960,2022-08-02 05:15:00,2022-08-02 05:20:00,2022-08-02 07:20:00,1,24
271970,271971,271995,2022-08-02 08:10:00,2022-08-02 08:15:00,2022-08-02 10:15:00,1,24
272057,272058,272082,2022-08-02 15:25:00,2022-08-02 15:30:00,2022-08-02 17:30:00,-1,24
272082,272083,272107,2022-08-02 17:30:00,2022-08-02 17:35:00,2022-08-02 19:35:00,1,24
272107,272108,272132,2022-08-02 19:35:00,2022-08-02 19:40:00,2022-08-02 21:40:00,-1,24
272132,272133,272157,2022-08-02 21:40:00,2022-08-02 21:45:00,2022-08-02 23:45:00,1,24
272176,272177,272201,2022-08-03 01:20:00,2022-08-03 01:25:00,2022-08-03 03:25:00,-1,24
272210,272211,272235,2022-08-03 04:10:00,2022-08-03 04:15:00,2022-08-03 06:15:00,-1,24
272241,272242,272266,2022-08-03 06:45:00,2022-08-03 06:50:00,2022-08-03 08:50:00,1,24
272274,272275,272299,2022-08-03 09:30:00,2022-08-03 09:35:00,2022-08-03 11:35:00,1,24
272346,272347,272371,2022-08-03 15:30:00,2022-08-03 15:35:00,2022-08-03 17:35:00,1,24
272379,272380,272404,2022-08-03 18:15:00,2022-08-03 18:20:00,2022-08-03 20:20:00,-1,24
272410,272411,272435,2022-08-03 20:50:00,2022-08-03 20:55:00,2022-08-03 22:55:00,-1,24
272440,272441,272465,2022-08-03 23:20:00,2022-08-03 23:25:00,2022-08-04 01:25:00,-1,24
272465,272466,272490,2022-08-04 01:25:00,2022-08-04 01:30:00,2022-08-04 03:30:00,-1,24
272492,272493,272517,2022-08-04 03:40:00,2022-08-04 03:45:00,2022-08-04 05:45:00,1,24
272531,272532,272556,2022-08-04 06:55:00,2022-08-04 07:00:00,2022-08-04 09:00:00,1,24
272564,272565,272589,2022-08-04 09:40:00,2022-08-04 09:45:00,2022-08-04 11:45:00,-1,24
272603,272604,272628,2022-08-04 12:55:00,2022-08-04 13:00:00,2022-08-04 15:00:00,1,24
272637,272638,272662,2022-08-04 15:45:00,2022-08-04 15:50:00,2022-08-04 17:50:00,-1,24
272677,272678,272702,2022-08-04 19:05:00,2022-08-04 19:10:00,2022-08-04 21:10:00,-1,24
272716,272717,272741,2022-08-04 22:20:00,2022-08-04 22:25:00,2022-08-05 00:25:00,-1,24
272743,272744,272768,2022-08-05 00:35:00,2022-08-05 00:40:00,2022-08-05 02:40:00,1,24
272772,272773,272797,2022-08-05 03:00:00,2022-08-05 03:05:00,2022-08-05 05:05:00,1,24
272806,272807,272831,2022-08-05 05:50:00,2022-08-05 05:55:00,2022-08-05 07:55:00,-1,24
272830,272831,272855,2022-08-05 07:50:00,2022-08-05 07:55:00,2022-08-05 09:55:00,1,24
272885,272886,272910,2022-08-05 12:25:00,2022-08-05 12:30:00,2022-08-05 14:30:00,1,24
272911,272912,272936,2022-08-05 14:35:00,2022-08-05 14:40:00,2022-08-05 16:40:00,-1,24
272943,272944,272968,2022-08-05 17:15:00,2022-08-05 17:20:00,2022-08-05 19:20:00,1,24
272978,272979,273003,2022-08-05 20:10:00,2022-08-05 20:15:00,2022-08-05 22:15:00,-1,24
273018,273019,273043,2022-08-05 23:30:00,2022-08-05 23:35:00,2022-08-06 01:35:00,1,24
273048,273049,273073,2022-08-06 02:00:00,2022-08-06 02:05:00,2022-08-06 04:05:00,-1,24
273089,273090,273114,2022-08-06 05:25:00,2022-08-06 05:30:00,2022-08-06 07:30:00,1,24
273166,273167,273191,2022-08-06 11:50:00,2022-08-06 11:55:00,2022-08-06 13:55:00,1,24
273198,273199,273223,2022-08-06 14:30:00,2022-08-06 14:35:00,2022-08-06 16:35:00,-1,24
273224,273225,273249,2022-08-06 16:40:00,2022-08-06 16:45:00,2022-08-06 18:45:00,1,24
273250,273251,273275,2022-08-06 18:50:00,2022-08-06 18:55:00,2022-08-06 20:55:00,1,24
273287,273288,273312,2022-08-06 21:55:00,2022-08-06 22:00:00,2022-08-07 00:00:00,-1,24
273312,273313,273337,2022-08-07 00:00:00,2022-08-07 00:05:00,2022-08-07 02:05:00,1,24
273354,273355,273379,2022-08-07 03:30:00,2022-08-07 03:35:00,2022-08-07 05:35:00,1,24
273381,273382,273406,2022-08-07 05:45:00,2022-08-07 05:50:00,2022-08-07 07:50:00,1,24
273410,273411,273435,2022-08-07 08:10:00,2022-08-07 08:15:00,2022-08-07 10:15:00,1,24
273434,273435,273459,2022-08-07 10:10:00,2022-08-07 10:15:00,2022-08-07 12:15:00,1,24
273471,273472,273496,2022-08-07 13:15:00,2022-08-07 13:20:00,2022-08-07 15:20:00,-1,24
273506,273507,273531,2022-08-07 16:10:00,2022-08-07 16:15:00,2022-08-07 18:15:00,1,24
273535,273536,273560,2022-08-07 18:35:00,2022-08-07 18:40:00,2022-08-07 20:40:00,-1,24
273599,273600,273624,2022-08-07 23:55:00,2022-08-08 00:00:00,2022-08-08 02:00:00,1,24
273626,273627,273651,2022-08-08 02:10:00,2022-08-08 02:15:00,2022-08-08 04:15:00,-1,24
273698,273699,273723,2022-08-08 08:10:00,2022-08-08 08:15:00,2022-08-08 10:15:00,1,24
273743,273744,273768,2022-08-08 11:55:00,2022-08-08 12:00:00,2022-08-08 14:00:00,-1,24
273820,273821,273845,2022-08-08 18:20:00,2022-08-08 18:25:00,2022-08-08 20:25:00,1,24
273876,273877,273901,2022-08-08 23:00:00,2022-08-08 23:05:00,2022-08-09 01:05:00,1,24
273911,273912,273936,2022-08-09 01:55:00,2022-08-09 02:00:00,2022-08-09 04:00:00,-1,24
273946,273947,273971,2022-08-09 04:50:00,2022-08-09 04:55:00,2022-08-09 06:55:00,-1,24
273970,273971,273995,2022-08-09 06:50:00,2022-08-09 06:55:00,2022-08-09 08:55:00,1,24
273995,273996,274020,2022-08-09 08:55:00,2022-08-09 09:00:00,2022-08-09 11:00:00,1,24
274103,274104,274128,2022-08-09 17:55:00,2022-08-09 18:00:00,2022-08-09 20:00:00,1,24
274151,274152,274176,2022-08-09 21:55:00,2022-08-09 22:00:00,2022-08-10 00:00:00,-1,24
274201,274202,274226,2022-08-10 02:05:00,2022-08-10 02:10:00,2022-08-10 04:10:00,-1,24
274305,274306,274330,2022-08-10 10:45:00,2022-08-10 10:50:00,2022-08-10 12:50:00,1,24
274369,274370,274394,2022-08-10 16:05:00,2022-08-10 16:10:00,2022-08-10 18:10:00,1,24
274418,274419,274443,2022-08-10 20:10:00,2022-08-10 20:15:00,2022-08-10 22:15:00,1,24
274445,274446,274470,2022-08-10 22:25:00,2022-08-10 22:30:00,2022-08-11 00:30:00,-1,24
274475,274476,274500,2022-08-11 00:55:00,2022-08-11 01:00:00,2022-08-11 03:00:00,1,24
274499,274500,274524,2022-08-11 02:55:00,2022-08-11 03:00:00,2022-08-11 05:00:00,1,24
274531,274532,274556,2022-08-11 05:35:00,2022-08-11 05:40:00,2022-08-11 07:40:00,-1,24
274594,274595,274619,2022-08-11 10:50:00,2022-08-11 10:55:00,2022-08-11 12:55:00,1,24
274635,274636,274660,2022-08-11 14:15:00,2022-08-11 14:20:00,2022-08-11 16:20:00,1,24
274666,274667,274691,2022-08-11 16:50:00,2022-08-11 16:55:00,2022-08-11 18:55:00,-1,24
274695,274696,274720,2022-08-11 19:15:00,2022-08-11 19:20:00,2022-08-11 21:20:00,-1,24
274772,274773,274797,2022-08-12 01:40:00,2022-08-12 01:45:00,2022-08-12 03:45:00,-1,24
274802,274803,274827,2022-08-12 04:10:00,2022-08-12 04:15:00,2022-08-12 06:15:00,1,24
274829,274830,274854,2022-08-12 06:25:00,2022-08-12 06:30:00,2022-08-12 08:30:00,1,24
274868,274869,274893,2022-08-12 09:40:00,2022-08-12 09:45:00,2022-08-12 11:45:00,-1,24
274910,274911,274935,2022-08-12 13:10:00,2022-08-12 13:15:00,2022-08-12 15:15:00,-1,24
274942,274943,274967,2022-08-12 15:50:00,2022-08-12 15:55:00,2022-08-12 17:55:00,-1,24
274980,274981,275005,2022-08-12 19:00:00,2022-08-12 19:05:00,2022-08-12 21:05:00,-1,24
275010,275011,275035,2022-08-12 21:30:00,2022-08-12 21:35:00,2022-08-12 23:35:00,-1,24
275035,275036,275060,2022-08-12 23:35:00,2022-08-12 23:40:00,2022-08-13 01:40:00,1,24
275070,275071,275095,2022-08-13 02:30:00,2022-08-13 02:35:00,2022-08-13 04:35:00,1,24
275096,275097,275121,2022-08-13 04:40:00,2022-08-13 04:45:00,2022-08-13 06:45:00,1,24
275127,275128,275152,2022-08-13 07:15:00,2022-08-13 07:20:00,2022-08-13 09:20:00,1,24
275164,275165,275189,2022-08-13 10:20:00,2022-08-13 10:25:00,2022-08-13 12:25:00,1,24
275200,275201,275225,2022-08-13 13:20:00,2022-08-13 13:25:00,2022-08-13 15:25:00,-1,24
275251,275252,275276,2022-08-13 17:35:00,2022-08-13 17:40:00,2022-08-13 19:40:00,-1,24
275301,275302,275326,2022-08-13 21:45:00,2022-08-13 21:50:00,2022-08-13 23:50:00,-1,24
275347,275348,275372,2022-08-14 01:35:00,2022-08-14 01:40:00,2022-08-14 03:40:00,1,24
275385,275386,275410,2022-08-14 04:45:00,2022-08-14 04:50:00,2022-08-14 06:50:00,-1,24
275464,275465,275489,2022-08-14 11:20:00,2022-08-14 11:25:00,2022-08-14 13:25:00,1,24
275510,275511,275535,2022-08-14 15:10:00,2022-08-14 15:15:00,2022-08-14 17:15:00,1,24
275556,275557,275581,2022-08-14 19:00:00,2022-08-14 19:05:00,2022-08-14 21:05:00,1,24
275600,275601,275625,2022-08-14 22:40:00,2022-08-14 22:45:00,2022-08-15 00:45:00,1,24
275636,275637,275661,2022-08-15 01:40:00,2022-08-15 01:45:00,2022-08-15 03:45:00,-1,24
275666,275667,275691,2022-08-15 04:10:00,2022-08-15 04:15:00,2022-08-15 06:15:00,1,24
275696,275697,275721,2022-08-15 06:40:00,2022-08-15 06:45:00,2022-08-15 08:45:00,-1,24
275724,275725,275749,2022-08-15 09:00:00,2022-08-15 09:05:00,2022-08-15 11:05:00,-1,24
275750,275751,275775,2022-08-15 11:10:00,2022-08-15 11:15:00,2022-08-15 13:15:00,1,24
275777,275778,275802,2022-08-15 13:25:00,2022-08-15 13:30:00,2022-08-15 15:30:00,1,24
275807,275808,275832,2022-08-15 15:55:00,2022-08-15 16:00:00,2022-08-15 18:00:00,-1,24
275831,275832,275856,2022-08-15 17:55:00,2022-08-15 18:00:00,2022-08-15 20:00:00,-1,24
275855,275856,275880,2022-08-15 19:55:00,2022-08-15 20:00:00,2022-08-15 22:00:00,-1,24
275890,275891,275915,2022-08-15 22:50:00,2022-08-15 22:55:00,2022-08-16 00:55:00,-1,24
275914,275915,275939,2022-08-16 00:50:00,2022-08-16 00:55:00,2022-08-16 02:55:00,-1,24
275943,275944,275968,2022-08-16 03:15:00,2022-08-16 03:20:00,2022-08-16 05:20:00,-1,24
275968,275969,275993,2022-08-16 05:20:00,2022-08-16 05:25:00,2022-08-16 07:25:00,-1,24
275993,275994,276018,2022-08-16 07:25:00,2022-08-16 07:30:00,2022-08-16 09:30:00,1,24
276017,276018,276042,2022-08-16 09:25:00,2022-08-16 09:30:00,2022-08-16 11:30:00,1,24
276042,276043,276067,2022-08-16 11:30:00,2022-08-16 11:35:00,2022-08-16 13:35:00,-1,24
276070,276071,276095,2022-08-16 13:50:00,2022-08-16 13:55:00,2022-08-16 15:55:00,-1,24
276098,276099,276123,2022-08-16 16:10:00,2022-08-16 16:15:00,2022-08-16 18:15:00,1,24
276125,276126,276150,2022-08-16 18:25:00,2022-08-16 18:30:00,2022-08-16 20:30:00,1,24
276150,276151,276175,2022-08-16 20:30:00,2022-08-16 20:35:00,2022-08-16 22:35:00,-1,24
276175,276176,276200,2022-08-16 22:35:00,2022-08-16 22:40:00,2022-08-17 00:40:00,-1,24
276210,276211,276235,2022-08-17 01:30:00,2022-08-17 01:35:00,2022-08-17 03:35:00,-1,24
276234,276235,276259,2022-08-17 03:30:00,2022-08-17 03:35:00,2022-08-17 05:35:00,-1,24
276287,276288,276312,2022-08-17 07:55:00,2022-08-17 08:00:00,2022-08-17 10:00:00,-1,24
276362,276363,276387,2022-08-17 14:10:00,2022-08-17 14:15:00,2022-08-17 16:15:00,-1,24
276388,276389,276413,2022-08-17 16:20:00,2022-08-17 16:25:00,2022-08-17 18:25:00,-1,24
276412,276413,276437,2022-08-17 18:20:00,2022-08-17 18:25:00,2022-08-17 20:25:00,1,24
276460,276461,276485,2022-08-17 22:20:00,2022-08-17 22:25:00,2022-08-18 00:25:00,1,24
276505,276506,276530,2022-08-18 02:05:00,2022-08-18 02:10:00,2022-08-18 04:10:00,1,24
276538,276539,276563,2022-08-18 04:50:00,2022-08-18 04:55:00,2022-08-18 06:55:00,-1,24
276562,276563,276587,2022-08-18 06:50:00,2022-08-18 06:55:00,2022-08-18 08:55:00,-1,24
276646,276647,276671,2022-08-18 13:50:00,2022-08-18 13:55:00,2022-08-18 15:55:00,1,24
276709,276710,276734,2022-08-18 19:05:00,2022-08-18 19:10:00,2022-08-18 21:10:00,1,24
276746,276747,276771,2022-08-18 22:10:00,2022-08-18 22:15:00,2022-08-19 00:15:00,1,24
276792,276793,276817,2022-08-19 02:00:00,2022-08-19 02:05:00,2022-08-19 04:05:00,1,24
276842,276843,276867,2022-08-19 06:10:00,2022-08-19 06:15:00,2022-08-19 08:15:00,1,24
276892,276893,276917,2022-08-19 10:20:00,2022-08-19 10:25:00,2022-08-19 12:25:00,-1,24
276983,276984,277008,2022-08-19 17:55:00,2022-08-19 18:00:00,2022-08-19 20:00:00,-1,24
277024,277025,277049,2022-08-19 21:20:00,2022-08-19 21:25:00,2022-08-19 23:25:00,-1,24
277059,277060,277084,2022-08-20 00:15:00,2022-08-20 00:20:00,2022-08-20 02:20:00,-1,24
277100,277101,277125,2022-08-20 03:40:00,2022-08-20 03:45:00,2022-08-20 05:45:00,1,24
277131,277132,277156,2022-08-20 06:15:00,2022-08-20 06:20:00,2022-08-20 08:20:00,-1,24
277160,277161,277185,2022-08-20 08:40:00,2022-08-20 08:45:00,2022-08-20 10:45:00,1,24
277208,277209,277233,2022-08-20 12:40:00,2022-08-20 12:45:00,2022-08-20 14:45:00,-1,24
277274,277275,277299,2022-08-20 18:10:00,2022-08-20 18:15:00,2022-08-20 20:15:00,1,24
277303,277304,277328,2022-08-20 20:35:00,2022-08-20 20:40:00,2022-08-20 22:40:00,-1,24
277333,277334,277358,2022-08-20 23:05:00,2022-08-20 23:10:00,2022-08-21 01:10:00,1,24
277386,277387,277411,2022-08-21 03:30:00,2022-08-21 03:35:00,2022-08-21 05:35:00,-1,24
277440,277441,277465,2022-08-21 08:00:00,2022-08-21 08:05:00,2022-08-21 10:05:00,1,24
277527,277528,277552,2022-08-21 15:15:00,2022-08-21 15:20:00,2022-08-21 17:20:00,-1,24
277585,277586,277610,2022-08-21 20:05:00,2022-08-21 20:10:00,2022-08-21 22:10:00,-1,24
277611,277612,277636,2022-08-21 22:15:00,2022-08-21 22:20:00,2022-08-22 00:20:00,-1,24
277636,277637,277661,2022-08-22 00:20:00,2022-08-22 00:25:00,2022-08-22 02:25:00,-1,24
277678,277679,277703,2022-08-22 03:50:00,2022-08-22 03:55:00,2022-08-22 05:55:00,-1,24
277717,277718,277742,2022-08-22 07:05:00,2022-08-22 07:10:00,2022-08-22 09:10:00,1,24
277752,277753,277777,2022-08-22 10:00:00,2022-08-22 10:05:00,2022-08-22 12:05:00,1,24
277801,277802,277826,2022-08-22 14:05:00,2022-08-22 14:10:00,2022-08-22 16:10:00,1,24
277831,277832,277856,2022-08-22 16:35:00,2022-08-22 16:40:00,2022-08-22 18:40:00,1,24
277858,277859,277883,2022-08-22 18:50:00,2022-08-22 18:55:00,2022-08-22 20:55:00,-1,24
277884,277885,277909,2022-08-22 21:00:00,2022-08-22 21:05:00,2022-08-22 23:05:00,1,24
277920,277921,277945,2022-08-23 00:00:00,2022-08-23 00:05:00,2022-08-23 02:05:00,1,24
277947,277948,277972,2022-08-23 02:15:00,2022-08-23 02:20:00,2022-08-23 04:20:00,-1,24
277999,278000,278024,2022-08-23 06:35:00,2022-08-23 06:40:00,2022-08-23 08:40:00,-1,24
278026,278027,278051,2022-08-23 08:50:00,2022-08-23 08:55:00,2022-08-23 10:55:00,-1,24
278063,278064,278088,2022-08-23 11:55:00,2022-08-23 12:00:00,2022-08-23 14:00:00,1,24
278102,278103,278127,2022-08-23 15:10:00,2022-08-23 15:15:00,2022-08-23 17:15:00,-1,24
278162,278163,278187,2022-08-23 20:10:00,2022-08-23 20:15:00,2022-08-23 22:15:00,-1,24
278205,278206,278230,2022-08-23 23:45:00,2022-08-23 23:50:00,2022-08-24 01:50:00,-1,24
278256,278257,278281,2022-08-24 04:00:00,2022-08-24 04:05:00,2022-08-24 06:05:00,-1,24
278294,278295,278319,2022-08-24 07:10:00,2022-08-24 07:15:00,2022-08-24 09:15:00,1,24
278323,278324,278348,2022-08-24 09:35:00,2022-08-24 09:40:00,2022-08-24 11:40:00,1,24
278363,278364,278388,2022-08-24 12:55:00,2022-08-24 13:00:00,2022-08-24 15:00:00,1,24
278410,278411,278435,2022-08-24 16:50:00,2022-08-24 16:55:00,2022-08-24 18:55:00,1,24
278435,278436,278460,2022-08-24 18:55:00,2022-08-24 19:00:00,2022-08-24 21:00:00,-1,24
278461,278462,278486,2022-08-24 21:05:00,2022-08-24 21:10:00,2022-08-24 23:10:00,-1,24
278491,278492,278516,2022-08-24 23:35:00,2022-08-24 23:40:00,2022-08-25 01:40:00,1,24
278522,278523,278547,2022-08-25 02:10:00,2022-08-25 02:15:00,2022-08-25 04:15:00,-1,24
278547,278548,278572,2022-08-25 04:15:00,2022-08-25 04:20:00,2022-08-25 06:20:00,1,24
278576,278577,278601,2022-08-25 06:40:00,2022-08-25 06:45:00,2022-08-25 08:45:00,1,24
278606,278607,278631,2022-08-25 09:10:00,2022-08-25 09:15:00,2022-08-25 11:15:00,1,24
278681,278682,278706,2022-08-25 15:25:00,2022-08-25 15:30:00,2022-08-25 17:30:00,-1,24
278716,278717,278741,2022-08-25 18:20:00,2022-08-25 18:25:00,2022-08-25 20:25:00,1,24
278740,278741,278765,2022-08-25 20:20:00,2022-08-25 20:25:00,2022-08-25 22:25:00,1,24
278787,278788,278812,2022-08-26 00:15:00,2022-08-26 00:20:00,2022-08-26 02:20:00,1,24
278813,278814,278838,2022-08-26 02:25:00,2022-08-26 02:30:00,2022-08-26 04:30:00,1,24
278838,278839,278863,2022-08-26 04:30:00,2022-08-26 04:35:00,2022-08-26 06:35:00,1,24
278918,278919,278943,2022-08-26 11:10:00,2022-08-26 11:15:00,2022-08-26 13:15:00,1,24
278978,278979,279003,2022-08-26 16:10:00,2022-08-26 16:15:00,2022-08-26 18:15:00,-1,24
279019,279020,279044,2022-08-26 19:35:00,2022-08-26 19:40:00,2022-08-26 21:40:00,1,24
279044,279045,279069,2022-08-26 21:40:00,2022-08-26 21:45:00,2022-08-26 23:45:00,1,24
279076,279077,279101,2022-08-27 00:20:00,2022-08-27 00:25:00,2022-08-27 02:25:00,-1,24
279109,279110,279134,2022-08-27 03:05:00,2022-08-27 03:10:00,2022-08-27 05:10:00,-1,24
279154,279155,279179,2022-08-27 06:50:00,2022-08-27 06:55:00,2022-08-27 08:55:00,1,24
279194,279195,279219,2022-08-27 10:10:00,2022-08-27 10:15:00,2022-08-27 12:15:00,-1,24
279235,279236,279260,2022-08-27 13:35:00,2022-08-27 13:40:00,2022-08-27 15:40:00,-1,24
279318,279319,279343,2022-08-27 20:30:00,2022-08-27 20:35:00,2022-08-27 22:35:00,1,24
279363,279364,279388,2022-08-28 00:15:00,2022-08-28 00:20:00,2022-08-28 02:20:00,1,24
279404,279405,279429,2022-08-28 03:40:00,2022-08-28 03:45:00,2022-08-28 05:45:00,1,24
279468,279469,279493,2022-08-28 09:00:00,2022-08-28 09:05:00,2022-08-28 11:05:00,-1,24
279495,279496,279520,2022-08-28 11:15:00,2022-08-28 11:20:00,2022-08-28 13:20:00,1,24
279519,279520,279544,2022-08-28 13:15:00,2022-08-28 13:20:00,2022-08-28 15:20:00,1,24
279589,279590,279614,2022-08-28 19:05:00,2022-08-28 19:10:00,2022-08-28 21:10:00,-1,24
279613,279614,279638,2022-08-28 21:05:00,2022-08-28 21:10:00,2022-08-28 23:10:00,1,24
279656,279657,279681,2022-08-29 00:40:00,2022-08-29 00:45:00,2022-08-29 02:45:00,1,24
279698,279699,279723,2022-08-29 04:10:00,2022-08-29 04:15:00,2022-08-29 06:15:00,1,24
279729,279730,279754,2022-08-29 06:45:00,2022-08-29 06:50:00,2022-08-29 08:50:00,-1,24
279756,279757,279781,2022-08-29 09:00:00,2022-08-29 09:05:00,2022-08-29 11:05:00,-1,24
279808,279809,279833,2022-08-29 13:20:00,2022-08-29 13:25:00,2022-08-29 15:25:00,1,24
279839,279840,279864,2022-08-29 15:55:00,2022-08-29 16:00:00,2022-08-29 18:00:00,1,24
279866,279867,279891,2022-08-29 18:10:00,2022-08-29 18:15:00,2022-08-29 20:15:00,1,24
279897,279898,279922,2022-08-29 20:45:00,2022-08-29 20:50:00,2022-08-29 22:50:00,-1,24
279938,279939,279963,2022-08-30 00:10:00,2022-08-30 00:15:00,2022-08-30 02:15:00,1,24
279983,279984,280008,2022-08-30 03:55:00,2022-08-30 04:00:00,2022-08-30 06:00:00,1,24
280020,280021,280045,2022-08-30 07:00:00,2022-08-30 07:05:00,2022-08-30 09:05:00,-1,24
280070,280071,280095,2022-08-30 11:10:00,2022-08-30 11:15:00,2022-08-30 13:15:00,1,24
280099,280100,280124,2022-08-30 13:35:00,2022-08-30 13:40:00,2022-08-30 15:40:00,-1,24
280175,280176,280200,2022-08-30 19:55:00,2022-08-30 20:00:00,2022-08-30 22:00:00,-1,24
280218,280219,280243,2022-08-30 23:30:00,2022-08-30 23:35:00,2022-08-31 01:35:00,1,24
280273,280274,280298,2022-08-31 04:05:00,2022-08-31 04:10:00,2022-08-31 06:10:00,1,24
280324,280325,280349,2022-08-31 08:20:00,2022-08-31 08:25:00,2022-08-31 10:25:00,1,24
280353,280354,280378,2022-08-31 10:45:00,2022-08-31 10:50:00,2022-08-31 12:50:00,-1,24
280385,280386,280410,2022-08-31 13:25:00,2022-08-31 13:30:00,2022-08-31 15:30:00,1,24
280414,280415,280439,2022-08-31 15:50:00,2022-08-31 15:55:00,2022-08-31 17:55:00,1,24
280443,280444,280468,2022-08-31 18:15:00,2022-08-31 18:20:00,2022-08-31 20:20:00,1,24
280471,280472,280496,2022-08-31 20:35:00,2022-08-31 20:40:00,2022-08-31 22:40:00,1,24
280495,280496,280520,2022-08-31 22:35:00,2022-08-31 22:40:00,2022-09-01 00:40:00,1,24
280540,280541,280565,2022-09-01 02:20:00,2022-09-01 02:25:00,2022-09-01 04:25:00,-1,24
280564,280565,280589,2022-09-01 04:20:00,2022-09-01 04:25:00,2022-09-01 06:25:00,-1,24
280590,280591,280615,2022-09-01 06:30:00,2022-09-01 06:35:00,2022-09-01 08:35:00,-1,24
280620,280621,280645,2022-09-01 09:00:00,2022-09-01 09:05:00,2022-09-01 11:05:00,-1,24
280649,280650,280674,2022-09-01 11:25:00,2022-09-01 11:30:00,2022-09-01 13:30:00,-1,24
280673,280674,280698,2022-09-01 13:25:00,2022-09-01 13:30:00,2022-09-01 15:30:00,1,24
280716,280717,280741,2022-09-01 17:00:00,2022-09-01 17:05:00,2022-09-01 19:05:00,-1,24
280740,280741,280765,2022-09-01 19:00:00,2022-09-01 19:05:00,2022-09-01 21:05:00,1,24
280771,280772,280796,2022-09-01 21:35:00,2022-09-01 21:40:00,2022-09-01 23:40:00,1,24
280801,280802,280826,2022-09-02 00:05:00,2022-09-02 00:10:00,2022-09-02 02:10:00,1,24
280840,280841,280865,2022-09-02 03:20:00,2022-09-02 03:25:00,2022-09-02 05:25:00,-1,24
280871,280872,280896,2022-09-02 05:55:00,2022-09-02 06:00:00,2022-09-02 08:00:00,1,24
280898,280899,280923,2022-09-02 08:10:00,2022-09-02 08:15:00,2022-09-02 10:15:00,1,24
280922,280923,280947,2022-09-02 10:10:00,2022-09-02 10:15:00,2022-09-02 12:15:00,1,24
280948,280949,280973,2022-09-02 12:20:00,2022-09-02 12:25:00,2022-09-02 14:25:00,-1,24
280973,280974,280998,2022-09-02 14:25:00,2022-09-02 14:30:00,2022-09-02 16:30:00,-1,24
281006,281007,281031,2022-09-02 17:10:00,2022-09-02 17:15:00,2022-09-02 19:15:00,-1,24
281031,281032,281056,2022-09-02 19:15:00,2022-09-02 19:20:00,2022-09-02 21:20:00,1,24
281065,281066,281090,2022-09-02 22:05:00,2022-09-02 22:10:00,2022-09-03 00:10:00,1,24
281094,281095,281119,2022-09-03 00:30:00,2022-09-03 00:35:00,2022-09-03 02:35:00,-1,24
281137,281138,281162,2022-09-03 04:05:00,2022-09-03 04:10:00,2022-09-03 06:10:00,-1,24
281165,281166,281190,2022-09-03 06:25:00,2022-09-03 06:30:00,2022-09-03 08:30:00,-1,24
281210,281211,281235,2022-09-03 10:10:00,2022-09-03 10:15:00,2022-09-03 12:15:00,-1,24
281243,281244,281268,2022-09-03 12:55:00,2022-09-03 13:00:00,2022-09-03 15:00:00,-1,24
281279,281280,281304,2022-09-03 15:55:00,2022-09-03 16:00:00,2022-09-03 18:00:00,-1,24
281322,281323,281347,2022-09-03 19:30:00,2022-09-03 19:35:00,2022-09-03 21:35:00,-1,24
281360,281361,281385,2022-09-03 22:40:00,2022-09-03 22:45:00,2022-09-04 00:45:00,1,24
281410,281411,281435,2022-09-04 02:50:00,2022-09-04 02:55:00,2022-09-04 04:55:00,1,24
281438,281439,281463,2022-09-04 05:10:00,2022-09-04 05:15:00,2022-09-04 07:15:00,1,24
281462,281463,281487,2022-09-04 07:10:00,2022-09-04 07:15:00,2022-09-04 09:15:00,-1,24
281500,281501,281525,2022-09-04 10:20:00,2022-09-04 10:25:00,2022-09-04 12:25:00,-1,24
281546,281547,281571,2022-09-04 14:10:00,2022-09-04 14:15:00,2022-09-04 16:15:00,-1,24
281570,281571,281595,2022-09-04 16:10:00,2022-09-04 16:15:00,2022-09-04 18:15:00,-1,24
281600,281601,281625,2022-09-04 18:40:00,2022-09-04 18:45:00,2022-09-04 20:45:00,1,24
281625,281626,281650,2022-09-04 20:45:00,2022-09-04 20:50:00,2022-09-04 22:50:00,-1,24
281649,281650,281674,2022-09-04 22:45:00,2022-09-04 22:50:00,2022-09-05 00:50:00,-1,24
281678,281679,281703,2022-09-05 01:10:00,2022-09-05 01:15:00,2022-09-05 03:15:00,1,24
281732,281733,281757,2022-09-05 05:40:00,2022-09-05 05:45:00,2022-09-05 07:45:00,-1,24
281768,281769,281793,2022-09-05 08:40:00,2022-09-05 08:45:00,2022-09-05 10:45:00,1,24
281799,281800,281824,2022-09-05 11:15:00,2022-09-05 11:20:00,2022-09-05 13:20:00,1,24
281831,281832,281856,2022-09-05 13:55:00,2022-09-05 14:00:00,2022-09-05 16:00:00,1,24
281856,281857,281881,2022-09-05 16:00:00,2022-09-05 16:05:00,2022-09-05 18:05:00,-1,24
281887,281888,281912,2022-09-05 18:35:00,2022-09-05 18:40:00,2022-09-05 20:40:00,-1,24
281914,281915,281939,2022-09-05 20:50:00,2022-09-05 20:55:00,2022-09-05 22:55:00,-1,24
282277,282278,282302,2022-09-07 03:05:00,2022-09-07 03:10:00,2022-09-07 05:10:00,-1,24
282308,282309,282333,2022-09-07 05:40:00,2022-09-07 05:45:00,2022-09-07 07:45:00,-1,24
282332,282333,282357,2022-09-07 07:40:00,2022-09-07 07:45:00,2022-09-07 09:45:00,-1,24
282361,282362,282386,2022-09-07 10:05:00,2022-09-07 10:10:00,2022-09-07 12:10:00,1,24
282392,282393,282417,2022-09-07 12:40:00,2022-09-07 12:45:00,2022-09-07 14:45:00,1,24
282442,282443,282467,2022-09-07 16:50:00,2022-09-07 16:55:00,2022-09-07 18:55:00,1,24
282473,282474,282498,2022-09-07 19:25:00,2022-09-07 19:30:00,2022-09-07 21:30:00,1,24
282509,282510,282534,2022-09-07 22:25:00,2022-09-07 22:30:00,2022-09-08 00:30:00,1,24
282540,282541,282565,2022-09-08 01:00:00,2022-09-08 01:05:00,2022-09-08 03:05:00,-1,24
282592,282593,282617,2022-09-08 05:20:00,2022-09-08 05:25:00,2022-09-08 07:25:00,1,24
282624,282625,282649,2022-09-08 08:00:00,2022-09-08 08:05:00,2022-09-08 10:05:00,1,24
282664,282665,282689,2022-09-08 11:20:00,2022-09-08 11:25:00,2022-09-08 13:25:00,-1,24
282693,282694,282718,2022-09-08 13:45:00,2022-09-08 13:50:00,2022-09-08 15:50:00,1,24
282726,282727,282751,2022-09-08 16:30:00,2022-09-08 16:35:00,2022-09-08 18:35:00,-1,24
282753,282754,282778,2022-09-08 18:45:00,2022-09-08 18:50:00,2022-09-08 20:50:00,-1,24
282784,282785,282809,2022-09-08 21:20:00,2022-09-08 21:25:00,2022-09-08 23:25:00,1,24
282812,282813,282837,2022-09-08 23:40:00,2022-09-08 23:45:00,2022-09-09 01:45:00,1,24
282847,282848,282872,2022-09-09 02:35:00,2022-09-09 02:40:00,2022-09-09 04:40:00,1,24
282878,282879,282903,2022-09-09 05:10:00,2022-09-09 05:15:00,2022-09-09 07:15:00,1,24
282913,282914,282938,2022-09-09 08:05:00,2022-09-09 08:10:00,2022-09-09 10:10:00,1,24
282943,282944,282968,2022-09-09 10:35:00,2022-09-09 10:40:00,2022-09-09 12:40:00,1,24
282978,282979,283003,2022-09-09 13:30:00,2022-09-09 13:35:00,2022-09-09 15:35:00,1,24
283004,283005,283029,2022-09-09 15:40:00,2022-09-09 15:45:00,2022-09-09 17:45:00,1,24
283028,283029,283053,2022-09-09 17:40:00,2022-09-09 17:45:00,2022-09-09 19:45:00,-1,24
283053,283054,283078,2022-09-09 19:45:00,2022-09-09 19:50:00,2022-09-09 21:50:00,1,24
283101,283102,283126,2022-09-09 23:45:00,2022-09-09 23:50:00,2022-09-10 01:50:00,-1,24
283125,283126,283150,2022-09-10 01:45:00,2022-09-10 01:50:00,2022-09-10 03:50:00,1,24
283150,283151,283175,2022-09-10 03:50:00,2022-09-10 03:55:00,2022-09-10 05:55:00,-1,24
283176,283177,283201,2022-09-10 06:00:00,2022-09-10 06:05:00,2022-09-10 08:05:00,-1,24
283206,283207,283231,2022-09-10 08:30:00,2022-09-10 08:35:00,2022-09-10 10:35:00,1,24
283257,283258,283282,2022-09-10 12:45:00,2022-09-10 12:50:00,2022-09-10 14:50:00,-1,24
283282,283283,283307,2022-09-10 14:50:00,2022-09-10 14:55:00,2022-09-10 16:55:00,1,24
283314,283315,283339,2022-09-10 17:30:00,2022-09-10 17:35:00,2022-09-10 19:35:00,1,24
283338,283339,283363,2022-09-10 19:30:00,2022-09-10 19:35:00,2022-09-10 21:35:00,1,24
283362,283363,283387,2022-09-10 21:30:00,2022-09-10 21:35:00,2022-09-10 23:35:00,1,24
283386,283387,283411,2022-09-10 23:30:00,2022-09-10 23:35:00,2022-09-11 01:35:00,-1,24
283411,283412,283436,2022-09-11 01:35:00,2022-09-11 01:40:00,2022-09-11 03:40:00,-1,24
283439,283440,283464,2022-09-11 03:55:00,2022-09-11 04:00:00,2022-09-11 06:00:00,1,24
283466,283467,283491,2022-09-11 06:10:00,2022-09-11 06:15:00,2022-09-11 08:15:00,-1,24
283521,283522,283546,2022-09-11 10:45:00,2022-09-11 10:50:00,2022-09-11 12:50:00,-1,24
283546,283547,283571,2022-09-11 12:50:00,2022-09-11 12:55:00,2022-09-11 14:55:00,1,24
283579,283580,283604,2022-09-11 15:35:00,2022-09-11 15:40:00,2022-09-11 17:40:00,1,24
283608,283609,283633,2022-09-11 18:00:00,2022-09-11 18:05:00,2022-09-11 20:05:00,1,24
283633,283634,283658,2022-09-11 20:05:00,2022-09-11 20:10:00,2022-09-11 22:10:00,-1,24
283659,283660,283684,2022-09-11 22:15:00,2022-09-11 22:20:00,2022-09-12 00:20:00,1,24
283689,283690,283714,2022-09-12 00:45:00,2022-09-12 00:50:00,2022-09-12 02:50:00,-1,24
283729,283730,283754,2022-09-12 04:05:00,2022-09-12 04:10:00,2022-09-12 06:10:00,-1,24
283758,283759,283783,2022-09-12 06:30:00,2022-09-12 06:35:00,2022-09-12 08:35:00,-1,24
283782,283783,283807,2022-09-12 08:30:00,2022-09-12 08:35:00,2022-09-12 10:35:00,1,24
283815,283816,283840,2022-09-12 11:15:00,2022-09-12 11:20:00,2022-09-12 13:20:00,-1,24
283845,283846,283870,2022-09-12 13:45:00,2022-09-12 13:50:00,2022-09-12 15:50:00,1,24
283884,283885,283909,2022-09-12 17:00:00,2022-09-12 17:05:00,2022-09-12 19:05:00,1,24
283908,283909,283933,2022-09-12 19:00:00,2022-09-12 19:05:00,2022-09-12 21:05:00,1,24
283944,283945,283969,2022-09-12 22:00:00,2022-09-12 22:05:00,2022-09-13 00:05:00,-1,24
283975,283976,284000,2022-09-13 00:35:00,2022-09-13 00:40:00,2022-09-13 02:40:00,1,24
284002,284003,284027,2022-09-13 02:50:00,2022-09-13 02:55:00,2022-09-13 04:55:00,-1,24
284038,284039,284063,2022-09-13 05:50:00,2022-09-13 05:55:00,2022-09-13 07:55:00,1,24
284062,284063,284087,2022-09-13 07:50:00,2022-09-13 07:55:00,2022-09-13 09:55:00,-1,24
284094,284095,284119,2022-09-13 10:30:00,2022-09-13 10:35:00,2022-09-13 12:35:00,1,24
284139,284140,284164,2022-09-13 14:15:00,2022-09-13 14:20:00,2022-09-13 16:20:00,-1,24
284171,284172,284196,2022-09-13 16:55:00,2022-09-13 17:00:00,2022-09-13 19:00:00,1,24
284204,284205,284229,2022-09-13 19:40:00,2022-09-13 19:45:00,2022-09-13 21:45:00,-1,24
284233,284234,284258,2022-09-13 22:05:00,2022-09-13 22:10:00,2022-09-14 00:10:00,1,24
284263,284264,284288,2022-09-14 00:35:00,2022-09-14 00:40:00,2022-09-14 02:40:00,-1,24
284288,284289,284313,2022-09-14 02:40:00,2022-09-14 02:45:00,2022-09-14 04:45:00,1,24
284312,284313,284337,2022-09-14 04:40:00,2022-09-14 04:45:00,2022-09-14 06:45:00,1,24
284351,284352,284376,2022-09-14 07:55:00,2022-09-14 08:00:00,2022-09-14 10:00:00,-1,24
284383,284384,284408,2022-09-14 10:35:00,2022-09-14 10:40:00,2022-09-14 12:40:00,-1,24
284412,284413,284437,2022-09-14 13:00:00,2022-09-14 13:05:00,2022-09-14 15:05:00,1,24
284446,284447,284471,2022-09-14 15:50:00,2022-09-14 15:55:00,2022-09-14 17:55:00,1,24
284479,284480,284504,2022-09-14 18:35:00,2022-09-14 18:40:00,2022-09-14 20:40:00,1,24
284506,284507,284531,2022-09-14 20:50:00,2022-09-14 20:55:00,2022-09-14 22:55:00,-1,24
284542,284543,284567,2022-09-14 23:50:00,2022-09-14 23:55:00,2022-09-15 01:55:00,-1,24
284567,284568,284592,2022-09-15 01:55:00,2022-09-15 02:00:00,2022-09-15 04:00:00,-1,24
284597,284598,284622,2022-09-15 04:25:00,2022-09-15 04:30:00,2022-09-15 06:30:00,-1,24
284623,284624,284648,2022-09-15 06:35:00,2022-09-15 06:40:00,2022-09-15 08:40:00,-1,24
284658,284659,284683,2022-09-15 09:30:00,2022-09-15 09:35:00,2022-09-15 11:35:00,-1,24
284684,284685,284709,2022-09-15 11:40:00,2022-09-15 11:45:00,2022-09-15 13:45:00,1,24
284708,284709,284733,2022-09-15 13:40:00,2022-09-15 13:45:00,2022-09-15 15:45:00,1,24
284735,284736,284760,2022-09-15 15:55:00,2022-09-15 16:00:00,2022-09-15 18:00:00,-1,24
284767,284768,284792,2022-09-15 18:35:00,2022-09-15 18:40:00,2022-09-15 20:40:00,1,24
284799,284800,284824,2022-09-15 21:15:00,2022-09-15 21:20:00,2022-09-15 23:20:00,-1,24
284826,284827,284851,2022-09-15 23:30:00,2022-09-15 23:35:00,2022-09-16 01:35:00,1,24
284852,284853,284877,2022-09-16 01:40:00,2022-09-16 01:45:00,2022-09-16 03:45:00,-1,24
284899,284900,284924,2022-09-16 05:35:00,2022-09-16 05:40:00,2022-09-16 07:40:00,-1,24
284930,284931,284955,2022-09-16 08:10:00,2022-09-16 08:15:00,2022-09-16 10:15:00,1,24
284958,284959,284983,2022-09-16 10:30:00,2022-09-16 10:35:00,2022-09-16 12:35:00,1,24
284987,284988,285012,2022-09-16 12:55:00,2022-09-16 13:00:00,2022-09-16 15:00:00,-1,24
285030,285031,285055,2022-09-16 16:30:00,2022-09-16 16:35:00,2022-09-16 18:35:00,-1,24
285055,285056,285080,2022-09-16 18:35:00,2022-09-16 18:40:00,2022-09-16 20:40:00,1,24
285088,285089,285113,2022-09-16 21:20:00,2022-09-16 21:25:00,2022-09-16 23:25:00,1,24
285115,285116,285140,2022-09-16 23:35:00,2022-09-16 23:40:00,2022-09-17 01:40:00,-1,24
285154,285155,285179,2022-09-17 02:50:00,2022-09-17 02:55:00,2022-09-17 04:55:00,-1,24
285189,285190,285214,2022-09-17 05:45:00,2022-09-17 05:50:00,2022-09-17 07:50:00,1,24
285222,285223,285247,2022-09-17 08:30:00,2022-09-17 08:35:00,2022-09-17 10:35:00,1,24
285249,285250,285274,2022-09-17 10:45:00,2022-09-17 10:50:00,2022-09-17 12:50:00,-1,24
285277,285278,285302,2022-09-17 13:05:00,2022-09-17 13:10:00,2022-09-17 15:10:00,-1,24
285307,285308,285332,2022-09-17 15:35:00,2022-09-17 15:40:00,2022-09-17 17:40:00,-1,24
285340,285341,285365,2022-09-17 18:20:00,2022-09-17 18:25:00,2022-09-17 20:25:00,-1,24
285368,285369,285393,2022-09-17 20:40:00,2022-09-17 20:45:00,2022-09-17 22:45:00,1,24
285395,285396,285420,2022-09-17 22:55:00,2022-09-17 23:00:00,2022-09-18 01:00:00,1,24
285419,285420,285444,2022-09-18 00:55:00,2022-09-18 01:00:00,2022-09-18 03:00:00,-1,24
285446,285447,285471,2022-09-18 03:10:00,2022-09-18 03:15:00,2022-09-18 05:15:00,-1,24
285476,285477,285501,2022-09-18 05:40:00,2022-09-18 05:45:00,2022-09-18 07:45:00,-1,24
285519,285520,285544,2022-09-18 09:15:00,2022-09-18 09:20:00,2022-09-18 11:20:00,-1,24
285547,285548,285572,2022-09-18 11:35:00,2022-09-18 11:40:00,2022-09-18 13:40:00,-1,24
285573,285574,285598,2022-09-18 13:45:00,2022-09-18 13:50:00,2022-09-18 15:50:00,1,24
285600,285601,285625,2022-09-18 16:00:00,2022-09-18 16:05:00,2022-09-18 18:05:00,-1,24
285639,285640,285664,2022-09-18 19:15:00,2022-09-18 19:20:00,2022-09-18 21:20:00,1,24
285675,285676,285700,2022-09-18 22:15:00,2022-09-18 22:20:00,2022-09-19 00:20:00,-1,24
285699,285700,285724,2022-09-19 00:15:00,2022-09-19 00:20:00,2022-09-19 02:20:00,-1,24
285755,285756,285780,2022-09-19 04:55:00,2022-09-19 05:00:00,2022-09-19 07:00:00,-1,24
285787,285788,285812,2022-09-19 07:35:00,2022-09-19 07:40:00,2022-09-19 09:40:00,-1,24
285815,285816,285840,2022-09-19 09:55:00,2022-09-19 10:00:00,2022-09-19 12:00:00,1,24
285852,285853,285877,2022-09-19 13:00:00,2022-09-19 13:05:00,2022-09-19 15:05:00,1,24
285886,285887,285911,2022-09-19 15:50:00,2022-09-19 15:55:00,2022-09-19 17:55:00,1,24
285919,285920,285944,2022-09-19 18:35:00,2022-09-19 18:40:00,2022-09-19 20:40:00,-1,24
285947,285948,285972,2022-09-19 20:55:00,2022-09-19 21:00:00,2022-09-19 23:00:00,1,24
285974,285975,285999,2022-09-19 23:10:00,2022-09-19 23:15:00,2022-09-20 01:15:00,1,24
285999,286000,286024,2022-09-20 01:15:00,2022-09-20 01:20:00,2022-09-20 03:20:00,1,24
286029,286030,286054,2022-09-20 03:45:00,2022-09-20 03:50:00,2022-09-20 05:50:00,-1,24
286090,286091,286115,2022-09-20 08:50:00,2022-09-20 08:55:00,2022-09-20 10:55:00,1,24
286114,286115,286139,2022-09-20 10:50:00,2022-09-20 10:55:00,2022-09-20 12:55:00,-1,24
286144,286145,286169,2022-09-20 13:20:00,2022-09-20 13:25:00,2022-09-20 15:25:00,-1,24
286173,286174,286198,2022-09-20 15:45:00,2022-09-20 15:50:00,2022-09-20 17:50:00,-1,24
286210,286211,286235,2022-09-20 18:50:00,2022-09-20 18:55:00,2022-09-20 20:55:00,1,24
286235,286236,286260,2022-09-20 20:55:00,2022-09-20 21:00:00,2022-09-20 23:00:00,1,24
286259,286260,286284,2022-09-20 22:55:00,2022-09-20 23:00:00,2022-09-21 01:00:00,1,24
286283,286284,286308,2022-09-21 00:55:00,2022-09-21 01:00:00,2022-09-21 03:00:00,1,24
286309,286310,286334,2022-09-21 03:05:00,2022-09-21 03:10:00,2022-09-21 05:10:00,1,24
286339,286340,286364,2022-09-21 05:35:00,2022-09-21 05:40:00,2022-09-21 07:40:00,1,24
286363,286364,286388,2022-09-21 07:35:00,2022-09-21 07:40:00,2022-09-21 09:40:00,1,24
286395,286396,286420,2022-09-21 10:15:00,2022-09-21 10:20:00,2022-09-21 12:20:00,1,24
286423,286424,286448,2022-09-21 12:35:00,2022-09-21 12:40:00,2022-09-21 14:40:00,1,24
286465,286466,286490,2022-09-21 16:05:00,2022-09-21 16:10:00,2022-09-21 18:10:00,-1,24
286523,286524,286548,2022-09-21 20:55:00,2022-09-21 21:00:00,2022-09-21 23:00:00,-1,24
286552,286553,286577,2022-09-21 23:20:00,2022-09-21 23:25:00,2022-09-22 01:25:00,-1,24
286577,286578,286602,2022-09-22 01:25:00,2022-09-22 01:30:00,2022-09-22 03:30:00,1,24
286606,286607,286631,2022-09-22 03:50:00,2022-09-22 03:55:00,2022-09-22 05:55:00,1,24
286631,286632,286656,2022-09-22 05:55:00,2022-09-22 06:00:00,2022-09-22 08:00:00,-1,24
286666,286667,286691,2022-09-22 08:50:00,2022-09-22 08:55:00,2022-09-22 10:55:00,1,24
286717,286718,286742,2022-09-22 13:05:00,2022-09-22 13:10:00,2022-09-22 15:10:00,-1,24
286742,286743,286767,2022-09-22 15:10:00,2022-09-22 15:15:00,2022-09-22 17:15:00,1,24
286766,286767,286791,2022-09-22 17:10:00,2022-09-22 17:15:00,2022-09-22 19:15:00,-1,24
286794,286795,286819,2022-09-22 19:30:00,2022-09-22 19:35:00,2022-09-22 21:35:00,-1,24
286824,286825,286849,2022-09-22 22:00:00,2022-09-22 22:05:00,2022-09-23 00:05:00,-1,24
286852,286853,286877,2022-09-23 00:20:00,2022-09-23 00:25:00,2022-09-23 02:25:00,-1,24
286879,286880,286904,2022-09-23 02:35:00,2022-09-23 02:40:00,2022-09-23 04:40:00,1,24
286914,286915,286939,2022-09-23 05:30:00,2022-09-23 05:35:00,2022-09-23 07:35:00,1,24
286939,286940,286964,2022-09-23 07:35:00,2022-09-23 07:40:00,2022-09-23 09:40:00,1,24
286966,286967,286991,2022-09-23 09:50:00,2022-09-23 09:55:00,2022-09-23 11:55:00,-1,24
287003,287004,287028,2022-09-23 12:55:00,2022-09-23 13:00:00,2022-09-23 15:00:00,-1,24
287038,287039,287063,2022-09-23 15:50:00,2022-09-23 15:55:00,2022-09-23 17:55:00,-1,24
287067,287068,287092,2022-09-23 18:15:00,2022-09-23 18:20:00,2022-09-23 20:20:00,-1,24
287116,287117,287141,2022-09-23 22:20:00,2022-09-23 22:25:00,2022-09-24 00:25:00,1,24
287148,287149,287173,2022-09-24 01:00:00,2022-09-24 01:05:00,2022-09-24 03:05:00,-1,24
287175,287176,287200,2022-09-24 03:15:00,2022-09-24 03:20:00,2022-09-24 05:20:00,1,24
287235,287236,287260,2022-09-24 08:15:00,2022-09-24 08:20:00,2022-09-24 10:20:00,1,24
287262,287263,287287,2022-09-24 10:30:00,2022-09-24 10:35:00,2022-09-24 12:35:00,1,24
287297,287298,287322,2022-09-24 13:25:00,2022-09-24 13:30:00,2022-09-24 15:30:00,-1,24
287321,287322,287346,2022-09-24 15:25:00,2022-09-24 15:30:00,2022-09-24 17:30:00,-1,24
287346,287347,287371,2022-09-24 17:30:00,2022-09-24 17:35:00,2022-09-24 19:35:00,1,24
287381,287382,287406,2022-09-24 20:25:00,2022-09-24 20:30:00,2022-09-24 22:30:00,1,24
287415,287416,287440,2022-09-24 23:15:00,2022-09-24 23:20:00,2022-09-25 01:20:00,1,24
287448,287449,287473,2022-09-25 02:00:00,2022-09-25 02:05:00,2022-09-25 04:05:00,-1,24
287472,287473,287497,2022-09-25 04:00:00,2022-09-25 04:05:00,2022-09-25 06:05:00,-1,24
287501,287502,287526,2022-09-25 06:25:00,2022-09-25 06:30:00,2022-09-25 08:30:00,1,24
287526,287527,287551,2022-09-25 08:30:00,2022-09-25 08:35:00,2022-09-25 10:35:00,-1,24
287550,287551,287575,2022-09-25 10:30:00,2022-09-25 10:35:00,2022-09-25 12:35:00,-1,24
287576,287577,287601,2022-09-25 12:40:00,2022-09-25 12:45:00,2022-09-25 14:45:00,-1,24
287629,287630,287654,2022-09-25 17:05:00,2022-09-25 17:10:00,2022-09-25 19:10:00,-1,24
287671,287672,287696,2022-09-25 20:35:00,2022-09-25 20:40:00,2022-09-25 22:40:00,-1,24
287695,287696,287720,2022-09-25 22:35:00,2022-09-25 22:40:00,2022-09-26 00:40:00,1,24
287724,287725,287749,2022-09-26 01:00:00,2022-09-26 01:05:00,2022-09-26 03:05:00,-1,24
287751,287752,287776,2022-09-26 03:15:00,2022-09-26 03:20:00,2022-09-26 05:20:00,-1,24
287775,287776,287800,2022-09-26 05:15:00,2022-09-26 05:20:00,2022-09-26 07:20:00,-1,24
287807,287808,287832,2022-09-26 07:55:00,2022-09-26 08:00:00,2022-09-26 10:00:00,1,24
287858,287859,287883,2022-09-26 12:10:00,2022-09-26 12:15:00,2022-09-26 14:15:00,-1,24
287886,287887,287911,2022-09-26 14:30:00,2022-09-26 14:35:00,2022-09-26 16:35:00,1,24
287923,287924,287948,2022-09-26 17:35:00,2022-09-26 17:40:00,2022-09-26 19:40:00,-1,24
287974,287975,287999,2022-09-26 21:50:00,2022-09-26 21:55:00,2022-09-26 23:55:00,-1,24
288005,288006,288030,2022-09-27 00:25:00,2022-09-27 00:30:00,2022-09-27 02:30:00,-1,24
288032,288033,288057,2022-09-27 02:40:00,2022-09-27 02:45:00,2022-09-27 04:45:00,1,24
288056,288057,288081,2022-09-27 04:40:00,2022-09-27 04:45:00,2022-09-27 06:45:00,-1,24
288085,288086,288110,2022-09-27 07:05:00,2022-09-27 07:10:00,2022-09-27 09:10:00,1,24
288124,288125,288149,2022-09-27 10:20:00,2022-09-27 10:25:00,2022-09-27 12:25:00,1,24
288150,288151,288175,2022-09-27 12:30:00,2022-09-27 12:35:00,2022-09-27 14:35:00,1,24
288177,288178,288202,2022-09-27 14:45:00,2022-09-27 14:50:00,2022-09-27 16:50:00,1,24
288214,288215,288239,2022-09-27 17:50:00,2022-09-27 17:55:00,2022-09-27 19:55:00,-1,24
288238,288239,288263,2022-09-27 19:50:00,2022-09-27 19:55:00,2022-09-27 21:55:00,-1,24
288270,288271,288295,2022-09-27 22:30:00,2022-09-27 22:35:00,2022-09-28 00:35:00,1,24
288302,288303,288327,2022-09-28 01:10:00,2022-09-28 01:15:00,2022-09-28 03:15:00,-1,24
288352,288353,288377,2022-09-28 05:20:00,2022-09-28 05:25:00,2022-09-28 07:25:00,-1,24
288378,288379,288403,2022-09-28 07:30:00,2022-09-28 07:35:00,2022-09-28 09:35:00,-1,24
288438,288439,288463,2022-09-28 12:30:00,2022-09-28 12:35:00,2022-09-28 14:35:00,-1,24
288509,288510,288534,2022-09-28 18:25:00,2022-09-28 18:30:00,2022-09-28 20:30:00,-1,24
288533,288534,288558,2022-09-28 20:25:00,2022-09-28 20:30:00,2022-09-28 22:30:00,-1,24
288562,288563,288587,2022-09-28 22:50:00,2022-09-28 22:55:00,2022-09-29 00:55:00,-1,24
288589,288590,288614,2022-09-29 01:05:00,2022-09-29 01:10:00,2022-09-29 03:10:00,1,24
288632,288633,288657,2022-09-29 04:40:00,2022-09-29 04:45:00,2022-09-29 06:45:00,-1,24
288664,288665,288689,2022-09-29 07:20:00,2022-09-29 07:25:00,2022-09-29 09:25:00,-1,24
288709,288710,288734,2022-09-29 11:05:00,2022-09-29 11:10:00,2022-09-29 13:10:00,-1,24
288742,288743,288767,2022-09-29 13:50:00,2022-09-29 13:55:00,2022-09-29 15:55:00,-1,24
288767,288768,288792,2022-09-29 15:55:00,2022-09-29 16:00:00,2022-09-29 18:00:00,1,24
288801,288802,288826,2022-09-29 18:45:00,2022-09-29 18:50:00,2022-09-29 20:50:00,1,24
288834,288835,288859,2022-09-29 21:30:00,2022-09-29 21:35:00,2022-09-29 23:35:00,1,24
288861,288862,288886,2022-09-29 23:45:00,2022-09-29 23:50:00,2022-09-30 01:50:00,1,24
288885,288886,288910,2022-09-30 01:45:00,2022-09-30 01:50:00,2022-09-30 03:50:00,-1,24
288912,288913,288937,2022-09-30 04:00:00,2022-09-30 04:05:00,2022-09-30 06:05:00,1,24
288937,288938,288962,2022-09-30 06:05:00,2022-09-30 06:10:00,2022-09-30 08:10:00,-1,24
288961,288962,288986,2022-09-30 08:05:00,2022-09-30 08:10:00,2022-09-30 10:10:00,1,24
288989,288990,289014,2022-09-30 10:25:00,2022-09-30 10:30:00,2022-09-30 12:30:00,-1,24
289013,289014,289038,2022-09-30 12:25:00,2022-09-30 12:30:00,2022-09-30 14:30:00,-1,24
289047,289048,289072,2022-09-30 15:15:00,2022-09-30 15:20:00,2022-09-30 17:20:00,1,24
289093,289094,289118,2022-09-30 19:05:00,2022-09-30 19:10:00,2022-09-30 21:10:00,1,24
289132,289133,289157,2022-09-30 22:20:00,2022-09-30 22:25:00,2022-10-01 00:25:00,-1,24
289159,289160,289184,2022-10-01 00:35:00,2022-10-01 00:40:00,2022-10-01 02:40:00,1,24
289188,289189,289213,2022-10-01 03:00:00,2022-10-01 03:05:00,2022-10-01 05:05:00,-1,24
289234,289235,289259,2022-10-01 06:50:00,2022-10-01 06:55:00,2022-10-01 08:55:00,1,24
289263,289264,289288,2022-10-01 09:15:00,2022-10-01 09:20:00,2022-10-01 11:20:00,-1,24
289337,289338,289362,2022-10-01 15:25:00,2022-10-01 15:30:00,2022-10-01 17:30:00,-1,24
289371,289372,289396,2022-10-01 18:15:00,2022-10-01 18:20:00,2022-10-01 20:20:00,-1,24
289397,289398,289422,2022-10-01 20:25:00,2022-10-01 20:30:00,2022-10-01 22:30:00,-1,24
289428,289429,289453,2022-10-01 23:00:00,2022-10-01 23:05:00,2022-10-02 01:05:00,-1,24
289476,289477,289501,2022-10-02 03:00:00,2022-10-02 03:05:00,2022-10-02 05:05:00,1,24
289521,289522,289546,2022-10-02 06:45:00,2022-10-02 06:50:00,2022-10-02 08:50:00,-1,24
289586,289587,289611,2022-10-02 12:10:00,2022-10-02 12:15:00,2022-10-02 14:15:00,1,24
289622,289623,289647,2022-10-02 15:10:00,2022-10-02 15:15:00,2022-10-02 17:15:00,-1,24
289649,289650,289674,2022-10-02 17:25:00,2022-10-02 17:30:00,2022-10-02 19:30:00,-1,24
289677,289678,289702,2022-10-02 19:45:00,2022-10-02 19:50:00,2022-10-02 21:50:00,1,24
289711,289712,289736,2022-10-02 22:35:00,2022-10-02 22:40:00,2022-10-03 00:40:00,1,24
289746,289747,289771,2022-10-03 01:30:00,2022-10-03 01:35:00,2022-10-03 03:35:00,1,24
289785,289786,289810,2022-10-03 04:45:00,2022-10-03 04:50:00,2022-10-03 06:50:00,-1,24
289816,289817,289841,2022-10-03 07:20:00,2022-10-03 07:25:00,2022-10-03 09:25:00,1,24
289844,289845,289869,2022-10-03 09:40:00,2022-10-03 09:45:00,2022-10-03 11:45:00,1,24
289871,289872,289896,2022-10-03 11:55:00,2022-10-03 12:00:00,2022-10-03 14:00:00,-1,24
289899,289900,289924,2022-10-03 14:15:00,2022-10-03 14:20:00,2022-10-03 16:20:00,1,24
289925,289926,289950,2022-10-03 16:25:00,2022-10-03 16:30:00,2022-10-03 18:30:00,1,24
289954,289955,289979,2022-10-03 18:50:00,2022-10-03 18:55:00,2022-10-03 20:55:00,1,24
289978,289979,290003,2022-10-03 20:50:00,2022-10-03 20:55:00,2022-10-03 22:55:00,-1,24
290002,290003,290027,2022-10-03 22:50:00,2022-10-03 22:55:00,2022-10-04 00:55:00,-1,24
290029,290030,290054,2022-10-04 01:05:00,2022-10-04 01:10:00,2022-10-04 03:10:00,-1,24
290059,290060,290084,2022-10-04 03:35:00,2022-10-04 03:40:00,2022-10-04 05:40:00,1,24
290131,290132,290156,2022-10-04 09:35:00,2022-10-04 09:40:00,2022-10-04 11:40:00,-1,24
290159,290160,290184,2022-10-04 11:55:00,2022-10-04 12:00:00,2022-10-04 14:00:00,-1,24
290202,290203,290227,2022-10-04 15:30:00,2022-10-04 15:35:00,2022-10-04 17:35:00,1,24
290227,290228,290252,2022-10-04 17:35:00,2022-10-04 17:40:00,2022-10-04 19:40:00,1,24
290252,290253,290277,2022-10-04 19:40:00,2022-10-04 19:45:00,2022-10-04 21:45:00,1,24
290292,290293,290317,2022-10-04 23:00:00,2022-10-04 23:05:00,2022-10-05 01:05:00,-1,24
290321,290322,290346,2022-10-05 01:25:00,2022-10-05 01:30:00,2022-10-05 03:30:00,-1,24
290355,290356,290380,2022-10-05 04:15:00,2022-10-05 04:20:00,2022-10-05 06:20:00,1,24
290383,290384,290408,2022-10-05 06:35:00,2022-10-05 06:40:00,2022-10-05 08:40:00,-1,24
290437,290438,290462,2022-10-05 11:05:00,2022-10-05 11:10:00,2022-10-05 13:10:00,1,24
290474,290475,290499,2022-10-05 14:10:00,2022-10-05 14:15:00,2022-10-05 16:15:00,1,24
290517,290518,290542,2022-10-05 17:45:00,2022-10-05 17:50:00,2022-10-05 19:50:00,1,24
290551,290552,290576,2022-10-05 20:35:00,2022-10-05 20:40:00,2022-10-05 22:40:00,-1,24
290584,290585,290609,2022-10-05 23:20:00,2022-10-05 23:25:00,2022-10-06 01:25:00,1,24
290611,290612,290636,2022-10-06 01:35:00,2022-10-06 01:40:00,2022-10-06 03:40:00,-1,24
290635,290636,290660,2022-10-06 03:35:00,2022-10-06 03:40:00,2022-10-06 05:40:00,-1,24
290680,290681,290705,2022-10-06 07:20:00,2022-10-06 07:25:00,2022-10-06 09:25:00,1,24
290705,290706,290730,2022-10-06 09:25:00,2022-10-06 09:30:00,2022-10-06 11:30:00,-1,24
290758,290759,290783,2022-10-06 13:50:00,2022-10-06 13:55:00,2022-10-06 15:55:00,-1,24
290786,290787,290811,2022-10-06 16:10:00,2022-10-06 16:15:00,2022-10-06 18:15:00,-1,24
290814,290815,290839,2022-10-06 18:30:00,2022-10-06 18:35:00,2022-10-06 20:35:00,-1,24
290843,290844,290868,2022-10-06 20:55:00,2022-10-06 21:00:00,2022-10-06 23:00:00,-1,24
290875,290876,290900,2022-10-06 23:35:00,2022-10-06 23:40:00,2022-10-07 01:40:00,1,24
290924,290925,290949,2022-10-07 03:40:00,2022-10-07 03:45:00,2022-10-07 05:45:00,1,24
290952,290953,290977,2022-10-07 06:00:00,2022-10-07 06:05:00,2022-10-07 08:05:00,1,24
290977,290978,291002,2022-10-07 08:05:00,2022-10-07 08:10:00,2022-10-07 10:10:00,-1,24
291009,291010,291034,2022-10-07 10:45:00,2022-10-07 10:50:00,2022-10-07 12:50:00,-1,24
291083,291084,291108,2022-10-07 16:55:00,2022-10-07 17:00:00,2022-10-07 19:00:00,-1,24
291112,291113,291137,2022-10-07 19:20:00,2022-10-07 19:25:00,2022-10-07 21:25:00,-1,24
291149,291150,291174,2022-10-07 22:25:00,2022-10-07 22:30:00,2022-10-08 00:30:00,-1,24
291184,291185,291209,2022-10-08 01:20:00,2022-10-08 01:25:00,2022-10-08 03:25:00,1,24
291218,291219,291243,2022-10-08 04:10:00,2022-10-08 04:15:00,2022-10-08 06:15:00,1,24
291280,291281,291305,2022-10-08 09:20:00,2022-10-08 09:25:00,2022-10-08 11:25:00,1,24
291335,291336,291360,2022-10-08 13:55:00,2022-10-08 14:00:00,2022-10-08 16:00:00,1,24
291374,291375,291399,2022-10-08 17:10:00,2022-10-08 17:15:00,2022-10-08 19:15:00,1,24
291419,291420,291444,2022-10-08 20:55:00,2022-10-08 21:00:00,2022-10-08 23:00:00,1,24
291449,291450,291474,2022-10-08 23:25:00,2022-10-08 23:30:00,2022-10-09 01:30:00,-1,24
291490,291491,291515,2022-10-09 02:50:00,2022-10-09 02:55:00,2022-10-09 04:55:00,-1,24
291533,291534,291558,2022-10-09 06:25:00,2022-10-09 06:30:00,2022-10-09 08:30:00,1,24
291557,291558,291582,2022-10-09 08:25:00,2022-10-09 08:30:00,2022-10-09 10:30:00,-1,24
291594,291595,291619,2022-10-09 11:30:00,2022-10-09 11:35:00,2022-10-09 13:35:00,-1,24
291636,291637,291661,2022-10-09 15:00:00,2022-10-09 15:05:00,2022-10-09 17:05:00,1,24
291664,291665,291689,2022-10-09 17:20:00,2022-10-09 17:25:00,2022-10-09 19:25:00,-1,24
291690,291691,291715,2022-10-09 19:30:00,2022-10-09 19:35:00,2022-10-09 21:35:00,1,24
291715,291716,291740,2022-10-09 21:35:00,2022-10-09 21:40:00,2022-10-09 23:40:00,-1,24
291739,291740,291764,2022-10-09 23:35:00,2022-10-09 23:40:00,2022-10-10 01:40:00,1,24
291764,291765,291789,2022-10-10 01:40:00,2022-10-10 01:45:00,2022-10-10 03:45:00,-1,24
291818,291819,291843,2022-10-10 06:10:00,2022-10-10 06:15:00,2022-10-10 08:15:00,-1,24
291848,291849,291873,2022-10-10 08:40:00,2022-10-10 08:45:00,2022-10-10 10:45:00,-1,24
291873,291874,291898,2022-10-10 10:45:00,2022-10-10 10:50:00,2022-10-10 12:50:00,1,24
291943,291944,291968,2022-10-10 16:35:00,2022-10-10 16:40:00,2022-10-10 18:40:00,-1,24
291967,291968,291992,2022-10-10 18:35:00,2022-10-10 18:40:00,2022-10-10 20:40:00,-1,24
291999,292000,292024,2022-10-10 21:15:00,2022-10-10 21:20:00,2022-10-10 23:20:00,1,24
292024,292025,292049,2022-10-10 23:20:00,2022-10-10 23:25:00,2022-10-11 01:25:00,1,24
292048,292049,292073,2022-10-11 01:20:00,2022-10-11 01:25:00,2022-10-11 03:25:00,1,24
292079,292080,292104,2022-10-11 03:55:00,2022-10-11 04:00:00,2022-10-11 06:00:00,1,24
292109,292110,292134,2022-10-11 06:25:00,2022-10-11 06:30:00,2022-10-11 08:30:00,1,24
292136,292137,292161,2022-10-11 08:40:00,2022-10-11 08:45:00,2022-10-11 10:45:00,-1,24
292164,292165,292189,2022-10-11 11:00:00,2022-10-11 11:05:00,2022-10-11 13:05:00,-1,24
292206,292207,292231,2022-10-11 14:30:00,2022-10-11 14:35:00,2022-10-11 16:35:00,1,24
292230,292231,292255,2022-10-11 16:30:00,2022-10-11 16:35:00,2022-10-11 18:35:00,-1,24
292266,292267,292291,2022-10-11 19:30:00,2022-10-11 19:35:00,2022-10-11 21:35:00,-1,24
292315,292316,292340,2022-10-11 23:35:00,2022-10-11 23:40:00,2022-10-12 01:40:00,-1,24
292343,292344,292368,2022-10-12 01:55:00,2022-10-12 02:00:00,2022-10-12 04:00:00,1,24
292376,292377,292401,2022-10-12 04:40:00,2022-10-12 04:45:00,2022-10-12 06:45:00,1,24
292413,292414,292438,2022-10-12 07:45:00,2022-10-12 07:50:00,2022-10-12 09:50:00,1,24
292461,292462,292486,2022-10-12 11:45:00,2022-10-12 11:50:00,2022-10-12 13:50:00,-1,24
292486,292487,292511,2022-10-12 13:50:00,2022-10-12 13:55:00,2022-10-12 15:55:00,1,24
292517,292518,292542,2022-10-12 16:25:00,2022-10-12 16:30:00,2022-10-12 18:30:00,1,24
292548,292549,292573,2022-10-12 19:00:00,2022-10-12 19:05:00,2022-10-12 21:05:00,1,24
292576,292577,292601,2022-10-12 21:20:00,2022-10-12 21:25:00,2022-10-12 23:25:00,1,24
292642,292643,292667,2022-10-13 02:50:00,2022-10-13 02:55:00,2022-10-13 04:55:00,-1,24
292676,292677,292701,2022-10-13 05:40:00,2022-10-13 05:45:00,2022-10-13 07:45:00,-1,24
292708,292709,292733,2022-10-13 08:20:00,2022-10-13 08:25:00,2022-10-13 10:25:00,1,24
292799,292800,292824,2022-10-13 15:55:00,2022-10-13 16:00:00,2022-10-13 18:00:00,1,24
292832,292833,292857,2022-10-13 18:40:00,2022-10-13 18:45:00,2022-10-13 20:45:00,1,24
292857,292858,292882,2022-10-13 20:45:00,2022-10-13 20:50:00,2022-10-13 22:50:00,1,24
292885,292886,292910,2022-10-13 23:05:00,2022-10-13 23:10:00,2022-10-14 01:10:00,1,24
292937,292938,292962,2022-10-14 03:25:00,2022-10-14 03:30:00,2022-10-14 05:30:00,-1,24
292993,292994,293018,2022-10-14 08:05:00,2022-10-14 08:10:00,2022-10-14 10:10:00,-1,24
293053,293054,293078,2022-10-14 13:05:00,2022-10-14 13:10:00,2022-10-14 15:10:00,-1,24
293081,293082,293106,2022-10-14 15:25:00,2022-10-14 15:30:00,2022-10-14 17:30:00,1,24
293141,293142,293166,2022-10-14 20:25:00,2022-10-14 20:30:00,2022-10-14 22:30:00,-1,24
293169,293170,293194,2022-10-14 22:45:00,2022-10-14 22:50:00,2022-10-15 00:50:00,-1,24
293244,293245,293269,2022-10-15 05:00:00,2022-10-15 05:05:00,2022-10-15 07:05:00,-1,24
293278,293279,293303,2022-10-15 07:50:00,2022-10-15 07:55:00,2022-10-15 09:55:00,-1,24
293305,293306,293330,2022-10-15 10:05:00,2022-10-15 10:10:00,2022-10-15 12:10:00,-1,24
293348,293349,293373,2022-10-15 13:40:00,2022-10-15 13:45:00,2022-10-15 15:45:00,-1,24
293378,293379,293403,2022-10-15 16:10:00,2022-10-15 16:15:00,2022-10-15 18:15:00,-1,24
293410,293411,293435,2022-10-15 18:50:00,2022-10-15 18:55:00,2022-10-15 20:55:00,1,24
293454,293455,293479,2022-10-15 22:30:00,2022-10-15 22:35:00,2022-10-16 00:35:00,-1,24
293483,293484,293508,2022-10-16 00:55:00,2022-10-16 01:00:00,2022-10-16 03:00:00,-1,24
293510,293511,293535,2022-10-16 03:10:00,2022-10-16 03:15:00,2022-10-16 05:15:00,-1,24
293537,293538,293562,2022-10-16 05:25:00,2022-10-16 05:30:00,2022-10-16 07:30:00,-1,24
293565,293566,293590,2022-10-16 07:45:00,2022-10-16 07:50:00,2022-10-16 09:50:00,1,24
293615,293616,293640,2022-10-16 11:55:00,2022-10-16 12:00:00,2022-10-16 14:00:00,-1,24
293641,293642,293666,2022-10-16 14:05:00,2022-10-16 14:10:00,2022-10-16 16:10:00,1,24
293673,293674,293698,2022-10-16 16:45:00,2022-10-16 16:50:00,2022-10-16 18:50:00,-1,24
293701,293702,293726,2022-10-16 19:05:00,2022-10-16 19:10:00,2022-10-16 21:10:00,-1,24
293728,293729,293753,2022-10-16 21:20:00,2022-10-16 21:25:00,2022-10-16 23:25:00,1,24
293753,293754,293778,2022-10-16 23:25:00,2022-10-16 23:30:00,2022-10-17 01:30:00,-1,24
293794,293795,293819,2022-10-17 02:50:00,2022-10-17 02:55:00,2022-10-17 04:55:00,-1,24
293819,293820,293844,2022-10-17 04:55:00,2022-10-17 05:00:00,2022-10-17 07:00:00,1,24
293844,293845,293869,2022-10-17 07:00:00,2022-10-17 07:05:00,2022-10-17 09:05:00,-1,24
293899,293900,293924,2022-10-17 11:35:00,2022-10-17 11:40:00,2022-10-17 13:40:00,1,24
293941,293942,293966,2022-10-17 15:05:00,2022-10-17 15:10:00,2022-10-17 17:10:00,1,24
293988,293989,294013,2022-10-17 19:00:00,2022-10-17 19:05:00,2022-10-17 21:05:00,-1,24
294051,294052,294076,2022-10-18 00:15:00,2022-10-18 00:20:00,2022-10-18 02:20:00,-1,24
294080,294081,294105,2022-10-18 02:40:00,2022-10-18 02:45:00,2022-10-18 04:45:00,-1,24
294134,294135,294159,2022-10-18 07:10:00,2022-10-18 07:15:00,2022-10-18 09:15:00,1,24
294173,294174,294198,2022-10-18 10:25:00,2022-10-18 10:30:00,2022-10-18 12:30:00,-1,24
294206,294207,294231,2022-10-18 13:10:00,2022-10-18 13:15:00,2022-10-18 15:15:00,1,24
294257,294258,294282,2022-10-18 17:25:00,2022-10-18 17:30:00,2022-10-18 19:30:00,-1,24
294285,294286,294310,2022-10-18 19:45:00,2022-10-18 19:50:00,2022-10-18 21:50:00,1,24
294313,294314,294338,2022-10-18 22:05:00,2022-10-18 22:10:00,2022-10-19 00:10:00,1,24
294349,294350,294374,2022-10-19 01:05:00,2022-10-19 01:10:00,2022-10-19 03:10:00,-1,24
294376,294377,294401,2022-10-19 03:20:00,2022-10-19 03:25:00,2022-10-19 05:25:00,1,24
294407,294408,294432,2022-10-19 05:55:00,2022-10-19 06:00:00,2022-10-19 08:00:00,1,24
294445,294446,294470,2022-10-19 09:05:00,2022-10-19 09:10:00,2022-10-19 11:10:00,1,24
294472,294473,294497,2022-10-19 11:20:00,2022-10-19 11:25:00,2022-10-19 13:25:00,1,24
294522,294523,294547,2022-10-19 15:30:00,2022-10-19 15:35:00,2022-10-19 17:35:00,-1,24
294546,294547,294571,2022-10-19 17:30:00,2022-10-19 17:35:00,2022-10-19 19:35:00,-1,24
294584,294585,294609,2022-10-19 20:40:00,2022-10-19 20:45:00,2022-10-19 22:45:00,1,24
294614,294615,294639,2022-10-19 23:10:00,2022-10-19 23:15:00,2022-10-20 01:15:00,-1,24
294653,294654,294678,2022-10-20 02:25:00,2022-10-20 02:30:00,2022-10-20 04:30:00,1,24
294686,294687,294711,2022-10-20 05:10:00,2022-10-20 05:15:00,2022-10-20 07:15:00,1,24
294739,294740,294764,2022-10-20 09:35:00,2022-10-20 09:40:00,2022-10-20 11:40:00,1,24
294764,294765,294789,2022-10-20 11:40:00,2022-10-20 11:45:00,2022-10-20 13:45:00,1,24
294791,294792,294816,2022-10-20 13:55:00,2022-10-20 14:00:00,2022-10-20 16:00:00,1,24
294819,294820,294844,2022-10-20 16:15:00,2022-10-20 16:20:00,2022-10-20 18:20:00,-1,24
294847,294848,294872,2022-10-20 18:35:00,2022-10-20 18:40:00,2022-10-20 20:40:00,-1,24
294881,294882,294906,2022-10-20 21:25:00,2022-10-20 21:30:00,2022-10-20 23:30:00,1,24
294906,294907,294931,2022-10-20 23:30:00,2022-10-20 23:35:00,2022-10-21 01:35:00,-1,24
294937,294938,294962,2022-10-21 02:05:00,2022-10-21 02:10:00,2022-10-21 04:10:00,-1,24
294966,294967,294991,2022-10-21 04:30:00,2022-10-21 04:35:00,2022-10-21 06:35:00,-1,24
295001,295002,295026,2022-10-21 07:25:00,2022-10-21 07:30:00,2022-10-21 09:30:00,1,24
295026,295027,295051,2022-10-21 09:30:00,2022-10-21 09:35:00,2022-10-21 11:35:00,-1,24
295056,295057,295081,2022-10-21 12:00:00,2022-10-21 12:05:00,2022-10-21 14:05:00,-1,24
295087,295088,295112,2022-10-21 14:35:00,2022-10-21 14:40:00,2022-10-21 16:40:00,-1,24
295112,295113,295137,2022-10-21 16:40:00,2022-10-21 16:45:00,2022-10-21 18:45:00,-1,24
295136,295137,295161,2022-10-21 18:40:00,2022-10-21 18:45:00,2022-10-21 20:45:00,-1,24
295166,295167,295191,2022-10-21 21:10:00,2022-10-21 21:15:00,2022-10-21 23:15:00,1,24
295191,295192,295216,2022-10-21 23:15:00,2022-10-21 23:20:00,2022-10-22 01:20:00,1,24
295216,295217,295241,2022-10-22 01:20:00,2022-10-22 01:25:00,2022-10-22 03:25:00,1,24
295241,295242,295266,2022-10-22 03:25:00,2022-10-22 03:30:00,2022-10-22 05:30:00,-1,24
295265,295266,295290,2022-10-22 05:25:00,2022-10-22 05:30:00,2022-10-22 07:30:00,-1,24
295293,295294,295318,2022-10-22 07:45:00,2022-10-22 07:50:00,2022-10-22 09:50:00,1,24
295331,295332,295356,2022-10-22 10:55:00,2022-10-22 11:00:00,2022-10-22 13:00:00,1,24
295366,295367,295391,2022-10-22 13:50:00,2022-10-22 13:55:00,2022-10-22 15:55:00,1,24
295397,295398,295422,2022-10-22 16:25:00,2022-10-22 16:30:00,2022-10-22 18:30:00,1,24
295428,295429,295453,2022-10-22 19:00:00,2022-10-22 19:05:00,2022-10-22 21:05:00,1,24
295455,295456,295480,2022-10-22 21:15:00,2022-10-22 21:20:00,2022-10-22 23:20:00,-1,24
295499,295500,295524,2022-10-23 00:55:00,2022-10-23 01:00:00,2022-10-23 03:00:00,-1,24
295530,295531,295555,2022-10-23 03:30:00,2022-10-23 03:35:00,2022-10-23 05:35:00,1,24
295558,295559,295583,2022-10-23 05:50:00,2022-10-23 05:55:00,2022-10-23 07:55:00,1,24
295586,295587,295611,2022-10-23 08:10:00,2022-10-23 08:15:00,2022-10-23 10:15:00,1,24
295613,295614,295638,2022-10-23 10:25:00,2022-10-23 10:30:00,2022-10-23 12:30:00,-1,24
295654,295655,295679,2022-10-23 13:50:00,2022-10-23 13:55:00,2022-10-23 15:55:00,1,24
295696,295697,295721,2022-10-23 17:20:00,2022-10-23 17:25:00,2022-10-23 19:25:00,1,24
295720,295721,295745,2022-10-23 19:20:00,2022-10-23 19:25:00,2022-10-23 21:25:00,-1,24
295749,295750,295774,2022-10-23 21:45:00,2022-10-23 21:50:00,2022-10-23 23:50:00,-1,24
295778,295779,295803,2022-10-24 00:10:00,2022-10-24 00:15:00,2022-10-24 02:15:00,-1,24
295803,295804,295828,2022-10-24 02:15:00,2022-10-24 02:20:00,2022-10-24 04:20:00,1,24
295827,295828,295852,2022-10-24 04:15:00,2022-10-24 04:20:00,2022-10-24 06:20:00,-1,24
295864,295865,295889,2022-10-24 07:20:00,2022-10-24 07:25:00,2022-10-24 09:25:00,-1,24
295892,295893,295917,2022-10-24 09:40:00,2022-10-24 09:45:00,2022-10-24 11:45:00,-1,24
295935,295936,295960,2022-10-24 13:15:00,2022-10-24 13:20:00,2022-10-24 15:20:00,1,24
295965,295966,295990,2022-10-24 15:45:00,2022-10-24 15:50:00,2022-10-24 17:50:00,1,24
296011,296012,296036,2022-10-24 19:35:00,2022-10-24 19:40:00,2022-10-24 21:40:00,-1,24
296048,296049,296073,2022-10-24 22:40:00,2022-10-24 22:45:00,2022-10-25 00:45:00,-1,24
296083,296084,296108,2022-10-25 01:35:00,2022-10-25 01:40:00,2022-10-25 03:40:00,-1,24
296138,296139,296163,2022-10-25 06:10:00,2022-10-25 06:15:00,2022-10-25 08:15:00,1,24
296198,296199,296223,2022-10-25 11:10:00,2022-10-25 11:15:00,2022-10-25 13:15:00,-1,24
296224,296225,296249,2022-10-25 13:20:00,2022-10-25 13:25:00,2022-10-25 15:25:00,1,24
296260,296261,296285,2022-10-25 16:20:00,2022-10-25 16:25:00,2022-10-25 18:25:00,1,24
296299,296300,296324,2022-10-25 19:35:00,2022-10-25 19:40:00,2022-10-25 21:40:00,1,24
296326,296327,296351,2022-10-25 21:50:00,2022-10-25 21:55:00,2022-10-25 23:55:00,-1,24
296359,296360,296384,2022-10-26 00:35:00,2022-10-26 00:40:00,2022-10-26 02:40:00,-1,24
296384,296385,296409,2022-10-26 02:40:00,2022-10-26 02:45:00,2022-10-26 04:45:00,1,24
296429,296430,296454,2022-10-26 06:25:00,2022-10-26 06:30:00,2022-10-26 08:30:00,-1,24
296454,296455,296479,2022-10-26 08:30:00,2022-10-26 08:35:00,2022-10-26 10:35:00,1,24
296489,296490,296514,2022-10-26 11:25:00,2022-10-26 11:30:00,2022-10-26 13:30:00,1,24
296519,296520,296544,2022-10-26 13:55:00,2022-10-26 14:00:00,2022-10-26 16:00:00,1,24
296563,296564,296588,2022-10-26 17:35:00,2022-10-26 17:40:00,2022-10-26 19:40:00,1,24
296593,296594,296618,2022-10-26 20:05:00,2022-10-26 20:10:00,2022-10-26 22:10:00,1,24
296621,296622,296646,2022-10-26 22:25:00,2022-10-26 22:30:00,2022-10-27 00:30:00,-1,24
296656,296657,296681,2022-10-27 01:20:00,2022-10-27 01:25:00,2022-10-27 03:25:00,1,24
296687,296688,296712,2022-10-27 03:55:00,2022-10-27 04:00:00,2022-10-27 06:00:00,1,24
296714,296715,296739,2022-10-27 06:10:00,2022-10-27 06:15:00,2022-10-27 08:15:00,-1,24
296747,296748,296772,2022-10-27 08:55:00,2022-10-27 09:00:00,2022-10-27 11:00:00,-1,24
296785,296786,296810,2022-10-27 12:05:00,2022-10-27 12:10:00,2022-10-27 14:10:00,1,24
296828,296829,296853,2022-10-27 15:40:00,2022-10-27 15:45:00,2022-10-27 17:45:00,-1,24
296853,296854,296878,2022-10-27 17:45:00,2022-10-27 17:50:00,2022-10-27 19:50:00,1,24
296877,296878,296902,2022-10-27 19:45:00,2022-10-27 19:50:00,2022-10-27 21:50:00,-1,24
296906,296907,296931,2022-10-27 22:10:00,2022-10-27 22:15:00,2022-10-28 00:15:00,-1,24
296930,296931,296955,2022-10-28 00:10:00,2022-10-28 00:15:00,2022-10-28 02:15:00,-1,24
296954,296955,296979,2022-10-28 02:10:00,2022-10-28 02:15:00,2022-10-28 04:15:00,-1,24
296980,296981,297005,2022-10-28 04:20:00,2022-10-28 04:25:00,2022-10-28 06:25:00,1,24
297004,297005,297029,2022-10-28 06:20:00,2022-10-28 06:25:00,2022-10-28 08:25:00,-1,24
297035,297036,297060,2022-10-28 08:55:00,2022-10-28 09:00:00,2022-10-28 11:00:00,1,24
297060,297061,297085,2022-10-28 11:00:00,2022-10-28 11:05:00,2022-10-28 13:05:00,1,24
297102,297103,297127,2022-10-28 14:30:00,2022-10-28 14:35:00,2022-10-28 16:35:00,1,24
297142,297143,297167,2022-10-28 17:50:00,2022-10-28 17:55:00,2022-10-28 19:55:00,-1,24
297167,297168,297192,2022-10-28 19:55:00,2022-10-28 20:00:00,2022-10-28 22:00:00,-1,24
297195,297196,297220,2022-10-28 22:15:00,2022-10-28 22:20:00,2022-10-29 00:20:00,-1,24
297220,297221,297245,2022-10-29 00:20:00,2022-10-29 00:25:00,2022-10-29 02:25:00,1,24
297251,297252,297276,2022-10-29 02:55:00,2022-10-29 03:00:00,2022-10-29 05:00:00,1,24
297291,297292,297316,2022-10-29 06:15:00,2022-10-29 06:20:00,2022-10-29 08:20:00,1,24
297323,297324,297348,2022-10-29 08:55:00,2022-10-29 09:00:00,2022-10-29 11:00:00,1,24
297375,297376,297400,2022-10-29 13:15:00,2022-10-29 13:20:00,2022-10-29 15:20:00,1,24
297405,297406,297430,2022-10-29 15:45:00,2022-10-29 15:50:00,2022-10-29 17:50:00,1,24
297444,297445,297469,2022-10-29 19:00:00,2022-10-29 19:05:00,2022-10-29 21:05:00,1,24
297469,297470,297494,2022-10-29 21:05:00,2022-10-29 21:10:00,2022-10-29 23:10:00,-1,24
297493,297494,297518,2022-10-29 23:05:00,2022-10-29 23:10:00,2022-10-30 01:10:00,-1,24
297539,297540,297564,2022-10-30 02:55:00,2022-10-30 03:00:00,2022-10-30 05:00:00,1,24
297569,297570,297594,2022-10-30 05:25:00,2022-10-30 05:30:00,2022-10-30 07:30:00,1,24
297605,297606,297630,2022-10-30 08:25:00,2022-10-30 08:30:00,2022-10-30 10:30:00,1,24
297634,297635,297659,2022-10-30 10:50:00,2022-10-30 10:55:00,2022-10-30 12:55:00,-1,24
297663,297664,297688,2022-10-30 13:15:00,2022-10-30 13:20:00,2022-10-30 15:20:00,1,24
297687,297688,297712,2022-10-30 15:15:00,2022-10-30 15:20:00,2022-10-30 17:20:00,1,24
297712,297713,297737,2022-10-30 17:20:00,2022-10-30 17:25:00,2022-10-30 19:25:00,1,24
297737,297738,297762,2022-10-30 19:25:00,2022-10-30 19:30:00,2022-10-30 21:30:00,1,24
297784,297785,297809,2022-10-30 23:20:00,2022-10-30 23:25:00,2022-10-31 01:25:00,1,24
297808,297809,297833,2022-10-31 01:20:00,2022-10-31 01:25:00,2022-10-31 03:25:00,-1,24
297839,297840,297864,2022-10-31 03:55:00,2022-10-31 04:00:00,2022-10-31 06:00:00,1,24
297864,297865,297889,2022-10-31 06:00:00,2022-10-31 06:05:00,2022-10-31 08:05:00,1,24
297893,297894,297918,2022-10-31 08:25:00,2022-10-31 08:30:00,2022-10-31 10:30:00,1,24
297939,297940,297964,2022-10-31 12:15:00,2022-10-31 12:20:00,2022-10-31 14:20:00,-1,24
297971,297972,297996,2022-10-31 14:55:00,2022-10-31 15:00:00,2022-10-31 17:00:00,-1,24
298001,298002,298026,2022-10-31 17:25:00,2022-10-31 17:30:00,2022-10-31 19:30:00,-1,24
298025,298026,298050,2022-10-31 19:25:00,2022-10-31 19:30:00,2022-10-31 21:30:00,-1,24
298057,298058,298082,2022-10-31 22:05:00,2022-10-31 22:10:00,2022-11-01 00:10:00,-1,24
298095,298096,298120,2022-11-01 01:15:00,2022-11-01 01:20:00,2022-11-01 03:20:00,1,24
298120,298121,298145,2022-11-01 03:20:00,2022-11-01 03:25:00,2022-11-01 05:25:00,-1,24
298168,298169,298193,2022-11-01 07:20:00,2022-11-01 07:25:00,2022-11-01 09:25:00,1,24
298219,298220,298244,2022-11-01 11:35:00,2022-11-01 11:40:00,2022-11-01 13:40:00,1,24
298246,298247,298271,2022-11-01 13:50:00,2022-11-01 13:55:00,2022-11-01 15:55:00,-1,24
298280,298281,298305,2022-11-01 16:40:00,2022-11-01 16:45:00,2022-11-01 18:45:00,-1,24
298307,298308,298332,2022-11-01 18:55:00,2022-11-01 19:00:00,2022-11-01 21:00:00,-1,24
298335,298336,298360,2022-11-01 21:15:00,2022-11-01 21:20:00,2022-11-01 23:20:00,1,24
298360,298361,298385,2022-11-01 23:20:00,2022-11-01 23:25:00,2022-11-02 01:25:00,1,24
298386,298387,298411,2022-11-02 01:30:00,2022-11-02 01:35:00,2022-11-02 03:35:00,1,24
298413,298414,298438,2022-11-02 03:45:00,2022-11-02 03:50:00,2022-11-02 05:50:00,1,24
298441,298442,298466,2022-11-02 06:05:00,2022-11-02 06:10:00,2022-11-02 08:10:00,1,24
298472,298473,298497,2022-11-02 08:40:00,2022-11-02 08:45:00,2022-11-02 10:45:00,-1,24
298503,298504,298528,2022-11-02 11:15:00,2022-11-02 11:20:00,2022-11-02 13:20:00,1,24
298528,298529,298553,2022-11-02 13:20:00,2022-11-02 13:25:00,2022-11-02 15:25:00,-1,24
298554,298555,298579,2022-11-02 15:30:00,2022-11-02 15:35:00,2022-11-02 17:35:00,-1,24
298598,298599,298623,2022-11-02 19:10:00,2022-11-02 19:15:00,2022-11-02 21:15:00,1,24
298624,298625,298649,2022-11-02 21:20:00,2022-11-02 21:25:00,2022-11-02 23:25:00,1,24
298650,298651,298675,2022-11-02 23:30:00,2022-11-02 23:35:00,2022-11-03 01:35:00,-1,24
298675,298676,298700,2022-11-03 01:35:00,2022-11-03 01:40:00,2022-11-03 03:40:00,-1,24
298701,298702,298726,2022-11-03 03:45:00,2022-11-03 03:50:00,2022-11-03 05:50:00,1,24
298728,298729,298753,2022-11-03 06:00:00,2022-11-03 06:05:00,2022-11-03 08:05:00,1,24
298789,298790,298814,2022-11-03 11:05:00,2022-11-03 11:10:00,2022-11-03 13:10:00,-1,24
298817,298818,298842,2022-11-03 13:25:00,2022-11-03 13:30:00,2022-11-03 15:30:00,-1,24
298842,298843,298867,2022-11-03 15:30:00,2022-11-03 15:35:00,2022-11-03 17:35:00,1,24
298867,298868,298892,2022-11-03 17:35:00,2022-11-03 17:40:00,2022-11-03 19:40:00,1,24
298892,298893,298917,2022-11-03 19:40:00,2022-11-03 19:45:00,2022-11-03 21:45:00,-1,24
298922,298923,298947,2022-11-03 22:10:00,2022-11-03 22:15:00,2022-11-04 00:15:00,1,24
298951,298952,298976,2022-11-04 00:35:00,2022-11-04 00:40:00,2022-11-04 02:40:00,1,24
298981,298982,299006,2022-11-04 03:05:00,2022-11-04 03:10:00,2022-11-04 05:10:00,-1,24
299008,299009,299033,2022-11-04 05:20:00,2022-11-04 05:25:00,2022-11-04 07:25:00,-1,24
299039,299040,299064,2022-11-04 07:55:00,2022-11-04 08:00:00,2022-11-04 10:00:00,-1,24
299079,299080,299104,2022-11-04 11:15:00,2022-11-04 11:20:00,2022-11-04 13:20:00,1,24
299111,299112,299136,2022-11-04 13:55:00,2022-11-04 14:00:00,2022-11-04 16:00:00,-1,24
299141,299142,299166,2022-11-04 16:25:00,2022-11-04 16:30:00,2022-11-04 18:30:00,-1,24
299173,299174,299198,2022-11-04 19:05:00,2022-11-04 19:10:00,2022-11-04 21:10:00,1,24
299203,299204,299228,2022-11-04 21:35:00,2022-11-04 21:40:00,2022-11-04 23:40:00,1,24
299227,299228,299252,2022-11-04 23:35:00,2022-11-04 23:40:00,2022-11-05 01:40:00,1,24
299321,299322,299346,2022-11-05 07:25:00,2022-11-05 07:30:00,2022-11-05 09:30:00,1,24
299372,299373,299397,2022-11-05 11:40:00,2022-11-05 11:45:00,2022-11-05 13:45:00,-1,24
299426,299427,299451,2022-11-05 16:10:00,2022-11-05 16:15:00,2022-11-05 18:15:00,1,24
299485,299486,299510,2022-11-05 21:05:00,2022-11-05 21:10:00,2022-11-05 23:10:00,-1,24
299510,299511,299535,2022-11-05 23:10:00,2022-11-05 23:15:00,2022-11-06 01:15:00,1,24
299535,299536,299560,2022-11-06 01:15:00,2022-11-06 01:20:00,2022-11-06 03:20:00,1,24
299560,299561,299585,2022-11-06 03:20:00,2022-11-06 03:25:00,2022-11-06 05:25:00,-1,24
299600,299601,299625,2022-11-06 06:40:00,2022-11-06 06:45:00,2022-11-06 08:45:00,1,24
299628,299629,299653,2022-11-06 09:00:00,2022-11-06 09:05:00,2022-11-06 11:05:00,-1,24
299683,299684,299708,2022-11-06 13:35:00,2022-11-06 13:40:00,2022-11-06 15:40:00,-1,24
299719,299720,299744,2022-11-06 16:35:00,2022-11-06 16:40:00,2022-11-06 18:40:00,-1,24
299743,299744,299768,2022-11-06 18:35:00,2022-11-06 18:40:00,2022-11-06 20:40:00,-1,24
299792,299793,299817,2022-11-06 22:40:00,2022-11-06 22:45:00,2022-11-07 00:45:00,-1,24
299818,299819,299843,2022-11-07 00:50:00,2022-11-07 00:55:00,2022-11-07 02:55:00,1,24
299843,299844,299868,2022-11-07 02:55:00,2022-11-07 03:00:00,2022-11-07 05:00:00,1,24
299870,299871,299895,2022-11-07 05:10:00,2022-11-07 05:15:00,2022-11-07 07:15:00,1,24
299907,299908,299932,2022-11-07 08:15:00,2022-11-07 08:20:00,2022-11-07 10:20:00,-1,24
299946,299947,299971,2022-11-07 11:30:00,2022-11-07 11:35:00,2022-11-07 13:35:00,-1,24
299975,299976,300000,2022-11-07 13:55:00,2022-11-07 14:00:00,2022-11-07 16:00:00,-1,24
300021,300022,300046,2022-11-07 17:45:00,2022-11-07 17:50:00,2022-11-07 19:50:00,1,24
300085,300086,300110,2022-11-07 23:05:00,2022-11-07 23:10:00,2022-11-08 01:10:00,1,24
300118,300119,300143,2022-11-08 01:50:00,2022-11-08 01:55:00,2022-11-08 03:55:00,-1,24
300152,300153,300177,2022-11-08 04:40:00,2022-11-08 04:45:00,2022-11-08 06:45:00,-1,24
300196,300197,300221,2022-11-08 08:20:00,2022-11-08 08:25:00,2022-11-08 10:25:00,-1,24
300243,300244,300268,2022-11-08 12:15:00,2022-11-08 12:20:00,2022-11-08 14:20:00,1,24
300282,300283,300307,2022-11-08 15:30:00,2022-11-08 15:35:00,2022-11-08 17:35:00,-1,24
300341,300342,300366,2022-11-08 20:25:00,2022-11-08 20:30:00,2022-11-08 22:30:00,-1,24
300376,300377,300401,2022-11-08 23:20:00,2022-11-08 23:25:00,2022-11-09 01:25:00,-1,24
300409,300410,300434,2022-11-09 02:05:00,2022-11-09 02:10:00,2022-11-09 04:10:00,-1,24
300437,300438,300462,2022-11-09 04:25:00,2022-11-09 04:30:00,2022-11-09 06:30:00,1,24
300469,300470,300494,2022-11-09 07:05:00,2022-11-09 07:10:00,2022-11-09 09:10:00,1,24
300519,300520,300544,2022-11-09 11:15:00,2022-11-09 11:20:00,2022-11-09 13:20:00,-1,24
300543,300544,300568,2022-11-09 13:15:00,2022-11-09 13:20:00,2022-11-09 15:20:00,-1,24
300569,300570,300594,2022-11-09 15:25:00,2022-11-09 15:30:00,2022-11-09 17:30:00,-1,24
300614,300615,300639,2022-11-09 19:10:00,2022-11-09 19:15:00,2022-11-09 21:15:00,-1,24
300677,300678,300702,2022-11-10 00:25:00,2022-11-10 00:30:00,2022-11-10 02:30:00,-1,24
300702,300703,300727,2022-11-10 02:30:00,2022-11-10 02:35:00,2022-11-10 04:35:00,-1,24
300727,300728,300752,2022-11-10 04:35:00,2022-11-10 04:40:00,2022-11-10 06:40:00,-1,24
300756,300757,300781,2022-11-10 07:00:00,2022-11-10 07:05:00,2022-11-10 09:05:00,-1,24
300796,300797,300821,2022-11-10 10:20:00,2022-11-10 10:25:00,2022-11-10 12:25:00,-1,24
300824,300825,300849,2022-11-10 12:40:00,2022-11-10 12:45:00,2022-11-10 14:45:00,-1,24
300860,300861,300885,2022-11-10 15:40:00,2022-11-10 15:45:00,2022-11-10 17:45:00,-1,24
300884,300885,300909,2022-11-10 17:40:00,2022-11-10 17:45:00,2022-11-10 19:45:00,-1,24
300908,300909,300933,2022-11-10 19:40:00,2022-11-10 19:45:00,2022-11-10 21:45:00,-1,24
300936,300937,300961,2022-11-10 22:00:00,2022-11-10 22:05:00,2022-11-11 00:05:00,1,24
300964,300965,300989,2022-11-11 00:20:00,2022-11-11 00:25:00,2022-11-11 02:25:00,-1,24
300990,300991,301015,2022-11-11 02:30:00,2022-11-11 02:35:00,2022-11-11 04:35:00,1,24
301017,301018,301042,2022-11-11 04:45:00,2022-11-11 04:50:00,2022-11-11 06:50:00,1,24
301042,301043,301067,2022-11-11 06:50:00,2022-11-11 06:55:00,2022-11-11 08:55:00,1,24
301072,301073,301097,2022-11-11 09:20:00,2022-11-11 09:25:00,2022-11-11 11:25:00,-1,24
301102,301103,301127,2022-11-11 11:50:00,2022-11-11 11:55:00,2022-11-11 13:55:00,-1,24
301129,301130,301154,2022-11-11 14:05:00,2022-11-11 14:10:00,2022-11-11 16:10:00,1,24
301165,301166,301190,2022-11-11 17:05:00,2022-11-11 17:10:00,2022-11-11 19:10:00,1,24
301202,301203,301227,2022-11-11 20:10:00,2022-11-11 20:15:00,2022-11-11 22:15:00,-1,24
301237,301238,301262,2022-11-11 23:05:00,2022-11-11 23:10:00,2022-11-12 01:10:00,1,24
301261,301262,301286,2022-11-12 01:05:00,2022-11-12 01:10:00,2022-11-12 03:10:00,1,24
301285,301286,301310,2022-11-12 03:05:00,2022-11-12 03:10:00,2022-11-12 05:10:00,1,24
301312,301313,301337,2022-11-12 05:20:00,2022-11-12 05:25:00,2022-11-12 07:25:00,-1,24
301339,301340,301364,2022-11-12 07:35:00,2022-11-12 07:40:00,2022-11-12 09:40:00,-1,24
301377,301378,301402,2022-11-12 10:45:00,2022-11-12 10:50:00,2022-11-12 12:50:00,1,24
301402,301403,301427,2022-11-12 12:50:00,2022-11-12 12:55:00,2022-11-12 14:55:00,1,24
301435,301436,301460,2022-11-12 15:35:00,2022-11-12 15:40:00,2022-11-12 17:40:00,1,24
301460,301461,301485,2022-11-12 17:40:00,2022-11-12 17:45:00,2022-11-12 19:45:00,1,24
301487,301488,301512,2022-11-12 19:55:00,2022-11-12 20:00:00,2022-11-12 22:00:00,1,24
301511,301512,301536,2022-11-12 21:55:00,2022-11-12 22:00:00,2022-11-13 00:00:00,1,24
301535,301536,301560,2022-11-12 23:55:00,2022-11-13 00:00:00,2022-11-13 02:00:00,1,24
301559,301560,301584,2022-11-13 01:55:00,2022-11-13 02:00:00,2022-11-13 04:00:00,1,24
301584,301585,301609,2022-11-13 04:00:00,2022-11-13 04:05:00,2022-11-13 06:05:00,1,24
301609,301610,301634,2022-11-13 06:05:00,2022-11-13 06:10:00,2022-11-13 08:10:00,1,24
301636,301637,301661,2022-11-13 08:20:00,2022-11-13 08:25:00,2022-11-13 10:25:00,1,24
301665,301666,301690,2022-11-13 10:45:00,2022-11-13 10:50:00,2022-11-13 12:50:00,-1,24
301692,301693,301717,2022-11-13 13:00:00,2022-11-13 13:05:00,2022-11-13 15:05:00,1,24
301735,301736,301760,2022-11-13 16:35:00,2022-11-13 16:40:00,2022-11-13 18:40:00,1,24
301759,301760,301784,2022-11-13 18:35:00,2022-11-13 18:40:00,2022-11-13 20:40:00,-1,24
301783,301784,301808,2022-11-13 20:35:00,2022-11-13 20:40:00,2022-11-13 22:40:00,1,24
301807,301808,301832,2022-11-13 22:35:00,2022-11-13 22:40:00,2022-11-14 00:40:00,-1,24
301832,301833,301857,2022-11-14 00:40:00,2022-11-14 00:45:00,2022-11-14 02:45:00,-1,24
301858,301859,301883,2022-11-14 02:50:00,2022-11-14 02:55:00,2022-11-14 04:55:00,-1,24
301882,301883,301907,2022-11-14 04:50:00,2022-11-14 04:55:00,2022-11-14 06:55:00,1,24
301912,301913,301937,2022-11-14 07:20:00,2022-11-14 07:25:00,2022-11-14 09:25:00,-1,24
301937,301938,301962,2022-11-14 09:25:00,2022-11-14 09:30:00,2022-11-14 11:30:00,-1,24
301963,301964,301988,2022-11-14 11:35:00,2022-11-14 11:40:00,2022-11-14 13:40:00,1,24
302002,302003,302027,2022-11-14 14:50:00,2022-11-14 14:55:00,2022-11-14 16:55:00,-1,24
302031,302032,302056,2022-11-14 17:15:00,2022-11-14 17:20:00,2022-11-14 19:20:00,1,24
302059,302060,302084,2022-11-14 19:35:00,2022-11-14 19:40:00,2022-11-14 21:40:00,1,24
302084,302085,302109,2022-11-14 21:40:00,2022-11-14 21:45:00,2022-11-14 23:45:00,-1,24
302112,302113,302137,2022-11-15 00:00:00,2022-11-15 00:05:00,2022-11-15 02:05:00,-1,24
302137,302138,302162,2022-11-15 02:05:00,2022-11-15 02:10:00,2022-11-15 04:10:00,-1,24
302166,302167,302191,2022-11-15 04:30:00,2022-11-15 04:35:00,2022-11-15 06:35:00,1,24
302190,302191,302215,2022-11-15 06:30:00,2022-11-15 06:35:00,2022-11-15 08:35:00,-1,24
302214,302215,302239,2022-11-15 08:30:00,2022-11-15 08:35:00,2022-11-15 10:35:00,1,24
302241,302242,302266,2022-11-15 10:45:00,2022-11-15 10:50:00,2022-11-15 12:50:00,1,24
302265,302266,302290,2022-11-15 12:45:00,2022-11-15 12:50:00,2022-11-15 14:50:00,1,24
302295,302296,302320,2022-11-15 15:15:00,2022-11-15 15:20:00,2022-11-15 17:20:00,-1,24
302319,302320,302344,2022-11-15 17:15:00,2022-11-15 17:20:00,2022-11-15 19:20:00,1,24
302343,302344,302368,2022-11-15 19:15:00,2022-11-15 19:20:00,2022-11-15 21:20:00,-1,24
302371,302372,302396,2022-11-15 21:35:00,2022-11-15 21:40:00,2022-11-15 23:40:00,-1,24
302395,302396,302420,2022-11-15 23:35:00,2022-11-15 23:40:00,2022-11-16 01:40:00,1,24
302419,302420,302444,2022-11-16 01:35:00,2022-11-16 01:40:00,2022-11-16 03:40:00,-1,24
302458,302459,302483,2022-11-16 04:50:00,2022-11-16 04:55:00,2022-11-16 06:55:00,1,24
302491,302492,302516,2022-11-16 07:35:00,2022-11-16 07:40:00,2022-11-16 09:40:00,1,24
302516,302517,302541,2022-11-16 09:40:00,2022-11-16 09:45:00,2022-11-16 11:45:00,1,24
302548,302549,302573,2022-11-16 12:20:00,2022-11-16 12:25:00,2022-11-16 14:25:00,-1,24
302577,302578,302602,2022-11-16 14:45:00,2022-11-16 14:50:00,2022-11-16 16:50:00,-1,24
302601,302602,302626,2022-11-16 16:45:00,2022-11-16 16:50:00,2022-11-16 18:50:00,-1,24
302626,302627,302651,2022-11-16 18:50:00,2022-11-16 18:55:00,2022-11-16 20:55:00,-1,24
302650,302651,302675,2022-11-16 20:50:00,2022-11-16 20:55:00,2022-11-16 22:55:00,-1,24
302684,302685,302709,2022-11-16 23:40:00,2022-11-16 23:45:00,2022-11-17 01:45:00,-1,24
302709,302710,302734,2022-11-17 01:45:00,2022-11-17 01:50:00,2022-11-17 03:50:00,1,24
302737,302738,302762,2022-11-17 04:05:00,2022-11-17 04:10:00,2022-11-17 06:10:00,-1,24
302761,302762,302786,2022-11-17 06:05:00,2022-11-17 06:10:00,2022-11-17 08:10:00,1,24
302790,302791,302815,2022-11-17 08:30:00,2022-11-17 08:35:00,2022-11-17 10:35:00,-1,24
302824,302825,302849,2022-11-17 11:20:00,2022-11-17 11:25:00,2022-11-17 13:25:00,1,24
302855,302856,302880,2022-11-17 13:55:00,2022-11-17 14:00:00,2022-11-17 16:00:00,-1,24
302884,302885,302909,2022-11-17 16:20:00,2022-11-17 16:25:00,2022-11-17 18:25:00,1,24
302909,302910,302934,2022-11-17 18:25:00,2022-11-17 18:30:00,2022-11-17 20:30:00,1,24
302941,302942,302966,2022-11-17 21:05:00,2022-11-17 21:10:00,2022-11-17 23:10:00,1,24
302967,302968,302992,2022-11-17 23:15:00,2022-11-17 23:20:00,2022-11-18 01:20:00,1,24
303011,303012,303036,2022-11-18 02:55:00,2022-11-18 03:00:00,2022-11-18 05:00:00,1,24
303035,303036,303060,2022-11-18 04:55:00,2022-11-18 05:00:00,2022-11-18 07:00:00,1,24
303060,303061,303085,2022-11-18 07:00:00,2022-11-18 07:05:00,2022-11-18 09:05:00,-1,24
303086,303087,303111,2022-11-18 09:10:00,2022-11-18 09:15:00,2022-11-18 11:15:00,-1,24
303111,303112,303136,2022-11-18 11:15:00,2022-11-18 11:20:00,2022-11-18 13:20:00,-1,24
303139,303140,303164,2022-11-18 13:35:00,2022-11-18 13:40:00,2022-11-18 15:40:00,-1,24
303170,303171,303195,2022-11-18 16:10:00,2022-11-18 16:15:00,2022-11-18 18:15:00,-1,24
303201,303202,303226,2022-11-18 18:45:00,2022-11-18 18:50:00,2022-11-18 20:50:00,-1,24
303232,303233,303257,2022-11-18 21:20:00,2022-11-18 21:25:00,2022-11-18 23:25:00,1,24
303260,303261,303285,2022-11-18 23:40:00,2022-11-18 23:45:00,2022-11-19 01:45:00,1,24
303333,303334,303358,2022-11-19 05:45:00,2022-11-19 05:50:00,2022-11-19 07:50:00,-1,24
303393,303394,303418,2022-11-19 10:45:00,2022-11-19 10:50:00,2022-11-19 12:50:00,1,24
303429,303430,303454,2022-11-19 13:45:00,2022-11-19 13:50:00,2022-11-19 15:50:00,1,24
303455,303456,303480,2022-11-19 15:55:00,2022-11-19 16:00:00,2022-11-19 18:00:00,-1,24
303483,303484,303508,2022-11-19 18:15:00,2022-11-19 18:20:00,2022-11-19 20:20:00,1,24
303512,303513,303537,2022-11-19 20:40:00,2022-11-19 20:45:00,2022-11-19 22:45:00,1,24
303539,303540,303564,2022-11-19 22:55:00,2022-11-19 23:00:00,2022-11-20 01:00:00,-1,24
303574,303575,303599,2022-11-20 01:50:00,2022-11-20 01:55:00,2022-11-20 03:55:00,1,24
303607,303608,303632,2022-11-20 04:35:00,2022-11-20 04:40:00,2022-11-20 06:40:00,-1,24
303636,303637,303661,2022-11-20 07:00:00,2022-11-20 07:05:00,2022-11-20 09:05:00,-1,24
303663,303664,303688,2022-11-20 09:15:00,2022-11-20 09:20:00,2022-11-20 11:20:00,1,24
303688,303689,303713,2022-11-20 11:20:00,2022-11-20 11:25:00,2022-11-20 13:25:00,-1,24
303723,303724,303748,2022-11-20 14:15:00,2022-11-20 14:20:00,2022-11-20 16:20:00,1,24
303755,303756,303780,2022-11-20 16:55:00,2022-11-20 17:00:00,2022-11-20 19:00:00,-1,24
303781,303782,303806,2022-11-20 19:05:00,2022-11-20 19:10:00,2022-11-20 21:10:00,1,24
303822,303823,303847,2022-11-20 22:30:00,2022-11-20 22:35:00,2022-11-21 00:35:00,1,24
303846,303847,303871,2022-11-21 00:30:00,2022-11-21 00:35:00,2022-11-21 02:35:00,1,24
303874,303875,303899,2022-11-21 02:50:00,2022-11-21 02:55:00,2022-11-21 04:55:00,-1,24
303904,303905,303929,2022-11-21 05:20:00,2022-11-21 05:25:00,2022-11-21 07:25:00,-1,24
303935,303936,303960,2022-11-21 07:55:00,2022-11-21 08:00:00,2022-11-21 10:00:00,-1,24
303965,303966,303990,2022-11-21 10:25:00,2022-11-21 10:30:00,2022-11-21 12:30:00,-1,24
303992,303993,304017,2022-11-21 12:40:00,2022-11-21 12:45:00,2022-11-21 14:45:00,-1,24
304025,304026,304050,2022-11-21 15:25:00,2022-11-21 15:30:00,2022-11-21 17:30:00,-1,24
304055,304056,304080,2022-11-21 17:55:00,2022-11-21 18:00:00,2022-11-21 20:00:00,1,24
304090,304091,304115,2022-11-21 20:50:00,2022-11-21 20:55:00,2022-11-21 22:55:00,1,24
304121,304122,304146,2022-11-21 23:25:00,2022-11-21 23:30:00,2022-11-22 01:30:00,-1,24
304152,304153,304177,2022-11-22 02:00:00,2022-11-22 02:05:00,2022-11-22 04:05:00,-1,24
304182,304183,304207,2022-11-22 04:30:00,2022-11-22 04:35:00,2022-11-22 06:35:00,-1,24
304208,304209,304233,2022-11-22 06:40:00,2022-11-22 06:45:00,2022-11-22 08:45:00,1,24
304239,304240,304264,2022-11-22 09:15:00,2022-11-22 09:20:00,2022-11-22 11:20:00,-1,24
304268,304269,304293,2022-11-22 11:40:00,2022-11-22 11:45:00,2022-11-22 13:45:00,-1,24
304302,304303,304327,2022-11-22 14:30:00,2022-11-22 14:35:00,2022-11-22 16:35:00,1,24
304327,304328,304352,2022-11-22 16:35:00,2022-11-22 16:40:00,2022-11-22 18:40:00,1,24
304359,304360,304384,2022-11-22 19:15:00,2022-11-22 19:20:00,2022-11-22 21:20:00,-1,24
304389,304390,304414,2022-11-22 21:45:00,2022-11-22 21:50:00,2022-11-22 23:50:00,1,24
304415,304416,304440,2022-11-22 23:55:00,2022-11-23 00:00:00,2022-11-23 02:00:00,1,24
304439,304440,304464,2022-11-23 01:55:00,2022-11-23 02:00:00,2022-11-23 04:00:00,1,24
304470,304471,304495,2022-11-23 04:30:00,2022-11-23 04:35:00,2022-11-23 06:35:00,1,24
304503,304504,304528,2022-11-23 07:15:00,2022-11-23 07:20:00,2022-11-23 09:20:00,1,24
304530,304531,304555,2022-11-23 09:30:00,2022-11-23 09:35:00,2022-11-23 11:35:00,1,24
304566,304567,304591,2022-11-23 12:30:00,2022-11-23 12:35:00,2022-11-23 14:35:00,1,24
304591,304592,304616,2022-11-23 14:35:00,2022-11-23 14:40:00,2022-11-23 16:40:00,-1,24
304615,304616,304640,2022-11-23 16:35:00,2022-11-23 16:40:00,2022-11-23 18:40:00,1,24
304653,304654,304678,2022-11-23 19:45:00,2022-11-23 19:50:00,2022-11-23 21:50:00,1,24
304677,304678,304702,2022-11-23 21:45:00,2022-11-23 21:50:00,2022-11-23 23:50:00,-1,24
304707,304708,304732,2022-11-24 00:15:00,2022-11-24 00:20:00,2022-11-24 02:20:00,1,24
304733,304734,304758,2022-11-24 02:25:00,2022-11-24 02:30:00,2022-11-24 04:30:00,1,24
304758,304759,304783,2022-11-24 04:30:00,2022-11-24 04:35:00,2022-11-24 06:35:00,-1,24
304790,304791,304815,2022-11-24 07:10:00,2022-11-24 07:15:00,2022-11-24 09:15:00,1,24
304816,304817,304841,2022-11-24 09:20:00,2022-11-24 09:25:00,2022-11-24 11:25:00,1,24
304844,304845,304869,2022-11-24 11:40:00,2022-11-24 11:45:00,2022-11-24 13:45:00,1,24
304880,304881,304905,2022-11-24 14:40:00,2022-11-24 14:45:00,2022-11-24 16:45:00,1,24
304911,304912,304936,2022-11-24 17:15:00,2022-11-24 17:20:00,2022-11-24 19:20:00,1,24
304943,304944,304968,2022-11-24 19:55:00,2022-11-24 20:00:00,2022-11-24 22:00:00,-1,24
304985,304986,305010,2022-11-24 23:25:00,2022-11-24 23:30:00,2022-11-25 01:30:00,1,24
305009,305010,305034,2022-11-25 01:25:00,2022-11-25 01:30:00,2022-11-25 03:30:00,-1,24
305056,305057,305081,2022-11-25 05:20:00,2022-11-25 05:25:00,2022-11-25 07:25:00,-1,24
305085,305086,305110,2022-11-25 07:45:00,2022-11-25 07:50:00,2022-11-25 09:50:00,-1,24
305115,305116,305140,2022-11-25 10:15:00,2022-11-25 10:20:00,2022-11-25 12:20:00,1,24
305143,305144,305168,2022-11-25 12:35:00,2022-11-25 12:40:00,2022-11-25 14:40:00,1,24
305173,305174,305198,2022-11-25 15:05:00,2022-11-25 15:10:00,2022-11-25 17:10:00,1,24
305197,305198,305222,2022-11-25 17:05:00,2022-11-25 17:10:00,2022-11-25 19:10:00,1,24
305222,305223,305247,2022-11-25 19:10:00,2022-11-25 19:15:00,2022-11-25 21:15:00,-1,24
305254,305255,305279,2022-11-25 21:50:00,2022-11-25 21:55:00,2022-11-25 23:55:00,-1,24
305278,305279,305303,2022-11-25 23:50:00,2022-11-25 23:55:00,2022-11-26 01:55:00,-1,24
305308,305309,305333,2022-11-26 02:20:00,2022-11-26 02:25:00,2022-11-26 04:25:00,1,24
305337,305338,305362,2022-11-26 04:45:00,2022-11-26 04:50:00,2022-11-26 06:50:00,-1,24
305364,305365,305389,2022-11-26 07:00:00,2022-11-26 07:05:00,2022-11-26 09:05:00,-1,24
305405,305406,305430,2022-11-26 10:25:00,2022-11-26 10:30:00,2022-11-26 12:30:00,-1,24
305450,305451,305475,2022-11-26 14:10:00,2022-11-26 14:15:00,2022-11-26 16:15:00,-1,24
305474,305475,305499,2022-11-26 16:10:00,2022-11-26 16:15:00,2022-11-26 18:15:00,1,24
305509,305510,305534,2022-11-26 19:05:00,2022-11-26 19:10:00,2022-11-26 21:10:00,1,24
305536,305537,305561,2022-11-26 21:20:00,2022-11-26 21:25:00,2022-11-26 23:25:00,-1,24
305561,305562,305586,2022-11-26 23:25:00,2022-11-26 23:30:00,2022-11-27 01:30:00,1,24
305586,305587,305611,2022-11-27 01:30:00,2022-11-27 01:35:00,2022-11-27 03:35:00,-1,24
305611,305612,305636,2022-11-27 03:35:00,2022-11-27 03:40:00,2022-11-27 05:40:00,1,24
305638,305639,305663,2022-11-27 05:50:00,2022-11-27 05:55:00,2022-11-27 07:55:00,1,24
305678,305679,305703,2022-11-27 09:10:00,2022-11-27 09:15:00,2022-11-27 11:15:00,1,24
305710,305711,305735,2022-11-27 11:50:00,2022-11-27 11:55:00,2022-11-27 13:55:00,-1,24
305734,305735,305759,2022-11-27 13:50:00,2022-11-27 13:55:00,2022-11-27 15:55:00,-1,24
305777,305778,305802,2022-11-27 17:25:00,2022-11-27 17:30:00,2022-11-27 19:30:00,1,24
305803,305804,305828,2022-11-27 19:35:00,2022-11-27 19:40:00,2022-11-27 21:40:00,1,24
305828,305829,305853,2022-11-27 21:40:00,2022-11-27 21:45:00,2022-11-27 23:45:00,1,24
305856,305857,305881,2022-11-28 00:00:00,2022-11-28 00:05:00,2022-11-28 02:05:00,-1,24
305883,305884,305908,2022-11-28 02:15:00,2022-11-28 02:20:00,2022-11-28 04:20:00,-1,24
305907,305908,305932,2022-11-28 04:15:00,2022-11-28 04:20:00,2022-11-28 06:20:00,1,24
305931,305932,305956,2022-11-28 06:15:00,2022-11-28 06:20:00,2022-11-28 08:20:00,1,24
305955,305956,305980,2022-11-28 08:15:00,2022-11-28 08:20:00,2022-11-28 10:20:00,1,24
305982,305983,306007,2022-11-28 10:30:00,2022-11-28 10:35:00,2022-11-28 12:35:00,1,24
306017,306018,306042,2022-11-28 13:25:00,2022-11-28 13:30:00,2022-11-28 15:30:00,-1,24
306044,306045,306069,2022-11-28 15:40:00,2022-11-28 15:45:00,2022-11-28 17:45:00,-1,24
306072,306073,306097,2022-11-28 18:00:00,2022-11-28 18:05:00,2022-11-28 20:05:00,1,24
306104,306105,306129,2022-11-28 20:40:00,2022-11-28 20:45:00,2022-11-28 22:45:00,-1,24
306134,306135,306159,2022-11-28 23:10:00,2022-11-28 23:15:00,2022-11-29 01:15:00,-1,24
306161,306162,306186,2022-11-29 01:25:00,2022-11-29 01:30:00,2022-11-29 03:30:00,1,24
306185,306186,306210,2022-11-29 03:25:00,2022-11-29 03:30:00,2022-11-29 05:30:00,-1,24
306212,306213,306237,2022-11-29 05:40:00,2022-11-29 05:45:00,2022-11-29 07:45:00,-1,24
306272,306273,306297,2022-11-29 10:40:00,2022-11-29 10:45:00,2022-11-29 12:45:00,-1,24
306297,306298,306322,2022-11-29 12:45:00,2022-11-29 12:50:00,2022-11-29 14:50:00,-1,24
306331,306332,306356,2022-11-29 15:35:00,2022-11-29 15:40:00,2022-11-29 17:40:00,1,24
306361,306362,306386,2022-11-29 18:05:00,2022-11-29 18:10:00,2022-11-29 20:10:00,1,24
306389,306390,306414,2022-11-29 20:25:00,2022-11-29 20:30:00,2022-11-29 22:30:00,-1,24
306430,306431,306455,2022-11-29 23:50:00,2022-11-29 23:55:00,2022-11-30 01:55:00,-1,24
306462,306463,306487,2022-11-30 02:30:00,2022-11-30 02:35:00,2022-11-30 04:35:00,1,24
306492,306493,306517,2022-11-30 05:00:00,2022-11-30 05:05:00,2022-11-30 07:05:00,-1,24
306522,306523,306547,2022-11-30 07:30:00,2022-11-30 07:35:00,2022-11-30 09:35:00,-1,24
306549,306550,306574,2022-11-30 09:45:00,2022-11-30 09:50:00,2022-11-30 11:50:00,-1,24
306599,306600,306624,2022-11-30 13:55:00,2022-11-30 14:00:00,2022-11-30 16:00:00,1,24
306648,306649,306673,2022-11-30 18:00:00,2022-11-30 18:05:00,2022-11-30 20:05:00,-1,24
306675,306676,306700,2022-11-30 20:15:00,2022-11-30 20:20:00,2022-11-30 22:20:00,-1,24
306699,306700,306724,2022-11-30 22:15:00,2022-11-30 22:20:00,2022-12-01 00:20:00,1,24
306724,306725,306749,2022-12-01 00:20:00,2022-12-01 00:25:00,2022-12-01 02:25:00,1,24
306749,306750,306774,2022-12-01 02:25:00,2022-12-01 02:30:00,2022-12-01 04:30:00,1,24
306781,306782,306806,2022-12-01 05:05:00,2022-12-01 05:10:00,2022-12-01 07:10:00,1,24
306812,306813,306837,2022-12-01 07:40:00,2022-12-01 07:45:00,2022-12-01 09:45:00,-1,24
306850,306851,306875,2022-12-01 10:50:00,2022-12-01 10:55:00,2022-12-01 12:55:00,1,24
306878,306879,306903,2022-12-01 13:10:00,2022-12-01 13:15:00,2022-12-01 15:15:00,1,24
306911,306912,306936,2022-12-01 15:55:00,2022-12-01 16:00:00,2022-12-01 18:00:00,1,24
306938,306939,306963,2022-12-01 18:10:00,2022-12-01 18:15:00,2022-12-01 20:15:00,1,24
306991,306992,307016,2022-12-01 22:35:00,2022-12-01 22:40:00,2022-12-02 00:40:00,-1,24
307024,307025,307049,2022-12-02 01:20:00,2022-12-02 01:25:00,2022-12-02 03:25:00,1,24
307051,307052,307076,2022-12-02 03:35:00,2022-12-02 03:40:00,2022-12-02 05:40:00,-1,24
307076,307077,307101,2022-12-02 05:40:00,2022-12-02 05:45:00,2022-12-02 07:45:00,1,24
307112,307113,307137,2022-12-02 08:40:00,2022-12-02 08:45:00,2022-12-02 10:45:00,1,24
307136,307137,307161,2022-12-02 10:40:00,2022-12-02 10:45:00,2022-12-02 12:45:00,1,24
307167,307168,307192,2022-12-02 13:15:00,2022-12-02 13:20:00,2022-12-02 15:20:00,1,24
307194,307195,307219,2022-12-02 15:30:00,2022-12-02 15:35:00,2022-12-02 17:35:00,-1,24
307225,307226,307250,2022-12-02 18:05:00,2022-12-02 18:10:00,2022-12-02 20:10:00,-1,24
307255,307256,307280,2022-12-02 20:35:00,2022-12-02 20:40:00,2022-12-02 22:40:00,1,24
307279,307280,307304,2022-12-02 22:35:00,2022-12-02 22:40:00,2022-12-03 00:40:00,1,24
307304,307305,307329,2022-12-03 00:40:00,2022-12-03 00:45:00,2022-12-03 02:45:00,1,24
307335,307336,307360,2022-12-03 03:15:00,2022-12-03 03:20:00,2022-12-03 05:20:00,-1,24
307362,307363,307387,2022-12-03 05:30:00,2022-12-03 05:35:00,2022-12-03 07:35:00,-1,24
307386,307387,307411,2022-12-03 07:30:00,2022-12-03 07:35:00,2022-12-03 09:35:00,-1,24
307411,307412,307436,2022-12-03 09:35:00,2022-12-03 09:40:00,2022-12-03 11:40:00,1,24
307436,307437,307461,2022-12-03 11:40:00,2022-12-03 11:45:00,2022-12-03 13:45:00,1,24
307473,307474,307498,2022-12-03 14:45:00,2022-12-03 14:50:00,2022-12-03 16:50:00,-1,24
307501,307502,307526,2022-12-03 17:05:00,2022-12-03 17:10:00,2022-12-03 19:10:00,-1,24
307529,307530,307554,2022-12-03 19:25:00,2022-12-03 19:30:00,2022-12-03 21:30:00,-1,24
307554,307555,307579,2022-12-03 21:30:00,2022-12-03 21:35:00,2022-12-03 23:35:00,-1,24
307578,307579,307603,2022-12-03 23:30:00,2022-12-03 23:35:00,2022-12-04 01:35:00,1,24
307622,307623,307647,2022-12-04 03:10:00,2022-12-04 03:15:00,2022-12-04 05:15:00,-1,24
307657,307658,307682,2022-12-04 06:05:00,2022-12-04 06:10:00,2022-12-04 08:10:00,1,24
307693,307694,307718,2022-12-04 09:05:00,2022-12-04 09:10:00,2022-12-04 11:10:00,-1,24
307719,307720,307744,2022-12-04 11:15:00,2022-12-04 11:20:00,2022-12-04 13:20:00,-1,24
307750,307751,307775,2022-12-04 13:50:00,2022-12-04 13:55:00,2022-12-04 15:55:00,1,24
307796,307797,307821,2022-12-04 17:40:00,2022-12-04 17:45:00,2022-12-04 19:45:00,1,24
307822,307823,307847,2022-12-04 19:50:00,2022-12-04 19:55:00,2022-12-04 21:55:00,-1,24
307846,307847,307871,2022-12-04 21:50:00,2022-12-04 21:55:00,2022-12-04 23:55:00,-1,24
307887,307888,307912,2022-12-05 01:15:00,2022-12-05 01:20:00,2022-12-05 03:20:00,1,24
307918,307919,307943,2022-12-05 03:50:00,2022-12-05 03:55:00,2022-12-05 05:55:00,1,24
307942,307943,307967,2022-12-05 05:50:00,2022-12-05 05:55:00,2022-12-05 07:55:00,-1,24
307971,307972,307996,2022-12-05 08:15:00,2022-12-05 08:20:00,2022-12-05 10:20:00,-1,24
308016,308017,308041,2022-12-05 12:00:00,2022-12-05 12:05:00,2022-12-05 14:05:00,-1,24
308073,308074,308098,2022-12-05 16:45:00,2022-12-05 16:50:00,2022-12-05 18:50:00,1,24
308114,308115,308139,2022-12-05 20:10:00,2022-12-05 20:15:00,2022-12-05 22:15:00,-1,24
308145,308146,308170,2022-12-05 22:45:00,2022-12-05 22:50:00,2022-12-06 00:50:00,-1,24
308200,308201,308225,2022-12-06 03:20:00,2022-12-06 03:25:00,2022-12-06 05:25:00,-1,24
308262,308263,308287,2022-12-06 08:30:00,2022-12-06 08:35:00,2022-12-06 10:35:00,1,24
308300,308301,308325,2022-12-06 11:40:00,2022-12-06 11:45:00,2022-12-06 13:45:00,1,24
308324,308325,308349,2022-12-06 13:40:00,2022-12-06 13:45:00,2022-12-06 15:45:00,1,24
308355,308356,308380,2022-12-06 16:15:00,2022-12-06 16:20:00,2022-12-06 18:20:00,1,24
308390,308391,308415,2022-12-06 19:10:00,2022-12-06 19:15:00,2022-12-06 21:15:00,-1,24
308418,308419,308443,2022-12-06 21:30:00,2022-12-06 21:35:00,2022-12-06 23:35:00,-1,24
308449,308450,308474,2022-12-07 00:05:00,2022-12-07 00:10:00,2022-12-07 02:10:00,-1,24
308546,308547,308571,2022-12-07 08:10:00,2022-12-07 08:15:00,2022-12-07 10:15:00,-1,24
308574,308575,308599,2022-12-07 10:30:00,2022-12-07 10:35:00,2022-12-07 12:35:00,-1,24
308619,308620,308644,2022-12-07 14:15:00,2022-12-07 14:20:00,2022-12-07 16:20:00,-1,24
308645,308646,308670,2022-12-07 16:25:00,2022-12-07 16:30:00,2022-12-07 18:30:00,1,24
308684,308685,308709,2022-12-07 19:40:00,2022-12-07 19:45:00,2022-12-07 21:45:00,-1,24
308710,308711,308735,2022-12-07 21:50:00,2022-12-07 21:55:00,2022-12-07 23:55:00,1,24
308734,308735,308759,2022-12-07 23:50:00,2022-12-07 23:55:00,2022-12-08 01:55:00,-1,24
308760,308761,308785,2022-12-08 02:00:00,2022-12-08 02:05:00,2022-12-08 04:05:00,-1,24
308788,308789,308813,2022-12-08 04:20:00,2022-12-08 04:25:00,2022-12-08 06:25:00,1,24
308833,308834,308858,2022-12-08 08:05:00,2022-12-08 08:10:00,2022-12-08 10:10:00,1,24
308866,308867,308891,2022-12-08 10:50:00,2022-12-08 10:55:00,2022-12-08 12:55:00,1,24
308904,308905,308929,2022-12-08 14:00:00,2022-12-08 14:05:00,2022-12-08 16:05:00,-1,24
308928,308929,308953,2022-12-08 16:00:00,2022-12-08 16:05:00,2022-12-08 18:05:00,1,24
308972,308973,308997,2022-12-08 19:40:00,2022-12-08 19:45:00,2022-12-08 21:45:00,1,24
308999,309000,309024,2022-12-08 21:55:00,2022-12-08 22:00:00,2022-12-09 00:00:00,-1,24
309036,309037,309061,2022-12-09 01:00:00,2022-12-09 01:05:00,2022-12-09 03:05:00,-1,24
309060,309061,309085,2022-12-09 03:00:00,2022-12-09 03:05:00,2022-12-09 05:05:00,1,24
309092,309093,309117,2022-12-09 05:40:00,2022-12-09 05:45:00,2022-12-09 07:45:00,1,24
309150,309151,309175,2022-12-09 10:30:00,2022-12-09 10:35:00,2022-12-09 12:35:00,-1,24
309222,309223,309247,2022-12-09 16:30:00,2022-12-09 16:35:00,2022-12-09 18:35:00,-1,24
309253,309254,309278,2022-12-09 19:05:00,2022-12-09 19:10:00,2022-12-09 21:10:00,1,24
309306,309307,309331,2022-12-09 23:30:00,2022-12-09 23:35:00,2022-12-10 01:35:00,1,24
309339,309340,309364,2022-12-10 02:15:00,2022-12-10 02:20:00,2022-12-10 04:20:00,1,24
309364,309365,309389,2022-12-10 04:20:00,2022-12-10 04:25:00,2022-12-10 06:25:00,1,24
309388,309389,309413,2022-12-10 06:20:00,2022-12-10 06:25:00,2022-12-10 08:25:00,-1,24
309412,309413,309437,2022-12-10 08:20:00,2022-12-10 08:25:00,2022-12-10 10:25:00,1,24
309453,309454,309478,2022-12-10 11:45:00,2022-12-10 11:50:00,2022-12-10 13:50:00,1,24
309492,309493,309517,2022-12-10 15:00:00,2022-12-10 15:05:00,2022-12-10 17:05:00,-1,24
309525,309526,309550,2022-12-10 17:45:00,2022-12-10 17:50:00,2022-12-10 19:50:00,1,24
309590,309591,309615,2022-12-10 23:10:00,2022-12-10 23:15:00,2022-12-11 01:15:00,1,24
309621,309622,309646,2022-12-11 01:45:00,2022-12-11 01:50:00,2022-12-11 03:50:00,-1,24
309650,309651,309675,2022-12-11 04:10:00,2022-12-11 04:15:00,2022-12-11 06:15:00,1,24
309711,309712,309736,2022-12-11 09:15:00,2022-12-11 09:20:00,2022-12-11 11:20:00,1,24
309736,309737,309761,2022-12-11 11:20:00,2022-12-11 11:25:00,2022-12-11 13:25:00,1,24
309768,309769,309793,2022-12-11 14:00:00,2022-12-11 14:05:00,2022-12-11 16:05:00,1,24
309855,309856,309880,2022-12-11 21:15:00,2022-12-11 21:20:00,2022-12-11 23:20:00,-1,24
309881,309882,309906,2022-12-11 23:25:00,2022-12-11 23:30:00,2022-12-12 01:30:00,-1,24
309907,309908,309932,2022-12-12 01:35:00,2022-12-12 01:40:00,2022-12-12 03:40:00,-1,24
309967,309968,309992,2022-12-12 06:35:00,2022-12-12 06:40:00,2022-12-12 08:40:00,-1,24
309998,309999,310023,2022-12-12 09:10:00,2022-12-12 09:15:00,2022-12-12 11:15:00,-1,24
310048,310049,310073,2022-12-12 13:20:00,2022-12-12 13:25:00,2022-12-12 15:25:00,1,24
310076,310077,310101,2022-12-12 15:40:00,2022-12-12 15:45:00,2022-12-12 17:45:00,-1,24
310103,310104,310128,2022-12-12 17:55:00,2022-12-12 18:00:00,2022-12-12 20:00:00,-1,24
310136,310137,310161,2022-12-12 20:40:00,2022-12-12 20:45:00,2022-12-12 22:45:00,1,24
310161,310162,310186,2022-12-12 22:45:00,2022-12-12 22:50:00,2022-12-13 00:50:00,-1,24
310185,310186,310210,2022-12-13 00:45:00,2022-12-13 00:50:00,2022-12-13 02:50:00,1,24
310214,310215,310239,2022-12-13 03:10:00,2022-12-13 03:15:00,2022-12-13 05:15:00,1,24
310241,310242,310266,2022-12-13 05:25:00,2022-12-13 05:30:00,2022-12-13 07:30:00,-1,24
310283,310284,310308,2022-12-13 08:55:00,2022-12-13 09:00:00,2022-12-13 11:00:00,1,24
310309,310310,310334,2022-12-13 11:05:00,2022-12-13 11:10:00,2022-12-13 13:10:00,-1,24
310350,310351,310375,2022-12-13 14:30:00,2022-12-13 14:35:00,2022-12-13 16:35:00,1,24
310375,310376,310400,2022-12-13 16:35:00,2022-12-13 16:40:00,2022-12-13 18:40:00,-1,24
310412,310413,310437,2022-12-13 19:40:00,2022-12-13 19:45:00,2022-12-13 21:45:00,-1,24
310438,310439,310463,2022-12-13 21:50:00,2022-12-13 21:55:00,2022-12-13 23:55:00,-1,24
310462,310463,310487,2022-12-13 23:50:00,2022-12-13 23:55:00,2022-12-14 01:55:00,1,24
310486,310487,310511,2022-12-14 01:50:00,2022-12-14 01:55:00,2022-12-14 03:55:00,1,24
310512,310513,310537,2022-12-14 04:00:00,2022-12-14 04:05:00,2022-12-14 06:05:00,-1,24
310542,310543,310567,2022-12-14 06:30:00,2022-12-14 06:35:00,2022-12-14 08:35:00,-1,24
310568,310569,310593,2022-12-14 08:40:00,2022-12-14 08:45:00,2022-12-14 10:45:00,-1,24
310593,310594,310618,2022-12-14 10:45:00,2022-12-14 10:50:00,2022-12-14 12:50:00,1,24
310715,310716,310740,2022-12-14 20:55:00,2022-12-14 21:00:00,2022-12-14 23:00:00,1,24
310739,310740,310764,2022-12-14 22:55:00,2022-12-14 23:00:00,2022-12-15 01:00:00,1,24
310782,310783,310807,2022-12-15 02:30:00,2022-12-15 02:35:00,2022-12-15 04:35:00,-1,24
310819,310820,310844,2022-12-15 05:35:00,2022-12-15 05:40:00,2022-12-15 07:40:00,1,24
310845,310846,310870,2022-12-15 07:45:00,2022-12-15 07:50:00,2022-12-15 09:50:00,-1,24
310880,310881,310905,2022-12-15 10:40:00,2022-12-15 10:45:00,2022-12-15 12:45:00,1,24
310994,310995,311019,2022-12-15 20:10:00,2022-12-15 20:15:00,2022-12-15 22:15:00,1,24
311019,311020,311044,2022-12-15 22:15:00,2022-12-15 22:20:00,2022-12-16 00:20:00,-1,24
311047,311048,311072,2022-12-16 00:35:00,2022-12-16 00:40:00,2022-12-16 02:40:00,-1,24
311071,311072,311096,2022-12-16 02:35:00,2022-12-16 02:40:00,2022-12-16 04:40:00,-1,24
311105,311106,311130,2022-12-16 05:25:00,2022-12-16 05:30:00,2022-12-16 07:30:00,-1,24
311129,311130,311154,2022-12-16 07:25:00,2022-12-16 07:30:00,2022-12-16 09:30:00,1,24
311159,311160,311184,2022-12-16 09:55:00,2022-12-16 10:00:00,2022-12-16 12:00:00,1,24
311256,311257,311281,2022-12-16 18:00:00,2022-12-16 18:05:00,2022-12-16 20:05:00,1,24
311282,311283,311307,2022-12-16 20:10:00,2022-12-16 20:15:00,2022-12-16 22:15:00,1,24
311309,311310,311334,2022-12-16 22:25:00,2022-12-16 22:30:00,2022-12-17 00:30:00,-1,24
311343,311344,311368,2022-12-17 01:15:00,2022-12-17 01:20:00,2022-12-17 03:20:00,-1,24
311369,311370,311394,2022-12-17 03:25:00,2022-12-17 03:30:00,2022-12-17 05:30:00,1,24
311420,311421,311445,2022-12-17 07:40:00,2022-12-17 07:45:00,2022-12-17 09:45:00,1,24
311446,311447,311471,2022-12-17 09:50:00,2022-12-17 09:55:00,2022-12-17 11:55:00,-1,24
311471,311472,311496,2022-12-17 11:55:00,2022-12-17 12:00:00,2022-12-17 14:00:00,1,24
311508,311509,311533,2022-12-17 15:00:00,2022-12-17 15:05:00,2022-12-17 17:05:00,1,24
311541,311542,311566,2022-12-17 17:45:00,2022-12-17 17:50:00,2022-12-17 19:50:00,-1,24
311565,311566,311590,2022-12-17 19:45:00,2022-12-17 19:50:00,2022-12-17 21:50:00,-1,24
311597,311598,311622,2022-12-17 22:25:00,2022-12-17 22:30:00,2022-12-18 00:30:00,1,24
311632,311633,311657,2022-12-18 01:20:00,2022-12-18 01:25:00,2022-12-18 03:25:00,1,24
311661,311662,311686,2022-12-18 03:45:00,2022-12-18 03:50:00,2022-12-18 05:50:00,1,24
311685,311686,311710,2022-12-18 05:45:00,2022-12-18 05:50:00,2022-12-18 07:50:00,1,24
311717,311718,311742,2022-12-18 08:25:00,2022-12-18 08:30:00,2022-12-18 10:30:00,1,24
311743,311744,311768,2022-12-18 10:35:00,2022-12-18 10:40:00,2022-12-18 12:40:00,-1,24
311772,311773,311797,2022-12-18 13:00:00,2022-12-18 13:05:00,2022-12-18 15:05:00,-1,24
311797,311798,311822,2022-12-18 15:05:00,2022-12-18 15:10:00,2022-12-18 17:10:00,1,24
311830,311831,311855,2022-12-18 17:50:00,2022-12-18 17:55:00,2022-12-18 19:55:00,1,24
311855,311856,311880,2022-12-18 19:55:00,2022-12-18 20:00:00,2022-12-18 22:00:00,1,24
311880,311881,311905,2022-12-18 22:00:00,2022-12-18 22:05:00,2022-12-19 00:05:00,1,24
311907,311908,311932,2022-12-19 00:15:00,2022-12-19 00:20:00,2022-12-19 02:20:00,-1,24
311936,311937,311961,2022-12-19 02:40:00,2022-12-19 02:45:00,2022-12-19 04:45:00,1,24
311965,311966,311990,2022-12-19 05:05:00,2022-12-19 05:10:00,2022-12-19 07:10:00,1,24
311994,311995,312019,2022-12-19 07:30:00,2022-12-19 07:35:00,2022-12-19 09:35:00,1,24
312018,312019,312043,2022-12-19 09:30:00,2022-12-19 09:35:00,2022-12-19 11:35:00,-1,24
312066,312067,312091,2022-12-19 13:30:00,2022-12-19 13:35:00,2022-12-19 15:35:00,-1,24
312104,312105,312129,2022-12-19 16:40:00,2022-12-19 16:45:00,2022-12-19 18:45:00,-1,24
312134,312135,312159,2022-12-19 19:10:00,2022-12-19 19:15:00,2022-12-19 21:15:00,-1,24
312167,312168,312192,2022-12-19 21:55:00,2022-12-19 22:00:00,2022-12-20 00:00:00,-1,24
312199,312200,312224,2022-12-20 00:35:00,2022-12-20 00:40:00,2022-12-20 02:40:00,-1,24
312226,312227,312251,2022-12-20 02:50:00,2022-12-20 02:55:00,2022-12-20 04:55:00,1,24
312259,312260,312284,2022-12-20 05:35:00,2022-12-20 05:40:00,2022-12-20 07:40:00,-1,24
312287,312288,312312,2022-12-20 07:55:00,2022-12-20 08:00:00,2022-12-20 10:00:00,-1,24
312318,312319,312343,2022-12-20 10:30:00,2022-12-20 10:35:00,2022-12-20 12:35:00,-1,24
312350,312351,312375,2022-12-20 13:10:00,2022-12-20 13:15:00,2022-12-20 15:15:00,1,24
312385,312386,312410,2022-12-20 16:05:00,2022-12-20 16:10:00,2022-12-20 18:10:00,1,24
312412,312413,312437,2022-12-20 18:20:00,2022-12-20 18:25:00,2022-12-20 20:25:00,1,24
312444,312445,312469,2022-12-20 21:00:00,2022-12-20 21:05:00,2022-12-20 23:05:00,-1,24
312470,312471,312495,2022-12-20 23:10:00,2022-12-20 23:15:00,2022-12-21 01:15:00,1,24
312495,312496,312520,2022-12-21 01:15:00,2022-12-21 01:20:00,2022-12-21 03:20:00,-1,24
312521,312522,312546,2022-12-21 03:25:00,2022-12-21 03:30:00,2022-12-21 05:30:00,1,24
312550,312551,312575,2022-12-21 05:50:00,2022-12-21 05:55:00,2022-12-21 07:55:00,1,24
312578,312579,312603,2022-12-21 08:10:00,2022-12-21 08:15:00,2022-12-21 10:15:00,-1,24
312610,312611,312635,2022-12-21 10:50:00,2022-12-21 10:55:00,2022-12-21 12:55:00,1,24
312634,312635,312659,2022-12-21 12:50:00,2022-12-21 12:55:00,2022-12-21 14:55:00,-1,24
312663,312664,312688,2022-12-21 15:15:00,2022-12-21 15:20:00,2022-12-21 17:20:00,1,24
312695,312696,312720,2022-12-21 17:55:00,2022-12-21 18:00:00,2022-12-21 20:00:00,1,24
312730,312731,312755,2022-12-21 20:50:00,2022-12-21 20:55:00,2022-12-21 22:55:00,1,24
312775,312776,312800,2022-12-22 00:35:00,2022-12-22 00:40:00,2022-12-22 02:40:00,-1,24
312799,312800,312824,2022-12-22 02:35:00,2022-12-22 02:40:00,2022-12-22 04:40:00,1,24
312857,312858,312882,2022-12-22 07:25:00,2022-12-22 07:30:00,2022-12-22 09:30:00,1,24
312891,312892,312916,2022-12-22 10:15:00,2022-12-22 10:20:00,2022-12-22 12:20:00,-1,24
312920,312921,312945,2022-12-22 12:40:00,2022-12-22 12:45:00,2022-12-22 14:45:00,1,24
312953,312954,312978,2022-12-22 15:25:00,2022-12-22 15:30:00,2022-12-22 17:30:00,1,24
313004,313005,313029,2022-12-22 19:40:00,2022-12-22 19:45:00,2022-12-22 21:45:00,1,24
313030,313031,313055,2022-12-22 21:50:00,2022-12-22 21:55:00,2022-12-22 23:55:00,-1,24
313054,313055,313079,2022-12-22 23:50:00,2022-12-22 23:55:00,2022-12-23 01:55:00,1,24
313084,313085,313109,2022-12-23 02:20:00,2022-12-23 02:25:00,2022-12-23 04:25:00,1,24
313115,313116,313140,2022-12-23 04:55:00,2022-12-23 05:00:00,2022-12-23 07:00:00,-1,24
313143,313144,313168,2022-12-23 07:15:00,2022-12-23 07:20:00,2022-12-23 09:20:00,-1,24
313177,313178,313202,2022-12-23 10:05:00,2022-12-23 10:10:00,2022-12-23 12:10:00,1,24
313227,313228,313252,2022-12-23 14:15:00,2022-12-23 14:20:00,2022-12-23 16:20:00,-1,24
313253,313254,313278,2022-12-23 16:25:00,2022-12-23 16:30:00,2022-12-23 18:30:00,-1,24
313277,313278,313302,2022-12-23 18:25:00,2022-12-23 18:30:00,2022-12-23 20:30:00,1,24
313303,313304,313328,2022-12-23 20:35:00,2022-12-23 20:40:00,2022-12-23 22:40:00,-1,24
313327,313328,313352,2022-12-23 22:35:00,2022-12-23 22:40:00,2022-12-24 00:40:00,1,24
313364,313365,313389,2022-12-24 01:40:00,2022-12-24 01:45:00,2022-12-24 03:45:00,-1,24
313399,313400,313424,2022-12-24 04:35:00,2022-12-24 04:40:00,2022-12-24 06:40:00,1,24
313436,313437,313461,2022-12-24 07:40:00,2022-12-24 07:45:00,2022-12-24 09:45:00,1,24
313468,313469,313493,2022-12-24 10:20:00,2022-12-24 10:25:00,2022-12-24 12:25:00,1,24
313518,313519,313543,2022-12-24 14:30:00,2022-12-24 14:35:00,2022-12-24 16:35:00,1,24
313556,313557,313581,2022-12-24 17:40:00,2022-12-24 17:45:00,2022-12-24 19:45:00,1,24
313641,313642,313666,2022-12-25 00:45:00,2022-12-25 00:50:00,2022-12-25 02:50:00,-1,24
313667,313668,313692,2022-12-25 02:55:00,2022-12-25 03:00:00,2022-12-25 05:00:00,1,24
313698,313699,313723,2022-12-25 05:30:00,2022-12-25 05:35:00,2022-12-25 07:35:00,1,24
313735,313736,313760,2022-12-25 08:35:00,2022-12-25 08:40:00,2022-12-25 10:40:00,-1,24
313774,313775,313799,2022-12-25 11:50:00,2022-12-25 11:55:00,2022-12-25 13:55:00,1,24
313815,313816,313840,2022-12-25 15:15:00,2022-12-25 15:20:00,2022-12-25 17:20:00,-1,24
313854,313855,313879,2022-12-25 18:30:00,2022-12-25 18:35:00,2022-12-25 20:35:00,1,24
313885,313886,313910,2022-12-25 21:05:00,2022-12-25 21:10:00,2022-12-25 23:10:00,1,24
313909,313910,313934,2022-12-25 23:05:00,2022-12-25 23:10:00,2022-12-26 01:10:00,-1,24
313942,313943,313967,2022-12-26 01:50:00,2022-12-26 01:55:00,2022-12-26 03:55:00,1,24
313988,313989,314013,2022-12-26 05:40:00,2022-12-26 05:45:00,2022-12-26 07:45:00,1,24
314039,314040,314064,2022-12-26 09:55:00,2022-12-26 10:00:00,2022-12-26 12:00:00,-1,24
314071,314072,314096,2022-12-26 12:35:00,2022-12-26 12:40:00,2022-12-26 14:40:00,1,24
314095,314096,314120,2022-12-26 14:35:00,2022-12-26 14:40:00,2022-12-26 16:40:00,1,24
314125,314126,314150,2022-12-26 17:05:00,2022-12-26 17:10:00,2022-12-26 19:10:00,-1,24
314152,314153,314177,2022-12-26 19:20:00,2022-12-26 19:25:00,2022-12-26 21:25:00,1,24
314176,314177,314201,2022-12-26 21:20:00,2022-12-26 21:25:00,2022-12-26 23:25:00,-1,24
314212,314213,314237,2022-12-27 00:20:00,2022-12-27 00:25:00,2022-12-27 02:25:00,-1,24
314247,314248,314272,2022-12-27 03:15:00,2022-12-27 03:20:00,2022-12-27 05:20:00,-1,24
314274,314275,314299,2022-12-27 05:30:00,2022-12-27 05:35:00,2022-12-27 07:35:00,1,24
314298,314299,314323,2022-12-27 07:30:00,2022-12-27 07:35:00,2022-12-27 09:35:00,-1,24
314334,314335,314359,2022-12-27 10:30:00,2022-12-27 10:35:00,2022-12-27 12:35:00,-1,24
314372,314373,314397,2022-12-27 13:40:00,2022-12-27 13:45:00,2022-12-27 15:45:00,1,24
314398,314399,314423,2022-12-27 15:50:00,2022-12-27 15:55:00,2022-12-27 17:55:00,1,24
314430,314431,314455,2022-12-27 18:30:00,2022-12-27 18:35:00,2022-12-27 20:35:00,-1,24
314454,314455,314479,2022-12-27 20:30:00,2022-12-27 20:35:00,2022-12-27 22:35:00,-1,24
314484,314485,314509,2022-12-27 23:00:00,2022-12-27 23:05:00,2022-12-28 01:05:00,1,24
314528,314529,314553,2022-12-28 02:40:00,2022-12-28 02:45:00,2022-12-28 04:45:00,1,24
314554,314555,314579,2022-12-28 04:50:00,2022-12-28 04:55:00,2022-12-28 06:55:00,-1,24
314581,314582,314606,2022-12-28 07:05:00,2022-12-28 07:10:00,2022-12-28 09:10:00,-1,24
314606,314607,314631,2022-12-28 09:10:00,2022-12-28 09:15:00,2022-12-28 11:15:00,1,24
314649,314650,314674,2022-12-28 12:45:00,2022-12-28 12:50:00,2022-12-28 14:50:00,-1,24
314689,314690,314714,2022-12-28 16:05:00,2022-12-28 16:10:00,2022-12-28 18:10:00,-1,24
314713,314714,314738,2022-12-28 18:05:00,2022-12-28 18:10:00,2022-12-28 20:10:00,-1,24
314766,314767,314791,2022-12-28 22:30:00,2022-12-28 22:35:00,2022-12-29 00:35:00,1,24
314800,314801,314825,2022-12-29 01:20:00,2022-12-29 01:25:00,2022-12-29 03:25:00,-1,24
314831,314832,314856,2022-12-29 03:55:00,2022-12-29 04:00:00,2022-12-29 06:00:00,-1,24
314857,314858,314882,2022-12-29 06:05:00,2022-12-29 06:10:00,2022-12-29 08:10:00,-1,24
314891,314892,314916,2022-12-29 08:55:00,2022-12-29 09:00:00,2022-12-29 11:00:00,-1,24
314915,314916,314940,2022-12-29 10:55:00,2022-12-29 11:00:00,2022-12-29 13:00:00,1,24
314946,314947,314971,2022-12-29 13:30:00,2022-12-29 13:35:00,2022-12-29 15:35:00,-1,24
314970,314971,314995,2022-12-29 15:30:00,2022-12-29 15:35:00,2022-12-29 17:35:00,1,24
315013,315014,315038,2022-12-29 19:05:00,2022-12-29 19:10:00,2022-12-29 21:10:00,1,24
315040,315041,315065,2022-12-29 21:20:00,2022-12-29 21:25:00,2022-12-29 23:25:00,1,24
315067,315068,315092,2022-12-29 23:35:00,2022-12-29 23:40:00,2022-12-30 01:40:00,-1,24
315099,315100,315124,2022-12-30 02:15:00,2022-12-30 02:20:00,2022-12-30 04:20:00,-1,24
315124,315125,315149,2022-12-30 04:20:00,2022-12-30 04:25:00,2022-12-30 06:25:00,-1,24
315157,315158,315182,2022-12-30 07:05:00,2022-12-30 07:10:00,2022-12-30 09:10:00,-1,24
315186,315187,315211,2022-12-30 09:30:00,2022-12-30 09:35:00,2022-12-30 11:35:00,1,24
315216,315217,315241,2022-12-30 12:00:00,2022-12-30 12:05:00,2022-12-30 14:05:00,-1,24
315248,315249,315273,2022-12-30 14:40:00,2022-12-30 14:45:00,2022-12-30 16:45:00,-1,24
315272,315273,315297,2022-12-30 16:40:00,2022-12-30 16:45:00,2022-12-30 18:45:00,-1,24
315299,315300,315324,2022-12-30 18:55:00,2022-12-30 19:00:00,2022-12-30 21:00:00,-1,24
315336,315337,315361,2022-12-30 22:00:00,2022-12-30 22:05:00,2022-12-31 00:05:00,-1,24
315376,315377,315401,2022-12-31 01:20:00,2022-12-31 01:25:00,2022-12-31 03:25:00,1,24
315421,315422,315446,2022-12-31 05:05:00,2022-12-31 05:10:00,2022-12-31 07:10:00,1,24
315459,315460,315484,2022-12-31 08:15:00,2022-12-31 08:20:00,2022-12-31 10:20:00,-1,24
315484,315485,315509,2022-12-31 10:20:00,2022-12-31 10:25:00,2022-12-31 12:25:00,1,24
315518,315519,315543,2022-12-31 13:10:00,2022-12-31 13:15:00,2022-12-31 15:15:00,1,24
315546,315547,315571,2022-12-31 15:30:00,2022-12-31 15:35:00,2022-12-31 17:35:00,-1,24
315576,315577,315601,2022-12-31 18:00:00,2022-12-31 18:05:00,2022-12-31 20:05:00,1,24
315618,315619,315643,2022-12-31 21:30:00,2022-12-31 21:35:00,2022-12-31 23:35:00,-1,24
315646,315647,315671,2022-12-31 23:50:00,2022-12-31 23:55:00,2023-01-01 01:55:00,-1,24
315671,315672,315696,2023-01-01 01:55:00,2023-01-01 02:00:00,2023-01-01 04:00:00,-1,24
315706,315707,315731,2023-01-01 04:50:00,2023-01-01 04:55:00,2023-01-01 06:55:00,1,24
315742,315743,315767,2023-01-01 07:50:00,2023-01-01 07:55:00,2023-01-01 09:55:00,-1,24
315767,315768,315792,2023-01-01 09:55:00,2023-01-01 10:00:00,2023-01-01 12:00:00,1,24
315791,315792,315816,2023-01-01 11:55:00,2023-01-01 12:00:00,2023-01-01 14:00:00,1,24
315816,315817,315841,2023-01-01 14:00:00,2023-01-01 14:05:00,2023-01-01 16:05:00,1,24
315855,315856,315880,2023-01-01 17:15:00,2023-01-01 17:20:00,2023-01-01 19:20:00,1,24
315895,315896,315920,2023-01-01 20:35:00,2023-01-01 20:40:00,2023-01-01 22:40:00,1,24
315933,315934,315958,2023-01-01 23:45:00,2023-01-01 23:50:00,2023-01-02 01:50:00,1,24
315979,315980,316004,2023-01-02 03:35:00,2023-01-02 03:40:00,2023-01-02 05:40:00,-1,24
316003,316004,316028,2023-01-02 05:35:00,2023-01-02 05:40:00,2023-01-02 07:40:00,1,24
316042,316043,316067,2023-01-02 08:50:00,2023-01-02 08:55:00,2023-01-02 10:55:00,1,24
316066,316067,316091,2023-01-02 10:50:00,2023-01-02 10:55:00,2023-01-02 12:55:00,1,24
316112,316113,316137,2023-01-02 14:40:00,2023-01-02 14:45:00,2023-01-02 16:45:00,-1,24
316162,316163,316187,2023-01-02 18:50:00,2023-01-02 18:55:00,2023-01-02 20:55:00,1,24
316189,316190,316214,2023-01-02 21:05:00,2023-01-02 21:10:00,2023-01-02 23:10:00,1,24
316232,316233,316257,2023-01-03 00:40:00,2023-01-03 00:45:00,2023-01-03 02:45:00,1,24
316256,316257,316281,2023-01-03 02:40:00,2023-01-03 02:45:00,2023-01-03 04:45:00,1,24
316305,316306,316330,2023-01-03 06:45:00,2023-01-03 06:50:00,2023-01-03 08:50:00,-1,24
316331,316332,316356,2023-01-03 08:55:00,2023-01-03 09:00:00,2023-01-03 11:00:00,1,24
316358,316359,316383,2023-01-03 11:10:00,2023-01-03 11:15:00,2023-01-03 13:15:00,-1,24
316390,316391,316415,2023-01-03 13:50:00,2023-01-03 13:55:00,2023-01-03 15:55:00,1,24
316420,316421,316445,2023-01-03 16:20:00,2023-01-03 16:25:00,2023-01-03 18:25:00,1,24
316474,316475,316499,2023-01-03 20:50:00,2023-01-03 20:55:00,2023-01-03 22:55:00,-1,24
316502,316503,316527,2023-01-03 23:10:00,2023-01-03 23:15:00,2023-01-04 01:15:00,1,24
316527,316528,316552,2023-01-04 01:15:00,2023-01-04 01:20:00,2023-01-04 03:20:00,-1,24
316556,316557,316581,2023-01-04 03:40:00,2023-01-04 03:45:00,2023-01-04 05:45:00,1,24
316605,316606,316630,2023-01-04 07:45:00,2023-01-04 07:50:00,2023-01-04 09:50:00,1,24
316637,316638,316662,2023-01-04 10:25:00,2023-01-04 10:30:00,2023-01-04 12:30:00,1,24
316662,316663,316687,2023-01-04 12:30:00,2023-01-04 12:35:00,2023-01-04 14:35:00,1,24
316713,316714,316738,2023-01-04 16:45:00,2023-01-04 16:50:00,2023-01-04 18:50:00,-1,24
316755,316756,316780,2023-01-04 20:15:00,2023-01-04 20:20:00,2023-01-04 22:20:00,-1,24
316804,316805,316829,2023-01-05 00:20:00,2023-01-05 00:25:00,2023-01-05 02:25:00,-1,24
316834,316835,316859,2023-01-05 02:50:00,2023-01-05 02:55:00,2023-01-05 04:55:00,1,24
316925,316926,316950,2023-01-05 10:25:00,2023-01-05 10:30:00,2023-01-05 12:30:00,-1,24
316953,316954,316978,2023-01-05 12:45:00,2023-01-05 12:50:00,2023-01-05 14:50:00,1,24
316981,316982,317006,2023-01-05 15:05:00,2023-01-05 15:10:00,2023-01-05 17:10:00,-1,24
317008,317009,317033,2023-01-05 17:20:00,2023-01-05 17:25:00,2023-01-05 19:25:00,-1,24
317040,317041,317065,2023-01-05 20:00:00,2023-01-05 20:05:00,2023-01-05 22:05:00,-1,24
317065,317066,317090,2023-01-05 22:05:00,2023-01-05 22:10:00,2023-01-06 00:10:00,-1,24
317115,317116,317140,2023-01-06 02:15:00,2023-01-06 02:20:00,2023-01-06 04:20:00,1,24
317141,317142,317166,2023-01-06 04:25:00,2023-01-06 04:30:00,2023-01-06 06:30:00,1,24
317171,317172,317196,2023-01-06 06:55:00,2023-01-06 07:00:00,2023-01-06 09:00:00,1,24
317195,317196,317220,2023-01-06 08:55:00,2023-01-06 09:00:00,2023-01-06 11:00:00,-1,24
317241,317242,317266,2023-01-06 12:45:00,2023-01-06 12:50:00,2023-01-06 14:50:00,-1,24
317272,317273,317297,2023-01-06 15:20:00,2023-01-06 15:25:00,2023-01-06 17:25:00,-1,24
317301,317302,317326,2023-01-06 17:45:00,2023-01-06 17:50:00,2023-01-06 19:50:00,-1,24
317343,317344,317368,2023-01-06 21:15:00,2023-01-06 21:20:00,2023-01-06 23:20:00,-1,24
317370,317371,317395,2023-01-06 23:30:00,2023-01-06 23:35:00,2023-01-07 01:35:00,-1,24
317395,317396,317420,2023-01-07 01:35:00,2023-01-07 01:40:00,2023-01-07 03:40:00,1,24
317430,317431,317455,2023-01-07 04:30:00,2023-01-07 04:35:00,2023-01-07 06:35:00,-1,24
317464,317465,317489,2023-01-07 07:20:00,2023-01-07 07:25:00,2023-01-07 09:25:00,1,24
317493,317494,317518,2023-01-07 09:45:00,2023-01-07 09:50:00,2023-01-07 11:50:00,1,24
317535,317536,317560,2023-01-07 13:15:00,2023-01-07 13:20:00,2023-01-07 15:20:00,1,24
317563,317564,317588,2023-01-07 15:35:00,2023-01-07 15:40:00,2023-01-07 17:40:00,-1,24
317608,317609,317633,2023-01-07 19:20:00,2023-01-07 19:25:00,2023-01-07 21:25:00,1,24
317635,317636,317660,2023-01-07 21:35:00,2023-01-07 21:40:00,2023-01-07 23:40:00,-1,24
317668,317669,317693,2023-01-08 00:20:00,2023-01-08 00:25:00,2023-01-08 02:25:00,1,24
317692,317693,317717,2023-01-08 02:20:00,2023-01-08 02:25:00,2023-01-08 04:25:00,-1,24
317720,317721,317745,2023-01-08 04:40:00,2023-01-08 04:45:00,2023-01-08 06:45:00,-1,24
317758,317759,317783,2023-01-08 07:50:00,2023-01-08 07:55:00,2023-01-08 09:55:00,1,24
317789,317790,317814,2023-01-08 10:25:00,2023-01-08 10:30:00,2023-01-08 12:30:00,1,24
317813,317814,317838,2023-01-08 12:25:00,2023-01-08 12:30:00,2023-01-08 14:30:00,1,24
317839,317840,317864,2023-01-08 14:35:00,2023-01-08 14:40:00,2023-01-08 16:40:00,1,24
317867,317868,317892,2023-01-08 16:55:00,2023-01-08 17:00:00,2023-01-08 19:00:00,-1,24
317913,317914,317938,2023-01-08 20:45:00,2023-01-08 20:50:00,2023-01-08 22:50:00,-1,24
317944,317945,317969,2023-01-08 23:20:00,2023-01-08 23:25:00,2023-01-09 01:25:00,1,24
317968,317969,317993,2023-01-09 01:20:00,2023-01-09 01:25:00,2023-01-09 03:25:00,-1,24
317994,317995,318019,2023-01-09 03:30:00,2023-01-09 03:35:00,2023-01-09 05:35:00,-1,24
318020,318021,318045,2023-01-09 05:40:00,2023-01-09 05:45:00,2023-01-09 07:45:00,-1,24
318046,318047,318071,2023-01-09 07:50:00,2023-01-09 07:55:00,2023-01-09 09:55:00,1,24
318087,318088,318112,2023-01-09 11:15:00,2023-01-09 11:20:00,2023-01-09 13:20:00,-1,24
318126,318127,318151,2023-01-09 14:30:00,2023-01-09 14:35:00,2023-01-09 16:35:00,1,24
318165,318166,318190,2023-01-09 17:45:00,2023-01-09 17:50:00,2023-01-09 19:50:00,-1,24
318190,318191,318215,2023-01-09 19:50:00,2023-01-09 19:55:00,2023-01-09 21:55:00,1,24
318218,318219,318243,2023-01-09 22:10:00,2023-01-09 22:15:00,2023-01-10 00:15:00,1,24
318252,318253,318277,2023-01-10 01:00:00,2023-01-10 01:05:00,2023-01-10 03:05:00,-1,24
318276,318277,318301,2023-01-10 03:00:00,2023-01-10 03:05:00,2023-01-10 05:05:00,1,24
318304,318305,318329,2023-01-10 05:20:00,2023-01-10 05:25:00,2023-01-10 07:25:00,1,24
318344,318345,318369,2023-01-10 08:40:00,2023-01-10 08:45:00,2023-01-10 10:45:00,1,24
318397,318398,318422,2023-01-10 13:05:00,2023-01-10 13:10:00,2023-01-10 15:10:00,1,24
318443,318444,318468,2023-01-10 16:55:00,2023-01-10 17:00:00,2023-01-10 19:00:00,-1,24
318468,318469,318493,2023-01-10 19:00:00,2023-01-10 19:05:00,2023-01-10 21:05:00,-1,24
318510,318511,318535,2023-01-10 22:30:00,2023-01-10 22:35:00,2023-01-11 00:35:00,1,24
318536,318537,318561,2023-01-11 00:40:00,2023-01-11 00:45:00,2023-01-11 02:45:00,-1,24
318561,318562,318586,2023-01-11 02:45:00,2023-01-11 02:50:00,2023-01-11 04:50:00,1,24
318632,318633,318657,2023-01-11 08:40:00,2023-01-11 08:45:00,2023-01-11 10:45:00,1,24
318660,318661,318685,2023-01-11 11:00:00,2023-01-11 11:05:00,2023-01-11 13:05:00,-1,24
318686,318687,318711,2023-01-11 13:10:00,2023-01-11 13:15:00,2023-01-11 15:15:00,1,24
318719,318720,318744,2023-01-11 15:55:00,2023-01-11 16:00:00,2023-01-11 18:00:00,-1,24
318752,318753,318777,2023-01-11 18:40:00,2023-01-11 18:45:00,2023-01-11 20:45:00,1,24
318789,318790,318814,2023-01-11 21:45:00,2023-01-11 21:50:00,2023-01-11 23:50:00,-1,24
318819,318820,318844,2023-01-12 00:15:00,2023-01-12 00:20:00,2023-01-12 02:20:00,-1,24
318863,318864,318888,2023-01-12 03:55:00,2023-01-12 04:00:00,2023-01-12 06:00:00,-1,24
318920,318921,318945,2023-01-12 08:40:00,2023-01-12 08:45:00,2023-01-12 10:45:00,-1,24
319013,319014,319038,2023-01-12 16:25:00,2023-01-12 16:30:00,2023-01-12 18:30:00,-1,24
319076,319077,319101,2023-01-12 21:40:00,2023-01-12 21:45:00,2023-01-12 23:45:00,-1,24
319100,319101,319125,2023-01-12 23:40:00,2023-01-12 23:45:00,2023-01-13 01:45:00,1,24
319127,319128,319152,2023-01-13 01:55:00,2023-01-13 02:00:00,2023-01-13 04:00:00,1,24
319151,319152,319176,2023-01-13 03:55:00,2023-01-13 04:00:00,2023-01-13 06:00:00,1,24
319180,319181,319205,2023-01-13 06:20:00,2023-01-13 06:25:00,2023-01-13 08:25:00,-1,24
319205,319206,319230,2023-01-13 08:25:00,2023-01-13 08:30:00,2023-01-13 10:30:00,-1,24
319240,319241,319265,2023-01-13 11:20:00,2023-01-13 11:25:00,2023-01-13 13:25:00,-1,24
319340,319341,319365,2023-01-13 19:40:00,2023-01-13 19:45:00,2023-01-13 21:45:00,-1,24
319428,319429,319453,2023-01-14 03:00:00,2023-01-14 03:05:00,2023-01-14 05:05:00,-1,24
319479,319480,319504,2023-01-14 07:15:00,2023-01-14 07:20:00,2023-01-14 09:20:00,1,24
319520,319521,319545,2023-01-14 10:40:00,2023-01-14 10:45:00,2023-01-14 12:45:00,-1,24
319553,319554,319578,2023-01-14 13:25:00,2023-01-14 13:30:00,2023-01-14 15:30:00,-1,24
319582,319583,319607,2023-01-14 15:50:00,2023-01-14 15:55:00,2023-01-14 17:55:00,-1,24
319610,319611,319635,2023-01-14 18:10:00,2023-01-14 18:15:00,2023-01-14 20:15:00,-1,24
319642,319643,319667,2023-01-14 20:50:00,2023-01-14 20:55:00,2023-01-14 22:55:00,1,24
319667,319668,319692,2023-01-14 22:55:00,2023-01-14 23:00:00,2023-01-15 01:00:00,1,24
319696,319697,319721,2023-01-15 01:20:00,2023-01-15 01:25:00,2023-01-15 03:25:00,-1,24
319723,319724,319748,2023-01-15 03:35:00,2023-01-15 03:40:00,2023-01-15 05:40:00,-1,24
319750,319751,319775,2023-01-15 05:50:00,2023-01-15 05:55:00,2023-01-15 07:55:00,-1,24
319814,319815,319839,2023-01-15 11:10:00,2023-01-15 11:15:00,2023-01-15 13:15:00,-1,24
319853,319854,319878,2023-01-15 14:25:00,2023-01-15 14:30:00,2023-01-15 16:30:00,1,24
319880,319881,319905,2023-01-15 16:40:00,2023-01-15 16:45:00,2023-01-15 18:45:00,1,24
319906,319907,319931,2023-01-15 18:50:00,2023-01-15 18:55:00,2023-01-15 20:55:00,1,24
319931,319932,319956,2023-01-15 20:55:00,2023-01-15 21:00:00,2023-01-15 23:00:00,1,24
319958,319959,319983,2023-01-15 23:10:00,2023-01-15 23:15:00,2023-01-16 01:15:00,-1,24
319988,319989,320013,2023-01-16 01:40:00,2023-01-16 01:45:00,2023-01-16 03:45:00,1,24
320013,320014,320038,2023-01-16 03:45:00,2023-01-16 03:50:00,2023-01-16 05:50:00,-1,24
320041,320042,320066,2023-01-16 06:05:00,2023-01-16 06:10:00,2023-01-16 08:10:00,1,24
320082,320083,320107,2023-01-16 09:30:00,2023-01-16 09:35:00,2023-01-16 11:35:00,1,24
320115,320116,320140,2023-01-16 12:15:00,2023-01-16 12:20:00,2023-01-16 14:20:00,-1,24
320164,320165,320189,2023-01-16 16:20:00,2023-01-16 16:25:00,2023-01-16 18:25:00,-1,24
320221,320222,320246,2023-01-16 21:05:00,2023-01-16 21:10:00,2023-01-16 23:10:00,-1,24
320245,320246,320270,2023-01-16 23:05:00,2023-01-16 23:10:00,2023-01-17 01:10:00,1,24
320273,320274,320298,2023-01-17 01:25:00,2023-01-17 01:30:00,2023-01-17 03:30:00,-1,24
320297,320298,320322,2023-01-17 03:25:00,2023-01-17 03:30:00,2023-01-17 05:30:00,1,24
320327,320328,320352,2023-01-17 05:55:00,2023-01-17 06:00:00,2023-01-17 08:00:00,1,24
320356,320357,320381,2023-01-17 08:20:00,2023-01-17 08:25:00,2023-01-17 10:25:00,1,24
320380,320381,320405,2023-01-17 10:20:00,2023-01-17 10:25:00,2023-01-17 12:25:00,1,24
320415,320416,320440,2023-01-17 13:15:00,2023-01-17 13:20:00,2023-01-17 15:20:00,-1,24
320452,320453,320477,2023-01-17 16:20:00,2023-01-17 16:25:00,2023-01-17 18:25:00,-1,24
320476,320477,320501,2023-01-17 18:20:00,2023-01-17 18:25:00,2023-01-17 20:25:00,1,24
320503,320504,320528,2023-01-17 20:35:00,2023-01-17 20:40:00,2023-01-17 22:40:00,-1,24
320529,320530,320554,2023-01-17 22:45:00,2023-01-17 22:50:00,2023-01-18 00:50:00,1,24
320554,320555,320579,2023-01-18 00:50:00,2023-01-18 00:55:00,2023-01-18 02:55:00,1,24
320580,320581,320605,2023-01-18 03:00:00,2023-01-18 03:05:00,2023-01-18 05:05:00,1,24
320605,320606,320630,2023-01-18 05:05:00,2023-01-18 05:10:00,2023-01-18 07:10:00,-1,24
320642,320643,320667,2023-01-18 08:10:00,2023-01-18 08:15:00,2023-01-18 10:15:00,-1,24
320668,320669,320693,2023-01-18 10:20:00,2023-01-18 10:25:00,2023-01-18 12:25:00,-1,24
320699,320700,320724,2023-01-18 12:55:00,2023-01-18 13:00:00,2023-01-18 15:00:00,1,24
320795,320796,320820,2023-01-18 20:55:00,2023-01-18 21:00:00,2023-01-18 23:00:00,-1,24
320829,320830,320854,2023-01-18 23:45:00,2023-01-18 23:50:00,2023-01-19 01:50:00,-1,24
320860,320861,320885,2023-01-19 02:20:00,2023-01-19 02:25:00,2023-01-19 04:25:00,-1,24
320903,320904,320928,2023-01-19 05:55:00,2023-01-19 06:00:00,2023-01-19 08:00:00,1,24
320933,320934,320958,2023-01-19 08:25:00,2023-01-19 08:30:00,2023-01-19 10:30:00,1,24
320971,320972,320996,2023-01-19 11:35:00,2023-01-19 11:40:00,2023-01-19 13:40:00,-1,24
321033,321034,321058,2023-01-19 16:45:00,2023-01-19 16:50:00,2023-01-19 18:50:00,-1,24
321059,321060,321084,2023-01-19 18:55:00,2023-01-19 19:00:00,2023-01-19 21:00:00,-1,24
321087,321088,321112,2023-01-19 21:15:00,2023-01-19 21:20:00,2023-01-19 23:20:00,-1,24
321114,321115,321139,2023-01-19 23:30:00,2023-01-19 23:35:00,2023-01-20 01:35:00,-1,24
321145,321146,321170,2023-01-20 02:05:00,2023-01-20 02:10:00,2023-01-20 04:10:00,1,24
321172,321173,321197,2023-01-20 04:20:00,2023-01-20 04:25:00,2023-01-20 06:25:00,1,24
321211,321212,321236,2023-01-20 07:35:00,2023-01-20 07:40:00,2023-01-20 09:40:00,-1,24
321239,321240,321264,2023-01-20 09:55:00,2023-01-20 10:00:00,2023-01-20 12:00:00,-1,24
321280,321281,321305,2023-01-20 13:20:00,2023-01-20 13:25:00,2023-01-20 15:25:00,-1,24
321311,321312,321336,2023-01-20 15:55:00,2023-01-20 16:00:00,2023-01-20 18:00:00,1,24
321349,321350,321374,2023-01-20 19:05:00,2023-01-20 19:10:00,2023-01-20 21:10:00,-1,24
321395,321396,321420,2023-01-20 22:55:00,2023-01-20 23:00:00,2023-01-21 01:00:00,-1,24
321420,321421,321445,2023-01-21 01:00:00,2023-01-21 01:05:00,2023-01-21 03:05:00,1,24
321449,321450,321474,2023-01-21 03:25:00,2023-01-21 03:30:00,2023-01-21 05:30:00,-1,24
321477,321478,321502,2023-01-21 05:45:00,2023-01-21 05:50:00,2023-01-21 07:50:00,-1,24
321515,321516,321540,2023-01-21 08:55:00,2023-01-21 09:00:00,2023-01-21 11:00:00,-1,24
321550,321551,321575,2023-01-21 11:50:00,2023-01-21 11:55:00,2023-01-21 13:55:00,1,24
321587,321588,321612,2023-01-21 14:55:00,2023-01-21 15:00:00,2023-01-21 17:00:00,1,24
321642,321643,321667,2023-01-21 19:30:00,2023-01-21 19:35:00,2023-01-21 21:35:00,-1,24
321672,321673,321697,2023-01-21 22:00:00,2023-01-21 22:05:00,2023-01-22 00:05:00,1,24
321708,321709,321733,2023-01-22 01:00:00,2023-01-22 01:05:00,2023-01-22 03:05:00,1,24
321745,321746,321770,2023-01-22 04:05:00,2023-01-22 04:10:00,2023-01-22 06:10:00,-1,24
321773,321774,321798,2023-01-22 06:25:00,2023-01-22 06:30:00,2023-01-22 08:30:00,-1,24
321807,321808,321832,2023-01-22 09:15:00,2023-01-22 09:20:00,2023-01-22 11:20:00,-1,24
321850,321851,321875,2023-01-22 12:50:00,2023-01-22 12:55:00,2023-01-22 14:55:00,-1,24
321902,321903,321927,2023-01-22 17:10:00,2023-01-22 17:15:00,2023-01-22 19:15:00,1,24
321927,321928,321952,2023-01-22 19:15:00,2023-01-22 19:20:00,2023-01-22 21:20:00,-1,24
321956,321957,321981,2023-01-22 21:40:00,2023-01-22 21:45:00,2023-01-22 23:45:00,-1,24
321980,321981,322005,2023-01-22 23:40:00,2023-01-22 23:45:00,2023-01-23 01:45:00,-1,24
322006,322007,322031,2023-01-23 01:50:00,2023-01-23 01:55:00,2023-01-23 03:55:00,1,24
322030,322031,322055,2023-01-23 03:50:00,2023-01-23 03:55:00,2023-01-23 05:55:00,-1,24
322054,322055,322079,2023-01-23 05:50:00,2023-01-23 05:55:00,2023-01-23 07:55:00,-1,24
322079,322080,322104,2023-01-23 07:55:00,2023-01-23 08:00:00,2023-01-23 10:00:00,1,24
322109,322110,322134,2023-01-23 10:25:00,2023-01-23 10:30:00,2023-01-23 12:30:00,1,24
322141,322142,322166,2023-01-23 13:05:00,2023-01-23 13:10:00,2023-01-23 15:10:00,1,24
322185,322186,322210,2023-01-23 16:45:00,2023-01-23 16:50:00,2023-01-23 18:50:00,-1,24
322221,322222,322246,2023-01-23 19:45:00,2023-01-23 19:50:00,2023-01-23 21:50:00,-1,24
322251,322252,322276,2023-01-23 22:15:00,2023-01-23 22:20:00,2023-01-24 00:20:00,1,24
322275,322276,322300,2023-01-24 00:15:00,2023-01-24 00:20:00,2023-01-24 02:20:00,1,24
322300,322301,322325,2023-01-24 02:20:00,2023-01-24 02:25:00,2023-01-24 04:25:00,1,24
322326,322327,322351,2023-01-24 04:30:00,2023-01-24 04:35:00,2023-01-24 06:35:00,1,24
322351,322352,322376,2023-01-24 06:35:00,2023-01-24 06:40:00,2023-01-24 08:40:00,1,24
322398,322399,322423,2023-01-24 10:30:00,2023-01-24 10:35:00,2023-01-24 12:35:00,1,24
322428,322429,322453,2023-01-24 13:00:00,2023-01-24 13:05:00,2023-01-24 15:05:00,-1,24
322459,322460,322484,2023-01-24 15:35:00,2023-01-24 15:40:00,2023-01-24 17:40:00,1,24
322486,322487,322511,2023-01-24 17:50:00,2023-01-24 17:55:00,2023-01-24 19:55:00,1,24
322511,322512,322536,2023-01-24 19:55:00,2023-01-24 20:00:00,2023-01-24 22:00:00,-1,24
322559,322560,322584,2023-01-24 23:55:00,2023-01-25 00:00:00,2023-01-25 02:00:00,-1,24
322596,322597,322621,2023-01-25 03:00:00,2023-01-25 03:05:00,2023-01-25 05:05:00,-1,24
322645,322646,322670,2023-01-25 07:05:00,2023-01-25 07:10:00,2023-01-25 09:10:00,1,24
322680,322681,322705,2023-01-25 10:00:00,2023-01-25 10:05:00,2023-01-25 12:05:00,-1,24
322737,322738,322762,2023-01-25 14:45:00,2023-01-25 14:50:00,2023-01-25 16:50:00,-1,24
322767,322768,322792,2023-01-25 17:15:00,2023-01-25 17:20:00,2023-01-25 19:20:00,1,24
322804,322805,322829,2023-01-25 20:20:00,2023-01-25 20:25:00,2023-01-25 22:25:00,1,24
322851,322852,322876,2023-01-26 00:15:00,2023-01-26 00:20:00,2023-01-26 02:20:00,1,24
322887,322888,322912,2023-01-26 03:15:00,2023-01-26 03:20:00,2023-01-26 05:20:00,1,24
322912,322913,322937,2023-01-26 05:20:00,2023-01-26 05:25:00,2023-01-26 07:25:00,1,24
322947,322948,322972,2023-01-26 08:15:00,2023-01-26 08:20:00,2023-01-26 10:20:00,-1,24
322974,322975,322999,2023-01-26 10:30:00,2023-01-26 10:35:00,2023-01-26 12:35:00,1,24
323049,323050,323074,2023-01-26 16:45:00,2023-01-26 16:50:00,2023-01-26 18:50:00,1,24
323080,323081,323105,2023-01-26 19:20:00,2023-01-26 19:25:00,2023-01-26 21:25:00,-1,24
323115,323116,323140,2023-01-26 22:15:00,2023-01-26 22:20:00,2023-01-27 00:20:00,1,24
323161,323162,323186,2023-01-27 02:05:00,2023-01-27 02:10:00,2023-01-27 04:10:00,1,24
323190,323191,323215,2023-01-27 04:30:00,2023-01-27 04:35:00,2023-01-27 06:35:00,1,24
323220,323221,323245,2023-01-27 07:00:00,2023-01-27 07:05:00,2023-01-27 09:05:00,1,24
323260,323261,323285,2023-01-27 10:20:00,2023-01-27 10:25:00,2023-01-27 12:25:00,1,24
323286,323287,323311,2023-01-27 12:30:00,2023-01-27 12:35:00,2023-01-27 14:35:00,1,24
323335,323336,323360,2023-01-27 16:35:00,2023-01-27 16:40:00,2023-01-27 18:40:00,1,24
323361,323362,323386,2023-01-27 18:45:00,2023-01-27 18:50:00,2023-01-27 20:50:00,1,24
323417,323418,323442,2023-01-27 23:25:00,2023-01-27 23:30:00,2023-01-28 01:30:00,1,24
323445,323446,323470,2023-01-28 01:45:00,2023-01-28 01:50:00,2023-01-28 03:50:00,1,24
323476,323477,323501,2023-01-28 04:20:00,2023-01-28 04:25:00,2023-01-28 06:25:00,-1,24
323503,323504,323528,2023-01-28 06:35:00,2023-01-28 06:40:00,2023-01-28 08:40:00,-1,24
323530,323531,323555,2023-01-28 08:50:00,2023-01-28 08:55:00,2023-01-28 10:55:00,-1,24
323557,323558,323582,2023-01-28 11:05:00,2023-01-28 11:10:00,2023-01-28 13:10:00,-1,24
323588,323589,323613,2023-01-28 13:40:00,2023-01-28 13:45:00,2023-01-28 15:45:00,-1,24
323615,323616,323640,2023-01-28 15:55:00,2023-01-28 16:00:00,2023-01-28 18:00:00,1,24
323658,323659,323683,2023-01-28 19:30:00,2023-01-28 19:35:00,2023-01-28 21:35:00,-1,24
323683,323684,323708,2023-01-28 21:35:00,2023-01-28 21:40:00,2023-01-28 23:40:00,-1,24
323720,323721,323745,2023-01-29 00:40:00,2023-01-29 00:45:00,2023-01-29 02:45:00,1,24
323744,323745,323769,2023-01-29 02:40:00,2023-01-29 02:45:00,2023-01-29 04:45:00,-1,24
323768,323769,323793,2023-01-29 04:40:00,2023-01-29 04:45:00,2023-01-29 06:45:00,1,24
323802,323803,323827,2023-01-29 07:30:00,2023-01-29 07:35:00,2023-01-29 09:35:00,1,24
323842,323843,323867,2023-01-29 10:50:00,2023-01-29 10:55:00,2023-01-29 12:55:00,-1,24
323873,323874,323898,2023-01-29 13:25:00,2023-01-29 13:30:00,2023-01-29 15:30:00,1,24
323898,323899,323923,2023-01-29 15:30:00,2023-01-29 15:35:00,2023-01-29 17:35:00,1,24
323959,323960,323984,2023-01-29 20:35:00,2023-01-29 20:40:00,2023-01-29 22:40:00,-1,24
323998,323999,324023,2023-01-29 23:50:00,2023-01-29 23:55:00,2023-01-30 01:55:00,-1,24
324023,324024,324048,2023-01-30 01:55:00,2023-01-30 02:00:00,2023-01-30 04:00:00,1,24
324052,324053,324077,2023-01-30 04:20:00,2023-01-30 04:25:00,2023-01-30 06:25:00,1,24
324086,324087,324111,2023-01-30 07:10:00,2023-01-30 07:15:00,2023-01-30 09:15:00,1,24
324127,324128,324152,2023-01-30 10:35:00,2023-01-30 10:40:00,2023-01-30 12:40:00,-1,24
324156,324157,324181,2023-01-30 13:00:00,2023-01-30 13:05:00,2023-01-30 15:05:00,-1,24
324187,324188,324212,2023-01-30 15:35:00,2023-01-30 15:40:00,2023-01-30 17:40:00,1,24
324212,324213,324237,2023-01-30 17:40:00,2023-01-30 17:45:00,2023-01-30 19:45:00,-1,24
324243,324244,324268,2023-01-30 20:15:00,2023-01-30 20:20:00,2023-01-30 22:20:00,1,24
324268,324269,324293,2023-01-30 22:20:00,2023-01-30 22:25:00,2023-01-31 00:25:00,-1,24
324296,324297,324321,2023-01-31 00:40:00,2023-01-31 00:45:00,2023-01-31 02:45:00,-1,24
324324,324325,324349,2023-01-31 03:00:00,2023-01-31 03:05:00,2023-01-31 05:05:00,1,24
324353,324354,324378,2023-01-31 05:25:00,2023-01-31 05:30:00,2023-01-31 07:30:00,-1,24
324390,324391,324415,2023-01-31 08:30:00,2023-01-31 08:35:00,2023-01-31 10:35:00,1,24
324415,324416,324440,2023-01-31 10:35:00,2023-01-31 10:40:00,2023-01-31 12:40:00,1,24
324446,324447,324471,2023-01-31 13:10:00,2023-01-31 13:15:00,2023-01-31 15:15:00,-1,24
324483,324484,324508,2023-01-31 16:15:00,2023-01-31 16:20:00,2023-01-31 18:20:00,1,24
324509,324510,324534,2023-01-31 18:25:00,2023-01-31 18:30:00,2023-01-31 20:30:00,1,24
324533,324534,324558,2023-01-31 20:25:00,2023-01-31 20:30:00,2023-01-31 22:30:00,-1,24
324571,324572,324596,2023-01-31 23:35:00,2023-01-31 23:40:00,2023-02-01 01:40:00,-1,24
324597,324598,324622,2023-02-01 01:45:00,2023-02-01 01:50:00,2023-02-01 03:50:00,1,24
324627,324628,324652,2023-02-01 04:15:00,2023-02-01 04:20:00,2023-02-01 06:20:00,1,24
324653,324654,324678,2023-02-01 06:25:00,2023-02-01 06:30:00,2023-02-01 08:30:00,-1,24
324679,324680,324704,2023-02-01 08:35:00,2023-02-01 08:40:00,2023-02-01 10:40:00,-1,24
324711,324712,324736,2023-02-01 11:15:00,2023-02-01 11:20:00,2023-02-01 13:20:00,-1,24
324749,324750,324774,2023-02-01 14:25:00,2023-02-01 14:30:00,2023-02-01 16:30:00,1,24
324780,324781,324805,2023-02-01 17:00:00,2023-02-01 17:05:00,2023-02-01 19:05:00,-1,24
324809,324810,324834,2023-02-01 19:25:00,2023-02-01 19:30:00,2023-02-01 21:30:00,1,24
324884,324885,324909,2023-02-02 01:40:00,2023-02-02 01:45:00,2023-02-02 03:45:00,-1,24
324923,324924,324948,2023-02-02 04:55:00,2023-02-02 05:00:00,2023-02-02 07:00:00,1,24
324956,324957,324981,2023-02-02 07:40:00,2023-02-02 07:45:00,2023-02-02 09:45:00,1,24
325009,325010,325034,2023-02-02 12:05:00,2023-02-02 12:10:00,2023-02-02 14:10:00,1,24
325071,325072,325096,2023-02-02 17:15:00,2023-02-02 17:20:00,2023-02-02 19:20:00,1,24
325101,325102,325126,2023-02-02 19:45:00,2023-02-02 19:50:00,2023-02-02 21:50:00,-1,24
325139,325140,325164,2023-02-02 22:55:00,2023-02-02 23:00:00,2023-02-03 01:00:00,1,24
325167,325168,325192,2023-02-03 01:15:00,2023-02-03 01:20:00,2023-02-03 03:20:00,1,24
325194,325195,325219,2023-02-03 03:30:00,2023-02-03 03:35:00,2023-02-03 05:35:00,1,24
325224,325225,325249,2023-02-03 06:00:00,2023-02-03 06:05:00,2023-02-03 08:05:00,-1,24
325261,325262,325286,2023-02-03 09:05:00,2023-02-03 09:10:00,2023-02-03 11:10:00,-1,24
325343,325344,325368,2023-02-03 15:55:00,2023-02-03 16:00:00,2023-02-03 18:00:00,-1,24
325375,325376,325400,2023-02-03 18:35:00,2023-02-03 18:40:00,2023-02-03 20:40:00,-1,24
325403,325404,325428,2023-02-03 20:55:00,2023-02-03 21:00:00,2023-02-03 23:00:00,-1,24
325436,325437,325461,2023-02-03 23:40:00,2023-02-03 23:45:00,2023-02-04 01:45:00,1,24
325478,325479,325503,2023-02-04 03:10:00,2023-02-04 03:15:00,2023-02-04 05:15:00,1,24
325511,325512,325536,2023-02-04 05:55:00,2023-02-04 06:00:00,2023-02-04 08:00:00,-1,24
325542,325543,325567,2023-02-04 08:30:00,2023-02-04 08:35:00,2023-02-04 10:35:00,1,24
325569,325570,325594,2023-02-04 10:45:00,2023-02-04 10:50:00,2023-02-04 12:50:00,-1,24
325660,325661,325685,2023-02-04 18:20:00,2023-02-04 18:25:00,2023-02-04 20:25:00,1,24
325707,325708,325732,2023-02-04 22:15:00,2023-02-04 22:20:00,2023-02-05 00:20:00,-1,24
325734,325735,325759,2023-02-05 00:30:00,2023-02-05 00:35:00,2023-02-05 02:35:00,-1,24
325761,325762,325786,2023-02-05 02:45:00,2023-02-05 02:50:00,2023-02-05 04:50:00,1,24
325797,325798,325822,2023-02-05 05:45:00,2023-02-05 05:50:00,2023-02-05 07:50:00,1,24
325826,325827,325851,2023-02-05 08:10:00,2023-02-05 08:15:00,2023-02-05 10:15:00,1,24
325867,325868,325892,2023-02-05 11:35:00,2023-02-05 11:40:00,2023-02-05 13:40:00,-1,24
325906,325907,325931,2023-02-05 14:50:00,2023-02-05 14:55:00,2023-02-05 16:55:00,-1,24
325953,325954,325978,2023-02-05 18:45:00,2023-02-05 18:50:00,2023-02-05 20:50:00,-1,24
326003,326004,326028,2023-02-05 22:55:00,2023-02-05 23:00:00,2023-02-06 01:00:00,-1,24
326031,326032,326056,2023-02-06 01:15:00,2023-02-06 01:20:00,2023-02-06 03:20:00,-1,24
326055,326056,326080,2023-02-06 03:15:00,2023-02-06 03:20:00,2023-02-06 05:20:00,1,24
326095,326096,326120,2023-02-06 06:35:00,2023-02-06 06:40:00,2023-02-06 08:40:00,1,24
326126,326127,326151,2023-02-06 09:10:00,2023-02-06 09:15:00,2023-02-06 11:15:00,1,24
326158,326159,326183,2023-02-06 11:50:00,2023-02-06 11:55:00,2023-02-06 13:55:00,-1,24
326197,326198,326222,2023-02-06 15:05:00,2023-02-06 15:10:00,2023-02-06 17:10:00,1,24
326229,326230,326254,2023-02-06 17:45:00,2023-02-06 17:50:00,2023-02-06 19:50:00,-1,24
326260,326261,326285,2023-02-06 20:20:00,2023-02-06 20:25:00,2023-02-06 22:25:00,1,24
326291,326292,326316,2023-02-06 22:55:00,2023-02-06 23:00:00,2023-02-07 01:00:00,-1,24
326315,326316,326340,2023-02-07 00:55:00,2023-02-07 01:00:00,2023-02-07 03:00:00,-1,24
326343,326344,326368,2023-02-07 03:15:00,2023-02-07 03:20:00,2023-02-07 05:20:00,1,24
326371,326372,326396,2023-02-07 05:35:00,2023-02-07 05:40:00,2023-02-07 07:40:00,-1,24
326442,326443,326467,2023-02-07 11:30:00,2023-02-07 11:35:00,2023-02-07 13:35:00,1,24
326482,326483,326507,2023-02-07 14:50:00,2023-02-07 14:55:00,2023-02-07 16:55:00,-1,24
326510,326511,326535,2023-02-07 17:10:00,2023-02-07 17:15:00,2023-02-07 19:15:00,-1,24
326548,326549,326573,2023-02-07 20:20:00,2023-02-07 20:25:00,2023-02-07 22:25:00,1,24
326573,326574,326598,2023-02-07 22:25:00,2023-02-07 22:30:00,2023-02-08 00:30:00,-1,24
326597,326598,326622,2023-02-08 00:25:00,2023-02-08 00:30:00,2023-02-08 02:30:00,1,24
326638,326639,326663,2023-02-08 03:50:00,2023-02-08 03:55:00,2023-02-08 05:55:00,-1,24
326665,326666,326690,2023-02-08 06:05:00,2023-02-08 06:10:00,2023-02-08 08:10:00,1,24
326695,326696,326720,2023-02-08 08:35:00,2023-02-08 08:40:00,2023-02-08 10:40:00,-1,24
326733,326734,326758,2023-02-08 11:45:00,2023-02-08 11:50:00,2023-02-08 13:50:00,1,24
326781,326782,326806,2023-02-08 15:45:00,2023-02-08 15:50:00,2023-02-08 17:50:00,-1,24
326814,326815,326839,2023-02-08 18:30:00,2023-02-08 18:35:00,2023-02-08 20:35:00,1,24
326851,326852,326876,2023-02-08 21:35:00,2023-02-08 21:40:00,2023-02-08 23:40:00,-1,24
326879,326880,326904,2023-02-08 23:55:00,2023-02-09 00:00:00,2023-02-09 02:00:00,-1,24
326908,326909,326933,2023-02-09 02:20:00,2023-02-09 02:25:00,2023-02-09 04:25:00,-1,24
326934,326935,326959,2023-02-09 04:30:00,2023-02-09 04:35:00,2023-02-09 06:35:00,-1,24
326958,326959,326983,2023-02-09 06:30:00,2023-02-09 06:35:00,2023-02-09 08:35:00,-1,24
326983,326984,327008,2023-02-09 08:35:00,2023-02-09 08:40:00,2023-02-09 10:40:00,1,24
327011,327012,327036,2023-02-09 10:55:00,2023-02-09 11:00:00,2023-02-09 13:00:00,-1,24
327038,327039,327063,2023-02-09 13:10:00,2023-02-09 13:15:00,2023-02-09 15:15:00,-1,24
327066,327067,327091,2023-02-09 15:30:00,2023-02-09 15:35:00,2023-02-09 17:35:00,1,24
327094,327095,327119,2023-02-09 17:50:00,2023-02-09 17:55:00,2023-02-09 19:55:00,-1,24
327157,327158,327182,2023-02-09 23:05:00,2023-02-09 23:10:00,2023-02-10 01:10:00,-1,24
327202,327203,327227,2023-02-10 02:50:00,2023-02-10 02:55:00,2023-02-10 04:55:00,-1,24
327248,327249,327273,2023-02-10 06:40:00,2023-02-10 06:45:00,2023-02-10 08:45:00,1,24
327280,327281,327305,2023-02-10 09:20:00,2023-02-10 09:25:00,2023-02-10 11:25:00,-1,24
327315,327316,327340,2023-02-10 12:15:00,2023-02-10 12:20:00,2023-02-10 14:20:00,-1,24
327347,327348,327372,2023-02-10 14:55:00,2023-02-10 15:00:00,2023-02-10 17:00:00,1,24
327383,327384,327408,2023-02-10 17:55:00,2023-02-10 18:00:00,2023-02-10 20:00:00,-1,24
327410,327411,327435,2023-02-10 20:10:00,2023-02-10 20:15:00,2023-02-10 22:15:00,-1,24
327440,327441,327465,2023-02-10 22:40:00,2023-02-10 22:45:00,2023-02-11 00:45:00,1,24
327473,327474,327498,2023-02-11 01:25:00,2023-02-11 01:30:00,2023-02-11 03:30:00,1,24
327498,327499,327523,2023-02-11 03:30:00,2023-02-11 03:35:00,2023-02-11 05:35:00,1,24
327528,327529,327553,2023-02-11 06:00:00,2023-02-11 06:05:00,2023-02-11 08:05:00,-1,24
327554,327555,327579,2023-02-11 08:10:00,2023-02-11 08:15:00,2023-02-11 10:15:00,1,24
327580,327581,327605,2023-02-11 10:20:00,2023-02-11 10:25:00,2023-02-11 12:25:00,1,24
327606,327607,327631,2023-02-11 12:30:00,2023-02-11 12:35:00,2023-02-11 14:35:00,1,24
327654,327655,327679,2023-02-11 16:30:00,2023-02-11 16:35:00,2023-02-11 18:35:00,1,24
327687,327688,327712,2023-02-11 19:15:00,2023-02-11 19:20:00,2023-02-11 21:20:00,1,24
327711,327712,327736,2023-02-11 21:15:00,2023-02-11 21:20:00,2023-02-11 23:20:00,-1,24
327736,327737,327761,2023-02-11 23:20:00,2023-02-11 23:25:00,2023-02-12 01:25:00,1,24
327765,327766,327790,2023-02-12 01:45:00,2023-02-12 01:50:00,2023-02-12 03:50:00,-1,24
327795,327796,327820,2023-02-12 04:15:00,2023-02-12 04:20:00,2023-02-12 06:20:00,1,24
327874,327875,327899,2023-02-12 10:50:00,2023-02-12 10:55:00,2023-02-12 12:55:00,1,24
327900,327901,327925,2023-02-12 13:00:00,2023-02-12 13:05:00,2023-02-12 15:05:00,1,24
327924,327925,327949,2023-02-12 15:00:00,2023-02-12 15:05:00,2023-02-12 17:05:00,1,24
327949,327950,327974,2023-02-12 17:05:00,2023-02-12 17:10:00,2023-02-12 19:10:00,1,24
327988,327989,328013,2023-02-12 20:20:00,2023-02-12 20:25:00,2023-02-12 22:25:00,-1,24
328022,328023,328047,2023-02-12 23:10:00,2023-02-12 23:15:00,2023-02-13 01:15:00,-1,24
328048,328049,328073,2023-02-13 01:20:00,2023-02-13 01:25:00,2023-02-13 03:25:00,-1,24
328108,328109,328133,2023-02-13 06:20:00,2023-02-13 06:25:00,2023-02-13 08:25:00,-1,24
328147,328148,328172,2023-02-13 09:35:00,2023-02-13 09:40:00,2023-02-13 11:40:00,1,24
328193,328194,328218,2023-02-13 13:25:00,2023-02-13 13:30:00,2023-02-13 15:30:00,1,24
328228,328229,328253,2023-02-13 16:20:00,2023-02-13 16:25:00,2023-02-13 18:25:00,-1,24
328253,328254,328278,2023-02-13 18:25:00,2023-02-13 18:30:00,2023-02-13 20:30:00,-1,24
328283,328284,328308,2023-02-13 20:55:00,2023-02-13 21:00:00,2023-02-13 23:00:00,1,24
328317,328318,328342,2023-02-13 23:45:00,2023-02-13 23:50:00,2023-02-14 01:50:00,-1,24
328348,328349,328373,2023-02-14 02:20:00,2023-02-14 02:25:00,2023-02-14 04:25:00,-1,24
328373,328374,328398,2023-02-14 04:25:00,2023-02-14 04:30:00,2023-02-14 06:30:00,-1,24
328427,328428,328452,2023-02-14 08:55:00,2023-02-14 09:00:00,2023-02-14 11:00:00,1,24
328565,328566,328590,2023-02-14 20:25:00,2023-02-14 20:30:00,2023-02-14 22:30:00,-1,24
328595,328596,328620,2023-02-14 22:55:00,2023-02-14 23:00:00,2023-02-15 01:00:00,-1,24
328624,328625,328649,2023-02-15 01:20:00,2023-02-15 01:25:00,2023-02-15 03:25:00,-1,24
328653,328654,328678,2023-02-15 03:45:00,2023-02-15 03:50:00,2023-02-15 05:50:00,1,24
328712,328713,328737,2023-02-15 08:40:00,2023-02-15 08:45:00,2023-02-15 10:45:00,1,24
328765,328766,328790,2023-02-15 13:05:00,2023-02-15 13:10:00,2023-02-15 15:10:00,1,24
328865,328866,328890,2023-02-15 21:25:00,2023-02-15 21:30:00,2023-02-15 23:30:00,-1,24
328889,328890,328914,2023-02-15 23:25:00,2023-02-15 23:30:00,2023-02-16 01:30:00,1,24
328915,328916,328940,2023-02-16 01:35:00,2023-02-16 01:40:00,2023-02-16 03:40:00,-1,24
328997,328998,329022,2023-02-16 08:25:00,2023-02-16 08:30:00,2023-02-16 10:30:00,-1,24
329024,329025,329049,2023-02-16 10:40:00,2023-02-16 10:45:00,2023-02-16 12:45:00,1,24
329082,329083,329107,2023-02-16 15:30:00,2023-02-16 15:35:00,2023-02-16 17:35:00,-1,24
329129,329130,329154,2023-02-16 19:25:00,2023-02-16 19:30:00,2023-02-16 21:30:00,-1,24
329153,329154,329178,2023-02-16 21:25:00,2023-02-16 21:30:00,2023-02-16 23:30:00,-1,24
329213,329214,329238,2023-02-17 02:25:00,2023-02-17 02:30:00,2023-02-17 04:30:00,1,24
329253,329254,329278,2023-02-17 05:45:00,2023-02-17 05:50:00,2023-02-17 07:50:00,-1,24
329284,329285,329309,2023-02-17 08:20:00,2023-02-17 08:25:00,2023-02-17 10:25:00,-1,24
329313,329314,329338,2023-02-17 10:45:00,2023-02-17 10:50:00,2023-02-17 12:50:00,1,24
329346,329347,329371,2023-02-17 13:30:00,2023-02-17 13:35:00,2023-02-17 15:35:00,1,24
329386,329387,329411,2023-02-17 16:50:00,2023-02-17 16:55:00,2023-02-17 18:55:00,1,24
329420,329421,329445,2023-02-17 19:40:00,2023-02-17 19:45:00,2023-02-17 21:45:00,1,24
329479,329480,329504,2023-02-18 00:35:00,2023-02-18 00:40:00,2023-02-18 02:40:00,1,24
329512,329513,329537,2023-02-18 03:20:00,2023-02-18 03:25:00,2023-02-18 05:25:00,-1,24
329555,329556,329580,2023-02-18 06:55:00,2023-02-18 07:00:00,2023-02-18 09:00:00,-1,24
329582,329583,329607,2023-02-18 09:10:00,2023-02-18 09:15:00,2023-02-18 11:15:00,1,24
329612,329613,329637,2023-02-18 11:40:00,2023-02-18 11:45:00,2023-02-18 13:45:00,-1,24
329640,329641,329665,2023-02-18 14:00:00,2023-02-18 14:05:00,2023-02-18 16:05:00,1,24
329666,329667,329691,2023-02-18 16:10:00,2023-02-18 16:15:00,2023-02-18 18:15:00,1,24
329698,329699,329723,2023-02-18 18:50:00,2023-02-18 18:55:00,2023-02-18 20:55:00,1,24
329722,329723,329747,2023-02-18 20:50:00,2023-02-18 20:55:00,2023-02-18 22:55:00,1,24
329751,329752,329776,2023-02-18 23:15:00,2023-02-18 23:20:00,2023-02-19 01:20:00,1,24
329778,329779,329803,2023-02-19 01:30:00,2023-02-19 01:35:00,2023-02-19 03:35:00,-1,24
329867,329868,329892,2023-02-19 08:55:00,2023-02-19 09:00:00,2023-02-19 11:00:00,-1,24
329903,329904,329928,2023-02-19 11:55:00,2023-02-19 12:00:00,2023-02-19 14:00:00,1,24
329928,329929,329953,2023-02-19 14:00:00,2023-02-19 14:05:00,2023-02-19 16:05:00,1,24
329981,329982,330006,2023-02-19 18:25:00,2023-02-19 18:30:00,2023-02-19 20:30:00,-1,24
330006,330007,330031,2023-02-19 20:30:00,2023-02-19 20:35:00,2023-02-19 22:35:00,-1,24
330031,330032,330056,2023-02-19 22:35:00,2023-02-19 22:40:00,2023-02-20 00:40:00,1,24
330056,330057,330081,2023-02-20 00:40:00,2023-02-20 00:45:00,2023-02-20 02:45:00,1,24
330088,330089,330113,2023-02-20 03:20:00,2023-02-20 03:25:00,2023-02-20 05:25:00,-1,24
330114,330115,330139,2023-02-20 05:30:00,2023-02-20 05:35:00,2023-02-20 07:35:00,-1,24
330150,330151,330175,2023-02-20 08:30:00,2023-02-20 08:35:00,2023-02-20 10:35:00,-1,24
330180,330181,330205,2023-02-20 11:00:00,2023-02-20 11:05:00,2023-02-20 13:05:00,1,24
330216,330217,330241,2023-02-20 14:00:00,2023-02-20 14:05:00,2023-02-20 16:05:00,1,24
330246,330247,330271,2023-02-20 16:30:00,2023-02-20 16:35:00,2023-02-20 18:35:00,-1,24
330277,330278,330302,2023-02-20 19:05:00,2023-02-20 19:10:00,2023-02-20 21:10:00,-1,24
330302,330303,330327,2023-02-20 21:10:00,2023-02-20 21:15:00,2023-02-20 23:15:00,-1,24
330327,330328,330352,2023-02-20 23:15:00,2023-02-20 23:20:00,2023-02-21 01:20:00,-1,24
330380,330381,330405,2023-02-21 03:40:00,2023-02-21 03:45:00,2023-02-21 05:45:00,-1,24
330409,330410,330434,2023-02-21 06:05:00,2023-02-21 06:10:00,2023-02-21 08:10:00,1,24
330455,330456,330480,2023-02-21 09:55:00,2023-02-21 10:00:00,2023-02-21 12:00:00,-1,24
330489,330490,330514,2023-02-21 12:45:00,2023-02-21 12:50:00,2023-02-21 14:50:00,-1,24
330517,330518,330542,2023-02-21 15:05:00,2023-02-21 15:10:00,2023-02-21 17:10:00,-1,24
330557,330558,330582,2023-02-21 18:25:00,2023-02-21 18:30:00,2023-02-21 20:30:00,1,24
330587,330588,330612,2023-02-21 20:55:00,2023-02-21 21:00:00,2023-02-21 23:00:00,1,24
330619,330620,330644,2023-02-21 23:35:00,2023-02-21 23:40:00,2023-02-22 01:40:00,1,24
330663,330664,330688,2023-02-22 03:15:00,2023-02-22 03:20:00,2023-02-22 05:20:00,1,24
330698,330699,330723,2023-02-22 06:10:00,2023-02-22 06:15:00,2023-02-22 08:15:00,-1,24
330762,330763,330787,2023-02-22 11:30:00,2023-02-22 11:35:00,2023-02-22 13:35:00,1,24
330790,330791,330815,2023-02-22 13:50:00,2023-02-22 13:55:00,2023-02-22 15:55:00,1,24
330818,330819,330843,2023-02-22 16:10:00,2023-02-22 16:15:00,2023-02-22 18:15:00,1,24
330845,330846,330870,2023-02-22 18:25:00,2023-02-22 18:30:00,2023-02-22 20:30:00,-1,24
330882,330883,330907,2023-02-22 21:30:00,2023-02-22 21:35:00,2023-02-22 23:35:00,-1,24
330922,330923,330947,2023-02-23 00:50:00,2023-02-23 00:55:00,2023-02-23 02:55:00,1,24
330946,330947,330971,2023-02-23 02:50:00,2023-02-23 02:55:00,2023-02-23 04:55:00,1,24
331003,331004,331028,2023-02-23 07:35:00,2023-02-23 07:40:00,2023-02-23 09:40:00,1,24
331028,331029,331053,2023-02-23 09:40:00,2023-02-23 09:45:00,2023-02-23 11:45:00,-1,24
331131,331132,331156,2023-02-23 18:15:00,2023-02-23 18:20:00,2023-02-23 20:20:00,-1,24
331158,331159,331183,2023-02-23 20:30:00,2023-02-23 20:35:00,2023-02-23 22:35:00,-1,24
331182,331183,331207,2023-02-23 22:30:00,2023-02-23 22:35:00,2023-02-24 00:35:00,-1,24
331206,331207,331231,2023-02-24 00:30:00,2023-02-24 00:35:00,2023-02-24 02:35:00,1,24
331232,331233,331257,2023-02-24 02:40:00,2023-02-24 02:45:00,2023-02-24 04:45:00,-1,24
331257,331258,331282,2023-02-24 04:45:00,2023-02-24 04:50:00,2023-02-24 06:50:00,-1,24
331281,331282,331306,2023-02-24 06:45:00,2023-02-24 06:50:00,2023-02-24 08:50:00,-1,24
331317,331318,331342,2023-02-24 09:45:00,2023-02-24 09:50:00,2023-02-24 11:50:00,-1,24
331352,331353,331377,2023-02-24 12:40:00,2023-02-24 12:45:00,2023-02-24 14:45:00,1,24
331377,331378,331402,2023-02-24 14:45:00,2023-02-24 14:50:00,2023-02-24 16:50:00,1,24
331417,331418,331442,2023-02-24 18:05:00,2023-02-24 18:10:00,2023-02-24 20:10:00,-1,24
331455,331456,331480,2023-02-24 21:15:00,2023-02-24 21:20:00,2023-02-24 23:20:00,-1,24
331486,331487,331511,2023-02-24 23:50:00,2023-02-24 23:55:00,2023-02-25 01:55:00,-1,24
331517,331518,331542,2023-02-25 02:25:00,2023-02-25 02:30:00,2023-02-25 04:30:00,-1,24
331568,331569,331593,2023-02-25 06:40:00,2023-02-25 06:45:00,2023-02-25 08:45:00,1,24
331609,331610,331634,2023-02-25 10:05:00,2023-02-25 10:10:00,2023-02-25 12:10:00,-1,24
331633,331634,331658,2023-02-25 12:05:00,2023-02-25 12:10:00,2023-02-25 14:10:00,-1,24
331666,331667,331691,2023-02-25 14:50:00,2023-02-25 14:55:00,2023-02-25 16:55:00,1,24
331702,331703,331727,2023-02-25 17:50:00,2023-02-25 17:55:00,2023-02-25 19:55:00,-1,24
331741,331742,331766,2023-02-25 21:05:00,2023-02-25 21:10:00,2023-02-25 23:10:00,1,24
331803,331804,331828,2023-02-26 02:15:00,2023-02-26 02:20:00,2023-02-26 04:20:00,-1,24
331836,331837,331861,2023-02-26 05:00:00,2023-02-26 05:05:00,2023-02-26 07:05:00,1,24
331868,331869,331893,2023-02-26 07:40:00,2023-02-26 07:45:00,2023-02-26 09:45:00,-1,24
331892,331893,331917,2023-02-26 09:40:00,2023-02-26 09:45:00,2023-02-26 11:45:00,1,24
331918,331919,331943,2023-02-26 11:50:00,2023-02-26 11:55:00,2023-02-26 13:55:00,-1,24
331963,331964,331988,2023-02-26 15:35:00,2023-02-26 15:40:00,2023-02-26 17:40:00,-1,24
332032,332033,332057,2023-02-26 21:20:00,2023-02-26 21:25:00,2023-02-26 23:25:00,-1,24
332058,332059,332083,2023-02-26 23:30:00,2023-02-26 23:35:00,2023-02-27 01:35:00,-1,24
332097,332098,332122,2023-02-27 02:45:00,2023-02-27 02:50:00,2023-02-27 04:50:00,-1,24
332123,332124,332148,2023-02-27 04:55:00,2023-02-27 05:00:00,2023-02-27 07:00:00,1,24
332151,332152,332176,2023-02-27 07:15:00,2023-02-27 07:20:00,2023-02-27 09:20:00,-1,24
332177,332178,332202,2023-02-27 09:25:00,2023-02-27 09:30:00,2023-02-27 11:30:00,1,24
332275,332276,332300,2023-02-27 17:35:00,2023-02-27 17:40:00,2023-02-27 19:40:00,-1,24
332299,332300,332324,2023-02-27 19:35:00,2023-02-27 19:40:00,2023-02-27 21:40:00,1,24
332327,332328,332352,2023-02-27 21:55:00,2023-02-27 22:00:00,2023-02-28 00:00:00,1,24
332351,332352,332376,2023-02-27 23:55:00,2023-02-28 00:00:00,2023-02-28 02:00:00,1,24
332376,332377,332401,2023-02-28 02:00:00,2023-02-28 02:05:00,2023-02-28 04:05:00,1,24
332405,332406,332430,2023-02-28 04:25:00,2023-02-28 04:30:00,2023-02-28 06:30:00,1,24
332438,332439,332463,2023-02-28 07:10:00,2023-02-28 07:15:00,2023-02-28 09:15:00,1,24
332483,332484,332508,2023-02-28 10:55:00,2023-02-28 11:00:00,2023-02-28 13:00:00,-1,24
332521,332522,332546,2023-02-28 14:05:00,2023-02-28 14:10:00,2023-02-28 16:10:00,1,24
332554,332555,332579,2023-02-28 16:50:00,2023-02-28 16:55:00,2023-02-28 18:55:00,-1,24
332602,332603,332627,2023-02-28 20:50:00,2023-02-28 20:55:00,2023-02-28 22:55:00,-1,24
332634,332635,332659,2023-02-28 23:30:00,2023-02-28 23:35:00,2023-03-01 01:35:00,1,24
332663,332664,332688,2023-03-01 01:55:00,2023-03-01 02:00:00,2023-03-01 04:00:00,1,24
332715,332716,332740,2023-03-01 06:15:00,2023-03-01 06:20:00,2023-03-01 08:20:00,1,24
332740,332741,332765,2023-03-01 08:20:00,2023-03-01 08:25:00,2023-03-01 10:25:00,-1,24
332765,332766,332790,2023-03-01 10:25:00,2023-03-01 10:30:00,2023-03-01 12:30:00,1,24
332839,332840,332864,2023-03-01 16:35:00,2023-03-01 16:40:00,2023-03-01 18:40:00,-1,24
332865,332866,332890,2023-03-01 18:45:00,2023-03-01 18:50:00,2023-03-01 20:50:00,-1,24
332904,332905,332929,2023-03-01 22:00:00,2023-03-01 22:05:00,2023-03-02 00:05:00,-1,24
332944,332945,332969,2023-03-02 01:20:00,2023-03-02 01:25:00,2023-03-02 03:25:00,1,24
332971,332972,332996,2023-03-02 03:35:00,2023-03-02 03:40:00,2023-03-02 05:40:00,-1,24
333014,333015,333039,2023-03-02 07:10:00,2023-03-02 07:15:00,2023-03-02 09:15:00,-1,24
333046,333047,333071,2023-03-02 09:50:00,2023-03-02 09:55:00,2023-03-02 11:55:00,-1,24
333070,333071,333095,2023-03-02 11:50:00,2023-03-02 11:55:00,2023-03-02 13:55:00,1,24
333105,333106,333130,2023-03-02 14:45:00,2023-03-02 14:50:00,2023-03-02 16:50:00,1,24
333131,333132,333156,2023-03-02 16:55:00,2023-03-02 17:00:00,2023-03-02 19:00:00,-1,24
333157,333158,333182,2023-03-02 19:05:00,2023-03-02 19:10:00,2023-03-02 21:10:00,1,24
333188,333189,333213,2023-03-02 21:40:00,2023-03-02 21:45:00,2023-03-02 23:45:00,1,24
333213,333214,333238,2023-03-02 23:45:00,2023-03-02 23:50:00,2023-03-03 01:50:00,1,24
333287,333288,333312,2023-03-03 05:55:00,2023-03-03 06:00:00,2023-03-03 08:00:00,-1,24
333315,333316,333340,2023-03-03 08:15:00,2023-03-03 08:20:00,2023-03-03 10:20:00,-1,24
333340,333341,333365,2023-03-03 10:20:00,2023-03-03 10:25:00,2023-03-03 12:25:00,-1,24
333372,333373,333397,2023-03-03 13:00:00,2023-03-03 13:05:00,2023-03-03 15:05:00,1,24
333401,333402,333426,2023-03-03 15:25:00,2023-03-03 15:30:00,2023-03-03 17:30:00,1,24
333427,333428,333452,2023-03-03 17:35:00,2023-03-03 17:40:00,2023-03-03 19:40:00,1,24
333451,333452,333476,2023-03-03 19:35:00,2023-03-03 19:40:00,2023-03-03 21:40:00,1,24
333475,333476,333500,2023-03-03 21:35:00,2023-03-03 21:40:00,2023-03-03 23:40:00,1,24
333503,333504,333528,2023-03-03 23:55:00,2023-03-04 00:00:00,2023-03-04 02:00:00,-1,24
333554,333555,333579,2023-03-04 04:10:00,2023-03-04 04:15:00,2023-03-04 06:15:00,1,24
333582,333583,333607,2023-03-04 06:30:00,2023-03-04 06:35:00,2023-03-04 08:35:00,-1,24
333631,333632,333656,2023-03-04 10:35:00,2023-03-04 10:40:00,2023-03-04 12:40:00,1,24
333662,333663,333687,2023-03-04 13:10:00,2023-03-04 13:15:00,2023-03-04 15:15:00,1,24
333709,333710,333734,2023-03-04 17:05:00,2023-03-04 17:10:00,2023-03-04 19:10:00,-1,24
333776,333777,333801,2023-03-04 22:40:00,2023-03-04 22:45:00,2023-03-05 00:45:00,1,24
333804,333805,333829,2023-03-05 01:00:00,2023-03-05 01:05:00,2023-03-05 03:05:00,1,24
333833,333834,333858,2023-03-05 03:25:00,2023-03-05 03:30:00,2023-03-05 05:30:00,1,24
333871,333872,333896,2023-03-05 06:35:00,2023-03-05 06:40:00,2023-03-05 08:40:00,1,24
333901,333902,333926,2023-03-05 09:05:00,2023-03-05 09:10:00,2023-03-05 11:10:00,-1,24
333931,333932,333956,2023-03-05 11:35:00,2023-03-05 11:40:00,2023-03-05 13:40:00,1,24
333968,333969,333993,2023-03-05 14:40:00,2023-03-05 14:45:00,2023-03-05 16:45:00,-1,24
334002,334003,334027,2023-03-05 17:30:00,2023-03-05 17:35:00,2023-03-05 19:35:00,1,24
334050,334051,334075,2023-03-05 21:30:00,2023-03-05 21:35:00,2023-03-05 23:35:00,-1,24
334087,334088,334112,2023-03-06 00:35:00,2023-03-06 00:40:00,2023-03-06 02:40:00,-1,24
334115,334116,334140,2023-03-06 02:55:00,2023-03-06 03:00:00,2023-03-06 05:00:00,-1,24
334140,334141,334165,2023-03-06 05:00:00,2023-03-06 05:05:00,2023-03-06 07:05:00,1,24
334168,334169,334193,2023-03-06 07:20:00,2023-03-06 07:25:00,2023-03-06 09:25:00,1,24
334215,334216,334240,2023-03-06 11:15:00,2023-03-06 11:20:00,2023-03-06 13:20:00,-1,24
334241,334242,334266,2023-03-06 13:25:00,2023-03-06 13:30:00,2023-03-06 15:30:00,1,24
334276,334277,334301,2023-03-06 16:20:00,2023-03-06 16:25:00,2023-03-06 18:25:00,1,24
334301,334302,334326,2023-03-06 18:25:00,2023-03-06 18:30:00,2023-03-06 20:30:00,-1,24
334330,334331,334355,2023-03-06 20:50:00,2023-03-06 20:55:00,2023-03-06 22:55:00,1,24
334354,334355,334379,2023-03-06 22:50:00,2023-03-06 22:55:00,2023-03-07 00:55:00,-1,24
334378,334379,334403,2023-03-07 00:50:00,2023-03-07 00:55:00,2023-03-07 02:55:00,-1,24
334431,334432,334456,2023-03-07 05:15:00,2023-03-07 05:20:00,2023-03-07 07:20:00,-1,24
334459,334460,334484,2023-03-07 07:35:00,2023-03-07 07:40:00,2023-03-07 09:40:00,1,24
334489,334490,334514,2023-03-07 10:05:00,2023-03-07 10:10:00,2023-03-07 12:10:00,-1,24
334513,334514,334538,2023-03-07 12:05:00,2023-03-07 12:10:00,2023-03-07 14:10:00,1,24
334538,334539,334563,2023-03-07 14:10:00,2023-03-07 14:15:00,2023-03-07 16:15:00,-1,24
334570,334571,334595,2023-03-07 16:50:00,2023-03-07 16:55:00,2023-03-07 18:55:00,1,24
334596,334597,334621,2023-03-07 19:00:00,2023-03-07 19:05:00,2023-03-07 21:05:00,-1,24
334624,334625,334649,2023-03-07 21:20:00,2023-03-07 21:25:00,2023-03-07 23:25:00,-1,24
334649,334650,334674,2023-03-07 23:25:00,2023-03-07 23:30:00,2023-03-08 01:30:00,1,24
334674,334675,334699,2023-03-08 01:30:00,2023-03-08 01:35:00,2023-03-08 03:35:00,-1,24
334699,334700,334724,2023-03-08 03:35:00,2023-03-08 03:40:00,2023-03-08 05:40:00,-1,24
334730,334731,334755,2023-03-08 06:10:00,2023-03-08 06:15:00,2023-03-08 08:15:00,-1,24
334793,334794,334818,2023-03-08 11:25:00,2023-03-08 11:30:00,2023-03-08 13:30:00,1,24
334829,334830,334854,2023-03-08 14:25:00,2023-03-08 14:30:00,2023-03-08 16:30:00,1,24
334856,334857,334881,2023-03-08 16:40:00,2023-03-08 16:45:00,2023-03-08 18:45:00,-1,24
334888,334889,334913,2023-03-08 19:20:00,2023-03-08 19:25:00,2023-03-08 21:25:00,-1,24
334913,334914,334938,2023-03-08 21:25:00,2023-03-08 21:30:00,2023-03-08 23:30:00,-1,24
334940,334941,334965,2023-03-08 23:40:00,2023-03-08 23:45:00,2023-03-09 01:45:00,-1,24
334965,334966,334990,2023-03-09 01:45:00,2023-03-09 01:50:00,2023-03-09 03:50:00,-1,24
334996,334997,335021,2023-03-09 04:20:00,2023-03-09 04:25:00,2023-03-09 06:25:00,1,24
335028,335029,335053,2023-03-09 07:00:00,2023-03-09 07:05:00,2023-03-09 09:05:00,-1,24
335055,335056,335080,2023-03-09 09:15:00,2023-03-09 09:20:00,2023-03-09 11:20:00,1,24
335088,335089,335113,2023-03-09 12:00:00,2023-03-09 12:05:00,2023-03-09 14:05:00,1,24
335154,335155,335179,2023-03-09 17:30:00,2023-03-09 17:35:00,2023-03-09 19:35:00,-1,24
335221,335222,335246,2023-03-09 23:05:00,2023-03-09 23:10:00,2023-03-10 01:10:00,1,24
335258,335259,335283,2023-03-10 02:10:00,2023-03-10 02:15:00,2023-03-10 04:15:00,-1,24
335285,335286,335310,2023-03-10 04:25:00,2023-03-10 04:30:00,2023-03-10 06:30:00,1,24
335331,335332,335356,2023-03-10 08:15:00,2023-03-10 08:20:00,2023-03-10 10:20:00,1,24
335392,335393,335417,2023-03-10 13:20:00,2023-03-10 13:25:00,2023-03-10 15:25:00,-1,24
335443,335444,335468,2023-03-10 17:35:00,2023-03-10 17:40:00,2023-03-10 19:40:00,-1,24
335478,335479,335503,2023-03-10 20:30:00,2023-03-10 20:35:00,2023-03-10 22:35:00,1,24
335503,335504,335528,2023-03-10 22:35:00,2023-03-10 22:40:00,2023-03-11 00:40:00,-1,24
335537,335538,335562,2023-03-11 01:25:00,2023-03-11 01:30:00,2023-03-11 03:30:00,-1,24
335563,335564,335588,2023-03-11 03:35:00,2023-03-11 03:40:00,2023-03-11 05:40:00,-1,24
335587,335588,335612,2023-03-11 05:35:00,2023-03-11 05:40:00,2023-03-11 07:40:00,1,24
335650,335651,335675,2023-03-11 10:50:00,2023-03-11 10:55:00,2023-03-11 12:55:00,-1,24
335696,335697,335721,2023-03-11 14:40:00,2023-03-11 14:45:00,2023-03-11 16:45:00,1,24
335721,335722,335746,2023-03-11 16:45:00,2023-03-11 16:50:00,2023-03-11 18:50:00,-1,24
335762,335763,335787,2023-03-11 20:10:00,2023-03-11 20:15:00,2023-03-11 22:15:00,-1,24
335788,335789,335813,2023-03-11 22:20:00,2023-03-11 22:25:00,2023-03-12 00:25:00,-1,24
335851,335852,335876,2023-03-12 03:35:00,2023-03-12 03:40:00,2023-03-12 05:40:00,-1,24
335879,335880,335904,2023-03-12 05:55:00,2023-03-12 06:00:00,2023-03-12 08:00:00,1,24
335910,335911,335935,2023-03-12 08:30:00,2023-03-12 08:35:00,2023-03-12 10:35:00,-1,24
335940,335941,335965,2023-03-12 11:00:00,2023-03-12 11:05:00,2023-03-12 13:05:00,-1,24
335964,335965,335989,2023-03-12 13:00:00,2023-03-12 13:05:00,2023-03-12 15:05:00,1,24
335992,335993,336017,2023-03-12 15:20:00,2023-03-12 15:25:00,2023-03-12 17:25:00,-1,24
336112,336113,336137,2023-03-13 01:20:00,2023-03-13 01:25:00,2023-03-13 03:25:00,-1,24
336141,336142,336166,2023-03-13 03:45:00,2023-03-13 03:50:00,2023-03-13 05:50:00,1,24
336165,336166,336190,2023-03-13 05:45:00,2023-03-13 05:50:00,2023-03-13 07:50:00,-1,24
336246,336247,336271,2023-03-13 12:30:00,2023-03-13 12:35:00,2023-03-13 14:35:00,-1,24
336361,336362,336386,2023-03-13 22:05:00,2023-03-13 22:10:00,2023-03-14 00:10:00,-1,24
336412,336413,336437,2023-03-14 02:20:00,2023-03-14 02:25:00,2023-03-14 04:25:00,-1,24
336440,336441,336465,2023-03-14 04:40:00,2023-03-14 04:45:00,2023-03-14 06:45:00,1,24
336466,336467,336491,2023-03-14 06:50:00,2023-03-14 06:55:00,2023-03-14 08:55:00,1,24
336525,336526,336550,2023-03-14 11:45:00,2023-03-14 11:50:00,2023-03-14 13:50:00,1,24
336590,336591,336615,2023-03-14 17:10:00,2023-03-14 17:15:00,2023-03-14 19:15:00,-1,24
336662,336663,336687,2023-03-14 23:10:00,2023-03-14 23:15:00,2023-03-15 01:15:00,-1,24
336703,336704,336728,2023-03-15 02:35:00,2023-03-15 02:40:00,2023-03-15 04:40:00,1,24
336731,336732,336756,2023-03-15 04:55:00,2023-03-15 05:00:00,2023-03-15 07:00:00,1,24
336793,336794,336818,2023-03-15 10:05:00,2023-03-15 10:10:00,2023-03-15 12:10:00,-1,24
336917,336918,336942,2023-03-15 20:25:00,2023-03-15 20:30:00,2023-03-15 22:30:00,1,24
336946,336947,336971,2023-03-15 22:50:00,2023-03-15 22:55:00,2023-03-16 00:55:00,-1,24
336975,336976,337000,2023-03-16 01:15:00,2023-03-16 01:20:00,2023-03-16 03:20:00,-1,24
337001,337002,337026,2023-03-16 03:25:00,2023-03-16 03:30:00,2023-03-16 05:30:00,-1,24
337036,337037,337061,2023-03-16 06:20:00,2023-03-16 06:25:00,2023-03-16 08:25:00,-1,24
337067,337068,337092,2023-03-16 08:55:00,2023-03-16 09:00:00,2023-03-16 11:00:00,1,24
337161,337162,337186,2023-03-16 16:45:00,2023-03-16 16:50:00,2023-03-16 18:50:00,-1,24
337197,337198,337222,2023-03-16 19:45:00,2023-03-16 19:50:00,2023-03-16 21:50:00,1,24
337225,337226,337250,2023-03-16 22:05:00,2023-03-16 22:10:00,2023-03-17 00:10:00,1,24
337258,337259,337283,2023-03-17 00:50:00,2023-03-17 00:55:00,2023-03-17 02:55:00,-1,24
337296,337297,337321,2023-03-17 04:00:00,2023-03-17 04:05:00,2023-03-17 06:05:00,1,24
337342,337343,337367,2023-03-17 07:50:00,2023-03-17 07:55:00,2023-03-17 09:55:00,1,24
337461,337462,337486,2023-03-17 17:45:00,2023-03-17 17:50:00,2023-03-17 19:50:00,-1,24
337485,337486,337510,2023-03-17 19:45:00,2023-03-17 19:50:00,2023-03-17 21:50:00,1,24
337557,337558,337582,2023-03-18 01:45:00,2023-03-18 01:50:00,2023-03-18 03:50:00,-1,24
337588,337589,337613,2023-03-18 04:20:00,2023-03-18 04:25:00,2023-03-18 06:25:00,-1,24
337619,337620,337644,2023-03-18 06:55:00,2023-03-18 07:00:00,2023-03-18 09:00:00,-1,24
337646,337647,337671,2023-03-18 09:10:00,2023-03-18 09:15:00,2023-03-18 11:15:00,-1,24
337673,337674,337698,2023-03-18 11:25:00,2023-03-18 11:30:00,2023-03-18 13:30:00,1,24
337703,337704,337728,2023-03-18 13:55:00,2023-03-18 14:00:00,2023-03-18 16:00:00,1,24
337761,337762,337786,2023-03-18 18:45:00,2023-03-18 18:50:00,2023-03-18 20:50:00,1,24
337798,337799,337823,2023-03-18 21:50:00,2023-03-18 21:55:00,2023-03-18 23:55:00,-1,24
337825,337826,337850,2023-03-19 00:05:00,2023-03-19 00:10:00,2023-03-19 02:10:00,-1,24
337849,337850,337874,2023-03-19 02:05:00,2023-03-19 02:10:00,2023-03-19 04:10:00,1,24
337881,337882,337906,2023-03-19 04:45:00,2023-03-19 04:50:00,2023-03-19 06:50:00,1,24
337912,337913,337937,2023-03-19 07:20:00,2023-03-19 07:25:00,2023-03-19 09:25:00,-1,24
337978,337979,338003,2023-03-19 12:50:00,2023-03-19 12:55:00,2023-03-19 14:55:00,1,24
338020,338021,338045,2023-03-19 16:20:00,2023-03-19 16:25:00,2023-03-19 18:25:00,-1,24
338070,338071,338095,2023-03-19 20:30:00,2023-03-19 20:35:00,2023-03-19 22:35:00,-1,24
338095,338096,338120,2023-03-19 22:35:00,2023-03-19 22:40:00,2023-03-20 00:40:00,-1,24
338122,338123,338147,2023-03-20 00:50:00,2023-03-20 00:55:00,2023-03-20 02:55:00,-1,24
338150,338151,338175,2023-03-20 03:10:00,2023-03-20 03:15:00,2023-03-20 05:15:00,1,24
338182,338183,338207,2023-03-20 05:50:00,2023-03-20 05:55:00,2023-03-20 07:55:00,-1,24
338256,338257,338281,2023-03-20 12:00:00,2023-03-20 12:05:00,2023-03-20 14:05:00,1,24
338321,338322,338346,2023-03-20 17:25:00,2023-03-20 17:30:00,2023-03-20 19:30:00,-1,24
338348,338349,338373,2023-03-20 19:40:00,2023-03-20 19:45:00,2023-03-20 21:45:00,-1,24
338375,338376,338400,2023-03-20 21:55:00,2023-03-20 22:00:00,2023-03-21 00:00:00,1,24
338403,338404,338428,2023-03-21 00:15:00,2023-03-21 00:20:00,2023-03-21 02:20:00,-1,24
338429,338430,338454,2023-03-21 02:25:00,2023-03-21 02:30:00,2023-03-21 04:30:00,1,24
338470,338471,338495,2023-03-21 05:50:00,2023-03-21 05:55:00,2023-03-21 07:55:00,-1,24
338494,338495,338519,2023-03-21 07:50:00,2023-03-21 07:55:00,2023-03-21 09:55:00,1,24
338529,338530,338554,2023-03-21 10:45:00,2023-03-21 10:50:00,2023-03-21 12:50:00,1,24
338582,338583,338607,2023-03-21 15:10:00,2023-03-21 15:15:00,2023-03-21 17:15:00,1,24
338633,338634,338658,2023-03-21 19:25:00,2023-03-21 19:30:00,2023-03-21 21:30:00,1,24
338672,338673,338697,2023-03-21 22:40:00,2023-03-21 22:45:00,2023-03-22 00:45:00,-1,24
338699,338700,338724,2023-03-22 00:55:00,2023-03-22 01:00:00,2023-03-22 03:00:00,1,24
338736,338737,338761,2023-03-22 04:00:00,2023-03-22 04:05:00,2023-03-22 06:05:00,1,24
338767,338768,338792,2023-03-22 06:35:00,2023-03-22 06:40:00,2023-03-22 08:40:00,1,24
338813,338814,338838,2023-03-22 10:25:00,2023-03-22 10:30:00,2023-03-22 12:30:00,-1,24
338840,338841,338865,2023-03-22 12:40:00,2023-03-22 12:45:00,2023-03-22 14:45:00,1,24
339013,339014,339038,2023-03-23 03:05:00,2023-03-23 03:10:00,2023-03-23 05:10:00,1,24
339066,339067,339091,2023-03-23 07:30:00,2023-03-23 07:35:00,2023-03-23 09:35:00,1,24
339107,339108,339132,2023-03-23 10:55:00,2023-03-23 11:00:00,2023-03-23 13:00:00,1,24
339242,339243,339267,2023-03-23 22:10:00,2023-03-23 22:15:00,2023-03-24 00:15:00,-1,24
339276,339277,339301,2023-03-24 01:00:00,2023-03-24 01:05:00,2023-03-24 03:05:00,-1,24
339304,339305,339329,2023-03-24 03:20:00,2023-03-24 03:25:00,2023-03-24 05:25:00,-1,24
339356,339357,339381,2023-03-24 07:40:00,2023-03-24 07:45:00,2023-03-24 09:45:00,-1,24
339414,339415,339439,2023-03-24 12:30:00,2023-03-24 12:35:00,2023-03-24 14:35:00,1,24
339485,339486,339510,2023-03-24 18:25:00,2023-03-24 18:30:00,2023-03-24 20:30:00,-1,24
339547,339548,339572,2023-03-24 23:35:00,2023-03-24 23:40:00,2023-03-25 01:40:00,-1,24
339575,339576,339600,2023-03-25 01:55:00,2023-03-25 02:00:00,2023-03-25 04:00:00,-1,24
339600,339601,339625,2023-03-25 04:00:00,2023-03-25 04:05:00,2023-03-25 06:05:00,-1,24
339628,339629,339653,2023-03-25 06:20:00,2023-03-25 06:25:00,2023-03-25 08:25:00,-1,24
339664,339665,339689,2023-03-25 09:20:00,2023-03-25 09:25:00,2023-03-25 11:25:00,1,24
339705,339706,339730,2023-03-25 12:45:00,2023-03-25 12:50:00,2023-03-25 14:50:00,-1,24
339769,339770,339794,2023-03-25 18:05:00,2023-03-25 18:10:00,2023-03-25 20:10:00,-1,24
339805,339806,339830,2023-03-25 21:05:00,2023-03-25 21:10:00,2023-03-25 23:10:00,1,24
339832,339833,339857,2023-03-25 23:20:00,2023-03-25 23:25:00,2023-03-26 01:25:00,1,24
339857,339858,339882,2023-03-26 01:25:00,2023-03-26 01:30:00,2023-03-26 03:30:00,1,24
339881,339882,339906,2023-03-26 03:25:00,2023-03-26 03:30:00,2023-03-26 05:30:00,1,24
339906,339907,339931,2023-03-26 05:30:00,2023-03-26 05:35:00,2023-03-26 07:35:00,-1,24
339932,339933,339957,2023-03-26 07:40:00,2023-03-26 07:45:00,2023-03-26 09:45:00,1,24
339956,339957,339981,2023-03-26 09:40:00,2023-03-26 09:45:00,2023-03-26 11:45:00,-1,24
339995,339996,340020,2023-03-26 12:55:00,2023-03-26 13:00:00,2023-03-26 15:00:00,1,24
340051,340052,340076,2023-03-26 17:35:00,2023-03-26 17:40:00,2023-03-26 19:40:00,1,24
340075,340076,340100,2023-03-26 19:35:00,2023-03-26 19:40:00,2023-03-26 21:40:00,1,24
340112,340113,340137,2023-03-26 22:40:00,2023-03-26 22:45:00,2023-03-27 00:45:00,1,24
340140,340141,340165,2023-03-27 01:00:00,2023-03-27 01:05:00,2023-03-27 03:05:00,-1,24
340178,340179,340203,2023-03-27 04:10:00,2023-03-27 04:15:00,2023-03-27 06:15:00,-1,24
340248,340249,340273,2023-03-27 10:00:00,2023-03-27 10:05:00,2023-03-27 12:05:00,-1,24
340274,340275,340299,2023-03-27 12:10:00,2023-03-27 12:15:00,2023-03-27 14:15:00,1,24
340362,340363,340387,2023-03-27 19:30:00,2023-03-27 19:35:00,2023-03-27 21:35:00,1,24
340398,340399,340423,2023-03-27 22:30:00,2023-03-27 22:35:00,2023-03-28 00:35:00,1,24
340462,340463,340487,2023-03-28 03:50:00,2023-03-28 03:55:00,2023-03-28 05:55:00,-1,24
340486,340487,340511,2023-03-28 05:50:00,2023-03-28 05:55:00,2023-03-28 07:55:00,1,24
340513,340514,340538,2023-03-28 08:05:00,2023-03-28 08:10:00,2023-03-28 10:10:00,-1,24
340549,340550,340574,2023-03-28 11:05:00,2023-03-28 11:10:00,2023-03-28 13:10:00,1,24
340591,340592,340616,2023-03-28 14:35:00,2023-03-28 14:40:00,2023-03-28 16:40:00,-1,24
340615,340616,340640,2023-03-28 16:35:00,2023-03-28 16:40:00,2023-03-28 18:40:00,-1,24
340639,340640,340664,2023-03-28 18:35:00,2023-03-28 18:40:00,2023-03-28 20:40:00,-1,24
340697,340698,340722,2023-03-28 23:25:00,2023-03-28 23:30:00,2023-03-29 01:30:00,1,24
340729,340730,340754,2023-03-29 02:05:00,2023-03-29 02:10:00,2023-03-29 04:10:00,1,24
340763,340764,340788,2023-03-29 04:55:00,2023-03-29 05:00:00,2023-03-29 07:00:00,1,24
340856,340857,340881,2023-03-29 12:40:00,2023-03-29 12:45:00,2023-03-29 14:45:00,1,24
340887,340888,340912,2023-03-29 15:15:00,2023-03-29 15:20:00,2023-03-29 17:20:00,1,24
340919,340920,340944,2023-03-29 17:55:00,2023-03-29 18:00:00,2023-03-29 20:00:00,-1,24
340958,340959,340983,2023-03-29 21:10:00,2023-03-29 21:15:00,2023-03-29 23:15:00,1,24
340994,340995,341019,2023-03-30 00:10:00,2023-03-30 00:15:00,2023-03-30 02:15:00,-1,24
341065,341066,341090,2023-03-30 06:05:00,2023-03-30 06:10:00,2023-03-30 08:10:00,1,24
341103,341104,341128,2023-03-30 09:15:00,2023-03-30 09:20:00,2023-03-30 11:20:00,-1,24
341143,341144,341168,2023-03-30 12:35:00,2023-03-30 12:40:00,2023-03-30 14:40:00,1,24
341198,341199,341223,2023-03-30 17:10:00,2023-03-30 17:15:00,2023-03-30 19:15:00,1,24
341240,341241,341265,2023-03-30 20:40:00,2023-03-30 20:45:00,2023-03-30 22:45:00,-1,24
341264,341265,341289,2023-03-30 22:40:00,2023-03-30 22:45:00,2023-03-31 00:45:00,1,24
341304,341305,341329,2023-03-31 02:00:00,2023-03-31 02:05:00,2023-03-31 04:05:00,1,24
341328,341329,341353,2023-03-31 04:00:00,2023-03-31 04:05:00,2023-03-31 06:05:00,-1,24
341360,341361,341385,2023-03-31 06:40:00,2023-03-31 06:45:00,2023-03-31 08:45:00,-1,24
341387,341388,341412,2023-03-31 08:55:00,2023-03-31 09:00:00,2023-03-31 11:00:00,1,24
341411,341412,341436,2023-03-31 10:55:00,2023-03-31 11:00:00,2023-03-31 13:00:00,-1,24
341451,341452,341476,2023-03-31 14:15:00,2023-03-31 14:20:00,2023-03-31 16:20:00,-1,24
341496,341497,341521,2023-03-31 18:00:00,2023-03-31 18:05:00,2023-03-31 20:05:00,-1,24
341539,341540,341564,2023-03-31 21:35:00,2023-03-31 21:40:00,2023-03-31 23:40:00,1,24
341605,341606,341630,2023-04-01 03:05:00,2023-04-01 03:10:00,2023-04-01 05:10:00,1,24
341676,341677,341701,2023-04-01 09:00:00,2023-04-01 09:05:00,2023-04-01 11:05:00,1,24
341702,341703,341727,2023-04-01 11:10:00,2023-04-01 11:15:00,2023-04-01 13:15:00,-1,24
341734,341735,341759,2023-04-01 13:50:00,2023-04-01 13:55:00,2023-04-01 15:55:00,-1,24
341768,341769,341793,2023-04-01 16:40:00,2023-04-01 16:45:00,2023-04-01 18:45:00,1,24
341799,341800,341824,2023-04-01 19:15:00,2023-04-01 19:20:00,2023-04-01 21:20:00,-1,24
341825,341826,341850,2023-04-01 21:25:00,2023-04-01 21:30:00,2023-04-01 23:30:00,1,24
341856,341857,341881,2023-04-02 00:00:00,2023-04-02 00:05:00,2023-04-02 02:05:00,1,24
341883,341884,341908,2023-04-02 02:15:00,2023-04-02 02:20:00,2023-04-02 04:20:00,1,24
341908,341909,341933,2023-04-02 04:20:00,2023-04-02 04:25:00,2023-04-02 06:25:00,-1,24
341936,341937,341961,2023-04-02 06:40:00,2023-04-02 06:45:00,2023-04-02 08:45:00,1,24
341962,341963,341987,2023-04-02 08:50:00,2023-04-02 08:55:00,2023-04-02 10:55:00,-1,24
342024,342025,342049,2023-04-02 14:00:00,2023-04-02 14:05:00,2023-04-02 16:05:00,1,24
342061,342062,342086,2023-04-02 17:05:00,2023-04-02 17:10:00,2023-04-02 19:10:00,-1,24
342086,342087,342111,2023-04-02 19:10:00,2023-04-02 19:15:00,2023-04-02 21:15:00,1,24
342122,342123,342147,2023-04-02 22:10:00,2023-04-02 22:15:00,2023-04-03 00:15:00,1,24
342148,342149,342173,2023-04-03 00:20:00,2023-04-03 00:25:00,2023-04-03 02:25:00,1,24
342173,342174,342198,2023-04-03 02:25:00,2023-04-03 02:30:00,2023-04-03 04:30:00,-1,24
342208,342209,342233,2023-04-03 05:20:00,2023-04-03 05:25:00,2023-04-03 07:25:00,1,24
342237,342238,342262,2023-04-03 07:45:00,2023-04-03 07:50:00,2023-04-03 09:50:00,-1,24
342283,342284,342308,2023-04-03 11:35:00,2023-04-03 11:40:00,2023-04-03 13:40:00,1,24
342317,342318,342342,2023-04-03 14:25:00,2023-04-03 14:30:00,2023-04-03 16:30:00,1,24
342351,342352,342376,2023-04-03 17:15:00,2023-04-03 17:20:00,2023-04-03 19:20:00,1,24
342448,342449,342473,2023-04-04 01:20:00,2023-04-04 01:25:00,2023-04-04 03:25:00,-1,24
342476,342477,342501,2023-04-04 03:40:00,2023-04-04 03:45:00,2023-04-04 05:45:00,-1,24
342502,342503,342527,2023-04-04 05:50:00,2023-04-04 05:55:00,2023-04-04 07:55:00,-1,24
342543,342544,342568,2023-04-04 09:15:00,2023-04-04 09:20:00,2023-04-04 11:20:00,1,24
342575,342576,342600,2023-04-04 11:55:00,2023-04-04 12:00:00,2023-04-04 14:00:00,1,24
342621,342622,342646,2023-04-04 15:45:00,2023-04-04 15:50:00,2023-04-04 17:50:00,-1,24
342645,342646,342670,2023-04-04 17:45:00,2023-04-04 17:50:00,2023-04-04 19:50:00,-1,24
342678,342679,342703,2023-04-04 20:30:00,2023-04-04 20:35:00,2023-04-04 22:35:00,-1,24
342702,342703,342727,2023-04-04 22:30:00,2023-04-04 22:35:00,2023-04-05 00:35:00,-1,24
342735,342736,342760,2023-04-05 01:15:00,2023-04-05 01:20:00,2023-04-05 03:20:00,1,24
342777,342778,342802,2023-04-05 04:45:00,2023-04-05 04:50:00,2023-04-05 06:50:00,1,24
342803,342804,342828,2023-04-05 06:55:00,2023-04-05 07:00:00,2023-04-05 09:00:00,1,24
342833,342834,342858,2023-04-05 09:25:00,2023-04-05 09:30:00,2023-04-05 11:30:00,-1,24
342860,342861,342885,2023-04-05 11:40:00,2023-04-05 11:45:00,2023-04-05 13:45:00,-1,24
342887,342888,342912,2023-04-05 13:55:00,2023-04-05 14:00:00,2023-04-05 16:00:00,-1,24
342921,342922,342946,2023-04-05 16:45:00,2023-04-05 16:50:00,2023-04-05 18:50:00,-1,24
342961,342962,342986,2023-04-05 20:05:00,2023-04-05 20:10:00,2023-04-05 22:10:00,1,24
342989,342990,343014,2023-04-05 22:25:00,2023-04-05 22:30:00,2023-04-06 00:30:00,1,24
343018,343019,343043,2023-04-06 00:50:00,2023-04-06 00:55:00,2023-04-06 02:55:00,1,24
343054,343055,343079,2023-04-06 03:50:00,2023-04-06 03:55:00,2023-04-06 05:55:00,1,24
343079,343080,343104,2023-04-06 05:55:00,2023-04-06 06:00:00,2023-04-06 08:00:00,1,24
343106,343107,343131,2023-04-06 08:10:00,2023-04-06 08:15:00,2023-04-06 10:15:00,-1,24
343142,343143,343167,2023-04-06 11:10:00,2023-04-06 11:15:00,2023-04-06 13:15:00,-1,24
343184,343185,343209,2023-04-06 14:40:00,2023-04-06 14:45:00,2023-04-06 16:45:00,1,24
343212,343213,343237,2023-04-06 17:00:00,2023-04-06 17:05:00,2023-04-06 19:05:00,1,24
343237,343238,343262,2023-04-06 19:05:00,2023-04-06 19:10:00,2023-04-06 21:10:00,-1,24
343265,343266,343290,2023-04-06 21:25:00,2023-04-06 21:30:00,2023-04-06 23:30:00,1,24
343307,343308,343332,2023-04-07 00:55:00,2023-04-07 01:00:00,2023-04-07 03:00:00,-1,24
343333,343334,343358,2023-04-07 03:05:00,2023-04-07 03:10:00,2023-04-07 05:10:00,1,24
343368,343369,343393,2023-04-07 06:00:00,2023-04-07 06:05:00,2023-04-07 08:05:00,-1,24
343394,343395,343419,2023-04-07 08:10:00,2023-04-07 08:15:00,2023-04-07 10:15:00,-1,24
343421,343422,343446,2023-04-07 10:25:00,2023-04-07 10:30:00,2023-04-07 12:30:00,1,24
343460,343461,343485,2023-04-07 13:40:00,2023-04-07 13:45:00,2023-04-07 15:45:00,1,24
343485,343486,343510,2023-04-07 15:45:00,2023-04-07 15:50:00,2023-04-07 17:50:00,-1,24
343518,343519,343543,2023-04-07 18:30:00,2023-04-07 18:35:00,2023-04-07 20:35:00,-1,24
343543,343544,343568,2023-04-07 20:35:00,2023-04-07 20:40:00,2023-04-07 22:40:00,-1,24
343571,343572,343596,2023-04-07 22:55:00,2023-04-07 23:00:00,2023-04-08 01:00:00,-1,24
343595,343596,343620,2023-04-08 00:55:00,2023-04-08 01:00:00,2023-04-08 03:00:00,-1,24
343623,343624,343648,2023-04-08 03:15:00,2023-04-08 03:20:00,2023-04-08 05:20:00,1,24
343647,343648,343672,2023-04-08 05:15:00,2023-04-08 05:20:00,2023-04-08 07:20:00,-1,24
343674,343675,343699,2023-04-08 07:30:00,2023-04-08 07:35:00,2023-04-08 09:35:00,-1,24
343714,343715,343739,2023-04-08 10:50:00,2023-04-08 10:55:00,2023-04-08 12:55:00,-1,24
343738,343739,343763,2023-04-08 12:50:00,2023-04-08 12:55:00,2023-04-08 14:55:00,-1,24
343767,343768,343792,2023-04-08 15:15:00,2023-04-08 15:20:00,2023-04-08 17:20:00,1,24
343791,343792,343816,2023-04-08 17:15:00,2023-04-08 17:20:00,2023-04-08 19:20:00,-1,24
343819,343820,343844,2023-04-08 19:35:00,2023-04-08 19:40:00,2023-04-08 21:40:00,1,24
343861,343862,343886,2023-04-08 23:05:00,2023-04-08 23:10:00,2023-04-09 01:10:00,-1,24
343886,343887,343911,2023-04-09 01:10:00,2023-04-09 01:15:00,2023-04-09 03:15:00,1,24
343929,343930,343954,2023-04-09 04:45:00,2023-04-09 04:50:00,2023-04-09 06:50:00,1,24
343954,343955,343979,2023-04-09 06:50:00,2023-04-09 06:55:00,2023-04-09 08:55:00,1,24
343988,343989,344013,2023-04-09 09:40:00,2023-04-09 09:45:00,2023-04-09 11:45:00,-1,24
344016,344017,344041,2023-04-09 12:00:00,2023-04-09 12:05:00,2023-04-09 14:05:00,-1,24
344062,344063,344087,2023-04-09 15:50:00,2023-04-09 15:55:00,2023-04-09 17:55:00,1,24
344105,344106,344130,2023-04-09 19:25:00,2023-04-09 19:30:00,2023-04-09 21:30:00,1,24
344139,344140,344164,2023-04-09 22:15:00,2023-04-09 22:20:00,2023-04-10 00:20:00,1,24
344173,344174,344198,2023-04-10 01:05:00,2023-04-10 01:10:00,2023-04-10 03:10:00,-1,24
344199,344200,344224,2023-04-10 03:15:00,2023-04-10 03:20:00,2023-04-10 05:20:00,-1,24
344223,344224,344248,2023-04-10 05:15:00,2023-04-10 05:20:00,2023-04-10 07:20:00,-1,24
344254,344255,344279,2023-04-10 07:50:00,2023-04-10 07:55:00,2023-04-10 09:55:00,-1,24
344288,344289,344313,2023-04-10 10:40:00,2023-04-10 10:45:00,2023-04-10 12:45:00,1,24
344312,344313,344337,2023-04-10 12:40:00,2023-04-10 12:45:00,2023-04-10 14:45:00,1,24
344346,344347,344371,2023-04-10 15:30:00,2023-04-10 15:35:00,2023-04-10 17:35:00,1,24
344395,344396,344420,2023-04-10 19:35:00,2023-04-10 19:40:00,2023-04-10 21:40:00,-1,24
344421,344422,344446,2023-04-10 21:45:00,2023-04-10 21:50:00,2023-04-10 23:50:00,-1,24
344446,344447,344471,2023-04-10 23:50:00,2023-04-10 23:55:00,2023-04-11 01:55:00,1,24
344505,344506,344530,2023-04-11 04:45:00,2023-04-11 04:50:00,2023-04-11 06:50:00,-1,24
344564,344565,344589,2023-04-11 09:40:00,2023-04-11 09:45:00,2023-04-11 11:45:00,-1,24
344594,344595,344619,2023-04-11 12:10:00,2023-04-11 12:15:00,2023-04-11 14:15:00,-1,24
344662,344663,344687,2023-04-11 17:50:00,2023-04-11 17:55:00,2023-04-11 19:55:00,-1,24
344705,344706,344730,2023-04-11 21:25:00,2023-04-11 21:30:00,2023-04-11 23:30:00,1,24
344734,344735,344759,2023-04-11 23:50:00,2023-04-11 23:55:00,2023-04-12 01:55:00,-1,24
344759,344760,344784,2023-04-12 01:55:00,2023-04-12 02:00:00,2023-04-12 04:00:00,-1,24
344788,344789,344813,2023-04-12 04:20:00,2023-04-12 04:25:00,2023-04-12 06:25:00,1,24
344845,344846,344870,2023-04-12 09:05:00,2023-04-12 09:10:00,2023-04-12 11:10:00,1,24
344935,344936,344960,2023-04-12 16:35:00,2023-04-12 16:40:00,2023-04-12 18:40:00,1,24
344962,344963,344987,2023-04-12 18:50:00,2023-04-12 18:55:00,2023-04-12 20:55:00,-1,24
345007,345008,345032,2023-04-12 22:35:00,2023-04-12 22:40:00,2023-04-13 00:40:00,-1,24
345035,345036,345060,2023-04-13 00:55:00,2023-04-13 01:00:00,2023-04-13 03:00:00,1,24
345062,345063,345087,2023-04-13 03:10:00,2023-04-13 03:15:00,2023-04-13 05:15:00,1,24
345093,345094,345118,2023-04-13 05:45:00,2023-04-13 05:50:00,2023-04-13 07:50:00,-1,24
345137,345138,345162,2023-04-13 09:25:00,2023-04-13 09:30:00,2023-04-13 11:30:00,1,24
345176,345177,345201,2023-04-13 12:40:00,2023-04-13 12:45:00,2023-04-13 14:45:00,-1,24
345200,345201,345225,2023-04-13 14:40:00,2023-04-13 14:45:00,2023-04-13 16:45:00,1,24
345231,345232,345256,2023-04-13 17:15:00,2023-04-13 17:20:00,2023-04-13 19:20:00,1,24
345263,345264,345288,2023-04-13 19:55:00,2023-04-13 20:00:00,2023-04-13 22:00:00,-1,24
345294,345295,345319,2023-04-13 22:30:00,2023-04-13 22:35:00,2023-04-14 00:35:00,-1,24
345341,345342,345366,2023-04-14 02:25:00,2023-04-14 02:30:00,2023-04-14 04:30:00,-1,24
345368,345369,345393,2023-04-14 04:40:00,2023-04-14 04:45:00,2023-04-14 06:45:00,1,24
345455,345456,345480,2023-04-14 11:55:00,2023-04-14 12:00:00,2023-04-14 14:00:00,-1,24
345521,345522,345546,2023-04-14 17:25:00,2023-04-14 17:30:00,2023-04-14 19:30:00,-1,24
345583,345584,345608,2023-04-14 22:35:00,2023-04-14 22:40:00,2023-04-15 00:40:00,-1,24
345613,345614,345638,2023-04-15 01:05:00,2023-04-15 01:10:00,2023-04-15 03:10:00,1,24
345647,345648,345672,2023-04-15 03:55:00,2023-04-15 04:00:00,2023-04-15 06:00:00,-1,24
345698,345699,345723,2023-04-15 08:10:00,2023-04-15 08:15:00,2023-04-15 10:15:00,1,24
345737,345738,345762,2023-04-15 11:25:00,2023-04-15 11:30:00,2023-04-15 13:30:00,1,24
345767,345768,345792,2023-04-15 13:55:00,2023-04-15 14:00:00,2023-04-15 16:00:00,-1,24
345804,345805,345829,2023-04-15 17:00:00,2023-04-15 17:05:00,2023-04-15 19:05:00,-1,24
345838,345839,345863,2023-04-15 19:50:00,2023-04-15 19:55:00,2023-04-15 21:55:00,-1,24
345873,345874,345898,2023-04-15 22:45:00,2023-04-15 22:50:00,2023-04-16 00:50:00,1,24
345922,345923,345947,2023-04-16 02:50:00,2023-04-16 02:55:00,2023-04-16 04:55:00,-1,24
345951,345952,345976,2023-04-16 05:15:00,2023-04-16 05:20:00,2023-04-16 07:20:00,1,24
345985,345986,346010,2023-04-16 08:05:00,2023-04-16 08:10:00,2023-04-16 10:10:00,1,24
346010,346011,346035,2023-04-16 10:10:00,2023-04-16 10:15:00,2023-04-16 12:15:00,-1,24
346038,346039,346063,2023-04-16 12:30:00,2023-04-16 12:35:00,2023-04-16 14:35:00,1,24
346077,346078,346102,2023-04-16 15:45:00,2023-04-16 15:50:00,2023-04-16 17:50:00,-1,24
346130,346131,346155,2023-04-16 20:10:00,2023-04-16 20:15:00,2023-04-16 22:15:00,-1,24
346162,346163,346187,2023-04-16 22:50:00,2023-04-16 22:55:00,2023-04-17 00:55:00,-1,24
346193,346194,346218,2023-04-17 01:25:00,2023-04-17 01:30:00,2023-04-17 03:30:00,-1,24
346218,346219,346243,2023-04-17 03:30:00,2023-04-17 03:35:00,2023-04-17 05:35:00,1,24
346246,346247,346271,2023-04-17 05:50:00,2023-04-17 05:55:00,2023-04-17 07:55:00,-1,24
346278,346279,346303,2023-04-17 08:30:00,2023-04-17 08:35:00,2023-04-17 10:35:00,1,24
346305,346306,346330,2023-04-17 10:45:00,2023-04-17 10:50:00,2023-04-17 12:50:00,1,24
346356,346357,346381,2023-04-17 15:00:00,2023-04-17 15:05:00,2023-04-17 17:05:00,-1,24
346382,346383,346407,2023-04-17 17:10:00,2023-04-17 17:15:00,2023-04-17 19:15:00,-1,24
346414,346415,346439,2023-04-17 19:50:00,2023-04-17 19:55:00,2023-04-17 21:55:00,1,24
346448,346449,346473,2023-04-17 22:40:00,2023-04-17 22:45:00,2023-04-18 00:45:00,-1,24
346476,346477,346501,2023-04-18 01:00:00,2023-04-18 01:05:00,2023-04-18 03:05:00,-1,24
346506,346507,346531,2023-04-18 03:30:00,2023-04-18 03:35:00,2023-04-18 05:35:00,-1,24
346535,346536,346560,2023-04-18 05:55:00,2023-04-18 06:00:00,2023-04-18 08:00:00,-1,24
346566,346567,346591,2023-04-18 08:30:00,2023-04-18 08:35:00,2023-04-18 10:35:00,1,24
346631,346632,346656,2023-04-18 13:55:00,2023-04-18 14:00:00,2023-04-18 16:00:00,1,24
346668,346669,346693,2023-04-18 17:00:00,2023-04-18 17:05:00,2023-04-18 19:05:00,1,24
346697,346698,346722,2023-04-18 19:25:00,2023-04-18 19:30:00,2023-04-18 21:30:00,-1,24
346721,346722,346746,2023-04-18 21:25:00,2023-04-18 21:30:00,2023-04-18 23:30:00,1,24
346749,346750,346774,2023-04-18 23:45:00,2023-04-18 23:50:00,2023-04-19 01:50:00,1,24
346775,346776,346800,2023-04-19 01:55:00,2023-04-19 02:00:00,2023-04-19 04:00:00,1,24
346802,346803,346827,2023-04-19 04:10:00,2023-04-19 04:15:00,2023-04-19 06:15:00,-1,24
346831,346832,346856,2023-04-19 06:35:00,2023-04-19 06:40:00,2023-04-19 08:40:00,-1,24
346868,346869,346893,2023-04-19 09:40:00,2023-04-19 09:45:00,2023-04-19 11:45:00,-1,24
346931,346932,346956,2023-04-19 14:55:00,2023-04-19 15:00:00,2023-04-19 17:00:00,1,24
346973,346974,346998,2023-04-19 18:25:00,2023-04-19 18:30:00,2023-04-19 20:30:00,1,24
346999,347000,347024,2023-04-19 20:35:00,2023-04-19 20:40:00,2023-04-19 22:40:00,-1,24
347056,347057,347081,2023-04-20 01:20:00,2023-04-20 01:25:00,2023-04-20 03:25:00,-1,24
347086,347087,347111,2023-04-20 03:50:00,2023-04-20 03:55:00,2023-04-20 05:55:00,-1,24
347112,347113,347137,2023-04-20 06:00:00,2023-04-20 06:05:00,2023-04-20 08:05:00,-1,24
347153,347154,347178,2023-04-20 09:25:00,2023-04-20 09:30:00,2023-04-20 11:30:00,1,24
347183,347184,347208,2023-04-20 11:55:00,2023-04-20 12:00:00,2023-04-20 14:00:00,-1,24
347217,347218,347242,2023-04-20 14:45:00,2023-04-20 14:50:00,2023-04-20 16:50:00,1,24
347255,347256,347280,2023-04-20 17:55:00,2023-04-20 18:00:00,2023-04-20 20:00:00,1,24
347301,347302,347326,2023-04-20 21:45:00,2023-04-20 21:50:00,2023-04-20 23:50:00,1,24
347326,347327,347351,2023-04-20 23:50:00,2023-04-20 23:55:00,2023-04-21 01:55:00,-1,24
347356,347357,347381,2023-04-21 02:20:00,2023-04-21 02:25:00,2023-04-21 04:25:00,-1,24
347390,347391,347415,2023-04-21 05:10:00,2023-04-21 05:15:00,2023-04-21 07:15:00,-1,24
347427,347428,347452,2023-04-21 08:15:00,2023-04-21 08:20:00,2023-04-21 10:20:00,-1,24
347474,347475,347499,2023-04-21 12:10:00,2023-04-21 12:15:00,2023-04-21 14:15:00,-1,24
347506,347507,347531,2023-04-21 14:50:00,2023-04-21 14:55:00,2023-04-21 16:55:00,-1,24
347531,347532,347556,2023-04-21 16:55:00,2023-04-21 17:00:00,2023-04-21 19:00:00,1,24
347589,347590,347614,2023-04-21 21:45:00,2023-04-21 21:50:00,2023-04-21 23:50:00,1,24
347629,347630,347654,2023-04-22 01:05:00,2023-04-22 01:10:00,2023-04-22 03:10:00,1,24
347662,347663,347687,2023-04-22 03:50:00,2023-04-22 03:55:00,2023-04-22 05:55:00,-1,24
347691,347692,347716,2023-04-22 06:15:00,2023-04-22 06:20:00,2023-04-22 08:20:00,1,24
347718,347719,347743,2023-04-22 08:30:00,2023-04-22 08:35:00,2023-04-22 10:35:00,1,24
347761,347762,347786,2023-04-22 12:05:00,2023-04-22 12:10:00,2023-04-22 14:10:00,-1,24
347787,347788,347812,2023-04-22 14:15:00,2023-04-22 14:20:00,2023-04-22 16:20:00,-1,24
347821,347822,347846,2023-04-22 17:05:00,2023-04-22 17:10:00,2023-04-22 19:10:00,-1,24
347846,347847,347871,2023-04-22 19:10:00,2023-04-22 19:15:00,2023-04-22 21:15:00,-1,24
347891,347892,347916,2023-04-22 22:55:00,2023-04-22 23:00:00,2023-04-23 01:00:00,-1,24
347916,347917,347941,2023-04-23 01:00:00,2023-04-23 01:05:00,2023-04-23 03:05:00,-1,24
347940,347941,347965,2023-04-23 03:00:00,2023-04-23 03:05:00,2023-04-23 05:05:00,1,24
347966,347967,347991,2023-04-23 05:10:00,2023-04-23 05:15:00,2023-04-23 07:15:00,1,24
347996,347997,348021,2023-04-23 07:40:00,2023-04-23 07:45:00,2023-04-23 09:45:00,-1,24
348023,348024,348048,2023-04-23 09:55:00,2023-04-23 10:00:00,2023-04-23 12:00:00,1,24
348057,348058,348082,2023-04-23 12:45:00,2023-04-23 12:50:00,2023-04-23 14:50:00,-1,24
348088,348089,348113,2023-04-23 15:20:00,2023-04-23 15:25:00,2023-04-23 17:25:00,1,24
348117,348118,348142,2023-04-23 17:45:00,2023-04-23 17:50:00,2023-04-23 19:50:00,1,24
348150,348151,348175,2023-04-23 20:30:00,2023-04-23 20:35:00,2023-04-23 22:35:00,1,24
348176,348177,348201,2023-04-23 22:40:00,2023-04-23 22:45:00,2023-04-24 00:45:00,-1,24
348217,348218,348242,2023-04-24 02:05:00,2023-04-24 02:10:00,2023-04-24 04:10:00,-1,24
348250,348251,348275,2023-04-24 04:50:00,2023-04-24 04:55:00,2023-04-24 06:55:00,-1,24
348279,348280,348304,2023-04-24 07:15:00,2023-04-24 07:20:00,2023-04-24 09:20:00,-1,24
348307,348308,348332,2023-04-24 09:35:00,2023-04-24 09:40:00,2023-04-24 11:40:00,-1,24
348338,348339,348363,2023-04-24 12:10:00,2023-04-24 12:15:00,2023-04-24 14:15:00,1,24
348365,348366,348390,2023-04-24 14:25:00,2023-04-24 14:30:00,2023-04-24 16:30:00,1,24
348390,348391,348415,2023-04-24 16:30:00,2023-04-24 16:35:00,2023-04-24 18:35:00,-1,24
348424,348425,348449,2023-04-24 19:20:00,2023-04-24 19:25:00,2023-04-24 21:25:00,1,24
348464,348465,348489,2023-04-24 22:40:00,2023-04-24 22:45:00,2023-04-25 00:45:00,-1,24
348501,348502,348526,2023-04-25 01:45:00,2023-04-25 01:50:00,2023-04-25 03:50:00,1,24
348559,348560,348584,2023-04-25 06:35:00,2023-04-25 06:40:00,2023-04-25 08:40:00,-1,24
348597,348598,348622,2023-04-25 09:45:00,2023-04-25 09:50:00,2023-04-25 11:50:00,1,24
348667,348668,348692,2023-04-25 15:35:00,2023-04-25 15:40:00,2023-04-25 17:40:00,-1,24
348708,348709,348733,2023-04-25 19:00:00,2023-04-25 19:05:00,2023-04-25 21:05:00,-1,24
348742,348743,348767,2023-04-25 21:50:00,2023-04-25 21:55:00,2023-04-25 23:55:00,-1,24
348776,348777,348801,2023-04-26 00:40:00,2023-04-26 00:45:00,2023-04-26 02:45:00,1,24
348801,348802,348826,2023-04-26 02:45:00,2023-04-26 02:50:00,2023-04-26 04:50:00,1,24
348863,348864,348888,2023-04-26 07:55:00,2023-04-26 08:00:00,2023-04-26 10:00:00,-1,24
348950,348951,348975,2023-04-26 15:10:00,2023-04-26 15:15:00,2023-04-26 17:15:00,-1,24
348978,348979,349003,2023-04-26 17:30:00,2023-04-26 17:35:00,2023-04-26 19:35:00,1,24
349042,349043,349067,2023-04-26 22:50:00,2023-04-26 22:55:00,2023-04-27 00:55:00,-1,24
349091,349092,349116,2023-04-27 02:55:00,2023-04-27 03:00:00,2023-04-27 05:00:00,-1,24
349119,349120,349144,2023-04-27 05:15:00,2023-04-27 05:20:00,2023-04-27 07:20:00,1,24
349153,349154,349178,2023-04-27 08:05:00,2023-04-27 08:10:00,2023-04-27 10:10:00,1,24
349196,349197,349221,2023-04-27 11:40:00,2023-04-27 11:45:00,2023-04-27 13:45:00,1,24
349233,349234,349258,2023-04-27 14:45:00,2023-04-27 14:50:00,2023-04-27 16:50:00,-1,24
349282,349283,349307,2023-04-27 18:50:00,2023-04-27 18:55:00,2023-04-27 20:55:00,1,24
349306,349307,349331,2023-04-27 20:50:00,2023-04-27 20:55:00,2023-04-27 22:55:00,-1,24
349343,349344,349368,2023-04-27 23:55:00,2023-04-28 00:00:00,2023-04-28 02:00:00,-1,24
349371,349372,349396,2023-04-28 02:15:00,2023-04-28 02:20:00,2023-04-28 04:20:00,-1,24
349396,349397,349421,2023-04-28 04:20:00,2023-04-28 04:25:00,2023-04-28 06:25:00,-1,24
349432,349433,349457,2023-04-28 07:20:00,2023-04-28 07:25:00,2023-04-28 09:25:00,1,24
349460,349461,349485,2023-04-28 09:40:00,2023-04-28 09:45:00,2023-04-28 11:45:00,-1,24
349484,349485,349509,2023-04-28 11:40:00,2023-04-28 11:45:00,2023-04-28 13:45:00,-1,24
349550,349551,349575,2023-04-28 17:10:00,2023-04-28 17:15:00,2023-04-28 19:15:00,1,24
349576,349577,349601,2023-04-28 19:20:00,2023-04-28 19:25:00,2023-04-28 21:25:00,1,24
349602,349603,349627,2023-04-28 21:30:00,2023-04-28 21:35:00,2023-04-28 23:35:00,-1,24
349639,349640,349664,2023-04-29 00:35:00,2023-04-29 00:40:00,2023-04-29 02:40:00,1,24
349687,349688,349712,2023-04-29 04:35:00,2023-04-29 04:40:00,2023-04-29 06:40:00,1,24
349712,349713,349737,2023-04-29 06:40:00,2023-04-29 06:45:00,2023-04-29 08:45:00,-1,24
349747,349748,349772,2023-04-29 09:35:00,2023-04-29 09:40:00,2023-04-29 11:40:00,1,24
349778,349779,349803,2023-04-29 12:10:00,2023-04-29 12:15:00,2023-04-29 14:15:00,-1,24
349811,349812,349836,2023-04-29 14:55:00,2023-04-29 15:00:00,2023-04-29 17:00:00,1,24
349846,349847,349871,2023-04-29 17:50:00,2023-04-29 17:55:00,2023-04-29 19:55:00,-1,24
349871,349872,349896,2023-04-29 19:55:00,2023-04-29 20:00:00,2023-04-29 22:00:00,-1,24
349896,349897,349921,2023-04-29 22:00:00,2023-04-29 22:05:00,2023-04-30 00:05:00,-1,24
349922,349923,349947,2023-04-30 00:10:00,2023-04-30 00:15:00,2023-04-30 02:15:00,1,24
349954,349955,349979,2023-04-30 02:50:00,2023-04-30 02:55:00,2023-04-30 04:55:00,-1,24
349980,349981,350005,2023-04-30 05:00:00,2023-04-30 05:05:00,2023-04-30 07:05:00,-1,24
350026,350027,350051,2023-04-30 08:50:00,2023-04-30 08:55:00,2023-04-30 10:55:00,-1,24
350080,350081,350105,2023-04-30 13:20:00,2023-04-30 13:25:00,2023-04-30 15:25:00,-1,24
350120,350121,350145,2023-04-30 16:40:00,2023-04-30 16:45:00,2023-04-30 18:45:00,1,24
350147,350148,350172,2023-04-30 18:55:00,2023-04-30 19:00:00,2023-04-30 21:00:00,-1,24
350174,350175,350199,2023-04-30 21:10:00,2023-04-30 21:15:00,2023-04-30 23:15:00,-1,24
350203,350204,350228,2023-04-30 23:35:00,2023-04-30 23:40:00,2023-05-01 01:40:00,-1,24
350231,350232,350256,2023-05-01 01:55:00,2023-05-01 02:00:00,2023-05-01 04:00:00,-1,24
350294,350295,350319,2023-05-01 07:10:00,2023-05-01 07:15:00,2023-05-01 09:15:00,1,24
350318,350319,350343,2023-05-01 09:10:00,2023-05-01 09:15:00,2023-05-01 11:15:00,-1,24
350345,350346,350370,2023-05-01 11:25:00,2023-05-01 11:30:00,2023-05-01 13:30:00,1,24
350383,350384,350408,2023-05-01 14:35:00,2023-05-01 14:40:00,2023-05-01 16:40:00,1,24
350422,350423,350447,2023-05-01 17:50:00,2023-05-01 17:55:00,2023-05-01 19:55:00,-1,24
350465,350466,350490,2023-05-01 21:25:00,2023-05-01 21:30:00,2023-05-01 23:30:00,-1,24
350489,350490,350514,2023-05-01 23:25:00,2023-05-01 23:30:00,2023-05-02 01:30:00,-1,24
350513,350514,350538,2023-05-02 01:25:00,2023-05-02 01:30:00,2023-05-02 03:30:00,-1,24
350537,350538,350562,2023-05-02 03:25:00,2023-05-02 03:30:00,2023-05-02 05:30:00,-1,24
350567,350568,350592,2023-05-02 05:55:00,2023-05-02 06:00:00,2023-05-02 08:00:00,-1,24
350593,350594,350618,2023-05-02 08:05:00,2023-05-02 08:10:00,2023-05-02 10:10:00,-1,24
350621,350622,350646,2023-05-02 10:25:00,2023-05-02 10:30:00,2023-05-02 12:30:00,-1,24
350652,350653,350677,2023-05-02 13:00:00,2023-05-02 13:05:00,2023-05-02 15:05:00,-1,24
350681,350682,350706,2023-05-02 15:25:00,2023-05-02 15:30:00,2023-05-02 17:30:00,1,24
350708,350709,350733,2023-05-02 17:40:00,2023-05-02 17:45:00,2023-05-02 19:45:00,-1,24
350734,350735,350759,2023-05-02 19:50:00,2023-05-02 19:55:00,2023-05-02 21:55:00,1,24
350760,350761,350785,2023-05-02 22:00:00,2023-05-02 22:05:00,2023-05-03 00:05:00,-1,24
350785,350786,350810,2023-05-03 00:05:00,2023-05-03 00:10:00,2023-05-03 02:10:00,-1,24
350816,350817,350841,2023-05-03 02:40:00,2023-05-03 02:45:00,2023-05-03 04:45:00,1,24
350842,350843,350867,2023-05-03 04:50:00,2023-05-03 04:55:00,2023-05-03 06:55:00,1,24
350868,350869,350893,2023-05-03 07:00:00,2023-05-03 07:05:00,2023-05-03 09:05:00,-1,24
350905,350906,350930,2023-05-03 10:05:00,2023-05-03 10:10:00,2023-05-03 12:10:00,1,24
350938,350939,350963,2023-05-03 12:50:00,2023-05-03 12:55:00,2023-05-03 14:55:00,-1,24
350968,350969,350993,2023-05-03 15:20:00,2023-05-03 15:25:00,2023-05-03 17:25:00,1,24
351027,351028,351052,2023-05-03 20:15:00,2023-05-03 20:20:00,2023-05-03 22:20:00,-1,24
351060,351061,351085,2023-05-03 23:00:00,2023-05-03 23:05:00,2023-05-04 01:05:00,1,24
351086,351087,351111,2023-05-04 01:10:00,2023-05-04 01:15:00,2023-05-04 03:15:00,-1,24
351121,351122,351146,2023-05-04 04:05:00,2023-05-04 04:10:00,2023-05-04 06:10:00,-1,24
351152,351153,351177,2023-05-04 06:40:00,2023-05-04 06:45:00,2023-05-04 08:45:00,-1,24
351194,351195,351219,2023-05-04 10:10:00,2023-05-04 10:15:00,2023-05-04 12:15:00,1,24
351251,351252,351276,2023-05-04 14:55:00,2023-05-04 15:00:00,2023-05-04 17:00:00,1,24
351298,351299,351323,2023-05-04 18:50:00,2023-05-04 18:55:00,2023-05-04 20:55:00,-1,24
351325,351326,351350,2023-05-04 21:05:00,2023-05-04 21:10:00,2023-05-04 23:10:00,-1,24
351351,351352,351376,2023-05-04 23:15:00,2023-05-04 23:20:00,2023-05-05 01:20:00,-1,24
351399,351400,351424,2023-05-05 03:15:00,2023-05-05 03:20:00,2023-05-05 05:20:00,-1,24
351423,351424,351448,2023-05-05 05:15:00,2023-05-05 05:20:00,2023-05-05 07:20:00,1,24
351451,351452,351476,2023-05-05 07:35:00,2023-05-05 07:40:00,2023-05-05 09:40:00,1,24
351475,351476,351500,2023-05-05 09:35:00,2023-05-05 09:40:00,2023-05-05 11:40:00,-1,24
351506,351507,351531,2023-05-05 12:10:00,2023-05-05 12:15:00,2023-05-05 14:15:00,-1,24
351547,351548,351572,2023-05-05 15:35:00,2023-05-05 15:40:00,2023-05-05 17:40:00,1,24
351574,351575,351599,2023-05-05 17:50:00,2023-05-05 17:55:00,2023-05-05 19:55:00,1,24
351602,351603,351627,2023-05-05 20:10:00,2023-05-05 20:15:00,2023-05-05 22:15:00,1,24
351643,351644,351668,2023-05-05 23:35:00,2023-05-05 23:40:00,2023-05-06 01:40:00,1,24
351668,351669,351693,2023-05-06 01:40:00,2023-05-06 01:45:00,2023-05-06 03:45:00,-1,24
351693,351694,351718,2023-05-06 03:45:00,2023-05-06 03:50:00,2023-05-06 05:50:00,-1,24
351723,351724,351748,2023-05-06 06:15:00,2023-05-06 06:20:00,2023-05-06 08:20:00,-1,24
351770,351771,351795,2023-05-06 10:10:00,2023-05-06 10:15:00,2023-05-06 12:15:00,-1,24
351806,351807,351831,2023-05-06 13:10:00,2023-05-06 13:15:00,2023-05-06 15:15:00,-1,24
351845,351846,351870,2023-05-06 16:25:00,2023-05-06 16:30:00,2023-05-06 18:30:00,-1,24
351877,351878,351902,2023-05-06 19:05:00,2023-05-06 19:10:00,2023-05-06 21:10:00,1,24
351915,351916,351940,2023-05-06 22:15:00,2023-05-06 22:20:00,2023-05-07 00:20:00,-1,24
351950,351951,351975,2023-05-07 01:10:00,2023-05-07 01:15:00,2023-05-07 03:15:00,1,24
351976,351977,352001,2023-05-07 03:20:00,2023-05-07 03:25:00,2023-05-07 05:25:00,-1,24
352003,352004,352028,2023-05-07 05:35:00,2023-05-07 05:40:00,2023-05-07 07:40:00,1,24
352030,352031,352055,2023-05-07 07:50:00,2023-05-07 07:55:00,2023-05-07 09:55:00,-1,24
352068,352069,352093,2023-05-07 11:00:00,2023-05-07 11:05:00,2023-05-07 13:05:00,-1,24
352099,352100,352124,2023-05-07 13:35:00,2023-05-07 13:40:00,2023-05-07 15:40:00,-1,24
352125,352126,352150,2023-05-07 15:45:00,2023-05-07 15:50:00,2023-05-07 17:50:00,-1,24
352149,352150,352174,2023-05-07 17:45:00,2023-05-07 17:50:00,2023-05-07 19:50:00,-1,24
352183,352184,352208,2023-05-07 20:35:00,2023-05-07 20:40:00,2023-05-07 22:40:00,1,24
352212,352213,352237,2023-05-07 23:00:00,2023-05-07 23:05:00,2023-05-08 01:05:00,-1,24
352238,352239,352263,2023-05-08 01:10:00,2023-05-08 01:15:00,2023-05-08 03:15:00,1,24
352284,352285,352309,2023-05-08 05:00:00,2023-05-08 05:05:00,2023-05-08 07:05:00,-1,24
352348,352349,352373,2023-05-08 10:20:00,2023-05-08 10:25:00,2023-05-08 12:25:00,-1,24
352414,352415,352439,2023-05-08 15:50:00,2023-05-08 15:55:00,2023-05-08 17:55:00,-1,24
352448,352449,352473,2023-05-08 18:40:00,2023-05-08 18:45:00,2023-05-08 20:45:00,-1,24
352483,352484,352508,2023-05-08 21:35:00,2023-05-08 21:40:00,2023-05-08 23:40:00,-1,24
352519,352520,352544,2023-05-09 00:35:00,2023-05-09 00:40:00,2023-05-09 02:40:00,1,24
352544,352545,352569,2023-05-09 02:40:00,2023-05-09 02:45:00,2023-05-09 04:45:00,1,24
352577,352578,352602,2023-05-09 05:25:00,2023-05-09 05:30:00,2023-05-09 07:30:00,1,24
352601,352602,352626,2023-05-09 07:25:00,2023-05-09 07:30:00,2023-05-09 09:30:00,-1,24
352628,352629,352653,2023-05-09 09:40:00,2023-05-09 09:45:00,2023-05-09 11:45:00,1,24
352663,352664,352688,2023-05-09 12:35:00,2023-05-09 12:40:00,2023-05-09 14:40:00,-1,24
352693,352694,352718,2023-05-09 15:05:00,2023-05-09 15:10:00,2023-05-09 17:10:00,-1,24
352728,352729,352753,2023-05-09 18:00:00,2023-05-09 18:05:00,2023-05-09 20:05:00,-1,24
352758,352759,352783,2023-05-09 20:30:00,2023-05-09 20:35:00,2023-05-09 22:35:00,1,24
352788,352789,352813,2023-05-09 23:00:00,2023-05-09 23:05:00,2023-05-10 01:05:00,-1,24
352818,352819,352843,2023-05-10 01:30:00,2023-05-10 01:35:00,2023-05-10 03:35:00,1,24
352842,352843,352867,2023-05-10 03:30:00,2023-05-10 03:35:00,2023-05-10 05:35:00,-1,24
352886,352887,352911,2023-05-10 07:10:00,2023-05-10 07:15:00,2023-05-10 09:15:00,1,24
352911,352912,352936,2023-05-10 09:15:00,2023-05-10 09:20:00,2023-05-10 11:20:00,-1,24
352967,352968,352992,2023-05-10 13:55:00,2023-05-10 14:00:00,2023-05-10 16:00:00,1,24
353062,353063,353087,2023-05-10 21:50:00,2023-05-10 21:55:00,2023-05-10 23:55:00,-1,24
353104,353105,353129,2023-05-11 01:20:00,2023-05-11 01:25:00,2023-05-11 03:25:00,1,24
353140,353141,353165,2023-05-11 04:20:00,2023-05-11 04:25:00,2023-05-11 06:25:00,1,24
353167,353168,353192,2023-05-11 06:35:00,2023-05-11 06:40:00,2023-05-11 08:40:00,1,24
353199,353200,353224,2023-05-11 09:15:00,2023-05-11 09:20:00,2023-05-11 11:20:00,1,24
353227,353228,353252,2023-05-11 11:35:00,2023-05-11 11:40:00,2023-05-11 13:40:00,-1,24
353279,353280,353304,2023-05-11 15:55:00,2023-05-11 16:00:00,2023-05-11 18:00:00,-1,24
353316,353317,353341,2023-05-11 19:00:00,2023-05-11 19:05:00,2023-05-11 21:05:00,1,24
353347,353348,353372,2023-05-11 21:35:00,2023-05-11 21:40:00,2023-05-11 23:40:00,-1,24
353372,353373,353397,2023-05-11 23:40:00,2023-05-11 23:45:00,2023-05-12 01:45:00,-1,24
353428,353429,353453,2023-05-12 04:20:00,2023-05-12 04:25:00,2023-05-12 06:25:00,-1,24
353475,353476,353500,2023-05-12 08:15:00,2023-05-12 08:20:00,2023-05-12 10:20:00,1,24
353509,353510,353534,2023-05-12 11:05:00,2023-05-12 11:10:00,2023-05-12 13:10:00,-1,24
353534,353535,353559,2023-05-12 13:10:00,2023-05-12 13:15:00,2023-05-12 15:15:00,-1,24
353581,353582,353606,2023-05-12 17:05:00,2023-05-12 17:10:00,2023-05-12 19:10:00,-1,24
353619,353620,353644,2023-05-12 20:15:00,2023-05-12 20:20:00,2023-05-12 22:20:00,-1,24
353653,353654,353678,2023-05-12 23:05:00,2023-05-12 23:10:00,2023-05-13 01:10:00,-1,24
353722,353723,353747,2023-05-13 04:50:00,2023-05-13 04:55:00,2023-05-13 06:55:00,1,24
353746,353747,353771,2023-05-13 06:50:00,2023-05-13 06:55:00,2023-05-13 08:55:00,1,24
353774,353775,353799,2023-05-13 09:10:00,2023-05-13 09:15:00,2023-05-13 11:15:00,1,24
353799,353800,353824,2023-05-13 11:15:00,2023-05-13 11:20:00,2023-05-13 13:20:00,-1,24
353824,353825,353849,2023-05-13 13:20:00,2023-05-13 13:25:00,2023-05-13 15:25:00,1,24
353854,353855,353879,2023-05-13 15:50:00,2023-05-13 15:55:00,2023-05-13 17:55:00,1,24
353888,353889,353913,2023-05-13 18:40:00,2023-05-13 18:45:00,2023-05-13 20:45:00,1,24
353913,353914,353938,2023-05-13 20:45:00,2023-05-13 20:50:00,2023-05-13 22:50:00,1,24
353941,353942,353966,2023-05-13 23:05:00,2023-05-13 23:10:00,2023-05-14 01:10:00,1,24
353972,353973,353997,2023-05-14 01:40:00,2023-05-14 01:45:00,2023-05-14 03:45:00,-1,24
354000,354001,354025,2023-05-14 04:00:00,2023-05-14 04:05:00,2023-05-14 06:05:00,-1,24
354027,354028,354052,2023-05-14 06:15:00,2023-05-14 06:20:00,2023-05-14 08:20:00,-1,24
354053,354054,354078,2023-05-14 08:25:00,2023-05-14 08:30:00,2023-05-14 10:30:00,1,24
354078,354079,354103,2023-05-14 10:30:00,2023-05-14 10:35:00,2023-05-14 12:35:00,-1,24
354115,354116,354140,2023-05-14 13:35:00,2023-05-14 13:40:00,2023-05-14 15:40:00,-1,24
354143,354144,354168,2023-05-14 15:55:00,2023-05-14 16:00:00,2023-05-14 18:00:00,1,24
354175,354176,354200,2023-05-14 18:35:00,2023-05-14 18:40:00,2023-05-14 20:40:00,1,24
354206,354207,354231,2023-05-14 21:10:00,2023-05-14 21:15:00,2023-05-14 23:15:00,1,24
354236,354237,354261,2023-05-14 23:40:00,2023-05-14 23:45:00,2023-05-15 01:45:00,-1,24
354280,354281,354305,2023-05-15 03:20:00,2023-05-15 03:25:00,2023-05-15 05:25:00,1,24
354305,354306,354330,2023-05-15 05:25:00,2023-05-15 05:30:00,2023-05-15 07:30:00,1,24
354347,354348,354372,2023-05-15 08:55:00,2023-05-15 09:00:00,2023-05-15 11:00:00,-1,24
354391,354392,354416,2023-05-15 12:35:00,2023-05-15 12:40:00,2023-05-15 14:40:00,-1,24
354457,354458,354482,2023-05-15 18:05:00,2023-05-15 18:10:00,2023-05-15 20:10:00,1,24
354481,354482,354506,2023-05-15 20:05:00,2023-05-15 20:10:00,2023-05-15 22:10:00,-1,24
354518,354519,354543,2023-05-15 23:10:00,2023-05-15 23:15:00,2023-05-16 01:15:00,-1,24
354550,354551,354575,2023-05-16 01:50:00,2023-05-16 01:55:00,2023-05-16 03:55:00,-1,24
354596,354597,354621,2023-05-16 05:40:00,2023-05-16 05:45:00,2023-05-16 07:45:00,1,24
354634,354635,354659,2023-05-16 08:50:00,2023-05-16 08:55:00,2023-05-16 10:55:00,1,24
354662,354663,354687,2023-05-16 11:10:00,2023-05-16 11:15:00,2023-05-16 13:15:00,-1,24
354687,354688,354712,2023-05-16 13:15:00,2023-05-16 13:20:00,2023-05-16 15:20:00,1,24
354719,354720,354744,2023-05-16 15:55:00,2023-05-16 16:00:00,2023-05-16 18:00:00,1,24
354745,354746,354770,2023-05-16 18:05:00,2023-05-16 18:10:00,2023-05-16 20:10:00,-1,24
354774,354775,354799,2023-05-16 20:30:00,2023-05-16 20:35:00,2023-05-16 22:35:00,-1,24
354801,354802,354826,2023-05-16 22:45:00,2023-05-16 22:50:00,2023-05-17 00:50:00,-1,24
354825,354826,354850,2023-05-17 00:45:00,2023-05-17 00:50:00,2023-05-17 02:50:00,-1,24
354849,354850,354874,2023-05-17 02:45:00,2023-05-17 02:50:00,2023-05-17 04:50:00,1,24
354881,354882,354906,2023-05-17 05:25:00,2023-05-17 05:30:00,2023-05-17 07:30:00,-1,24
354917,354918,354942,2023-05-17 08:25:00,2023-05-17 08:30:00,2023-05-17 10:30:00,1,24
354943,354944,354968,2023-05-17 10:35:00,2023-05-17 10:40:00,2023-05-17 12:40:00,-1,24
354970,354971,354995,2023-05-17 12:50:00,2023-05-17 12:55:00,2023-05-17 14:55:00,1,24
354995,354996,355020,2023-05-17 14:55:00,2023-05-17 15:00:00,2023-05-17 17:00:00,1,24
355023,355024,355048,2023-05-17 17:15:00,2023-05-17 17:20:00,2023-05-17 19:20:00,-1,24
355066,355067,355091,2023-05-17 20:50:00,2023-05-17 20:55:00,2023-05-17 22:55:00,-1,24
355094,355095,355119,2023-05-17 23:10:00,2023-05-17 23:15:00,2023-05-18 01:15:00,-1,24
355131,355132,355156,2023-05-18 02:15:00,2023-05-18 02:20:00,2023-05-18 04:20:00,1,24
355156,355157,355181,2023-05-18 04:20:00,2023-05-18 04:25:00,2023-05-18 06:25:00,1,24
355185,355186,355210,2023-05-18 06:45:00,2023-05-18 06:50:00,2023-05-18 08:50:00,-1,24
355223,355224,355248,2023-05-18 09:55:00,2023-05-18 10:00:00,2023-05-18 12:00:00,1,24
355270,355271,355295,2023-05-18 13:50:00,2023-05-18 13:55:00,2023-05-18 15:55:00,-1,24
355357,355358,355382,2023-05-18 21:05:00,2023-05-18 21:10:00,2023-05-18 23:10:00,1,24
355383,355384,355408,2023-05-18 23:15:00,2023-05-18 23:20:00,2023-05-19 01:20:00,1,24
355410,355411,355435,2023-05-19 01:30:00,2023-05-19 01:35:00,2023-05-19 03:35:00,1,24
355434,355435,355459,2023-05-19 03:30:00,2023-05-19 03:35:00,2023-05-19 05:35:00,1,24
355461,355462,355486,2023-05-19 05:45:00,2023-05-19 05:50:00,2023-05-19 07:50:00,1,24
355493,355494,355518,2023-05-19 08:25:00,2023-05-19 08:30:00,2023-05-19 10:30:00,-1,24
355519,355520,355544,2023-05-19 10:35:00,2023-05-19 10:40:00,2023-05-19 12:40:00,-1,24
355553,355554,355578,2023-05-19 13:25:00,2023-05-19 13:30:00,2023-05-19 15:30:00,-1,24
355588,355589,355613,2023-05-19 16:20:00,2023-05-19 16:25:00,2023-05-19 18:25:00,1,24
355612,355613,355637,2023-05-19 18:20:00,2023-05-19 18:25:00,2023-05-19 20:25:00,-1,24
355641,355642,355666,2023-05-19 20:45:00,2023-05-19 20:50:00,2023-05-19 22:50:00,1,24
355668,355669,355693,2023-05-19 23:00:00,2023-05-19 23:05:00,2023-05-20 01:05:00,-1,24
355701,355702,355726,2023-05-20 01:45:00,2023-05-20 01:50:00,2023-05-20 03:50:00,1,24
355727,355728,355752,2023-05-20 03:55:00,2023-05-20 04:00:00,2023-05-20 06:00:00,1,24
355760,355761,355785,2023-05-20 06:40:00,2023-05-20 06:45:00,2023-05-20 08:45:00,1,24
355786,355787,355811,2023-05-20 08:50:00,2023-05-20 08:55:00,2023-05-20 10:55:00,-1,24
355811,355812,355836,2023-05-20 10:55:00,2023-05-20 11:00:00,2023-05-20 13:00:00,1,24
355835,355836,355860,2023-05-20 12:55:00,2023-05-20 13:00:00,2023-05-20 15:00:00,-1,24
355861,355862,355886,2023-05-20 15:05:00,2023-05-20 15:10:00,2023-05-20 17:10:00,1,24
355902,355903,355927,2023-05-20 18:30:00,2023-05-20 18:35:00,2023-05-20 20:35:00,1,24
355928,355929,355953,2023-05-20 20:40:00,2023-05-20 20:45:00,2023-05-20 22:45:00,-1,24
355956,355957,355981,2023-05-20 23:00:00,2023-05-20 23:05:00,2023-05-21 01:05:00,-1,24
355983,355984,356008,2023-05-21 01:15:00,2023-05-21 01:20:00,2023-05-21 03:20:00,1,24
356029,356030,356054,2023-05-21 05:05:00,2023-05-21 05:10:00,2023-05-21 07:10:00,1,24
356060,356061,356085,2023-05-21 07:40:00,2023-05-21 07:45:00,2023-05-21 09:45:00,1,24
356103,356104,356128,2023-05-21 11:15:00,2023-05-21 11:20:00,2023-05-21 13:20:00,-1,24
356132,356133,356157,2023-05-21 13:40:00,2023-05-21 13:45:00,2023-05-21 15:45:00,-1,24
356170,356171,356195,2023-05-21 16:50:00,2023-05-21 16:55:00,2023-05-21 18:55:00,-1,24
356207,356208,356232,2023-05-21 19:55:00,2023-05-21 20:00:00,2023-05-21 22:00:00,-1,24
356238,356239,356263,2023-05-21 22:30:00,2023-05-21 22:35:00,2023-05-22 00:35:00,1,24
356263,356264,356288,2023-05-22 00:35:00,2023-05-22 00:40:00,2023-05-22 02:40:00,-1,24
356288,356289,356313,2023-05-22 02:40:00,2023-05-22 02:45:00,2023-05-22 04:45:00,-1,24
356321,356322,356346,2023-05-22 05:25:00,2023-05-22 05:30:00,2023-05-22 07:30:00,-1,24
356345,356346,356370,2023-05-22 07:25:00,2023-05-22 07:30:00,2023-05-22 09:30:00,-1,24
356369,356370,356394,2023-05-22 09:25:00,2023-05-22 09:30:00,2023-05-22 11:30:00,-1,24
356394,356395,356419,2023-05-22 11:30:00,2023-05-22 11:35:00,2023-05-22 13:35:00,1,24
356430,356431,356455,2023-05-22 14:30:00,2023-05-22 14:35:00,2023-05-22 16:35:00,1,24
356454,356455,356479,2023-05-22 16:30:00,2023-05-22 16:35:00,2023-05-22 18:35:00,-1,24
356490,356491,356515,2023-05-22 19:30:00,2023-05-22 19:35:00,2023-05-22 21:35:00,-1,24
356519,356520,356544,2023-05-22 21:55:00,2023-05-22 22:00:00,2023-05-23 00:00:00,-1,24
356553,356554,356578,2023-05-23 00:45:00,2023-05-23 00:50:00,2023-05-23 02:50:00,-1,24
356578,356579,356603,2023-05-23 02:50:00,2023-05-23 02:55:00,2023-05-23 04:55:00,-1,24
356613,356614,356638,2023-05-23 05:45:00,2023-05-23 05:50:00,2023-05-23 07:50:00,1,24
356645,356646,356670,2023-05-23 08:25:00,2023-05-23 08:30:00,2023-05-23 10:30:00,-1,24
356685,356686,356710,2023-05-23 11:45:00,2023-05-23 11:50:00,2023-05-23 13:50:00,-1,24
356717,356718,356742,2023-05-23 14:25:00,2023-05-23 14:30:00,2023-05-23 16:30:00,-1,24
356743,356744,356768,2023-05-23 16:35:00,2023-05-23 16:40:00,2023-05-23 18:40:00,1,24
356767,356768,356792,2023-05-23 18:35:00,2023-05-23 18:40:00,2023-05-23 20:40:00,-1,24
356793,356794,356818,2023-05-23 20:45:00,2023-05-23 20:50:00,2023-05-23 22:50:00,-1,24
356820,356821,356845,2023-05-23 23:00:00,2023-05-23 23:05:00,2023-05-24 01:05:00,-1,24
356849,356850,356874,2023-05-24 01:25:00,2023-05-24 01:30:00,2023-05-24 03:30:00,-1,24
356898,356899,356923,2023-05-24 05:30:00,2023-05-24 05:35:00,2023-05-24 07:35:00,1,24
356922,356923,356947,2023-05-24 07:30:00,2023-05-24 07:35:00,2023-05-24 09:35:00,1,24
356949,356950,356974,2023-05-24 09:45:00,2023-05-24 09:50:00,2023-05-24 11:50:00,-1,24
356974,356975,356999,2023-05-24 11:50:00,2023-05-24 11:55:00,2023-05-24 13:55:00,-1,24
357011,357012,357036,2023-05-24 14:55:00,2023-05-24 15:00:00,2023-05-24 17:00:00,1,24
357044,357045,357069,2023-05-24 17:40:00,2023-05-24 17:45:00,2023-05-24 19:45:00,-1,24
357076,357077,357101,2023-05-24 20:20:00,2023-05-24 20:25:00,2023-05-24 22:25:00,1,24
357105,357106,357130,2023-05-24 22:45:00,2023-05-24 22:50:00,2023-05-25 00:50:00,-1,24
357130,357131,357155,2023-05-25 00:50:00,2023-05-25 00:55:00,2023-05-25 02:55:00,-1,24
357164,357165,357189,2023-05-25 03:40:00,2023-05-25 03:45:00,2023-05-25 05:45:00,-1,24
357189,357190,357214,2023-05-25 05:45:00,2023-05-25 05:50:00,2023-05-25 07:50:00,-1,24
357213,357214,357238,2023-05-25 07:45:00,2023-05-25 07:50:00,2023-05-25 09:50:00,-1,24
357256,357257,357281,2023-05-25 11:20:00,2023-05-25 11:25:00,2023-05-25 13:25:00,-1,24
357320,357321,357345,2023-05-25 16:40:00,2023-05-25 16:45:00,2023-05-25 18:45:00,-1,24
357347,357348,357372,2023-05-25 18:55:00,2023-05-25 19:00:00,2023-05-25 21:00:00,1,24
357381,357382,357406,2023-05-25 21:45:00,2023-05-25 21:50:00,2023-05-25 23:50:00,-1,24
357405,357406,357430,2023-05-25 23:45:00,2023-05-25 23:50:00,2023-05-26 01:50:00,-1,24
357431,357432,357456,2023-05-26 01:55:00,2023-05-26 02:00:00,2023-05-26 04:00:00,-1,24
357456,357457,357481,2023-05-26 04:00:00,2023-05-26 04:05:00,2023-05-26 06:05:00,1,24
357480,357481,357505,2023-05-26 06:00:00,2023-05-26 06:05:00,2023-05-26 08:05:00,1,24
357504,357505,357529,2023-05-26 08:00:00,2023-05-26 08:05:00,2023-05-26 10:05:00,1,24
357531,357532,357556,2023-05-26 10:15:00,2023-05-26 10:20:00,2023-05-26 12:20:00,-1,24
357568,357569,357593,2023-05-26 13:20:00,2023-05-26 13:25:00,2023-05-26 15:25:00,-1,24
357599,357600,357624,2023-05-26 15:55:00,2023-05-26 16:00:00,2023-05-26 18:00:00,1,24
357630,357631,357655,2023-05-26 18:30:00,2023-05-26 18:35:00,2023-05-26 20:35:00,-1,24
357665,357666,357690,2023-05-26 21:25:00,2023-05-26 21:30:00,2023-05-26 23:30:00,1,24
357692,357693,357717,2023-05-26 23:40:00,2023-05-26 23:45:00,2023-05-27 01:45:00,1,24
357727,357728,357752,2023-05-27 02:35:00,2023-05-27 02:40:00,2023-05-27 04:40:00,1,24
357751,357752,357776,2023-05-27 04:35:00,2023-05-27 04:40:00,2023-05-27 06:40:00,1,24
357776,357777,357801,2023-05-27 06:40:00,2023-05-27 06:45:00,2023-05-27 08:45:00,-1,24
357808,357809,357833,2023-05-27 09:20:00,2023-05-27 09:25:00,2023-05-27 11:25:00,-1,24
357834,357835,357859,2023-05-27 11:30:00,2023-05-27 11:35:00,2023-05-27 13:35:00,1,24
357861,357862,357886,2023-05-27 13:45:00,2023-05-27 13:50:00,2023-05-27 15:50:00,1,24
357891,357892,357916,2023-05-27 16:15:00,2023-05-27 16:20:00,2023-05-27 18:20:00,-1,24
357924,357925,357949,2023-05-27 19:00:00,2023-05-27 19:05:00,2023-05-27 21:05:00,-1,24
357948,357949,357973,2023-05-27 21:00:00,2023-05-27 21:05:00,2023-05-27 23:05:00,-1,24
357974,357975,357999,2023-05-27 23:10:00,2023-05-27 23:15:00,2023-05-28 01:15:00,1,24
358002,358003,358027,2023-05-28 01:30:00,2023-05-28 01:35:00,2023-05-28 03:35:00,1,24
358029,358030,358054,2023-05-28 03:45:00,2023-05-28 03:50:00,2023-05-28 05:50:00,-1,24
358057,358058,358082,2023-05-28 06:05:00,2023-05-28 06:10:00,2023-05-28 08:10:00,-1,24
358085,358086,358110,2023-05-28 08:25:00,2023-05-28 08:30:00,2023-05-28 10:30:00,1,24
358110,358111,358135,2023-05-28 10:30:00,2023-05-28 10:35:00,2023-05-28 12:35:00,-1,24
358140,358141,358165,2023-05-28 13:00:00,2023-05-28 13:05:00,2023-05-28 15:05:00,1,24
358173,358174,358198,2023-05-28 15:45:00,2023-05-28 15:50:00,2023-05-28 17:50:00,-1,24
358201,358202,358226,2023-05-28 18:05:00,2023-05-28 18:10:00,2023-05-28 20:10:00,1,24
358239,358240,358264,2023-05-28 21:15:00,2023-05-28 21:20:00,2023-05-28 23:20:00,-1,24
358271,358272,358296,2023-05-28 23:55:00,2023-05-29 00:00:00,2023-05-29 02:00:00,1,24
358295,358296,358320,2023-05-29 01:55:00,2023-05-29 02:00:00,2023-05-29 04:00:00,1,24
358330,358331,358355,2023-05-29 04:50:00,2023-05-29 04:55:00,2023-05-29 06:55:00,-1,24
358355,358356,358380,2023-05-29 06:55:00,2023-05-29 07:00:00,2023-05-29 09:00:00,1,24
358415,358416,358440,2023-05-29 11:55:00,2023-05-29 12:00:00,2023-05-29 14:00:00,-1,24
358439,358440,358464,2023-05-29 13:55:00,2023-05-29 14:00:00,2023-05-29 16:00:00,-1,24
358487,358488,358512,2023-05-29 17:55:00,2023-05-29 18:00:00,2023-05-29 20:00:00,-1,24
358525,358526,358550,2023-05-29 21:05:00,2023-05-29 21:10:00,2023-05-29 23:10:00,-1,24
358553,358554,358578,2023-05-29 23:25:00,2023-05-29 23:30:00,2023-05-30 01:30:00,-1,24
358580,358581,358605,2023-05-30 01:40:00,2023-05-30 01:45:00,2023-05-30 03:45:00,-1,24
358613,358614,358638,2023-05-30 04:25:00,2023-05-30 04:30:00,2023-05-30 06:30:00,1,24
358642,358643,358667,2023-05-30 06:50:00,2023-05-30 06:55:00,2023-05-30 08:55:00,1,24
358670,358671,358695,2023-05-30 09:10:00,2023-05-30 09:15:00,2023-05-30 11:15:00,1,24
358747,358748,358772,2023-05-30 15:35:00,2023-05-30 15:40:00,2023-05-30 17:40:00,-1,24
358771,358772,358796,2023-05-30 17:35:00,2023-05-30 17:40:00,2023-05-30 19:40:00,-1,24
358800,358801,358825,2023-05-30 20:00:00,2023-05-30 20:05:00,2023-05-30 22:05:00,1,24
358830,358831,358855,2023-05-30 22:30:00,2023-05-30 22:35:00,2023-05-31 00:35:00,-1,24
358863,358864,358888,2023-05-31 01:15:00,2023-05-31 01:20:00,2023-05-31 03:20:00,-1,24
358893,358894,358918,2023-05-31 03:45:00,2023-05-31 03:50:00,2023-05-31 05:50:00,-1,24
358924,358925,358949,2023-05-31 06:20:00,2023-05-31 06:25:00,2023-05-31 08:25:00,-1,24
358977,358978,359002,2023-05-31 10:45:00,2023-05-31 10:50:00,2023-05-31 12:50:00,1,24
359052,359053,359077,2023-05-31 17:00:00,2023-05-31 17:05:00,2023-05-31 19:05:00,-1,24
359091,359092,359116,2023-05-31 20:15:00,2023-05-31 20:20:00,2023-05-31 22:20:00,-1,24
359116,359117,359141,2023-05-31 22:20:00,2023-05-31 22:25:00,2023-06-01 00:25:00,1,24
359149,359150,359174,2023-06-01 01:05:00,2023-06-01 01:10:00,2023-06-01 03:10:00,-1,24
359184,359185,359209,2023-06-01 04:00:00,2023-06-01 04:05:00,2023-06-01 06:05:00,-1,24
359241,359242,359266,2023-06-01 08:45:00,2023-06-01 08:50:00,2023-06-01 10:50:00,-1,24
359272,359273,359297,2023-06-01 11:20:00,2023-06-01 11:25:00,2023-06-01 13:25:00,1,24
359303,359304,359328,2023-06-01 13:55:00,2023-06-01 14:00:00,2023-06-01 16:00:00,-1,24
359374,359375,359399,2023-06-01 19:50:00,2023-06-01 19:55:00,2023-06-01 21:55:00,1,24
359425,359426,359450,2023-06-02 00:05:00,2023-06-02 00:10:00,2023-06-02 02:10:00,-1,24
359460,359461,359485,2023-06-02 03:00:00,2023-06-02 03:05:00,2023-06-02 05:05:00,1,24
359506,359507,359531,2023-06-02 06:50:00,2023-06-02 06:55:00,2023-06-02 08:55:00,1,24
359534,359535,359559,2023-06-02 09:10:00,2023-06-02 09:15:00,2023-06-02 11:15:00,-1,24
359572,359573,359597,2023-06-02 12:20:00,2023-06-02 12:25:00,2023-06-02 14:25:00,1,24
359618,359619,359643,2023-06-02 16:10:00,2023-06-02 16:15:00,2023-06-02 18:15:00,1,24
359644,359645,359669,2023-06-02 18:20:00,2023-06-02 18:25:00,2023-06-02 20:25:00,-1,24
359681,359682,359706,2023-06-02 21:25:00,2023-06-02 21:30:00,2023-06-02 23:30:00,1,24
359706,359707,359731,2023-06-02 23:30:00,2023-06-02 23:35:00,2023-06-03 01:35:00,1,24
359734,359735,359759,2023-06-03 01:50:00,2023-06-03 01:55:00,2023-06-03 03:55:00,-1,24
359761,359762,359786,2023-06-03 04:05:00,2023-06-03 04:10:00,2023-06-03 06:10:00,-1,24
359790,359791,359815,2023-06-03 06:30:00,2023-06-03 06:35:00,2023-06-03 08:35:00,-1,24
359844,359845,359869,2023-06-03 11:00:00,2023-06-03 11:05:00,2023-06-03 13:05:00,1,24
359878,359879,359903,2023-06-03 13:50:00,2023-06-03 13:55:00,2023-06-03 15:55:00,1,24
359909,359910,359934,2023-06-03 16:25:00,2023-06-03 16:30:00,2023-06-03 18:30:00,1,24
359933,359934,359958,2023-06-03 18:25:00,2023-06-03 18:30:00,2023-06-03 20:30:00,1,24
359965,359966,359990,2023-06-03 21:05:00,2023-06-03 21:10:00,2023-06-03 23:10:00,1,24
360000,360001,360025,2023-06-04 00:00:00,2023-06-04 00:05:00,2023-06-04 02:05:00,-1,24
360025,360026,360050,2023-06-04 02:05:00,2023-06-04 02:10:00,2023-06-04 04:10:00,-1,24
360054,360055,360079,2023-06-04 04:30:00,2023-06-04 04:35:00,2023-06-04 06:35:00,1,24
360082,360083,360107,2023-06-04 06:50:00,2023-06-04 06:55:00,2023-06-04 08:55:00,1,24
360122,360123,360147,2023-06-04 10:10:00,2023-06-04 10:15:00,2023-06-04 12:15:00,-1,24
360149,360150,360174,2023-06-04 12:25:00,2023-06-04 12:30:00,2023-06-04 14:30:00,1,24
360173,360174,360198,2023-06-04 14:25:00,2023-06-04 14:30:00,2023-06-04 16:30:00,1,24
360203,360204,360228,2023-06-04 16:55:00,2023-06-04 17:00:00,2023-06-04 19:00:00,-1,24
360233,360234,360258,2023-06-04 19:25:00,2023-06-04 19:30:00,2023-06-04 21:30:00,1,24
360286,360287,360311,2023-06-04 23:50:00,2023-06-04 23:55:00,2023-06-05 01:55:00,-1,24
360319,360320,360344,2023-06-05 02:35:00,2023-06-05 02:40:00,2023-06-05 04:40:00,-1,24
360372,360373,360397,2023-06-05 07:00:00,2023-06-05 07:05:00,2023-06-05 09:05:00,-1,24
360400,360401,360425,2023-06-05 09:20:00,2023-06-05 09:25:00,2023-06-05 11:25:00,-1,24
360426,360427,360451,2023-06-05 11:30:00,2023-06-05 11:35:00,2023-06-05 13:35:00,-1,24
360450,360451,360475,2023-06-05 13:30:00,2023-06-05 13:35:00,2023-06-05 15:35:00,-1,24
360507,360508,360532,2023-06-05 18:15:00,2023-06-05 18:20:00,2023-06-05 20:20:00,-1,24
360532,360533,360557,2023-06-05 20:20:00,2023-06-05 20:25:00,2023-06-05 22:25:00,-1,24
360557,360558,360582,2023-06-05 22:25:00,2023-06-05 22:30:00,2023-06-06 00:30:00,-1,24
360590,360591,360615,2023-06-06 01:10:00,2023-06-06 01:15:00,2023-06-06 03:15:00,1,24
360624,360625,360649,2023-06-06 04:00:00,2023-06-06 04:05:00,2023-06-06 06:05:00,-1,24
360654,360655,360679,2023-06-06 06:30:00,2023-06-06 06:35:00,2023-06-06 08:35:00,-1,24
360693,360694,360718,2023-06-06 09:45:00,2023-06-06 09:50:00,2023-06-06 11:50:00,-1,24
360730,360731,360755,2023-06-06 12:50:00,2023-06-06 12:55:00,2023-06-06 14:55:00,-1,24
360776,360777,360801,2023-06-06 16:40:00,2023-06-06 16:45:00,2023-06-06 18:45:00,-1,24
360801,360802,360826,2023-06-06 18:45:00,2023-06-06 18:50:00,2023-06-06 20:50:00,1,24
360827,360828,360852,2023-06-06 20:55:00,2023-06-06 21:00:00,2023-06-06 23:00:00,1,24
360851,360852,360876,2023-06-06 22:55:00,2023-06-06 23:00:00,2023-06-07 01:00:00,-1,24
360888,360889,360913,2023-06-07 02:00:00,2023-06-07 02:05:00,2023-06-07 04:05:00,1,24
360924,360925,360949,2023-06-07 05:00:00,2023-06-07 05:05:00,2023-06-07 07:05:00,1,24
360955,360956,360980,2023-06-07 07:35:00,2023-06-07 07:40:00,2023-06-07 09:40:00,-1,24
360995,360996,361020,2023-06-07 10:55:00,2023-06-07 11:00:00,2023-06-07 13:00:00,-1,24
361020,361021,361045,2023-06-07 13:00:00,2023-06-07 13:05:00,2023-06-07 15:05:00,-1,24
361049,361050,361074,2023-06-07 15:25:00,2023-06-07 15:30:00,2023-06-07 17:30:00,1,24
361078,361079,361103,2023-06-07 17:50:00,2023-06-07 17:55:00,2023-06-07 19:55:00,-1,24
361102,361103,361127,2023-06-07 19:50:00,2023-06-07 19:55:00,2023-06-07 21:55:00,-1,24
361136,361137,361161,2023-06-07 22:40:00,2023-06-07 22:45:00,2023-06-08 00:45:00,1,24
361160,361161,361185,2023-06-08 00:40:00,2023-06-08 00:45:00,2023-06-08 02:45:00,-1,24
361186,361187,361211,2023-06-08 02:50:00,2023-06-08 02:55:00,2023-06-08 04:55:00,-1,24
361212,361213,361237,2023-06-08 05:00:00,2023-06-08 05:05:00,2023-06-08 07:05:00,1,24
361237,361238,361262,2023-06-08 07:05:00,2023-06-08 07:10:00,2023-06-08 09:10:00,-1,24
361284,361285,361309,2023-06-08 11:00:00,2023-06-08 11:05:00,2023-06-08 13:05:00,-1,24
361321,361322,361346,2023-06-08 14:05:00,2023-06-08 14:10:00,2023-06-08 16:10:00,-1,24
361351,361352,361376,2023-06-08 16:35:00,2023-06-08 16:40:00,2023-06-08 18:40:00,1,24
361380,361381,361405,2023-06-08 19:00:00,2023-06-08 19:05:00,2023-06-08 21:05:00,1,24
361414,361415,361439,2023-06-08 21:50:00,2023-06-08 21:55:00,2023-06-08 23:55:00,1,24
361449,361450,361474,2023-06-09 00:45:00,2023-06-09 00:50:00,2023-06-09 02:50:00,-1,24
361473,361474,361498,2023-06-09 02:45:00,2023-06-09 02:50:00,2023-06-09 04:50:00,-1,24
361499,361500,361524,2023-06-09 04:55:00,2023-06-09 05:00:00,2023-06-09 07:00:00,1,24
361524,361525,361549,2023-06-09 07:00:00,2023-06-09 07:05:00,2023-06-09 09:05:00,1,24
361559,361560,361584,2023-06-09 09:55:00,2023-06-09 10:00:00,2023-06-09 12:00:00,1,24
361589,361590,361614,2023-06-09 12:25:00,2023-06-09 12:30:00,2023-06-09 14:30:00,1,24
361620,361621,361645,2023-06-09 15:00:00,2023-06-09 15:05:00,2023-06-09 17:05:00,-1,24
361644,361645,361669,2023-06-09 17:00:00,2023-06-09 17:05:00,2023-06-09 19:05:00,-1,24
361680,361681,361705,2023-06-09 20:00:00,2023-06-09 20:05:00,2023-06-09 22:05:00,-1,24
361709,361710,361734,2023-06-09 22:25:00,2023-06-09 22:30:00,2023-06-10 00:30:00,-1,24
361734,361735,361759,2023-06-10 00:30:00,2023-06-10 00:35:00,2023-06-10 02:35:00,-1,24
361768,361769,361793,2023-06-10 03:20:00,2023-06-10 03:25:00,2023-06-10 05:25:00,1,24
361803,361804,361828,2023-06-10 06:15:00,2023-06-10 06:20:00,2023-06-10 08:20:00,-1,24
361841,361842,361866,2023-06-10 09:25:00,2023-06-10 09:30:00,2023-06-10 11:30:00,-1,24
361865,361866,361890,2023-06-10 11:25:00,2023-06-10 11:30:00,2023-06-10 13:30:00,1,24
361889,361890,361914,2023-06-10 13:25:00,2023-06-10 13:30:00,2023-06-10 15:30:00,-1,24
361914,361915,361939,2023-06-10 15:30:00,2023-06-10 15:35:00,2023-06-10 17:35:00,1,24
361960,361961,361985,2023-06-10 19:20:00,2023-06-10 19:25:00,2023-06-10 21:25:00,-1,24
361984,361985,362009,2023-06-10 21:20:00,2023-06-10 21:25:00,2023-06-10 23:25:00,-1,24
362009,362010,362034,2023-06-10 23:25:00,2023-06-10 23:30:00,2023-06-11 01:30:00,1,24
362036,362037,362061,2023-06-11 01:40:00,2023-06-11 01:45:00,2023-06-11 03:45:00,1,24
362060,362061,362085,2023-06-11 03:40:00,2023-06-11 03:45:00,2023-06-11 05:45:00,-1,24
362085,362086,362110,2023-06-11 05:45:00,2023-06-11 05:50:00,2023-06-11 07:50:00,-1,24
362119,362120,362144,2023-06-11 08:35:00,2023-06-11 08:40:00,2023-06-11 10:40:00,-1,24
362148,362149,362173,2023-06-11 11:00:00,2023-06-11 11:05:00,2023-06-11 13:05:00,-1,24
362180,362181,362205,2023-06-11 13:40:00,2023-06-11 13:45:00,2023-06-11 15:45:00,1,24
362218,362219,362243,2023-06-11 16:50:00,2023-06-11 16:55:00,2023-06-11 18:55:00,1,24
362244,362245,362269,2023-06-11 19:00:00,2023-06-11 19:05:00,2023-06-11 21:05:00,1,24
362279,362280,362304,2023-06-11 21:55:00,2023-06-11 22:00:00,2023-06-12 00:00:00,-1,24
362317,362318,362342,2023-06-12 01:05:00,2023-06-12 01:10:00,2023-06-12 03:10:00,-1,24
362341,362342,362366,2023-06-12 03:05:00,2023-06-12 03:10:00,2023-06-12 05:10:00,1,24
362377,362378,362402,2023-06-12 06:05:00,2023-06-12 06:10:00,2023-06-12 08:10:00,-1,24
362407,362408,362432,2023-06-12 08:35:00,2023-06-12 08:40:00,2023-06-12 10:40:00,-1,24
362432,362433,362457,2023-06-12 10:40:00,2023-06-12 10:45:00,2023-06-12 12:45:00,1,24
362484,362485,362509,2023-06-12 15:00:00,2023-06-12 15:05:00,2023-06-12 17:05:00,-1,24
362509,362510,362534,2023-06-12 17:05:00,2023-06-12 17:10:00,2023-06-12 19:10:00,-1,24
362539,362540,362564,2023-06-12 19:35:00,2023-06-12 19:40:00,2023-06-12 21:40:00,-1,24
362567,362568,362592,2023-06-12 21:55:00,2023-06-12 22:00:00,2023-06-13 00:00:00,-1,24
362597,362598,362622,2023-06-13 00:25:00,2023-06-13 00:30:00,2023-06-13 02:30:00,1,24
362640,362641,362665,2023-06-13 04:00:00,2023-06-13 04:05:00,2023-06-13 06:05:00,-1,24
362664,362665,362689,2023-06-13 06:00:00,2023-06-13 06:05:00,2023-06-13 08:05:00,-1,24
362693,362694,362718,2023-06-13 08:25:00,2023-06-13 08:30:00,2023-06-13 10:30:00,-1,24
362765,362766,362790,2023-06-13 14:25:00,2023-06-13 14:30:00,2023-06-13 16:30:00,1,24
362801,362802,362826,2023-06-13 17:25:00,2023-06-13 17:30:00,2023-06-13 19:30:00,1,24
362841,362842,362866,2023-06-13 20:45:00,2023-06-13 20:50:00,2023-06-13 22:50:00,1,24
362872,362873,362897,2023-06-13 23:20:00,2023-06-13 23:25:00,2023-06-14 01:25:00,-1,24
362897,362898,362922,2023-06-14 01:25:00,2023-06-14 01:30:00,2023-06-14 03:30:00,1,24
362928,362929,362953,2023-06-14 04:00:00,2023-06-14 04:05:00,2023-06-14 06:05:00,-1,24
362959,362960,362984,2023-06-14 06:35:00,2023-06-14 06:40:00,2023-06-14 08:40:00,-1,24
362985,362986,363010,2023-06-14 08:45:00,2023-06-14 08:50:00,2023-06-14 10:50:00,-1,24
363009,363010,363034,2023-06-14 10:45:00,2023-06-14 10:50:00,2023-06-14 12:50:00,-1,24
363037,363038,363062,2023-06-14 13:05:00,2023-06-14 13:10:00,2023-06-14 15:10:00,1,24
363078,363079,363103,2023-06-14 16:30:00,2023-06-14 16:35:00,2023-06-14 18:35:00,-1,24
363112,363113,363137,2023-06-14 19:20:00,2023-06-14 19:25:00,2023-06-14 21:25:00,-1,24
363158,363159,363183,2023-06-14 23:10:00,2023-06-14 23:15:00,2023-06-15 01:15:00,1,24
363189,363190,363214,2023-06-15 01:45:00,2023-06-15 01:50:00,2023-06-15 03:50:00,1,24
363218,363219,363243,2023-06-15 04:10:00,2023-06-15 04:15:00,2023-06-15 06:15:00,1,24
363259,363260,363284,2023-06-15 07:35:00,2023-06-15 07:40:00,2023-06-15 09:40:00,1,24
363283,363284,363308,2023-06-15 09:35:00,2023-06-15 09:40:00,2023-06-15 11:40:00,-1,24
363323,363324,363348,2023-06-15 12:55:00,2023-06-15 13:00:00,2023-06-15 15:00:00,-1,24
363359,363360,363384,2023-06-15 15:55:00,2023-06-15 16:00:00,2023-06-15 18:00:00,1,24
363385,363386,363410,2023-06-15 18:05:00,2023-06-15 18:10:00,2023-06-15 20:10:00,1,24
363416,363417,363441,2023-06-15 20:40:00,2023-06-15 20:45:00,2023-06-15 22:45:00,1,24
363444,363445,363469,2023-06-15 23:00:00,2023-06-15 23:05:00,2023-06-16 01:05:00,1,24
363470,363471,363495,2023-06-16 01:10:00,2023-06-16 01:15:00,2023-06-16 03:15:00,-1,24
363506,363507,363531,2023-06-16 04:10:00,2023-06-16 04:15:00,2023-06-16 06:15:00,1,24
363531,363532,363556,2023-06-16 06:15:00,2023-06-16 06:20:00,2023-06-16 08:20:00,1,24
363558,363559,363583,2023-06-16 08:30:00,2023-06-16 08:35:00,2023-06-16 10:35:00,-1,24
363598,363599,363623,2023-06-16 11:50:00,2023-06-16 11:55:00,2023-06-16 13:55:00,1,24
363644,363645,363669,2023-06-16 15:40:00,2023-06-16 15:45:00,2023-06-16 17:45:00,-1,24
363668,363669,363693,2023-06-16 17:40:00,2023-06-16 17:45:00,2023-06-16 19:45:00,1,24
363693,363694,363718,2023-06-16 19:45:00,2023-06-16 19:50:00,2023-06-16 21:50:00,1,24
363724,363725,363749,2023-06-16 22:20:00,2023-06-16 22:25:00,2023-06-17 00:25:00,-1,24
363754,363755,363779,2023-06-17 00:50:00,2023-06-17 00:55:00,2023-06-17 02:55:00,1,24
363780,363781,363805,2023-06-17 03:00:00,2023-06-17 03:05:00,2023-06-17 05:05:00,-1,24
363831,363832,363856,2023-06-17 07:15:00,2023-06-17 07:20:00,2023-06-17 09:20:00,1,24
363868,363869,363893,2023-06-17 10:20:00,2023-06-17 10:25:00,2023-06-17 12:25:00,-1,24
363895,363896,363920,2023-06-17 12:35:00,2023-06-17 12:40:00,2023-06-17 14:40:00,1,24
363919,363920,363944,2023-06-17 14:35:00,2023-06-17 14:40:00,2023-06-17 16:40:00,-1,24
363944,363945,363969,2023-06-17 16:40:00,2023-06-17 16:45:00,2023-06-17 18:45:00,1,24
363969,363970,363994,2023-06-17 18:45:00,2023-06-17 18:50:00,2023-06-17 20:50:00,-1,24
364005,364006,364030,2023-06-17 21:45:00,2023-06-17 21:50:00,2023-06-17 23:50:00,-1,24
364029,364030,364054,2023-06-17 23:45:00,2023-06-17 23:50:00,2023-06-18 01:50:00,-1,24
364057,364058,364082,2023-06-18 02:05:00,2023-06-18 02:10:00,2023-06-18 04:10:00,1,24
364082,364083,364107,2023-06-18 04:10:00,2023-06-18 04:15:00,2023-06-18 06:15:00,1,24
364106,364107,364131,2023-06-18 06:10:00,2023-06-18 06:15:00,2023-06-18 08:15:00,-1,24
364139,364140,364164,2023-06-18 08:55:00,2023-06-18 09:00:00,2023-06-18 11:00:00,-1,24
364171,364172,364196,2023-06-18 11:35:00,2023-06-18 11:40:00,2023-06-18 13:40:00,-1,24
364199,364200,364224,2023-06-18 13:55:00,2023-06-18 14:00:00,2023-06-18 16:00:00,1,24
364243,364244,364268,2023-06-18 17:35:00,2023-06-18 17:40:00,2023-06-18 19:40:00,1,24
364280,364281,364305,2023-06-18 20:40:00,2023-06-18 20:45:00,2023-06-18 22:45:00,-1,24
364306,364307,364331,2023-06-18 22:50:00,2023-06-18 22:55:00,2023-06-19 00:55:00,-1,24
364336,364337,364361,2023-06-19 01:20:00,2023-06-19 01:25:00,2023-06-19 03:25:00,1,24
364362,364363,364387,2023-06-19 03:30:00,2023-06-19 03:35:00,2023-06-19 05:35:00,1,24
364393,364394,364418,2023-06-19 06:05:00,2023-06-19 06:10:00,2023-06-19 08:10:00,-1,24
364417,364418,364442,2023-06-19 08:05:00,2023-06-19 08:10:00,2023-06-19 10:10:00,1,24
364443,364444,364468,2023-06-19 10:15:00,2023-06-19 10:20:00,2023-06-19 12:20:00,-1,24
364483,364484,364508,2023-06-19 13:35:00,2023-06-19 13:40:00,2023-06-19 15:40:00,1,24
364509,364510,364534,2023-06-19 15:45:00,2023-06-19 15:50:00,2023-06-19 17:50:00,-1,24
364570,364571,364595,2023-06-19 20:50:00,2023-06-19 20:55:00,2023-06-19 22:55:00,1,24
364595,364596,364620,2023-06-19 22:55:00,2023-06-19 23:00:00,2023-06-20 01:00:00,1,24
364633,364634,364658,2023-06-20 02:05:00,2023-06-20 02:10:00,2023-06-20 04:10:00,1,24
364658,364659,364683,2023-06-20 04:10:00,2023-06-20 04:15:00,2023-06-20 06:15:00,-1,24
364688,364689,364713,2023-06-20 06:40:00,2023-06-20 06:45:00,2023-06-20 08:45:00,1,24
364734,364735,364759,2023-06-20 10:30:00,2023-06-20 10:35:00,2023-06-20 12:35:00,1,24
364784,364785,364809,2023-06-20 14:40:00,2023-06-20 14:45:00,2023-06-20 16:45:00,1,24
364843,364844,364868,2023-06-20 19:35:00,2023-06-20 19:40:00,2023-06-20 21:40:00,1,24
364886,364887,364911,2023-06-20 23:10:00,2023-06-20 23:15:00,2023-06-21 01:15:00,1,24
364916,364917,364941,2023-06-21 01:40:00,2023-06-21 01:45:00,2023-06-21 03:45:00,1,24
364946,364947,364971,2023-06-21 04:10:00,2023-06-21 04:15:00,2023-06-21 06:15:00,1,24
364982,364983,365007,2023-06-21 07:10:00,2023-06-21 07:15:00,2023-06-21 09:15:00,1,24
365010,365011,365035,2023-06-21 09:30:00,2023-06-21 09:35:00,2023-06-21 11:35:00,1,24
365054,365055,365079,2023-06-21 13:10:00,2023-06-21 13:15:00,2023-06-21 15:15:00,-1,24
365144,365145,365169,2023-06-21 20:40:00,2023-06-21 20:45:00,2023-06-21 22:45:00,-1,24
365169,365170,365194,2023-06-21 22:45:00,2023-06-21 22:50:00,2023-06-22 00:50:00,-1,24
365199,365200,365224,2023-06-22 01:15:00,2023-06-22 01:20:00,2023-06-22 03:20:00,-1,24
365235,365236,365260,2023-06-22 04:15:00,2023-06-22 04:20:00,2023-06-22 06:20:00,1,24
365267,365268,365292,2023-06-22 06:55:00,2023-06-22 07:00:00,2023-06-22 09:00:00,-1,24
365306,365307,365331,2023-06-22 10:10:00,2023-06-22 10:15:00,2023-06-22 12:15:00,1,24
365338,365339,365363,2023-06-22 12:50:00,2023-06-22 12:55:00,2023-06-22 14:55:00,1,24
365392,365393,365417,2023-06-22 17:20:00,2023-06-22 17:25:00,2023-06-22 19:25:00,-1,24
365417,365418,365442,2023-06-22 19:25:00,2023-06-22 19:30:00,2023-06-22 21:30:00,-1,24
365467,365468,365492,2023-06-22 23:35:00,2023-06-22 23:40:00,2023-06-23 01:40:00,1,24
365495,365496,365520,2023-06-23 01:55:00,2023-06-23 02:00:00,2023-06-23 04:00:00,1,24
365536,365537,365561,2023-06-23 05:20:00,2023-06-23 05:25:00,2023-06-23 07:25:00,1,24
365568,365569,365593,2023-06-23 08:00:00,2023-06-23 08:05:00,2023-06-23 10:05:00,1,24
365704,365705,365729,2023-06-23 19:20:00,2023-06-23 19:25:00,2023-06-23 21:25:00,1,24
365735,365736,365760,2023-06-23 21:55:00,2023-06-23 22:00:00,2023-06-24 00:00:00,-1,24
365764,365765,365789,2023-06-24 00:20:00,2023-06-24 00:25:00,2023-06-24 02:25:00,-1,24
365812,365813,365837,2023-06-24 04:20:00,2023-06-24 04:25:00,2023-06-24 06:25:00,1,24
365836,365837,365861,2023-06-24 06:20:00,2023-06-24 06:25:00,2023-06-24 08:25:00,1,24
365872,365873,365897,2023-06-24 09:20:00,2023-06-24 09:25:00,2023-06-24 11:25:00,1,24
365905,365906,365930,2023-06-24 12:05:00,2023-06-24 12:10:00,2023-06-24 14:10:00,-1,24
365945,365946,365970,2023-06-24 15:25:00,2023-06-24 15:30:00,2023-06-24 17:30:00,-1,24
365973,365974,365998,2023-06-24 17:45:00,2023-06-24 17:50:00,2023-06-24 19:50:00,1,24
365997,365998,366022,2023-06-24 19:45:00,2023-06-24 19:50:00,2023-06-24 21:50:00,1,24
366024,366025,366049,2023-06-24 22:00:00,2023-06-24 22:05:00,2023-06-25 00:05:00,1,24
366048,366049,366073,2023-06-25 00:00:00,2023-06-25 00:05:00,2023-06-25 02:05:00,1,24
366074,366075,366099,2023-06-25 02:10:00,2023-06-25 02:15:00,2023-06-25 04:15:00,1,24
366106,366107,366131,2023-06-25 04:50:00,2023-06-25 04:55:00,2023-06-25 06:55:00,1,24
366132,366133,366157,2023-06-25 07:00:00,2023-06-25 07:05:00,2023-06-25 09:05:00,1,24
366176,366177,366201,2023-06-25 10:40:00,2023-06-25 10:45:00,2023-06-25 12:45:00,-1,24
366207,366208,366232,2023-06-25 13:15:00,2023-06-25 13:20:00,2023-06-25 15:20:00,-1,24
366235,366236,366260,2023-06-25 15:35:00,2023-06-25 15:40:00,2023-06-25 17:40:00,1,24
366259,366260,366284,2023-06-25 17:35:00,2023-06-25 17:40:00,2023-06-25 19:40:00,1,24
366286,366287,366311,2023-06-25 19:50:00,2023-06-25 19:55:00,2023-06-25 21:55:00,-1,24
366315,366316,366340,2023-06-25 22:15:00,2023-06-25 22:20:00,2023-06-26 00:20:00,-1,24
366362,366363,366387,2023-06-26 02:10:00,2023-06-26 02:15:00,2023-06-26 04:15:00,-1,24
366390,366391,366415,2023-06-26 04:30:00,2023-06-26 04:35:00,2023-06-26 06:35:00,1,24
366429,366430,366454,2023-06-26 07:45:00,2023-06-26 07:50:00,2023-06-26 09:50:00,1,24
366454,366455,366479,2023-06-26 09:50:00,2023-06-26 09:55:00,2023-06-26 11:55:00,1,24
366496,366497,366521,2023-06-26 13:20:00,2023-06-26 13:25:00,2023-06-26 15:25:00,-1,24
366549,366550,366574,2023-06-26 17:45:00,2023-06-26 17:50:00,2023-06-26 19:50:00,-1,24
366588,366589,366613,2023-06-26 21:00:00,2023-06-26 21:05:00,2023-06-26 23:05:00,1,24
366614,366615,366639,2023-06-26 23:10:00,2023-06-26 23:15:00,2023-06-27 01:15:00,-1,24
366638,366639,366663,2023-06-27 01:10:00,2023-06-27 01:15:00,2023-06-27 03:15:00,1,24
366663,366664,366688,2023-06-27 03:15:00,2023-06-27 03:20:00,2023-06-27 05:20:00,1,24
366700,366701,366725,2023-06-27 06:20:00,2023-06-27 06:25:00,2023-06-27 08:25:00,1,24
366733,366734,366758,2023-06-27 09:05:00,2023-06-27 09:10:00,2023-06-27 11:10:00,1,24
366789,366790,366814,2023-06-27 13:45:00,2023-06-27 13:50:00,2023-06-27 15:50:00,1,24
366865,366866,366890,2023-06-27 20:05:00,2023-06-27 20:10:00,2023-06-27 22:10:00,1,24
366909,366910,366934,2023-06-27 23:45:00,2023-06-27 23:50:00,2023-06-28 01:50:00,1,24
366951,366952,366976,2023-06-28 03:15:00,2023-06-28 03:20:00,2023-06-28 05:20:00,1,24
366986,366987,367011,2023-06-28 06:10:00,2023-06-28 06:15:00,2023-06-28 08:15:00,-1,24
367030,367031,367055,2023-06-28 09:50:00,2023-06-28 09:55:00,2023-06-28 11:55:00,-1,24
367058,367059,367083,2023-06-28 12:10:00,2023-06-28 12:15:00,2023-06-28 14:15:00,1,24
367193,367194,367218,2023-06-28 23:25:00,2023-06-28 23:30:00,2023-06-29 01:30:00,1,24
367268,367269,367293,2023-06-29 05:40:00,2023-06-29 05:45:00,2023-06-29 07:45:00,1,24
367299,367300,367324,2023-06-29 08:15:00,2023-06-29 08:20:00,2023-06-29 10:20:00,-1,24
367337,367338,367362,2023-06-29 11:25:00,2023-06-29 11:30:00,2023-06-29 13:30:00,-1,24
367372,367373,367397,2023-06-29 14:20:00,2023-06-29 14:25:00,2023-06-29 16:25:00,1,24
367397,367398,367422,2023-06-29 16:25:00,2023-06-29 16:30:00,2023-06-29 18:30:00,1,24
367461,367462,367486,2023-06-29 21:45:00,2023-06-29 21:50:00,2023-06-29 23:50:00,-1,24
367489,367490,367514,2023-06-30 00:05:00,2023-06-30 00:10:00,2023-06-30 02:10:00,-1,24
367524,367525,367549,2023-06-30 03:00:00,2023-06-30 03:05:00,2023-06-30 05:05:00,-1,24
367557,367558,367582,2023-06-30 05:45:00,2023-06-30 05:50:00,2023-06-30 07:50:00,1,24
367584,367585,367609,2023-06-30 08:00:00,2023-06-30 08:05:00,2023-06-30 10:05:00,1,24
367615,367616,367640,2023-06-30 10:35:00,2023-06-30 10:40:00,2023-06-30 12:40:00,1,24
367647,367648,367672,2023-06-30 13:15:00,2023-06-30 13:20:00,2023-06-30 15:20:00,-1,24
367679,367680,367704,2023-06-30 15:55:00,2023-06-30 16:00:00,2023-06-30 18:00:00,-1,24
367707,367708,367732,2023-06-30 18:15:00,2023-06-30 18:20:00,2023-06-30 20:20:00,1,24
367755,367756,367780,2023-06-30 22:15:00,2023-06-30 22:20:00,2023-07-01 00:20:00,1,24
367783,367784,367808,2023-07-01 00:35:00,2023-07-01 00:40:00,2023-07-01 02:40:00,1,24
367811,367812,367836,2023-07-01 02:55:00,2023-07-01 03:00:00,2023-07-01 05:00:00,-1,24
367837,367838,367862,2023-07-01 05:05:00,2023-07-01 05:10:00,2023-07-01 07:10:00,-1,24
367871,367872,367896,2023-07-01 07:55:00,2023-07-01 08:00:00,2023-07-01 10:00:00,1,24
367903,367904,367928,2023-07-01 10:35:00,2023-07-01 10:40:00,2023-07-01 12:40:00,1,24
367939,367940,367964,2023-07-01 13:35:00,2023-07-01 13:40:00,2023-07-01 15:40:00,1,24
367963,367964,367988,2023-07-01 15:35:00,2023-07-01 15:40:00,2023-07-01 17:40:00,1,24
367989,367990,368014,2023-07-01 17:45:00,2023-07-01 17:50:00,2023-07-01 19:50:00,-1,24
368024,368025,368049,2023-07-01 20:40:00,2023-07-01 20:45:00,2023-07-01 22:45:00,1,24
368049,368050,368074,2023-07-01 22:45:00,2023-07-01 22:50:00,2023-07-02 00:50:00,1,24
368074,368075,368099,2023-07-02 00:50:00,2023-07-02 00:55:00,2023-07-02 02:55:00,1,24
368100,368101,368125,2023-07-02 03:00:00,2023-07-02 03:05:00,2023-07-02 05:05:00,1,24
368140,368141,368165,2023-07-02 06:20:00,2023-07-02 06:25:00,2023-07-02 08:25:00,-1,24
368170,368171,368195,2023-07-02 08:50:00,2023-07-02 08:55:00,2023-07-02 10:55:00,-1,24
368195,368196,368220,2023-07-02 10:55:00,2023-07-02 11:00:00,2023-07-02 13:00:00,-1,24
368223,368224,368248,2023-07-02 13:15:00,2023-07-02 13:20:00,2023-07-02 15:20:00,1,24
368271,368272,368296,2023-07-02 17:15:00,2023-07-02 17:20:00,2023-07-02 19:20:00,1,24
368302,368303,368327,2023-07-02 19:50:00,2023-07-02 19:55:00,2023-07-02 21:55:00,1,24
368331,368332,368356,2023-07-02 22:15:00,2023-07-02 22:20:00,2023-07-03 00:20:00,-1,24
368356,368357,368381,2023-07-03 00:20:00,2023-07-03 00:25:00,2023-07-03 02:25:00,1,24
368385,368386,368410,2023-07-03 02:45:00,2023-07-03 02:50:00,2023-07-03 04:50:00,1,24
368410,368411,368435,2023-07-03 04:50:00,2023-07-03 04:55:00,2023-07-03 06:55:00,-1,24
368438,368439,368463,2023-07-03 07:10:00,2023-07-03 07:15:00,2023-07-03 09:15:00,1,24
368492,368493,368517,2023-07-03 11:40:00,2023-07-03 11:45:00,2023-07-03 13:45:00,-1,24
368525,368526,368550,2023-07-03 14:25:00,2023-07-03 14:30:00,2023-07-03 16:30:00,-1,24
368549,368550,368574,2023-07-03 16:25:00,2023-07-03 16:30:00,2023-07-03 18:30:00,1,24
368600,368601,368625,2023-07-03 20:40:00,2023-07-03 20:45:00,2023-07-03 22:45:00,1,24
368630,368631,368655,2023-07-03 23:10:00,2023-07-03 23:15:00,2023-07-04 01:15:00,1,24
368667,368668,368692,2023-07-04 02:15:00,2023-07-04 02:20:00,2023-07-04 04:20:00,1,24
368711,368712,368736,2023-07-04 05:55:00,2023-07-04 06:00:00,2023-07-04 08:00:00,1,24
368736,368737,368761,2023-07-04 08:00:00,2023-07-04 08:05:00,2023-07-04 10:05:00,-1,24
368769,368770,368794,2023-07-04 10:45:00,2023-07-04 10:50:00,2023-07-04 12:50:00,-1,24
368796,368797,368821,2023-07-04 13:00:00,2023-07-04 13:05:00,2023-07-04 15:05:00,1,24
368823,368824,368848,2023-07-04 15:15:00,2023-07-04 15:20:00,2023-07-04 17:20:00,-1,24
368864,368865,368889,2023-07-04 18:40:00,2023-07-04 18:45:00,2023-07-04 20:45:00,-1,24
368892,368893,368917,2023-07-04 21:00:00,2023-07-04 21:05:00,2023-07-04 23:05:00,-1,24
368917,368918,368942,2023-07-04 23:05:00,2023-07-04 23:10:00,2023-07-05 01:10:00,1,24
368942,368943,368967,2023-07-05 01:10:00,2023-07-05 01:15:00,2023-07-05 03:15:00,-1,24
368971,368972,368996,2023-07-05 03:35:00,2023-07-05 03:40:00,2023-07-05 05:40:00,-1,24
368995,368996,369020,2023-07-05 05:35:00,2023-07-05 05:40:00,2023-07-05 07:40:00,-1,24
369023,369024,369048,2023-07-05 07:55:00,2023-07-05 08:00:00,2023-07-05 10:00:00,-1,24
369058,369059,369083,2023-07-05 10:50:00,2023-07-05 10:55:00,2023-07-05 12:55:00,-1,24
369094,369095,369119,2023-07-05 13:50:00,2023-07-05 13:55:00,2023-07-05 15:55:00,-1,24
369128,369129,369153,2023-07-05 16:40:00,2023-07-05 16:45:00,2023-07-05 18:45:00,1,24
369158,369159,369183,2023-07-05 19:10:00,2023-07-05 19:15:00,2023-07-05 21:15:00,-1,24
369204,369205,369229,2023-07-05 23:00:00,2023-07-05 23:05:00,2023-07-06 01:05:00,1,24
369228,369229,369253,2023-07-06 01:00:00,2023-07-06 01:05:00,2023-07-06 03:05:00,1,24
369253,369254,369278,2023-07-06 03:05:00,2023-07-06 03:10:00,2023-07-06 05:10:00,-1,24
369278,369279,369303,2023-07-06 05:10:00,2023-07-06 05:15:00,2023-07-06 07:15:00,1,24
369369,369370,369394,2023-07-06 12:45:00,2023-07-06 12:50:00,2023-07-06 14:50:00,-1,24
369425,369426,369450,2023-07-06 17:25:00,2023-07-06 17:30:00,2023-07-06 19:30:00,1,24
369451,369452,369476,2023-07-06 19:35:00,2023-07-06 19:40:00,2023-07-06 21:40:00,-1,24
369486,369487,369511,2023-07-06 22:30:00,2023-07-06 22:35:00,2023-07-07 00:35:00,-1,24
369514,369515,369539,2023-07-07 00:50:00,2023-07-07 00:55:00,2023-07-07 02:55:00,1,24
369593,369594,369618,2023-07-07 07:25:00,2023-07-07 07:30:00,2023-07-07 09:30:00,1,24
369617,369618,369642,2023-07-07 09:25:00,2023-07-07 09:30:00,2023-07-07 11:30:00,-1,24
369650,369651,369675,2023-07-07 12:10:00,2023-07-07 12:15:00,2023-07-07 14:15:00,1,24
369683,369684,369708,2023-07-07 14:55:00,2023-07-07 15:00:00,2023-07-07 17:00:00,-1,24
369732,369733,369757,2023-07-07 19:00:00,2023-07-07 19:05:00,2023-07-07 21:05:00,-1,24
369773,369774,369798,2023-07-07 22:25:00,2023-07-07 22:30:00,2023-07-08 00:30:00,1,24
369815,369816,369840,2023-07-08 01:55:00,2023-07-08 02:00:00,2023-07-08 04:00:00,-1,24
369843,369844,369868,2023-07-08 04:15:00,2023-07-08 04:20:00,2023-07-08 06:20:00,-1,24
369893,369894,369918,2023-07-08 08:25:00,2023-07-08 08:30:00,2023-07-08 10:30:00,-1,24
369917,369918,369942,2023-07-08 10:25:00,2023-07-08 10:30:00,2023-07-08 12:30:00,-1,24
369965,369966,369990,2023-07-08 14:25:00,2023-07-08 14:30:00,2023-07-08 16:30:00,-1,24
369991,369992,370016,2023-07-08 16:35:00,2023-07-08 16:40:00,2023-07-08 18:40:00,-1,24
370034,370035,370059,2023-07-08 20:10:00,2023-07-08 20:15:00,2023-07-08 22:15:00,-1,24
370069,370070,370094,2023-07-08 23:05:00,2023-07-08 23:10:00,2023-07-09 01:10:00,1,24
370093,370094,370118,2023-07-09 01:05:00,2023-07-09 01:10:00,2023-07-09 03:10:00,1,24
370128,370129,370153,2023-07-09 04:00:00,2023-07-09 04:05:00,2023-07-09 06:05:00,1,24
370153,370154,370178,2023-07-09 06:05:00,2023-07-09 06:10:00,2023-07-09 08:10:00,-1,24
370181,370182,370206,2023-07-09 08:25:00,2023-07-09 08:30:00,2023-07-09 10:30:00,-1,24
370219,370220,370244,2023-07-09 11:35:00,2023-07-09 11:40:00,2023-07-09 13:40:00,-1,24
370243,370244,370268,2023-07-09 13:35:00,2023-07-09 13:40:00,2023-07-09 15:40:00,1,24
370267,370268,370292,2023-07-09 15:35:00,2023-07-09 15:40:00,2023-07-09 17:40:00,1,24
370348,370349,370373,2023-07-09 22:20:00,2023-07-09 22:25:00,2023-07-10 00:25:00,-1,24
370385,370386,370410,2023-07-10 01:25:00,2023-07-10 01:30:00,2023-07-10 03:30:00,-1,24
370415,370416,370440,2023-07-10 03:55:00,2023-07-10 04:00:00,2023-07-10 06:00:00,1,24
370443,370444,370468,2023-07-10 06:15:00,2023-07-10 06:20:00,2023-07-10 08:20:00,1,24
370471,370472,370496,2023-07-10 08:35:00,2023-07-10 08:40:00,2023-07-10 10:40:00,1,24
370513,370514,370538,2023-07-10 12:05:00,2023-07-10 12:10:00,2023-07-10 14:10:00,-1,24
370551,370552,370576,2023-07-10 15:15:00,2023-07-10 15:20:00,2023-07-10 17:20:00,1,24
370600,370601,370625,2023-07-10 19:20:00,2023-07-10 19:25:00,2023-07-10 21:25:00,1,24
370625,370626,370650,2023-07-10 21:25:00,2023-07-10 21:30:00,2023-07-10 23:30:00,-1,24
370657,370658,370682,2023-07-11 00:05:00,2023-07-11 00:10:00,2023-07-11 02:10:00,1,24
370683,370684,370708,2023-07-11 02:15:00,2023-07-11 02:20:00,2023-07-11 04:20:00,1,24
370711,370712,370736,2023-07-11 04:35:00,2023-07-11 04:40:00,2023-07-11 06:40:00,1,24
370745,370746,370770,2023-07-11 07:25:00,2023-07-11 07:30:00,2023-07-11 09:30:00,-1,24
370779,370780,370804,2023-07-11 10:15:00,2023-07-11 10:20:00,2023-07-11 12:20:00,-1,24
370803,370804,370828,2023-07-11 12:15:00,2023-07-11 12:20:00,2023-07-11 14:20:00,-1,24
370832,370833,370857,2023-07-11 14:40:00,2023-07-11 14:45:00,2023-07-11 16:45:00,1,24
370866,370867,370891,2023-07-11 17:30:00,2023-07-11 17:35:00,2023-07-11 19:35:00,-1,24
370902,370903,370927,2023-07-11 20:30:00,2023-07-11 20:35:00,2023-07-11 22:35:00,-1,24
370926,370927,370951,2023-07-11 22:30:00,2023-07-11 22:35:00,2023-07-12 00:35:00,-1,24
370962,370963,370987,2023-07-12 01:30:00,2023-07-12 01:35:00,2023-07-12 03:35:00,1,24
371015,371016,371040,2023-07-12 05:55:00,2023-07-12 06:00:00,2023-07-12 08:00:00,1,24
371044,371045,371069,2023-07-12 08:20:00,2023-07-12 08:25:00,2023-07-12 10:25:00,1,24
371072,371073,371097,2023-07-12 10:40:00,2023-07-12 10:45:00,2023-07-12 12:45:00,-1,24
371119,371120,371144,2023-07-12 14:35:00,2023-07-12 14:40:00,2023-07-12 16:40:00,1,24
371144,371145,371169,2023-07-12 16:40:00,2023-07-12 16:45:00,2023-07-12 18:45:00,1,24
371168,371169,371193,2023-07-12 18:40:00,2023-07-12 18:45:00,2023-07-12 20:45:00,-1,24
371211,371212,371236,2023-07-12 22:15:00,2023-07-12 22:20:00,2023-07-13 00:20:00,1,24
371242,371243,371267,2023-07-13 00:50:00,2023-07-13 00:55:00,2023-07-13 02:55:00,-1,24
371270,371271,371295,2023-07-13 03:10:00,2023-07-13 03:15:00,2023-07-13 05:15:00,-1,24
371295,371296,371320,2023-07-13 05:15:00,2023-07-13 05:20:00,2023-07-13 07:20:00,-1,24
371319,371320,371344,2023-07-13 07:15:00,2023-07-13 07:20:00,2023-07-13 09:20:00,-1,24
371362,371363,371387,2023-07-13 10:50:00,2023-07-13 10:55:00,2023-07-13 12:55:00,1,24
371410,371411,371435,2023-07-13 14:50:00,2023-07-13 14:55:00,2023-07-13 16:55:00,-1,24
371505,371506,371530,2023-07-13 22:45:00,2023-07-13 22:50:00,2023-07-14 00:50:00,-1,24
371535,371536,371560,2023-07-14 01:15:00,2023-07-14 01:20:00,2023-07-14 03:20:00,1,24
371568,371569,371593,2023-07-14 04:00:00,2023-07-14 04:05:00,2023-07-14 06:05:00,1,24
371602,371603,371627,2023-07-14 06:50:00,2023-07-14 06:55:00,2023-07-14 08:55:00,1,24
371627,371628,371652,2023-07-14 08:55:00,2023-07-14 09:00:00,2023-07-14 11:00:00,-1,24
371656,371657,371681,2023-07-14 11:20:00,2023-07-14 11:25:00,2023-07-14 13:25:00,-1,24
371681,371682,371706,2023-07-14 13:25:00,2023-07-14 13:30:00,2023-07-14 15:30:00,-1,24
371716,371717,371741,2023-07-14 16:20:00,2023-07-14 16:25:00,2023-07-14 18:25:00,-1,24
371758,371759,371783,2023-07-14 19:50:00,2023-07-14 19:55:00,2023-07-14 21:55:00,-1,24
371789,371790,371814,2023-07-14 22:25:00,2023-07-14 22:30:00,2023-07-15 00:30:00,-1,24
371848,371849,371873,2023-07-15 03:20:00,2023-07-15 03:25:00,2023-07-15 05:25:00,-1,24
371873,371874,371898,2023-07-15 05:25:00,2023-07-15 05:30:00,2023-07-15 07:30:00,1,24
371908,371909,371933,2023-07-15 08:20:00,2023-07-15 08:25:00,2023-07-15 10:25:00,-1,24
371962,371963,371987,2023-07-15 12:50:00,2023-07-15 12:55:00,2023-07-15 14:55:00,-1,24
371986,371987,372011,2023-07-15 14:50:00,2023-07-15 14:55:00,2023-07-15 16:55:00,1,24
372032,372033,372057,2023-07-15 18:40:00,2023-07-15 18:45:00,2023-07-15 20:45:00,1,24
372073,372074,372098,2023-07-15 22:05:00,2023-07-15 22:10:00,2023-07-16 00:10:00,-1,24
372117,372118,372142,2023-07-16 01:45:00,2023-07-16 01:50:00,2023-07-16 03:50:00,1,24
372153,372154,372178,2023-07-16 04:45:00,2023-07-16 04:50:00,2023-07-16 06:50:00,1,24
372191,372192,372216,2023-07-16 07:55:00,2023-07-16 08:00:00,2023-07-16 10:00:00,-1,24
372220,372221,372245,2023-07-16 10:20:00,2023-07-16 10:25:00,2023-07-16 12:25:00,1,24
372273,372274,372298,2023-07-16 14:45:00,2023-07-16 14:50:00,2023-07-16 16:50:00,1,24
372300,372301,372325,2023-07-16 17:00:00,2023-07-16 17:05:00,2023-07-16 19:05:00,1,24
372337,372338,372362,2023-07-16 20:05:00,2023-07-16 20:10:00,2023-07-16 22:10:00,-1,24
372377,372378,372402,2023-07-16 23:25:00,2023-07-16 23:30:00,2023-07-17 01:30:00,1,24
372408,372409,372433,2023-07-17 02:00:00,2023-07-17 02:05:00,2023-07-17 04:05:00,1,24
372455,372456,372480,2023-07-17 05:55:00,2023-07-17 06:00:00,2023-07-17 08:00:00,1,24
372491,372492,372516,2023-07-17 08:55:00,2023-07-17 09:00:00,2023-07-17 11:00:00,1,24
372527,372528,372552,2023-07-17 11:55:00,2023-07-17 12:00:00,2023-07-17 14:00:00,1,24
372554,372555,372579,2023-07-17 14:10:00,2023-07-17 14:15:00,2023-07-17 16:15:00,-1,24
372588,372589,372613,2023-07-17 17:00:00,2023-07-17 17:05:00,2023-07-17 19:05:00,-1,24
372623,372624,372648,2023-07-17 19:55:00,2023-07-17 20:00:00,2023-07-17 22:00:00,-1,24
372649,372650,372674,2023-07-17 22:05:00,2023-07-17 22:10:00,2023-07-18 00:10:00,1,24
372674,372675,372699,2023-07-18 00:10:00,2023-07-18 00:15:00,2023-07-18 02:15:00,1,24
372698,372699,372723,2023-07-18 02:10:00,2023-07-18 02:15:00,2023-07-18 04:15:00,1,24
372722,372723,372747,2023-07-18 04:10:00,2023-07-18 04:15:00,2023-07-18 06:15:00,-1,24
372759,372760,372784,2023-07-18 07:15:00,2023-07-18 07:20:00,2023-07-18 09:20:00,-1,24
372785,372786,372810,2023-07-18 09:25:00,2023-07-18 09:30:00,2023-07-18 11:30:00,-1,24
372858,372859,372883,2023-07-18 15:30:00,2023-07-18 15:35:00,2023-07-18 17:35:00,1,24
372884,372885,372909,2023-07-18 17:40:00,2023-07-18 17:45:00,2023-07-18 19:45:00,-1,24
372908,372909,372933,2023-07-18 19:40:00,2023-07-18 19:45:00,2023-07-18 21:45:00,1,24
372936,372937,372961,2023-07-18 22:00:00,2023-07-18 22:05:00,2023-07-19 00:05:00,-1,24
372961,372962,372986,2023-07-19 00:05:00,2023-07-19 00:10:00,2023-07-19 02:10:00,1,24
372990,372991,373015,2023-07-19 02:30:00,2023-07-19 02:35:00,2023-07-19 04:35:00,1,24
373023,373024,373048,2023-07-19 05:15:00,2023-07-19 05:20:00,2023-07-19 07:20:00,-1,24
373051,373052,373076,2023-07-19 07:35:00,2023-07-19 07:40:00,2023-07-19 09:40:00,1,24
373088,373089,373113,2023-07-19 10:40:00,2023-07-19 10:45:00,2023-07-19 12:45:00,-1,24
373114,373115,373139,2023-07-19 12:50:00,2023-07-19 12:55:00,2023-07-19 14:55:00,-1,24
373141,373142,373166,2023-07-19 15:05:00,2023-07-19 15:10:00,2023-07-19 17:10:00,-1,24
373165,373166,373190,2023-07-19 17:05:00,2023-07-19 17:10:00,2023-07-19 19:10:00,1,24
373202,373203,373227,2023-07-19 20:10:00,2023-07-19 20:15:00,2023-07-19 22:15:00,1,24
373227,373228,373252,2023-07-19 22:15:00,2023-07-19 22:20:00,2023-07-20 00:20:00,1,24
373253,373254,373278,2023-07-20 00:25:00,2023-07-20 00:30:00,2023-07-20 02:30:00,1,24
373280,373281,373305,2023-07-20 02:40:00,2023-07-20 02:45:00,2023-07-20 04:45:00,1,24
373306,373307,373331,2023-07-20 04:50:00,2023-07-20 04:55:00,2023-07-20 06:55:00,-1,24
373330,373331,373355,2023-07-20 06:50:00,2023-07-20 06:55:00,2023-07-20 08:55:00,1,24
373404,373405,373429,2023-07-20 13:00:00,2023-07-20 13:05:00,2023-07-20 15:05:00,1,24
373432,373433,373457,2023-07-20 15:20:00,2023-07-20 15:25:00,2023-07-20 17:25:00,-1,24
373456,373457,373481,2023-07-20 17:20:00,2023-07-20 17:25:00,2023-07-20 19:25:00,1,24
373481,373482,373506,2023-07-20 19:25:00,2023-07-20 19:30:00,2023-07-20 21:30:00,-1,24
373507,373508,373532,2023-07-20 21:35:00,2023-07-20 21:40:00,2023-07-20 23:40:00,-1,24
373534,373535,373559,2023-07-20 23:50:00,2023-07-20 23:55:00,2023-07-21 01:55:00,-1,24
373561,373562,373586,2023-07-21 02:05:00,2023-07-21 02:10:00,2023-07-21 04:10:00,1,24
373585,373586,373610,2023-07-21 04:05:00,2023-07-21 04:10:00,2023-07-21 06:10:00,1,24
373611,373612,373636,2023-07-21 06:15:00,2023-07-21 06:20:00,2023-07-21 08:20:00,1,24
373648,373649,373673,2023-07-21 09:20:00,2023-07-21 09:25:00,2023-07-21 11:25:00,-1,24
373696,373697,373721,2023-07-21 13:20:00,2023-07-21 13:25:00,2023-07-21 15:25:00,1,24
373720,373721,373745,2023-07-21 15:20:00,2023-07-21 15:25:00,2023-07-21 17:25:00,1,24
373747,373748,373772,2023-07-21 17:35:00,2023-07-21 17:40:00,2023-07-21 19:40:00,1,24
373782,373783,373807,2023-07-21 20:30:00,2023-07-21 20:35:00,2023-07-21 22:35:00,1,24
373831,373832,373856,2023-07-22 00:35:00,2023-07-22 00:40:00,2023-07-22 02:40:00,1,24
373877,373878,373902,2023-07-22 04:25:00,2023-07-22 04:30:00,2023-07-22 06:30:00,-1,24
373915,373916,373940,2023-07-22 07:35:00,2023-07-22 07:40:00,2023-07-22 09:40:00,1,24
373950,373951,373975,2023-07-22 10:30:00,2023-07-22 10:35:00,2023-07-22 12:35:00,-1,24
373997,373998,374022,2023-07-22 14:25:00,2023-07-22 14:30:00,2023-07-22 16:30:00,1,24
374036,374037,374061,2023-07-22 17:40:00,2023-07-22 17:45:00,2023-07-22 19:45:00,1,24
374092,374093,374117,2023-07-22 22:20:00,2023-07-22 22:25:00,2023-07-23 00:25:00,1,24
374123,374124,374148,2023-07-23 00:55:00,2023-07-23 01:00:00,2023-07-23 03:00:00,-1,24
374167,374168,374192,2023-07-23 04:35:00,2023-07-23 04:40:00,2023-07-23 06:40:00,-1,24
374203,374204,374228,2023-07-23 07:35:00,2023-07-23 07:40:00,2023-07-23 09:40:00,1,24
374229,374230,374254,2023-07-23 09:45:00,2023-07-23 09:50:00,2023-07-23 11:50:00,-1,24
374322,374323,374347,2023-07-23 17:30:00,2023-07-23 17:35:00,2023-07-23 19:35:00,-1,24
374354,374355,374379,2023-07-23 20:10:00,2023-07-23 20:15:00,2023-07-23 22:15:00,1,24
374379,374380,374404,2023-07-23 22:15:00,2023-07-23 22:20:00,2023-07-24 00:20:00,-1,24
374414,374415,374439,2023-07-24 01:10:00,2023-07-24 01:15:00,2023-07-24 03:15:00,-1,24
374455,374456,374480,2023-07-24 04:35:00,2023-07-24 04:40:00,2023-07-24 06:40:00,-1,24
374485,374486,374510,2023-07-24 07:05:00,2023-07-24 07:10:00,2023-07-24 09:10:00,1,24
374510,374511,374535,2023-07-24 09:10:00,2023-07-24 09:15:00,2023-07-24 11:15:00,-1,24
374562,374563,374587,2023-07-24 13:30:00,2023-07-24 13:35:00,2023-07-24 15:35:00,1,24
374590,374591,374615,2023-07-24 15:50:00,2023-07-24 15:55:00,2023-07-24 17:55:00,1,24
374617,374618,374642,2023-07-24 18:05:00,2023-07-24 18:10:00,2023-07-24 20:10:00,-1,24
374642,374643,374667,2023-07-24 20:10:00,2023-07-24 20:15:00,2023-07-24 22:15:00,-1,24
374670,374671,374695,2023-07-24 22:30:00,2023-07-24 22:35:00,2023-07-25 00:35:00,1,24
374694,374695,374719,2023-07-25 00:30:00,2023-07-25 00:35:00,2023-07-25 02:35:00,-1,24
374724,374725,374749,2023-07-25 03:00:00,2023-07-25 03:05:00,2023-07-25 05:05:00,1,24
374759,374760,374784,2023-07-25 05:55:00,2023-07-25 06:00:00,2023-07-25 08:00:00,-1,24
374786,374787,374811,2023-07-25 08:10:00,2023-07-25 08:15:00,2023-07-25 10:15:00,1,24
374816,374817,374841,2023-07-25 10:40:00,2023-07-25 10:45:00,2023-07-25 12:45:00,-1,24
374841,374842,374866,2023-07-25 12:45:00,2023-07-25 12:50:00,2023-07-25 14:50:00,-1,24
374897,374898,374922,2023-07-25 17:25:00,2023-07-25 17:30:00,2023-07-25 19:30:00,1,24
374923,374924,374948,2023-07-25 19:35:00,2023-07-25 19:40:00,2023-07-25 21:40:00,1,24
374972,374973,374997,2023-07-25 23:40:00,2023-07-25 23:45:00,2023-07-26 01:45:00,1,24
375003,375004,375028,2023-07-26 02:15:00,2023-07-26 02:20:00,2023-07-26 04:20:00,-1,24
375037,375038,375062,2023-07-26 05:05:00,2023-07-26 05:10:00,2023-07-26 07:10:00,-1,24
375062,375063,375087,2023-07-26 07:10:00,2023-07-26 07:15:00,2023-07-26 09:15:00,-1,24
375095,375096,375120,2023-07-26 09:55:00,2023-07-26 10:00:00,2023-07-26 12:00:00,1,24
375124,375125,375149,2023-07-26 12:20:00,2023-07-26 12:25:00,2023-07-26 14:25:00,-1,24
375154,375155,375179,2023-07-26 14:50:00,2023-07-26 14:55:00,2023-07-26 16:55:00,1,24
375183,375184,375208,2023-07-26 17:15:00,2023-07-26 17:20:00,2023-07-26 19:20:00,-1,24
375216,375217,375241,2023-07-26 20:00:00,2023-07-26 20:05:00,2023-07-26 22:05:00,1,24
375286,375287,375311,2023-07-27 01:50:00,2023-07-27 01:55:00,2023-07-27 03:55:00,1,24
375319,375320,375344,2023-07-27 04:35:00,2023-07-27 04:40:00,2023-07-27 06:40:00,-1,24
375371,375372,375396,2023-07-27 08:55:00,2023-07-27 09:00:00,2023-07-27 11:00:00,1,24
375396,375397,375421,2023-07-27 11:00:00,2023-07-27 11:05:00,2023-07-27 13:05:00,-1,24
375421,375422,375446,2023-07-27 13:05:00,2023-07-27 13:10:00,2023-07-27 15:10:00,-1,24
375469,375470,375494,2023-07-27 17:05:00,2023-07-27 17:10:00,2023-07-27 19:10:00,1,24
375495,375496,375520,2023-07-27 19:15:00,2023-07-27 19:20:00,2023-07-27 21:20:00,-1,24
375521,375522,375546,2023-07-27 21:25:00,2023-07-27 21:30:00,2023-07-27 23:30:00,1,24
375554,375555,375579,2023-07-28 00:10:00,2023-07-28 00:15:00,2023-07-28 02:15:00,-1,24
375583,375584,375608,2023-07-28 02:35:00,2023-07-28 02:40:00,2023-07-28 04:40:00,1,24
375609,375610,375634,2023-07-28 04:45:00,2023-07-28 04:50:00,2023-07-28 06:50:00,-1,24
375686,375687,375711,2023-07-28 11:10:00,2023-07-28 11:15:00,2023-07-28 13:15:00,1,24
375714,375715,375739,2023-07-28 13:30:00,2023-07-28 13:35:00,2023-07-28 15:35:00,1,24
375765,375766,375790,2023-07-28 17:45:00,2023-07-28 17:50:00,2023-07-28 19:50:00,1,24
375795,375796,375820,2023-07-28 20:15:00,2023-07-28 20:20:00,2023-07-28 22:20:00,1,24
375833,375834,375858,2023-07-28 23:25:00,2023-07-28 23:30:00,2023-07-29 01:30:00,-1,24
375904,375905,375929,2023-07-29 05:20:00,2023-07-29 05:25:00,2023-07-29 07:25:00,-1,24
375940,375941,375965,2023-07-29 08:20:00,2023-07-29 08:25:00,2023-07-29 10:25:00,-1,24
376019,376020,376044,2023-07-29 14:55:00,2023-07-29 15:00:00,2023-07-29 17:00:00,-1,24
376052,376053,376077,2023-07-29 17:40:00,2023-07-29 17:45:00,2023-07-29 19:45:00,1,24
376108,376109,376133,2023-07-29 22:20:00,2023-07-29 22:25:00,2023-07-30 00:25:00,-1,24
376142,376143,376167,2023-07-30 01:10:00,2023-07-30 01:15:00,2023-07-30 03:15:00,1,24
376175,376176,376200,2023-07-30 03:55:00,2023-07-30 04:00:00,2023-07-30 06:00:00,-1,24
376211,376212,376236,2023-07-30 06:55:00,2023-07-30 07:00:00,2023-07-30 09:00:00,1,24
376235,376236,376260,2023-07-30 08:55:00,2023-07-30 09:00:00,2023-07-30 11:00:00,1,24
376266,376267,376291,2023-07-30 11:30:00,2023-07-30 11:35:00,2023-07-30 13:35:00,-1,24
376298,376299,376323,2023-07-30 14:10:00,2023-07-30 14:15:00,2023-07-30 16:15:00,1,24
376341,376342,376366,2023-07-30 17:45:00,2023-07-30 17:50:00,2023-07-30 19:50:00,-1,24
376384,376385,376409,2023-07-30 21:20:00,2023-07-30 21:25:00,2023-07-30 23:25:00,1,24
376413,376414,376438,2023-07-30 23:45:00,2023-07-30 23:50:00,2023-07-31 01:50:00,-1,24
376437,376438,376462,2023-07-31 01:45:00,2023-07-31 01:50:00,2023-07-31 03:50:00,1,24
376464,376465,376489,2023-07-31 04:00:00,2023-07-31 04:05:00,2023-07-31 06:05:00,1,24
376490,376491,376515,2023-07-31 06:10:00,2023-07-31 06:15:00,2023-07-31 08:15:00,-1,24
376519,376520,376544,2023-07-31 08:35:00,2023-07-31 08:40:00,2023-07-31 10:40:00,-1,24
376556,376557,376581,2023-07-31 11:40:00,2023-07-31 11:45:00,2023-07-31 13:45:00,-1,24
376585,376586,376610,2023-07-31 14:05:00,2023-07-31 14:10:00,2023-07-31 16:10:00,-1,24
376617,376618,376642,2023-07-31 16:45:00,2023-07-31 16:50:00,2023-07-31 18:50:00,-1,24
376641,376642,376666,2023-07-31 18:45:00,2023-07-31 18:50:00,2023-07-31 20:50:00,1,24
376669,376670,376694,2023-07-31 21:05:00,2023-07-31 21:10:00,2023-07-31 23:10:00,-1,24
376702,376703,376727,2023-07-31 23:50:00,2023-07-31 23:55:00,2023-08-01 01:55:00,-1,24
376727,376728,376752,2023-08-01 01:55:00,2023-08-01 02:00:00,2023-08-01 04:00:00,1,24
376769,376770,376794,2023-08-01 05:25:00,2023-08-01 05:30:00,2023-08-01 07:30:00,1,24
376799,376800,376824,2023-08-01 07:55:00,2023-08-01 08:00:00,2023-08-01 10:00:00,1,24
376846,376847,376871,2023-08-01 11:50:00,2023-08-01 11:55:00,2023-08-01 13:55:00,-1,24
376886,376887,376911,2023-08-01 15:10:00,2023-08-01 15:15:00,2023-08-01 17:15:00,-1,24
376911,376912,376936,2023-08-01 17:15:00,2023-08-01 17:20:00,2023-08-01 19:20:00,1,24
376936,376937,376961,2023-08-01 19:20:00,2023-08-01 19:25:00,2023-08-01 21:25:00,1,24
376965,376966,376990,2023-08-01 21:45:00,2023-08-01 21:50:00,2023-08-01 23:50:00,1,24
377043,377044,377068,2023-08-02 04:15:00,2023-08-02 04:20:00,2023-08-02 06:20:00,-1,24
377067,377068,377092,2023-08-02 06:15:00,2023-08-02 06:20:00,2023-08-02 08:20:00,-1,24
377093,377094,377118,2023-08-02 08:25:00,2023-08-02 08:30:00,2023-08-02 10:30:00,-1,24
377132,377133,377157,2023-08-02 11:40:00,2023-08-02 11:45:00,2023-08-02 13:45:00,-1,24
377167,377168,377192,2023-08-02 14:35:00,2023-08-02 14:40:00,2023-08-02 16:40:00,-1,24
377208,377209,377233,2023-08-02 18:00:00,2023-08-02 18:05:00,2023-08-02 20:05:00,-1,24
377235,377236,377260,2023-08-02 20:15:00,2023-08-02 20:20:00,2023-08-02 22:20:00,-1,24
377267,377268,377292,2023-08-02 22:55:00,2023-08-02 23:00:00,2023-08-03 01:00:00,1,24
377292,377293,377317,2023-08-03 01:00:00,2023-08-03 01:05:00,2023-08-03 03:05:00,1,24
377320,377321,377345,2023-08-03 03:20:00,2023-08-03 03:25:00,2023-08-03 05:25:00,-1,24
377344,377345,377369,2023-08-03 05:20:00,2023-08-03 05:25:00,2023-08-03 07:25:00,1,24
377373,377374,377398,2023-08-03 07:45:00,2023-08-03 07:50:00,2023-08-03 09:50:00,-1,24
377398,377399,377423,2023-08-03 09:50:00,2023-08-03 09:55:00,2023-08-03 11:55:00,-1,24
377438,377439,377463,2023-08-03 13:10:00,2023-08-03 13:15:00,2023-08-03 15:15:00,-1,24
377467,377468,377492,2023-08-03 15:35:00,2023-08-03 15:40:00,2023-08-03 17:40:00,-1,24
377495,377496,377520,2023-08-03 17:55:00,2023-08-03 18:00:00,2023-08-03 20:00:00,-1,24
377521,377522,377546,2023-08-03 20:05:00,2023-08-03 20:10:00,2023-08-03 22:10:00,1,24
377550,377551,377575,2023-08-03 22:30:00,2023-08-03 22:35:00,2023-08-04 00:35:00,1,24
377576,377577,377601,2023-08-04 00:40:00,2023-08-04 00:45:00,2023-08-04 02:45:00,-1,24
377604,377605,377629,2023-08-04 03:00:00,2023-08-04 03:05:00,2023-08-04 05:05:00,1,24
377647,377648,377672,2023-08-04 06:35:00,2023-08-04 06:40:00,2023-08-04 08:40:00,1,24
377675,377676,377700,2023-08-04 08:55:00,2023-08-04 09:00:00,2023-08-04 11:00:00,-1,24
377714,377715,377739,2023-08-04 12:10:00,2023-08-04 12:15:00,2023-08-04 14:15:00,-1,24
377739,377740,377764,2023-08-04 14:15:00,2023-08-04 14:20:00,2023-08-04 16:20:00,-1,24
377773,377774,377798,2023-08-04 17:05:00,2023-08-04 17:10:00,2023-08-04 19:10:00,1,24
377800,377801,377825,2023-08-04 19:20:00,2023-08-04 19:25:00,2023-08-04 21:25:00,-1,24
377845,377846,377870,2023-08-04 23:05:00,2023-08-04 23:10:00,2023-08-05 01:10:00,1,24
377873,377874,377898,2023-08-05 01:25:00,2023-08-05 01:30:00,2023-08-05 03:30:00,-1,24
377899,377900,377924,2023-08-05 03:35:00,2023-08-05 03:40:00,2023-08-05 05:40:00,-1,24
377957,377958,377982,2023-08-05 08:25:00,2023-08-05 08:30:00,2023-08-05 10:30:00,1,24
377985,377986,378010,2023-08-05 10:45:00,2023-08-05 10:50:00,2023-08-05 12:50:00,-1,24
378013,378014,378038,2023-08-05 13:05:00,2023-08-05 13:10:00,2023-08-05 15:10:00,1,24
378041,378042,378066,2023-08-05 15:25:00,2023-08-05 15:30:00,2023-08-05 17:30:00,-1,24
378097,378098,378122,2023-08-05 20:05:00,2023-08-05 20:10:00,2023-08-05 22:10:00,1,24
378176,378177,378201,2023-08-06 02:40:00,2023-08-06 02:45:00,2023-08-06 04:45:00,-1,24
378201,378202,378226,2023-08-06 04:45:00,2023-08-06 04:50:00,2023-08-06 06:50:00,1,24
378234,378235,378259,2023-08-06 07:30:00,2023-08-06 07:35:00,2023-08-06 09:35:00,-1,24
378319,378320,378344,2023-08-06 14:35:00,2023-08-06 14:40:00,2023-08-06 16:40:00,-1,24
378381,378382,378406,2023-08-06 19:45:00,2023-08-06 19:50:00,2023-08-06 21:50:00,-1,24
378405,378406,378430,2023-08-06 21:45:00,2023-08-06 21:50:00,2023-08-06 23:50:00,1,24
378435,378436,378460,2023-08-07 00:15:00,2023-08-07 00:20:00,2023-08-07 02:20:00,1,24
378461,378462,378486,2023-08-07 02:25:00,2023-08-07 02:30:00,2023-08-07 04:30:00,-1,24
378514,378515,378539,2023-08-07 06:50:00,2023-08-07 06:55:00,2023-08-07 08:55:00,1,24
378544,378545,378569,2023-08-07 09:20:00,2023-08-07 09:25:00,2023-08-07 11:25:00,-1,24
378568,378569,378593,2023-08-07 11:20:00,2023-08-07 11:25:00,2023-08-07 13:25:00,1,24
378595,378596,378620,2023-08-07 13:35:00,2023-08-07 13:40:00,2023-08-07 15:40:00,1,24
378645,378646,378670,2023-08-07 17:45:00,2023-08-07 17:50:00,2023-08-07 19:50:00,-1,24
378673,378674,378698,2023-08-07 20:05:00,2023-08-07 20:10:00,2023-08-07 22:10:00,1,24
378698,378699,378723,2023-08-07 22:10:00,2023-08-07 22:15:00,2023-08-08 00:15:00,-1,24
378728,378729,378753,2023-08-08 00:40:00,2023-08-08 00:45:00,2023-08-08 02:45:00,-1,24
378752,378753,378777,2023-08-08 02:40:00,2023-08-08 02:45:00,2023-08-08 04:45:00,1,24
378779,378780,378804,2023-08-08 04:55:00,2023-08-08 05:00:00,2023-08-08 07:00:00,-1,24
378823,378824,378848,2023-08-08 08:35:00,2023-08-08 08:40:00,2023-08-08 10:40:00,1,24
378849,378850,378874,2023-08-08 10:45:00,2023-08-08 10:50:00,2023-08-08 12:50:00,1,24
378878,378879,378903,2023-08-08 13:10:00,2023-08-08 13:15:00,2023-08-08 15:15:00,1,24
378902,378903,378927,2023-08-08 15:10:00,2023-08-08 15:15:00,2023-08-08 17:15:00,-1,24
378931,378932,378956,2023-08-08 17:35:00,2023-08-08 17:40:00,2023-08-08 19:40:00,1,24
378955,378956,378980,2023-08-08 19:35:00,2023-08-08 19:40:00,2023-08-08 21:40:00,1,24
378998,378999,379023,2023-08-08 23:10:00,2023-08-08 23:15:00,2023-08-09 01:15:00,-1,24
379024,379025,379049,2023-08-09 01:20:00,2023-08-09 01:25:00,2023-08-09 03:25:00,1,24
379050,379051,379075,2023-08-09 03:30:00,2023-08-09 03:35:00,2023-08-09 05:35:00,1,24
379075,379076,379100,2023-08-09 05:35:00,2023-08-09 05:40:00,2023-08-09 07:40:00,-1,24
379106,379107,379131,2023-08-09 08:10:00,2023-08-09 08:15:00,2023-08-09 10:15:00,-1,24
379146,379147,379171,2023-08-09 11:30:00,2023-08-09 11:35:00,2023-08-09 13:35:00,1,24
379193,379194,379218,2023-08-09 15:25:00,2023-08-09 15:30:00,2023-08-09 17:30:00,1,24
379217,379218,379242,2023-08-09 17:25:00,2023-08-09 17:30:00,2023-08-09 19:30:00,-1,24
379241,379242,379266,2023-08-09 19:25:00,2023-08-09 19:30:00,2023-08-09 21:30:00,1,24
379276,379277,379301,2023-08-09 22:20:00,2023-08-09 22:25:00,2023-08-10 00:25:00,1,24
379300,379301,379325,2023-08-10 00:20:00,2023-08-10 00:25:00,2023-08-10 02:25:00,-1,24
379363,379364,379388,2023-08-10 05:35:00,2023-08-10 05:40:00,2023-08-10 07:40:00,1,24
379397,379398,379422,2023-08-10 08:25:00,2023-08-10 08:30:00,2023-08-10 10:30:00,1,24
379437,379438,379462,2023-08-10 11:45:00,2023-08-10 11:50:00,2023-08-10 13:50:00,-1,24
379461,379462,379486,2023-08-10 13:45:00,2023-08-10 13:50:00,2023-08-10 15:50:00,-1,24
379492,379493,379517,2023-08-10 16:20:00,2023-08-10 16:25:00,2023-08-10 18:25:00,-1,24
379531,379532,379556,2023-08-10 19:35:00,2023-08-10 19:40:00,2023-08-10 21:40:00,-1,24
379556,379557,379581,2023-08-10 21:40:00,2023-08-10 21:45:00,2023-08-10 23:45:00,1,24
379581,379582,379606,2023-08-10 23:45:00,2023-08-10 23:50:00,2023-08-11 01:50:00,1,24
379620,379621,379645,2023-08-11 03:00:00,2023-08-11 03:05:00,2023-08-11 05:05:00,-1,24
379653,379654,379678,2023-08-11 05:45:00,2023-08-11 05:50:00,2023-08-11 07:50:00,-1,24
379681,379682,379706,2023-08-11 08:05:00,2023-08-11 08:10:00,2023-08-11 10:10:00,1,24
379712,379713,379737,2023-08-11 10:40:00,2023-08-11 10:45:00,2023-08-11 12:45:00,1,24
379745,379746,379770,2023-08-11 13:25:00,2023-08-11 13:30:00,2023-08-11 15:30:00,-1,24
379781,379782,379806,2023-08-11 16:25:00,2023-08-11 16:30:00,2023-08-11 18:30:00,1,24
379810,379811,379835,2023-08-11 18:50:00,2023-08-11 18:55:00,2023-08-11 20:55:00,-1,24
379839,379840,379864,2023-08-11 21:15:00,2023-08-11 21:20:00,2023-08-11 23:20:00,-1,24
379863,379864,379888,2023-08-11 23:15:00,2023-08-11 23:20:00,2023-08-12 01:20:00,1,24
379936,379937,379961,2023-08-12 05:20:00,2023-08-12 05:25:00,2023-08-12 07:25:00,-1,24
379968,379969,379993,2023-08-12 08:00:00,2023-08-12 08:05:00,2023-08-12 10:05:00,-1,24
380012,380013,380037,2023-08-12 11:40:00,2023-08-12 11:45:00,2023-08-12 13:45:00,1,24
380054,380055,380079,2023-08-12 15:10:00,2023-08-12 15:15:00,2023-08-12 17:15:00,-1,24
380094,380095,380119,2023-08-12 18:30:00,2023-08-12 18:35:00,2023-08-12 20:35:00,1,24
380155,380156,380180,2023-08-12 23:35:00,2023-08-12 23:40:00,2023-08-13 01:40:00,-1,24
380192,380193,380217,2023-08-13 02:40:00,2023-08-13 02:45:00,2023-08-13 04:45:00,-1,24
380218,380219,380243,2023-08-13 04:50:00,2023-08-13 04:55:00,2023-08-13 06:55:00,1,24
380301,380302,380326,2023-08-13 11:45:00,2023-08-13 11:50:00,2023-08-13 13:50:00,-1,24
380339,380340,380364,2023-08-13 14:55:00,2023-08-13 15:00:00,2023-08-13 17:00:00,-1,24
380397,380398,380422,2023-08-13 19:45:00,2023-08-13 19:50:00,2023-08-13 21:50:00,1,24
380431,380432,380456,2023-08-13 22:35:00,2023-08-13 22:40:00,2023-08-14 00:40:00,1,24
380457,380458,380482,2023-08-14 00:45:00,2023-08-14 00:50:00,2023-08-14 02:50:00,1,24
380497,380498,380522,2023-08-14 04:05:00,2023-08-14 04:10:00,2023-08-14 06:10:00,-1,24
380525,380526,380550,2023-08-14 06:25:00,2023-08-14 06:30:00,2023-08-14 08:30:00,1,24
380571,380572,380596,2023-08-14 10:15:00,2023-08-14 10:20:00,2023-08-14 12:20:00,-1,24
380596,380597,380621,2023-08-14 12:20:00,2023-08-14 12:25:00,2023-08-14 14:25:00,-1,24
380646,380647,380671,2023-08-14 16:30:00,2023-08-14 16:35:00,2023-08-14 18:35:00,-1,24
380683,380684,380708,2023-08-14 19:35:00,2023-08-14 19:40:00,2023-08-14 21:40:00,1,24
380712,380713,380737,2023-08-14 22:00:00,2023-08-14 22:05:00,2023-08-15 00:05:00,-1,24
380764,380765,380789,2023-08-15 02:20:00,2023-08-15 02:25:00,2023-08-15 04:25:00,1,24
380804,380805,380829,2023-08-15 05:40:00,2023-08-15 05:45:00,2023-08-15 07:45:00,-1,24
380839,380840,380864,2023-08-15 08:35:00,2023-08-15 08:40:00,2023-08-15 10:40:00,1,24
380884,380885,380909,2023-08-15 12:20:00,2023-08-15 12:25:00,2023-08-15 14:25:00,-1,24
380939,380940,380964,2023-08-15 16:55:00,2023-08-15 17:00:00,2023-08-15 19:00:00,-1,24
380973,380974,380998,2023-08-15 19:45:00,2023-08-15 19:50:00,2023-08-15 21:50:00,-1,24
381004,381005,381029,2023-08-15 22:20:00,2023-08-15 22:25:00,2023-08-16 00:25:00,1,24
381081,381082,381106,2023-08-16 04:45:00,2023-08-16 04:50:00,2023-08-16 06:50:00,1,24
381126,381127,381151,2023-08-16 08:30:00,2023-08-16 08:35:00,2023-08-16 10:35:00,1,24
381161,381162,381186,2023-08-16 11:25:00,2023-08-16 11:30:00,2023-08-16 13:30:00,-1,24
381185,381186,381210,2023-08-16 13:25:00,2023-08-16 13:30:00,2023-08-16 15:30:00,1,24
381232,381233,381257,2023-08-16 17:20:00,2023-08-16 17:25:00,2023-08-16 19:25:00,1,24
381260,381261,381285,2023-08-16 19:40:00,2023-08-16 19:45:00,2023-08-16 21:45:00,-1,24
381293,381294,381318,2023-08-16 22:25:00,2023-08-16 22:30:00,2023-08-17 00:30:00,-1,24
381317,381318,381342,2023-08-17 00:25:00,2023-08-17 00:30:00,2023-08-17 02:30:00,-1,24
381348,381349,381373,2023-08-17 03:00:00,2023-08-17 03:05:00,2023-08-17 05:05:00,1,24
381378,381379,381403,2023-08-17 05:30:00,2023-08-17 05:35:00,2023-08-17 07:35:00,-1,24
381403,381404,381428,2023-08-17 07:35:00,2023-08-17 07:40:00,2023-08-17 09:40:00,1,24
381441,381442,381466,2023-08-17 10:45:00,2023-08-17 10:50:00,2023-08-17 12:50:00,1,24
381472,381473,381497,2023-08-17 13:20:00,2023-08-17 13:25:00,2023-08-17 15:25:00,1,24
381519,381520,381544,2023-08-17 17:15:00,2023-08-17 17:20:00,2023-08-17 19:20:00,-1,24
381543,381544,381568,2023-08-17 19:15:00,2023-08-17 19:20:00,2023-08-17 21:20:00,1,24
381598,381599,381623,2023-08-17 23:50:00,2023-08-17 23:55:00,2023-08-18 01:55:00,-1,24
381623,381624,381648,2023-08-18 01:55:00,2023-08-18 02:00:00,2023-08-18 04:00:00,-1,24
381659,381660,381684,2023-08-18 04:55:00,2023-08-18 05:00:00,2023-08-18 07:00:00,-1,24
381683,381684,381708,2023-08-18 06:55:00,2023-08-18 07:00:00,2023-08-18 09:00:00,1,24
381713,381714,381738,2023-08-18 09:25:00,2023-08-18 09:30:00,2023-08-18 11:30:00,-1,24
381739,381740,381764,2023-08-18 11:35:00,2023-08-18 11:40:00,2023-08-18 13:40:00,1,24
381777,381778,381802,2023-08-18 14:45:00,2023-08-18 14:50:00,2023-08-18 16:50:00,1,24
381844,381845,381869,2023-08-18 20:20:00,2023-08-18 20:25:00,2023-08-18 22:25:00,1,24
381876,381877,381901,2023-08-18 23:00:00,2023-08-18 23:05:00,2023-08-19 01:05:00,-1,24
381904,381905,381929,2023-08-19 01:20:00,2023-08-19 01:25:00,2023-08-19 03:25:00,-1,24
381934,381935,381959,2023-08-19 03:50:00,2023-08-19 03:55:00,2023-08-19 05:55:00,1,24
381958,381959,381983,2023-08-19 05:50:00,2023-08-19 05:55:00,2023-08-19 07:55:00,1,24
381983,381984,382008,2023-08-19 07:55:00,2023-08-19 08:00:00,2023-08-19 10:00:00,-1,24
382013,382014,382038,2023-08-19 10:25:00,2023-08-19 10:30:00,2023-08-19 12:30:00,-1,24
382039,382040,382064,2023-08-19 12:35:00,2023-08-19 12:40:00,2023-08-19 14:40:00,1,24
382068,382069,382093,2023-08-19 15:00:00,2023-08-19 15:05:00,2023-08-19 17:05:00,-1,24
382094,382095,382119,2023-08-19 17:10:00,2023-08-19 17:15:00,2023-08-19 19:15:00,-1,24
382120,382121,382145,2023-08-19 19:20:00,2023-08-19 19:25:00,2023-08-19 21:25:00,-1,24
382152,382153,382177,2023-08-19 22:00:00,2023-08-19 22:05:00,2023-08-20 00:05:00,-1,24
382178,382179,382203,2023-08-20 00:10:00,2023-08-20 00:15:00,2023-08-20 02:15:00,1,24
382210,382211,382235,2023-08-20 02:50:00,2023-08-20 02:55:00,2023-08-20 04:55:00,1,24
382238,382239,382263,2023-08-20 05:10:00,2023-08-20 05:15:00,2023-08-20 07:15:00,1,24
382267,382268,382292,2023-08-20 07:35:00,2023-08-20 07:40:00,2023-08-20 09:40:00,-1,24
382292,382293,382317,2023-08-20 09:40:00,2023-08-20 09:45:00,2023-08-20 11:45:00,1,24
382317,382318,382342,2023-08-20 11:45:00,2023-08-20 11:50:00,2023-08-20 13:50:00,1,24
382346,382347,382371,2023-08-20 14:10:00,2023-08-20 14:15:00,2023-08-20 16:15:00,-1,24
382375,382376,382400,2023-08-20 16:35:00,2023-08-20 16:40:00,2023-08-20 18:40:00,-1,24
382422,382423,382447,2023-08-20 20:30:00,2023-08-20 20:35:00,2023-08-20 22:35:00,-1,24
382449,382450,382474,2023-08-20 22:45:00,2023-08-20 22:50:00,2023-08-21 00:50:00,1,24
382474,382475,382499,2023-08-21 00:50:00,2023-08-21 00:55:00,2023-08-21 02:55:00,1,24
382499,382500,382524,2023-08-21 02:55:00,2023-08-21 03:00:00,2023-08-21 05:00:00,1,24
382526,382527,382551,2023-08-21 05:10:00,2023-08-21 05:15:00,2023-08-21 07:15:00,-1,24
382553,382554,382578,2023-08-21 07:25:00,2023-08-21 07:30:00,2023-08-21 09:30:00,1,24
382577,382578,382602,2023-08-21 09:25:00,2023-08-21 09:30:00,2023-08-21 11:30:00,-1,24
382601,382602,382626,2023-08-21 11:25:00,2023-08-21 11:30:00,2023-08-21 13:30:00,1,24
382628,382629,382653,2023-08-21 13:40:00,2023-08-21 13:45:00,2023-08-21 15:45:00,-1,24
382653,382654,382678,2023-08-21 15:45:00,2023-08-21 15:50:00,2023-08-21 17:50:00,1,24
382679,382680,382704,2023-08-21 17:55:00,2023-08-21 18:00:00,2023-08-21 20:00:00,1,24
382704,382705,382729,2023-08-21 20:00:00,2023-08-21 20:05:00,2023-08-21 22:05:00,-1,24
382729,382730,382754,2023-08-21 22:05:00,2023-08-21 22:10:00,2023-08-22 00:10:00,-1,24
382762,382763,382787,2023-08-22 00:50:00,2023-08-22 00:55:00,2023-08-22 02:55:00,1,24
382788,382789,382813,2023-08-22 03:00:00,2023-08-22 03:05:00,2023-08-22 05:05:00,-1,24
382829,382830,382854,2023-08-22 06:25:00,2023-08-22 06:30:00,2023-08-22 08:30:00,-1,24
382855,382856,382880,2023-08-22 08:35:00,2023-08-22 08:40:00,2023-08-22 10:40:00,1,24
382896,382897,382921,2023-08-22 12:00:00,2023-08-22 12:05:00,2023-08-22 14:05:00,1,24
382925,382926,382950,2023-08-22 14:25:00,2023-08-22 14:30:00,2023-08-22 16:30:00,1,24
382962,382963,382987,2023-08-22 17:30:00,2023-08-22 17:35:00,2023-08-22 19:35:00,1,24
382986,382987,383011,2023-08-22 19:30:00,2023-08-22 19:35:00,2023-08-22 21:35:00,-1,24
383017,383018,383042,2023-08-22 22:05:00,2023-08-22 22:10:00,2023-08-23 00:10:00,-1,24
383067,383068,383092,2023-08-23 02:15:00,2023-08-23 02:20:00,2023-08-23 04:20:00,-1,24
383092,383093,383117,2023-08-23 04:20:00,2023-08-23 04:25:00,2023-08-23 06:25:00,1,24
383118,383119,383143,2023-08-23 06:30:00,2023-08-23 06:35:00,2023-08-23 08:35:00,-1,24
383143,383144,383168,2023-08-23 08:35:00,2023-08-23 08:40:00,2023-08-23 10:40:00,1,24
383175,383176,383200,2023-08-23 11:15:00,2023-08-23 11:20:00,2023-08-23 13:20:00,-1,24
383199,383200,383224,2023-08-23 13:15:00,2023-08-23 13:20:00,2023-08-23 15:20:00,-1,24
383265,383266,383290,2023-08-23 18:45:00,2023-08-23 18:50:00,2023-08-23 20:50:00,1,24
383289,383290,383314,2023-08-23 20:45:00,2023-08-23 20:50:00,2023-08-23 22:50:00,1,24
383317,383318,383342,2023-08-23 23:05:00,2023-08-23 23:10:00,2023-08-24 01:10:00,-1,24
383350,383351,383375,2023-08-24 01:50:00,2023-08-24 01:55:00,2023-08-24 03:55:00,-1,24
383380,383381,383405,2023-08-24 04:20:00,2023-08-24 04:25:00,2023-08-24 06:25:00,1,24
383413,383414,383438,2023-08-24 07:05:00,2023-08-24 07:10:00,2023-08-24 09:10:00,-1,24
383441,383442,383466,2023-08-24 09:25:00,2023-08-24 09:30:00,2023-08-24 11:30:00,1,24
383474,383475,383499,2023-08-24 12:10:00,2023-08-24 12:15:00,2023-08-24 14:15:00,-1,24
383516,383517,383541,2023-08-24 15:40:00,2023-08-24 15:45:00,2023-08-24 17:45:00,-1,24
383551,383552,383576,2023-08-24 18:35:00,2023-08-24 18:40:00,2023-08-24 20:40:00,-1,24
383577,383578,383602,2023-08-24 20:45:00,2023-08-24 20:50:00,2023-08-24 22:50:00,1,24
383602,383603,383627,2023-08-24 22:50:00,2023-08-24 22:55:00,2023-08-25 00:55:00,1,24
383631,383632,383656,2023-08-25 01:15:00,2023-08-25 01:20:00,2023-08-25 03:20:00,1,24
383655,383656,383680,2023-08-25 03:15:00,2023-08-25 03:20:00,2023-08-25 05:20:00,1,24
383684,383685,383709,2023-08-25 05:40:00,2023-08-25 05:45:00,2023-08-25 07:45:00,1,24
383710,383711,383735,2023-08-25 07:50:00,2023-08-25 07:55:00,2023-08-25 09:55:00,-1,24
383734,383735,383759,2023-08-25 09:50:00,2023-08-25 09:55:00,2023-08-25 11:55:00,-1,24
383769,383770,383794,2023-08-25 12:45:00,2023-08-25 12:50:00,2023-08-25 14:50:00,-1,24
383800,383801,383825,2023-08-25 15:20:00,2023-08-25 15:25:00,2023-08-25 17:25:00,1,24
383834,383835,383859,2023-08-25 18:10:00,2023-08-25 18:15:00,2023-08-25 20:15:00,-1,24
383862,383863,383887,2023-08-25 20:30:00,2023-08-25 20:35:00,2023-08-25 22:35:00,-1,24
383887,383888,383912,2023-08-25 22:35:00,2023-08-25 22:40:00,2023-08-26 00:40:00,-1,24
383913,383914,383938,2023-08-26 00:45:00,2023-08-26 00:50:00,2023-08-26 02:50:00,-1,24
383937,383938,383962,2023-08-26 02:45:00,2023-08-26 02:50:00,2023-08-26 04:50:00,-1,24
383979,383980,384004,2023-08-26 06:15:00,2023-08-26 06:20:00,2023-08-26 08:20:00,1,24
384007,384008,384032,2023-08-26 08:35:00,2023-08-26 08:40:00,2023-08-26 10:40:00,1,24
384042,384043,384067,2023-08-26 11:30:00,2023-08-26 11:35:00,2023-08-26 13:35:00,-1,24
384067,384068,384092,2023-08-26 13:35:00,2023-08-26 13:40:00,2023-08-26 15:40:00,1,24
384091,384092,384116,2023-08-26 15:35:00,2023-08-26 15:40:00,2023-08-26 17:40:00,-1,24
384125,384126,384150,2023-08-26 18:25:00,2023-08-26 18:30:00,2023-08-26 20:30:00,-1,24
384152,384153,384177,2023-08-26 20:40:00,2023-08-26 20:45:00,2023-08-26 22:45:00,-1,24
384177,384178,384202,2023-08-26 22:45:00,2023-08-26 22:50:00,2023-08-27 00:50:00,-1,24
384203,384204,384228,2023-08-27 00:55:00,2023-08-27 01:00:00,2023-08-27 03:00:00,-1,24
384227,384228,384252,2023-08-27 02:55:00,2023-08-27 03:00:00,2023-08-27 05:00:00,-1,24
384303,384304,384328,2023-08-27 09:15:00,2023-08-27 09:20:00,2023-08-27 11:20:00,-1,24
384333,384334,384358,2023-08-27 11:45:00,2023-08-27 11:50:00,2023-08-27 13:50:00,1,24
384372,384373,384397,2023-08-27 15:00:00,2023-08-27 15:05:00,2023-08-27 17:05:00,-1,24
384401,384402,384426,2023-08-27 17:25:00,2023-08-27 17:30:00,2023-08-27 19:30:00,-1,24
384439,384440,384464,2023-08-27 20:35:00,2023-08-27 20:40:00,2023-08-27 22:40:00,1,24
384472,384473,384497,2023-08-27 23:20:00,2023-08-27 23:25:00,2023-08-28 01:25:00,1,24
384498,384499,384523,2023-08-28 01:30:00,2023-08-28 01:35:00,2023-08-28 03:35:00,-1,24
384535,384536,384560,2023-08-28 04:35:00,2023-08-28 04:40:00,2023-08-28 06:40:00,-1,24
384560,384561,384585,2023-08-28 06:40:00,2023-08-28 06:45:00,2023-08-28 08:45:00,-1,24
384586,384587,384611,2023-08-28 08:50:00,2023-08-28 08:55:00,2023-08-28 10:55:00,1,24
384622,384623,384647,2023-08-28 11:50:00,2023-08-28 11:55:00,2023-08-28 13:55:00,1,24
384648,384649,384673,2023-08-28 14:00:00,2023-08-28 14:05:00,2023-08-28 16:05:00,-1,24
384677,384678,384702,2023-08-28 16:25:00,2023-08-28 16:30:00,2023-08-28 18:30:00,-1,24
384702,384703,384727,2023-08-28 18:30:00,2023-08-28 18:35:00,2023-08-28 20:35:00,-1,24
384730,384731,384755,2023-08-28 20:50:00,2023-08-28 20:55:00,2023-08-28 22:55:00,-1,24
384756,384757,384781,2023-08-28 23:00:00,2023-08-28 23:05:00,2023-08-29 01:05:00,-1,24
384785,384786,384810,2023-08-29 01:25:00,2023-08-29 01:30:00,2023-08-29 03:30:00,-1,24
384813,384814,384838,2023-08-29 03:45:00,2023-08-29 03:50:00,2023-08-29 05:50:00,1,24
384843,384844,384868,2023-08-29 06:15:00,2023-08-29 06:20:00,2023-08-29 08:20:00,1,24
384885,384886,384910,2023-08-29 09:45:00,2023-08-29 09:50:00,2023-08-29 11:50:00,-1,24
384910,384911,384935,2023-08-29 11:50:00,2023-08-29 11:55:00,2023-08-29 13:55:00,1,24
384934,384935,384959,2023-08-29 13:50:00,2023-08-29 13:55:00,2023-08-29 15:55:00,1,24
384987,384988,385012,2023-08-29 18:15:00,2023-08-29 18:20:00,2023-08-29 20:20:00,1,24
385019,385020,385044,2023-08-29 20:55:00,2023-08-29 21:00:00,2023-08-29 23:00:00,-1,24
385047,385048,385072,2023-08-29 23:15:00,2023-08-29 23:20:00,2023-08-30 01:20:00,1,24
385075,385076,385100,2023-08-30 01:35:00,2023-08-30 01:40:00,2023-08-30 03:40:00,-1,24
385103,385104,385128,2023-08-30 03:55:00,2023-08-30 04:00:00,2023-08-30 06:00:00,-1,24
385132,385133,385157,2023-08-30 06:20:00,2023-08-30 06:25:00,2023-08-30 08:25:00,1,24
385164,385165,385189,2023-08-30 09:00:00,2023-08-30 09:05:00,2023-08-30 11:05:00,1,24
385197,385198,385222,2023-08-30 11:45:00,2023-08-30 11:50:00,2023-08-30 13:50:00,-1,24
385237,385238,385262,2023-08-30 15:05:00,2023-08-30 15:10:00,2023-08-30 17:10:00,-1,24
385268,385269,385293,2023-08-30 17:40:00,2023-08-30 17:45:00,2023-08-30 19:45:00,-1,24
385292,385293,385317,2023-08-30 19:40:00,2023-08-30 19:45:00,2023-08-30 21:45:00,1,24
385331,385332,385356,2023-08-30 22:55:00,2023-08-30 23:00:00,2023-08-31 01:00:00,1,24
385361,385362,385386,2023-08-31 01:25:00,2023-08-31 01:30:00,2023-08-31 03:30:00,-1,24
385386,385387,385411,2023-08-31 03:30:00,2023-08-31 03:35:00,2023-08-31 05:35:00,1,24
385416,385417,385441,2023-08-31 06:00:00,2023-08-31 06:05:00,2023-08-31 08:05:00,1,24
385440,385441,385465,2023-08-31 08:00:00,2023-08-31 08:05:00,2023-08-31 10:05:00,-1,24
385478,385479,385503,2023-08-31 11:10:00,2023-08-31 11:15:00,2023-08-31 13:15:00,-1,24
385502,385503,385527,2023-08-31 13:10:00,2023-08-31 13:15:00,2023-08-31 15:15:00,-1,24
385531,385532,385556,2023-08-31 15:35:00,2023-08-31 15:40:00,2023-08-31 17:40:00,1,24
385580,385581,385605,2023-08-31 19:40:00,2023-08-31 19:45:00,2023-08-31 21:45:00,1,24
385612,385613,385637,2023-08-31 22:20:00,2023-08-31 22:25:00,2023-09-01 00:25:00,1,24
385636,385637,385661,2023-09-01 00:20:00,2023-09-01 00:25:00,2023-09-01 02:25:00,1,24
385660,385661,385685,2023-09-01 02:20:00,2023-09-01 02:25:00,2023-09-01 04:25:00,-1,24
385684,385685,385709,2023-09-01 04:20:00,2023-09-01 04:25:00,2023-09-01 06:25:00,1,24
385711,385712,385736,2023-09-01 06:35:00,2023-09-01 06:40:00,2023-09-01 08:40:00,1,24
385737,385738,385762,2023-09-01 08:45:00,2023-09-01 08:50:00,2023-09-01 10:50:00,1,24
385766,385767,385791,2023-09-01 11:10:00,2023-09-01 11:15:00,2023-09-01 13:15:00,1,24
385801,385802,385826,2023-09-01 14:05:00,2023-09-01 14:10:00,2023-09-01 16:10:00,1,24
385825,385826,385850,2023-09-01 16:05:00,2023-09-01 16:10:00,2023-09-01 18:10:00,-1,24
385868,385869,385893,2023-09-01 19:40:00,2023-09-01 19:45:00,2023-09-01 21:45:00,-1,24
385894,385895,385919,2023-09-01 21:50:00,2023-09-01 21:55:00,2023-09-01 23:55:00,-1,24
385920,385921,385945,2023-09-02 00:00:00,2023-09-02 00:05:00,2023-09-02 02:05:00,-1,24
385957,385958,385982,2023-09-02 03:05:00,2023-09-02 03:10:00,2023-09-02 05:10:00,1,24
385981,385982,386006,2023-09-02 05:05:00,2023-09-02 05:10:00,2023-09-02 07:10:00,-1,24
386028,386029,386053,2023-09-02 09:00:00,2023-09-02 09:05:00,2023-09-02 11:05:00,-1,24
386053,386054,386078,2023-09-02 11:05:00,2023-09-02 11:10:00,2023-09-02 13:10:00,-1,24
386084,386085,386109,2023-09-02 13:40:00,2023-09-02 13:45:00,2023-09-02 15:45:00,-1,24
386112,386113,386137,2023-09-02 16:00:00,2023-09-02 16:05:00,2023-09-02 18:05:00,1,24
386142,386143,386167,2023-09-02 18:30:00,2023-09-02 18:35:00,2023-09-02 20:35:00,1,24
386183,386184,386208,2023-09-02 21:55:00,2023-09-02 22:00:00,2023-09-03 00:00:00,1,24
386215,386216,386240,2023-09-03 00:35:00,2023-09-03 00:40:00,2023-09-03 02:40:00,-1,24
386241,386242,386266,2023-09-03 02:45:00,2023-09-03 02:50:00,2023-09-03 04:50:00,1,24
386267,386268,386292,2023-09-03 04:55:00,2023-09-03 05:00:00,2023-09-03 07:00:00,1,24
386293,386294,386318,2023-09-03 07:05:00,2023-09-03 07:10:00,2023-09-03 09:10:00,1,24
386321,386322,386346,2023-09-03 09:25:00,2023-09-03 09:30:00,2023-09-03 11:30:00,1,24
386345,386346,386370,2023-09-03 11:25:00,2023-09-03 11:30:00,2023-09-03 13:30:00,-1,24
386369,386370,386394,2023-09-03 13:25:00,2023-09-03 13:30:00,2023-09-03 15:30:00,1,24
386396,386397,386421,2023-09-03 15:40:00,2023-09-03 15:45:00,2023-09-03 17:45:00,1,24
386424,386425,386449,2023-09-03 18:00:00,2023-09-03 18:05:00,2023-09-03 20:05:00,-1,24
386448,386449,386473,2023-09-03 20:00:00,2023-09-03 20:05:00,2023-09-03 22:05:00,-1,24
386472,386473,386497,2023-09-03 22:00:00,2023-09-03 22:05:00,2023-09-04 00:05:00,-1,24
386496,386497,386521,2023-09-04 00:00:00,2023-09-04 00:05:00,2023-09-04 02:05:00,1,24
386521,386522,386546,2023-09-04 02:05:00,2023-09-04 02:10:00,2023-09-04 04:10:00,-1,24
386549,386550,386574,2023-09-04 04:25:00,2023-09-04 04:30:00,2023-09-04 06:30:00,1,24
386573,386574,386598,2023-09-04 06:25:00,2023-09-04 06:30:00,2023-09-04 08:30:00,-1,24
386607,386608,386632,2023-09-04 09:15:00,2023-09-04 09:20:00,2023-09-04 11:20:00,1,24
386636,386637,386661,2023-09-04 11:40:00,2023-09-04 11:45:00,2023-09-04 13:45:00,-1,24
386663,386664,386688,2023-09-04 13:55:00,2023-09-04 14:00:00,2023-09-04 16:00:00,1,24
386694,386695,386719,2023-09-04 16:30:00,2023-09-04 16:35:00,2023-09-04 18:35:00,-1,24
386718,386719,386743,2023-09-04 18:30:00,2023-09-04 18:35:00,2023-09-04 20:35:00,1,24
386744,386745,386769,2023-09-04 20:40:00,2023-09-04 20:45:00,2023-09-04 22:45:00,1,24
386768,386769,386793,2023-09-04 22:40:00,2023-09-04 22:45:00,2023-09-05 00:45:00,-1,24
386801,386802,386826,2023-09-05 01:25:00,2023-09-05 01:30:00,2023-09-05 03:30:00,1,24
386830,386831,386855,2023-09-05 03:50:00,2023-09-05 03:55:00,2023-09-05 05:55:00,-1,24
386855,386856,386880,2023-09-05 05:55:00,2023-09-05 06:00:00,2023-09-05 08:00:00,-1,24
386880,386881,386905,2023-09-05 08:00:00,2023-09-05 08:05:00,2023-09-05 10:05:00,-1,24
386904,386905,386929,2023-09-05 10:00:00,2023-09-05 10:05:00,2023-09-05 12:05:00,-1,24
386946,386947,386971,2023-09-05 13:30:00,2023-09-05 13:35:00,2023-09-05 15:35:00,1,24
386975,386976,387000,2023-09-05 15:55:00,2023-09-05 16:00:00,2023-09-05 18:00:00,1,24
386999,387000,387024,2023-09-05 17:55:00,2023-09-05 18:00:00,2023-09-05 20:00:00,1,24
387023,387024,387048,2023-09-05 19:55:00,2023-09-05 20:00:00,2023-09-05 22:00:00,1,24
387049,387050,387074,2023-09-05 22:05:00,2023-09-05 22:10:00,2023-09-06 00:10:00,1,24
387074,387075,387099,2023-09-06 00:10:00,2023-09-06 00:15:00,2023-09-06 02:15:00,-1,24
387108,387109,387133,2023-09-06 03:00:00,2023-09-06 03:05:00,2023-09-06 05:05:00,-1,24
387133,387134,387158,2023-09-06 05:05:00,2023-09-06 05:10:00,2023-09-06 07:10:00,1,24
387162,387163,387187,2023-09-06 07:30:00,2023-09-06 07:35:00,2023-09-06 09:35:00,-1,24
387188,387189,387213,2023-09-06 09:40:00,2023-09-06 09:45:00,2023-09-06 11:45:00,1,24
387212,387213,387237,2023-09-06 11:40:00,2023-09-06 11:45:00,2023-09-06 13:45:00,1,24
387251,387252,387276,2023-09-06 14:55:00,2023-09-06 15:00:00,2023-09-06 17:00:00,-1,24
387275,387276,387300,2023-09-06 16:55:00,2023-09-06 17:00:00,2023-09-06 19:00:00,1,24
387299,387300,387324,2023-09-06 18:55:00,2023-09-06 19:00:00,2023-09-06 21:00:00,1,24
387327,387328,387352,2023-09-06 21:15:00,2023-09-06 21:20:00,2023-09-06 23:20:00,-1,24
387357,387358,387382,2023-09-06 23:45:00,2023-09-06 23:50:00,2023-09-07 01:50:00,1,24
387382,387383,387407,2023-09-07 01:50:00,2023-09-07 01:55:00,2023-09-07 03:55:00,-1,24
387412,387413,387437,2023-09-07 04:20:00,2023-09-07 04:25:00,2023-09-07 06:25:00,1,24
387436,387437,387461,2023-09-07 06:20:00,2023-09-07 06:25:00,2023-09-07 08:25:00,1,24
387460,387461,387485,2023-09-07 08:20:00,2023-09-07 08:25:00,2023-09-07 10:25:00,-1,24
387498,387499,387523,2023-09-07 11:30:00,2023-09-07 11:35:00,2023-09-07 13:35:00,1,24
387543,387544,387568,2023-09-07 15:15:00,2023-09-07 15:20:00,2023-09-07 17:20:00,1,24
387580,387581,387605,2023-09-07 18:20:00,2023-09-07 18:25:00,2023-09-07 20:25:00,-1,24
387620,387621,387645,2023-09-07 21:40:00,2023-09-07 21:45:00,2023-09-07 23:45:00,1,24
387654,387655,387679,2023-09-08 00:30:00,2023-09-08 00:35:00,2023-09-08 02:35:00,1,24
387686,387687,387711,2023-09-08 03:10:00,2023-09-08 03:15:00,2023-09-08 05:15:00,-1,24
387712,387713,387737,2023-09-08 05:20:00,2023-09-08 05:25:00,2023-09-08 07:25:00,1,24
387736,387737,387761,2023-09-08 07:20:00,2023-09-08 07:25:00,2023-09-08 09:25:00,1,24
387800,387801,387825,2023-09-08 12:40:00,2023-09-08 12:45:00,2023-09-08 14:45:00,1,24
387832,387833,387857,2023-09-08 15:20:00,2023-09-08 15:25:00,2023-09-08 17:25:00,-1,24
387860,387861,387885,2023-09-08 17:40:00,2023-09-08 17:45:00,2023-09-08 19:45:00,-1,24
387885,387886,387910,2023-09-08 19:45:00,2023-09-08 19:50:00,2023-09-08 21:50:00,-1,24
387917,387918,387942,2023-09-08 22:25:00,2023-09-08 22:30:00,2023-09-09 00:30:00,-1,24
387943,387944,387968,2023-09-09 00:35:00,2023-09-09 00:40:00,2023-09-09 02:40:00,-1,24
388050,388051,388075,2023-09-09 09:30:00,2023-09-09 09:35:00,2023-09-09 11:35:00,1,24
388099,388100,388124,2023-09-09 13:35:00,2023-09-09 13:40:00,2023-09-09 15:40:00,-1,24
388126,388127,388151,2023-09-09 15:50:00,2023-09-09 15:55:00,2023-09-09 17:55:00,-1,24
388150,388151,388175,2023-09-09 17:50:00,2023-09-09 17:55:00,2023-09-09 19:55:00,1,24
388177,388178,388202,2023-09-09 20:05:00,2023-09-09 20:10:00,2023-09-09 22:10:00,1,24
388206,388207,388231,2023-09-09 22:30:00,2023-09-09 22:35:00,2023-09-10 00:35:00,-1,24
388230,388231,388255,2023-09-10 00:30:00,2023-09-10 00:35:00,2023-09-10 02:35:00,1,24
388262,388263,388287,2023-09-10 03:10:00,2023-09-10 03:15:00,2023-09-10 05:15:00,-1,24
388289,388290,388314,2023-09-10 05:25:00,2023-09-10 05:30:00,2023-09-10 07:30:00,1,24
388319,388320,388344,2023-09-10 07:55:00,2023-09-10 08:00:00,2023-09-10 10:00:00,-1,24
388344,388345,388369,2023-09-10 10:00:00,2023-09-10 10:05:00,2023-09-10 12:05:00,1,24
388374,388375,388399,2023-09-10 12:30:00,2023-09-10 12:35:00,2023-09-10 14:35:00,-1,24
388403,388404,388428,2023-09-10 14:55:00,2023-09-10 15:00:00,2023-09-10 17:00:00,1,24
388429,388430,388454,2023-09-10 17:05:00,2023-09-10 17:10:00,2023-09-10 19:10:00,1,24
388453,388454,388478,2023-09-10 19:05:00,2023-09-10 19:10:00,2023-09-10 21:10:00,1,24
388483,388484,388508,2023-09-10 21:35:00,2023-09-10 21:40:00,2023-09-10 23:40:00,1,24
388511,388512,388536,2023-09-10 23:55:00,2023-09-11 00:00:00,2023-09-11 02:00:00,-1,24
388543,388544,388568,2023-09-11 02:35:00,2023-09-11 02:40:00,2023-09-11 04:40:00,1,24
388569,388570,388594,2023-09-11 04:45:00,2023-09-11 04:50:00,2023-09-11 06:50:00,1,24
388602,388603,388627,2023-09-11 07:30:00,2023-09-11 07:35:00,2023-09-11 09:35:00,-1,24
388644,388645,388669,2023-09-11 11:00:00,2023-09-11 11:05:00,2023-09-11 13:05:00,1,24
388674,388675,388699,2023-09-11 13:30:00,2023-09-11 13:35:00,2023-09-11 15:35:00,-1,24
388729,388730,388754,2023-09-11 18:05:00,2023-09-11 18:10:00,2023-09-11 20:10:00,-1,24
388753,388754,388778,2023-09-11 20:05:00,2023-09-11 20:10:00,2023-09-11 22:10:00,-1,24
388780,388781,388805,2023-09-11 22:20:00,2023-09-11 22:25:00,2023-09-12 00:25:00,-1,24
388805,388806,388830,2023-09-12 00:25:00,2023-09-12 00:30:00,2023-09-12 02:30:00,-1,24
388830,388831,388855,2023-09-12 02:30:00,2023-09-12 02:35:00,2023-09-12 04:35:00,1,24
388868,388869,388893,2023-09-12 05:40:00,2023-09-12 05:45:00,2023-09-12 07:45:00,-1,24
388962,388963,388987,2023-09-12 13:30:00,2023-09-12 13:35:00,2023-09-12 15:35:00,-1,24
388986,388987,389011,2023-09-12 15:30:00,2023-09-12 15:35:00,2023-09-12 17:35:00,-1,24
389011,389012,389036,2023-09-12 17:35:00,2023-09-12 17:40:00,2023-09-12 19:40:00,1,24
389035,389036,389060,2023-09-12 19:35:00,2023-09-12 19:40:00,2023-09-12 21:40:00,-1,24
389062,389063,389087,2023-09-12 21:50:00,2023-09-12 21:55:00,2023-09-12 23:55:00,1,24
389103,389104,389128,2023-09-13 01:15:00,2023-09-13 01:20:00,2023-09-13 03:20:00,-1,24
389132,389133,389157,2023-09-13 03:40:00,2023-09-13 03:45:00,2023-09-13 05:45:00,-1,24
389159,389160,389184,2023-09-13 05:55:00,2023-09-13 06:00:00,2023-09-13 08:00:00,1,24
389187,389188,389212,2023-09-13 08:15:00,2023-09-13 08:20:00,2023-09-13 10:20:00,1,24
389216,389217,389241,2023-09-13 10:40:00,2023-09-13 10:45:00,2023-09-13 12:45:00,1,24
389246,389247,389271,2023-09-13 13:10:00,2023-09-13 13:15:00,2023-09-13 15:15:00,1,24
389289,389290,389314,2023-09-13 16:45:00,2023-09-13 16:50:00,2023-09-13 18:50:00,-1,24
389322,389323,389347,2023-09-13 19:30:00,2023-09-13 19:35:00,2023-09-13 21:35:00,1,24
389353,389354,389378,2023-09-13 22:05:00,2023-09-13 22:10:00,2023-09-14 00:10:00,-1,24
389379,389380,389404,2023-09-14 00:15:00,2023-09-14 00:20:00,2023-09-14 02:20:00,-1,24
389403,389404,389428,2023-09-14 02:15:00,2023-09-14 02:20:00,2023-09-14 04:20:00,1,24
389438,389439,389463,2023-09-14 05:10:00,2023-09-14 05:15:00,2023-09-14 07:15:00,1,24
389466,389467,389491,2023-09-14 07:30:00,2023-09-14 07:35:00,2023-09-14 09:35:00,-1,24
389494,389495,389519,2023-09-14 09:50:00,2023-09-14 09:55:00,2023-09-14 11:55:00,-1,24
389605,389606,389630,2023-09-14 19:05:00,2023-09-14 19:10:00,2023-09-14 21:10:00,-1,24
389636,389637,389661,2023-09-14 21:40:00,2023-09-14 21:45:00,2023-09-14 23:45:00,1,24
389669,389670,389694,2023-09-15 00:25:00,2023-09-15 00:30:00,2023-09-15 02:30:00,-1,24
389693,389694,389718,2023-09-15 02:25:00,2023-09-15 02:30:00,2023-09-15 04:30:00,1,24
389731,389732,389756,2023-09-15 05:35:00,2023-09-15 05:40:00,2023-09-15 07:40:00,-1,24
389755,389756,389780,2023-09-15 07:35:00,2023-09-15 07:40:00,2023-09-15 09:40:00,-1,24
389787,389788,389812,2023-09-15 10:15:00,2023-09-15 10:20:00,2023-09-15 12:20:00,-1,24
389824,389825,389849,2023-09-15 13:20:00,2023-09-15 13:25:00,2023-09-15 15:25:00,-1,24
389848,389849,389873,2023-09-15 15:20:00,2023-09-15 15:25:00,2023-09-15 17:25:00,-1,24
389883,389884,389908,2023-09-15 18:15:00,2023-09-15 18:20:00,2023-09-15 20:20:00,1,24
389926,389927,389951,2023-09-15 21:50:00,2023-09-15 21:55:00,2023-09-15 23:55:00,-1,24
389955,389956,389980,2023-09-16 00:15:00,2023-09-16 00:20:00,2023-09-16 02:20:00,-1,24
389985,389986,390010,2023-09-16 02:45:00,2023-09-16 02:50:00,2023-09-16 04:50:00,-1,24
390043,390044,390068,2023-09-16 07:35:00,2023-09-16 07:40:00,2023-09-16 09:40:00,-1,24
390067,390068,390092,2023-09-16 09:35:00,2023-09-16 09:40:00,2023-09-16 11:40:00,-1,24
390096,390097,390121,2023-09-16 12:00:00,2023-09-16 12:05:00,2023-09-16 14:05:00,-1,24
390127,390128,390152,2023-09-16 14:35:00,2023-09-16 14:40:00,2023-09-16 16:40:00,1,24
390156,390157,390181,2023-09-16 17:00:00,2023-09-16 17:05:00,2023-09-16 19:05:00,-1,24
390181,390182,390206,2023-09-16 19:05:00,2023-09-16 19:10:00,2023-09-16 21:10:00,1,24
390218,390219,390243,2023-09-16 22:10:00,2023-09-16 22:15:00,2023-09-17 00:15:00,1,24
390246,390247,390271,2023-09-17 00:30:00,2023-09-17 00:35:00,2023-09-17 02:35:00,-1,24
390270,390271,390295,2023-09-17 02:30:00,2023-09-17 02:35:00,2023-09-17 04:35:00,1,24
390347,390348,390372,2023-09-17 08:55:00,2023-09-17 09:00:00,2023-09-17 11:00:00,-1,24
390378,390379,390403,2023-09-17 11:30:00,2023-09-17 11:35:00,2023-09-17 13:35:00,1,24
390403,390404,390428,2023-09-17 13:35:00,2023-09-17 13:40:00,2023-09-17 15:40:00,1,24
390440,390441,390465,2023-09-17 16:40:00,2023-09-17 16:45:00,2023-09-17 18:45:00,1,24
390466,390467,390491,2023-09-17 18:50:00,2023-09-17 18:55:00,2023-09-17 20:55:00,-1,24
390497,390498,390522,2023-09-17 21:25:00,2023-09-17 21:30:00,2023-09-17 23:30:00,-1,24
390543,390544,390568,2023-09-18 01:15:00,2023-09-18 01:20:00,2023-09-18 03:20:00,1,24
390572,390573,390597,2023-09-18 03:40:00,2023-09-18 03:45:00,2023-09-18 05:45:00,-1,24
390606,390607,390631,2023-09-18 06:30:00,2023-09-18 06:35:00,2023-09-18 08:35:00,1,24
390630,390631,390655,2023-09-18 08:30:00,2023-09-18 08:35:00,2023-09-18 10:35:00,-1,24
390696,390697,390721,2023-09-18 14:00:00,2023-09-18 14:05:00,2023-09-18 16:05:00,1,24
390754,390755,390779,2023-09-18 18:50:00,2023-09-18 18:55:00,2023-09-18 20:55:00,1,24
390786,390787,390811,2023-09-18 21:30:00,2023-09-18 21:35:00,2023-09-18 23:35:00,-1,24
390829,390830,390854,2023-09-19 01:05:00,2023-09-19 01:10:00,2023-09-19 03:10:00,-1,24
390855,390856,390880,2023-09-19 03:15:00,2023-09-19 03:20:00,2023-09-19 05:20:00,1,24
390880,390881,390905,2023-09-19 05:20:00,2023-09-19 05:25:00,2023-09-19 07:25:00,1,24
390922,390923,390947,2023-09-19 08:50:00,2023-09-19 08:55:00,2023-09-19 10:55:00,1,24
390963,390964,390988,2023-09-19 12:15:00,2023-09-19 12:20:00,2023-09-19 14:20:00,-1,24
390992,390993,391017,2023-09-19 14:40:00,2023-09-19 14:45:00,2023-09-19 16:45:00,-1,24
391024,391025,391049,2023-09-19 17:20:00,2023-09-19 17:25:00,2023-09-19 19:25:00,-1,24
391054,391055,391079,2023-09-19 19:50:00,2023-09-19 19:55:00,2023-09-19 21:55:00,-1,24
391085,391086,391110,2023-09-19 22:25:00,2023-09-19 22:30:00,2023-09-20 00:30:00,1,24
391111,391112,391136,2023-09-20 00:35:00,2023-09-20 00:40:00,2023-09-20 02:40:00,-1,24
391137,391138,391162,2023-09-20 02:45:00,2023-09-20 02:50:00,2023-09-20 04:50:00,-1,24
391161,391162,391186,2023-09-20 04:45:00,2023-09-20 04:50:00,2023-09-20 06:50:00,-1,24
391186,391187,391211,2023-09-20 06:50:00,2023-09-20 06:55:00,2023-09-20 08:55:00,-1,24
391211,391212,391236,2023-09-20 08:55:00,2023-09-20 09:00:00,2023-09-20 11:00:00,1,24
391237,391238,391262,2023-09-20 11:05:00,2023-09-20 11:10:00,2023-09-20 13:10:00,1,24
391262,391263,391287,2023-09-20 13:10:00,2023-09-20 13:15:00,2023-09-20 15:15:00,-1,24
391287,391288,391312,2023-09-20 15:15:00,2023-09-20 15:20:00,2023-09-20 17:20:00,1,24
391325,391326,391350,2023-09-20 18:25:00,2023-09-20 18:30:00,2023-09-20 20:30:00,-1,24
391349,391350,391374,2023-09-20 20:25:00,2023-09-20 20:30:00,2023-09-20 22:30:00,1,24
391376,391377,391401,2023-09-20 22:40:00,2023-09-20 22:45:00,2023-09-21 00:45:00,-1,24
391400,391401,391425,2023-09-21 00:40:00,2023-09-21 00:45:00,2023-09-21 02:45:00,1,24
391429,391430,391454,2023-09-21 03:05:00,2023-09-21 03:10:00,2023-09-21 05:10:00,1,24
391454,391455,391479,2023-09-21 05:10:00,2023-09-21 05:15:00,2023-09-21 07:15:00,-1,24
391482,391483,391507,2023-09-21 07:30:00,2023-09-21 07:35:00,2023-09-21 09:35:00,-1,24
391511,391512,391536,2023-09-21 09:55:00,2023-09-21 10:00:00,2023-09-21 12:00:00,-1,24
391603,391604,391628,2023-09-21 17:35:00,2023-09-21 17:40:00,2023-09-21 19:40:00,1,24
391644,391645,391669,2023-09-21 21:00:00,2023-09-21 21:05:00,2023-09-21 23:05:00,1,24
391670,391671,391695,2023-09-21 23:10:00,2023-09-21 23:15:00,2023-09-22 01:15:00,1,24
391706,391707,391731,2023-09-22 02:10:00,2023-09-22 02:15:00,2023-09-22 04:15:00,-1,24
391736,391737,391761,2023-09-22 04:40:00,2023-09-22 04:45:00,2023-09-22 06:45:00,-1,24
391761,391762,391786,2023-09-22 06:45:00,2023-09-22 06:50:00,2023-09-22 08:50:00,1,24
391785,391786,391810,2023-09-22 08:45:00,2023-09-22 08:50:00,2023-09-22 10:50:00,1,24
391820,391821,391845,2023-09-22 11:40:00,2023-09-22 11:45:00,2023-09-22 13:45:00,-1,24
391889,391890,391914,2023-09-22 17:25:00,2023-09-22 17:30:00,2023-09-22 19:30:00,1,24
391919,391920,391944,2023-09-22 19:55:00,2023-09-22 20:00:00,2023-09-22 22:00:00,-1,24
391952,391953,391977,2023-09-22 22:40:00,2023-09-22 22:45:00,2023-09-23 00:45:00,1,24
391976,391977,392001,2023-09-23 00:40:00,2023-09-23 00:45:00,2023-09-23 02:45:00,1,24
392027,392028,392052,2023-09-23 04:55:00,2023-09-23 05:00:00,2023-09-23 07:00:00,-1,24
392063,392064,392088,2023-09-23 07:55:00,2023-09-23 08:00:00,2023-09-23 10:00:00,1,24
392104,392105,392129,2023-09-23 11:20:00,2023-09-23 11:25:00,2023-09-23 13:25:00,-1,24
392164,392165,392189,2023-09-23 16:20:00,2023-09-23 16:25:00,2023-09-23 18:25:00,1,24
392191,392192,392216,2023-09-23 18:35:00,2023-09-23 18:40:00,2023-09-23 20:40:00,-1,24
392217,392218,392242,2023-09-23 20:45:00,2023-09-23 20:50:00,2023-09-23 22:50:00,1,24
392248,392249,392273,2023-09-23 23:20:00,2023-09-23 23:25:00,2023-09-24 01:25:00,1,24
392309,392310,392334,2023-09-24 04:25:00,2023-09-24 04:30:00,2023-09-24 06:30:00,1,24
392333,392334,392358,2023-09-24 06:25:00,2023-09-24 06:30:00,2023-09-24 08:30:00,1,24
392360,392361,392385,2023-09-24 08:40:00,2023-09-24 08:45:00,2023-09-24 10:45:00,-1,24
392387,392388,392412,2023-09-24 10:55:00,2023-09-24 11:00:00,2023-09-24 13:00:00,-1,24
392426,392427,392451,2023-09-24 14:10:00,2023-09-24 14:15:00,2023-09-24 16:15:00,1,24
392455,392456,392480,2023-09-24 16:35:00,2023-09-24 16:40:00,2023-09-24 18:40:00,1,24
392499,392500,392524,2023-09-24 20:15:00,2023-09-24 20:20:00,2023-09-24 22:20:00,-1,24
392523,392524,392548,2023-09-24 22:15:00,2023-09-24 22:20:00,2023-09-25 00:20:00,-1,24
392553,392554,392578,2023-09-25 00:45:00,2023-09-25 00:50:00,2023-09-25 02:50:00,-1,24
392583,392584,392608,2023-09-25 03:15:00,2023-09-25 03:20:00,2023-09-25 05:20:00,1,24
392632,392633,392657,2023-09-25 07:20:00,2023-09-25 07:25:00,2023-09-25 09:25:00,-1,24
392658,392659,392683,2023-09-25 09:30:00,2023-09-25 09:35:00,2023-09-25 11:35:00,1,24
392688,392689,392713,2023-09-25 12:00:00,2023-09-25 12:05:00,2023-09-25 14:05:00,1,24
392715,392716,392740,2023-09-25 14:15:00,2023-09-25 14:20:00,2023-09-25 16:20:00,1,24
392755,392756,392780,2023-09-25 17:35:00,2023-09-25 17:40:00,2023-09-25 19:40:00,-1,24
392779,392780,392804,2023-09-25 19:35:00,2023-09-25 19:40:00,2023-09-25 21:40:00,-1,24
392808,392809,392833,2023-09-25 22:00:00,2023-09-25 22:05:00,2023-09-26 00:05:00,-1,24
392838,392839,392863,2023-09-26 00:30:00,2023-09-26 00:35:00,2023-09-26 02:35:00,1,24
392866,392867,392891,2023-09-26 02:50:00,2023-09-26 02:55:00,2023-09-26 04:55:00,-1,24
392894,392895,392919,2023-09-26 05:10:00,2023-09-26 05:15:00,2023-09-26 07:15:00,-1,24
392921,392922,392946,2023-09-26 07:25:00,2023-09-26 07:30:00,2023-09-26 09:30:00,-1,24
392948,392949,392973,2023-09-26 09:40:00,2023-09-26 09:45:00,2023-09-26 11:45:00,-1,24
392981,392982,393006,2023-09-26 12:25:00,2023-09-26 12:30:00,2023-09-26 14:30:00,1,24
393011,393012,393036,2023-09-26 14:55:00,2023-09-26 15:00:00,2023-09-26 17:00:00,1,24
393056,393057,393081,2023-09-26 18:40:00,2023-09-26 18:45:00,2023-09-26 20:45:00,-1,24
393093,393094,393118,2023-09-26 21:45:00,2023-09-26 21:50:00,2023-09-26 23:50:00,-1,24
393163,393164,393188,2023-09-27 03:35:00,2023-09-27 03:40:00,2023-09-27 05:40:00,-1,24
393207,393208,393232,2023-09-27 07:15:00,2023-09-27 07:20:00,2023-09-27 09:20:00,-1,24
393233,393234,393258,2023-09-27 09:25:00,2023-09-27 09:30:00,2023-09-27 11:30:00,1,24
393283,393284,393308,2023-09-27 13:35:00,2023-09-27 13:40:00,2023-09-27 15:40:00,1,24
393314,393315,393339,2023-09-27 16:10:00,2023-09-27 16:15:00,2023-09-27 18:15:00,1,24
393347,393348,393372,2023-09-27 18:55:00,2023-09-27 19:00:00,2023-09-27 21:00:00,-1,24
393377,393378,393402,2023-09-27 21:25:00,2023-09-27 21:30:00,2023-09-27 23:30:00,1,24
393409,393410,393434,2023-09-28 00:05:00,2023-09-28 00:10:00,2023-09-28 02:10:00,-1,24
393444,393445,393469,2023-09-28 03:00:00,2023-09-28 03:05:00,2023-09-28 05:05:00,1,24
393470,393471,393495,2023-09-28 05:10:00,2023-09-28 05:15:00,2023-09-28 07:15:00,1,24
393498,393499,393523,2023-09-28 07:30:00,2023-09-28 07:35:00,2023-09-28 09:35:00,1,24
393527,393528,393552,2023-09-28 09:55:00,2023-09-28 10:00:00,2023-09-28 12:00:00,1,24
393557,393558,393582,2023-09-28 12:25:00,2023-09-28 12:30:00,2023-09-28 14:30:00,1,24
393619,393620,393644,2023-09-28 17:35:00,2023-09-28 17:40:00,2023-09-28 19:40:00,1,24
393675,393676,393700,2023-09-28 22:15:00,2023-09-28 22:20:00,2023-09-29 00:20:00,-1,24
393703,393704,393728,2023-09-29 00:35:00,2023-09-29 00:40:00,2023-09-29 02:40:00,1,24
393729,393730,393754,2023-09-29 02:45:00,2023-09-29 02:50:00,2023-09-29 04:50:00,-1,24
393757,393758,393782,2023-09-29 05:05:00,2023-09-29 05:10:00,2023-09-29 07:10:00,1,24
393782,393783,393807,2023-09-29 07:10:00,2023-09-29 07:15:00,2023-09-29 09:15:00,-1,24
393809,393810,393834,2023-09-29 09:25:00,2023-09-29 09:30:00,2023-09-29 11:30:00,1,24
393833,393834,393858,2023-09-29 11:25:00,2023-09-29 11:30:00,2023-09-29 13:30:00,1,24
393862,393863,393887,2023-09-29 13:50:00,2023-09-29 13:55:00,2023-09-29 15:55:00,-1,24
393888,393889,393913,2023-09-29 16:00:00,2023-09-29 16:05:00,2023-09-29 18:05:00,-1,24
393916,393917,393941,2023-09-29 18:20:00,2023-09-29 18:25:00,2023-09-29 20:25:00,-1,24
393943,393944,393968,2023-09-29 20:35:00,2023-09-29 20:40:00,2023-09-29 22:40:00,-1,24
393970,393971,393995,2023-09-29 22:50:00,2023-09-29 22:55:00,2023-09-30 00:55:00,-1,24
393998,393999,394023,2023-09-30 01:10:00,2023-09-30 01:15:00,2023-09-30 03:15:00,-1,24
394022,394023,394047,2023-09-30 03:10:00,2023-09-30 03:15:00,2023-09-30 05:15:00,-1,24
394091,394092,394116,2023-09-30 08:55:00,2023-09-30 09:00:00,2023-09-30 11:00:00,1,24
394119,394120,394144,2023-09-30 11:15:00,2023-09-30 11:20:00,2023-09-30 13:20:00,1,24
394156,394157,394181,2023-09-30 14:20:00,2023-09-30 14:25:00,2023-09-30 16:25:00,-1,24
394181,394182,394206,2023-09-30 16:25:00,2023-09-30 16:30:00,2023-09-30 18:30:00,-1,24
394206,394207,394231,2023-09-30 18:30:00,2023-09-30 18:35:00,2023-09-30 20:35:00,-1,24
394238,394239,394263,2023-09-30 21:10:00,2023-09-30 21:15:00,2023-09-30 23:15:00,-1,24
394264,394265,394289,2023-09-30 23:20:00,2023-09-30 23:25:00,2023-10-01 01:25:00,-1,24
394289,394290,394314,2023-10-01 01:25:00,2023-10-01 01:30:00,2023-10-01 03:30:00,-1,24
394314,394315,394339,2023-10-01 03:30:00,2023-10-01 03:35:00,2023-10-01 05:35:00,1,24
394342,394343,394367,2023-10-01 05:50:00,2023-10-01 05:55:00,2023-10-01 07:55:00,-1,24
394369,394370,394394,2023-10-01 08:05:00,2023-10-01 08:10:00,2023-10-01 10:10:00,-1,24
394408,394409,394433,2023-10-01 11:20:00,2023-10-01 11:25:00,2023-10-01 13:25:00,-1,24
394432,394433,394457,2023-10-01 13:20:00,2023-10-01 13:25:00,2023-10-01 15:25:00,1,24
394461,394462,394486,2023-10-01 15:45:00,2023-10-01 15:50:00,2023-10-01 17:50:00,1,24
394491,394492,394516,2023-10-01 18:15:00,2023-10-01 18:20:00,2023-10-01 20:20:00,1,24
394516,394517,394541,2023-10-01 20:20:00,2023-10-01 20:25:00,2023-10-01 22:25:00,-1,24
394559,394560,394584,2023-10-01 23:55:00,2023-10-02 00:00:00,2023-10-02 02:00:00,-1,24
394590,394591,394615,2023-10-02 02:30:00,2023-10-02 02:35:00,2023-10-02 04:35:00,1,24
394633,394634,394658,2023-10-02 06:05:00,2023-10-02 06:10:00,2023-10-02 08:10:00,-1,24
394678,394679,394703,2023-10-02 09:50:00,2023-10-02 09:55:00,2023-10-02 11:55:00,-1,24
394717,394718,394742,2023-10-02 13:05:00,2023-10-02 13:10:00,2023-10-02 15:10:00,1,24
394758,394759,394783,2023-10-02 16:30:00,2023-10-02 16:35:00,2023-10-02 18:35:00,1,24
394805,394806,394830,2023-10-02 20:25:00,2023-10-02 20:30:00,2023-10-02 22:30:00,-1,24
394839,394840,394864,2023-10-02 23:15:00,2023-10-02 23:20:00,2023-10-03 01:20:00,1,24
394870,394871,394895,2023-10-03 01:50:00,2023-10-03 01:55:00,2023-10-03 03:55:00,-1,24
394894,394895,394919,2023-10-03 03:50:00,2023-10-03 03:55:00,2023-10-03 05:55:00,1,24
394932,394933,394957,2023-10-03 07:00:00,2023-10-03 07:05:00,2023-10-03 09:05:00,-1,24
394977,394978,395002,2023-10-03 10:45:00,2023-10-03 10:50:00,2023-10-03 12:50:00,-1,24
395017,395018,395042,2023-10-03 14:05:00,2023-10-03 14:10:00,2023-10-03 16:10:00,-1,24
395052,395053,395077,2023-10-03 17:00:00,2023-10-03 17:05:00,2023-10-03 19:05:00,-1,24
395084,395085,395109,2023-10-03 19:40:00,2023-10-03 19:45:00,2023-10-03 21:45:00,-1,24
395114,395115,395139,2023-10-03 22:10:00,2023-10-03 22:15:00,2023-10-04 00:15:00,1,24
395139,395140,395164,2023-10-04 00:15:00,2023-10-04 00:20:00,2023-10-04 02:20:00,-1,24
395171,395172,395196,2023-10-04 02:55:00,2023-10-04 03:00:00,2023-10-04 05:00:00,1,24
395195,395196,395220,2023-10-04 04:55:00,2023-10-04 05:00:00,2023-10-04 07:00:00,-1,24
395226,395227,395251,2023-10-04 07:30:00,2023-10-04 07:35:00,2023-10-04 09:35:00,-1,24
395265,395266,395290,2023-10-04 10:45:00,2023-10-04 10:50:00,2023-10-04 12:50:00,1,24
395291,395292,395316,2023-10-04 12:55:00,2023-10-04 13:00:00,2023-10-04 15:00:00,-1,24
395315,395316,395340,2023-10-04 14:55:00,2023-10-04 15:00:00,2023-10-04 17:00:00,-1,24
395342,395343,395367,2023-10-04 17:10:00,2023-10-04 17:15:00,2023-10-04 19:15:00,-1,24
395401,395402,395426,2023-10-04 22:05:00,2023-10-04 22:10:00,2023-10-05 00:10:00,-1,24
395425,395426,395450,2023-10-05 00:05:00,2023-10-05 00:10:00,2023-10-05 02:10:00,-1,24
395449,395450,395474,2023-10-05 02:05:00,2023-10-05 02:10:00,2023-10-05 04:10:00,1,24
395492,395493,395517,2023-10-05 05:40:00,2023-10-05 05:45:00,2023-10-05 07:45:00,-1,24
395517,395518,395542,2023-10-05 07:45:00,2023-10-05 07:50:00,2023-10-05 09:50:00,-1,24
395553,395554,395578,2023-10-05 10:45:00,2023-10-05 10:50:00,2023-10-05 12:50:00,-1,24
395580,395581,395605,2023-10-05 13:00:00,2023-10-05 13:05:00,2023-10-05 15:05:00,-1,24
395625,395626,395650,2023-10-05 16:45:00,2023-10-05 16:50:00,2023-10-05 18:50:00,-1,24
395650,395651,395675,2023-10-05 18:50:00,2023-10-05 18:55:00,2023-10-05 20:55:00,1,24
395674,395675,395699,2023-10-05 20:50:00,2023-10-05 20:55:00,2023-10-05 22:55:00,-1,24
395701,395702,395726,2023-10-05 23:05:00,2023-10-05 23:10:00,2023-10-06 01:10:00,1,24
395739,395740,395764,2023-10-06 02:15:00,2023-10-06 02:20:00,2023-10-06 04:20:00,-1,24
395767,395768,395792,2023-10-06 04:35:00,2023-10-06 04:40:00,2023-10-06 06:40:00,-1,24
395791,395792,395816,2023-10-06 06:35:00,2023-10-06 06:40:00,2023-10-06 08:40:00,1,24
395831,395832,395856,2023-10-06 09:55:00,2023-10-06 10:00:00,2023-10-06 12:00:00,-1,24
395887,395888,395912,2023-10-06 14:35:00,2023-10-06 14:40:00,2023-10-06 16:40:00,1,24
395927,395928,395952,2023-10-06 17:55:00,2023-10-06 18:00:00,2023-10-06 20:00:00,1,24
395953,395954,395978,2023-10-06 20:05:00,2023-10-06 20:10:00,2023-10-06 22:10:00,1,24
395994,395995,396019,2023-10-06 23:30:00,2023-10-06 23:35:00,2023-10-07 01:35:00,-1,24
396029,396030,396054,2023-10-07 02:25:00,2023-10-07 02:30:00,2023-10-07 04:30:00,1,24
396065,396066,396090,2023-10-07 05:25:00,2023-10-07 05:30:00,2023-10-07 07:30:00,-1,24
396095,396096,396120,2023-10-07 07:55:00,2023-10-07 08:00:00,2023-10-07 10:00:00,1,24
396123,396124,396148,2023-10-07 10:15:00,2023-10-07 10:20:00,2023-10-07 12:20:00,1,24
396155,396156,396180,2023-10-07 12:55:00,2023-10-07 13:00:00,2023-10-07 15:00:00,-1,24
396187,396188,396212,2023-10-07 15:35:00,2023-10-07 15:40:00,2023-10-07 17:40:00,1,24
396220,396221,396245,2023-10-07 18:20:00,2023-10-07 18:25:00,2023-10-07 20:25:00,1,24
396246,396247,396271,2023-10-07 20:30:00,2023-10-07 20:35:00,2023-10-07 22:35:00,-1,24
396276,396277,396301,2023-10-07 23:00:00,2023-10-07 23:05:00,2023-10-08 01:05:00,-1,24
396305,396306,396330,2023-10-08 01:25:00,2023-10-08 01:30:00,2023-10-08 03:30:00,-1,24
396333,396334,396358,2023-10-08 03:45:00,2023-10-08 03:50:00,2023-10-08 05:50:00,1,24
396376,396377,396401,2023-10-08 07:20:00,2023-10-08 07:25:00,2023-10-08 09:25:00,-1,24
396410,396411,396435,2023-10-08 10:10:00,2023-10-08 10:15:00,2023-10-08 12:15:00,-1,24
396443,396444,396468,2023-10-08 12:55:00,2023-10-08 13:00:00,2023-10-08 15:00:00,-1,24
396467,396468,396492,2023-10-08 14:55:00,2023-10-08 15:00:00,2023-10-08 17:00:00,-1,24
396497,396498,396522,2023-10-08 17:25:00,2023-10-08 17:30:00,2023-10-08 19:30:00,1,24
396522,396523,396547,2023-10-08 19:30:00,2023-10-08 19:35:00,2023-10-08 21:35:00,1,24
396548,396549,396573,2023-10-08 21:40:00,2023-10-08 21:45:00,2023-10-08 23:45:00,-1,24
396580,396581,396605,2023-10-09 00:20:00,2023-10-09 00:25:00,2023-10-09 02:25:00,-1,24
396609,396610,396634,2023-10-09 02:45:00,2023-10-09 02:50:00,2023-10-09 04:50:00,-1,24
396636,396637,396661,2023-10-09 05:00:00,2023-10-09 05:05:00,2023-10-09 07:05:00,1,24
396669,396670,396694,2023-10-09 07:45:00,2023-10-09 07:50:00,2023-10-09 09:50:00,1,24
396717,396718,396742,2023-10-09 11:45:00,2023-10-09 11:50:00,2023-10-09 13:50:00,1,24
396745,396746,396770,2023-10-09 14:05:00,2023-10-09 14:10:00,2023-10-09 16:10:00,-1,24
396785,396786,396810,2023-10-09 17:25:00,2023-10-09 17:30:00,2023-10-09 19:30:00,-1,24
396811,396812,396836,2023-10-09 19:35:00,2023-10-09 19:40:00,2023-10-09 21:40:00,-1,24
396838,396839,396863,2023-10-09 21:50:00,2023-10-09 21:55:00,2023-10-09 23:55:00,-1,24
396869,396870,396894,2023-10-10 00:25:00,2023-10-10 00:30:00,2023-10-10 02:30:00,1,24
396894,396895,396919,2023-10-10 02:30:00,2023-10-10 02:35:00,2023-10-10 04:35:00,-1,24
396918,396919,396943,2023-10-10 04:30:00,2023-10-10 04:35:00,2023-10-10 06:35:00,-1,24
396957,396958,396982,2023-10-10 07:45:00,2023-10-10 07:50:00,2023-10-10 09:50:00,1,24
396982,396983,397007,2023-10-10 09:50:00,2023-10-10 09:55:00,2023-10-10 11:55:00,-1,24
397012,397013,397037,2023-10-10 12:20:00,2023-10-10 12:25:00,2023-10-10 14:25:00,1,24
397053,397054,397078,2023-10-10 15:45:00,2023-10-10 15:50:00,2023-10-10 17:50:00,1,24
397077,397078,397102,2023-10-10 17:45:00,2023-10-10 17:50:00,2023-10-10 19:50:00,1,24
397105,397106,397130,2023-10-10 20:05:00,2023-10-10 20:10:00,2023-10-10 22:10:00,1,24
397130,397131,397155,2023-10-10 22:10:00,2023-10-10 22:15:00,2023-10-11 00:15:00,1,24
397160,397161,397185,2023-10-11 00:40:00,2023-10-11 00:45:00,2023-10-11 02:45:00,1,24
397209,397210,397234,2023-10-11 04:45:00,2023-10-11 04:50:00,2023-10-11 06:50:00,-1,24
397243,397244,397268,2023-10-11 07:35:00,2023-10-11 07:40:00,2023-10-11 09:40:00,1,24
397284,397285,397309,2023-10-11 11:00:00,2023-10-11 11:05:00,2023-10-11 13:05:00,-1,24
397308,397309,397333,2023-10-11 13:00:00,2023-10-11 13:05:00,2023-10-11 15:05:00,1,24
397332,397333,397357,2023-10-11 15:00:00,2023-10-11 15:05:00,2023-10-11 17:05:00,-1,24
397377,397378,397402,2023-10-11 18:45:00,2023-10-11 18:50:00,2023-10-11 20:50:00,-1,24
397421,397422,397446,2023-10-11 22:25:00,2023-10-11 22:30:00,2023-10-12 00:30:00,-1,24
397454,397455,397479,2023-10-12 01:10:00,2023-10-12 01:15:00,2023-10-12 03:15:00,-1,24
397481,397482,397506,2023-10-12 03:25:00,2023-10-12 03:30:00,2023-10-12 05:30:00,1,24
397509,397510,397534,2023-10-12 05:45:00,2023-10-12 05:50:00,2023-10-12 07:50:00,-1,24
397562,397563,397587,2023-10-12 10:10:00,2023-10-12 10:15:00,2023-10-12 12:15:00,1,24
397586,397587,397611,2023-10-12 12:10:00,2023-10-12 12:15:00,2023-10-12 14:15:00,-1,24
397611,397612,397636,2023-10-12 14:15:00,2023-10-12 14:20:00,2023-10-12 16:20:00,1,24
397649,397650,397674,2023-10-12 17:25:00,2023-10-12 17:30:00,2023-10-12 19:30:00,1,24
397676,397677,397701,2023-10-12 19:40:00,2023-10-12 19:45:00,2023-10-12 21:45:00,1,24
397706,397707,397731,2023-10-12 22:10:00,2023-10-12 22:15:00,2023-10-13 00:15:00,1,24
397732,397733,397757,2023-10-13 00:20:00,2023-10-13 00:25:00,2023-10-13 02:25:00,1,24
397768,397769,397793,2023-10-13 03:20:00,2023-10-13 03:25:00,2023-10-13 05:25:00,1,24
397802,397803,397827,2023-10-13 06:10:00,2023-10-13 06:15:00,2023-10-13 08:15:00,-1,24
397827,397828,397852,2023-10-13 08:15:00,2023-10-13 08:20:00,2023-10-13 10:20:00,1,24
397856,397857,397881,2023-10-13 10:40:00,2023-10-13 10:45:00,2023-10-13 12:45:00,1,24
397887,397888,397912,2023-10-13 13:15:00,2023-10-13 13:20:00,2023-10-13 15:20:00,1,24
397911,397912,397936,2023-10-13 15:15:00,2023-10-13 15:20:00,2023-10-13 17:20:00,1,24
397949,397950,397974,2023-10-13 18:25:00,2023-10-13 18:30:00,2023-10-13 20:30:00,1,24
397977,397978,398002,2023-10-13 20:45:00,2023-10-13 20:50:00,2023-10-13 22:50:00,-1,24
398007,398008,398032,2023-10-13 23:15:00,2023-10-13 23:20:00,2023-10-14 01:20:00,1,24
398050,398051,398075,2023-10-14 02:50:00,2023-10-14 02:55:00,2023-10-14 04:55:00,-1,24
398077,398078,398102,2023-10-14 05:05:00,2023-10-14 05:10:00,2023-10-14 07:10:00,1,24
398101,398102,398126,2023-10-14 07:05:00,2023-10-14 07:10:00,2023-10-14 09:10:00,-1,24
398132,398133,398157,2023-10-14 09:40:00,2023-10-14 09:45:00,2023-10-14 11:45:00,1,24
398159,398160,398184,2023-10-14 11:55:00,2023-10-14 12:00:00,2023-10-14 14:00:00,-1,24
398200,398201,398225,2023-10-14 15:20:00,2023-10-14 15:25:00,2023-10-14 17:25:00,1,24
398277,398278,398302,2023-10-14 21:45:00,2023-10-14 21:50:00,2023-10-14 23:50:00,1,24
398320,398321,398345,2023-10-15 01:20:00,2023-10-15 01:25:00,2023-10-15 03:25:00,-1,24
398362,398363,398387,2023-10-15 04:50:00,2023-10-15 04:55:00,2023-10-15 06:55:00,1,24
398393,398394,398418,2023-10-15 07:25:00,2023-10-15 07:30:00,2023-10-15 09:30:00,1,24
398419,398420,398444,2023-10-15 09:35:00,2023-10-15 09:40:00,2023-10-15 11:40:00,-1,24
398448,398449,398473,2023-10-15 12:00:00,2023-10-15 12:05:00,2023-10-15 14:05:00,1,24
398493,398494,398518,2023-10-15 15:45:00,2023-10-15 15:50:00,2023-10-15 17:50:00,-1,24
398521,398522,398546,2023-10-15 18:05:00,2023-10-15 18:10:00,2023-10-15 20:10:00,1,24
398580,398581,398605,2023-10-15 23:00:00,2023-10-15 23:05:00,2023-10-16 01:05:00,1,24
398609,398610,398634,2023-10-16 01:25:00,2023-10-16 01:30:00,2023-10-16 03:30:00,-1,24
398699,398700,398724,2023-10-16 08:55:00,2023-10-16 09:00:00,2023-10-16 11:00:00,1,24
398791,398792,398816,2023-10-16 16:35:00,2023-10-16 16:40:00,2023-10-16 18:40:00,1,24
398844,398845,398869,2023-10-16 21:00:00,2023-10-16 21:05:00,2023-10-16 23:05:00,-1,24
398870,398871,398895,2023-10-16 23:10:00,2023-10-16 23:15:00,2023-10-17 01:15:00,-1,24
398902,398903,398927,2023-10-17 01:50:00,2023-10-17 01:55:00,2023-10-17 03:55:00,1,24
398943,398944,398968,2023-10-17 05:15:00,2023-10-17 05:20:00,2023-10-17 07:20:00,-1,24
398967,398968,398992,2023-10-17 07:15:00,2023-10-17 07:20:00,2023-10-17 09:20:00,-1,24
398993,398994,399018,2023-10-17 09:25:00,2023-10-17 09:30:00,2023-10-17 11:30:00,1,24
399019,399020,399044,2023-10-17 11:35:00,2023-10-17 11:40:00,2023-10-17 13:40:00,-1,24
399094,399095,399119,2023-10-17 17:50:00,2023-10-17 17:55:00,2023-10-17 19:55:00,-1,24
399122,399123,399147,2023-10-17 20:10:00,2023-10-17 20:15:00,2023-10-17 22:15:00,1,24
399146,399147,399171,2023-10-17 22:10:00,2023-10-17 22:15:00,2023-10-18 00:15:00,1,24
399174,399175,399199,2023-10-18 00:30:00,2023-10-18 00:35:00,2023-10-18 02:35:00,1,24
399203,399204,399228,2023-10-18 02:55:00,2023-10-18 03:00:00,2023-10-18 05:00:00,-1,24
399241,399242,399266,2023-10-18 06:05:00,2023-10-18 06:10:00,2023-10-18 08:10:00,1,24
399267,399268,399292,2023-10-18 08:15:00,2023-10-18 08:20:00,2023-10-18 10:20:00,1,24
399292,399293,399317,2023-10-18 10:20:00,2023-10-18 10:25:00,2023-10-18 12:25:00,1,24
399319,399320,399344,2023-10-18 12:35:00,2023-10-18 12:40:00,2023-10-18 14:40:00,-1,24
399351,399352,399376,2023-10-18 15:15:00,2023-10-18 15:20:00,2023-10-18 17:20:00,-1,24
399386,399387,399411,2023-10-18 18:10:00,2023-10-18 18:15:00,2023-10-18 20:15:00,-1,24
399410,399411,399435,2023-10-18 20:10:00,2023-10-18 20:15:00,2023-10-18 22:15:00,1,24
399446,399447,399471,2023-10-18 23:10:00,2023-10-18 23:15:00,2023-10-19 01:15:00,1,24
399478,399479,399503,2023-10-19 01:50:00,2023-10-19 01:55:00,2023-10-19 03:55:00,-1,24
399505,399506,399530,2023-10-19 04:05:00,2023-10-19 04:10:00,2023-10-19 06:10:00,1,24
399621,399622,399646,2023-10-19 13:45:00,2023-10-19 13:50:00,2023-10-19 15:50:00,1,24
399671,399672,399696,2023-10-19 17:55:00,2023-10-19 18:00:00,2023-10-19 20:00:00,-1,24
399713,399714,399738,2023-10-19 21:25:00,2023-10-19 21:30:00,2023-10-19 23:30:00,-1,24
399742,399743,399767,2023-10-19 23:50:00,2023-10-19 23:55:00,2023-10-20 01:55:00,1,24
399804,399805,399829,2023-10-20 05:00:00,2023-10-20 05:05:00,2023-10-20 07:05:00,1,24
399880,399881,399905,2023-10-20 11:20:00,2023-10-20 11:25:00,2023-10-20 13:25:00,1,24
399907,399908,399932,2023-10-20 13:35:00,2023-10-20 13:40:00,2023-10-20 15:40:00,-1,24
399933,399934,399958,2023-10-20 15:45:00,2023-10-20 15:50:00,2023-10-20 17:50:00,-1,24
399961,399962,399986,2023-10-20 18:05:00,2023-10-20 18:10:00,2023-10-20 20:10:00,1,24
400007,400008,400032,2023-10-20 21:55:00,2023-10-20 22:00:00,2023-10-21 00:00:00,1,24
400031,400032,400056,2023-10-20 23:55:00,2023-10-21 00:00:00,2023-10-21 02:00:00,1,24
400058,400059,400083,2023-10-21 02:10:00,2023-10-21 02:15:00,2023-10-21 04:15:00,-1,24
400084,400085,400109,2023-10-21 04:20:00,2023-10-21 04:25:00,2023-10-21 06:25:00,1,24
400119,400120,400144,2023-10-21 07:15:00,2023-10-21 07:20:00,2023-10-21 09:20:00,-1,24
400163,400164,400188,2023-10-21 10:55:00,2023-10-21 11:00:00,2023-10-21 13:00:00,-1,24
400187,400188,400212,2023-10-21 12:55:00,2023-10-21 13:00:00,2023-10-21 15:00:00,1,24
400224,400225,400249,2023-10-21 16:00:00,2023-10-21 16:05:00,2023-10-21 18:05:00,1,24
400269,400270,400294,2023-10-21 19:45:00,2023-10-21 19:50:00,2023-10-21 21:50:00,-1,24
400302,400303,400327,2023-10-21 22:30:00,2023-10-21 22:35:00,2023-10-22 00:35:00,1,24
400330,400331,400355,2023-10-22 00:50:00,2023-10-22 00:55:00,2023-10-22 02:55:00,-1,24
400360,400361,400385,2023-10-22 03:20:00,2023-10-22 03:25:00,2023-10-22 05:25:00,-1,24
400384,400385,400409,2023-10-22 05:20:00,2023-10-22 05:25:00,2023-10-22 07:25:00,-1,24
400425,400426,400450,2023-10-22 08:45:00,2023-10-22 08:50:00,2023-10-22 10:50:00,-1,24
400468,400469,400493,2023-10-22 12:20:00,2023-10-22 12:25:00,2023-10-22 14:25:00,1,24
400512,400513,400537,2023-10-22 16:00:00,2023-10-22 16:05:00,2023-10-22 18:05:00,1,24
400546,400547,400571,2023-10-22 18:50:00,2023-10-22 18:55:00,2023-10-22 20:55:00,1,24
400579,400580,400604,2023-10-22 21:35:00,2023-10-22 21:40:00,2023-10-22 23:40:00,-1,24
400643,400644,400668,2023-10-23 02:55:00,2023-10-23 03:00:00,2023-10-23 05:00:00,-1,24
400676,400677,400701,2023-10-23 05:40:00,2023-10-23 05:45:00,2023-10-23 07:45:00,1,24
400707,400708,400732,2023-10-23 08:15:00,2023-10-23 08:20:00,2023-10-23 10:20:00,-1,24
400753,400754,400778,2023-10-23 12:05:00,2023-10-23 12:10:00,2023-10-23 14:10:00,1,24
400793,400794,400818,2023-10-23 15:25:00,2023-10-23 15:30:00,2023-10-23 17:30:00,-1,24
400828,400829,400853,2023-10-23 18:20:00,2023-10-23 18:25:00,2023-10-23 20:25:00,1,24
400871,400872,400896,2023-10-23 21:55:00,2023-10-23 22:00:00,2023-10-24 00:00:00,-1,24
401026,401027,401051,2023-10-24 10:50:00,2023-10-24 10:55:00,2023-10-24 12:55:00,1,24
401110,401111,401135,2023-10-24 17:50:00,2023-10-24 17:55:00,2023-10-24 19:55:00,-1,24
401139,401140,401164,2023-10-24 20:15:00,2023-10-24 20:20:00,2023-10-24 22:20:00,1,24
401178,401179,401203,2023-10-24 23:30:00,2023-10-24 23:35:00,2023-10-25 01:35:00,1,24
401210,401211,401235,2023-10-25 02:10:00,2023-10-25 02:15:00,2023-10-25 04:15:00,1,24
401243,401244,401268,2023-10-25 04:55:00,2023-10-25 05:00:00,2023-10-25 07:00:00,-1,24
401278,401279,401303,2023-10-25 07:50:00,2023-10-25 07:55:00,2023-10-25 09:55:00,-1,24
401302,401303,401327,2023-10-25 09:50:00,2023-10-25 09:55:00,2023-10-25 11:55:00,1,24
401332,401333,401357,2023-10-25 12:20:00,2023-10-25 12:25:00,2023-10-25 14:25:00,-1,24
401385,401386,401410,2023-10-25 16:45:00,2023-10-25 16:50:00,2023-10-25 18:50:00,-1,24
401412,401413,401437,2023-10-25 19:00:00,2023-10-25 19:05:00,2023-10-25 21:05:00,1,24
401463,401464,401488,2023-10-25 23:15:00,2023-10-25 23:20:00,2023-10-26 01:20:00,-1,24
401487,401488,401512,2023-10-26 01:15:00,2023-10-26 01:20:00,2023-10-26 03:20:00,1,24
401511,401512,401536,2023-10-26 03:15:00,2023-10-26 03:20:00,2023-10-26 05:20:00,1,24
401536,401537,401561,2023-10-26 05:20:00,2023-10-26 05:25:00,2023-10-26 07:25:00,1,24
401571,401572,401596,2023-10-26 08:15:00,2023-10-26 08:20:00,2023-10-26 10:20:00,-1,24
401597,401598,401622,2023-10-26 10:25:00,2023-10-26 10:30:00,2023-10-26 12:30:00,-1,24
401624,401625,401649,2023-10-26 12:40:00,2023-10-26 12:45:00,2023-10-26 14:45:00,-1,24
401666,401667,401691,2023-10-26 16:10:00,2023-10-26 16:15:00,2023-10-26 18:15:00,-1,24
401693,401694,401718,2023-10-26 18:25:00,2023-10-26 18:30:00,2023-10-26 20:30:00,-1,24
401722,401723,401747,2023-10-26 20:50:00,2023-10-26 20:55:00,2023-10-26 22:55:00,1,24
401758,401759,401783,2023-10-26 23:50:00,2023-10-26 23:55:00,2023-10-27 01:55:00,-1,24
401783,401784,401808,2023-10-27 01:55:00,2023-10-27 02:00:00,2023-10-27 04:00:00,-1,24
401807,401808,401832,2023-10-27 03:55:00,2023-10-27 04:00:00,2023-10-27 06:00:00,1,24
401837,401838,401862,2023-10-27 06:25:00,2023-10-27 06:30:00,2023-10-27 08:30:00,-1,24
401864,401865,401889,2023-10-27 08:40:00,2023-10-27 08:45:00,2023-10-27 10:45:00,-1,24
401890,401891,401915,2023-10-27 10:50:00,2023-10-27 10:55:00,2023-10-27 12:55:00,-1,24
401919,401920,401944,2023-10-27 13:15:00,2023-10-27 13:20:00,2023-10-27 15:20:00,1,24
401954,401955,401979,2023-10-27 16:10:00,2023-10-27 16:15:00,2023-10-27 18:15:00,1,24
401986,401987,402011,2023-10-27 18:50:00,2023-10-27 18:55:00,2023-10-27 20:55:00,-1,24
402011,402012,402036,2023-10-27 20:55:00,2023-10-27 21:00:00,2023-10-27 23:00:00,-1,24
402039,402040,402064,2023-10-27 23:15:00,2023-10-27 23:20:00,2023-10-28 01:20:00,-1,24
402067,402068,402092,2023-10-28 01:35:00,2023-10-28 01:40:00,2023-10-28 03:40:00,1,24
402092,402093,402117,2023-10-28 03:40:00,2023-10-28 03:45:00,2023-10-28 05:45:00,-1,24
402137,402138,402162,2023-10-28 07:25:00,2023-10-28 07:30:00,2023-10-28 09:30:00,-1,24
402164,402165,402189,2023-10-28 09:40:00,2023-10-28 09:45:00,2023-10-28 11:45:00,-1,24
402198,402199,402223,2023-10-28 12:30:00,2023-10-28 12:35:00,2023-10-28 14:35:00,1,24
402229,402230,402254,2023-10-28 15:05:00,2023-10-28 15:10:00,2023-10-28 17:10:00,-1,24
402261,402262,402286,2023-10-28 17:45:00,2023-10-28 17:50:00,2023-10-28 19:50:00,-1,24
402300,402301,402325,2023-10-28 21:00:00,2023-10-28 21:05:00,2023-10-28 23:05:00,1,24
402334,402335,402359,2023-10-28 23:50:00,2023-10-28 23:55:00,2023-10-29 01:55:00,-1,24
402360,402361,402385,2023-10-29 02:00:00,2023-10-29 02:05:00,2023-10-29 04:05:00,1,24
402387,402388,402412,2023-10-29 04:15:00,2023-10-29 04:20:00,2023-10-29 06:20:00,1,24
402418,402419,402443,2023-10-29 06:50:00,2023-10-29 06:55:00,2023-10-29 08:55:00,1,24
402444,402445,402469,2023-10-29 09:00:00,2023-10-29 09:05:00,2023-10-29 11:05:00,1,24
402476,402477,402501,2023-10-29 11:40:00,2023-10-29 11:45:00,2023-10-29 13:45:00,-1,24
402509,402510,402534,2023-10-29 14:25:00,2023-10-29 14:30:00,2023-10-29 16:30:00,1,24
402535,402536,402560,2023-10-29 16:35:00,2023-10-29 16:40:00,2023-10-29 18:40:00,1,24
402564,402565,402589,2023-10-29 19:00:00,2023-10-29 19:05:00,2023-10-29 21:05:00,1,24
402589,402590,402614,2023-10-29 21:05:00,2023-10-29 21:10:00,2023-10-29 23:10:00,-1,24
402616,402617,402641,2023-10-29 23:20:00,2023-10-29 23:25:00,2023-10-30 01:25:00,1,24
402642,402643,402667,2023-10-30 01:30:00,2023-10-30 01:35:00,2023-10-30 03:35:00,1,24
402671,402672,402696,2023-10-30 03:55:00,2023-10-30 04:00:00,2023-10-30 06:00:00,1,24
402758,402759,402783,2023-10-30 11:10:00,2023-10-30 11:15:00,2023-10-30 13:15:00,-1,24
402801,402802,402826,2023-10-30 14:45:00,2023-10-30 14:50:00,2023-10-30 16:50:00,-1,24
402826,402827,402851,2023-10-30 16:50:00,2023-10-30 16:55:00,2023-10-30 18:55:00,-1,24
402852,402853,402877,2023-10-30 19:00:00,2023-10-30 19:05:00,2023-10-30 21:05:00,1,24
402890,402891,402915,2023-10-30 22:10:00,2023-10-30 22:15:00,2023-10-31 00:15:00,-1,24
402916,402917,402941,2023-10-31 00:20:00,2023-10-31 00:25:00,2023-10-31 02:25:00,1,24
402940,402941,402965,2023-10-31 02:20:00,2023-10-31 02:25:00,2023-10-31 04:25:00,-1,24
402997,402998,403022,2023-10-31 07:05:00,2023-10-31 07:10:00,2023-10-31 09:10:00,-1,24
403023,403024,403048,2023-10-31 09:15:00,2023-10-31 09:20:00,2023-10-31 11:20:00,1,24
403047,403048,403072,2023-10-31 11:15:00,2023-10-31 11:20:00,2023-10-31 13:20:00,-1,24
403086,403087,403111,2023-10-31 14:30:00,2023-10-31 14:35:00,2023-10-31 16:35:00,-1,24
403127,403128,403152,2023-10-31 17:55:00,2023-10-31 18:00:00,2023-10-31 20:00:00,-1,24
403162,403163,403187,2023-10-31 20:50:00,2023-10-31 20:55:00,2023-10-31 22:55:00,1,24
403189,403190,403214,2023-10-31 23:05:00,2023-10-31 23:10:00,2023-11-01 01:10:00,-1,24
403220,403221,403245,2023-11-01 01:40:00,2023-11-01 01:45:00,2023-11-01 03:45:00,1,24
403251,403252,403276,2023-11-01 04:15:00,2023-11-01 04:20:00,2023-11-01 06:20:00,1,24
403279,403280,403304,2023-11-01 06:35:00,2023-11-01 06:40:00,2023-11-01 08:40:00,1,24
403307,403308,403332,2023-11-01 08:55:00,2023-11-01 09:00:00,2023-11-01 11:00:00,1,24
403331,403332,403356,2023-11-01 10:55:00,2023-11-01 11:00:00,2023-11-01 13:00:00,1,24
403391,403392,403416,2023-11-01 15:55:00,2023-11-01 16:00:00,2023-11-01 18:00:00,1,24
403428,403429,403453,2023-11-01 19:00:00,2023-11-01 19:05:00,2023-11-01 21:05:00,-1,24
403470,403471,403495,2023-11-01 22:30:00,2023-11-01 22:35:00,2023-11-02 00:35:00,-1,24
403495,403496,403520,2023-11-02 00:35:00,2023-11-02 00:40:00,2023-11-02 02:40:00,1,24
403527,403528,403552,2023-11-02 03:15:00,2023-11-02 03:20:00,2023-11-02 05:20:00,-1,24
403565,403566,403590,2023-11-02 06:25:00,2023-11-02 06:30:00,2023-11-02 08:30:00,-1,24
403594,403595,403619,2023-11-02 08:50:00,2023-11-02 08:55:00,2023-11-02 10:55:00,1,24
403630,403631,403655,2023-11-02 11:50:00,2023-11-02 11:55:00,2023-11-02 13:55:00,1,24
403666,403667,403691,2023-11-02 14:50:00,2023-11-02 14:55:00,2023-11-02 16:55:00,-1,24
403696,403697,403721,2023-11-02 17:20:00,2023-11-02 17:25:00,2023-11-02 19:25:00,-1,24
403736,403737,403761,2023-11-02 20:40:00,2023-11-02 20:45:00,2023-11-02 22:45:00,1,24
403762,403763,403787,2023-11-02 22:50:00,2023-11-02 22:55:00,2023-11-03 00:55:00,1,24
403795,403796,403820,2023-11-03 01:35:00,2023-11-03 01:40:00,2023-11-03 03:40:00,-1,24
403820,403821,403845,2023-11-03 03:40:00,2023-11-03 03:45:00,2023-11-03 05:45:00,-1,24
403850,403851,403875,2023-11-03 06:10:00,2023-11-03 06:15:00,2023-11-03 08:15:00,1,24
403882,403883,403907,2023-11-03 08:50:00,2023-11-03 08:55:00,2023-11-03 10:55:00,-1,24
403907,403908,403932,2023-11-03 10:55:00,2023-11-03 11:00:00,2023-11-03 13:00:00,-1,24
403940,403941,403965,2023-11-03 13:40:00,2023-11-03 13:45:00,2023-11-03 15:45:00,-1,24
403980,403981,404005,2023-11-03 17:00:00,2023-11-03 17:05:00,2023-11-03 19:05:00,-1,24
404010,404011,404035,2023-11-03 19:30:00,2023-11-03 19:35:00,2023-11-03 21:35:00,1,24
404041,404042,404066,2023-11-03 22:05:00,2023-11-03 22:10:00,2023-11-04 00:10:00,1,24
404069,404070,404094,2023-11-04 00:25:00,2023-11-04 00:30:00,2023-11-04 02:30:00,1,24
404096,404097,404121,2023-11-04 02:40:00,2023-11-04 02:45:00,2023-11-04 04:45:00,-1,24
404121,404122,404146,2023-11-04 04:45:00,2023-11-04 04:50:00,2023-11-04 06:50:00,-1,24
404150,404151,404175,2023-11-04 07:10:00,2023-11-04 07:15:00,2023-11-04 09:15:00,-1,24
404179,404180,404204,2023-11-04 09:35:00,2023-11-04 09:40:00,2023-11-04 11:40:00,-1,24
404204,404205,404229,2023-11-04 11:40:00,2023-11-04 11:45:00,2023-11-04 13:45:00,-1,24
404239,404240,404264,2023-11-04 14:35:00,2023-11-04 14:40:00,2023-11-04 16:40:00,1,24
404263,404264,404288,2023-11-04 16:35:00,2023-11-04 16:40:00,2023-11-04 18:40:00,-1,24
404291,404292,404316,2023-11-04 18:55:00,2023-11-04 19:00:00,2023-11-04 21:00:00,-1,24
404328,404329,404353,2023-11-04 22:00:00,2023-11-04 22:05:00,2023-11-05 00:05:00,1,24
404352,404353,404377,2023-11-05 00:00:00,2023-11-05 00:05:00,2023-11-05 02:05:00,1,24
404382,404383,404407,2023-11-05 02:30:00,2023-11-05 02:35:00,2023-11-05 04:35:00,-1,24
404411,404412,404436,2023-11-05 04:55:00,2023-11-05 05:00:00,2023-11-05 07:00:00,-1,24
404435,404436,404460,2023-11-05 06:55:00,2023-11-05 07:00:00,2023-11-05 09:00:00,1,24
404467,404468,404492,2023-11-05 09:35:00,2023-11-05 09:40:00,2023-11-05 11:40:00,-1,24
404503,404504,404528,2023-11-05 12:35:00,2023-11-05 12:40:00,2023-11-05 14:40:00,1,24
404534,404535,404559,2023-11-05 15:10:00,2023-11-05 15:15:00,2023-11-05 17:15:00,1,24
404562,404563,404587,2023-11-05 17:30:00,2023-11-05 17:35:00,2023-11-05 19:35:00,1,24
404586,404587,404611,2023-11-05 19:30:00,2023-11-05 19:35:00,2023-11-05 21:35:00,1,24
404612,404613,404637,2023-11-05 21:40:00,2023-11-05 21:45:00,2023-11-05 23:45:00,-1,24
404638,404639,404663,2023-11-05 23:50:00,2023-11-05 23:55:00,2023-11-06 01:55:00,-1,24
404666,404667,404691,2023-11-06 02:10:00,2023-11-06 02:15:00,2023-11-06 04:15:00,-1,24
404693,404694,404718,2023-11-06 04:25:00,2023-11-06 04:30:00,2023-11-06 06:30:00,1,24
404719,404720,404744,2023-11-06 06:35:00,2023-11-06 06:40:00,2023-11-06 08:40:00,-1,24
404743,404744,404768,2023-11-06 08:35:00,2023-11-06 08:40:00,2023-11-06 10:40:00,-1,24
404768,404769,404793,2023-11-06 10:40:00,2023-11-06 10:45:00,2023-11-06 12:45:00,1,24
404806,404807,404831,2023-11-06 13:50:00,2023-11-06 13:55:00,2023-11-06 15:55:00,-1,24
404836,404837,404861,2023-11-06 16:20:00,2023-11-06 16:25:00,2023-11-06 18:25:00,-1,24
404860,404861,404885,2023-11-06 18:20:00,2023-11-06 18:25:00,2023-11-06 20:25:00,-1,24
404889,404890,404914,2023-11-06 20:45:00,2023-11-06 20:50:00,2023-11-06 22:50:00,-1,24
404913,404914,404938,2023-11-06 22:45:00,2023-11-06 22:50:00,2023-11-07 00:50:00,1,24
404937,404938,404962,2023-11-07 00:45:00,2023-11-07 00:50:00,2023-11-07 02:50:00,-1,24
404961,404962,404986,2023-11-07 02:45:00,2023-11-07 02:50:00,2023-11-07 04:50:00,-1,24
404990,404991,405015,2023-11-07 05:10:00,2023-11-07 05:15:00,2023-11-07 07:15:00,-1,24
405020,405021,405045,2023-11-07 07:40:00,2023-11-07 07:45:00,2023-11-07 09:45:00,-1,24
405053,405054,405078,2023-11-07 10:25:00,2023-11-07 10:30:00,2023-11-07 12:30:00,-1,24
405095,405096,405120,2023-11-07 13:55:00,2023-11-07 14:00:00,2023-11-07 16:00:00,-1,24
405122,405123,405147,2023-11-07 16:10:00,2023-11-07 16:15:00,2023-11-07 18:15:00,1,24
405167,405168,405192,2023-11-07 19:55:00,2023-11-07 20:00:00,2023-11-07 22:00:00,-1,24
405198,405199,405223,2023-11-07 22:30:00,2023-11-07 22:35:00,2023-11-08 00:35:00,-1,24
405224,405225,405249,2023-11-08 00:40:00,2023-11-08 00:45:00,2023-11-08 02:45:00,-1,24
405248,405249,405273,2023-11-08 02:40:00,2023-11-08 02:45:00,2023-11-08 04:45:00,-1,24
405277,405278,405302,2023-11-08 05:05:00,2023-11-08 05:10:00,2023-11-08 07:10:00,1,24
405303,405304,405328,2023-11-08 07:15:00,2023-11-08 07:20:00,2023-11-08 09:20:00,1,24
405333,405334,405358,2023-11-08 09:45:00,2023-11-08 09:50:00,2023-11-08 11:50:00,1,24
405358,405359,405383,2023-11-08 11:50:00,2023-11-08 11:55:00,2023-11-08 13:55:00,-1,24
405387,405388,405412,2023-11-08 14:15:00,2023-11-08 14:20:00,2023-11-08 16:20:00,1,24
405413,405414,405438,2023-11-08 16:25:00,2023-11-08 16:30:00,2023-11-08 18:30:00,-1,24
405437,405438,405462,2023-11-08 18:25:00,2023-11-08 18:30:00,2023-11-08 20:30:00,1,24
405464,405465,405489,2023-11-08 20:40:00,2023-11-08 20:45:00,2023-11-08 22:45:00,-1,24
405498,405499,405523,2023-11-08 23:30:00,2023-11-08 23:35:00,2023-11-09 01:35:00,1,24
405585,405586,405610,2023-11-09 06:45:00,2023-11-09 06:50:00,2023-11-09 08:50:00,-1,24
405614,405615,405639,2023-11-09 09:10:00,2023-11-09 09:15:00,2023-11-09 11:15:00,1,24
405646,405647,405671,2023-11-09 11:50:00,2023-11-09 11:55:00,2023-11-09 13:55:00,1,24
405729,405730,405754,2023-11-09 18:45:00,2023-11-09 18:50:00,2023-11-09 20:50:00,-1,24
405763,405764,405788,2023-11-09 21:35:00,2023-11-09 21:40:00,2023-11-09 23:40:00,1,24
405815,405816,405840,2023-11-10 01:55:00,2023-11-10 02:00:00,2023-11-10 04:00:00,1,24
405839,405840,405864,2023-11-10 03:55:00,2023-11-10 04:00:00,2023-11-10 06:00:00,1,24
405868,405869,405893,2023-11-10 06:20:00,2023-11-10 06:25:00,2023-11-10 08:25:00,1,24
405901,405902,405926,2023-11-10 09:05:00,2023-11-10 09:10:00,2023-11-10 11:10:00,-1,24
405934,405935,405959,2023-11-10 11:50:00,2023-11-10 11:55:00,2023-11-10 13:55:00,1,24
405971,405972,405996,2023-11-10 14:55:00,2023-11-10 15:00:00,2023-11-10 17:00:00,1,24
405998,405999,406023,2023-11-10 17:10:00,2023-11-10 17:15:00,2023-11-10 19:15:00,-1,24
406025,406026,406050,2023-11-10 19:25:00,2023-11-10 19:30:00,2023-11-10 21:30:00,1,24
406054,406055,406079,2023-11-10 21:50:00,2023-11-10 21:55:00,2023-11-10 23:55:00,1,24
406079,406080,406104,2023-11-10 23:55:00,2023-11-11 00:00:00,2023-11-11 02:00:00,-1,24
406109,406110,406134,2023-11-11 02:25:00,2023-11-11 02:30:00,2023-11-11 04:30:00,1,24
406133,406134,406158,2023-11-11 04:25:00,2023-11-11 04:30:00,2023-11-11 06:30:00,1,24
406159,406160,406184,2023-11-11 06:35:00,2023-11-11 06:40:00,2023-11-11 08:40:00,1,24
406185,406186,406210,2023-11-11 08:45:00,2023-11-11 08:50:00,2023-11-11 10:50:00,1,24
406211,406212,406236,2023-11-11 10:55:00,2023-11-11 11:00:00,2023-11-11 13:00:00,-1,24
406246,406247,406271,2023-11-11 13:50:00,2023-11-11 13:55:00,2023-11-11 15:55:00,1,24
406276,406277,406301,2023-11-11 16:20:00,2023-11-11 16:25:00,2023-11-11 18:25:00,1,24
406317,406318,406342,2023-11-11 19:45:00,2023-11-11 19:50:00,2023-11-11 21:50:00,-1,24
406352,406353,406377,2023-11-11 22:40:00,2023-11-11 22:45:00,2023-11-12 00:45:00,-1,24
406378,406379,406403,2023-11-12 00:50:00,2023-11-12 00:55:00,2023-11-12 02:55:00,-1,24
406404,406405,406429,2023-11-12 03:00:00,2023-11-12 03:05:00,2023-11-12 05:05:00,1,24
406441,406442,406466,2023-11-12 06:05:00,2023-11-12 06:10:00,2023-11-12 08:10:00,1,24
406472,406473,406497,2023-11-12 08:40:00,2023-11-12 08:45:00,2023-11-12 10:45:00,-1,24
406504,406505,406529,2023-11-12 11:20:00,2023-11-12 11:25:00,2023-11-12 13:25:00,-1,24
406529,406530,406554,2023-11-12 13:25:00,2023-11-12 13:30:00,2023-11-12 15:30:00,-1,24
406579,406580,406604,2023-11-12 17:35:00,2023-11-12 17:40:00,2023-11-12 19:40:00,-1,24
406607,406608,406632,2023-11-12 19:55:00,2023-11-12 20:00:00,2023-11-12 22:00:00,1,24
406634,406635,406659,2023-11-12 22:10:00,2023-11-12 22:15:00,2023-11-13 00:15:00,-1,24
406664,406665,406689,2023-11-13 00:40:00,2023-11-13 00:45:00,2023-11-13 02:45:00,1,24
406692,406693,406717,2023-11-13 03:00:00,2023-11-13 03:05:00,2023-11-13 05:05:00,1,24
406716,406717,406741,2023-11-13 05:00:00,2023-11-13 05:05:00,2023-11-13 07:05:00,1,24
406747,406748,406772,2023-11-13 07:35:00,2023-11-13 07:40:00,2023-11-13 09:40:00,1,24
406789,406790,406814,2023-11-13 11:05:00,2023-11-13 11:10:00,2023-11-13 13:10:00,1,24
406813,406814,406838,2023-11-13 13:05:00,2023-11-13 13:10:00,2023-11-13 15:10:00,1,24
406840,406841,406865,2023-11-13 15:20:00,2023-11-13 15:25:00,2023-11-13 17:25:00,1,24
406871,406872,406896,2023-11-13 17:55:00,2023-11-13 18:00:00,2023-11-13 20:00:00,-1,24
406898,406899,406923,2023-11-13 20:10:00,2023-11-13 20:15:00,2023-11-13 22:15:00,1,24
406924,406925,406949,2023-11-13 22:20:00,2023-11-13 22:25:00,2023-11-14 00:25:00,1,24
406976,406977,407001,2023-11-14 02:40:00,2023-11-14 02:45:00,2023-11-14 04:45:00,1,24
407009,407010,407034,2023-11-14 05:25:00,2023-11-14 05:30:00,2023-11-14 07:30:00,1,24
407055,407056,407080,2023-11-14 09:15:00,2023-11-14 09:20:00,2023-11-14 11:20:00,1,24
407085,407086,407110,2023-11-14 11:45:00,2023-11-14 11:50:00,2023-11-14 13:50:00,-1,24
407113,407114,407138,2023-11-14 14:05:00,2023-11-14 14:10:00,2023-11-14 16:10:00,-1,24
407146,407147,407171,2023-11-14 16:50:00,2023-11-14 16:55:00,2023-11-14 18:55:00,1,24
407201,407202,407226,2023-11-14 21:25:00,2023-11-14 21:30:00,2023-11-14 23:30:00,1,24
407226,407227,407251,2023-11-14 23:30:00,2023-11-14 23:35:00,2023-11-15 01:35:00,1,24
407254,407255,407279,2023-11-15 01:50:00,2023-11-15 01:55:00,2023-11-15 03:55:00,-1,24
407278,407279,407303,2023-11-15 03:50:00,2023-11-15 03:55:00,2023-11-15 05:55:00,1,24
407303,407304,407328,2023-11-15 05:55:00,2023-11-15 06:00:00,2023-11-15 08:00:00,1,24
407360,407361,407385,2023-11-15 10:40:00,2023-11-15 10:45:00,2023-11-15 12:45:00,1,24
407385,407386,407410,2023-11-15 12:45:00,2023-11-15 12:50:00,2023-11-15 14:50:00,1,24
407438,407439,407463,2023-11-15 17:10:00,2023-11-15 17:15:00,2023-11-15 19:15:00,-1,24
407495,407496,407520,2023-11-15 21:55:00,2023-11-15 22:00:00,2023-11-16 00:00:00,1,24
407570,407571,407595,2023-11-16 04:10:00,2023-11-16 04:15:00,2023-11-16 06:15:00,1,24
407596,407597,407621,2023-11-16 06:20:00,2023-11-16 06:25:00,2023-11-16 08:25:00,1,24
407642,407643,407667,2023-11-16 10:10:00,2023-11-16 10:15:00,2023-11-16 12:15:00,-1,24
407675,407676,407700,2023-11-16 12:55:00,2023-11-16 13:00:00,2023-11-16 15:00:00,1,24
407744,407745,407769,2023-11-16 18:40:00,2023-11-16 18:45:00,2023-11-16 20:45:00,1,24
407791,407792,407816,2023-11-16 22:35:00,2023-11-16 22:40:00,2023-11-17 00:40:00,-1,24
407854,407855,407879,2023-11-17 03:50:00,2023-11-17 03:55:00,2023-11-17 05:55:00,1,24
407878,407879,407903,2023-11-17 05:50:00,2023-11-17 05:55:00,2023-11-17 07:55:00,-1,24
407915,407916,407940,2023-11-17 08:55:00,2023-11-17 09:00:00,2023-11-17 11:00:00,1,24
407940,407941,407965,2023-11-17 11:00:00,2023-11-17 11:05:00,2023-11-17 13:05:00,1,24
407971,407972,407996,2023-11-17 13:35:00,2023-11-17 13:40:00,2023-11-17 15:40:00,-1,24
408033,408034,408058,2023-11-17 18:45:00,2023-11-17 18:50:00,2023-11-17 20:50:00,1,24
408058,408059,408083,2023-11-17 20:50:00,2023-11-17 20:55:00,2023-11-17 22:55:00,-1,24
408090,408091,408115,2023-11-17 23:30:00,2023-11-17 23:35:00,2023-11-18 01:35:00,-1,24
408116,408117,408141,2023-11-18 01:40:00,2023-11-18 01:45:00,2023-11-18 03:45:00,1,24
408147,408148,408172,2023-11-18 04:15:00,2023-11-18 04:20:00,2023-11-18 06:20:00,1,24
408172,408173,408197,2023-11-18 06:20:00,2023-11-18 06:25:00,2023-11-18 08:25:00,-1,24
408197,408198,408222,2023-11-18 08:25:00,2023-11-18 08:30:00,2023-11-18 10:30:00,-1,24
408234,408235,408259,2023-11-18 11:30:00,2023-11-18 11:35:00,2023-11-18 13:35:00,-1,24
408262,408263,408287,2023-11-18 13:50:00,2023-11-18 13:55:00,2023-11-18 15:55:00,1,24
408293,408294,408318,2023-11-18 16:25:00,2023-11-18 16:30:00,2023-11-18 18:30:00,1,24
408322,408323,408347,2023-11-18 18:50:00,2023-11-18 18:55:00,2023-11-18 20:55:00,-1,24
408356,408357,408381,2023-11-18 21:40:00,2023-11-18 21:45:00,2023-11-18 23:45:00,1,24
408380,408381,408405,2023-11-18 23:40:00,2023-11-18 23:45:00,2023-11-19 01:45:00,1,24
408410,408411,408435,2023-11-19 02:10:00,2023-11-19 02:15:00,2023-11-19 04:15:00,-1,24
408440,408441,408465,2023-11-19 04:40:00,2023-11-19 04:45:00,2023-11-19 06:45:00,-1,24
408464,408465,408489,2023-11-19 06:40:00,2023-11-19 06:45:00,2023-11-19 08:45:00,-1,24
408499,408500,408524,2023-11-19 09:35:00,2023-11-19 09:40:00,2023-11-19 11:40:00,-1,24
408531,408532,408556,2023-11-19 12:15:00,2023-11-19 12:20:00,2023-11-19 14:20:00,-1,24
408564,408565,408589,2023-11-19 15:00:00,2023-11-19 15:05:00,2023-11-19 17:05:00,1,24
408600,408601,408625,2023-11-19 18:00:00,2023-11-19 18:05:00,2023-11-19 20:05:00,-1,24
408629,408630,408654,2023-11-19 20:25:00,2023-11-19 20:30:00,2023-11-19 22:30:00,-1,24
408671,408672,408696,2023-11-19 23:55:00,2023-11-20 00:00:00,2023-11-20 02:00:00,1,24
408695,408696,408720,2023-11-20 01:55:00,2023-11-20 02:00:00,2023-11-20 04:00:00,1,24
408722,408723,408747,2023-11-20 04:10:00,2023-11-20 04:15:00,2023-11-20 06:15:00,-1,24
408747,408748,408772,2023-11-20 06:15:00,2023-11-20 06:20:00,2023-11-20 08:20:00,1,24
408773,408774,408798,2023-11-20 08:25:00,2023-11-20 08:30:00,2023-11-20 10:30:00,-1,24
408797,408798,408822,2023-11-20 10:25:00,2023-11-20 10:30:00,2023-11-20 12:30:00,1,24
408827,408828,408852,2023-11-20 12:55:00,2023-11-20 13:00:00,2023-11-20 15:00:00,-1,24
408860,408861,408885,2023-11-20 15:40:00,2023-11-20 15:45:00,2023-11-20 17:45:00,-1,24
408899,408900,408924,2023-11-20 18:55:00,2023-11-20 19:00:00,2023-11-20 21:00:00,1,24
408931,408932,408956,2023-11-20 21:35:00,2023-11-20 21:40:00,2023-11-20 23:40:00,-1,24
408955,408956,408980,2023-11-20 23:35:00,2023-11-20 23:40:00,2023-11-21 01:40:00,-1,24
408987,408988,409012,2023-11-21 02:15:00,2023-11-21 02:20:00,2023-11-21 04:20:00,1,24
409013,409014,409038,2023-11-21 04:25:00,2023-11-21 04:30:00,2023-11-21 06:30:00,-1,24
409048,409049,409073,2023-11-21 07:20:00,2023-11-21 07:25:00,2023-11-21 09:25:00,1,24
409074,409075,409099,2023-11-21 09:30:00,2023-11-21 09:35:00,2023-11-21 11:35:00,1,24
409098,409099,409123,2023-11-21 11:30:00,2023-11-21 11:35:00,2023-11-21 13:35:00,-1,24
409160,409161,409185,2023-11-21 16:40:00,2023-11-21 16:45:00,2023-11-21 18:45:00,1,24
409189,409190,409214,2023-11-21 19:05:00,2023-11-21 19:10:00,2023-11-21 21:10:00,1,24
409258,409259,409283,2023-11-22 00:50:00,2023-11-22 00:55:00,2023-11-22 02:55:00,-1,24
409288,409289,409313,2023-11-22 03:20:00,2023-11-22 03:25:00,2023-11-22 05:25:00,-1,24
409313,409314,409338,2023-11-22 05:25:00,2023-11-22 05:30:00,2023-11-22 07:30:00,1,24
409338,409339,409363,2023-11-22 07:30:00,2023-11-22 07:35:00,2023-11-22 09:35:00,-1,24
409369,409370,409394,2023-11-22 10:05:00,2023-11-22 10:10:00,2023-11-22 12:10:00,1,24
409398,409399,409423,2023-11-22 12:30:00,2023-11-22 12:35:00,2023-11-22 14:35:00,1,24
409422,409423,409447,2023-11-22 14:30:00,2023-11-22 14:35:00,2023-11-22 16:35:00,-1,24
409448,409449,409473,2023-11-22 16:40:00,2023-11-22 16:45:00,2023-11-22 18:45:00,-1,24
409485,409486,409510,2023-11-22 19:45:00,2023-11-22 19:50:00,2023-11-22 21:50:00,-1,24
409531,409532,409556,2023-11-22 23:35:00,2023-11-22 23:40:00,2023-11-23 01:40:00,-1,24
409555,409556,409580,2023-11-23 01:35:00,2023-11-23 01:40:00,2023-11-23 03:40:00,1,24
409614,409615,409639,2023-11-23 06:30:00,2023-11-23 06:35:00,2023-11-23 08:35:00,1,24
409639,409640,409664,2023-11-23 08:35:00,2023-11-23 08:40:00,2023-11-23 10:40:00,-1,24
409677,409678,409702,2023-11-23 11:45:00,2023-11-23 11:50:00,2023-11-23 13:50:00,-1,24
409707,409708,409732,2023-11-23 14:15:00,2023-11-23 14:20:00,2023-11-23 16:20:00,-1,24
409735,409736,409760,2023-11-23 16:35:00,2023-11-23 16:40:00,2023-11-23 18:40:00,1,24
409760,409761,409785,2023-11-23 18:40:00,2023-11-23 18:45:00,2023-11-23 20:45:00,1,24
409784,409785,409809,2023-11-23 20:40:00,2023-11-23 20:45:00,2023-11-23 22:45:00,-1,24
409813,409814,409838,2023-11-23 23:05:00,2023-11-23 23:10:00,2023-11-24 01:10:00,-1,24
409852,409853,409877,2023-11-24 02:20:00,2023-11-24 02:25:00,2023-11-24 04:25:00,-1,24
409877,409878,409902,2023-11-24 04:25:00,2023-11-24 04:30:00,2023-11-24 06:30:00,-1,24
409904,409905,409929,2023-11-24 06:40:00,2023-11-24 06:45:00,2023-11-24 08:45:00,-1,24
409932,409933,409957,2023-11-24 09:00:00,2023-11-24 09:05:00,2023-11-24 11:05:00,-1,24
409976,409977,410001,2023-11-24 12:40:00,2023-11-24 12:45:00,2023-11-24 14:45:00,-1,24
410044,410045,410069,2023-11-24 18:20:00,2023-11-24 18:25:00,2023-11-24 20:25:00,1,24
410069,410070,410094,2023-11-24 20:25:00,2023-11-24 20:30:00,2023-11-24 22:30:00,-1,24
410106,410107,410131,2023-11-24 23:30:00,2023-11-24 23:35:00,2023-11-25 01:35:00,1,24
410149,410150,410174,2023-11-25 03:05:00,2023-11-25 03:10:00,2023-11-25 05:10:00,1,24
410181,410182,410206,2023-11-25 05:45:00,2023-11-25 05:50:00,2023-11-25 07:50:00,-1,24
410213,410214,410238,2023-11-25 08:25:00,2023-11-25 08:30:00,2023-11-25 10:30:00,1,24
410243,410244,410268,2023-11-25 10:55:00,2023-11-25 11:00:00,2023-11-25 13:00:00,-1,24
410270,410271,410295,2023-11-25 13:10:00,2023-11-25 13:15:00,2023-11-25 15:15:00,1,24
410313,410314,410338,2023-11-25 16:45:00,2023-11-25 16:50:00,2023-11-25 18:50:00,-1,24
410348,410349,410373,2023-11-25 19:40:00,2023-11-25 19:45:00,2023-11-25 21:45:00,1,24
410397,410398,410422,2023-11-25 23:45:00,2023-11-25 23:50:00,2023-11-26 01:50:00,1,24
410424,410425,410449,2023-11-26 02:00:00,2023-11-26 02:05:00,2023-11-26 04:05:00,1,24
410449,410450,410474,2023-11-26 04:05:00,2023-11-26 04:10:00,2023-11-26 06:10:00,-1,24
410530,410531,410555,2023-11-26 10:50:00,2023-11-26 10:55:00,2023-11-26 12:55:00,1,24
410559,410560,410584,2023-11-26 13:15:00,2023-11-26 13:20:00,2023-11-26 15:20:00,-1,24
410593,410594,410618,2023-11-26 16:05:00,2023-11-26 16:10:00,2023-11-26 18:10:00,-1,24
410626,410627,410651,2023-11-26 18:50:00,2023-11-26 18:55:00,2023-11-26 20:55:00,-1,24
410658,410659,410683,2023-11-26 21:30:00,2023-11-26 21:35:00,2023-11-26 23:35:00,-1,24
410700,410701,410725,2023-11-27 01:00:00,2023-11-27 01:05:00,2023-11-27 03:05:00,1,24
410724,410725,410749,2023-11-27 03:00:00,2023-11-27 03:05:00,2023-11-27 05:05:00,-1,24
410748,410749,410773,2023-11-27 05:00:00,2023-11-27 05:05:00,2023-11-27 07:05:00,-1,24
410773,410774,410798,2023-11-27 07:05:00,2023-11-27 07:10:00,2023-11-27 09:10:00,-1,24
410804,410805,410829,2023-11-27 09:40:00,2023-11-27 09:45:00,2023-11-27 11:45:00,-1,24
410830,410831,410855,2023-11-27 11:50:00,2023-11-27 11:55:00,2023-11-27 13:55:00,-1,24
410865,410866,410890,2023-11-27 14:45:00,2023-11-27 14:50:00,2023-11-27 16:50:00,-1,24
410898,410899,410923,2023-11-27 17:30:00,2023-11-27 17:35:00,2023-11-27 19:35:00,1,24
410922,410923,410947,2023-11-27 19:30:00,2023-11-27 19:35:00,2023-11-27 21:35:00,1,24
410959,410960,410984,2023-11-27 22:35:00,2023-11-27 22:40:00,2023-11-28 00:40:00,1,24
410988,410989,411013,2023-11-28 01:00:00,2023-11-28 01:05:00,2023-11-28 03:05:00,-1,24
411019,411020,411044,2023-11-28 03:35:00,2023-11-28 03:40:00,2023-11-28 05:40:00,1,24
411052,411053,411077,2023-11-28 06:20:00,2023-11-28 06:25:00,2023-11-28 08:25:00,-1,24
411078,411079,411103,2023-11-28 08:30:00,2023-11-28 08:35:00,2023-11-28 10:35:00,-1,24
411105,411106,411130,2023-11-28 10:45:00,2023-11-28 10:50:00,2023-11-28 12:50:00,1,24
411134,411135,411159,2023-11-28 13:10:00,2023-11-28 13:15:00,2023-11-28 15:15:00,1,24
411221,411222,411246,2023-11-28 20:25:00,2023-11-28 20:30:00,2023-11-28 22:30:00,-1,24
411245,411246,411270,2023-11-28 22:25:00,2023-11-28 22:30:00,2023-11-29 00:30:00,1,24
411270,411271,411295,2023-11-29 00:30:00,2023-11-29 00:35:00,2023-11-29 02:35:00,-1,24
411295,411296,411320,2023-11-29 02:35:00,2023-11-29 02:40:00,2023-11-29 04:40:00,1,24
411319,411320,411344,2023-11-29 04:35:00,2023-11-29 04:40:00,2023-11-29 06:40:00,-1,24
411364,411365,411389,2023-11-29 08:20:00,2023-11-29 08:25:00,2023-11-29 10:25:00,1,24
411397,411398,411422,2023-11-29 11:05:00,2023-11-29 11:10:00,2023-11-29 13:10:00,-1,24
411433,411434,411458,2023-11-29 14:05:00,2023-11-29 14:10:00,2023-11-29 16:10:00,-1,24
411470,411471,411495,2023-11-29 17:10:00,2023-11-29 17:15:00,2023-11-29 19:15:00,-1,24
411509,411510,411534,2023-11-29 20:25:00,2023-11-29 20:30:00,2023-11-29 22:30:00,-1,24
411534,411535,411559,2023-11-29 22:30:00,2023-11-29 22:35:00,2023-11-30 00:35:00,1,24
411560,411561,411585,2023-11-30 00:40:00,2023-11-30 00:45:00,2023-11-30 02:45:00,-1,24
411585,411586,411610,2023-11-30 02:45:00,2023-11-30 02:50:00,2023-11-30 04:50:00,1,24
411632,411633,411657,2023-11-30 06:40:00,2023-11-30 06:45:00,2023-11-30 08:45:00,-1,24
411676,411677,411701,2023-11-30 10:20:00,2023-11-30 10:25:00,2023-11-30 12:25:00,-1,24
411700,411701,411725,2023-11-30 12:20:00,2023-11-30 12:25:00,2023-11-30 14:25:00,1,24
411748,411749,411773,2023-11-30 16:20:00,2023-11-30 16:25:00,2023-11-30 18:25:00,-1,24
411778,411779,411803,2023-11-30 18:50:00,2023-11-30 18:55:00,2023-11-30 20:55:00,-1,24
411822,411823,411847,2023-11-30 22:30:00,2023-11-30 22:35:00,2023-12-01 00:35:00,1,24
411877,411878,411902,2023-12-01 03:05:00,2023-12-01 03:10:00,2023-12-01 05:10:00,1,24
411974,411975,411999,2023-12-01 11:10:00,2023-12-01 11:15:00,2023-12-01 13:15:00,1,24
412008,412009,412033,2023-12-01 14:00:00,2023-12-01 14:05:00,2023-12-01 16:05:00,-1,24
412051,412052,412076,2023-12-01 17:35:00,2023-12-01 17:40:00,2023-12-01 19:40:00,-1,24
412084,412085,412109,2023-12-01 20:20:00,2023-12-01 20:25:00,2023-12-01 22:25:00,1,24
412121,412122,412146,2023-12-01 23:25:00,2023-12-01 23:30:00,2023-12-02 01:30:00,-1,24
412158,412159,412183,2023-12-02 02:30:00,2023-12-02 02:35:00,2023-12-02 04:35:00,1,24
412231,412232,412256,2023-12-02 08:35:00,2023-12-02 08:40:00,2023-12-02 10:40:00,-1,24
412287,412288,412312,2023-12-02 13:15:00,2023-12-02 13:20:00,2023-12-02 15:20:00,1,24
412330,412331,412355,2023-12-02 16:50:00,2023-12-02 16:55:00,2023-12-02 18:55:00,-1,24
412386,412387,412411,2023-12-02 21:30:00,2023-12-02 21:35:00,2023-12-02 23:35:00,-1,24
412428,412429,412453,2023-12-03 01:00:00,2023-12-03 01:05:00,2023-12-03 03:05:00,1,24
412454,412455,412479,2023-12-03 03:10:00,2023-12-03 03:15:00,2023-12-03 05:15:00,-1,24
412481,412482,412506,2023-12-03 05:25:00,2023-12-03 05:30:00,2023-12-03 07:30:00,1,24
412513,412514,412538,2023-12-03 08:05:00,2023-12-03 08:10:00,2023-12-03 10:10:00,1,24
412550,412551,412575,2023-12-03 11:10:00,2023-12-03 11:15:00,2023-12-03 13:15:00,1,24
412618,412619,412643,2023-12-03 16:50:00,2023-12-03 16:55:00,2023-12-03 18:55:00,-1,24
412650,412651,412675,2023-12-03 19:30:00,2023-12-03 19:35:00,2023-12-03 21:35:00,-1,24
412678,412679,412703,2023-12-03 21:50:00,2023-12-03 21:55:00,2023-12-03 23:55:00,1,24
412703,412704,412728,2023-12-03 23:55:00,2023-12-04 00:00:00,2023-12-04 02:00:00,-1,24
412740,412741,412765,2023-12-04 03:00:00,2023-12-04 03:05:00,2023-12-04 05:05:00,-1,24
412803,412804,412828,2023-12-04 08:15:00,2023-12-04 08:20:00,2023-12-04 10:20:00,1,24
412845,412846,412870,2023-12-04 11:45:00,2023-12-04 11:50:00,2023-12-04 13:50:00,1,24
412952,412953,412977,2023-12-04 20:40:00,2023-12-04 20:45:00,2023-12-04 22:45:00,-1,24
412987,412988,413012,2023-12-04 23:35:00,2023-12-04 23:40:00,2023-12-05 01:40:00,1,24
413012,413013,413037,2023-12-05 01:40:00,2023-12-05 01:45:00,2023-12-05 03:45:00,-1,24
413048,413049,413073,2023-12-05 04:40:00,2023-12-05 04:45:00,2023-12-05 06:45:00,1,24
413081,413082,413106,2023-12-05 07:25:00,2023-12-05 07:30:00,2023-12-05 09:30:00,-1,24
413111,413112,413136,2023-12-05 09:55:00,2023-12-05 10:00:00,2023-12-05 12:00:00,1,24
413164,413165,413189,2023-12-05 14:20:00,2023-12-05 14:25:00,2023-12-05 16:25:00,-1,24
413234,413235,413259,2023-12-05 20:10:00,2023-12-05 20:15:00,2023-12-05 22:15:00,1,24
413273,413274,413298,2023-12-05 23:25:00,2023-12-05 23:30:00,2023-12-06 01:30:00,-1,24
413317,413318,413342,2023-12-06 03:05:00,2023-12-06 03:10:00,2023-12-06 05:10:00,1,24
413391,413392,413416,2023-12-06 09:15:00,2023-12-06 09:20:00,2023-12-06 11:20:00,1,24
413422,413423,413447,2023-12-06 11:50:00,2023-12-06 11:55:00,2023-12-06 13:55:00,-1,24
413485,413486,413510,2023-12-06 17:05:00,2023-12-06 17:10:00,2023-12-06 19:10:00,-1,24
413511,413512,413536,2023-12-06 19:15:00,2023-12-06 19:20:00,2023-12-06 21:20:00,1,24
413542,413543,413567,2023-12-06 21:50:00,2023-12-06 21:55:00,2023-12-06 23:55:00,-1,24
413570,413571,413595,2023-12-07 00:10:00,2023-12-07 00:15:00,2023-12-07 02:15:00,1,24
413607,413608,413632,2023-12-07 03:15:00,2023-12-07 03:20:00,2023-12-07 05:20:00,1,24
413634,413635,413659,2023-12-07 05:30:00,2023-12-07 05:35:00,2023-12-07 07:35:00,-1,24
413702,413703,413727,2023-12-07 11:10:00,2023-12-07 11:15:00,2023-12-07 13:15:00,-1,24
413732,413733,413757,2023-12-07 13:40:00,2023-12-07 13:45:00,2023-12-07 15:45:00,1,24
413761,413762,413786,2023-12-07 16:05:00,2023-12-07 16:10:00,2023-12-07 18:10:00,-1,24
413786,413787,413811,2023-12-07 18:10:00,2023-12-07 18:15:00,2023-12-07 20:15:00,-1,24
413811,413812,413836,2023-12-07 20:15:00,2023-12-07 20:20:00,2023-12-07 22:20:00,1,24
413847,413848,413872,2023-12-07 23:15:00,2023-12-07 23:20:00,2023-12-08 01:20:00,1,24
413872,413873,413897,2023-12-08 01:20:00,2023-12-08 01:25:00,2023-12-08 03:25:00,-1,24
413904,413905,413929,2023-12-08 04:00:00,2023-12-08 04:05:00,2023-12-08 06:05:00,-1,24
413928,413929,413953,2023-12-08 06:00:00,2023-12-08 06:05:00,2023-12-08 08:05:00,1,24
413956,413957,413981,2023-12-08 08:20:00,2023-12-08 08:25:00,2023-12-08 10:25:00,-1,24
414051,414052,414076,2023-12-08 16:15:00,2023-12-08 16:20:00,2023-12-08 18:20:00,1,24
414076,414077,414101,2023-12-08 18:20:00,2023-12-08 18:25:00,2023-12-08 20:25:00,1,24
414100,414101,414125,2023-12-08 20:20:00,2023-12-08 20:25:00,2023-12-08 22:25:00,1,24
414134,414135,414159,2023-12-08 23:10:00,2023-12-08 23:15:00,2023-12-09 01:15:00,-1,24
414170,414171,414195,2023-12-09 02:10:00,2023-12-09 02:15:00,2023-12-09 04:15:00,1,24
414196,414197,414221,2023-12-09 04:20:00,2023-12-09 04:25:00,2023-12-09 06:25:00,-1,24
414227,414228,414252,2023-12-09 06:55:00,2023-12-09 07:00:00,2023-12-09 09:00:00,1,24
414271,414272,414296,2023-12-09 10:35:00,2023-12-09 10:40:00,2023-12-09 12:40:00,1,24
414311,414312,414336,2023-12-09 13:55:00,2023-12-09 14:00:00,2023-12-09 16:00:00,-1,24
414356,414357,414381,2023-12-09 17:40:00,2023-12-09 17:45:00,2023-12-09 19:45:00,1,24
414382,414383,414407,2023-12-09 19:50:00,2023-12-09 19:55:00,2023-12-09 21:55:00,-1,24
414406,414407,414431,2023-12-09 21:50:00,2023-12-09 21:55:00,2023-12-09 23:55:00,1,24
414446,414447,414471,2023-12-10 01:10:00,2023-12-10 01:15:00,2023-12-10 03:15:00,1,24
414479,414480,414504,2023-12-10 03:55:00,2023-12-10 04:00:00,2023-12-10 06:00:00,1,24
414503,414504,414528,2023-12-10 05:55:00,2023-12-10 06:00:00,2023-12-10 08:00:00,1,24
414532,414533,414557,2023-12-10 08:20:00,2023-12-10 08:25:00,2023-12-10 10:25:00,-1,24
414558,414559,414583,2023-12-10 10:30:00,2023-12-10 10:35:00,2023-12-10 12:35:00,-1,24
414592,414593,414617,2023-12-10 13:20:00,2023-12-10 13:25:00,2023-12-10 15:25:00,1,24
414650,414651,414675,2023-12-10 18:10:00,2023-12-10 18:15:00,2023-12-10 20:15:00,-1,24
414681,414682,414706,2023-12-10 20:45:00,2023-12-10 20:50:00,2023-12-10 22:50:00,1,24
414706,414707,414731,2023-12-10 22:50:00,2023-12-10 22:55:00,2023-12-11 00:55:00,-1,24
414741,414742,414766,2023-12-11 01:45:00,2023-12-11 01:50:00,2023-12-11 03:50:00,-1,24
414777,414778,414802,2023-12-11 04:45:00,2023-12-11 04:50:00,2023-12-11 06:50:00,1,24
414817,414818,414842,2023-12-11 08:05:00,2023-12-11 08:10:00,2023-12-11 10:10:00,1,24
414847,414848,414872,2023-12-11 10:35:00,2023-12-11 10:40:00,2023-12-11 12:40:00,-1,24
414876,414877,414901,2023-12-11 13:00:00,2023-12-11 13:05:00,2023-12-11 15:05:00,-1,24
414904,414905,414929,2023-12-11 15:20:00,2023-12-11 15:25:00,2023-12-11 17:25:00,-1,24
414931,414932,414956,2023-12-11 17:35:00,2023-12-11 17:40:00,2023-12-11 19:40:00,1,24
414982,414983,415007,2023-12-11 21:50:00,2023-12-11 21:55:00,2023-12-11 23:55:00,1,24
415030,415031,415055,2023-12-12 01:50:00,2023-12-12 01:55:00,2023-12-12 03:55:00,-1,24
415054,415055,415079,2023-12-12 03:50:00,2023-12-12 03:55:00,2023-12-12 05:55:00,-1,24
415078,415079,415103,2023-12-12 05:50:00,2023-12-12 05:55:00,2023-12-12 07:55:00,1,24
415116,415117,415141,2023-12-12 09:00:00,2023-12-12 09:05:00,2023-12-12 11:05:00,1,24
415156,415157,415181,2023-12-12 12:20:00,2023-12-12 12:25:00,2023-12-12 14:25:00,-1,24
415204,415205,415229,2023-12-12 16:20:00,2023-12-12 16:25:00,2023-12-12 18:25:00,-1,24
415233,415234,415258,2023-12-12 18:45:00,2023-12-12 18:50:00,2023-12-12 20:50:00,-1,24
415257,415258,415282,2023-12-12 20:45:00,2023-12-12 20:50:00,2023-12-12 22:50:00,-1,24
415285,415286,415310,2023-12-12 23:05:00,2023-12-12 23:10:00,2023-12-13 01:10:00,-1,24
415316,415317,415341,2023-12-13 01:40:00,2023-12-13 01:45:00,2023-12-13 03:45:00,-1,24
415347,415348,415372,2023-12-13 04:15:00,2023-12-13 04:20:00,2023-12-13 06:20:00,1,24
415372,415373,415397,2023-12-13 06:20:00,2023-12-13 06:25:00,2023-12-13 08:25:00,-1,24
415404,415405,415429,2023-12-13 09:00:00,2023-12-13 09:05:00,2023-12-13 11:05:00,1,24
415432,415433,415457,2023-12-13 11:20:00,2023-12-13 11:25:00,2023-12-13 13:25:00,1,24
415458,415459,415483,2023-12-13 13:30:00,2023-12-13 13:35:00,2023-12-13 15:35:00,-1,24
415483,415484,415508,2023-12-13 15:35:00,2023-12-13 15:40:00,2023-12-13 17:40:00,-1,24
415540,415541,415565,2023-12-13 20:20:00,2023-12-13 20:25:00,2023-12-13 22:25:00,-1,24
415573,415574,415598,2023-12-13 23:05:00,2023-12-13 23:10:00,2023-12-14 01:10:00,-1,24
415601,415602,415626,2023-12-14 01:25:00,2023-12-14 01:30:00,2023-12-14 03:30:00,-1,24
415630,415631,415655,2023-12-14 03:50:00,2023-12-14 03:55:00,2023-12-14 05:55:00,1,24
415668,415669,415693,2023-12-14 07:00:00,2023-12-14 07:05:00,2023-12-14 09:05:00,-1,24
415697,415698,415722,2023-12-14 09:25:00,2023-12-14 09:30:00,2023-12-14 11:30:00,-1,24
415737,415738,415762,2023-12-14 12:45:00,2023-12-14 12:50:00,2023-12-14 14:50:00,-1,24
415786,415787,415811,2023-12-14 16:50:00,2023-12-14 16:55:00,2023-12-14 18:55:00,-1,24
415818,415819,415843,2023-12-14 19:30:00,2023-12-14 19:35:00,2023-12-14 21:35:00,1,24
415842,415843,415867,2023-12-14 21:30:00,2023-12-14 21:35:00,2023-12-14 23:35:00,1,24
415871,415872,415896,2023-12-14 23:55:00,2023-12-15 00:00:00,2023-12-15 02:00:00,-1,24
415897,415898,415922,2023-12-15 02:05:00,2023-12-15 02:10:00,2023-12-15 04:10:00,1,24
415960,415961,415985,2023-12-15 07:20:00,2023-12-15 07:25:00,2023-12-15 09:25:00,-1,24
415988,415989,416013,2023-12-15 09:40:00,2023-12-15 09:45:00,2023-12-15 11:45:00,1,24
416014,416015,416039,2023-12-15 11:50:00,2023-12-15 11:55:00,2023-12-15 13:55:00,1,24
416092,416093,416117,2023-12-15 18:20:00,2023-12-15 18:25:00,2023-12-15 20:25:00,-1,24
416124,416125,416149,2023-12-15 21:00:00,2023-12-15 21:05:00,2023-12-15 23:05:00,-1,24
416158,416159,416183,2023-12-15 23:50:00,2023-12-15 23:55:00,2023-12-16 01:55:00,-1,24
416182,416183,416207,2023-12-16 01:50:00,2023-12-16 01:55:00,2023-12-16 03:55:00,1,24
416225,416226,416250,2023-12-16 05:25:00,2023-12-16 05:30:00,2023-12-16 07:30:00,1,24
416254,416255,416279,2023-12-16 07:50:00,2023-12-16 07:55:00,2023-12-16 09:55:00,-1,24
416279,416280,416304,2023-12-16 09:55:00,2023-12-16 10:00:00,2023-12-16 12:00:00,-1,24
416324,416325,416349,2023-12-16 13:40:00,2023-12-16 13:45:00,2023-12-16 15:45:00,1,24
416355,416356,416380,2023-12-16 16:15:00,2023-12-16 16:20:00,2023-12-16 18:20:00,-1,24
416386,416387,416411,2023-12-16 18:50:00,2023-12-16 18:55:00,2023-12-16 20:55:00,-1,24
416415,416416,416440,2023-12-16 21:15:00,2023-12-16 21:20:00,2023-12-16 23:20:00,-1,24
416441,416442,416466,2023-12-16 23:25:00,2023-12-16 23:30:00,2023-12-17 01:30:00,-1,24
416480,416481,416505,2023-12-17 02:40:00,2023-12-17 02:45:00,2023-12-17 04:45:00,1,24
416505,416506,416530,2023-12-17 04:45:00,2023-12-17 04:50:00,2023-12-17 06:50:00,-1,24
416551,416552,416576,2023-12-17 08:35:00,2023-12-17 08:40:00,2023-12-17 10:40:00,1,24
416575,416576,416600,2023-12-17 10:35:00,2023-12-17 10:40:00,2023-12-17 12:40:00,1,24
416600,416601,416625,2023-12-17 12:40:00,2023-12-17 12:45:00,2023-12-17 14:45:00,1,24
416644,416645,416669,2023-12-17 16:20:00,2023-12-17 16:25:00,2023-12-17 18:25:00,1,24
416677,416678,416702,2023-12-17 19:05:00,2023-12-17 19:10:00,2023-12-17 21:10:00,-1,24
416706,416707,416731,2023-12-17 21:30:00,2023-12-17 21:35:00,2023-12-17 23:35:00,-1,24
416761,416762,416786,2023-12-18 02:05:00,2023-12-18 02:10:00,2023-12-18 04:10:00,-1,24
416787,416788,416812,2023-12-18 04:15:00,2023-12-18 04:20:00,2023-12-18 06:20:00,-1,24
416817,416818,416842,2023-12-18 06:45:00,2023-12-18 06:50:00,2023-12-18 08:50:00,1,24
416875,416876,416900,2023-12-18 11:35:00,2023-12-18 11:40:00,2023-12-18 13:40:00,-1,24
416927,416928,416952,2023-12-18 15:55:00,2023-12-18 16:00:00,2023-12-18 18:00:00,1,24
416953,416954,416978,2023-12-18 18:05:00,2023-12-18 18:10:00,2023-12-18 20:10:00,-1,24
416981,416982,417006,2023-12-18 20:25:00,2023-12-18 20:30:00,2023-12-18 22:30:00,-1,24
417016,417017,417041,2023-12-18 23:20:00,2023-12-18 23:25:00,2023-12-19 01:25:00,1,24
417043,417044,417068,2023-12-19 01:35:00,2023-12-19 01:40:00,2023-12-19 03:40:00,1,24
417071,417072,417096,2023-12-19 03:55:00,2023-12-19 04:00:00,2023-12-19 06:00:00,-1,24
417102,417103,417127,2023-12-19 06:30:00,2023-12-19 06:35:00,2023-12-19 08:35:00,1,24
417133,417134,417158,2023-12-19 09:05:00,2023-12-19 09:10:00,2023-12-19 11:10:00,1,24
417176,417177,417201,2023-12-19 12:40:00,2023-12-19 12:45:00,2023-12-19 14:45:00,-1,24
417245,417246,417270,2023-12-19 18:25:00,2023-12-19 18:30:00,2023-12-19 20:30:00,-1,24
417275,417276,417300,2023-12-19 20:55:00,2023-12-19 21:00:00,2023-12-19 23:00:00,1,24
417299,417300,417324,2023-12-19 22:55:00,2023-12-19 23:00:00,2023-12-20 01:00:00,-1,24
417325,417326,417350,2023-12-20 01:05:00,2023-12-20 01:10:00,2023-12-20 03:10:00,-1,24
417349,417350,417374,2023-12-20 03:05:00,2023-12-20 03:10:00,2023-12-20 05:10:00,1,24
417376,417377,417401,2023-12-20 05:20:00,2023-12-20 05:25:00,2023-12-20 07:25:00,-1,24
417420,417421,417445,2023-12-20 09:00:00,2023-12-20 09:05:00,2023-12-20 11:05:00,-1,24
417447,417448,417472,2023-12-20 11:15:00,2023-12-20 11:20:00,2023-12-20 13:20:00,-1,24
417533,417534,417558,2023-12-20 18:25:00,2023-12-20 18:30:00,2023-12-20 20:30:00,1,24
417558,417559,417583,2023-12-20 20:30:00,2023-12-20 20:35:00,2023-12-20 22:35:00,1,24
417588,417589,417613,2023-12-20 23:00:00,2023-12-20 23:05:00,2023-12-21 01:05:00,1,24
417629,417630,417654,2023-12-21 02:25:00,2023-12-21 02:30:00,2023-12-21 04:30:00,-1,24
417654,417655,417679,2023-12-21 04:30:00,2023-12-21 04:35:00,2023-12-21 06:35:00,-1,24
417688,417689,417713,2023-12-21 07:20:00,2023-12-21 07:25:00,2023-12-21 09:25:00,1,24
417715,417716,417740,2023-12-21 09:35:00,2023-12-21 09:40:00,2023-12-21 11:40:00,-1,24
417745,417746,417770,2023-12-21 12:05:00,2023-12-21 12:10:00,2023-12-21 14:10:00,1,24
417802,417803,417827,2023-12-21 16:50:00,2023-12-21 16:55:00,2023-12-21 18:55:00,-1,24
417827,417828,417852,2023-12-21 18:55:00,2023-12-21 19:00:00,2023-12-21 21:00:00,1,24
417856,417857,417881,2023-12-21 21:20:00,2023-12-21 21:25:00,2023-12-21 23:25:00,1,24
417881,417882,417906,2023-12-21 23:25:00,2023-12-21 23:30:00,2023-12-22 01:30:00,1,24
417912,417913,417937,2023-12-22 02:00:00,2023-12-22 02:05:00,2023-12-22 04:05:00,1,24
417937,417938,417962,2023-12-22 04:05:00,2023-12-22 04:10:00,2023-12-22 06:10:00,1,24
417964,417965,417989,2023-12-22 06:20:00,2023-12-22 06:25:00,2023-12-22 08:25:00,-1,24
417989,417990,418014,2023-12-22 08:25:00,2023-12-22 08:30:00,2023-12-22 10:30:00,-1,24
418013,418014,418038,2023-12-22 10:25:00,2023-12-22 10:30:00,2023-12-22 12:30:00,1,24
418039,418040,418064,2023-12-22 12:35:00,2023-12-22 12:40:00,2023-12-22 14:40:00,-1,24
418074,418075,418099,2023-12-22 15:30:00,2023-12-22 15:35:00,2023-12-22 17:35:00,1,24
418102,418103,418127,2023-12-22 17:50:00,2023-12-22 17:55:00,2023-12-22 19:55:00,1,24
418133,418134,418158,2023-12-22 20:25:00,2023-12-22 20:30:00,2023-12-22 22:30:00,-1,24
418163,418164,418188,2023-12-22 22:55:00,2023-12-22 23:00:00,2023-12-23 01:00:00,1,24
418196,418197,418221,2023-12-23 01:40:00,2023-12-23 01:45:00,2023-12-23 03:45:00,-1,24
418267,418268,418292,2023-12-23 07:35:00,2023-12-23 07:40:00,2023-12-23 09:40:00,-1,24
418301,418302,418326,2023-12-23 10:25:00,2023-12-23 10:30:00,2023-12-23 12:30:00,-1,24
418331,418332,418356,2023-12-23 12:55:00,2023-12-23 13:00:00,2023-12-23 15:00:00,-1,24
418368,418369,418393,2023-12-23 16:00:00,2023-12-23 16:05:00,2023-12-23 18:05:00,1,24
418404,418405,418429,2023-12-23 19:00:00,2023-12-23 19:05:00,2023-12-23 21:05:00,-1,24
418431,418432,418456,2023-12-23 21:15:00,2023-12-23 21:20:00,2023-12-23 23:20:00,-1,24
418461,418462,418486,2023-12-23 23:45:00,2023-12-23 23:50:00,2023-12-24 01:50:00,1,24
418498,418499,418523,2023-12-24 02:50:00,2023-12-24 02:55:00,2023-12-24 04:55:00,1,24
418526,418527,418551,2023-12-24 05:10:00,2023-12-24 05:15:00,2023-12-24 07:15:00,1,24
418553,418554,418578,2023-12-24 07:25:00,2023-12-24 07:30:00,2023-12-24 09:30:00,-1,24
418577,418578,418602,2023-12-24 09:25:00,2023-12-24 09:30:00,2023-12-24 11:30:00,-1,24
418603,418604,418628,2023-12-24 11:35:00,2023-12-24 11:40:00,2023-12-24 13:40:00,1,24
418646,418647,418671,2023-12-24 15:10:00,2023-12-24 15:15:00,2023-12-24 17:15:00,1,24
418672,418673,418697,2023-12-24 17:20:00,2023-12-24 17:25:00,2023-12-24 19:25:00,1,24
418704,418705,418729,2023-12-24 20:00:00,2023-12-24 20:05:00,2023-12-24 22:05:00,1,24
418768,418769,418793,2023-12-25 01:20:00,2023-12-25 01:25:00,2023-12-25 03:25:00,1,24
418806,418807,418831,2023-12-25 04:30:00,2023-12-25 04:35:00,2023-12-25 06:35:00,1,24
418858,418859,418883,2023-12-25 08:50:00,2023-12-25 08:55:00,2023-12-25 10:55:00,-1,24
418882,418883,418907,2023-12-25 10:50:00,2023-12-25 10:55:00,2023-12-25 12:55:00,1,24
418924,418925,418949,2023-12-25 14:20:00,2023-12-25 14:25:00,2023-12-25 16:25:00,1,24
418955,418956,418980,2023-12-25 16:55:00,2023-12-25 17:00:00,2023-12-25 19:00:00,-1,24
418980,418981,419005,2023-12-25 19:00:00,2023-12-25 19:05:00,2023-12-25 21:05:00,-1,24
419010,419011,419035,2023-12-25 21:30:00,2023-12-25 21:35:00,2023-12-25 23:35:00,1,24
419037,419038,419062,2023-12-25 23:45:00,2023-12-25 23:50:00,2023-12-26 01:50:00,1,24
419061,419062,419086,2023-12-26 01:45:00,2023-12-26 01:50:00,2023-12-26 03:50:00,1,24
419089,419090,419114,2023-12-26 04:05:00,2023-12-26 04:10:00,2023-12-26 06:10:00,-1,24
419119,419120,419144,2023-12-26 06:35:00,2023-12-26 06:40:00,2023-12-26 08:40:00,1,24
419147,419148,419172,2023-12-26 08:55:00,2023-12-26 09:00:00,2023-12-26 11:00:00,1,24
419175,419176,419200,2023-12-26 11:15:00,2023-12-26 11:20:00,2023-12-26 13:20:00,1,24
419211,419212,419236,2023-12-26 14:15:00,2023-12-26 14:20:00,2023-12-26 16:20:00,-1,24
419243,419244,419268,2023-12-26 16:55:00,2023-12-26 17:00:00,2023-12-26 19:00:00,-1,24
419283,419284,419308,2023-12-26 20:15:00,2023-12-26 20:20:00,2023-12-26 22:20:00,-1,24
419312,419313,419337,2023-12-26 22:40:00,2023-12-26 22:45:00,2023-12-27 00:45:00,1,24
419336,419337,419361,2023-12-27 00:40:00,2023-12-27 00:45:00,2023-12-27 02:45:00,1,24
419368,419369,419393,2023-12-27 03:20:00,2023-12-27 03:25:00,2023-12-27 05:25:00,-1,24
419396,419397,419421,2023-12-27 05:40:00,2023-12-27 05:45:00,2023-12-27 07:45:00,-1,24
419424,419425,419449,2023-12-27 08:00:00,2023-12-27 08:05:00,2023-12-27 10:05:00,1,24
419474,419475,419499,2023-12-27 12:10:00,2023-12-27 12:15:00,2023-12-27 14:15:00,-1,24
419519,419520,419544,2023-12-27 15:55:00,2023-12-27 16:00:00,2023-12-27 18:00:00,1,24
419559,419560,419584,2023-12-27 19:15:00,2023-12-27 19:20:00,2023-12-27 21:20:00,-1,24
419585,419586,419610,2023-12-27 21:25:00,2023-12-27 21:30:00,2023-12-27 23:30:00,-1,24
419609,419610,419634,2023-12-27 23:25:00,2023-12-27 23:30:00,2023-12-28 01:30:00,1,24
419636,419637,419661,2023-12-28 01:40:00,2023-12-28 01:45:00,2023-12-28 03:45:00,-1,24
419681,419682,419706,2023-12-28 05:25:00,2023-12-28 05:30:00,2023-12-28 07:30:00,1,24
419708,419709,419733,2023-12-28 07:40:00,2023-12-28 07:45:00,2023-12-28 09:45:00,-1,24
419739,419740,419764,2023-12-28 10:15:00,2023-12-28 10:20:00,2023-12-28 12:20:00,1,24
419778,419779,419803,2023-12-28 13:30:00,2023-12-28 13:35:00,2023-12-28 15:35:00,-1,24
419819,419820,419844,2023-12-28 16:55:00,2023-12-28 17:00:00,2023-12-28 19:00:00,-1,24
419845,419846,419870,2023-12-28 19:05:00,2023-12-28 19:10:00,2023-12-28 21:10:00,-1,24
419871,419872,419896,2023-12-28 21:15:00,2023-12-28 21:20:00,2023-12-28 23:20:00,-1,24
419895,419896,419920,2023-12-28 23:15:00,2023-12-28 23:20:00,2023-12-29 01:20:00,-1,24
419954,419955,419979,2023-12-29 04:10:00,2023-12-29 04:15:00,2023-12-29 06:15:00,1,24
419980,419981,420005,2023-12-29 06:20:00,2023-12-29 06:25:00,2023-12-29 08:25:00,-1,24
420010,420011,420035,2023-12-29 08:50:00,2023-12-29 08:55:00,2023-12-29 10:55:00,-1,24
420054,420055,420079,2023-12-29 12:30:00,2023-12-29 12:35:00,2023-12-29 14:35:00,-1,24
420131,420132,420156,2023-12-29 18:55:00,2023-12-29 19:00:00,2023-12-29 21:00:00,-1,24
420165,420166,420190,2023-12-29 21:45:00,2023-12-29 21:50:00,2023-12-29 23:50:00,-1,24
420190,420191,420215,2023-12-29 23:50:00,2023-12-29 23:55:00,2023-12-30 01:55:00,-1,24
420218,420219,420243,2023-12-30 02:10:00,2023-12-30 02:15:00,2023-12-30 04:15:00,1,24
420244,420245,420269,2023-12-30 04:20:00,2023-12-30 04:25:00,2023-12-30 06:25:00,-1,24
420290,420291,420315,2023-12-30 08:10:00,2023-12-30 08:15:00,2023-12-30 10:15:00,1,24
420329,420330,420354,2023-12-30 11:25:00,2023-12-30 11:30:00,2023-12-30 13:30:00,1,24
420379,420380,420404,2023-12-30 15:35:00,2023-12-30 15:40:00,2023-12-30 17:40:00,1,24
420403,420404,420428,2023-12-30 17:35:00,2023-12-30 17:40:00,2023-12-30 19:40:00,-1,24
420431,420432,420456,2023-12-30 19:55:00,2023-12-30 20:00:00,2023-12-30 22:00:00,1,24
420459,420460,420484,2023-12-30 22:15:00,2023-12-30 22:20:00,2023-12-31 00:20:00,1,24
420516,420517,420541,2023-12-31 03:00:00,2023-12-31 03:05:00,2023-12-31 05:05:00,-1,24
420554,420555,420579,2023-12-31 06:10:00,2023-12-31 06:15:00,2023-12-31 08:15:00,1,24
420581,420582,420606,2023-12-31 08:25:00,2023-12-31 08:30:00,2023-12-31 10:30:00,1,24
420616,420617,420641,2023-12-31 11:20:00,2023-12-31 11:25:00,2023-12-31 13:25:00,1,24
420658,420659,420683,2023-12-31 14:50:00,2023-12-31 14:55:00,2023-12-31 16:55:00,1,24
420683,420684,420708,2023-12-31 16:55:00,2023-12-31 17:00:00,2023-12-31 19:00:00,1,24
420711,420712,420736,2023-12-31 19:15:00,2023-12-31 19:20:00,2023-12-31 21:20:00,1,24
