{
  "candidate": {
    "abstention": false,
    "confirmation_bars": 6,
    "confirmation_minutes": 30,
    "hold_bars_after_confirmation": 282,
    "name": "ccnear_price_confirmation_30m_v1",
    "original_event_horizon_preserved": true,
    "side": "sign(close[event+6] / close[event] - 1)"
  },
  "candidate_count": 1,
  "clock_spec": {
    "feature": "near_plain",
    "hold_bars": 288,
    "quantile": 0.985,
    "threshold": 4.434387570833191
  },
  "future_ready": false,
  "gate_checks": {
    "beats_reverse_h2": false,
    "h2_long_support": true,
    "h2_mdd_at_most_15": true,
    "h2_positive": false,
    "h2_ratio_at_least_3": false,
    "h2_short_support": true,
    "q3_positive": false,
    "q4_positive": false,
    "weekly_cluster_p_below_0_10": false
  },
  "mode": "ccnear_delayed_price_confirmation_pre2024",
  "post_2023_rows_opened": false,
  "reverse_control": {
    "confirm_2023h2": {
      "absolute_return_pct": -8.929993530305925,
      "cagr_pct": -16.94650813022448,
      "cagr_to_strict_mdd": -0.8798342435490024,
      "longs": 60,
      "mean_gross_bps": -1.054805239204627,
      "mean_net_bps": -6.412118901193681,
      "schedule_hash": "2f07b4c1c5d0323697a09a35fb51b8db3a77276f3ae5f4a0f33f19fd6aa70261",
      "shorts": 76,
      "strict_mdd_pct": 19.261023601294557,
      "trades": 136,
      "win_rate": 0.4852941176470588
    },
    "fit_2023h1": {
      "absolute_return_pct": -20.933328965416788,
      "cagr_pct": -37.74771476646558,
      "cagr_to_strict_mdd": -1.542099064109616,
      "longs": 46,
      "mean_gross_bps": -29.172509415208125,
      "mean_net_bps": -20.36119473649599,
      "schedule_hash": "0baa5c90c35764b8a3f68b996870861d2b8057fd2fdaf757693b79a1e1b7d100",
      "shorts": 64,
      "strict_mdd_pct": 24.478138690954022,
      "trades": 110,
      "win_rate": 0.42727272727272725
    },
    "full_2023": {
      "absolute_return_pct": -27.99397757343336,
      "cagr_pct": -28.010173182303966,
      "cagr_to_strict_mdd": -0.7824244602029151,
      "longs": 106,
      "mean_gross_bps": -13.627762391076109,
      "mean_net_bps": -12.649510534865447,
      "schedule_hash": "b84054468e248ccf2c9d6cc98de571ea2ba8685c64d6b75995bd5f014bf3e56a",
      "shorts": 140,
      "strict_mdd_pct": 35.79920440503581,
      "trades": 246,
      "win_rate": 0.45934959349593496
    },
    "q3_2023": {
      "absolute_return_pct": -6.517332138026677,
      "cagr_pct": -23.475715468704916,
      "cagr_to_strict_mdd": -2.1498515083405088,
      "longs": 30,
      "mean_gross_bps": -7.1673876886964285,
      "mean_net_bps": -9.476887855041856,
      "schedule_hash": "6e5b90685de47ebc20114586367ffaea1b1d01f2bb10c63fd99033296239831b",
      "shorts": 39,
      "strict_mdd_pct": 10.919691605503512,
      "trades": 69,
      "win_rate": 0.4057971014492754
    },
    "q4_2023": {
      "absolute_return_pct": -2.580864931926763,
      "cagr_pct": -9.860215564094055,
      "cagr_to_strict_mdd": -0.7201886655466635,
      "longs": 30,
      "mean_gross_bps": 5.240242358033199,
      "mean_net_bps": -3.2558643069321285,
      "schedule_hash": "ddcf60233081369ffc8c5c429d60a419e1aafb72bad7066e573ba71d964b0a3a",
      "shorts": 37,
      "strict_mdd_pct": 13.691156270294258,
      "trades": 67,
      "win_rate": 0.5671641791044776
    }
  },
  "schema_version": 1,
  "source": {
    "credibility_sha256": "45026cc02620d9a0c67f250804f2a06705bf0e824f72257d6c2414f40ab7d429",
    "funding_prefix_hash": "7219667abc7fad53d1eab4afff223a0964a2965c90f952412fd4d8d22dc5ed44",
    "market_manifest_sha256": "c04fbbd299cc748a6745c0ef030787da4d560833c744c81c98dd8840efc7913e",
    "market_sha256": "e7a987ac662601bff445a23bb3c9aea736d14b8f7ef88d7e69794cdaf9d6c28d",
    "shells_sha256": "ead931ec8ce2bbd73c946b8660e16d7750ce73051e60ce4989467a7c5bc68342"
  },
  "stats": {
    "confirm_2023h2": {
      "absolute_return_pct": -7.892238490195669,
      "cagr_pct": -15.05729797847357,
      "cagr_to_strict_mdd": -1.1050060349177933,
      "longs": 76,
      "mean_gross_bps": 1.054805239204627,
      "mean_net_bps": -5.588928544706181,
      "schedule_hash": "4dff461defdc836e75117da072b4498b8a6198a056b7e1235c07f9fce5c7fd4d",
      "shorts": 60,
      "strict_mdd_pct": 13.626439587358231,
      "trades": 136,
      "weekly_cluster_sign_flip": {
        "cluster_count": 27,
        "observed_mean_return": -0.000558892854470618,
        "p_value_one_sided": 0.7600323996760032,
        "permutations": 100000,
        "seed": 20260716
      },
      "win_rate": 0.39705882352941174
    },
    "fit_2023h1": {
      "absolute_return_pct": 8.481406703319493,
      "cagr_pct": 17.854304475661607,
      "cagr_to_strict_mdd": 1.2807811801496882,
      "longs": 64,
      "mean_gross_bps": 29.172509415208125,
      "mean_net_bps": 8.357473261021198,
      "schedule_hash": "c8896891941fc68bfff731697cc34e83c6757f1d870606f461f1d79d9879d3e9",
      "shorts": 46,
      "strict_mdd_pct": 13.94016772917832,
      "trades": 110,
      "win_rate": 0.44545454545454544
    },
    "full_2023": {
      "absolute_return_pct": -0.08020463122561106,
      "cagr_pct": -0.08025954385347811,
      "cagr_to_strict_mdd": -0.005757430284392201,
      "longs": 140,
      "mean_gross_bps": 13.627762391076109,
      "mean_net_bps": 0.6472673846840752,
      "schedule_hash": "ad093ff445098675d937f0d70e0f27a8257d23feb457fb423b7976b634221cd9",
      "shorts": 106,
      "strict_mdd_pct": 13.94016772917832,
      "trades": 246,
      "win_rate": 0.4186991869918699
    },
    "q3_2023": {
      "absolute_return_pct": -1.9167833241768073,
      "cagr_pct": -7.395936008493164,
      "cagr_to_strict_mdd": -0.9191049472689485,
      "longs": 39,
      "mean_gross_bps": 7.1673876886964285,
      "mean_net_bps": -2.520901706609406,
      "schedule_hash": "c5604e24325d6f22a282b7ecd5e44eabd601138fd87c70358b4f2ca38c33ba8f",
      "shorts": 30,
      "strict_mdd_pct": 8.046889564102155,
      "trades": 69,
      "win_rate": 0.43478260869565216
    },
    "q4_2023": {
      "absolute_return_pct": -6.0922300150172415,
      "cagr_pct": -22.084816629866634,
      "cagr_to_strict_mdd": -1.6207327297994674,
      "longs": 37,
      "mean_gross_bps": -5.240242358033199,
      "mean_net_bps": -8.748538273492443,
      "schedule_hash": "a448caea5154c780ad50ca3e9504253b55950e903b2be306b26156d872c80954",
      "shorts": 30,
      "strict_mdd_pct": 13.626439587358231,
      "trades": 67,
      "win_rate": 0.3582089552238806
    }
  },
  "verdict": "reject before future replay"
}
