{
  "candidate": {
    "abstention": false,
    "feature_definition": {
      "cash_vote_36": [
        "cspr",
        "catch",
        "clasp"
      ],
      "derivative_vote_36": [
        "umfr",
        "luri"
      ],
      "refill_vote_36": [
        "rift"
      ]
    },
    "feature_names": [
      "cash_vote_36",
      "derivative_vote_36",
      "refill_vote_36"
    ],
    "fit": "2023H1 only; H2 is confirmation only",
    "lookback_bars": 36,
    "name": "ccnear_primaryweak_ridge_v1",
    "ridge_alpha": 1.0
  },
  "candidate_count": 1,
  "clock_spec": {
    "feature": "near_plain",
    "hold_bars": 288,
    "quantile": 0.985,
    "threshold": 4.434387570833191
  },
  "final_model": null,
  "flipped_control": {
    "confirm_2023h2": {
      "absolute_return_pct": -19.291848234021426,
      "cagr_pct": -34.652950397963956,
      "cagr_to_strict_mdd": -1.4276975259222808,
      "longs": 0,
      "mean_gross_bps": -21.857120746782982,
      "mean_net_bps": -15.867021836718653,
      "schedule_hash": "ff1475894db22b2521b336e101095f7947583849adad6101e05c875fbeed61e1",
      "shorts": 131,
      "strict_mdd_pct": 24.271913181034922,
      "trades": 131,
      "win_rate": 0.42748091603053434
    },
    "fit_2023h1": {
      "absolute_return_pct": -20.259858362810768,
      "cagr_pct": -36.67305501985047,
      "cagr_to_strict_mdd": -1.506029387534805,
      "longs": 0,
      "mean_gross_bps": -30.287711546303637,
      "mean_net_bps": -20.1479892599655,
      "schedule_hash": "f1e1d9ef0bff5a872eaf0ade8ff5049a4bde33b32615e6c9e7dc6e0d949b081c",
      "shorts": 107,
      "strict_mdd_pct": 24.350822980871577,
      "trades": 107,
      "win_rate": 0.4392523364485981
    },
    "full_2023": {
      "absolute_return_pct": -35.64320546905104,
      "cagr_pct": -35.66262981116773,
      "cagr_to_strict_mdd": -0.9338549592993907,
      "longs": 0,
      "mean_gross_bps": -25.647344341525464,
      "mean_net_bps": -17.791658451371635,
      "schedule_hash": "07a88ce1b09a14c28bfd200ce586d96be8a7321b5dd1a00d618598cc0d866a86",
      "shorts": 238,
      "strict_mdd_pct": 38.188617467880704,
      "trades": 238,
      "win_rate": 0.4327731092436975
    },
    "q3_2023": {
      "absolute_return_pct": 1.4228020022386767,
      "cagr_pct": 5.769150728101047,
      "cagr_to_strict_mdd": 0.9067017945365499,
      "longs": 0,
      "mean_gross_bps": 15.5941554656627,
      "mean_net_bps": 2.421169049794342,
      "schedule_hash": "3b0aac10b1a08110dc0490828cef4c17906218adb823dbc72100f162d00450cd",
      "shorts": 67,
      "strict_mdd_pct": 6.362787371618561,
      "trades": 67,
      "win_rate": 0.47761194029850745
    },
    "q4_2023": {
      "absolute_return_pct": -20.424056353523834,
      "cagr_pct": -59.626820653326604,
      "cagr_to_strict_mdd": -2.6762953539389174,
      "longs": 0,
      "mean_gross_bps": -61.063925531687055,
      "mean_net_bps": -35.01247167103698,
      "schedule_hash": "fac893aea5feb0361423ed555d3c325910a18408673f41418064119e2eafd62e",
      "shorts": 64,
      "strict_mdd_pct": 22.2796114657409,
      "trades": 64,
      "win_rate": 0.375
    }
  },
  "future_ready": false,
  "gate_checks": {
    "beats_flipped_h2": true,
    "h2_long_support": true,
    "h2_mdd_at_most_15": false,
    "h2_positive": true,
    "h2_ratio_at_least_3": false,
    "h2_short_support": false,
    "q3_positive": false,
    "q4_positive": true,
    "weekly_cluster_p_below_0_10": false
  },
  "h1_model": {
    "feature_names": [
      "cash_vote_36",
      "derivative_vote_36",
      "refill_vote_36"
    ],
    "lookback_bars": 36,
    "model_hash": "62325abd4d51b96711ca940a419a6b9d4d68dc03037f3a8cdc6c188931d57e91",
    "ridge_alpha": 1.0,
    "ridge_coefficients": [
      -0.001587707408601803,
      0.0007094867341056637,
      -0.0004940529039376585
    ],
    "ridge_intercept": 0.0070223736102694514,
    "scaler_mean": [
      -0.0243531202435312,
      0.0213089802130898,
      0.015220700152207
    ],
    "scaler_scale": [
      0.49596599480222364,
      0.2331103770968247,
      0.12242969590374586
    ]
  },
  "implementation_hash": "7ecc8c9d4a8460d5d130b23a67550520e90290029835ec4cb0981c190cbced0c",
  "mode": "ccnear_primaryweak_ridge_pre2024",
  "post_2023_rows_opened": false,
  "pressure_sign_control": {
    "confirm_2023h2": {
      "absolute_return_pct": 14.31176455956269,
      "cagr_pct": 30.410827498585036,
      "cagr_to_strict_mdd": 3.276515470376713,
      "longs": 65,
      "mean_gross_bps": 33.4442425325072,
      "mean_net_bps": 10.67610846419874,
      "schedule_hash": "df2532e37bb49c142daa5be8f34272eefe1359ab1568d40225f0e489a3bdcc7b",
      "shorts": 66,
      "strict_mdd_pct": 9.281453963374265,
      "trades": 131,
      "win_rate": 0.48854961832061067
    },
    "fit_2023h1": {
      "absolute_return_pct": 40.84070068783197,
      "cagr_pct": 99.5845355087271,
      "cagr_to_strict_mdd": 15.76211620390828,
      "longs": 52,
      "mean_gross_bps": 77.98476979816122,
      "mean_net_bps": 32.95723112543249,
      "schedule_hash": "bb3941eadc83621a374e1b8a21c6e10225738ac7e5a843d2e374101a592a9bf4",
      "shorts": 55,
      "strict_mdd_pct": 6.317967347813025,
      "trades": 107,
      "win_rate": 0.5514018691588785
    },
    "full_2023": {
      "absolute_return_pct": 60.997490174312844,
      "cagr_pct": 61.050012436714574,
      "cagr_to_strict_mdd": 6.577634568638206,
      "longs": 117,
      "mean_gross_bps": 53.468765294797024,
      "mean_net_bps": 20.693251845509696,
      "schedule_hash": "ef974e101bf31f10e092f21d9752063eaf259b312510decdcfab841a84b6d570",
      "shorts": 121,
      "strict_mdd_pct": 9.281453963374254,
      "trades": 238,
      "win_rate": 0.5168067226890757
    },
    "q3_2023": {
      "absolute_return_pct": 1.9696427354168877,
      "cagr_pct": 8.051396586288263,
      "cagr_to_strict_mdd": 1.3521554258633364,
      "longs": 31,
      "mean_gross_bps": 18.246412382351224,
      "mean_net_bps": 3.222898317393943,
      "schedule_hash": "04877f5ff37b1864ea26f0728f67abf76e14fbaad2f3c6e0941f4089556add01",
      "shorts": 36,
      "strict_mdd_pct": 5.954490461884243,
      "trades": 67,
      "win_rate": 0.5074626865671642
    },
    "q4_2023": {
      "absolute_return_pct": 12.103721748020813,
      "cagr_pct": 57.39716899710925,
      "cagr_to_strict_mdd": 6.184070860406719,
      "longs": 34,
      "mean_gross_bps": 49.35447097095173,
      "mean_net_bps": 18.478687836634855,
      "schedule_hash": "0988e43567f94cb470605f8fe7dd45f15017436b360be6d16a2eb7c0bae2f426",
      "shorts": 30,
      "strict_mdd_pct": 9.281453963374265,
      "trades": 64,
      "win_rate": 0.46875
    }
  },
  "schema_version": 1,
  "source": {
    "credibility_sha256": "45026cc02620d9a0c67f250804f2a06705bf0e824f72257d6c2414f40ab7d429",
    "funding_prefix_hash": "7219667abc7fad53d1eab4afff223a0964a2965c90f952412fd4d8d22dc5ed44",
    "market_manifest_sha256": "c04fbbd299cc748a6745c0ef030787da4d560833c744c81c98dd8840efc7913e",
    "market_sha256": "e7a987ac662601bff445a23bb3c9aea736d14b8f7ef88d7e69794cdaf9d6c28d",
    "primary_schedule_hashes": {
      "catch": "066bf8e08267a043cc191eb436f0aa33105ab948de9f9f1edfde4d9c30de46d1",
      "clasp": "e166f4bd24afd5a2f129bcc26393ad4293ad0bc5792686b3b0fc4a805d53f9d5",
      "cspr": "353e14cc09b79960938802c9882ba36527e9f4c4819f8a492312fdefffdf1c0f",
      "luri": "50765cfed0c3ec6a0d1df18857c4e0a3e574d1aa449538c9b89cfac1fff67095",
      "rift": "83becb88da83ce55e235f10c2e91ed3a2ad478c6aea2e9298d37c43b36cfff00",
      "umfr": "ce86e517fe42d2f1b5a2f45594e280e9484cca312a270e19f0122ebe454ab53c"
    },
    "shells_sha256": "ead931ec8ce2bbd73c946b8660e16d7750ce73051e60ce4989467a7c5bc68342"
  },
  "stats": {
    "confirm_2023h2": {
      "absolute_return_pct": 4.548701807170508,
      "cagr_pct": 9.231666429956942,
      "cagr_to_strict_mdd": 0.6150915640692481,
      "longs": 131,
      "mean_gross_bps": 21.857120746782982,
      "mean_net_bps": 3.866059941314985,