{
  "candidate_stats": {
    "all_2023_2026h1": {
      "absolute_return_pct": 20.6122408510927,
      "cagr_pct": 5.638123044710608,
      "cagr_to_strict_mdd": 0.17090337633465214,
      "longs": 425,
      "mean_gross_bps": 17.73587946905785,
      "mean_net_bps": 2.920083042839661,
      "schedule_hash": "db5e55d501e9c92c2328e1972523cbee5dfd220a3d1c2e451b849da7f67668a3",
      "shorts": 462,
      "strict_mdd_pct": 32.990120883688064,
      "trades": 887,
      "win_rate": 0.4971815107102593
    },
    "eval_2025": {
      "absolute_return_pct": -5.706461954289832,
      "cagr_pct": -5.710256710013784,
      "cagr_to_strict_mdd": -0.2808462247354979,
      "longs": 125,
      "mean_gross_bps": 8.950490787548272,
      "mean_net_bps": -1.4905203006506895,
      "schedule_hash": "4fc6ed5cb9ac7630a777866e81f45a6dc0181fd3984d3c3b0fbcdddc0885995d",
      "shorts": 151,
      "strict_mdd_pct": 20.332324977455997,
      "trades": 276,
      "win_rate": 0.4963768115942029
    },
    "future_2025_2026h1": {
      "absolute_return_pct": -20.080727669830168,
      "cagr_pct": -14.645725223903106,
      "cagr_to_strict_mdd": -0.4709361013015308,
      "longs": 180,
      "mean_gross_bps": 1.9844485766935032,
      "mean_net_bps": -4.987432123031056,
      "schedule_hash": "f65751a13d4b298cb0c3b0908a12b2e481b009cdc88e85445985ee7ceacbf08c",
      "shorts": 215,
      "strict_mdd_pct": 31.09917711431884,
      "trades": 395,
      "win_rate": 0.4860759493670886
    },
    "holdout_2026h1": {
      "absolute_return_pct": -16.1205574459235,
      "cagr_pct": -34.45383821965592,
      "cagr_to_strict_mdd": -1.7322941839568848,
      "longs": 55,
      "mean_gross_bps": -15.915275254586142,
      "mean_net_bps": -13.971781062552141,
      "schedule_hash": "3ab106d406f0b1c4647d42646663f9eeee5e4e9f203e4b310a257dfce78ebd32",
      "shorts": 64,
      "strict_mdd_pct": 19.889138079859446,
      "trades": 119,
      "win_rate": 0.453781512605042
    },
    "oos_2024_2026h1": {
      "absolute_return_pct": -25.084396830965805,
      "cagr_pct": -11.260445749535808,
      "cagr_to_strict_mdd": -0.3413278111115857,
      "longs": 308,
      "mean_gross_bps": 4.631986053763666,
      "mean_net_bps": -3.597658367076291,
      "schedule_hash": "25e48f872641a618726e0de5990557cf3055483c943719fda6cc555567a99689",
      "shorts": 341,
      "strict_mdd_pct": 32.990120883687915,
      "trades": 649,
      "win_rate": 0.4899845916795069
    },
    "test_2024": {
      "absolute_return_pct": -6.26090430411349,
      "cagr_pct": -6.248484042258817,
      "cagr_to_strict_mdd": -0.206554564891172,
      "longs": 128,
      "mean_gross_bps": 8.749219531884586,
      "mean_net_bps": -1.4363960300600764,
      "schedule_hash": "bbb9d2b2a5c4f88aa97772ce5ace896da86a948bf277a96058b8e0c550723155",
      "shorts": 126,
      "strict_mdd_pct": 30.25100919725969,
      "trades": 254,
      "win_rate": 0.49606299212598426
    }
  },
  "future_book_manifest_sha256": "f16a82d45749f77961e987151805884c2911c6d8013b841e3e4120b941f5921f",
  "future_did_not_rerank": true,
  "future_policy_oos": true,
  "independence_pass": true,
  "mode": "cross_collateral_near_pressure_frozen_oos",
  "orthogonality": {
    "all_2023_2026h1": {
      "baseline_entries": 74,
      "baseline_entries_near_6h_fraction": 0.47297297297297297,
      "baseline_position_overlap_fraction": 0.6729189210853272,
      "candidate_entries": 887,
      "candidate_entries_near_6h_fraction": 0.03945885005636979,
      "candidate_position_overlap_fraction": 0.0657256044093699,
      "checks": {
        "absolute_daily_pnl_pearson": true,
        "candidate_entries_near_6h_fraction": true,
        "daily_pnl_correlation_defined": true,
        "exact_entry_jaccard": true,
        "position_jaccard": true
      },
      "daily_pnl_correlation": {
        "baseline_nonzero_days": 150,
        "candidate_nonzero_days": 1142,
        "defined": true,
        "pearson": -0.015441212060631237,
        "spearman": -0.01745373341756475
      },
      "exact_entry_jaccard": 0.0,
      "near_window_hours": 6.0,
      "passes_limits": true,
      "position_jaccard": 0.06369088488223446,
      "shared_exact_entries": 0
    },
    "eval_2025": {
      "baseline_entries": 21,
      "baseline_entries_near_6h_fraction": 0.47619047619047616,
      "baseline_position_overlap_fraction": 0.6856423173803526,
      "candidate_entries": 276,
      "candidate_entries_near_6h_fraction": 0.036231884057971016,
      "candidate_position_overlap_fraction": 0.06848832528180354,
      "checks": {
        "absolute_daily_pnl_pearson": true,
        "candidate_entries_near_6h_fraction": true,
        "daily_pnl_correlation_defined": true,
        "exact_entry_jaccard": true,
        "position_jaccard": true
      },
      "daily_pnl_correlation": {
        "baseline_nonzero_days": 45,
        "candidate_nonzero_days": 328,
        "defined": true,
        "pearson": 0.041545201072759844,
        "spearman": -0.02921270657802812
      },
      "exact_entry_jaccard": 0.0,
      "near_window_hours": 6.0,
      "passes_limits": true,
      "position_jaccard": 0.0664032006245121,
      "shared_exact_entries": 0
    },
    "future_2025_2026h1": {
      "baseline_entries": 33,
      "baseline_entries_near_6h_fraction": 0.5454545454545454,
      "baseline_position_overlap_fraction": 0.7242053054783196,
      "candidate_entries": 395,
      "candidate_entries_near_6h_fraction": 0.04556962025316456,
      "candidate_position_overlap_fraction": 0.0847134317862166,
      "checks": {
        "absolute_daily_pnl_pearson": true,
        "candidate_entries_near_6h_fraction": true,
        "daily_pnl_correlation_defined": true,
        "exact_entry_jaccard": true,
        "position_jaccard": true
      },
      "daily_pnl_correlation": {
        "baseline_nonzero_days": 75,
        "candidate_nonzero_days": 475,
        "defined": true,
        "pearson": -0.07350562230753648,
        "spearman": -0.0785063755943326
      },
      "exact_entry_jaccard": 0.0,
      "near_window_hours": 6.0,
      "passes_limits": true,
      "position_jaccard": 0.08206591160691476,
      "shared_exact_entries": 0
    },
    "holdout_2026h1": {
      "baseline_entries": 12,
      "baseline_entries_near_6h_fraction": 0.6666666666666666,
      "baseline_position_overlap_fraction": 0.781255822619713,
      "candidate_entries": 119,
      "candidate_entries_near_6h_fraction": 0.06722689075630252,
      "candidate_position_overlap_fraction": 0.12234477124183006,
      "checks": {
        "absolute_daily_pnl_pearson": true,
        "candidate_entries_near_6h_fraction": true,
        "daily_pnl_correlation_defined": true,
        "exact_entry_jaccard": true,
        "position_jaccard": true
      },
      "daily_pnl_correlation": {
        "baseline_nonzero_days": 30,
        "candidate_nonzero_days": 147,
        "defined": true,
        "pearson": -0.26769180291937067,
        "spearman": -0.17765795685595515
      },
      "exact_entry_jaccard": 0.0,
      "near_window_hours": 6.0,
      "passes_limits": true,
      "position_jaccard": 0.11829261411724877,
      "shared_exact_entries": 0
    },
    "oos_2024_2026h1": {
      "baseline_entries": 55,
      "baseline_entries_near_6h_fraction": 0.509090909090909,
      "baseline_position_overlap_fraction": 0.6631026631026631,
      "candidate_entries": 649,
      "candidate_entries_near_6h_fraction": 0.04314329738058552,
      "candidate_position_overlap_fraction": 0.07167009073788735,
      "checks": {
        "absolute_daily_pnl_pearson": true,
        "candidate_entries_near_6h_fraction": true,
        "daily_pnl_correlation_defined": true,
        "exact_entry_jaccard": true,
        "position_jaccard": true
      },
      "daily_pnl_correlation": {
        "baseline_nonzero_days": 116,
        "candidate_nonzero_days": 814,
        "defined": true,
        "pearson": -0.04055371994377356,
        "spearman": -0.045216896603715626
      },