policy,anchor_position,signal_position,entry_position,exit_position,anchor_date,signal_date,entry_date,exit_date,side,hold_bars
primary,78048,78057,78058,78106,2020-09-28 00:00:00,2020-09-28 00:45:00,2020-09-28 00:50:00,2020-09-28 04:50:00,1,48
direction_flip,78048,78057,78058,78106,2020-09-28 00:00:00,2020-09-28 00:45:00,2020-09-28 00:50:00,2020-09-28 04:50:00,-1,48
immediate_shock,2186,2186,2187,2235,2020-01-08 14:10:00,2020-01-08 14:10:00,2020-01-08 14:15:00,2020-01-08 18:15:00,-1,48
immediate_shock,2556,2556,2557,2605,2020-01-09 21:00:00,2020-01-09 21:00:00,2020-01-09 21:05:00,2020-01-10 01:05:00,-1,48
immediate_shock,3140,3140,3141,3189,2020-01-11 21:40:00,2020-01-11 21:40:00,2020-01-11 21:45:00,2020-01-12 01:45:00,1,48
immediate_shock,3895,3895,3896,3944,2020-01-14 12:35:00,2020-01-14 12:35:00,2020-01-14 12:40:00,2020-01-14 16:40:00,-1,48
immediate_shock,4201,4201,4202,4250,2020-01-15 14:05:00,2020-01-15 14:05:00,2020-01-15 14:10:00,2020-01-15 18:10:00,-1,48
immediate_shock,5316,5316,5317,5365,2020-01-19 11:00:00,2020-01-19 11:00:00,2020-01-19 11:05:00,2020-01-19 15:05:00,-1,48
immediate_shock,5450,5450,5451,5499,2020-01-19 22:10:00,2020-01-19 22:10:00,2020-01-19 22:15:00,2020-01-20 02:15:00,-1,48
immediate_shock,6000,6000,6001,6049,2020-01-21 20:00:00,2020-01-21 20:00:00,2020-01-21 20:05:00,2020-01-22 00:05:00,1,48
immediate_shock,7405,7405,7406,7454,2020-01-26 17:05:00,2020-01-26 17:05:00,2020-01-26 17:10:00,2020-01-26 21:10:00,1,48
immediate_shock,7715,7715,7716,7764,2020-01-27 18:55:00,2020-01-27 18:55:00,2020-01-27 19:00:00,2020-01-27 23:00:00,1,48
immediate_shock,8197,8197,8198,8246,2020-01-29 11:05:00,2020-01-29 11:05:00,2020-01-29 11:10:00,2020-01-29 15:10:00,-1,48
immediate_shock,9522,9522,9523,9571,2020-02-03 01:30:00,2020-02-03 01:30:00,2020-02-03 01:35:00,2020-02-03 05:35:00,1,48
immediate_shock,11591,11591,11592,11640,2020-02-10 05:55:00,2020-02-10 05:55:00,2020-02-10 06:00:00,2020-02-10 10:00:00,-1,48
immediate_shock,11996,11996,11997,12045,2020-02-11 15:40:00,2020-02-11 15:40:00,2020-02-11 15:45:00,2020-02-11 19:45:00,1,48
immediate_shock,12188,12188,12189,12237,2020-02-12 07:40:00,2020-02-12 07:40:00,2020-02-12 07:45:00,2020-02-12 11:45:00,1,48
immediate_shock,12471,12471,12472,12520,2020-02-13 07:15:00,2020-02-13 07:15:00,2020-02-13 07:20:00,2020-02-13 11:20:00,-1,48
immediate_shock,12547,12547,12548,12596,2020-02-13 13:35:00,2020-02-13 13:35:00,2020-02-13 13:40:00,2020-02-13 17:40:00,1,48
immediate_shock,13150,13150,13151,13199,2020-02-15 15:50:00,2020-02-15 15:50:00,2020-02-15 15:55:00,2020-02-15 19:55:00,-1,48
immediate_shock,13443,13443,13444,13492,2020-02-16 16:15:00,2020-02-16 16:15:00,2020-02-16 16:20:00,2020-02-16 20:20:00,-1,48
immediate_shock,14008,14008,14009,14057,2020-02-18 15:20:00,2020-02-18 15:20:00,2020-02-18 15:25:00,2020-02-18 19:25:00,1,48
immediate_shock,14255,14255,14256,14304,2020-02-19 11:55:00,2020-02-19 11:55:00,2020-02-19 12:00:00,2020-02-19 16:00:00,1,48
immediate_shock,14370,14370,14371,14419,2020-02-19 21:30:00,2020-02-19 21:30:00,2020-02-19 21:35:00,2020-02-20 01:35:00,-1,48
immediate_shock,14599,14599,14600,14648,2020-02-20 16:35:00,2020-02-20 16:35:00,2020-02-20 16:40:00,2020-02-20 20:40:00,-1,48
immediate_shock,14928,14928,14929,14977,2020-02-21 20:00:00,2020-02-21 20:00:00,2020-02-21 20:05:00,2020-02-22 00:05:00,-1,48
immediate_shock,15312,15312,15313,15361,2020-02-23 04:00:00,2020-02-23 04:00:00,2020-02-23 04:05:00,2020-02-23 08:05:00,1,48
immediate_shock,15583,15583,15584,15632,2020-02-24 02:35:00,2020-02-24 02:35:00,2020-02-24 02:40:00,2020-02-24 06:40:00,-1,48
immediate_shock,15768,15768,15769,15817,2020-02-24 18:00:00,2020-02-24 18:00:00,2020-02-24 18:05:00,2020-02-24 22:05:00,-1,48
immediate_shock,16321,16321,16322,16370,2020-02-26 16:05:00,2020-02-26 16:05:00,2020-02-26 16:10:00,2020-02-26 20:10:00,-1,48
immediate_shock,16567,16567,16568,16616,2020-02-27 12:35:00,2020-02-27 12:35:00,2020-02-27 12:40:00,2020-02-27 16:40:00,-1,48
immediate_shock,16687,16687,16688,16736,2020-02-27 22:35:00,2020-02-27 22:35:00,2020-02-27 22:40:00,2020-02-28 02:40:00,1,48
immediate_shock,16917,16917,16918,16966,2020-02-28 17:45:00,2020-02-28 17:45:00,2020-02-28 17:50:00,2020-02-28 21:50:00,1,48
immediate_shock,17424,17424,17425,17473,2020-03-01 12:00:00,2020-03-01 12:00:00,2020-03-01 12:05:00,2020-03-01 16:05:00,1,48
immediate_shock,17478,17478,17479,17527,2020-03-01 16:30:00,2020-03-01 16:30:00,2020-03-01 16:35:00,2020-03-01 20:35:00,-1,48
immediate_shock,18036,18036,18037,18085,2020-03-03 15:00:00,2020-03-03 15:00:00,2020-03-03 15:05:00,2020-03-03 19:05:00,1,48
immediate_shock,18545,18545,18546,18594,2020-03-05 09:25:00,2020-03-05 09:25:00,2020-03-05 09:30:00,2020-03-05 13:30:00,1,48
immediate_shock,19208,19208,19209,19257,2020-03-07 16:40:00,2020-03-07 16:40:00,2020-03-07 16:45:00,2020-03-07 20:45:00,-1,48
immediate_shock,19482,19482,19483,19531,2020-03-08 15:30:00,2020-03-08 15:30:00,2020-03-08 15:35:00,2020-03-08 19:35:00,-1,48
immediate_shock,19581,19581,19582,19630,2020-03-08 23:45:00,2020-03-08 23:45:00,2020-03-08 23:50:00,2020-03-09 03:50:00,-1,48
immediate_shock,20036,20036,20037,20085,2020-03-10 13:40:00,2020-03-10 13:40:00,2020-03-10 13:45:00,2020-03-10 17:45:00,-1,48
immediate_shock,20261,20261,20262,20310,2020-03-11 08:25:00,2020-03-11 08:25:00,2020-03-11 08:30:00,2020-03-11 12:30:00,-1,48
immediate_shock,20382,20382,20383,20431,2020-03-11 18:30:00,2020-03-11 18:30:00,2020-03-11 18:35:00,2020-03-11 22:35:00,1,48
immediate_shock,20474,20474,20475,20523,2020-03-12 02:10:00,2020-03-12 02:10:00,2020-03-12 02:15:00,2020-03-12 06:15:00,-1,48
immediate_shock,20574,20574,20575,20623,2020-03-12 10:30:00,2020-03-12 10:30:00,2020-03-12 10:35:00,2020-03-12 14:35:00,-1,48
immediate_shock,20758,20758,20759,20807,2020-03-13 01:50:00,2020-03-13 01:50:00,2020-03-13 01:55:00,2020-03-13 05:55:00,-1,48
immediate_shock,21720,21720,21721,21769,2020-03-16 10:00:00,2020-03-16 10:00:00,2020-03-16 10:05:00,2020-03-16 14:05:00,-1,48
immediate_shock,21836,21836,21837,21885,2020-03-16 19:40:00,2020-03-16 19:40:00,2020-03-16 19:45:00,2020-03-16 23:45:00,1,48
immediate_shock,22337,22337,22338,22386,2020-03-18 13:25:00,2020-03-18 13:25:00,2020-03-18 13:30:00,2020-03-18 17:30:00,1,48
immediate_shock,22851,22851,22852,22900,2020-03-20 08:15:00,2020-03-20 08:15:00,2020-03-20 08:20:00,2020-03-20 12:20:00,1,48
immediate_shock,23010,23010,23011,23059,2020-03-20 21:30:00,2020-03-20 21:30:00,2020-03-20 21:35:00,2020-03-21 01:35:00,1,48
immediate_shock,25052,25052,25053,25101,2020-03-27 23:40:00,2020-03-27 23:40:00,2020-03-27 23:45:00,2020-03-28 03:45:00,-1,48
immediate_shock,26700,26700,26701,26749,2020-04-02 17:00:00,2020-04-02 17:00:00,2020-04-02 17:05:00,2020-04-02 21:05:00,1,48
immediate_shock,29669,29669,29670,29718,2020-04-13 00:25:00,2020-04-13 00:25:00,2020-04-13 00:30:00,2020-04-13 04:30:00,-1,48
immediate_shock,30630,30630,30631,30679,2020-04-16 08:30:00,2020-04-16 08:30:00,2020-04-16 08:35:00,2020-04-16 12:35:00,1,48
immediate_shock,32713,32713,32714,32762,2020-04-23 14:05:00,2020-04-23 14:05:00,2020-04-23 14:10:00,2020-04-23 18:10:00,1,48
immediate_shock,33589,33589,33590,33638,2020-04-26 15:05:00,2020-04-26 15:05:00,2020-04-26 15:10:00,2020-04-26 19:10:00,-1,48
immediate_shock,34428,34428,34429,34477,2020-04-29 13:00:00,2020-04-29 13:00:00,2020-04-29 13:05:00,2020-04-29 17:05:00,1,48
immediate_shock,34484,34484,34485,34533,2020-04-29 17:40:00,2020-04-29 17:40:00,2020-04-29 17:45:00,2020-04-29 21:45:00,1,48
immediate_shock,34601,34601,34602,34650,2020-04-30 03:25:00,2020-04-30 03:25:00,2020-04-30 03:30:00,2020-04-30 07:30:00,1,48
immediate_shock,34679,34679,34680,34728,2020-04-30 09:55:00,2020-04-30 09:55:00,2020-04-30 10:00:00,2020-04-30 14:00:00,-1,48
immediate_shock,35430,35430,35431,35479,2020-05-03 00:30:00,2020-05-03 00:30:00,2020-05-03 00:35:00,2020-05-03 04:35:00,1,48
immediate_shock,35498,35498,35499,35547,2020-05-03 06:10:00,2020-05-03 06:10:00,2020-05-03 06:15:00,2020-05-03 10:15:00,-1,48
immediate_shock,36120,36120,36121,36169,2020-05-05 10:00:00,2020-05-05 10:00:00,2020-05-05 10:05:00,2020-05-05 14:05:00,-1,48
immediate_shock,36736,36736,36737,36785,2020-05-07 13:20:00,2020-05-07 13:20:00,2020-05-07 13:25:00,2020-05-07 17:25:00,1,48
immediate_shock,37008,37008,37009,37057,2020-05-08 12:00:00,2020-05-08 12:00:00,2020-05-08 12:05:00,2020-05-08 16:05:00,-1,48
immediate_shock,37442,37442,37443,37491,2020-05-10 00:10:00,2020-05-10 00:10:00,2020-05-10 00:15:00,2020-05-10 04:15:00,-1,48
immediate_shock,37639,37639,37640,37688,2020-05-10 16:35:00,2020-05-10 16:35:00,2020-05-10 16:40:00,2020-05-10 20:40:00,-1,48
immediate_shock,37870,37870,37871,37919,2020-05-11 11:50:00,2020-05-11 11:50:00,2020-05-11 11:55:00,2020-05-11 15:55:00,1,48
immediate_shock,37927,37927,37928,37976,2020-05-11 16:35:00,2020-05-11 16:35:00,2020-05-11 16:40:00,2020-05-11 20:40:00,-1,48
immediate_shock,38836,38836,38837,38885,2020-05-14 20:20:00,2020-05-14 20:20:00,2020-05-14 20:25:00,2020-05-15 00:25:00,1,48
immediate_shock,38910,38910,38911,38959,2020-05-15 02:30:00,2020-05-15 02:30:00,2020-05-15 02:35:00,2020-05-15 06:35:00,-1,48
immediate_shock,39127,39127,39128,39176,2020-05-15 20:35:00,2020-05-15 20:35:00,2020-05-15 20:40:00,2020-05-16 00:40:00,-1,48
immediate_shock,39849,39849,39850,39898,2020-05-18 08:45:00,2020-05-18 08:45:00,2020-05-18 08:50:00,2020-05-18 12:50:00,-1,48
immediate_shock,40128,40128,40129,40177,2020-05-19 08:00:00,2020-05-19 08:00:00,2020-05-19 08:05:00,2020-05-19 12:05:00,1,48
immediate_shock,40503,40503,40504,40552,2020-05-20 15:15:00,2020-05-20 15:15:00,2020-05-20 15:20:00,2020-05-20 19:20:00,-1,48
immediate_shock,40836,40836,40837,40885,2020-05-21 19:00:00,2020-05-21 19:00:00,2020-05-21 19:05:00,2020-05-21 23:05:00,1,48
immediate_shock,41754,41754,41755,41803,2020-05-24 23:30:00,2020-05-24 23:30:00,2020-05-24 23:35:00,2020-05-25 03:35:00,-1,48
immediate_shock,43472,43472,43473,43521,2020-05-30 22:40:00,2020-05-30 22:40:00,2020-05-30 22:45:00,2020-05-31 02:45:00,1,48
immediate_shock,44052,44052,44053,44101,2020-06-01 23:00:00,2020-06-01 23:00:00,2020-06-01 23:05:00,2020-06-02 03:05:00,1,48
immediate_shock,44241,44241,44242,44290,2020-06-02 14:45:00,2020-06-02 14:45:00,2020-06-02 14:50:00,2020-06-02 18:50:00,-1,48
immediate_shock,46084,46084,46085,46133,2020-06-09 00:20:00,2020-06-09 00:20:00,2020-06-09 00:25:00,2020-06-09 04:25:00,-1,48
immediate_shock,46594,46594,46595,46643,2020-06-10 18:50:00,2020-06-10 18:50:00,2020-06-10 18:55:00,2020-06-10 22:55:00,-1,48
immediate_shock,46731,46731,46732,46780,2020-06-11 06:15:00,2020-06-11 06:15:00,2020-06-11 06:20:00,2020-06-11 10:20:00,-1,48
immediate_shock,46858,46858,46859,46907,2020-06-11 16:50:00,2020-06-11 16:50:00,2020-06-11 16:55:00,2020-06-11 20:55:00,-1,48
immediate_shock,47789,47789,47790,47838,2020-06-14 22:25:00,2020-06-14 22:25:00,2020-06-14 22:30:00,2020-06-15 02:30:00,1,48
immediate_shock,47877,47877,47878,47926,2020-06-15 05:45:00,2020-06-15 05:45:00,2020-06-15 05:50:00,2020-06-15 09:50:00,-1,48
immediate_shock,48133,48133,48134,48182,2020-06-16 03:05:00,2020-06-16 03:05:00,2020-06-16 03:10:00,2020-06-16 07:10:00,1,48
immediate_shock,50077,50077,50078,50126,2020-06-22 21:05:00,2020-06-22 21:05:00,2020-06-22 21:10:00,2020-06-23 01:10:00,1,48
immediate_shock,50527,50527,50528,50576,2020-06-24 10:35:00,2020-06-24 10:35:00,2020-06-24 10:40:00,2020-06-24 14:40:00,-1,48
immediate_shock,50784,50784,50785,50833,2020-06-25 08:00:00,2020-06-25 08:00:00,2020-06-25 08:05:00,2020-06-25 12:05:00,1,48
immediate_shock,51091,51091,51092,51140,2020-06-26 09:35:00,2020-06-26 09:35:00,2020-06-26 09:40:00,2020-06-26 13:40:00,1,48
immediate_shock,51156,51156,51157,51205,2020-06-26 15:00:00,2020-06-26 15:00:00,2020-06-26 15:05:00,2020-06-26 19:05:00,1,48
immediate_shock,51501,51501,51502,51550,2020-06-27 19:45:00,2020-06-27 19:45:00,2020-06-27 19:50:00,2020-06-27 23:50:00,-1,48
immediate_shock,51722,51722,51723,51771,2020-06-28 14:10:00,2020-06-28 14:10:00,2020-06-28 14:15:00,2020-06-28 18:15:00,1,48
immediate_shock,52580,52580,52581,52629,2020-07-01 13:40:00,2020-07-01 13:40:00,2020-07-01 13:45:00,2020-07-01 17:45:00,1,48
immediate_shock,52884,52884,52885,52933,2020-07-02 15:00:00,2020-07-02 15:00:00,2020-07-02 15:05:00,2020-07-02 19:05:00,-1,48
immediate_shock,53490,53490,53491,53539,2020-07-04 17:30:00,2020-07-04 17:30:00,2020-07-04 17:35:00,2020-07-04 21:35:00,1,48
immediate_shock,53823,53823,53824,53872,2020-07-05 21:15:00,2020-07-05 21:15:00,2020-07-05 21:20:00,2020-07-06 01:20:00,-1,48
immediate_shock,54598,54598,54599,54647,2020-07-08 13:50:00,2020-07-08 13:50:00,2020-07-08 13:55:00,2020-07-08 17:55:00,1,48
immediate_shock,55743,55743,55744,55792,2020-07-12 13:15:00,2020-07-12 13:15:00,2020-07-12 13:20:00,2020-07-12 17:20:00,1,48
immediate_shock,58267,58267,58268,58316,2020-07-21 07:35:00,2020-07-21 07:35:00,2020-07-21 07:40:00,2020-07-21 11:40:00,1,48
immediate_shock,58733,58733,58734,58782,2020-07-22 22:25:00,2020-07-22 22:25:00,2020-07-22 22:30:00,2020-07-23 02:30:00,1,48
immediate_shock,58955,58955,58956,59004,2020-07-23 16:55:00,2020-07-23 16:55:00,2020-07-23 17:00:00,2020-07-23 21:00:00,1,48
immediate_shock,59536,59536,59537,59585,2020-07-25 17:20:00,2020-07-25 17:20:00,2020-07-25 17:25:00,2020-07-25 21:25:00,1,48
immediate_shock,59736,59736,59737,59785,2020-07-26 10:00:00,2020-07-26 10:00:00,2020-07-26 10:05:00,2020-07-26 14:05:00,1,48
immediate_shock,59915,59915,59916,59964,2020-07-27 00:55:00,2020-07-27 00:55:00,2020-07-27 01:00:00,2020-07-27 05:00:00,-1,48
immediate_shock,60105,60105,60106,60154,2020-07-27 16:45:00,2020-07-27 16:45:00,2020-07-27 16:50:00,2020-07-27 20:50:00,1,48
immediate_shock,60166,60166,60167,60215,2020-07-27 21:50:00,2020-07-27 21:50:00,2020-07-27 21:55:00,2020-07-28 01:55:00,1,48
immediate_shock,60593,60593,60594,60642,2020-07-29 09:25:00,2020-07-29 09:25:00,2020-07-29 09:30:00,2020-07-29 13:30:00,-1,48
immediate_shock,60656,60656,60657,60705,2020-07-29 14:40:00,2020-07-29 14:40:00,2020-07-29 14:45:00,2020-07-29 18:45:00,1,48
immediate_shock,60742,60742,60743,60791,2020-07-29 21:50:00,2020-07-29 21:50:00,2020-07-29 21:55:00,2020-07-30 01:55:00,1,48
immediate_shock,61414,61414,61415,61463,2020-08-01 05:50:00,2020-08-01 05:50:00,2020-08-01 05:55:00,2020-08-01 09:55:00,1,48
immediate_shock,61687,61687,61688,61736,2020-08-02 04:35:00,2020-08-02 04:35:00,2020-08-02 04:40:00,2020-08-02 08:40:00,-1,48
immediate_shock,61771,61771,61772,61820,2020-08-02 11:35:00,2020-08-02 11:35:00,2020-08-02 11:40:00,2020-08-02 15:40:00,-1,48
immediate_shock,61920,61920,61921,61969,2020-08-03 00:00:00,2020-08-03 00:00:00,2020-08-03 00:05:00,2020-08-03 04:05:00,-1,48
immediate_shock,62183,62183,62184,62232,2020-08-03 21:55:00,2020-08-03 21:55:00,2020-08-03 22:00:00,2020-08-04 02:00:00,-1,48
immediate_shock,62350,62350,62351,62399,2020-08-04 11:50:00,2020-08-04 11:50:00,2020-08-04 11:55:00,2020-08-04 15:55:00,-1,48
immediate_shock,62648,62648,62649,62697,2020-08-05 12:40:00,2020-08-05 12:40:00,2020-08-05 12:45:00,2020-08-05 16:45:00,1,48
immediate_shock,62760,62760,62761,62809,2020-08-05 22:00:00,2020-08-05 22:00:00,2020-08-05 22:05:00,2020-08-06 02:05:00,-1,48
immediate_shock,63960,63960,63961,64009,2020-08-10 02:00:00,2020-08-10 02:00:00,2020-08-10 02:05:00,2020-08-10 06:05:00,1,48
immediate_shock,64061,64061,64062,64110,2020-08-10 10:25:00,2020-08-10 10:25:00,2020-08-10 10:30:00,2020-08-10 14:30:00,-1,48
immediate_shock,64406,64406,64407,64455,2020-08-11 15:10:00,2020-08-11 15:10:00,2020-08-11 15:15:00,2020-08-11 19:15:00,-1,48
immediate_shock,64467,64467,64468,64516,2020-08-11 20:15:00,2020-08-11 20:15:00,2020-08-11 20:20:00,2020-08-12 00:20:00,-1,48
immediate_shock,66112,66112,66113,66161,2020-08-17 13:20:00,2020-08-17 13:20:00,2020-08-17 13:25:00,2020-08-17 17:25:00,1,48
immediate_shock,66410,66410,66411,66459,2020-08-18 14:10:00,2020-08-18 14:10:00,2020-08-18 14:15:00,2020-08-18 18:15:00,-1,48
immediate_shock,69714,69714,69715,69763,2020-08-30 01:30:00,2020-08-30 01:30:00,2020-08-30 01:35:00,2020-08-30 05:35:00,1,48
immediate_shock,70685,70685,70686,70734,2020-09-02 10:25:00,2020-09-02 10:25:00,2020-09-02 10:30:00,2020-09-02 14:30:00,-1,48
immediate_shock,70942,70942,70943,70991,2020-09-03 07:50:00,2020-09-03 07:50:00,2020-09-03 07:55:00,2020-09-03 11:55:00,1,48
immediate_shock,70994,70994,70995,71043,2020-09-03 12:10:00,2020-09-03 12:10:00,2020-09-03 12:15:00,2020-09-03 16:15:00,-1,48
immediate_shock,71129,71129,71130,71178,2020-09-03 23:25:00,2020-09-03 23:25:00,2020-09-03 23:30:00,2020-09-04 03:30:00,-1,48
immediate_shock,71570,71570,71571,71619,2020-09-05 12:10:00,2020-09-05 12:10:00,2020-09-05 12:15:00,2020-09-05 16:15:00,-1,48
immediate_shock,71650,71650,71651,71699,2020-09-05 18:50:00,2020-09-05 18:50:00,2020-09-05 18:55:00,2020-09-05 22:55:00,-1,48
immediate_shock,72270,72270,72271,72319,2020-09-07 22:30:00,2020-09-07 22:30:00,2020-09-07 22:35:00,2020-09-08 02:35:00,1,48
immediate_shock,72558,72558,72559,72607,2020-09-08 22:30:00,2020-09-08 22:30:00,2020-09-08 22:35:00,2020-09-09 02:35:00,1,48
immediate_shock,73771,73771,73772,73820,2020-09-13 03:35:00,2020-09-13 03:35:00,2020-09-13 03:40:00,2020-09-13 07:40:00,1,48
immediate_shock,73866,73866,73867,73915,2020-09-13 11:30:00,2020-09-13 11:30:00,2020-09-13 11:35:00,2020-09-13 15:35:00,-1,48
immediate_shock,75891,75891,75892,75940,2020-09-20 12:15:00,2020-09-20 12:15:00,2020-09-20 12:20:00,2020-09-20 16:20:00,-1,48
immediate_shock,76837,76837,76838,76886,2020-09-23 19:05:00,2020-09-23 19:05:00,2020-09-23 19:10:00,2020-09-23 23:10:00,-1,48
immediate_shock,77088,77088,77089,77137,2020-09-24 16:00:00,2020-09-24 16:00:00,2020-09-24 16:05:00,2020-09-24 20:05:00,1,48
immediate_shock,78048,78048,78049,78097,2020-09-28 00:00:00,2020-09-28 00:00:00,2020-09-28 00:05:00,2020-09-28 04:05:00,1,48
immediate_shock,78327,78327,78328,78376,2020-09-28 23:15:00,2020-09-28 23:15:00,2020-09-28 23:20:00,2020-09-29 03:20:00,-1,48
immediate_shock,79107,79107,79108,79156,2020-10-01 16:15:00,2020-10-01 16:15:00,2020-10-01 16:20:00,2020-10-01 20:20:00,-1,48
immediate_shock,79264,79264,79265,79313,2020-10-02 05:20:00,2020-10-02 05:20:00,2020-10-02 05:25:00,2020-10-02 09:25:00,-1,48
immediate_shock,80579,80579,80580,80628,2020-10-06 18:55:00,2020-10-06 18:55:00,2020-10-06 19:00:00,2020-10-06 23:00:00,-1,48
immediate_shock,81103,81103,81104,81152,2020-10-08 14:35:00,2020-10-08 14:35:00,2020-10-08 14:40:00,2020-10-08 18:40:00,1,48
immediate_shock,81344,81344,81345,81393,2020-10-09 10:40:00,2020-10-09 10:40:00,2020-10-09 10:45:00,2020-10-09 14:45:00,1,48
immediate_shock,81529,81529,81530,81578,2020-10-10 02:05:00,2020-10-10 02:05:00,2020-10-10 02:10:00,2020-10-10 06:10:00,1,48
immediate_shock,81813,81813,81814,81862,2020-10-11 01:45:00,2020-10-11 01:45:00,2020-10-11 01:50:00,2020-10-11 05:50:00,1,48
immediate_shock,82208,82208,82209,82257,2020-10-12 10:40:00,2020-10-12 10:40:00,2020-10-12 10:45:00,2020-10-12 14:45:00,-1,48
immediate_shock,82266,82266,82267,82315,2020-10-12 15:30:00,2020-10-12 15:30:00,2020-10-12 15:35:00,2020-10-12 19:35:00,1,48
immediate_shock,82336,82336,82337,82385,2020-10-12 21:20:00,2020-10-12 21:20:00,2020-10-12 21:25:00,2020-10-13 01:25:00,1,48
immediate_shock,82491,82491,82492,82540,2020-10-13 10:15:00,2020-10-13 10:15:00,2020-10-13 10:20:00,2020-10-13 14:20:00,1,48
immediate_shock,82829,82829,82830,82878,2020-10-14 14:25:00,2020-10-14 14:25:00,2020-10-14 14:30:00,2020-10-14 18:30:00,-1,48
immediate_shock,83092,83092,83093,83141,2020-10-15 12:20:00,2020-10-15 12:20:00,2020-10-15 12:25:00,2020-10-15 16:25:00,1,48
immediate_shock,83142,83142,83143,83191,2020-10-15 16:30:00,2020-10-15 16:30:00,2020-10-15 16:35:00,2020-10-15 20:35:00,-1,48
immediate_shock,83196,83196,83197,83245,2020-10-15 21:00:00,2020-10-15 21:00:00,2020-10-15 21:05:00,2020-10-16 01:05:00,-1,48
immediate_shock,83280,83280,83281,83329,2020-10-16 04:00:00,2020-10-16 04:00:00,2020-10-16 04:05:00,2020-10-16 08:05:00,-1,48
immediate_shock,84252,84252,84253,84301,2020-10-19 13:00:00,2020-10-19 13:00:00,2020-10-19 13:05:00,2020-10-19 17:05:00,1,48
immediate_shock,84516,84516,84517,84565,2020-10-20 11:00:00,2020-10-20 11:00:00,2020-10-20 11:05:00,2020-10-20 15:05:00,1,48
immediate_shock,84820,84820,84821,84869,2020-10-21 12:20:00,2020-10-21 12:20:00,2020-10-21 12:25:00,2020-10-21 16:25:00,1,48
immediate_shock,84928,84928,84929,84977,2020-10-21 21:20:00,2020-10-21 21:20:00,2020-10-21 21:25:00,2020-10-22 01:25:00,1,48
immediate_shock,85068,85068,85069,85117,2020-10-22 09:00:00,2020-10-22 09:00:00,2020-10-22 09:05:00,2020-10-22 13:05:00,-1,48
immediate_shock,85235,85235,85236,85284,2020-10-22 22:55:00,2020-10-22 22:55:00,2020-10-22 23:00:00,2020-10-23 03:00:00,-1,48
immediate_shock,85706,85706,85707,85755,2020-10-24 14:10:00,2020-10-24 14:10:00,2020-10-24 14:15:00,2020-10-24 18:15:00,1,48
immediate_shock,85866,85866,85867,85915,2020-10-25 03:30:00,2020-10-25 03:30:00,2020-10-25 03:35:00,2020-10-25 07:35:00,1,48
immediate_shock,86310,86310,86311,86359,2020-10-26 16:30:00,2020-10-26 16:30:00,2020-10-26 16:35:00,2020-10-26 20:35:00,-1,48
immediate_shock,86724,86724,86725,86773,2020-10-28 03:00:00,2020-10-28 03:00:00,2020-10-28 03:05:00,2020-10-28 07:05:00,-1,48
immediate_shock,87126,87126,87127,87175,2020-10-29 12:30:00,2020-10-29 12:30:00,2020-10-29 12:35:00,2020-10-29 16:35:00,1,48
immediate_shock,87273,87273,87274,87322,2020-10-30 00:45:00,2020-10-30 00:45:00,2020-10-30 00:50:00,2020-10-30 04:50:00,1,48
immediate_shock,87592,87592,87593,87641,2020-10-31 03:20:00,2020-10-31 03:20:00,2020-10-31 03:25:00,2020-10-31 07:25:00,-1,48
immediate_shock,87670,87670,87671,87719,2020-10-31 09:50:00,2020-10-31 09:50:00,2020-10-31 09:55:00,2020-10-31 13:55:00,1,48
immediate_shock,88231,88231,88232,88280,2020-11-02 08:35:00,2020-11-02 08:35:00,2020-11-02 08:40:00,2020-11-02 12:40:00,-1,48
immediate_shock,88577,88577,88578,88626,2020-11-03 13:25:00,2020-11-03 13:25:00,2020-11-03 13:30:00,2020-11-03 17:30:00,1,48
immediate_shock,88695,88695,88696,88744,2020-11-03 23:15:00,2020-11-03 23:15:00,2020-11-03 23:20:00,2020-11-04 03:20:00,1,48
immediate_shock,88797,88797,88798,88846,2020-11-04 07:45:00,2020-11-04 07:45:00,2020-11-04 07:50:00,2020-11-04 11:50:00,-1,48
immediate_shock,88908,88908,88909,88957,2020-11-04 17:00:00,2020-11-04 17:00:00,2020-11-04 17:05:00,2020-11-04 21:05:00,1,48
immediate_shock,89157,89157,89158,89206,2020-11-05 13:45:00,2020-11-05 13:45:00,2020-11-05 13:50:00,2020-11-05 17:50:00,-1,48
immediate_shock,89260,89260,89261,89309,2020-11-05 22:20:00,2020-11-05 22:20:00,2020-11-05 22:25:00,2020-11-06 02:25:00,1,48
immediate_shock,89794,89794,89795,89843,2020-11-07 18:50:00,2020-11-07 18:50:00,2020-11-07 18:55:00,2020-11-07 22:55:00,-1,48
immediate_shock,90286,90286,90287,90335,2020-11-09 11:50:00,2020-11-09 11:50:00,2020-11-09 11:55:00,2020-11-09 15:55:00,1,48
immediate_shock,91126,91126,91127,91175,2020-11-12 09:50:00,2020-11-12 09:50:00,2020-11-12 09:55:00,2020-11-12 13:55:00,1,48
immediate_shock,91885,91885,91886,91934,2020-11-15 01:05:00,2020-11-15 01:05:00,2020-11-15 01:10:00,2020-11-15 05:10:00,-1,48
immediate_shock,92421,92421,92422,92470,2020-11-16 21:45:00,2020-11-16 21:45:00,2020-11-16 21:50:00,2020-11-17 01:50:00,-1,48
immediate_shock,92802,92802,92803,92851,2020-11-18 05:30:00,2020-11-18 05:30:00,2020-11-18 05:35:00,2020-11-18 09:35:00,-1,48
immediate_shock,93153,93153,93154,93202,2020-11-19 10:45:00,2020-11-19 10:45:00,2020-11-19 10:50:00,2020-11-19 14:50:00,1,48
immediate_shock,93400,93400,93401,93449,2020-11-20 07:20:00,2020-11-20 07:20:00,2020-11-20 07:25:00,2020-11-20 11:25:00,-1,48
immediate_shock,94031,94031,94032,94080,2020-11-22 11:55:00,2020-11-22 11:55:00,2020-11-22 12:00:00,2020-11-22 16:00:00,1,48
immediate_shock,94335,94335,94336,94384,2020-11-23 13:15:00,2020-11-23 13:15:00,2020-11-23 13:20:00,2020-11-23 17:20:00,-1,48
immediate_shock,94537,94537,94538,94586,2020-11-24 06:05:00,2020-11-24 06:05:00,2020-11-24 06:10:00,2020-11-24 10:10:00,-1,48
immediate_shock,95082,95082,95083,95131,2020-11-26 03:30:00,2020-11-26 03:30:00,2020-11-26 03:35:00,2020-11-26 07:35:00,-1,48
immediate_shock,95424,95424,95425,95473,2020-11-27 08:00:00,2020-11-27 08:00:00,2020-11-27 08:05:00,2020-11-27 12:05:00,-1,48
immediate_shock,96369,96369,96370,96418,2020-11-30 14:45:00,2020-11-30 14:45:00,2020-11-30 14:50:00,2020-11-30 18:50:00,1,48
immediate_shock,96616,96616,96617,96665,2020-12-01 11:20:00,2020-12-01 11:20:00,2020-12-01 11:25:00,2020-12-01 15:25:00,-1,48
immediate_shock,96912,96912,96913,96961,2020-12-02 12:00:00,2020-12-02 12:00:00,2020-12-02 12:05:00,2020-12-02 16:05:00,-1,48
immediate_shock,97155,97155,97156,97204,2020-12-03 08:15:00,2020-12-03 08:15:00,2020-12-03 08:20:00,2020-12-03 12:20:00,1,48
immediate_shock,97250,97250,97251,97299,2020-12-03 16:10:00,2020-12-03 16:10:00,2020-12-03 16:15:00,2020-12-03 20:15:00,-1,48
immediate_shock,98611,98611,98612,98660,2020-12-08 09:35:00,2020-12-08 09:35:00,2020-12-08 09:40:00,2020-12-08 13:40:00,-1,48
immediate_shock,98771,98771,98772,98820,2020-12-08 22:55:00,2020-12-08 22:55:00,2020-12-08 23:00:00,2020-12-09 03:00:00,-1,48
immediate_shock,100964,100964,100965,101013,2020-12-16 13:40:00,2020-12-16 13:40:00,2020-12-16 13:45:00,2020-12-16 17:45:00,1,48
immediate_shock,101101,101101,101102,101150,2020-12-17 01:05:00,2020-12-17 01:05:00,2020-12-17 01:10:00,2020-12-17 05:10:00,1,48
immediate_shock,101200,101200,101201,101249,2020-12-17 09:20:00,2020-12-17 09:20:00,2020-12-17 09:25:00,2020-12-17 13:25:00,-1,48
immediate_shock,101303,101303,101304,101352,2020-12-17 17:55:00,2020-12-17 17:55:00,2020-12-17 18:00:00,2020-12-17 22:00:00,-1,48
immediate_shock,101832,101832,101833,101881,2020-12-19 14:00:00,2020-12-19 14:00:00,2020-12-19 14:05:00,2020-12-19 18:05:00,1,48
immediate_shock,102363,102363,102364,102412,2020-12-21 10:15:00,2020-12-21 10:15:00,2020-12-21 10:20:00,2020-12-21 14:20:00,-1,48
immediate_shock,102949,102949,102950,102998,2020-12-23 11:05:00,2020-12-23 11:05:00,2020-12-23 11:10:00,2020-12-23 15:10:00,-1,48
immediate_shock,103530,103530,103531,103579,2020-12-25 11:30:00,2020-12-25 11:30:00,2020-12-25 11:35:00,2020-12-25 15:35:00,1,48
immediate_shock,103927,103927,103928,103976,2020-12-26 20:35:00,2020-12-26 20:35:00,2020-12-26 20:40:00,2020-12-27 00:40:00,1,48
immediate_shock,104040,104040,104041,104089,2020-12-27 06:00:00,2020-12-27 06:00:00,2020-12-27 06:05:00,2020-12-27 10:05:00,1,48
immediate_shock,104106,104106,104107,104155,2020-12-27 11:30:00,2020-12-27 11:30:00,2020-12-27 11:35:00,2020-12-27 15:35:00,-1,48
immediate_shock,105133,105133,105134,105182,2020-12-31 01:05:00,2020-12-31 01:05:00,2020-12-31 01:10:00,2020-12-31 05:10:00,-1,48
immediate_shock,105422,105422,105423,105471,2021-01-01 01:10:00,2021-01-01 01:10:00,2021-01-01 01:15:00,2021-01-01 05:15:00,1,48
immediate_shock,105859,105859,105860,105908,2021-01-02 13:35:00,2021-01-02 13:35:00,2021-01-02 13:40:00,2021-01-02 17:40:00,1,48
immediate_shock,105947,105947,105948,105996,2021-01-02 20:55:00,2021-01-02 20:55:00,2021-01-02 21:00:00,2021-01-03 01:00:00,-1,48
immediate_shock,106044,106044,106045,106093,2021-01-03 05:00:00,2021-01-03 05:00:00,2021-01-03 05:05:00,2021-01-03 09:05:00,1,48
immediate_shock,106360,106360,106361,106409,2021-01-04 07:20:00,2021-01-04 07:20:00,2021-01-04 07:25:00,2021-01-04 11:25:00,-1,48
immediate_shock,106900,106900,106901,106949,2021-01-06 04:20:00,2021-01-06 04:20:00,2021-01-06 04:25:00,2021-01-06 08:25:00,1,48
immediate_shock,107355,107355,107356,107404,2021-01-07 18:15:00,2021-01-07 18:15:00,2021-01-07 18:20:00,2021-01-07 22:20:00,-1,48
immediate_shock,107551,107551,107552,107600,2021-01-08 10:35:00,2021-01-08 10:35:00,2021-01-08 10:40:00,2021-01-08 14:40:00,1,48
immediate_shock,107606,107606,107607,107655,2021-01-08 15:10:00,2021-01-08 15:10:00,2021-01-08 15:15:00,2021-01-08 19:15:00,-1,48
immediate_shock,107894,107894,107895,107943,2021-01-09 15:10:00,2021-01-09 15:10:00,2021-01-09 15:15:00,2021-01-09 19:15:00,-1,48
immediate_shock,108136,108136,108137,108185,2021-01-10 11:20:00,2021-01-10 11:20:00,2021-01-10 11:25:00,2021-01-10 15:25:00,-1,48
immediate_shock,108211,108211,108212,108260,2021-01-10 17:35:00,2021-01-10 17:35:00,2021-01-10 17:40:00,2021-01-10 21:40:00,-1,48
immediate_shock,109125,109125,109126,109174,2021-01-13 21:45:00,2021-01-13 21:45:00,2021-01-13 21:50:00,2021-01-14 01:50:00,1,48
immediate_shock,109632,109632,109633,109681,2021-01-15 16:00:00,2021-01-15 16:00:00,2021-01-15 16:05:00,2021-01-15 20:05:00,-1,48
immediate_shock,109830,109830,109831,109879,2021-01-16 08:30:00,2021-01-16 08:30:00,2021-01-16 08:35:00,2021-01-16 12:35:00,1,48
immediate_shock,110449,110449,110450,110498,2021-01-18 12:05:00,2021-01-18 12:05:00,2021-01-18 12:10:00,2021-01-18 16:10:00,1,48
immediate_shock,111562,111562,111563,111611,2021-01-22 08:50:00,2021-01-22 08:50:00,2021-01-22 08:55:00,2021-01-22 12:55:00,1,48
immediate_shock,113124,113124,113125,113173,2021-01-27 19:00:00,2021-01-27 19:00:00,2021-01-27 19:05:00,2021-01-27 23:05:00,1,48
immediate_shock,113575,113575,113576,113624,2021-01-29 08:35:00,2021-01-29 08:35:00,2021-01-29 08:40:00,2021-01-29 12:40:00,1,48
immediate_shock,116504,116504,116505,116553,2021-02-08 12:40:00,2021-02-08 12:40:00,2021-02-08 12:45:00,2021-02-08 16:45:00,1,48
immediate_shock,117079,117079,117080,117128,2021-02-10 12:35:00,2021-02-10 12:35:00,2021-02-10 12:40:00,2021-02-10 16:40:00,-1,48
immediate_shock,117225,117225,117226,117274,2021-02-11 00:45:00,2021-02-11 00:45:00,2021-02-11 00:50:00,2021-02-11 04:50:00,-1,48
immediate_shock,117679,117679,117680,117728,2021-02-12 14:35:00,2021-02-12 14:35:00,2021-02-12 14:40:00,2021-02-12 18:40:00,-1,48
immediate_shock,118395,118395,118396,118444,2021-02-15 02:15:00,2021-02-15 02:15:00,2021-02-15 02:20:00,2021-02-15 06:20:00,-1,48
immediate_shock,118807,118807,118808,118856,2021-02-16 12:35:00,2021-02-16 12:35:00,2021-02-16 12:40:00,2021-02-16 16:40:00,-1,48
immediate_shock,120823,120823,120824,120872,2021-02-23 12:35:00,2021-02-23 12:35:00,2021-02-23 12:40:00,2021-02-23 16:40:00,1,48
immediate_shock,121119,121119,121120,121168,2021-02-24 13:15:00,2021-02-24 13:15:00,2021-02-24 13:20:00,2021-02-24 17:20:00,-1,48
immediate_shock,122388,122388,122389,122437,2021-02-28 23:00:00,2021-02-28 23:00:00,2021-02-28 23:05:00,2021-03-01 03:05:00,1,48
immediate_shock,125978,125978,125979,126027,2021-03-13 10:10:00,2021-03-13 10:10:00,2021-03-13 10:15:00,2021-03-13 14:15:00,1,48
immediate_shock,126544,126544,126545,126593,2021-03-15 09:20:00,2021-03-15 09:20:00,2021-03-15 09:25:00,2021-03-15 13:25:00,-1,48
immediate_shock,127587,127587,127588,127636,2021-03-19 00:15:00,2021-03-19 00:15:00,2021-03-19 00:20:00,2021-03-19 04:20:00,-1,48
immediate_shock,128276,128276,128277,128325,2021-03-21 09:40:00,2021-03-21 09:40:00,2021-03-21 09:45:00,2021-03-21 13:45:00,-1,48
immediate_shock,128712,128712,128713,128761,2021-03-22 22:00:00,2021-03-22 22:00:00,2021-03-22 22:05:00,2021-03-23 02:05:00,-1,48
immediate_shock,129108,129108,129109,129157,2021-03-24 07:00:00,2021-03-24 07:00:00,2021-03-24 07:05:00,2021-03-24 11:05:00,1,48
immediate_shock,129291,129291,129292,129340,2021-03-24 22:15:00,2021-03-24 22:15:00,2021-03-24 22:20:00,2021-03-25 02:20:00,-1,48
immediate_shock,130569,130569,130570,130618,2021-03-29 08:45:00,2021-03-29 08:45:00,2021-03-29 08:50:00,2021-03-29 12:50:00,1,48
immediate_shock,131646,131646,131647,131695,2021-04-02 02:30:00,2021-04-02 02:30:00,2021-04-02 02:35:00,2021-04-02 06:35:00,1,48
immediate_shock,133971,133971,133972,134020,2021-04-10 04:15:00,2021-04-10 04:15:00,2021-04-10 04:20:00,2021-04-10 08:20:00,1,48
immediate_shock,135702,135702,135703,135751,2021-04-16 04:30:00,2021-04-16 04:30:00,2021-04-16 04:35:00,2021-04-16 08:35:00,-1,48
immediate_shock,136251,136251,136252,136300,2021-04-18 02:15:00,2021-04-18 02:15:00,2021-04-18 02:20:00,2021-04-18 06:20:00,-1,48
immediate_shock,136692,136692,136693,136741,2021-04-19 15:00:00,2021-04-19 15:00:00,2021-04-19 15:05:00,2021-04-19 19:05:00,-1,48
immediate_shock,136828,136828,136829,136877,2021-04-20 02:20:00,2021-04-20 02:20:00,2021-04-20 02:25:00,2021-04-20 06:25:00,-1,48
immediate_shock,136923,136923,136924,136972,2021-04-20 10:15:00,2021-04-20 10:15:00,2021-04-20 10:20:00,2021-04-20 14:20:00,1,48
immediate_shock,137511,137511,137512,137560,2021-04-22 11:15:00,2021-04-22 11:15:00,2021-04-22 11:20:00,2021-04-22 15:20:00,1,48
immediate_shock,137606,137606,137607,137655,2021-04-22 19:10:00,2021-04-22 19:10:00,2021-04-22 19:15:00,2021-04-22 23:15:00,-1,48
immediate_shock,138489,138489,138490,138538,2021-04-25 20:45:00,2021-04-25 20:45:00,2021-04-25 20:50:00,2021-04-26 00:50:00,-1,48
immediate_shock,138645,138645,138646,138694,2021-04-26 09:45:00,2021-04-26 09:45:00,2021-04-26 09:50:00,2021-04-26 13:50:00,1,48
immediate_shock,139343,139343,139344,139392,2021-04-28 19:55:00,2021-04-28 19:55:00,2021-04-28 20:00:00,2021-04-29 00:00:00,1,48
immediate_shock,140299,140299,140300,140348,2021-05-02 03:35:00,2021-05-02 03:35:00,2021-05-02 03:40:00,2021-05-02 07:40:00,-1,48
immediate_shock,140842,140842,140843,140891,2021-05-04 00:50:00,2021-05-04 00:50:00,2021-05-04 00:55:00,2021-05-04 04:55:00,-1,48
immediate_shock,141630,141630,141631,141679,2021-05-06 18:30:00,2021-05-06 18:30:00,2021-05-06 18:35:00,2021-05-06 22:35:00,-1,48
immediate_shock,142800,142800,142801,142849,2021-05-10 20:00:00,2021-05-10 20:00:00,2021-05-10 20:05:00,2021-05-11 00:05:00,-1,48
immediate_shock,143401,143401,143402,143450,2021-05-12 22:05:00,2021-05-12 22:05:00,2021-05-12 22:10:00,2021-05-13 02:10:00,-1,48
immediate_shock,144362,144362,144363,144411,2021-05-16 06:10:00,2021-05-16 06:10:00,2021-05-16 06:15:00,2021-05-16 10:15:00,1,48
immediate_shock,144461,144461,144462,144510,2021-05-16 14:25:00,2021-05-16 14:25:00,2021-05-16 14:30:00,2021-05-16 18:30:00,-1,48
immediate_shock,144514,144514,144515,144563,2021-05-16 18:50:00,2021-05-16 18:50:00,2021-05-16 18:55:00,2021-05-16 22:55:00,-1,48
immediate_shock,144647,144647,144648,144696,2021-05-17 05:55:00,2021-05-17 05:55:00,2021-05-17 06:00:00,2021-05-17 10:00:00,1,48
immediate_shock,144865,144865,144866,144914,2021-05-18 00:05:00,2021-05-18 00:05:00,2021-05-18 00:10:00,2021-05-18 04:10:00,1,48
immediate_shock,145032,145032,145033,145081,2021-05-18 14:00:00,2021-05-18 14:00:00,2021-05-18 14:05:00,2021-05-18 18:05:00,-1,48
immediate_shock,145153,145153,145154,145202,2021-05-19 00:05:00,2021-05-19 00:05:00,2021-05-19 00:10:00,2021-05-19 04:10:00,1,48
immediate_shock,145304,145304,145305,145353,2021-05-19 12:40:00,2021-05-19 12:40:00,2021-05-19 12:45:00,2021-05-19 16:45:00,-1,48
immediate_shock,145587,145587,145588,145636,2021-05-20 12:15:00,2021-05-20 12:15:00,2021-05-20 12:20:00,2021-05-20 16:20:00,1,48
immediate_shock,145714,145714,145715,145763,2021-05-20 22:50:00,2021-05-20 22:50:00,2021-05-20 22:55:00,2021-05-21 02:55:00,1,48
immediate_shock,145898,145898,145899,145947,2021-05-21 14:10:00,2021-05-21 14:10:00,2021-05-21 14:15:00,2021-05-21 18:15:00,-1,48
immediate_shock,146203,146203,146204,146252,2021-05-22 15:35:00,2021-05-22 15:35:00,2021-05-22 15:40:00,2021-05-22 19:40:00,1,48
immediate_shock,146828,146828,146829,146877,2021-05-24 19:40:00,2021-05-24 19:40:00,2021-05-24 19:45:00,2021-05-24 23:45:00,1,48
immediate_shock,147067,147067,147068,147116,2021-05-25 15:35:00,2021-05-25 15:35:00,2021-05-25 15:40:00,2021-05-25 19:40:00,1,48
immediate_shock,147890,147890,147891,147939,2021-05-28 12:10:00,2021-05-28 12:10:00,2021-05-28 12:15:00,2021-05-28 16:15:00,1,48
immediate_shock,150166,150166,150167,150215,2021-06-05 09:50:00,2021-06-05 09:50:00,2021-06-05 09:55:00,2021-06-05 13:55:00,-1,48
immediate_shock,150873,150873,150874,150922,2021-06-07 20:45:00,2021-06-07 20:45:00,2021-06-07 20:50:00,2021-06-08 00:50:00,-1,48
immediate_shock,151380,151380,151381,151429,2021-06-09 15:00:00,2021-06-09 15:00:00,2021-06-09 15:05:00,2021-06-09 19:05:00,1,48
immediate_shock,151608,151608,151609,151657,2021-06-10 10:00:00,2021-06-10 10:00:00,2021-06-10 10:05:00,2021-06-10 14:05:00,1,48
immediate_shock,151657,151657,151658,151706,2021-06-10 14:05:00,2021-06-10 14:05:00,2021-06-10 14:10:00,2021-06-10 18:10:00,-1,48
immediate_shock,154733,154733,154734,154782,2021-06-21 06:25:00,2021-06-21 06:25:00,2021-06-21 06:30:00,2021-06-21 10:30:00,-1,48
immediate_shock,155088,155088,155089,155137,2021-06-22 12:00:00,2021-06-22 12:00:00,2021-06-22 12:05:00,2021-06-22 16:05:00,-1,48
immediate_shock,157617,157617,157618,157666,2021-07-01 06:45:00,2021-07-01 06:45:00,2021-07-01 06:50:00,2021-07-01 10:50:00,-1,48
immediate_shock,157716,157716,157717,157765,2021-07-01 15:00:00,2021-07-01 15:00:00,2021-07-01 15:05:00,2021-07-01 19:05:00,1,48
immediate_shock,161320,161320,161321,161369,2021-07-14 03:20:00,2021-07-14 03:20:00,2021-07-14 03:25:00,2021-07-14 07:25:00,-1,48
immediate_shock,162870,162870,162871,162919,2021-07-19 12:30:00,2021-07-19 12:30:00,2021-07-19 12:35:00,2021-07-19 16:35:00,-1,48
immediate_shock,163047,163047,163048,163096,2021-07-20 03:15:00,2021-07-20 03:15:00,2021-07-20 03:20:00,2021-07-20 07:20:00,-1,48
immediate_shock,163347,163347,163348,163396,2021-07-21 04:15:00,2021-07-21 04:15:00,2021-07-21 04:20:00,2021-07-21 08:20:00,1,48
immediate_shock,163415,163415,163416,163464,2021-07-21 09:55:00,2021-07-21 09:55:00,2021-07-21 10:00:00,2021-07-21 14:00:00,1,48
immediate_shock,163514,163514,163515,163563,2021-07-21 18:10:00,2021-07-21 18:10:00,2021-07-21 18:15:00,2021-07-21 22:15:00,1,48
immediate_shock,164738,164738,164739,164787,2021-07-26 00:10:00,2021-07-26 00:10:00,2021-07-26 00:15:00,2021-07-26 04:15:00,1,48
immediate_shock,164965,164965,164966,165014,2021-07-26 19:05:00,2021-07-26 19:05:00,2021-07-26 19:10:00,2021-07-26 23:10:00,1,48
immediate_shock,165192,165192,165193,165241,2021-07-27 14:00:00,2021-07-27 14:00:00,2021-07-27 14:05:00,2021-07-27 18:05:00,-1,48
immediate_shock,165521,165521,165522,165570,2021-07-28 17:25:00,2021-07-28 17:25:00,2021-07-28 17:30:00,2021-07-28 21:30:00,-1,48
immediate_shock,165992,165992,165993,166041,2021-07-30 08:40:00,2021-07-30 08:40:00,2021-07-30 08:45:00,2021-07-30 12:45:00,-1,48
immediate_shock,166127,166127,166128,166176,2021-07-30 19:55:00,2021-07-30 19:55:00,2021-07-30 20:00:00,2021-07-31 00:00:00,1,48
immediate_shock,166745,166745,166746,166794,2021-08-01 23:25:00,2021-08-01 23:25:00,2021-08-01 23:30:00,2021-08-02 03:30:00,-1,48
immediate_shock,166898,166898,166899,166947,2021-08-02 12:10:00,2021-08-02 12:10:00,2021-08-02 12:15:00,2021-08-02 16:15:00,-1,48
immediate_shock,167184,167184,167185,167233,2021-08-03 12:00:00,2021-08-03 12:00:00,2021-08-03 12:05:00,2021-08-03 16:05:00,-1,48
immediate_shock,168087,168087,168088,168136,2021-08-06 15:15:00,2021-08-06 15:15:00,2021-08-06 15:20:00,2021-08-06 19:20:00,1,48
immediate_shock,168384,168384,168385,168433,2021-08-07 16:00:00,2021-08-07 16:00:00,2021-08-07 16:05:00,2021-08-07 20:05:00,-1,48
immediate_shock,168878,168878,168879,168927,2021-08-09 09:10:00,2021-08-09 09:10:00,2021-08-09 09:15:00,2021-08-09 13:15:00,1,48
immediate_shock,168937,168937,168938,168986,2021-08-09 14:05:00,2021-08-09 14:05:00,2021-08-09 14:10:00,2021-08-09 18:10:00,1,48
immediate_shock,170161,170161,170162,170210,2021-08-13 20:05:00,2021-08-13 20:05:00,2021-08-13 20:10:00,2021-08-14 00:10:00,1,48
immediate_shock,170327,170327,170328,170376,2021-08-14 09:55:00,2021-08-14 09:55:00,2021-08-14 10:00:00,2021-08-14 14:00:00,-1,48
immediate_shock,173811,173811,173812,173860,2021-08-26 12:15:00,2021-08-26 12:15:00,2021-08-26 12:20:00,2021-08-26 16:20:00,1,48
immediate_shock,174197,174197,174198,174246,2021-08-27 20:25:00,2021-08-27 20:25:00,2021-08-27 20:30:00,2021-08-28 00:30:00,1,48
immediate_shock,175590,175590,175591,175639,2021-09-01 16:30:00,2021-09-01 16:30:00,2021-09-01 16:35:00,2021-09-01 20:35:00,1,48
immediate_shock,175849,175849,175850,175898,2021-09-02 14:05:00,2021-09-02 14:05:00,2021-09-02 14:10:00,2021-09-02 18:10:00,1,48
immediate_shock,176073,176073,176074,176122,2021-09-03 08:45:00,2021-09-03 08:45:00,2021-09-03 08:50:00,2021-09-03 12:50:00,1,48
immediate_shock,176794,176794,176795,176843,2021-09-05 20:50:00,2021-09-05 20:50:00,2021-09-05 20:55:00,2021-09-06 00:55:00,1,48
immediate_shock,177221,177221,177222,177270,2021-09-07 08:25:00,2021-09-07 08:25:00,2021-09-07 08:30:00,2021-09-07 12:30:00,-1,48
immediate_shock,177297,177297,177298,177346,2021-09-07 14:45:00,2021-09-07 14:45:00,2021-09-07 14:50:00,2021-09-07 18:50:00,-1,48
immediate_shock,177850,177850,177851,177899,2021-09-09 12:50:00,2021-09-09 12:50:00,2021-09-09 12:55:00,2021-09-09 16:55:00,1,48
immediate_shock,178086,178086,178087,178135,2021-09-10 08:30:00,2021-09-10 08:30:00,2021-09-10 08:35:00,2021-09-10 12:35:00,-1,48
immediate_shock,178723,178723,178724,178772,2021-09-12 13:35:00,2021-09-12 13:35:00,2021-09-12 13:40:00,2021-09-12 17:40:00,-1,48
immediate_shock,178806,178806,178807,178855,2021-09-12 20:30:00,2021-09-12 20:30:00,2021-09-12 20:35:00,2021-09-13 00:35:00,-1,48
immediate_shock,178862,178862,178863,178911,2021-09-13 01:10:00,2021-09-13 01:10:00,2021-09-13 01:15:00,2021-09-13 05:15:00,-1,48
immediate_shock,178983,178983,178984,179032,2021-09-13 11:15:00,2021-09-13 11:15:00,2021-09-13 11:20:00,2021-09-13 15:20:00,1,48
immediate_shock,179216,179216,179217,179265,2021-09-14 06:40:00,2021-09-14 06:40:00,2021-09-14 06:45:00,2021-09-14 10:45:00,1,48
immediate_shock,179286,179286,179287,179335,2021-09-14 12:30:00,2021-09-14 12:30:00,2021-09-14 12:35:00,2021-09-14 16:35:00,1,48
immediate_shock,180894,180894,180895,180943,2021-09-20 02:30:00,2021-09-20 02:30:00,2021-09-20 02:35:00,2021-09-20 06:35:00,-1,48
immediate_shock,180954,180954,180955,181003,2021-09-20 07:30:00,2021-09-20 07:30:00,2021-09-20 07:35:00,2021-09-20 11:35:00,-1,48
immediate_shock,181016,181016,181017,181065,2021-09-20 12:40:00,2021-09-20 12:40:00,2021-09-20 12:45:00,2021-09-20 16:45:00,1,48
immediate_shock,181098,181098,181099,181147,2021-09-20 19:30:00,2021-09-20 19:30:00,2021-09-20 19:35:00,2021-09-20 23:35:00,1,48
immediate_shock,181155,181155,181156,181204,2021-09-21 00:15:00,2021-09-21 00:15:00,2021-09-21 00:20:00,2021-09-21 04:20:00,-1,48
immediate_shock,181360,181360,181361,181409,2021-09-21 17:20:00,2021-09-21 17:20:00,2021-09-21 17:25:00,2021-09-21 21:25:00,-1,48
immediate_shock,181656,181656,181657,181705,2021-09-22 18:00:00,2021-09-22 18:00:00,2021-09-22 18:05:00,2021-09-22 22:05:00,1,48
immediate_shock,182406,182406,182407,182455,2021-09-25 08:30:00,2021-09-25 08:30:00,2021-09-25 08:35:00,2021-09-25 12:35:00,-1,48
immediate_shock,182683,182683,182684,182732,2021-09-26 07:35:00,2021-09-26 07:35:00,2021-09-26 07:40:00,2021-09-26 11:40:00,-1,48
immediate_shock,183163,183163,183164,183212,2021-09-27 23:35:00,2021-09-27 23:35:00,2021-09-27 23:40:00,2021-09-28 03:40:00,-1,48
immediate_shock,183325,183325,183326,183374,2021-09-28 13:05:00,2021-09-28 13:05:00,2021-09-28 13:10:00,2021-09-28 17:10:00,1,48
immediate_shock,184157,184157,184158,184206,2021-10-01 10:25:00,2021-10-01 10:25:00,2021-10-01 10:30:00,2021-10-01 14:30:00,1,48
immediate_shock,184821,184821,184822,184870,2021-10-03 17:45:00,2021-10-03 17:45:00,2021-10-03 17:50:00,2021-10-03 21:50:00,1,48
immediate_shock,185091,185091,185092,185140,2021-10-04 16:15:00,2021-10-04 16:15:00,2021-10-04 16:20:00,2021-10-04 20:20:00,1,48
immediate_shock,185630,185630,185631,185679,2021-10-06 13:10:00,2021-10-06 13:10:00,2021-10-06 13:15:00,2021-10-06 17:15:00,1,48
immediate_shock,186876,186876,186877,186925,2021-10-10 21:00:00,2021-10-10 21:00:00,2021-10-10 21:05:00,2021-10-11 01:05:00,-1,48
immediate_shock,187662,187662,187663,187711,2021-10-13 14:30:00,2021-10-13 14:30:00,2021-10-13 14:35:00,2021-10-13 18:35:00,1,48
immediate_shock,188006,188006,188007,188055,2021-10-14 19:10:00,2021-10-14 19:10:00,2021-10-14 19:15:00,2021-10-14 23:15:00,-1,48
immediate_shock,188092,188092,188093,188141,2021-10-15 02:20:00,2021-10-15 02:20:00,2021-10-15 02:25:00,2021-10-15 06:25:00,1,48
immediate_shock,188880,188880,188881,188929,2021-10-17 20:00:00,2021-10-17 20:00:00,2021-10-17 20:05:00,2021-10-18 00:05:00,-1,48
immediate_shock,189668,189668,189669,189717,2021-10-20 13:40:00,2021-10-20 13:40:00,2021-10-20 13:45:00,2021-10-20 17:45:00,1,48
immediate_shock,189930,189930,189931,189979,2021-10-21 11:30:00,2021-10-21 11:30:00,2021-10-21 11:35:00,2021-10-21 15:35:00,-1,48
immediate_shock,191496,191496,191497,191545,2021-10-26 22:00:00,2021-10-26 22:00:00,2021-10-26 22:05:00,2021-10-27 02:05:00,-1,48
immediate_shock,191616,191616,191617,191665,2021-10-27 08:00:00,2021-10-27 08:00:00,2021-10-27 08:05:00,2021-10-27 12:05:00,-1,48
immediate_shock,192031,192031,192032,192080,2021-10-28 18:35:00,2021-10-28 18:35:00,2021-10-28 18:40:00,2021-10-28 22:40:00,-1,48
immediate_shock,192987,192987,192988,193036,2021-11-01 02:15:00,2021-11-01 02:15:00,2021-11-01 02:20:00,2021-11-01 06:20:00,-1,48
immediate_shock,193044,193044,193045,193093,2021-11-01 07:00:00,2021-11-01 07:00:00,2021-11-01 07:05:00,2021-11-01 11:05:00,1,48
immediate_shock,193254,193254,193255,193303,2021-11-02 00:30:00,2021-11-02 00:30:00,2021-11-02 00:35:00,2021-11-02 04:35:00,-1,48
immediate_shock,193363,193363,193364,193412,2021-11-02 09:35:00,2021-11-02 09:35:00,2021-11-02 09:40:00,2021-11-02 13:40:00,1,48
immediate_shock,193752,193752,193753,193801,2021-11-03 18:00:00,2021-11-03 18:00:00,2021-11-03 18:05:00,2021-11-03 22:05:00,-1,48
immediate_shock,194988,194988,194989,195037,2021-11-08 01:00:00,2021-11-08 01:00:00,2021-11-08 01:05:00,2021-11-08 05:05:00,1,48
immediate_shock,195808,195808,195809,195857,2021-11-10 21:20:00,2021-11-10 21:20:00,2021-11-10 21:25:00,2021-11-11 01:25:00,-1,48
immediate_shock,196584,196584,196585,196633,2021-11-13 14:00:00,2021-11-13 14:00:00,2021-11-13 14:05:00,2021-11-13 18:05:00,1,48
immediate_shock,197280,197280,197281,197329,2021-11-16 00:00:00,2021-11-16 00:00:00,2021-11-16 00:05:00,2021-11-16 04:05:00,-1,48
immediate_shock,197874,197874,197875,197923,2021-11-18 01:30:00,2021-11-18 01:30:00,2021-11-18 01:35:00,2021-11-18 05:35:00,1,48
immediate_shock,198019,198019,198020,198068,2021-11-18 13:35:00,2021-11-18 13:35:00,2021-11-18 13:40:00,2021-11-18 17:40:00,1,48
immediate_shock,198243,198243,198244,198292,2021-11-19 08:15:00,2021-11-19 08:15:00,2021-11-19 08:20:00,2021-11-19 12:20:00,1,48
immediate_shock,198652,198652,198653,198701,2021-11-20 18:20:00,2021-11-20 18:20:00,2021-11-20 18:25:00,2021-11-20 22:25:00,1,48
immediate_shock,199410,199410,199411,199459,2021-11-23 09:30:00,2021-11-23 09:30:00,2021-11-23 09:35:00,2021-11-23 13:35:00,-1,48
immediate_shock,200267,200267,200268,200316,2021-11-26 08:55:00,2021-11-26 08:55:00,2021-11-26 09:00:00,2021-11-26 13:00:00,1,48
immediate_shock,200546,200546,200547,200595,2021-11-27 08:10:00,2021-11-27 08:10:00,2021-11-27 08:15:00,2021-11-27 12:15:00,1,48
immediate_shock,200998,200998,200999,201047,2021-11-28 21:50:00,2021-11-28 21:50:00,2021-11-28 21:55:00,2021-11-29 01:55:00,1,48
immediate_shock,201231,201231,201232,201280,2021-11-29 17:15:00,2021-11-29 17:15:00,2021-11-29 17:20:00,2021-11-29 21:20:00,1,48
immediate_shock,201416,201416,201417,201465,2021-11-30 08:40:00,2021-11-30 08:40:00,2021-11-30 08:45:00,2021-11-30 12:45:00,1,48
immediate_shock,201925,201925,201926,201974,2021-12-02 03:05:00,2021-12-02 03:05:00,2021-12-02 03:10:00,2021-12-02 07:10:00,-1,48
immediate_shock,202419,202419,202420,202468,2021-12-03 20:15:00,2021-12-03 20:15:00,2021-12-03 20:20:00,2021-12-04 00:20:00,-1,48
immediate_shock,202522,202522,202523,202571,2021-12-04 04:50:00,2021-12-04 04:50:00,2021-12-04 04:55:00,2021-12-04 08:55:00,-1,48
immediate_shock,202734,202734,202735,202783,2021-12-04 22:30:00,2021-12-04 22:30:00,2021-12-04 22:35:00,2021-12-05 02:35:00,1,48
immediate_shock,203136,203136,203137,203185,2021-12-06 08:00:00,2021-12-06 08:00:00,2021-12-06 08:05:00,2021-12-06 12:05:00,1,48
immediate_shock,203301,203301,203302,203350,2021-12-06 21:45:00,2021-12-06 21:45:00,2021-12-06 21:50:00,2021-12-07 01:50:00,1,48
immediate_shock,203743,203743,203744,203792,2021-12-08 10:35:00,2021-12-08 10:35:00,2021-12-08 10:40:00,2021-12-08 14:40:00,-1,48
immediate_shock,203793,203793,203794,203842,2021-12-08 14:45:00,2021-12-08 14:45:00,2021-12-08 14:50:00,2021-12-08 18:50:00,1,48
immediate_shock,204198,204198,204199,204247,2021-12-10 00:30:00,2021-12-10 00:30:00,2021-12-10 00:35:00,2021-12-10 04:35:00,1,48
immediate_shock,204369,204369,204370,204418,2021-12-10 14:45:00,2021-12-10 14:45:00,2021-12-10 14:50:00,2021-12-10 18:50:00,-1,48
immediate_shock,204478,204478,204479,204527,2021-12-10 23:50:00,2021-12-10 23:50:00,2021-12-10 23:55:00,2021-12-11 03:55:00,-1,48
immediate_shock,204581,204581,204582,204630,2021-12-11 08:25:00,2021-12-11 08:25:00,2021-12-11 08:30:00,2021-12-11 12:30:00,1,48
immediate_shock,205289,205289,205290,205338,2021-12-13 19:25:00,2021-12-13 19:25:00,2021-12-13 19:30:00,2021-12-13 23:30:00,-1,48
immediate_shock,205591,205591,205592,205640,2021-12-14 20:35:00,2021-12-14 20:35:00,2021-12-14 20:40:00,2021-12-15 00:40:00,1,48
immediate_shock,206383,206383,206384,206432,2021-12-17 14:35:00,2021-12-17 14:35:00,2021-12-17 14:40:00,2021-12-17 18:40:00,-1,48
immediate_shock,206951,206951,206952,207000,2021-12-19 13:55:00,2021-12-19 13:55:00,2021-12-19 14:00:00,2021-12-19 18:00:00,1,48
immediate_shock,209427,209427,209428,209476,2021-12-28 04:15:00,2021-12-28 04:15:00,2021-12-28 04:20:00,2021-12-28 08:20:00,-1,48
immediate_shock,209809,209809,209810,209858,2021-12-29 12:05:00,2021-12-29 12:05:00,2021-12-29 12:10:00,2021-12-29 16:10:00,-1,48
immediate_shock,209944,209944,209945,209993,2021-12-29 23:20:00,2021-12-29 23:20:00,2021-12-29 23:25:00,2021-12-30 03:25:00,-1,48
immediate_shock,210340,210340,210341,210389,2021-12-31 08:20:00,2021-12-31 08:20:00,2021-12-31 08:25:00,2021-12-31 12:25:00,1,48
immediate_shock,210592,210592,210593,210641,2022-01-01 05:20:00,2022-01-01 05:20:00,2022-01-01 05:25:00,2022-01-01 09:25:00,1,48
immediate_shock,211917,211917,211918,211966,2022-01-05 19:45:00,2022-01-05 19:45:00,2022-01-05 19:50:00,2022-01-05 23:50:00,-1,48
immediate_shock,212296,212296,212297,212345,2022-01-07 03:20:00,2022-01-07 03:20:00,2022-01-07 03:25:00,2022-01-07 07:25:00,-1,48
immediate_shock,212419,212419,212420,212468,2022-01-07 13:35:00,2022-01-07 13:35:00,2022-01-07 13:40:00,2022-01-07 17:40:00,-1,48
immediate_shock,212804,212804,212805,212853,2022-01-08 21:40:00,2022-01-08 21:40:00,2022-01-08 21:45:00,2022-01-09 01:45:00,1,48
immediate_shock,213291,213291,213292,213340,2022-01-10 14:15:00,2022-01-10 14:15:00,2022-01-10 14:20:00,2022-01-10 18:20:00,-1,48
immediate_shock,213835,213835,213836,213884,2022-01-12 11:35:00,2022-01-12 11:35:00,2022-01-12 11:40:00,2022-01-12 15:40:00,1,48
immediate_shock,214167,214167,214168,214216,2022-01-13 15:15:00,2022-01-13 15:15:00,2022-01-13 15:20:00,2022-01-13 19:20:00,-1,48
immediate_shock,215406,215406,215407,215455,2022-01-17 22:30:00,2022-01-17 22:30:00,2022-01-17 22:35:00,2022-01-18 02:35:00,1,48
immediate_shock,215755,215755,215756,215804,2022-01-19 03:35:00,2022-01-19 03:35:00,2022-01-19 03:40:00,2022-01-19 07:40:00,-1,48
immediate_shock,216162,216162,216163,216211,2022-01-20 13:30:00,2022-01-20 13:30:00,2022-01-20 13:35:00,2022-01-20 17:35:00,1,48
immediate_shock,216307,216307,216308,216356,2022-01-21 01:35:00,2022-01-21 01:35:00,2022-01-21 01:40:00,2022-01-21 05:40:00,-1,48
immediate_shock,216439,216439,216440,216488,2022-01-21 12:35:00,2022-01-21 12:35:00,2022-01-21 12:40:00,2022-01-21 16:40:00,-1,48
immediate_shock,216549,216549,216550,216598,2022-01-21 21:45:00,2022-01-21 21:45:00,2022-01-21 21:50:00,2022-01-22 01:50:00,-1,48
immediate_shock,216700,216700,216701,216749,2022-01-22 10:20:00,2022-01-22 10:20:00,2022-01-22 10:25:00,2022-01-22 14:25:00,1,48
immediate_shock,217099,217099,217100,217148,2022-01-23 19:35:00,2022-01-23 19:35:00,2022-01-23 19:40:00,2022-01-23 23:40:00,-1,48
immediate_shock,217273,217273,217274,217322,2022-01-24 10:05:00,2022-01-24 10:05:00,2022-01-24 10:10:00,2022-01-24 14:10:00,-1,48
immediate_shock,217402,217402,217403,217451,2022-01-24 20:50:00,2022-01-24 20:50:00,2022-01-24 20:55:00,2022-01-25 00:55:00,1,48
immediate_shock,217785,217785,217786,217834,2022-01-26 04:45:00,2022-01-26 04:45:00,2022-01-26 04:50:00,2022-01-26 08:50:00,1,48
immediate_shock,217954,217954,217955,218003,2022-01-26 18:50:00,2022-01-26 18:50:00,2022-01-26 18:55:00,2022-01-26 22:55:00,1,48
immediate_shock,218060,218060,218061,218109,2022-01-27 03:40:00,2022-01-27 03:40:00,2022-01-27 03:45:00,2022-01-27 07:45:00,-1,48
immediate_shock,218287,218287,218288,218336,2022-01-27 22:35:00,2022-01-27 22:35:00,2022-01-27 22:40:00,2022-01-28 02:40:00,1,48
immediate_shock,218838,218838,218839,218887,2022-01-29 20:30:00,2022-01-29 20:30:00,2022-01-29 20:35:00,2022-01-30 00:35:00,1,48
immediate_shock,219176,219176,219177,219225,2022-01-31 00:40:00,2022-01-31 00:40:00,2022-01-31 00:45:00,2022-01-31 04:45:00,-1,48
immediate_shock,219564,219564,219565,219613,2022-02-01 09:00:00,2022-02-01 09:00:00,2022-02-01 09:05:00,2022-02-01 13:05:00,1,48
immediate_shock,220284,220284,220285,220333,2022-02-03 21:00:00,2022-02-03 21:00:00,2022-02-03 21:05:00,2022-02-04 01:05:00,1,48
immediate_shock,220503,220503,220504,220552,2022-02-04 15:15:00,2022-02-04 15:15:00,2022-02-04 15:20:00,2022-02-04 19:20:00,1,48
immediate_shock,220605,220605,220606,220654,2022-02-04 23:45:00,2022-02-04 23:45:00,2022-02-04 23:50:00,2022-02-05 03:50:00,1,48
immediate_shock,222210,222210,222211,222259,2022-02-10 13:30:00,2022-02-10 13:30:00,2022-02-10 13:35:00,2022-02-10 17:35:00,-1,48
immediate_shock,222348,222348,222349,222397,2022-02-11 01:00:00,2022-02-11 01:00:00,2022-02-11 01:05:00,2022-02-11 05:05:00,1,48
immediate_shock,222570,222570,222571,222619,2022-02-11 19:30:00,2022-02-11 19:30:00,2022-02-11 19:35:00,2022-02-11 23:35:00,1,48
immediate_shock,224224,224224,224225,224273,2022-02-17 13:20:00,2022-02-17 13:20:00,2022-02-17 13:25:00,2022-02-17 17:25:00,-1,48
immediate_shock,224530,224530,224531,224579,2022-02-18 14:50:00,2022-02-18 14:50:00,2022-02-18 14:55:00,2022-02-18 18:55:00,1,48
immediate_shock,225355,225355,225356,225404,2022-02-21 11:35:00,2022-02-21 11:35:00,2022-02-21 11:40:00,2022-02-21 15:40:00,-1,48
immediate_shock,225441,225441,225442,225490,2022-02-21 18:45:00,2022-02-21 18:45:00,2022-02-21 18:50:00,2022-02-21 22:50:00,1,48
immediate_shock,225893,225893,225894,225942,2022-02-23 08:25:00,2022-02-23 08:25:00,2022-02-23 08:30:00,2022-02-23 12:30:00,1,48
immediate_shock,226070,226070,226071,226119,2022-02-23 23:10:00,2022-02-23 23:10:00,2022-02-23 23:15:00,2022-02-24 03:15:00,-1,48
immediate_shock,226320,226320,226321,226369,2022-02-24 20:00:00,2022-02-24 20:00:00,2022-02-24 20:05:00,2022-02-25 00:05:00,1,48
immediate_shock,226522,226522,226523,226571,2022-02-25 12:50:00,2022-02-25 12:50:00,2022-02-25 12:55:00,2022-02-25 16:55:00,1,48
immediate_shock,226663,226663,226664,226712,2022-02-26 00:35:00,2022-02-26 00:35:00,2022-02-26 00:40:00,2022-02-26 04:40:00,1,48
immediate_shock,227181,227181,227182,227230,2022-02-27 19:45:00,2022-02-27 19:45:00,2022-02-27 19:50:00,2022-02-27 23:50:00,-1,48
immediate_shock,227403,227403,227404,227452,2022-02-28 14:15:00,2022-02-28 14:15:00,2022-02-28 14:20:00,2022-02-28 18:20:00,1,48
immediate_shock,227502,227502,227503,227551,2022-02-28 22:30:00,2022-02-28 22:30:00,2022-02-28 22:35:00,2022-03-01 02:35:00,1,48
immediate_shock,227984,227984,227985,228033,2022-03-02 14:40:00,2022-03-02 14:40:00,2022-03-02 14:45:00,2022-03-02 18:45:00,1,48
immediate_shock,228283,228283,228284,228332,2022-03-03 15:35:00,2022-03-03 15:35:00,2022-03-03 15:40:00,2022-03-03 19:40:00,-1,48
immediate_shock,228393,228393,228394,228442,2022-03-04 00:45:00,2022-03-04 00:45:00,2022-03-04 00:50:00,2022-03-04 04:50:00,-1,48
immediate_shock,228487,228487,228488,228536,2022-03-04 08:35:00,2022-03-04 08:35:00,2022-03-04 08:40:00,2022-03-04 12:40:00,1,48
immediate_shock,228561,228561,228562,228610,2022-03-04 14:45:00,2022-03-04 14:45:00,2022-03-04 14:50:00,2022-03-04 18:50:00,-1,48
immediate_shock,229482,229482,229483,229531,2022-03-07 19:30:00,2022-03-07 19:30:00,2022-03-07 19:35:00,2022-03-07 23:35:00,-1,48
immediate_shock,229864,229864,229865,229913,2022-03-09 03:20:00,2022-03-09 03:20:00,2022-03-09 03:25:00,2022-03-09 07:25:00,1,48
immediate_shock,230131,230131,230132,230180,2022-03-10 01:35:00,2022-03-10 01:35:00,2022-03-10 01:40:00,2022-03-10 05:40:00,-1,48
immediate_shock,230274,230274,230275,230323,2022-03-10 13:30:00,2022-03-10 13:30:00,2022-03-10 13:35:00,2022-03-10 17:35:00,1,48
immediate_shock,231249,231249,231250,231298,2022-03-13 22:45:00,2022-03-13 22:45:00,2022-03-13 22:50:00,2022-03-14 02:50:00,-1,48
immediate_shock,231314,231314,231315,231363,2022-03-14 04:10:00,2022-03-14 04:10:00,2022-03-14 04:15:00,2022-03-14 08:15:00,1,48
immediate_shock,231537,231537,231538,231586,2022-03-14 22:45:00,2022-03-14 22:45:00,2022-03-14 22:50:00,2022-03-15 02:50:00,1,48
immediate_shock,231638,231638,231639,231687,2022-03-15 07:10:00,2022-03-15 07:10:00,2022-03-15 07:15:00,2022-03-15 11:15:00,-1,48
immediate_shock,231865,231865,231866,231914,2022-03-16 02:05:00,2022-03-16 02:05:00,2022-03-16 02:10:00,2022-03-16 06:10:00,1,48
immediate_shock,231943,231943,231944,231992,2022-03-16 08:35:00,2022-03-16 08:35:00,2022-03-16 08:40:00,2022-03-16 12:40:00,1,48
immediate_shock,233310,233310,233311,233359,2022-03-21 02:30:00,2022-03-21 02:30:00,2022-03-21 02:35:00,2022-03-21 06:35:00,-1,48
immediate_shock,233592,233592,233593,233641,2022-03-22 02:00:00,2022-03-22 02:00:00,2022-03-22 02:05:00,2022-03-22 06:05:00,1,48
immediate_shock,235255,235255,235256,235304,2022-03-27 20:35:00,2022-03-27 20:35:00,2022-03-27 20:40:00,2022-03-28 00:40:00,1,48
immediate_shock,236328,236328,236329,236377,2022-03-31 14:00:00,2022-03-31 14:00:00,2022-03-31 14:05:00,2022-03-31 18:05:00,-1,48
immediate_shock,236746,236746,236747,236795,2022-04-02 00:50:00,2022-04-02 00:50:00,2022-04-02 00:55:00,2022-04-02 04:55:00,1,48
immediate_shock,236953,236953,236954,237002,2022-04-02 18:05:00,2022-04-02 18:05:00,2022-04-02 18:10:00,2022-04-02 22:10:00,-1,48
immediate_shock,237297,237297,237298,237346,2022-04-03 22:45:00,2022-04-03 22:45:00,2022-04-03 22:50:00,2022-04-04 02:50:00,-1,48
immediate_shock,238186,238186,238187,238235,2022-04-07 00:50:00,2022-04-07 00:50:00,2022-04-07 00:55:00,2022-04-07 04:55:00,-1,48
immediate_shock,238642,238642,238643,238691,2022-04-08 14:50:00,2022-04-08 14:50:00,2022-04-08 14:55:00,2022-04-08 18:55:00,1,48
immediate_shock,239333,239333,239334,239382,2022-04-11 00:25:00,2022-04-11 00:25:00,2022-04-11 00:30:00,2022-04-11 04:30:00,1,48
immediate_shock,239447,239447,239448,239496,2022-04-11 09:55:00,2022-04-11 09:55:00,2022-04-11 10:00:00,2022-04-11 14:00:00,-1,48
immediate_shock,239535,239535,239536,239584,2022-04-11 17:15:00,2022-04-11 17:15:00,2022-04-11 17:20:00,2022-04-11 21:20:00,-1,48
immediate_shock,240077,240077,240078,240126,2022-04-13 14:25:00,2022-04-13 14:25:00,2022-04-13 14:30:00,2022-04-13 18:30:00,-1,48
immediate_shock,240356,240356,240357,240405,2022-04-14 13:40:00,2022-04-14 13:40:00,2022-04-14 13:45:00,2022-04-14 17:45:00,-1,48
immediate_shock,240657,240657,240658,240706,2022-04-15 14:45:00,2022-04-15 14:45:00,2022-04-15 14:50:00,2022-04-15 18:50:00,1,48
immediate_shock,240950,240950,240951,240999,2022-04-16 15:10:00,2022-04-16 15:10:00,2022-04-16 15:15:00,2022-04-16 19:15:00,-1,48
immediate_shock,241395,241395,241396,241444,2022-04-18 04:15:00,2022-04-18 04:15:00,2022-04-18 04:20:00,2022-04-18 08:20:00,-1,48
immediate_shock,241549,241549,241550,241598,2022-04-18 17:05:00,2022-04-18 17:05:00,2022-04-18 17:10:00,2022-04-18 21:10:00,1,48
immediate_shock,242331,242331,242332,242380,2022-04-21 10:15:00,2022-04-21 10:15:00,2022-04-21 10:20:00,2022-04-21 14:20:00,1,48
immediate_shock,242455,242455,242456,242504,2022-04-21 20:35:00,2022-04-21 20:35:00,2022-04-21 20:40:00,2022-04-22 00:40:00,-1,48
immediate_shock,242677,242677,242678,242726,2022-04-22 15:05:00,2022-04-22 15:05:00,2022-04-22 15:10:00,2022-04-22 19:10:00,1,48
immediate_shock,243248,243248,243249,243297,2022-04-24 14:40:00,2022-04-24 14:40:00,2022-04-24 14:45:00,2022-04-24 18:45:00,1,48
immediate_shock,243364,243364,243365,243413,2022-04-25 00:20:00,2022-04-25 00:20:00,2022-04-25 00:25:00,2022-04-25 04:25:00,-1,48
immediate_shock,243444,243444,243445,243493,2022-04-25 07:00:00,2022-04-25 07:00:00,2022-04-25 07:05:00,2022-04-25 11:05:00,-1,48
immediate_shock,243496,243496,243497,243545,2022-04-25 11:20:00,2022-04-25 11:20:00,2022-04-25 11:25:00,2022-04-25 15:25:00,1,48
immediate_shock,243585,243585,243586,243634,2022-04-25 18:45:00,2022-04-25 18:45:00,2022-04-25 18:50:00,2022-04-25 22:50:00,1,48
immediate_shock,243839,243839,243840,243888,2022-04-26 15:55:00,2022-04-26 15:55:00,2022-04-26 16:00:00,2022-04-26 20:00:00,-1,48
immediate_shock,244104,244104,244105,244153,2022-04-27 14:00:00,2022-04-27 14:00:00,2022-04-27 14:05:00,2022-04-27 18:05:00,-1,48
immediate_shock,244405,244405,244406,244454,2022-04-28 15:05:00,2022-04-28 15:05:00,2022-04-28 15:10:00,2022-04-28 19:10:00,1,48
immediate_shock,244712,244712,244713,244761,2022-04-29 16:40:00,2022-04-29 16:40:00,2022-04-29 16:45:00,2022-04-29 20:45:00,-1,48
immediate_shock,245076,245076,245077,245125,2022-04-30 23:00:00,2022-04-30 23:00:00,2022-04-30 23:05:00,2022-05-01 03:05:00,-1,48
immediate_shock,246421,246421,246422,246470,2022-05-05 15:05:00,2022-05-05 15:05:00,2022-05-05 15:10:00,2022-05-05 19:10:00,-1,48
immediate_shock,246619,246619,246620,246668,2022-05-06 07:35:00,2022-05-06 07:35:00,2022-05-06 07:40:00,2022-05-06 11:40:00,-1,48
immediate_shock,247070,247070,247071,247119,2022-05-07 21:10:00,2022-05-07 21:10:00,2022-05-07 21:15:00,2022-05-08 01:15:00,-1,48
immediate_shock,247308,247308,247309,247357,2022-05-08 17:00:00,2022-05-08 17:00:00,2022-05-08 17:05:00,2022-05-08 21:05:00,-1,48
immediate_shock,247421,247421,247422,247470,2022-05-09 02:25:00,2022-05-09 02:25:00,2022-05-09 02:30:00,2022-05-09 06:30:00,-1,48
immediate_shock,247996,247996,247997,248045,2022-05-11 02:20:00,2022-05-11 02:20:00,2022-05-11 02:25:00,2022-05-11 06:25:00,1,48
immediate_shock,248121,248121,248122,248170,2022-05-11 12:45:00,2022-05-11 12:45:00,2022-05-11 12:50:00,2022-05-11 16:50:00,-1,48
immediate_shock,248218,248218,248219,248267,2022-05-11 20:50:00,2022-05-11 20:50:00,2022-05-11 20:55:00,2022-05-12 00:55:00,-1,48
immediate_shock,248308,248308,248309,248357,2022-05-12 04:20:00,2022-05-12 04:20:00,2022-05-12 04:25:00,2022-05-12 08:25:00,-1,48
immediate_shock,249362,249362,249363,249411,2022-05-15 20:10:00,2022-05-15 20:10:00,2022-05-15 20:15:00,2022-05-16 00:15:00,1,48
immediate_shock,250458,250458,250459,250507,2022-05-19 15:30:00,2022-05-19 15:30:00,2022-05-19 15:35:00,2022-05-19 19:35:00,1,48
immediate_shock,252447,252447,252448,252496,2022-05-26 13:15:00,2022-05-26 13:15:00,2022-05-26 13:20:00,2022-05-26 17:20:00,-1,48
immediate_shock,253464,253464,253465,253513,2022-05-30 02:00:00,2022-05-30 02:00:00,2022-05-30 02:05:00,2022-05-30 06:05:00,1,48
immediate_shock,253695,253695,253696,253744,2022-05-30 21:15:00,2022-05-30 21:15:00,2022-05-30 21:20:00,2022-05-31 01:20:00,1,48
immediate_shock,254261,254261,254262,254310,2022-06-01 20:25:00,2022-06-01 20:25:00,2022-06-01 20:30:00,2022-06-02 00:30:00,-1,48
immediate_shock,255748,255748,255749,255797,2022-06-07 00:20:00,2022-06-07 00:20:00,2022-06-07 00:25:00,2022-06-07 04:25:00,-1,48
immediate_shock,255981,255981,255982,256030,2022-06-07 19:45:00,2022-06-07 19:45:00,2022-06-07 19:50:00,2022-06-07 23:50:00,1,48
immediate_shock,256805,256805,256806,256854,2022-06-10 16:25:00,2022-06-10 16:25:00,2022-06-10 16:30:00,2022-06-10 20:30:00,-1,48
immediate_shock,257213,257213,257214,257262,2022-06-12 02:25:00,2022-06-12 02:25:00,2022-06-12 02:30:00,2022-06-12 06:30:00,-1,48
immediate_shock,257355,257355,257356,257404,2022-06-12 14:15:00,2022-06-12 14:15:00,2022-06-12 14:20:00,2022-06-12 18:20:00,-1,48
immediate_shock,257618,257618,257619,257667,2022-06-13 12:10:00,2022-06-13 12:10:00,2022-06-13 12:15:00,2022-06-13 16:15:00,1,48
immediate_shock,258016,258016,258017,258065,2022-06-14 21:20:00,2022-06-14 21:20:00,2022-06-14 21:25:00,2022-06-15 01:25:00,-1,48
immediate_shock,258171,258171,258172,258220,2022-06-15 10:15:00,2022-06-15 10:15:00,2022-06-15 10:20:00,2022-06-15 14:20:00,1,48
immediate_shock,258262,258262,258263,258311,2022-06-15 17:50:00,2022-06-15 17:50:00,2022-06-15 17:55:00,2022-06-15 21:55:00,1,48
immediate_shock,258484,258484,258485,258533,2022-06-16 12:20:00,2022-06-16 12:20:00,2022-06-16 12:25:00,2022-06-16 16:25:00,1,48
immediate_shock,258994,258994,258995,259043,2022-06-18 06:50:00,2022-06-18 06:50:00,2022-06-18 06:55:00,2022-06-18 10:55:00,-1,48
immediate_shock,259153,259153,259154,259202,2022-06-18 20:05:00,2022-06-18 20:05:00,2022-06-18 20:10:00,2022-06-19 00:10:00,-1,48
immediate_shock,259324,259324,259325,259373,2022-06-19 10:20:00,2022-06-19 10:20:00,2022-06-19 10:25:00,2022-06-19 14:25:00,1,48
immediate_shock,259427,259427,259428,259476,2022-06-19 18:55:00,2022-06-19 18:55:00,2022-06-19 19:00:00,2022-06-19 23:00:00,1,48
immediate_shock,260594,260594,260595,260643,2022-06-23 20:10:00,2022-06-23 20:10:00,2022-06-23 20:15:00,2022-06-24 00:15:00,1,48
immediate_shock,262446,262446,262447,262495,2022-06-30 06:30:00,2022-06-30 06:30:00,2022-06-30 06:35:00,2022-06-30 10:35:00,-1,48
immediate_shock,262532,262532,262533,262581,2022-06-30 13:40:00,2022-06-30 13:40:00,2022-06-30 13:45:00,2022-06-30 17:45:00,-1,48
immediate_shock,262653,262653,262654,262702,2022-06-30 23:45:00,2022-06-30 23:45:00,2022-06-30 23:50:00,2022-07-01 03:50:00,1,48
immediate_shock,263290,263290,263291,263339,2022-07-03 04:50:00,2022-07-03 04:50:00,2022-07-03 04:55:00,2022-07-03 08:55:00,-1,48
immediate_shock,264689,264689,264690,264738,2022-07-08 01:25:00,2022-07-08 01:25:00,2022-07-08 01:30:00,2022-07-08 05:30:00,1,48
immediate_shock,266263,266263,266264,266312,2022-07-13 12:35:00,2022-07-13 12:35:00,2022-07-13 12:40:00,2022-07-13 16:40:00,-1,48
immediate_shock,267170,267170,267171,267219,2022-07-16 16:10:00,2022-07-16 16:10:00,2022-07-16 16:15:00,2022-07-16 20:15:00,1,48
immediate_shock,267743,267743,267744,267792,2022-07-18 15:55:00,2022-07-18 15:55:00,2022-07-18 16:00:00,2022-07-18 20:00:00,1,48
immediate_shock,267920,267920,267921,267969,2022-07-19 06:40:00,2022-07-19 06:40:00,2022-07-19 06:45:00,2022-07-19 10:45:00,-1,48
immediate_shock,268369,268369,268370,268418,2022-07-20 20:05:00,2022-07-20 20:05:00,2022-07-20 20:10:00,2022-07-21 00:10:00,-1,48
immediate_shock,268938,268938,268939,268987,2022-07-22 19:30:00,2022-07-22 19:30:00,2022-07-22 19:35:00,2022-07-22 23:35:00,-1,48
immediate_shock,269414,269414,269415,269463,2022-07-24 11:10:00,2022-07-24 11:10:00,2022-07-24 11:15:00,2022-07-24 15:15:00,1,48
immediate_shock,269853,269853,269854,269902,2022-07-25 23:45:00,2022-07-25 23:45:00,2022-07-25 23:50:00,2022-07-26 03:50:00,-1,48
immediate_shock,270367,270367,270368,270416,2022-07-27 18:35:00,2022-07-27 18:35:00,2022-07-27 18:40:00,2022-07-27 22:40:00,1,48
immediate_shock,270465,270465,270466,270514,2022-07-28 02:45:00,2022-07-28 02:45:00,2022-07-28 02:50:00,2022-07-28 06:50:00,1,48
immediate_shock,270799,270799,270800,270848,2022-07-29 06:35:00,2022-07-29 06:35:00,2022-07-29 06:40:00,2022-07-29 10:40:00,1,48
immediate_shock,271244,271244,271245,271293,2022-07-30 19:40:00,2022-07-30 19:40:00,2022-07-30 19:45:00,2022-07-30 23:45:00,-1,48
immediate_shock,271513,271513,271514,271562,2022-07-31 18:05:00,2022-07-31 18:05:00,2022-07-31 18:10:00,2022-07-31 22:10:00,1,48
immediate_shock,272045,272045,272046,272094,2022-08-02 14:25:00,2022-08-02 14:25:00,2022-08-02 14:30:00,2022-08-02 18:30:00,1,48
immediate_shock,272523,272523,272524,272572,2022-08-04 06:15:00,2022-08-04 06:15:00,2022-08-04 06:20:00,2022-08-04 10:20:00,-1,48
immediate_shock,272649,272649,272650,272698,2022-08-04 16:45:00,2022-08-04 16:45:00,2022-08-04 16:50:00,2022-08-04 20:50:00,-1,48
immediate_shock,272808,272808,272809,272857,2022-08-05 06:00:00,2022-08-05 06:00:00,2022-08-05 06:05:00,2022-08-05 10:05:00,1,48
immediate_shock,275654,275654,275655,275703,2022-08-15 03:10:00,2022-08-15 03:10:00,2022-08-15 03:15:00,2022-08-15 07:15:00,1,48
immediate_shock,276847,276847,276848,276896,2022-08-19 06:35:00,2022-08-19 06:35:00,2022-08-19 06:40:00,2022-08-19 10:40:00,-1,48
immediate_shock,277595,277595,277596,277644,2022-08-21 20:55:00,2022-08-21 20:55:00,2022-08-21 21:00:00,2022-08-22 01:00:00,-1,48
immediate_shock,278037,278037,278038,278086,2022-08-23 09:45:00,2022-08-23 09:45:00,2022-08-23 09:50:00,2022-08-23 13:50:00,1,48
immediate_shock,278401,278401,278402,278450,2022-08-24 16:05:00,2022-08-24 16:05:00,2022-08-24 16:10:00,2022-08-24 20:10:00,1,48
immediate_shock,278917,278917,278918,278966,2022-08-26 11:05:00,2022-08-26 11:05:00,2022-08-26 11:10:00,2022-08-26 15:10:00,-1,48
immediate_shock,279062,279062,279063,279111,2022-08-26 23:10:00,2022-08-26 23:10:00,2022-08-26 23:15:00,2022-08-27 03:15:00,-1,48
immediate_shock,279840,279840,279841,279889,2022-08-29 16:00:00,2022-08-29 16:00:00,2022-08-29 16:05:00,2022-08-29 20:05:00,1,48
immediate_shock,280110,280110,280111,280159,2022-08-30 14:30:00,2022-08-30 14:30:00,2022-08-30 14:35:00,2022-08-30 18:35:00,-1,48
immediate_shock,280164,280164,280165,280213,2022-08-30 19:00:00,2022-08-30 19:00:00,2022-08-30 19:05:00,2022-08-30 23:05:00,1,48
immediate_shock,280372,280372,280373,280421,2022-08-31 12:20:00,2022-08-31 12:20:00,2022-08-31 12:25:00,2022-08-31 16:25:00,-1,48
immediate_shock,280836,280836,280837,280885,2022-09-02 03:00:00,2022-09-02 03:00:00,2022-09-02 03:05:00,2022-09-02 07:05:00,1,48
immediate_shock,281008,281008,281009,281057,2022-09-02 17:20:00,2022-09-02 17:20:00,2022-09-02 17:25:00,2022-09-02 21:25:00,-1,48
immediate_shock,281962,281962,281963,282011,2022-09-06 00:50:00,2022-09-06 00:50:00,2022-09-06 00:55:00,2022-09-06 04:55:00,1,48
immediate_shock,282157,282157,282158,282206,2022-09-06 17:05:00,2022-09-06 17:05:00,2022-09-06 17:10:00,2022-09-06 21:10:00,-1,48
immediate_shock,282268,282268,282269,282317,2022-09-07 02:20:00,2022-09-07 02:20:00,2022-09-07 02:25:00,2022-09-07 06:25:00,-1,48
immediate_shock,282465,282465,282466,282514,2022-09-07 18:45:00,2022-09-07 18:45:00,2022-09-07 18:50:00,2022-09-07 22:50:00,1,48
immediate_shock,282857,282857,282858,282906,2022-09-09 03:25:00,2022-09-09 03:25:00,2022-09-09 03:30:00,2022-09-09 07:30:00,1,48
immediate_shock,283365,283365,283366,283414,2022-09-10 21:45:00,2022-09-10 21:45:00,2022-09-10 21:50:00,2022-09-11 01:50:00,1,48
immediate_shock,283604,283604,283605,283653,2022-09-11 17:40:00,2022-09-11 17:40:00,2022-09-11 17:45:00,2022-09-11 21:45:00,-1,48
immediate_shock,283697,283697,283698,283746,2022-09-12 01:25:00,2022-09-12 01:25:00,2022-09-12 01:30:00,2022-09-12 05:30:00,1,48
immediate_shock,283972,283972,283973,284021,2022-09-13 00:20:00,2022-09-13 00:20:00,2022-09-13 00:25:00,2022-09-13 04:25:00,-1,48
immediate_shock,284474,284474,284475,284523,2022-09-14 18:10:00,2022-09-14 18:10:00,2022-09-14 18:15:00,2022-09-14 22:15:00,-1,48
immediate_shock,284719,284719,284720,284768,2022-09-15 14:35:00,2022-09-15 14:35:00,2022-09-15 14:40:00,2022-09-15 18:40:00,-1,48
immediate_shock,285525,285525,285526,285574,2022-09-18 09:45:00,2022-09-18 09:45:00,2022-09-18 09:50:00,2022-09-18 13:50:00,-1,48
immediate_shock,285723,285723,285724,285772,2022-09-19 02:15:00,2022-09-19 02:15:00,2022-09-19 02:20:00,2022-09-19 06:20:00,-1,48
immediate_shock,285860,285860,285861,285909,2022-09-19 13:40:00,2022-09-19 13:40:00,2022-09-19 13:45:00,2022-09-19 17:45:00,1,48
immediate_shock,286023,286023,286024,286072,2022-09-20 03:15:00,2022-09-20 03:15:00,2022-09-20 03:20:00,2022-09-20 07:20:00,-1,48
immediate_shock,286143,286143,286144,286192,2022-09-20 13:15:00,2022-09-20 13:15:00,2022-09-20 13:20:00,2022-09-20 17:20:00,-1,48
immediate_shock,286487,286487,286488,286536,2022-09-21 17:55:00,2022-09-21 17:55:00,2022-09-21 18:00:00,2022-09-21 22:00:00,1,48
immediate_shock,287117,287117,287118,287166,2022-09-23 22:25:00,2022-09-23 22:25:00,2022-09-23 22:30:00,2022-09-24 02:30:00,1,48
immediate_shock,287865,287865,287866,287914,2022-09-26 12:45:00,2022-09-26 12:45:00,2022-09-26 12:50:00,2022-09-26 16:50:00,1,48
immediate_shock,288035,288035,288036,288084,2022-09-27 02:55:00,2022-09-27 02:55:00,2022-09-27 03:00:00,2022-09-27 07:00:00,1,48
immediate_shock,288315,288315,288316,288364,2022-09-28 02:15:00,2022-09-28 02:15:00,2022-09-28 02:20:00,2022-09-28 06:20:00,-1,48
immediate_shock,288501,288501,288502,288550,2022-09-28 17:45:00,2022-09-28 17:45:00,2022-09-28 17:50:00,2022-09-28 21:50:00,-1,48
immediate_shock,288726,288726,288727,288775,2022-09-29 12:30:00,2022-09-29 12:30:00,2022-09-29 12:35:00,2022-09-29 16:35:00,-1,48
immediate_shock,289041,289041,289042,289090,2022-09-30 14:45:00,2022-09-30 14:45:00,2022-09-30 14:50:00,2022-09-30 18:50:00,1,48
immediate_shock,292758,292758,292759,292807,2022-10-13 12:30:00,2022-10-13 12:30:00,2022-10-13 12:35:00,2022-10-13 16:35:00,-1,48
immediate_shock,292914,292914,292915,292963,2022-10-14 01:30:00,2022-10-14 01:30:00,2022-10-14 01:35:00,2022-10-14 05:35:00,1,48
immediate_shock,293066,293066,293067,293115,2022-10-14 14:10:00,2022-10-14 14:10:00,2022-10-14 14:15:00,2022-10-14 18:15:00,-1,48
immediate_shock,295058,295058,295059,295107,2022-10-21 12:10:00,2022-10-21 12:10:00,2022-10-21 12:15:00,2022-10-21 16:15:00,-1,48
immediate_shock,295702,295702,295703,295751,2022-10-23 17:50:00,2022-10-23 17:50:00,2022-10-23 17:55:00,2022-10-23 21:55:00,1,48
immediate_shock,296268,296268,296269,296317,2022-10-25 17:00:00,2022-10-25 17:00:00,2022-10-25 17:05:00,2022-10-25 21:05:00,1,48
immediate_shock,296455,296455,296456,296504,2022-10-26 08:35:00,2022-10-26 08:35:00,2022-10-26 08:40:00,2022-10-26 12:40:00,1,48
immediate_shock,297090,297090,297091,297139,2022-10-28 13:30:00,2022-10-28 13:30:00,2022-10-28 13:35:00,2022-10-28 17:35:00,1,48
immediate_shock,297959,297959,297960,298008,2022-10-31 13:55:00,2022-10-31 13:55:00,2022-10-31 14:00:00,2022-10-31 18:00:00,-1,48
immediate_shock,299116,299116,299117,299165,2022-11-04 14:20:00,2022-11-04 14:20:00,2022-11-04 14:25:00,2022-11-04 18:25:00,1,48
immediate_shock,299240,299240,299241,299289,2022-11-05 00:40:00,2022-11-05 00:40:00,2022-11-05 00:45:00,2022-11-05 04:45:00,1,48
immediate_shock,300130,300130,300131,300179,2022-11-08 02:50:00,2022-11-08 02:50:00,2022-11-08 02:55:00,2022-11-08 06:55:00,-1,48
immediate_shock,300313,300313,300314,300362,2022-11-08 18:05:00,2022-11-08 18:05:00,2022-11-08 18:10:00,2022-11-08 22:10:00,-1,48
immediate_shock,300496,300496,300497,300545,2022-11-09 09:20:00,2022-11-09 09:20:00,2022-11-09 09:25:00,2022-11-09 13:25:00,1,48
immediate_shock,300632,300632,300633,300681,2022-11-09 20:40:00,2022-11-09 20:40:00,2022-11-09 20:45:00,2022-11-10 00:45:00,-1,48
immediate_shock,300922,300922,300923,300971,2022-11-10 20:50:00,2022-11-10 20:50:00,2022-11-10 20:55:00,2022-11-11 00:55:00,1,48
immediate_shock,301788,301788,301789,301837,2022-11-13 21:00:00,2022-11-13 21:00:00,2022-11-13 21:05:00,2022-11-14 01:05:00,-1,48
immediate_shock,301904,301904,301905,301953,2022-11-14 06:40:00,2022-11-14 06:40:00,2022-11-14 06:45:00,2022-11-14 10:45:00,1,48
immediate_shock,301982,301982,301983,302031,2022-11-14 13:10:00,2022-11-14 13:10:00,2022-11-14 13:15:00,2022-11-14 17:15:00,1,48
immediate_shock,304101,304101,304102,304150,2022-11-21 21:45:00,2022-11-21 21:45:00,2022-11-21 21:50:00,2022-11-22 01:50:00,-1,48
immediate_shock,306440,306440,306441,306489,2022-11-30 00:40:00,2022-11-30 00:40:00,2022-11-30 00:45:00,2022-11-30 04:45:00,1,48
immediate_shock,310295,310295,310296,310344,2022-12-13 09:55:00,2022-12-13 09:55:00,2022-12-13 10:00:00,2022-12-13 14:00:00,1,48
immediate_shock,311146,311146,311147,311195,2022-12-16 08:50:00,2022-12-16 08:50:00,2022-12-16 08:55:00,2022-12-16 12:55:00,-1,48
immediate_shock,311233,311233,311234,311282,2022-12-16 16:05:00,2022-12-16 16:05:00,2022-12-16 16:10:00,2022-12-16 20:10:00,-1,48
immediate_shock,311311,311311,311312,311360,2022-12-16 22:35:00,2022-12-16 22:35:00,2022-12-16 22:40:00,2022-12-17 02:40:00,-1,48
immediate_shock,312174,312174,312175,312223,2022-12-19 22:30:00,2022-12-19 22:30:00,2022-12-19 22:35:00,2022-12-20 02:35:00,-1,48
immediate_shock,312224,312224,312225,312273,2022-12-20 02:40:00,2022-12-20 02:40:00,2022-12-20 02:45:00,2022-12-20 06:45:00,1,48
immediate_shock,312371,312371,312372,312420,2022-12-20 14:55:00,2022-12-20 14:55:00,2022-12-20 15:00:00,2022-12-20 19:00:00,1,48
immediate_shock,312942,312942,312943,312991,2022-12-22 14:30:00,2022-12-22 14:30:00,2022-12-22 14:35:00,2022-12-22 18:35:00,-1,48
immediate_shock,313012,313012,313013,313061,2022-12-22 20:20:00,2022-12-22 20:20:00,2022-12-22 20:25:00,2022-12-23 00:25:00,1,48
immediate_shock,314420,314420,314421,314469,2022-12-27 17:40:00,2022-12-27 17:40:00,2022-12-27 17:45:00,2022-12-27 21:45:00,-1,48
immediate_shock,315249,315249,315250,315298,2022-12-30 14:45:00,2022-12-30 14:45:00,2022-12-30 14:50:00,2022-12-30 18:50:00,-1,48
immediate_shock,315982,315982,315983,316031,2023-01-02 03:50:00,2023-01-02 03:50:00,2023-01-02 03:55:00,2023-01-02 07:55:00,1,48
immediate_shock,318809,318809,318810,318858,2023-01-11 23:25:00,2023-01-11 23:25:00,2023-01-11 23:30:00,2023-01-12 03:30:00,1,48
immediate_shock,318992,318992,318993,319041,2023-01-12 14:40:00,2023-01-12 14:40:00,2023-01-12 14:45:00,2023-01-12 18:45:00,-1,48
immediate_shock,319233,319233,319234,319282,2023-01-13 10:45:00,2023-01-13 10:45:00,2023-01-13 10:50:00,2023-01-13 14:50:00,1,48
immediate_shock,319363,319363,319364,319412,2023-01-13 21:35:00,2023-01-13 21:35:00,2023-01-13 21:40:00,2023-01-14 01:40:00,1,48
immediate_shock,319503,319503,319504,319552,2023-01-14 09:15:00,2023-01-14 09:15:00,2023-01-14 09:20:00,2023-01-14 13:20:00,-1,48
immediate_shock,319567,319567,319568,319616,2023-01-14 14:35:00,2023-01-14 14:35:00,2023-01-14 14:40:00,2023-01-14 18:40:00,-1,48
immediate_shock,319686,319686,319687,319735,2023-01-15 00:30:00,2023-01-15 00:30:00,2023-01-15 00:35:00,2023-01-15 04:35:00,-1,48
immediate_shock,319799,319799,319800,319848,2023-01-15 09:55:00,2023-01-15 09:55:00,2023-01-15 10:00:00,2023-01-15 14:00:00,1,48
immediate_shock,319896,319896,319897,319945,2023-01-15 18:00:00,2023-01-15 18:00:00,2023-01-15 18:05:00,2023-01-15 22:05:00,-1,48
immediate_shock,319981,319981,319982,320030,2023-01-16 01:05:00,2023-01-16 01:05:00,2023-01-16 01:10:00,2023-01-16 05:10:00,1,48
immediate_shock,320065,320065,320066,320114,2023-01-16 08:05:00,2023-01-16 08:05:00,2023-01-16 08:10:00,2023-01-16 12:10:00,-1,48
immediate_shock,320150,320150,320151,320199,2023-01-16 15:10:00,2023-01-16 15:10:00,2023-01-16 15:15:00,2023-01-16 19:15:00,-1,48
immediate_shock,320428,320428,320429,320477,2023-01-17 14:20:00,2023-01-17 14:20:00,2023-01-17 14:25:00,2023-01-17 18:25:00,1,48
immediate_shock,320576,320576,320577,320625,2023-01-18 02:40:00,2023-01-18 02:40:00,2023-01-18 02:45:00,2023-01-18 06:45:00,1,48
immediate_shock,320713,320713,320714,320762,2023-01-18 14:05:00,2023-01-18 14:05:00,2023-01-18 14:10:00,2023-01-18 18:10:00,1,48
immediate_shock,321360,321360,321361,321409,2023-01-20 20:00:00,2023-01-20 20:00:00,2023-01-20 20:05:00,2023-01-21 00:05:00,1,48
immediate_shock,321683,321683,321684,321732,2023-01-21 22:55:00,2023-01-21 22:55:00,2023-01-21 23:00:00,2023-01-22 03:00:00,-1,48
immediate_shock,321880,321880,321881,321929,2023-01-22 15:20:00,2023-01-22 15:20:00,2023-01-22 15:25:00,2023-01-22 19:25:00,-1,48
immediate_shock,322541,322541,322542,322590,2023-01-24 22:25:00,2023-01-24 22:25:00,2023-01-24 22:30:00,2023-01-25 02:30:00,-1,48
immediate_shock,322800,322800,322801,322849,2023-01-25 20:00:00,2023-01-25 20:00:00,2023-01-25 20:05:00,2023-01-26 00:05:00,1,48
immediate_shock,323155,323155,323156,323204,2023-01-27 01:35:00,2023-01-27 01:35:00,2023-01-27 01:40:00,2023-01-27 05:40:00,-1,48
immediate_shock,323727,323727,323728,323776,2023-01-29 01:15:00,2023-01-29 01:15:00,2023-01-29 01:20:00,2023-01-29 05:20:00,1,48
immediate_shock,324230,324230,324231,324279,2023-01-30 19:10:00,2023-01-30 19:10:00,2023-01-30 19:15:00,2023-01-30 23:15:00,-1,48
immediate_shock,324561,324561,324562,324610,2023-01-31 22:45:00,2023-01-31 22:45:00,2023-01-31 22:50:00,2023-02-01 02:50:00,1,48
immediate_shock,324872,324872,324873,324921,2023-02-02 00:40:00,2023-02-02 00:40:00,2023-02-02 00:45:00,2023-02-02 04:45:00,1,48
immediate_shock,326517,326517,326518,326566,2023-02-07 17:45:00,2023-02-07 17:45:00,2023-02-07 17:50:00,2023-02-07 21:50:00,1,48
immediate_shock,327112,327112,327113,327161,2023-02-09 19:20:00,2023-02-09 19:20:00,2023-02-09 19:25:00,2023-02-09 23:25:00,-1,48
immediate_shock,328498,328498,328499,328547,2023-02-14 14:50:00,2023-02-14 14:50:00,2023-02-14 14:55:00,2023-02-14 18:55:00,1,48
immediate_shock,328849,328849,328850,328898,2023-02-15 20:05:00,2023-02-15 20:05:00,2023-02-15 20:10:00,2023-02-16 00:10:00,1,48
immediate_shock,329084,329084,329085,329133,2023-02-16 15:40:00,2023-02-16 15:40:00,2023-02-16 15:45:00,2023-02-16 19:45:00,1,48
immediate_shock,329166,329166,329167,329215,2023-02-16 22:30:00,2023-02-16 22:30:00,2023-02-16 22:35:00,2023-02-17 02:35:00,-1,48
immediate_shock,329358,329358,329359,329407,2023-02-17 14:30:00,2023-02-17 14:30:00,2023-02-17 14:35:00,2023-02-17 18:35:00,1,48
immediate_shock,329425,329425,329426,329474,2023-02-17 20:05:00,2023-02-17 20:05:00,2023-02-17 20:10:00,2023-02-18 00:10:00,1,48
immediate_shock,329954,329954,329955,330003,2023-02-19 16:10:00,2023-02-19 16:10:00,2023-02-19 16:15:00,2023-02-19 20:15:00,1,48
immediate_shock,330062,330062,330063,330111,2023-02-20 01:10:00,2023-02-20 01:10:00,2023-02-20 01:15:00,2023-02-20 05:15:00,-1,48
immediate_shock,330164,330164,330165,330213,2023-02-20 09:40:00,2023-02-20 09:40:00,2023-02-20 09:45:00,2023-02-20 13:45:00,1,48
immediate_shock,331048,331048,331049,331097,2023-02-23 11:20:00,2023-02-23 11:20:00,2023-02-23 11:25:00,2023-02-23 15:25:00,-1,48
immediate_shock,331392,331392,331393,331441,2023-02-24 16:00:00,2023-02-24 16:00:00,2023-02-24 16:05:00,2023-02-24 20:05:00,-1,48
immediate_shock,332258,332258,332259,332307,2023-02-27 16:10:00,2023-02-27 16:10:00,2023-02-27 16:15:00,2023-02-27 20:15:00,-1,48
immediate_shock,332527,332527,332528,332576,2023-02-28 14:35:00,2023-02-28 14:35:00,2023-02-28 14:40:00,2023-02-28 18:40:00,1,48
immediate_shock,332697,332697,332698,332746,2023-03-01 04:45:00,2023-03-01 04:45:00,2023-03-01 04:50:00,2023-03-01 08:50:00,1,48
immediate_shock,332746,332746,332747,332795,2023-03-01 08:50:00,2023-03-01 08:50:00,2023-03-01 08:55:00,2023-03-01 12:55:00,1,48
immediate_shock,332877,332877,332878,332926,2023-03-01 19:45:00,2023-03-01 19:45:00,2023-03-01 19:50:00,2023-03-01 23:50:00,-1,48
immediate_shock,333231,333231,333232,333280,2023-03-03 01:15:00,2023-03-03 01:15:00,2023-03-03 01:20:00,2023-03-03 05:20:00,-1,48
immediate_shock,333807,333807,333808,333856,2023-03-05 01:15:00,2023-03-05 01:15:00,2023-03-05 01:20:00,2023-03-05 05:20:00,1,48
immediate_shock,334548,334548,334549,334597,2023-03-07 15:00:00,2023-03-07 15:00:00,2023-03-07 15:05:00,2023-03-07 19:05:00,-1,48
immediate_shock,334838,334838,334839,334887,2023-03-08 15:10:00,2023-03-08 15:10:00,2023-03-08 15:15:00,2023-03-08 19:15:00,1,48
immediate_shock,335166,335166,335167,335215,2023-03-09 18:30:00,2023-03-09 18:30:00,2023-03-09 18:35:00,2023-03-09 22:35:00,-1,48
immediate_shock,335624,335624,335625,335673,2023-03-11 08:40:00,2023-03-11 08:40:00,2023-03-11 08:45:00,2023-03-11 12:45:00,1,48
immediate_shock,336017,336017,336018,336066,2023-03-12 17:25:00,2023-03-12 17:25:00,2023-03-12 17:30:00,2023-03-12 21:30:00,1,48
immediate_shock,336075,336075,336076,336124,2023-03-12 22:15:00,2023-03-12 22:15:00,2023-03-12 22:20:00,2023-03-13 02:20:00,1,48
immediate_shock,336265,336265,336266,336314,2023-03-13 14:05:00,2023-03-13 14:05:00,2023-03-13 14:10:00,2023-03-13 18:10:00,1,48
immediate_shock,336375,336375,336376,336424,2023-03-13 23:15:00,2023-03-13 23:15:00,2023-03-13 23:20:00,2023-03-14 03:20:00,-1,48
immediate_shock,336536,336536,336537,336585,2023-03-14 12:40:00,2023-03-14 12:40:00,2023-03-14 12:45:00,2023-03-14 16:45:00,1,48
immediate_shock,336614,336614,336615,336663,2023-03-14 19:10:00,2023-03-14 19:10:00,2023-03-14 19:15:00,2023-03-14 23:15:00,-1,48
immediate_shock,337076,337076,337077,337125,2023-03-16 09:40:00,2023-03-16 09:40:00,2023-03-16 09:45:00,2023-03-16 13:45:00,1,48
immediate_shock,337220,337220,337221,337269,2023-03-16 21:40:00,2023-03-16 21:40:00,2023-03-16 21:45:00,2023-03-17 01:45:00,1,48
immediate_shock,337734,337734,337735,337783,2023-03-18 16:30:00,2023-03-18 16:30:00,2023-03-18 16:35:00,2023-03-18 20:35:00,-1,48
immediate_shock,338143,338143,338144,338192,2023-03-20 02:35:00,2023-03-20 02:35:00,2023-03-20 02:40:00,2023-03-20 06:40:00,-1,48
immediate_shock,338485,338485,338486,338534,2023-03-21 07:05:00,2023-03-21 07:05:00,2023-03-21 07:10:00,2023-03-21 11:10:00,-1,48
immediate_shock,339155,339155,339156,339204,2023-03-23 14:55:00,2023-03-23 14:55:00,2023-03-23 15:00:00,2023-03-23 19:00:00,1,48
immediate_shock,339405,339405,339406,339454,2023-03-24 11:45:00,2023-03-24 11:45:00,2023-03-24 11:50:00,2023-03-24 15:50:00,-1,48
immediate_shock,340307,340307,340308,340356,2023-03-27 14:55:00,2023-03-27 14:55:00,2023-03-27 15:00:00,2023-03-27 19:00:00,-1,48
immediate_shock,340781,340781,340782,340830,2023-03-29 06:25:00,2023-03-29 06:25:00,2023-03-29 06:30:00,2023-03-29 10:30:00,1,48
immediate_shock,342386,342386,342387,342435,2023-04-03 20:10:00,2023-04-03 20:10:00,2023-04-03 20:15:00,2023-04-04 00:15:00,-1,48
immediate_shock,344424,344424,344425,344473,2023-04-10 22:00:00,2023-04-10 22:00:00,2023-04-10 22:05:00,2023-04-11 02:05:00,1,48
immediate_shock,344886,344886,344887,344935,2023-04-12 12:30:00,2023-04-12 12:30:00,2023-04-12 12:35:00,2023-04-12 16:35:00,1,48
immediate_shock,345319,345319,345320,345368,2023-04-14 00:35:00,2023-04-14 00:35:00,2023-04-14 00:40:00,2023-04-14 04:40:00,1,48
immediate_shock,346183,346183,346184,346232,2023-04-17 00:35:00,2023-04-17 00:35:00,2023-04-17 00:40:00,2023-04-17 04:40:00,-1,48
immediate_shock,346314,346314,346315,346363,2023-04-17 11:30:00,2023-04-17 11:30:00,2023-04-17 11:35:00,2023-04-17 15:35:00,-1,48
immediate_shock,346849,346849,346850,346898,2023-04-19 08:05:00,2023-04-19 08:05:00,2023-04-19 08:10:00,2023-04-19 12:10:00,-1,48
immediate_shock,347557,347557,347558,347606,2023-04-21 19:05:00,2023-04-21 19:05:00,2023-04-21 19:10:00,2023-04-21 23:10:00,-1,48
immediate_shock,347910,347910,347911,347959,2023-04-23 00:30:00,2023-04-23 00:30:00,2023-04-23 00:35:00,2023-04-23 04:35:00,-1,48
immediate_shock,348087,348087,348088,348136,2023-04-23 15:15:00,2023-04-23 15:15:00,2023-04-23 15:20:00,2023-04-23 19:20:00,-1,48
immediate_shock,348202,348202,348203,348251,2023-04-24 00:50:00,2023-04-24 00:50:00,2023-04-24 00:55:00,2023-04-24 04:55:00,1,48
immediate_shock,348732,348732,348733,348781,2023-04-25 21:00:00,2023-04-25 21:00:00,2023-04-25 21:05:00,2023-04-26 01:05:00,1,48
immediate_shock,348917,348917,348918,348966,2023-04-26 12:25:00,2023-04-26 12:25:00,2023-04-26 12:30:00,2023-04-26 16:30:00,1,48
immediate_shock,348999,348999,349000,349048,2023-04-26 19:15:00,2023-04-26 19:15:00,2023-04-26 19:20:00,2023-04-26 23:20:00,-1,48
immediate_shock,349138,349138,349139,349187,2023-04-27 06:50:00,2023-04-27 06:50:00,2023-04-27 06:55:00,2023-04-27 10:55:00,-1,48
immediate_shock,349240,349240,349241,349289,2023-04-27 15:20:00,2023-04-27 15:20:00,2023-04-27 15:25:00,2023-04-27 19:25:00,1,48
immediate_shock,349508,349508,349509,349557,2023-04-28 13:40:00,2023-04-28 13:40:00,2023-04-28 13:45:00,2023-04-28 17:45:00,-1,48
immediate_shock,350100,350100,350101,350149,2023-04-30 15:00:00,2023-04-30 15:00:00,2023-04-30 15:05:00,2023-04-30 19:05:00,1,48
immediate_shock,350227,350227,350228,350276,2023-05-01 01:35:00,2023-05-01 01:35:00,2023-05-01 01:40:00,2023-05-01 05:40:00,-1,48
immediate_shock,350392,350392,350393,350441,2023-05-01 15:20:00,2023-05-01 15:20:00,2023-05-01 15:25:00,2023-05-01 19:25:00,-1,48
immediate_shock,350669,350669,350670,350718,2023-05-02 14:25:00,2023-05-02 14:25:00,2023-05-02 14:30:00,2023-05-02 18:30:00,1,48
immediate_shock,351378,351378,351379,351427,2023-05-05 01:30:00,2023-05-05 01:30:00,2023-05-05 01:35:00,2023-05-05 05:35:00,1,48
immediate_shock,351817,351817,351818,351866,2023-05-06 14:05:00,2023-05-06 14:05:00,2023-05-06 14:10:00,2023-05-06 18:10:00,-1,48
immediate_shock,352244,352244,352245,352293,2023-05-08 01:40:00,2023-05-08 01:40:00,2023-05-08 01:45:00,2023-05-08 05:45:00,-1,48
immediate_shock,352439,352439,352440,352488,2023-05-08 17:55:00,2023-05-08 17:55:00,2023-05-08 18:00:00,2023-05-08 22:00:00,-1,48
immediate_shock,353006,353006,353007,353055,2023-05-10 17:10:00,2023-05-10 17:10:00,2023-05-10 17:15:00,2023-05-10 21:15:00,-1,48
immediate_shock,353446,353446,353447,353495,2023-05-12 05:50:00,2023-05-12 05:50:00,2023-05-12 05:55:00,2023-05-12 09:55:00,-1,48
immediate_shock,353609,353609,353610,353658,2023-05-12 19:25:00,2023-05-12 19:25:00,2023-05-12 19:30:00,2023-05-12 23:30:00,-1,48
immediate_shock,355315,355315,355316,355364,2023-05-18 17:35:00,2023-05-18 17:35:00,2023-05-18 17:40:00,2023-05-18 21:40:00,-1,48
immediate_shock,356998,356998,356999,357047,2023-05-24 13:50:00,2023-05-24 13:50:00,2023-05-24 13:55:00,2023-05-24 17:55:00,-1,48
immediate_shock,357137,357137,357138,357186,2023-05-25 01:25:00,2023-05-25 01:25:00,2023-05-25 01:30:00,2023-05-25 05:30:00,-1,48
immediate_shock,358204,358204,358205,358253,2023-05-28 18:20:00,2023-05-28 18:20:00,2023-05-28 18:25:00,2023-05-28 22:25:00,1,48
immediate_shock,358905,358905,358906,358954,2023-05-31 04:45:00,2023-05-31 04:45:00,2023-05-31 04:50:00,2023-05-31 08:50:00,-1,48
immediate_shock,359169,359169,359170,359218,2023-06-01 02:45:00,2023-06-01 02:45:00,2023-06-01 02:50:00,2023-06-01 06:50:00,-1,48
immediate_shock,359338,359338,359339,359387,2023-06-01 16:50:00,2023-06-01 16:50:00,2023-06-01 16:55:00,2023-06-01 20:55:00,1,48
immediate_shock,359431,359431,359432,359480,2023-06-02 00:35:00,2023-06-02 00:35:00,2023-06-02 00:40:00,2023-06-02 04:40:00,-1,48
immediate_shock,360479,360479,360480,360528,2023-06-05 15:55:00,2023-06-05 15:55:00,2023-06-05 16:00:00,2023-06-05 20:00:00,-1,48
immediate_shock,360722,360722,360723,360771,2023-06-06 12:10:00,2023-06-06 12:10:00,2023-06-06 12:15:00,2023-06-06 16:15:00,-1,48
immediate_shock,361468,361468,361469,361517,2023-06-09 02:20:00,2023-06-09 02:20:00,2023-06-09 02:25:00,2023-06-09 06:25:00,-1,48
immediate_shock,361780,361780,361781,361829,2023-06-10 04:20:00,2023-06-10 04:20:00,2023-06-10 04:25:00,2023-06-10 08:25:00,-1,48
immediate_shock,361933,361933,361934,361982,2023-06-10 17:05:00,2023-06-10 17:05:00,2023-06-10 17:10:00,2023-06-10 21:10:00,1,48
immediate_shock,362332,362332,362333,362381,2023-06-12 02:20:00,2023-06-12 02:20:00,2023-06-12 02:25:00,2023-06-12 06:25:00,-1,48
immediate_shock,362744,362744,362745,362793,2023-06-13 12:40:00,2023-06-13 12:40:00,2023-06-13 12:45:00,2023-06-13 16:45:00,-1,48
immediate_shock,363120,363120,363121,363169,2023-06-14 20:00:00,2023-06-14 20:00:00,2023-06-14 20:05:00,2023-06-15 00:05:00,-1,48
immediate_shock,363394,363394,363395,363443,2023-06-15 18:50:00,2023-06-15 18:50:00,2023-06-15 18:55:00,2023-06-15 22:55:00,1,48
immediate_shock,363635,363635,363636,363684,2023-06-16 14:55:00,2023-06-16 14:55:00,2023-06-16 15:00:00,2023-06-16 19:00:00,1,48
immediate_shock,363812,363812,363813,363861,2023-06-17 05:40:00,2023-06-17 05:40:00,2023-06-17 05:45:00,2023-06-17 09:45:00,1,48
immediate_shock,364519,364519,364520,364568,2023-06-19 16:35:00,2023-06-19 16:35:00,2023-06-19 16:40:00,2023-06-19 20:40:00,1,48
immediate_shock,364821,364821,364822,364870,2023-06-20 17:45:00,2023-06-20 17:45:00,2023-06-20 17:50:00,2023-06-20 21:50:00,1,48
immediate_shock,364908,364908,364909,364957,2023-06-21 01:00:00,2023-06-21 01:00:00,2023-06-21 01:05:00,2023-06-21 05:05:00,1,48
immediate_shock,365061,365061,365062,365110,2023-06-21 13:45:00,2023-06-21 13:45:00,2023-06-21 13:50:00,2023-06-21 17:50:00,1,48
immediate_shock,365317,365317,365318,365366,2023-06-22 11:05:00,2023-06-22 11:05:00,2023-06-22 11:10:00,2023-06-22 15:10:00,-1,48
immediate_shock,365590,365590,365591,365639,2023-06-23 09:50:00,2023-06-23 09:50:00,2023-06-23 09:55:00,2023-06-23 13:55:00,1,48
immediate_shock,365655,365655,365656,365704,2023-06-23 15:15:00,2023-06-23 15:15:00,2023-06-23 15:20:00,2023-06-23 19:20:00,1,48
immediate_shock,366537,366537,366538,366586,2023-06-26 16:45:00,2023-06-26 16:45:00,2023-06-26 16:50:00,2023-06-26 20:50:00,-1,48
immediate_shock,366792,366792,366793,366841,2023-06-27 14:00:00,2023-06-27 14:00:00,2023-06-27 14:05:00,2023-06-27 18:05:00,1,48
immediate_shock,367063,367063,367064,367112,2023-06-28 12:35:00,2023-06-28 12:35:00,2023-06-28 12:40:00,2023-06-28 16:40:00,-1,48
immediate_shock,367444,367444,367445,367493,2023-06-29 20:20:00,2023-06-29 20:20:00,2023-06-29 20:25:00,2023-06-30 00:25:00,-1,48
immediate_shock,367544,367544,367545,367593,2023-06-30 04:40:00,2023-06-30 04:40:00,2023-06-30 04:45:00,2023-06-30 08:45:00,1,48
immediate_shock,367651,367651,367652,367700,2023-06-30 13:35:00,2023-06-30 13:35:00,2023-06-30 13:40:00,2023-06-30 17:40:00,-1,48
immediate_shock,368248,368248,368249,368297,2023-07-02 15:20:00,2023-07-02 15:20:00,2023-07-02 15:25:00,2023-07-02 19:25:00,-1,48
immediate_shock,369321,369321,369322,369370,2023-07-06 08:45:00,2023-07-06 08:45:00,2023-07-06 08:50:00,2023-07-06 12:50:00,1,48
immediate_shock,370631,370631,370632,370680,2023-07-10 21:55:00,2023-07-10 21:55:00,2023-07-10 22:00:00,2023-07-11 02:00:00,-1,48
immediate_shock,371417,371417,371418,371466,2023-07-13 15:25:00,2023-07-13 15:25:00,2023-07-13 15:30:00,2023-07-13 19:30:00,1,48
immediate_shock,371727,371727,371728,371776,2023-07-14 17:15:00,2023-07-14 17:15:00,2023-07-14 17:20:00,2023-07-14 21:20:00,-1,48
immediate_shock,372606,372606,372607,372655,2023-07-17 18:30:00,2023-07-17 18:30:00,2023-07-17 18:35:00,2023-07-17 22:35:00,-1,48
immediate_shock,373423,373423,373424,373472,2023-07-20 14:35:00,2023-07-20 14:35:00,2023-07-20 14:40:00,2023-07-20 18:40:00,-1,48
immediate_shock,374518,374518,374519,374567,2023-07-24 09:50:00,2023-07-24 09:50:00,2023-07-24 09:55:00,2023-07-24 13:55:00,-1,48
immediate_shock,376424,376424,376425,376473,2023-07-31 00:40:00,2023-07-31 00:40:00,2023-07-31 00:45:00,2023-07-31 04:45:00,1,48
immediate_shock,376729,376729,376730,376778,2023-08-01 02:05:00,2023-08-01 02:05:00,2023-08-01 02:10:00,2023-08-01 06:10:00,-1,48
immediate_shock,376990,376990,376991,377039,2023-08-01 23:50:00,2023-08-01 23:50:00,2023-08-01 23:55:00,2023-08-02 03:55:00,1,48
immediate_shock,377194,377194,377195,377243,2023-08-02 16:50:00,2023-08-02 16:50:00,2023-08-02 16:55:00,2023-08-02 20:55:00,-1,48
immediate_shock,378628,378628,378629,378677,2023-08-07 16:20:00,2023-08-07 16:20:00,2023-08-07 16:25:00,2023-08-07 20:25:00,1,48
immediate_shock,378877,378877,378878,378926,2023-08-08 13:05:00,2023-08-08 13:05:00,2023-08-08 13:10:00,2023-08-08 17:10:00,-1,48
immediate_shock,378977,378977,378978,379026,2023-08-08 21:25:00,2023-08-08 21:25:00,2023-08-08 21:30:00,2023-08-09 01:30:00,-1,48
immediate_shock,380965,380965,380966,381014,2023-08-15 19:05:00,2023-08-15 19:05:00,2023-08-15 19:10:00,2023-08-15 23:10:00,-1,48
immediate_shock,381269,381269,381270,381318,2023-08-16 20:25:00,2023-08-16 20:25:00,2023-08-16 20:30:00,2023-08-17 00:30:00,-1,48
immediate_shock,381319,381319,381320,381368,2023-08-17 00:35:00,2023-08-17 00:35:00,2023-08-17 00:40:00,2023-08-17 04:40:00,-1,48
immediate_shock,381499,381499,381500,381548,2023-08-17 15:35:00,2023-08-17 15:35:00,2023-08-17 15:40:00,2023-08-17 19:40:00,-1,48
immediate_shock,381572,381572,381573,381621,2023-08-17 21:40:00,2023-08-17 21:40:00,2023-08-17 21:45:00,2023-08-18 01:45:00,-1,48
immediate_shock,381778,381778,381779,381827,2023-08-18 14:50:00,2023-08-18 14:50:00,2023-08-18 14:55:00,2023-08-18 18:55:00,-1,48
immediate_shock,382951,382951,382952,383000,2023-08-22 16:35:00,2023-08-22 16:35:00,2023-08-22 16:40:00,2023-08-22 20:40:00,1,48
immediate_shock,383009,383009,383010,383058,2023-08-22 21:25:00,2023-08-22 21:25:00,2023-08-22 21:30:00,2023-08-23 01:30:00,-1,48
immediate_shock,383235,383235,383236,383284,2023-08-23 16:15:00,2023-08-23 16:15:00,2023-08-23 16:20:00,2023-08-23 20:20:00,1,48
immediate_shock,383302,383302,383303,383351,2023-08-23 21:50:00,2023-08-23 21:50:00,2023-08-23 21:55:00,2023-08-24 01:55:00,-1,48
immediate_shock,384712,384712,384713,384761,2023-08-28 19:20:00,2023-08-28 19:20:00,2023-08-28 19:25:00,2023-08-28 23:25:00,-1,48
immediate_shock,384940,384940,384941,384989,2023-08-29 14:20:00,2023-08-29 14:20:00,2023-08-29 14:25:00,2023-08-29 18:25:00,1,48
immediate_shock,385484,385484,385485,385533,2023-08-31 11:40:00,2023-08-31 11:40:00,2023-08-31 11:45:00,2023-08-31 15:45:00,1,48
immediate_shock,385574,385574,385575,385623,2023-08-31 19:10:00,2023-08-31 19:10:00,2023-08-31 19:15:00,2023-08-31 23:15:00,-1,48
immediate_shock,385841,385841,385842,385890,2023-09-01 17:25:00,2023-09-01 17:25:00,2023-09-01 17:30:00,2023-09-01 21:30:00,-1,48
immediate_shock,387613,387613,387614,387662,2023-09-07 21:05:00,2023-09-07 21:05:00,2023-09-07 21:10:00,2023-09-08 01:10:00,1,48
immediate_shock,387768,387768,387769,387817,2023-09-08 10:00:00,2023-09-08 10:00:00,2023-09-08 10:05:00,2023-09-08 14:05:00,-1,48
immediate_shock,388839,388839,388840,388888,2023-09-12 03:15:00,2023-09-12 03:15:00,2023-09-12 03:20:00,2023-09-12 07:20:00,1,48
immediate_shock,388924,388924,388925,388973,2023-09-12 10:20:00,2023-09-12 10:20:00,2023-09-12 10:25:00,2023-09-12 14:25:00,1,48
immediate_shock,389297,389297,389298,389346,2023-09-13 17:25:00,2023-09-13 17:25:00,2023-09-13 17:30:00,2023-09-13 21:30:00,-1,48
immediate_shock,389389,389389,389390,389438,2023-09-14 01:05:00,2023-09-14 01:05:00,2023-09-14 01:10:00,2023-09-14 05:10:00,-1,48
immediate_shock,391335,391335,391336,391384,2023-09-20 19:15:00,2023-09-20 19:15:00,2023-09-20 19:20:00,2023-09-20 23:20:00,-1,48
immediate_shock,392537,392537,392538,392586,2023-09-24 23:25:00,2023-09-24 23:25:00,2023-09-24 23:30:00,2023-09-25 03:30:00,-1,48
immediate_shock,393291,393291,393292,393340,2023-09-27 14:15:00,2023-09-27 14:15:00,2023-09-27 14:20:00,2023-09-27 18:20:00,-1,48
immediate_shock,393865,393865,393866,393914,2023-09-29 14:05:00,2023-09-29 14:05:00,2023-09-29 14:10:00,2023-09-29 18:10:00,-1,48
immediate_shock,394539,394539,394540,394588,2023-10-01 22:15:00,2023-10-01 22:15:00,2023-10-01 22:20:00,2023-10-02 02:20:00,1,48
immediate_shock,394727,394727,394728,394776,2023-10-02 13:55:00,2023-10-02 13:55:00,2023-10-02 14:00:00,2023-10-02 18:00:00,1,48
immediate_shock,394783,394783,394784,394832,2023-10-02 18:35:00,2023-10-02 18:35:00,2023-10-02 18:40:00,2023-10-02 22:40:00,-1,48
immediate_shock,395016,395016,395017,395065,2023-10-03 14:00:00,2023-10-03 14:00:00,2023-10-03 14:05:00,2023-10-03 18:05:00,-1,48
immediate_shock,395604,395604,395605,395653,2023-10-05 15:00:00,2023-10-05 15:00:00,2023-10-05 15:05:00,2023-10-05 19:05:00,-1,48
immediate_shock,395862,395862,395863,395911,2023-10-06 12:30:00,2023-10-06 12:30:00,2023-10-06 12:35:00,2023-10-06 16:35:00,-1,48
immediate_shock,395971,395971,395972,396020,2023-10-06 21:35:00,2023-10-06 21:35:00,2023-10-06 21:40:00,2023-10-07 01:40:00,1,48
immediate_shock,396693,396693,396694,396742,2023-10-09 09:45:00,2023-10-09 09:45:00,2023-10-09 09:50:00,2023-10-09 13:50:00,-1,48
immediate_shock,396773,396773,396774,396822,2023-10-09 16:25:00,2023-10-09 16:25:00,2023-10-09 16:30:00,2023-10-09 20:30:00,-1,48
immediate_shock,397182,397182,397183,397231,2023-10-11 02:30:00,2023-10-11 02:30:00,2023-10-11 02:35:00,2023-10-11 06:35:00,-1,48
immediate_shock,397337,397337,397338,397386,2023-10-11 15:25:00,2023-10-11 15:25:00,2023-10-11 15:30:00,2023-10-11 19:30:00,-1,48
immediate_shock,397978,397978,397979,398027,2023-10-13 20:50:00,2023-10-13 20:50:00,2023-10-13 20:55:00,2023-10-14 00:55:00,1,48
immediate_shock,398655,398655,398656,398704,2023-10-16 05:15:00,2023-10-16 05:15:00,2023-10-16 05:20:00,2023-10-16 09:20:00,1,48
immediate_shock,398753,398753,398754,398802,2023-10-16 13:25:00,2023-10-16 13:25:00,2023-10-16 13:30:00,2023-10-16 17:30:00,1,48
immediate_shock,399227,399227,399228,399276,2023-10-18 04:55:00,2023-10-18 04:55:00,2023-10-18 05:00:00,2023-10-18 09:00:00,1,48
immediate_shock,399287,399287,399288,399336,2023-10-18 09:55:00,2023-10-18 09:55:00,2023-10-18 10:00:00,2023-10-18 14:00:00,-1,48
immediate_shock,399476,399476,399477,399525,2023-10-19 01:40:00,2023-10-19 01:40:00,2023-10-19 01:45:00,2023-10-19 05:45:00,-1,48
immediate_shock,400625,400625,400626,400674,2023-10-23 01:25:00,2023-10-23 01:25:00,2023-10-23 01:30:00,2023-10-23 05:30:00,1,48
immediate_shock,400702,400702,400703,400751,2023-10-23 07:50:00,2023-10-23 07:50:00,2023-10-23 07:55:00,2023-10-23 11:55:00,-1,48
immediate_shock,400880,400880,400881,400929,2023-10-23 22:40:00,2023-10-23 22:40:00,2023-10-23 22:45:00,2023-10-24 02:45:00,1,48
immediate_shock,401158,401158,401159,401207,2023-10-24 21:50:00,2023-10-24 21:50:00,2023-10-24 21:55:00,2023-10-25 01:55:00,1,48
immediate_shock,401460,401460,401461,401509,2023-10-25 23:00:00,2023-10-25 23:00:00,2023-10-25 23:05:00,2023-10-26 03:05:00,-1,48
immediate_shock,401646,401646,401647,401695,2023-10-26 14:30:00,2023-10-26 14:30:00,2023-10-26 14:35:00,2023-10-26 18:35:00,-1,48
immediate_shock,403377,403377,403378,403426,2023-11-01 14:45:00,2023-11-01 14:45:00,2023-11-01 14:50:00,2023-11-01 18:50:00,-1,48
immediate_shock,403451,403451,403452,403500,2023-11-01 20:55:00,2023-11-01 20:55:00,2023-11-01 21:00:00,2023-11-02 01:00:00,1,48
immediate_shock,403652,403652,403653,403701,2023-11-02 13:40:00,2023-11-02 13:40:00,2023-11-02 13:45:00,2023-11-02 17:45:00,-1,48
immediate_shock,404628,404628,404629,404677,2023-11-05 23:00:00,2023-11-05 23:00:00,2023-11-05 23:05:00,2023-11-06 03:05:00,1,48
immediate_shock,405145,405145,405146,405194,2023-11-07 18:05:00,2023-11-07 18:05:00,2023-11-07 18:10:00,2023-11-07 22:10:00,1,48
immediate_shock,405532,405532,405533,405581,2023-11-09 02:20:00,2023-11-09 02:20:00,2023-11-09 02:25:00,2023-11-09 06:25:00,1,48
immediate_shock,405674,405674,405675,405723,2023-11-09 14:10:00,2023-11-09 14:10:00,2023-11-09 14:15:00,2023-11-09 18:15:00,1,48
immediate_shock,406065,406065,406066,406114,2023-11-10 22:45:00,2023-11-10 22:45:00,2023-11-10 22:50:00,2023-11-11 02:50:00,1,48
immediate_shock,407130,407130,407131,407179,2023-11-14 15:30:00,2023-11-14 15:30:00,2023-11-14 15:35:00,2023-11-14 19:35:00,-1,48
immediate_shock,407450,407450,407451,407499,2023-11-15 18:10:00,2023-11-15 18:10:00,2023-11-15 18:15:00,2023-11-15 22:15:00,1,48
immediate_shock,408012,408012,408013,408061,2023-11-17 17:00:00,2023-11-17 17:00:00,2023-11-17 17:05:00,2023-11-17 21:05:00,1,48
immediate_shock,408660,408660,408661,408709,2023-11-19 23:00:00,2023-11-19 23:00:00,2023-11-19 23:05:00,2023-11-20 03:05:00,1,48
immediate_shock,408882,408882,408883,408931,2023-11-20 17:30:00,2023-11-20 17:30:00,2023-11-20 17:35:00,2023-11-20 21:35:00,1,48
immediate_shock,409467,409467,409468,409516,2023-11-22 18:15:00,2023-11-22 18:15:00,2023-11-22 18:20:00,2023-11-22 22:20:00,1,48
immediate_shock,409950,409950,409951,409999,2023-11-24 10:30:00,2023-11-24 10:30:00,2023-11-24 10:35:00,2023-11-24 14:35:00,1,48
immediate_shock,412357,412357,412358,412406,2023-12-02 19:05:00,2023-12-02 19:05:00,2023-12-02 19:10:00,2023-12-02 23:10:00,1,48
immediate_shock,412720,412720,412721,412769,2023-12-04 01:20:00,2023-12-04 01:20:00,2023-12-04 01:25:00,2023-12-04 05:25:00,1,48
immediate_shock,412838,412838,412839,412887,2023-12-04 11:10:00,2023-12-04 11:10:00,2023-12-04 11:15:00,2023-12-04 15:15:00,-1,48
immediate_shock,413192,413192,413193,413241,2023-12-05 16:40:00,2023-12-05 16:40:00,2023-12-05 16:45:00,2023-12-05 20:45:00,1,48
immediate_shock,414745,414745,414746,414794,2023-12-11 02:05:00,2023-12-11 02:05:00,2023-12-11 02:10:00,2023-12-11 06:10:00,-1,48
immediate_shock,414916,414916,414917,414965,2023-12-11 16:20:00,2023-12-11 16:20:00,2023-12-11 16:25:00,2023-12-11 20:25:00,1,48
immediate_shock,415476,415476,415477,415525,2023-12-13 15:00:00,2023-12-13 15:00:00,2023-12-13 15:05:00,2023-12-13 19:05:00,1,48
immediate_shock,415531,415531,415532,415580,2023-12-13 19:35:00,2023-12-13 19:35:00,2023-12-13 19:40:00,2023-12-13 23:40:00,1,48
immediate_shock,415745,415745,415746,415794,2023-12-14 13:25:00,2023-12-14 13:25:00,2023-12-14 13:30:00,2023-12-14 17:30:00,-1,48
immediate_shock,416730,416730,416731,416779,2023-12-17 23:30:00,2023-12-17 23:30:00,2023-12-17 23:35:00,2023-12-18 03:35:00,-1,48
immediate_shock,416870,416870,416871,416919,2023-12-18 11:10:00,2023-12-18 11:10:00,2023-12-18 11:15:00,2023-12-18 15:15:00,1,48
immediate_shock,417966,417966,417967,418015,2023-12-22 06:30:00,2023-12-22 06:30:00,2023-12-22 06:35:00,2023-12-22 10:35:00,1,48
immediate_shock,418730,418730,418731,418779,2023-12-24 22:10:00,2023-12-24 22:10:00,2023-12-24 22:15:00,2023-12-25 02:15:00,-1,48
immediate_shock,418907,418907,418908,418956,2023-12-25 12:55:00,2023-12-25 12:55:00,2023-12-25 13:00:00,2023-12-25 17:00:00,1,48
immediate_shock,419251,419251,419252,419300,2023-12-26 17:35:00,2023-12-26 17:35:00,2023-12-26 17:40:00,2023-12-26 21:40:00,-1,48
without_compression,19482,19491,19492,19540,2020-03-08 15:30:00,2020-03-08 16:15:00,2020-03-08 16:20:00,2020-03-08 20:20:00,-1,48
without_compression,78048,78057,78058,78106,2020-09-28 00:00:00,2020-09-28 00:45:00,2020-09-28 00:50:00,2020-09-28 04:50:00,1,48
without_compression,164738,164747,164748,164796,2021-07-26 00:10:00,2021-07-26 00:55:00,2021-07-26 01:00:00,2021-07-26 05:00:00,1,48
without_compression,168087,168096,168097,168145,2021-08-06 15:15:00,2021-08-06 16:00:00,2021-08-06 16:05:00,2021-08-06 20:05:00,1,48
without_compression,262653,262662,262663,262711,2022-06-30 23:45:00,2022-07-01 00:30:00,2022-07-01 00:35:00,2022-07-01 04:35:00,1,48
without_compression,311233,311242,311243,311291,2022-12-16 16:05:00,2022-12-16 16:50:00,2022-12-16 16:55:00,2022-12-16 20:55:00,-1,48
without_compression,342386,342395,342396,342444,2023-04-03 20:10:00,2023-04-03 20:55:00,2023-04-03 21:00:00,2023-04-04 01:00:00,-1,48
compression_without_flow,78048,78057,78058,78106,2020-09-28 00:00:00,2020-09-28 00:45:00,2020-09-28 00:50:00,2020-09-28 04:50:00,1,48
without_range,78048,78057,78058,78106,2020-09-28 00:00:00,2020-09-28 00:45:00,2020-09-28 00:50:00,2020-09-28 04:50:00,1,48
one_bar_delayed_entry,78048,78057,78059,78107,2020-09-28 00:00:00,2020-09-28 00:45:00,2020-09-28 00:55:00,2020-09-28 04:55:00,1,48
shock_time_shift_one_day,77760,77769,77770,77818,2020-09-27 00:00:00,2020-09-27 00:45:00,2020-09-27 00:50:00,2020-09-27 04:50:00,1,48
