{
  "side_balanced_2023_2024": {
    "selected": {
      "q": 0.85,
      "full_margin": 1.0,
      "score": 0.14878570321479362
    },
    "selected_val_sim": {
      "ret_pct": 9.420112759103795,
      "cagr_pct": 4.607294143958485,
      "strict_mdd_pct": 30.96597350692486,
      "cagr_to_strict_mdd": 0.14878570321479362,
      "trade_entries": 390,
      "turnover_legs": 780,
      "samples": 2716,
      "skipped_no_trade": 1121,
      "skipped_cooldown": 1205,
      "skipped_overlay": 0,
      "skipped_missing_bars": 0,
      "invalid_actions": 0,
      "forced_liquidations": 0,
      "return_application": "generated_action_actual_ohlc_bar_by_bar_online_overlay"
    },
    "eval_sim": {
      "ret_pct": 2.681816785528768,
      "cagr_pct": 1.8983961229289692,
      "strict_mdd_pct": 22.867981129994654,
      "cagr_to_strict_mdd": 0.08301546656599909,
      "trade_entries": 251,
      "turnover_legs": 502,
      "samples": 1912,
      "skipped_no_trade": 880,
      "skipped_cooldown": 781,
      "skipped_overlay": 0,
      "skipped_missing_bars": 0,
      "invalid_actions": 0,
      "forced_liquidations": 0,
      "return_application": "generated_action_actual_ohlc_bar_by_bar_online_overlay"
    },
    "eval_trade_stats": {
      "n_trades": 251,
      "mean_trade_ret_pct": 0.018782501948161005,
      "std_trade_ret_pct": 1.279735014054707,
      "t_stat_like": 0.23252531999892967,
      "p_value_mean_ret_approx": 0.8161300235574549,
      "ci95_mean_trade_ret_pct": [
        -0.13953876740248444,
        0.17710377129880644
      ],
      "effect_size_d": 0.01467686805618501,
      "n_required_for_80pct_power_alpha5pct": 36437,
      "n_gap_to_power_rule": 36186
    },
    "eval_counts": {
      "TRADE": 511,
      "NO_TRADE": 1401,
      "LONG": 209,
      "SHORT": 302,
      "FULL": 33,
      "SMALL": 478
    }
  },
  "ic_ranker_2023_2024": {
    "selected": {
      "q": 0.85,
      "full_margin": 0.25,
      "score": 0.07390777448842416
    },
    "selected_val_sim": {
      "ret_pct": 2.8785768032963954,
      "cagr_pct": 1.4300628806152904,
      "strict_mdd_pct": 19.349288901119255,
      "cagr_to_strict_mdd": 0.07390777448842416,
      "trade_entries": 101,
      "turnover_legs": 202,
      "samples": 2716,
      "skipped_no_trade": 2290,
      "skipped_cooldown": 325,
      "skipped_overlay": 0,
      "skipped_missing_bars": 0,
      "invalid_actions": 0,
      "forced_liquidations": 0,
      "return_application": "generated_action_actual_ohlc_bar_by_bar_online_overlay"
    },
    "eval_sim": {
      "ret_pct": 47.81060177952743,
      "cagr_pct": 32.00589229315618,
      "strict_mdd_pct": 19.38663070698783,
      "cagr_to_strict_mdd": 1.6509259797072313,
      "trade_entries": 146,
      "turnover_legs": 292,
      "samples": 1912,
      "skipped_no_trade": 1298,
      "skipped_cooldown": 468,
      "skipped_overlay": 0,
      "skipped_missing_bars": 0,
      "invalid_actions": 0,
      "forced_liquidations": 0,
      "return_application": "generated_action_actual_ohlc_bar_by_bar_online_overlay"
    },
    "eval_trade_stats": {
      "n_trades": 146,
      "mean_trade_ret_pct": 0.2885983683137209,
      "std_trade_ret_pct": 2.061848797487971,
      "t_stat_like": 1.6912721032151303,
      "p_value_mean_ret_approx": 0.0907848454910849,
      "ci95_mean_trade_ret_pct": [
        -0.045855680103195316,
        0.623052416730637
      ],
      "effect_size_d": 0.13997067518497538,
      "n_required_for_80pct_power_alpha5pct": 401,
      "n_gap_to_power_rule": 255
    },
    "eval_counts": {
      "TRADE": 227,
      "NO_TRADE": 1685,
      "LONG": 227,
      "SHORT": 0,
      "FULL": 60,
      "SMALL": 167
    },
    "fit_features": [
      "signed:htf_4h_return_4",
      "signed:trend_96"
    ],
    "final_features": [
      "signed:bb_z",
      "signed:close_zscore_48",
      "signed:htf_1d_range_pos",
      "signed:htf_4h_return_4",
      "signed:mfi_norm",
      "signed:range_pos",
      "signed:range_vol",
      "signed:return_zscore_48",
      "signed:rsi_norm",
      "signed:taker_buy_ratio",
      "signed:trades_ratio",
      "signed:trend_12",
      "signed:trend_96",
      "signed:window_drawdown"
    ]
  },
  "ic_walkforward_2022_2026": {
    "combined_sim": {
      "ret_pct": 41.89472239771621,
      "cagr_pct": 10.810998330549504,
      "strict_mdd_pct": 25.61815093757097,
      "cagr_to_strict_mdd": 0.4220054115886386,
      "trade_entries": 318,
      "turnover_legs": 636,
      "samples": 4628,
      "skipped_no_trade": 3309,
      "skipped_cooldown": 1001,
      "skipped_overlay": 0,
      "skipped_missing_bars": 0,
      "invalid_actions": 0,
      "forced_liquidations": 0,
      "return_application": "generated_action_actual_ohlc_bar_by_bar_online_overlay"
    },
    "combined_trade_stats": {
      "n_trades": 318,
      "mean_trade_ret_pct": 0.13091297573679864,
      "std_trade_ret_pct": 2.0480672812834255,
      "t_stat_like": 1.1398613687814683,
      "p_value_mean_ret_approx": 0.2543440616150412,
      "ci95_mean_trade_ret_pct": [
        -0.09419284806914706,
        0.3560187995427443
      ],
      "effect_size_d": 0.06392025151378901,
      "n_required_for_80pct_power_alpha5pct": 1922,
      "n_gap_to_power_rule": 1604
    },
    "years": [
      {
        "year": 2022,
        "skipped": true,
        "reason": "requires non-empty fit/val/test and at least two fit years for IC stability",
        "features": null,
        "selected": null,
        "val_sim": null,
        "test_sim": null,
        "test_trade_stats": null,
        "counts": null
      },
      {
        "year": 2023,
        "skipped": false,
        "reason": null,
        "features": [
          "signed:htf_1d_return_4",
          "signed:htf_1w_return_4",
          "signed:htf_3d_return_4",
          "signed:htf_4h_return_4",
          "signed:range_vol",
          "signed:taker_buy_ratio",
          "signed:trades_ratio",
          "signed:trend_24",
          "signed:trend_96",
          "signed:window_drawdown"
        ],
        "selected": {
          "q": 0.7,
          "full_margin": 1.0,
          "score": -0.09235548918226232
        },
        "val_sim": {
          "ret_pct": -1.6208018357746101,
          "cagr_pct": -1.6263222691311308,
          "strict_mdd_pct": 17.609373124770155,
          "cagr_to_strict_mdd": -0.09235548918226232,
          "trade_entries": 75,
          "turnover_legs": 150,
          "samples": 1374,
          "skipped_no_trade": 1059,
          "skipped_cooldown": 240,
          "skipped_overlay": 0,
          "skipped_missing_bars": 0,
          "invalid_actions": 0,
          "forced_liquidations": 0,
          "return_application": "generated_action_actual_ohlc_bar_by_bar_online_overlay"
        },
        "test_sim": {
          "ret_pct": 9.737010451315475,
          "cagr_pct": 9.772031076966336,
          "strict_mdd_pct": 6.136855141637554,
          "cagr_to_strict_mdd": 1.5923515956348244,
          "trade_entries": 94,
          "turnover_legs": 188,
          "samples": 1334,
          "skipped_no_trade": 953,
          "skipped_cooldown": 287,
          "skipped_overlay": 0,
          "skipped_missing_bars": 0,
          "invalid_actions": 0,
          "forced_liquidations": 0,
          "return_application": "generated_action_actual_ohlc_bar_by_bar_online_overlay"
        },
        "test_trade_stats": {
          "n_trades": 94,
          "mean_trade_ret_pct": 0.10329311216579738,
          "std_trade_ret_pct": 0.9441116607084995,
          "t_stat_like": 1.0607472825411606,
          "p_value_mean_ret_approx": 0.2888047658016446,
          "ci95_mean_trade_ret_pct": [
            -0.08756714567050486,
            0.2941533700020996
          ],
          "effect_size_d": 0.10940772841242323,
          "n_required_for_80pct_power_alpha5pct": 656,
          "n_gap_to_power_rule": 562
        },
        "counts": {
          "TRADE": 192,
          "NO_TRADE": 1142,
          "LONG": 192,