{
  "oracle_eval_sim": {
    "ret_pct": 110632.98449597758,
    "cagr_pct": 14463.733267040901,
    "strict_mdd_pct": 10.222401573318274,
    "cagr_to_strict_mdd": 1414.9056034731627,
    "trade_entries": 433,
    "turnover_legs": 866,
    "samples": 1844,
    "skipped_no_trade": 124,
    "skipped_cooldown": 1287,
    "skipped_overlay": 0,
    "skipped_missing_bars": 0,
    "invalid_actions": 0,
    "forced_liquidations": 0,
    "return_application": "generated_action_actual_ohlc_bar_by_bar_online_overlay"
  },
  "oracle_eval_trade_stats": {
    "n_trades": 433,
    "mean_trade_ret_pct": 1.6443996641281193,
    "std_trade_ret_pct": 1.5998376772384957,
    "t_stat_like": 21.388257648482924,
    "p_value_mean_ret_approx": 0.0,
    "ci95_mean_trade_ret_pct": [
      1.493708411261165,
      1.795090916995074
    ],
    "effect_size_d": 1.0278540676492522,
    "n_required_for_80pct_power_alpha5pct": 8,
    "n_gap_to_power_rule": 0
  },
  "logistic_selected": {
    "threshold": 0.55,
    "prediction_summary": {
      "rows": 2716,
      "counts": {
        "TRADE": 170,
        "NO_TRADE": 2546,
        "LONG": 86,
        "SHORT": 84
      },
      "threshold": 0.55,
      "output": "results/event_signal_logistic_ext_c72_s2/val_t0.55.jsonl"
    },
    "val_sim": {
      "ret_pct": 4.01113246282454,
      "cagr_pct": 1.9872218609880088,
      "strict_mdd_pct": 12.555533960796161,
      "cagr_to_strict_mdd": 0.15827457973456008,
      "trade_entries": 131,
      "turnover_legs": 262,
      "samples": 2716,
      "skipped_no_trade": 2177,
      "skipped_cooldown": 408,
      "skipped_overlay": 0,
      "skipped_missing_bars": 0,
      "invalid_actions": 0,
      "forced_liquidations": 0,
      "return_application": "generated_action_actual_ohlc_bar_by_bar_online_overlay"
    },
    "val_trade_stats": {
      "n_trades": 131,
      "mean_trade_ret_pct": 0.03992472456389591,
      "std_trade_ret_pct": 1.4114656145938735,
      "t_stat_like": 0.32374813401025965,
      "p_value_mean_ret_approx": 0.7461287260473866,
      "ci95_mean_trade_ret_pct": [
        -0.2017831091645176,
        0.28163255829230943
      ],
      "effect_size_d": 0.02828600580212052,
      "n_required_for_80pct_power_alpha5pct": 9810,
      "n_gap_to_power_rule": 9679
    },
    "score": 0.15827457973456008
  },
  "logistic_eval_sim": {
    "ret_pct": -14.74976807493622,
    "cagr_pct": -10.720437024729645,
    "strict_mdd_pct": 17.864290276191163,
    "cagr_to_strict_mdd": -0.6001042783668507,
    "trade_entries": 93,
    "turnover_legs": 186,
    "samples": 1912,
    "skipped_no_trade": 1528,
    "skipped_cooldown": 291,
    "skipped_overlay": 0,
    "skipped_missing_bars": 0,
    "invalid_actions": 0,
    "forced_liquidations": 0,
    "return_application": "generated_action_actual_ohlc_bar_by_bar_online_overlay"
  },
  "logistic_eval_trade_stats": {
    "n_trades": 93,
    "mean_trade_ret_pct": -0.1637753992126741,
    "std_trade_ret_pct": 1.2399366408967967,
    "t_stat_like": -1.2737689178270575,
    "p_value_mean_ret_approx": 0.20274532372520526,
    "ci95_mean_trade_ret_pct": [
      -0.4157832618353857,
      0.08823246341003756
    ],
    "effect_size_d": -0.13208368380357072,
    "n_required_for_80pct_power_alpha5pct": 450,
    "n_gap_to_power_rule": 357
  },
  "logistic_eval_counts": {
    "TRADE": 113,
    "NO_TRADE": 1799,
    "LONG": 66,
    "SHORT": 47
  },
  "interpretation": "oracle is future-label upper bound only; no-leak logistic cannot approximate it on 2025-2026 eval"
}