policy_id,clock,side,state,origin_lag,maturity_height,confirmation_height,entry_time,exit_time,fee_pressure,cadence_compression,fee_rank,cadence_rank
EMFC-864,cadence_only,-1,HIGH_PRESSURE_COMPRESSED,100,663942,663948,2021-01-01T07:45:00Z,2021-01-04T07:45:00Z,18.526815813565815,0.16477637757820585,0.81654456654456653,0.90546779609279604
EMFC-864,cadence_only,-1,HIGH_PRESSURE_COMPRESSED,100,664435,664441,2021-01-04T11:20:00Z,2021-01-07T11:20:00Z,17.651740609376827,0.161421492686213,0.40308302808302809,0.90373168498168499
EMFC-864,cadence_only,-1,HIGH_PRESSURE_COMPRESSED,100,664969,664975,2021-01-07T16:05:00Z,2021-01-10T16:05:00Z,18.051804234174337,0.1675905921939605,0.56211843711843712,0.90480006105006106
EMFC-864,cadence_only,-1,HIGH_PRESSURE_COMPRESSED,100,665703,665709,2021-01-12T11:25:00Z,2021-01-15T11:25:00Z,18.735155179073125,0.17187629893241602,0.90453296703296704,0.91468253968253965
EMFC-864,cadence_only,-1,HIGH_PRESSURE_COMPRESSED,100,666265,666271,2021-01-16T04:55:00Z,2021-01-19T04:55:00Z,18.263400094209175,0.1656414465427562,0.65190018315018317,0.90363629426129422
EMFC-864,cadence_only,1,LOW_PRESSURE_EXPANDED,100,666974,666980,2021-01-21T06:55:00Z,2021-01-24T06:55:00Z,15.81046498855833,-0.12550132105946171,0.046245421245421248,0.097451159951159952
EMFC-864,cadence_only,-1,HIGH_PRESSURE_COMPRESSED,100,667436,667442,2021-01-24T11:05:00Z,2021-01-27T11:05:00Z,16.835326380618341,0.16546443972753169,0.15625,0.90249160561660557
EMFC-864,cadence_only,-1,HIGH_PRESSURE_COMPRESSED,100,668252,668258,2021-01-30T00:55:00Z,2021-02-02T00:55:00Z,18.310245875515513,0.16591685276867774,0.69852716727716724,0.90323565323565325
EMFC-864,cadence_only,1,LOW_PRESSURE_EXPANDED,100,668671,668677,2021-02-02T03:50:00Z,2021-02-05T03:50:00Z,18.537933932597944,-0.13080894011141378,0.82791514041514036,0.09844322344322344
EMFC-864,cadence_only,-1,HIGH_PRESSURE_COMPRESSED,100,669169,669175,2021-02-05T07:30:00Z,2021-02-08T07:30:00Z,18.489642552290196,0.16615297563237094,0.79998473748473753,0.90604014041514036
EMFC-864,cadence_only,-1,HIGH_PRESSURE_COMPRESSED,100,669664,669670,2021-02-08T10:20:00Z,2021-02-11T10:20:00Z,17.563556394709924,0.17272772512263351,0.34180402930402931,0.91430097680097677
EMFC-864,cadence_only,1,LOW_PRESSURE_EXPANDED,100,670130,670136,2021-02-11T17:25:00Z,2021-02-14T17:25:00Z,18.673826641846233,-0.13987787768338655,0.88927045177045172,0.086900946275946273
EMFC-864,cadence_only,1,LOW_PRESSURE_EXPANDED,100,670829,670835,2021-02-16T13:45:00Z,2021-02-19T13:45:00Z,18.692524474435096,-0.13990685941040967,0.89251373626373631,0.086137820512820512
EMFC-864,cadence_only,1,LOW_PRESSURE_EXPANDED,100,671788,671794,2021-02-23T09:05:00Z,2021-02-26T09:05:00Z,18.378386729041505,-0.14575842026466496,0.71039377289377292,0.081082112332112335
EMFC-864,cadence_only,-1,HIGH_PRESSURE_COMPRESSED,100,672423,672429,2021-02-27T14:25:00Z,2021-03-02T14:25:00Z,18.392057427507506,0.17671729007412287,0.7079136141636142,0.92382097069597069
EMFC-864,cadence_only,-1,HIGH_PRESSURE_COMPRESSED,100,672946,672952,2021-03-03T08:40:00Z,2021-03-06T08:40:00Z,18.657796531365456,0.16837920467124912,0.86263736263736268,0.90956959706959706
EMFC-864,cadence_only,-1,HIGH_PRESSURE_COMPRESSED,100,673422,673428,2021-03-06T16:10:00Z,2021-03-09T16:10:00Z,18.351537664756229,0.1642655519943837,0.68513431013431014,0.90333104395604391
EMFC-864,cadence_only,1,LOW_PRESSURE_EXPANDED,100,674129,674135,2021-03-11T14:25:00Z,2021-03-14T14:25:00Z,18.536691160558615,-0.13393339514401445,0.79571123321123316,0.096573565323565327
EMFC-864,cadence_only,-1,HIGH_PRESSURE_COMPRESSED,100,674580,674586,2021-03-14T15:30:00Z,2021-03-17T15:30:00Z,18.427568200873598,0.16905001460071459,0.72722069597069594,0.92487026862026867
EMFC-864,cadence_only,-1,HIGH_PRESSURE_COMPRESSED,100,675282,675288,2021-03-19T10:20:00Z,2021-03-22T10:20:00Z,18.569515137337891,0.1540062458139082,0.81349206349206349,0.90789072039072038
EMFC-864,cadence_only,-1,HIGH_PRESSURE_COMPRESSED,100,675825,675831,2021-03-22T23:20:00Z,2021-03-25T23:20:00Z,16.070326874994318,0.15433680825919138,0.044070512820512824,0.90747100122100122
EMFC-864,cadence_only,-1,HIGH_PRESSURE_COMPRESSED,100,676296,676302,2021-03-25T23:25:00Z,2021-03-28T23:25:00Z,18.281458032166256,0.16631042185497089,0.62465659340659341,0.92904838217338215
EMFC-864,cadence_only,-1,HIGH_PRESSURE_COMPRESSED,100,677043,677049,2021-03-30T23:05:00Z,2021-04-02T23:05:00Z,17.026544152772576,0.17622020793597826,0.15598290598290598,0.94108669108669107
EMFC-864,cadence_only,1,LOW_PRESSURE_EXPANDED,100,677545,677551,2021-04-03T09:10:00Z,2021-04-06T09:10:00Z,18.26238186222001,-0.13016531707674697,0.6170253357753358,0.097069597069597072
EMFC-864,cadence_only,-1,HIGH_PRESSURE_COMPRESSED,100,678202,678208,2021-04-07T21:25:00Z,2021-04-10T21:25:00Z,17.907890040681728,0.15917159689525509,0.41903235653235654,0.91588446275946278
EMFC-864,cadence_only,1,LOW_PRESSURE_EXPANDED,100,679128,679134,2021-04-14T05:50:00Z,2021-04-17T05:50:00Z,18.098226589298996,-0.12829060029820266,0.51201923076923073,0.099549755799755793
EMFC-864,cadence_only,1,LOW_PRESSURE_EXPANDED,100,679708,679714,2021-04-18T19:15:00Z,2021-04-21T19:15:00Z,19.152574164544099,-0.13672836020681742,0.97393925518925517,0.091708638583638577
EMFC-864,cadence_only,-1,HIGH_PRESSURE_COMPRESSED,100,680209,680215,2021-04-23T02:30:00Z,2021-04-26T02:30:00Z,19.107687641500011,0.17998429033046812,0.95902014652014655,0.94837454212454209
EMFC-864,cadence_only,1,LOW_PRESSURE_EXPANDED,100,680714,680720,2021-04-26T21:30:00Z,2021-04-29T21:30:00Z,17.192890782879406,-0.17159759343097897,0.16662851037851037,0.060325091575091576
EMFC-864,cadence_only,1,LOW_PRESSURE_EXPANDED,100,681165,681171,2021-04-30T05:25:00Z,2021-05-03T05:25:00Z,18.134576120007559,-0.14366734981241305,0.50820360195360192,0.074690934065934064
EMFC-864,cadence_only,-1,HIGH_PRESSURE_COMPRESSED,100,681633,681639,2021-05-03T05:35:00Z,2021-05-06T05:35:00Z,18.116846606386609,0.15231625230762769,0.50343406593406592,0.90123244810744807
EMFC-864,cadence_only,-1,HIGH_PRESSURE_COMPRESSED,100,682205,682211,2021-05-06T12:55:00Z,2021-05-09T12:55:00Z,16.731119278910199,0.17417483165818612,0.091880341880341887,0.92492750305250304
EMFC-864,cadence_only,-1,HIGH_PRESSURE_COMPRESSED,100,682959,682965,2021-05-10T19:00:00Z,2021-05-13T19:00:00Z,18.16469147992002,0.16978052529964371,0.54330738705738701,0.90590659340659341
EMFC-864,cadence_only,1,LOW_PRESSURE_EXPANDED,100,683588,683594,2021-05-14T17:50:00Z,2021-05-17T17:50:00Z,17.545884772240903,-0.13573936991430074,0.26766636141636141,0.074690934065934064
EMFC-864,cadence_only,1,LOW_PRESSURE_EXPANDED,100,684047,684053,2021-05-18T08:05:00Z,2021-05-21T08:05:00Z,17.40754642971287,-0.13839869473462374,0.22947191697191696,0.078849969474969472
EMFC-864,cadence_only,1,LOW_PRESSURE_EXPANDED,100,684620,684626,2021-05-23T09:25:00Z,2021-05-26T09:25:00Z,18.026619207261298,-0.14155743096964449,0.45001526251526253,0.095715048840048847
EMFC-864,cadence_only,1,LOW_PRESSURE_EXPANDED,100,685064,685070,2021-05-26T22:45:00Z,2021-05-29T22:45:00Z,18.519794272755718,-0.14864986375622352,0.77751068376068377,0.098271520146520144
EMFC-864,cadence_only,1,LOW_PRESSURE_EXPANDED,100,685458,685464,2021-05-30T07:10:00Z,2021-06-02T07:10:00Z,17.338801228337097,-0.15864058510011039,0.196504884004884,0.096974206349206352
EMFC-864,cadence_only,-1,HIGH_PRESSURE_COMPRESSED,100,685951,685957,2021-06-02T15:45:00Z,2021-06-05T15:45:00Z,17.55102950807504,0.17084763472032688,0.26232448107448109,0.91336614774114777
EMFC-864,cadence_only,-1,HIGH_PRESSURE_COMPRESSED,100,686836,686842,2021-06-08T21:00:00Z,2021-06-11T21:00:00Z,16.866723469234216,0.20097444529316433,0.1140491452991453,0.94614239926739929
EMFC-864,cadence_only,1,LOW_PRESSURE_EXPANDED,100,687260,687266,2021-06-12T10:55:00Z,2021-06-15T10:55:00Z,17.754246494739384,-0.16101279584770331,0.35321275946275948,0.099015567765567761
EMFC-864,cadence_only,1,LOW_PRESSURE_EXPANDED,100,687781,687787,2021-06-16T10:50:00Z,2021-06-19T10:50:00Z,14.997114739642045,-0.2252480020702318,0.0115995115995116,0.051701770451770449
EMFC-864,cadence_only,-1,HIGH_PRESSURE_COMPRESSED,100,690423,690429,2021-07-10T12:30:00Z,2021-07-13T12:30:00Z,16.671446426049261,0.16501223127139214,0.10748626373626374,0.90968406593406592
EMFC-864,cadence_only,-1,HIGH_PRESSURE_COMPRESSED,100,691005,691011,2021-07-14T18:05:00Z,2021-07-17T18:05:00Z,15.685875240627453,0.15780456938087936,0.03407356532356532,0.90348366910866906
EMFC-864,cadence_only,-1,HIGH_PRESSURE_COMPRESSED,100,691739,691745,2021-07-19T18:25:00Z,2021-07-22T18:25:00Z,16.73070603096761,0.1559912615479247,0.1475503663003663,0.9043231074481074
EMFC-864,cadence_only,-1,HIGH_PRESSURE_COMPRESSED,100,692379,692385,2021-07-24T05:40:00Z,2021-07-27T05:40:00Z,16.275942036103242,0.1540062458139082,0.1024496336996337,0.90109890109890112
EMFC-864,cadence_only,-1,HIGH_PRESSURE_COMPRESSED,100,692922,692928,2021-07-27T18:10:00Z,2021-07-30T18:10:00Z,15.320231747461536,0.16845810013480089,0.046550671550671552,0.92265720390720396
EMFC-864,cadence_only,-1,HIGH_PRESSURE_COMPRESSED,100,693463,693469,2021-07-31T02:05:00Z,2021-08-03T02:05:00Z,15.716746211853483,0.16173492318556623,0.07486263736263736,0.90413232600732596
EMFC-864,cadence_only,-1,HIGH_PRESSURE_COMPRESSED,100,693940,693946,2021-08-03T04:35:00Z,2021-08-06T04:35:00Z,15.338197059614602,0.15966027425087553,0.060935592185592184,0.901480463980464
EMFC-864,cadence_only,-1,HIGH_PRESSURE_COMPRESSED,100,694404,694410,2021-08-06T05:25:00Z,2021-08-09T05:25:00Z,14.835239078240319,0.16381388523821494,0.040025946275946273,0.90489545177045172
EMFC-864,cadence_only,-1,HIGH_PRESSURE_COMPRESSED,100,694907,694913,2021-08-09T09:25:00Z,2021-08-12T09:25:00Z,15.424192384637561,0.16727532125538855,0.080280830280830287,0.90789072039072038
EMFC-864,cadence_only,-1,HIGH_PRESSURE_COMPRESSED,100,695722,695728,2021-08-14T15:55:00Z,2021-08-17T15:55:00Z,16.712725459165757,0.16169573900029838,0.26827686202686202,0.9017666361416361
EMFC-864,cadence_only,-1,HIGH_PRESSURE_COMPRESSED,100,696245,696251,2021-08-17T17:50:00Z,2021-08-20T17:50:00Z,14.659453797898871,0.18094250811883628,0.046359890109890112,0.92105463980463975
EMFC-864,cadence_only,-1,HIGH_PRESSURE_COMPRESSED,100,696717,696723,2021-08-20T19:50:00Z,2021-08-23T19:50:00Z,12.723809332786407,0.17250984940996181,0.0099587912087912081,0.90514346764346765
EMFC-864,cadence_only,-1,HIGH_PRESSURE_COMPRESSED,100,697820,697826,2021-08-27T14:30:00Z,2021-08-30T14:30:00Z,15.799024454247137,0.17914660230031096,0.17086385836385837,0.90430402930402931
EMFC-864,cadence_only,-1,HIGH_PRESSURE_COMPRESSED,100,699123,699129,2021-09-05T11:15:00Z,2021-09-08T11:15:00Z,14.62405704646892,0.17763256730782304,0.061965811965811968,0.90354090354090355
EMFC-864,cadence_only,-1,HIGH_PRESSURE_COMPRESSED,100,700319,700325,2021-09-13T10:35:00Z,2021-09-16T10:35:00Z,13.854327343395889,0.19146321471123803,0.03201312576312576,0.91670482295482292
EMFC-864,cadence_only,-1,HIGH_PRESSURE_COMPRESSED,100,701057,701063,2021-09-18T10:10:00Z,2021-09-21T10:10:00Z,16.3391159096814,0.18410314287638527,0.35233516483516486,0.90520070207570202
EMFC-864,cadence_only,1,LOW_PRESSURE_EXPANDED,100,701616,701622,2021-09-22T03:25:00Z,2021-09-25T03:25:00Z,15.985615134541352,-0.24960370657133035,0.28144078144078144,0.092185592185592191
EMFC-864,cadence_only,-1,HIGH_PRESSURE_COMPRESSED,100,702104,702110,2021-09-25T08:05:00Z,2021-09-28T08:05:00Z,16.470485105289896,0.19023276806529071,0.41487332112332115,0.90928342490842495
EMFC-864,cadence_only,-1,HIGH_PRESSURE_COMPRESSED,100,702576,702582,2021-09-28T15:10:00Z,2021-10-01T15:10:00Z,16.000047880262709,0.18330203730791605,0.30559371184371187,0.90014499389499392
EMFC-864,cadence_only,-1,HIGH_PRESSURE_COMPRESSED,100,703161,703167,2021-10-02T10:55:00Z,2021-10-05T10:55:00Z,16.838624702857423,0.19081754571521886,0.536019536019536,0.90810057997558002
EMFC-864,cadence_only,-1,HIGH_PRESSURE_COMPRESSED,100,703665,703671,2021-10-05T14:05:00Z,2021-10-08T14:05:00Z,15.707576794147469,0.19603515988171574,0.25999694749694752,0.90758547008547008
EMFC-864,cadence_only,-1,HIGH_PRESSURE_COMPRESSED,100,704400,704406,2021-10-10T19:20:00Z,2021-10-13T19:20:00Z,14.760276009529138,0.19091840401947283,0.10580738705738706,0.90125152625152627
EMFC-864,cadence_only,-1,HIGH_PRESSURE_COMPRESSED,100,704884,704890,2021-10-14T00:45:00Z,2021-10-17T00:45:00Z,15.955123089173211,0.19235169083131218,0.33745421245421248,0.9046283577533577
EMFC-864,cadence_only,-1,HIGH_PRESSURE_COMPRESSED,100,705421,705427,2021-10-17T18:20:00Z,2021-10-20T18:20:00Z,14.011727623450161,0.19384772863257763,0.050099206349206352,0.9043421855921856
EMFC-864,cadence_only,-1,HIGH_PRESSURE_COMPRESSED,100,706599,706605,2021-10-25T12:20:00Z,2021-10-28T12:20:00Z,15.06772509038178,0.20448536949567633,0.16292735042735043,0.91407203907203904
EMFC-864,cadence_only,-1,HIGH_PRESSURE_COMPRESSED,100,707234,707240,2021-10-29T11:20:00Z,2021-11-01T11:20:00Z,15.609850195692923,0.22299772861352321,0.28567612942612941,0.93316926129426125
EMFC-864,cadence_only,-1,HIGH_PRESSURE_COMPRESSED,100,707985,707991,2021-11-03T09:55:00Z,2021-11-06T09:55:00Z,16.635479283897734,0.20178983998935285,0.63110500610500608,0.91058073870573875
EMFC-864,cadence_only,-1,HIGH_PRESSURE_COMPRESSED,100,708462,708468,2021-11-06T12:45:00Z,2021-11-09T12:45:00Z,16.63551421346251,0.19437389531812913,0.64323870573870578,0.90764270451770457
EMFC-864,cadence_only,-1,HIGH_PRESSURE_COMPRESSED,100,708969,708975,2021-11-09T22:55:00Z,2021-11-12T22:55:00Z,16.861229612789131,0.19435365301779342,0.72290903540903539,0.91701007326007322
EMFC-864,cadence_only,-1,HIGH_PRESSURE_COMPRESSED,100,709583,709589,2021-11-14T00:35:00Z,2021-11-17T00:35:00Z,16.386021192051487,0.1753856657928422,0.58237942612942617,0.90247252747252749
EMFC-864,cadence_only,1,LOW_PRESSURE_EXPANDED,100,711311,711317,2021-11-26T01:35:00Z,2021-11-29T01:35:00Z,16.690092645869615,-0.16231724249365165,0.7442765567765568,0.098901098901098897
EMFC-864,cadence_only,1,LOW_PRESSURE_EXPANDED,100,712004,712010,2021-12-01T01:35:00Z,2021-12-04T01:35:00Z,15.510290955562418,-0.15127512079603433,0.32310744810744813,0.099893162393162399
EMFC-864,cadence_only,-1,HIGH_PRESSURE_COMPRESSED,100,712492,712498,2021-12-04T06:40:00Z,2021-12-07T06:40:00Z,16.799648577162998,0.18054313911654343,0.8051739926739927,0.91361416361416359
EMFC-864,cadence_only,-1,HIGH_PRESSURE_COMPRESSED,100,712983,712989,2021-12-07T07:15:00Z,2021-12-10T07:15:00Z,16.256419167991254,0.1770554471214548,0.61042429792429798,0.90306394993894989
EMFC-864,cadence_only,-1,HIGH_PRESSURE_COMPRESSED,100,713487,713493,2021-12-10T08:50:00Z,2021-12-13T08:50:00Z,15.231082856644198,0.18374256594940164,0.25721153846153844,0.90922619047619047
EMFC-864,cadence_only,1,LOW_PRESSURE_EXPANDED,100,714262,714268,2021-12-15T16:35:00Z,2021-12-18T16:35:00Z,16.546607855936532,-0.13164210905171517,0.7579746642246642,0.097374847374847376
EMFC-864,cadence_only,1,LOW_PRESSURE_EXPANDED,100,714662,714668,2021-12-18T16:35:00Z,2021-12-21T16:35:00Z,16.830440766220804,-0.12069730356803875,0.85664682539682535,0.09853861416361416
EMFC-864,cadence_only,-1,HIGH_PRESSURE_COMPRESSED,100,715193,715199,2021-12-22T07:40:00Z,2021-12-25T07:40:00Z,15.455786648064812,0.19071669758233659,0.34432234432234432,0.91826923076923073
EMFC-864,cadence_only,1,LOW_PRESSURE_EXPANDED,100,715840,715846,2021-12-26T16:20:00Z,2021-12-29T16:20:00Z,15.539687410828,-0.10761297696111739,0.38343253968253971,0.070856227106227104
EMFC-864,cadence_only,1,LOW_PRESSURE_EXPANDED,100,716404,716410,2021-12-30T17:25:00Z,2022-01-02T17:25:00Z,16.632792312580033,-0.099105996869935112,0.84737484737484736,0.071008852258852256
EMFC-864,cadence_only,1,LOW_PRESSURE_EXPANDED,100,716989,716995,2022-01-03T12:45:00Z,2022-01-06T12:45:00Z,15.757966032210721,-0.090617367583614036,0.475770757020757,0.077628968253968256
EMFC-864,cadence_only,1,LOW_PRESSURE_EXPANDED,100,717451,717457,2022-01-06T18:55:00Z,2022-01-09T18:55:00Z,16.85721904022606,-0.082378439265902256,0.9241071428571429,0.090926434676434673
EMFC-864,cadence_only,1,LOW_PRESSURE_EXPANDED,100,718054,718060,2022-01-10T22:55:00Z,2022-01-13T22:55:00Z,16.115695272353303,-0.087888769745786521,0.64114010989010994,0.0816735347985348
EMFC-864,cadence_only,-1,HIGH_PRESSURE_COMPRESSED,100,718565,718571,2022-01-14T05:10:00Z,2022-01-17T05:10:00Z,14.716793230211154,0.19652190619509602,0.17155067155067155,0.92135989010989006
EMFC-864,cadence_only,-1,HIGH_PRESSURE_COMPRESSED,100,719087,719093,2022-01-17T08:05:00Z,2022-01-20T08:05:00Z,16.115897536874691,0.18667100193179334,0.6479700854700855,0.90199557387057383
EMFC-864,cadence_only,-1,HIGH_PRESSURE_COMPRESSED,100,719577,719583,2022-01-20T09:15:00Z,2022-01-23T09:15:00Z,14.641876582310442,0.19259413956469493,0.16189713064713065,0.90850122100122099
EMFC-864,cadence_only,1,LOW_PRESSURE_EXPANDED,100,720118,720124,2022-01-24T06:00:00Z,2022-01-27T06:00:00Z,16.600516182902886,-0.081380274270826974,0.85973748473748479,0.095447954822954817
EMFC-864,cadence_only,1,LOW_PRESSURE_EXPANDED,100,720560,720566,2022-01-27T07:40:00Z,2022-01-30T07:40:00Z,15.785157322720831,-0.087430733491843549,0.5066773504273504,0.084745115995115999
EMFC-864,cadence_only,-1,HIGH_PRESSURE_COMPRESSED,100,721006,721012,2022-01-30T08:55:00Z,2022-02-02T08:55:00Z,16.319553681845122,0.1887823830561916,0.74652777777777779,0.90535332722832718
EMFC-864,cadence_only,-1,HIGH_PRESSURE_COMPRESSED,100,721604,721610,2022-02-03T08:55:00Z,2022-02-06T08:55:00Z,15.882917346641714,0.20018007509526778,0.54582570207570202,0.91979548229548225
EMFC-864,cadence_only,1,LOW_PRESSURE_EXPANDED,100,722201,722207,2022-02-07T18:35:00Z,2022-02-10T18:35:00Z,16.349823927843779,-0.088346596298566449,0.76003510378510375,0.094722985347985345
EMFC-864,cadence_only,1,LOW_PRESSURE_EXPANDED,100,722704,722710,2022-02-11T05:25:00Z,2022-02-14T05:25:00Z,15.680068714034556,-0.087109983238984945,0.45371642246642246,0.098595848595848593
EMFC-864,cadence_only,-1,HIGH_PRESSURE_COMPRESSED,100,723196,723202,2022-02-14T06:10:00Z,2022-02-17T06:10:00Z,15.760609949873388,0.18966847945700802,0.48721764346764346,0.91521672771672768
EMFC-864,cadence_only,-1,HIGH_PRESSURE_COMPRESSED,100,723780,723786,2022-02-17T19:00:00Z,2022-02-20T19:00:00Z,15.450678593369156,0.17719472150215762,0.36507936507936506,0.90025946275946278
EMFC-864,cadence_only,1,LOW_PRESSURE_EXPANDED,100,724209,724215,2022-02-20T21:20:00Z,2022-02-23T21:20:00Z,16.328965872144611,-0.089353077512009327,0.7512591575091575,0.096554487179487183
EMFC-864,cadence_only,1,LOW_PRESSURE_EXPANDED,100,724735,724741,2022-02-24T14:55:00Z,2022-02-27T14:55:00Z,15.612459206747843,-0.09967940868585784,0.43036477411477414,0.081826159951159952
EMFC-864,cadence_only,1,LOW_PRESSURE_EXPANDED,100,725175,725181,2022-02-27T23:20:00Z,2022-03-02T23:20:00Z,15.998133154501732,-0.10302278529423219,0.60485347985347981,0.085336538461538464
EMFC-864,cadence_only,1,LOW_PRESSURE_EXPANDED,100,725663,725669,2022-03-03T04:50:00Z,2022-03-06T04:50:00Z,17.094032304701848,-0.10871986671424244,0.97622863247863245,0.076808608058608063
EMFC-864,cadence_only,1,LOW_PRESSURE_EXPANDED,100,726149,726155,2022-03-06T19:05:00Z,2022-03-09T19:05:00Z,15.061162301528434,-0.10202997556137042,0.25026709401709402,0.091823107448107455
EMFC-864,cadence_only,1,LOW_PRESSURE_EXPANDED,100,726579,726585,2022-03-09T19:40:00Z,2022-03-12T19:40:00Z,16.070769110169437,-0.10239111133729824,0.63606532356532353,0.091117216117216113
EMFC-864,cadence_only,-1,HIGH_PRESSURE_COMPRESSED,100,727051,727057,2022-03-13T00:45:00Z,2022-03-16T00:45:00Z,15.686415563297015,0.18936631292065984,0.46527777777777779,0.92279075091575091
EMFC-864,cadence_only,-1,HIGH_PRESSURE_COMPRESSED,100,727647,727653,2022-03-16T23:50:00Z,2022-03-19T23:50:00Z,15.019155308486445,0.17588233316505289,0.24313186813186813,0.9069177350427351
EMFC-864,cadence_only,-1,HIGH_PRESSURE_COMPRESSED,100,728149,728155,2022-03-20T07:15:00Z,2022-03-23T07:15:00Z,16.338124035173983,0.17116403409807762,0.76934523809523814,0.90270146520146521
EMFC-864,cadence_only,1,LOW_PRESSURE_EXPANDED,100,728605,728611,2022-03-23T07:45:00Z,2022-03-26T07:45:00Z,15.818288229348353,-0.09191046793342196,0.53308150183150182,0.099778693528693535
EMFC-864,cadence_only,-1,HIGH_PRESSURE_COMPRESSED,100,729066,729072,2022-03-26T09:15:00Z,2022-03-29T09:15:00Z,15.578045280814578,0.19231128842332315,0.4287240537240537,0.9292010073260073
EMFC-864,cadence_only,1,LOW_PRESSURE_EXPANDED,100,729741,729747,2022-03-31T00:10:00Z,2022-04-03T00:10:00Z,12.798194345021855,-0.1014428516237211,0.026556776556776556,0.087473290598290593
EMFC-864,cadence_only,1,LOW_PRESSURE_EXPANDED,100,730177,730183,2022-04-03T03:25:00Z,2022-04-06T03:25:00Z,16.589509784974332,-0.10432998484330246,0.87259615384615385,0.083772130647130641
EMFC-864,cadence_only,1,LOW_PRESSURE_EXPANDED,100,730620,730626,2022-04-06T04:30:00Z,2022-04-09T04:30:00Z,14.582843636213097,-0.095900914377203147,0.15480006105006106,0.095486111111111105
EMFC-864,cadence_only,1,LOW_PRESSURE_EXPANDED,100,731084,731090,2022-04-09T11:10:00Z,2022-04-12T11:10:00Z,16.68673794853029,-0.11194379822198418,0.91044719169719168,0.073489010989010992
EMFC-864,cadence_only,1,LOW_PRESSURE_EXPANDED,100,731719,731725,2022-04-13T21:15:00Z,2022-04-16T21:15:00Z,17.051640785768843,-0.10199987502557861,0.97752594627594624,0.088408119658119663
EMFC-864,cadence_only,1,LOW_PRESSURE_EXPANDED,100,732169,732175,2022-04-16T23:45:00Z,2022-04-19T23:45:00Z,16.174330605207349,-0.10084031492607154,0.71813949938949939,0.090506715506715504
EMFC-864,cadence_only,1,LOW_PRESSURE_EXPANDED,100,732633,732639,2022-04-20T06:40:00Z,2022-04-23T06:40:00Z,15.083135396864652,-0.11847908965088302,0.28071581196581197,0.067498473748473745
EMFC-864,cadence_only,-1,HIGH_PRESSURE_COMPRESSED,100,733150,733156,2022-04-23T11:30:00Z,2022-04-26T11:30:00Z,16.559092625500998,0.17930610783349729,0.88457722832722829,0.92923916361416359
EMFC-864,cadence_only,-1,HIGH_PRESSURE_COMPRESSED,100,733619,733625,2022-04-26T11:50:00Z,2022-04-29T11:50:00Z,16.320550662671902,0.1752267843180878,0.79326923076923073,0.92414529914529919
EMFC-864,cadence_only,1,LOW_PRESSURE_EXPANDED,100,734201,734207,2022-04-30T08:55:00Z,2022-05-03T08:55:00Z,15.383578200602695,-0.09967940868585784,0.37988400488400487,0.097622863247863248
EMFC-864,cadence_only,-1,HIGH_PRESSURE_COMPRESSED,100,734835,734841,2022-05-04T09:25:00Z,2022-05-07T09:25:00Z,15.849992912900857,0.17882766753969878,0.58150183150183155,0.92412622100122099
EMFC-864,cadence_only,-1,HIGH_PRESSURE_COMPRESSED,100,735352,735358,2022-05-07T20:25:00Z,2022-05-10T20:25:00Z,12.732929086368692,0.18070286757849827,0.028655372405372404,0.92630112942612941
EMFC-864,cadence_only,1,LOW_PRESSURE_EXPANDED,100,736121,736127,2022-05-13T03:15:00Z,2022-05-16T03:15:00Z,16.824642306239877,-0.10578542537090672,0.95146520146520142,0.083333333333333329
EMFC-864,cadence_only,1,LOW_PRESSURE_EXPANDED,100,736537,736543,2022-05-16T03:30:00Z,2022-05-19T03:30:00Z,16.792059655322632,-0.10924296917204837,0.93891178266178266,0.08205509768009768
EMFC-864,cadence_only,1,LOW_PRESSURE_EXPANDED,100,737004,737010,2022-05-19T08:45:00Z,2022-05-22T08:45:00Z,14.833803572940214,-0.11831622681804219,0.21581196581196582,0.068872100122100127
EMFC-864,cadence_only,-1,HIGH_PRESSURE_COMPRESSED,100,737408,737414,2022-05-22T09:35:00Z,2022-05-25T09:35:00Z,15.973825084997623,0.16861590973784271,0.61618589743589747,0.91304181929181927
EMFC-864,cadence_only,1,LOW_PRESSURE_EXPANDED,100,738098,738104,2022-05-27T11:25:00Z,2022-05-30T11:25:00Z,16.749843803676871,-0.12047570346667331,0.92197039072039078,0.073489010989010992
EMFC-864,cadence_only,1,LOW_PRESSURE_EXPANDED,100,738919,738925,2022-06-02T02:00:00Z,2022-06-05T02:00:00Z,14.521174575062487,-0.11250989781103801,0.15315934065934067,0.082799145299145296
EMFC-864,cadence_only,-1,HIGH_PRESSURE_COMPRESSED,100,739634,739640,2022-06-07T03:25:00Z,2022-06-10T03:25:00Z,16.431760479017711,0.14991245159601271,0.80856990231990233,0.90056471306471308
EMFC-864,cadence_only,-1,HIGH_PRESSURE_COMPRESSED,100,740199,740205,2022-06-10T15:15:00Z,2022-06-13T15:15:00Z,0,0.16467812162135942,0.0015262515262515263,0.91807844932844929
EMFC-864,cadence_only,1,LOW_PRESSURE_EXPANDED,100,740631,740637,2022-06-13T19:50:00Z,2022-06-16T19:50:00Z,15.912675115065323,-0.11258436074714588,0.58127289377289382,0.091212606837606833
EMFC-864,cadence_only,1,LOW_PRESSURE_EXPANDED,100,741274,741280,2022-06-18T14:35:00Z,2022-06-21T14:35:00Z,17.157103253748456,-0.12338214615562189,0.98221916971916967,0.078678266178266176
EMFC-864,cadence_only,1,LOW_PRESSURE_EXPANDED,100,741842,741848,2022-06-22T13:35:00Z,2022-06-25T13:35:00Z,17.370209322992068,-0.11112387554693066,0.9945818070818071,0.099511599511599505
EMFC-864,cadence_only,1,LOW_PRESSURE_EXPANDED,100,742532,742538,2022-06-27T12:15:00Z,2022-06-30T12:15:00Z,16.30020385166015,-0.11277793843568831,0.72912851037851034,0.0972985347985348
EMFC-864,cadence_only,-1,HIGH_PRESSURE_COMPRESSED,100,743018,743024,2022-06-30T18:15:00Z,2022-07-03T18:15:00Z,15.747477667330932,0.1537729733895386,0.49622252747252749,0.90453296703296704
EMFC-864,cadence_only,-1,HIGH_PRESSURE_COMPRESSED,100,743475,743481,2022-07-03T21:40:00Z,2022-07-06T21:40:00Z,15.443075773553803,0.17219302399791381,0.37633547008547008,0.92746489621489625
EMFC-864,cadence_only,-1,HIGH_PRESSURE_COMPRESSED,100,743967,743973,2022-07-07T12:05:00Z,2022-07-10T12:05:00Z,17.069308176550869,0.15946477465102707,0.96936050061050061,0.90964590964590963
EMFC-864,cadence_only,-1,HIGH_PRESSURE_COMPRESSED,100,744420,744426,2022-07-10T14:40:00Z,2022-07-13T14:40:00Z,16.498409296220434,0.18404303769229505,0.80280830280830284,0.93797695360195366
EMFC-864,cadence_only,1,LOW_PRESSURE_EXPANDED,100,744831,744837,2022-07-13T16:30:00Z,2022-07-16T16:30:00Z,16.359295835619761,-0.12464830456511046,0.74080433455433459,0.085947039072039072
EMFC-864,cadence_only,1,LOW_PRESSURE_EXPANDED,100,745342,745348,2022-07-17T12:45:00Z,2022-07-20T12:45:00Z,13.918150175333334,-0.13053106279977053,0.076159951159951153,0.085584554334554336
EMFC-864,cadence_only,1,LOW_PRESSURE_EXPANDED,100,745771,745777,2022-07-20T19:30:00Z,2022-07-23T19:30:00Z,16.488609346134457,-0.12892078006683932,0.77777777777777779,0.090163308913308912
EMFC-864,cadence_only,-1,HIGH_PRESSURE_COMPRESSED,100,746208,746214,2022-07-23T23:30:00Z,2022-07-26T23:30:00Z,16.560854424347433,0.14766895389453211,0.79998473748473753,0.91792582417582413
EMFC-864,cadence_only,-1,HIGH_PRESSURE_COMPRESSED,100,746716,746722,2022-07-27T05:40:00Z,2022-07-30T05:40:00Z,16.312931328493626,0.14018203059986251,0.69467338217338215,0.90321657509157505
EMFC-864,cadence_only,1,LOW_PRESSURE_EXPANDED,100,747266,747272,2022-07-31T01:10:00Z,2022-08-03T01:10:00Z,16.172222786223191,-0.14083383146485218,0.63274572649572647,0.077075702075702079
EMFC-864,cadence_only,1,LOW_PRESSURE_EXPANDED,100,747887,747893,2022-08-04T07:20:00Z,2022-08-07T07:20:00Z,16.227125107812491,-0.12867168669216786,0.65407509157509158,0.094703907203907201
EMFC-864,cadence_only,-1,HIGH_PRESSURE_COMPRESSED,100,748391,748397,2022-08-07T14:20:00Z,2022-08-10T14:20:00Z,14.048266957448202,0.14724403018125853,0.084897741147741151,0.90649801587301593
EMFC-864,cadence_only,-1,HIGH_PRESSURE_COMPRESSED,100,748891,748897,2022-08-10T23:50:00Z,2022-08-13T23:50:00Z,16.033024027792852,0.14566181243135196,0.57028388278388276,0.90430402930402931
EMFC-864,cadence_only,1,LOW_PRESSURE_EXPANDED,100,749349,749355,2022-08-14T07:35:00Z,2022-08-17T07:35:00Z,13.468706733820804,-0.13343763822971663,0.051320207570207568,0.081311050061050064
EMFC-864,cadence_only,1,LOW_PRESSURE_EXPANDED,100,749890,749896,2022-08-18T03:35:00Z,2022-08-21T03:35:00Z,17.111410792331156,-0.13627761829254775,0.95787545787545791,0.080547924297924303
EMFC-864,cadence_only,-1,HIGH_PRESSURE_COMPRESSED,100,750749,750755,2022-08-23T17:05:00Z,2022-08-26T17:05:00Z,16.707601448416021,0.15198635699788171,0.84436050061050061,0.92317231379731379
EMFC-864,cadence_only,-1,HIGH_PRESSURE_COMPRESSED,100,751478,751484,2022-08-28T06:55:00Z,2022-08-31T06:55:00Z,15.880963970343645,0.15293752710579667,0.50240384615384615,0.91716269841269837
EMFC-864,cadence_only,-1,HIGH_PRESSURE_COMPRESSED,100,752013,752019,2022-08-31T15:35:00Z,2022-09-03T15:35:00Z,16.054497061280074,0.16050135832084067,0.57455738705738701,0.92488934676434675
EMFC-864,cadence_only,-1,HIGH_PRESSURE_COMPRESSED,100,752470,752476,2022-09-04T00:35:00Z,2022-09-07T00:35:00Z,16.93087517836635,0.1563029943954011,0.92071123321123316,0.91853632478632474
EMFC-864,cadence_only,1,LOW_PRESSURE_EXPANDED,100,753127,753133,2022-09-08T10:25:00Z,2022-09-11T10:25:00Z,16.607375911345372,-0.13311672332775898,0.8058226495726496,0.078048687423687424
EMFC-864,cadence_only,-1,HIGH_PRESSURE_COMPRESSED,100,753700,753706,2022-09-12T01:05:00Z,2022-09-15T01:05:00Z,14.114201559172535,0.15622505207268031,0.092490842490842495,0.90907356532356531
EMFC-864,cadence_only,1,LOW_PRESSURE_EXPANDED,100,754388,754394,2022-09-17T00:45:00Z,2022-09-20T00:45:00Z,16.652636883372455,-0.14047183526909901,0.81765109890109888,0.073641636141636144
EMFC-864,cadence_only,1,LOW_PRESSURE_EXPANDED,100,754850,754856,2022-09-20T01:55:00Z,2022-09-23T01:55:00Z,16.761326273205071,-0.13942855347392111,0.85931776556776551,0.075587606837606833
EMFC-864,cadence_only,1,LOW_PRESSURE_EXPANDED,100,755282,755288,2022-09-23T03:20:00Z,2022-09-26T03:20:00Z,15.770567745022397,-0.12934556090828717,0.44795482295482297,0.089018620268620272
EMFC-864,cadence_only,1,LOW_PRESSURE_EXPANDED,100,755902,755908,2022-09-27T13:15:00Z,2022-09-30T13:15:00Z,11.312851258239963,-0.12532489457738921,0.007020757020757021,0.097661019536019536
EMFC-864,cadence_only,-1,HIGH_PRESSURE_COMPRESSED,100,756369,756375,2022-09-30T15:45:00Z,2022-10-03T15:45:00Z,15.613849501568934,0.1585269082282374,0.39178876678876678,0.91783043345543347
EMFC-864,cadence_only,-1,HIGH_PRESSURE_COMPRESSED,100,756958,756964,2022-10-04T04:50:00Z,2022-10-07T04:50:00Z,14.942376266488619,0.15406457242349614,0.21207264957264957,0.90304487179487181
EMFC-864,cadence_only,-1,HIGH_PRESSURE_COMPRESSED,100,757543,757549,2022-10-07T18:00:00Z,2022-10-10T18:00:00Z,16.355884553653603,0.16198965782203631,0.67216117216117222,0.90777625152625152
EMFC-864,cadence_only,-1,HIGH_PRESSURE_COMPRESSED,100,758050,758056,2022-10-10T19:00:00Z,2022-10-13T19:00:00Z,16.284659199943917,0.16680260113628409,0.64484126984126988,0.90674603174603174
EMFC-864,cadence_only,-1,HIGH_PRESSURE_COMPRESSED,100,758570,758576,2022-10-14T07:00:00Z,2022-10-17T07:00:00Z,16.164688927545928,0.1659562027076904,0.59458943833943834,0.90228174603174605
EMFC-864,cadence_only,-1,HIGH_PRESSURE_COMPRESSED,100,759404,759410,2022-10-19T19:45:00Z,2022-10-22T19:45:00Z,16.534431722113364,0.18328201788907911,0.75263278388278387,0.92693070818070822
EMFC-864,cadence_only,1,LOW_PRESSURE_EXPANDED,100,759871,759877,2022-10-23T02:00:00Z,2022-10-26T02:00:00Z,16.154907407211109,-0.13291245111974156,0.58092948717948723,0.081883394383394384
EMFC-864,cadence_only,1,LOW_PRESSURE_EXPANDED,100,760596,760602,2022-10-28T06:20:00Z,2022-10-31T06:20:00Z,15.765166112793805,-0.14359516588774165,0.43513431013431014,0.073069291819291823
EMFC-864,cadence_only,-1,HIGH_PRESSURE_COMPRESSED,100,761147,761153,2022-10-31T21:00:00Z,2022-11-03T21:00:00Z,13.619574746337811,0.16412806660199006,0.056242368742368744,0.91029456654456653
EMFC-864,cadence_only,-1,HIGH_PRESSURE_COMPRESSED,100,761607,761613,2022-11-03T23:55:00Z,2022-11-06T23:55:00Z,15.452903851925374,0.15780456938087936,0.33482142857142855,0.90016407203907201
EMFC-864,cadence_only,1,LOW_PRESSURE_EXPANDED,100,762171,762177,2022-11-08T01:35:00Z,2022-11-11T01:35:00Z,15.336310243533081,-0.1383696692647719,0.30173992673992672,0.081940628815628816
EMFC-864,cadence_only,1,LOW_PRESSURE_EXPANDED,100,762673,762679,2022-11-11T10:30:00Z,2022-11-14T10:30:00Z,17.383890195562486,-0.13406458378618138,0.98912545787545791,0.087358821733821729
EMFC-864,cadence_only,1,LOW_PRESSURE_EXPANDED,100,763144,763150,2022-11-14T16:05:00Z,2022-11-17T16:05:00Z,17.00892513892072,-0.13857282986392375,0.93234890109890112,0.082856379731379728
EMFC-864,cadence_only,1,LOW_PRESSURE_EXPANDED,100,763678,763684,2022-11-18T11:55:00Z,2022-11-21T11:55:00Z,16.674094218920281,-0.13085280841876207,0.80544108669108672,0.088293650793650799
EMFC-864,cadence_only,1,LOW_PRESSURE_EXPANDED,100,764116,764122,2022-11-21T12:15:00Z,2022-11-24T12:15:00Z,16.897160172768981,-0.13474940055161441,0.88667582417582413,0.079460470085470081
EMFC-864,cadence_only,1,LOW_PRESSURE_EXPANDED,100,764518,764524,2022-11-24T13:15:00Z,2022-11-27T13:15:00Z,17.297835074480822,-0.13126215318047943,0.97298534798534797,0.085164835164835168
EMFC-864,cadence_only,1,LOW_PRESSURE_EXPANDED,100,764900,764906,2022-11-27T14:50:00Z,2022-11-30T14:50:00Z,15.439320890574491,-0.13108674022870656,0.32005494505494503,0.093673687423687424
EMFC-864,cadence_only,1,LOW_PRESSURE_EXPANDED,100,765382,765388,2022-12-01T04:35:00Z,2022-12-04T04:35:00Z,13.729342461677142,-0.12758667441599231,0.061431623931623928,0.09748931623931624
EMFC-864,cadence_only,1,LOW_PRESSURE_EXPANDED,100,765794,765800,2022-12-04T06:40:00Z,2022-12-07T06:40:00Z,17.270871924635998,-0.13773089568827698,0.96020299145299148,0.087301587301587297
EMFC-864,cadence_only,-1,HIGH_PRESSURE_COMPRESSED,100,766283,766289,2022-12-07T14:05:00Z,2022-12-10T14:05:00Z,17.346730843027618,0.15969937875767493,0.97084859584859584,0.90186202686202688
EMFC-864,cadence_only,-1,HIGH_PRESSURE_COMPRESSED,100,766820,766826,2022-12-10T22:30:00Z,2022-12-13T22:30:00Z,16.032342100754619,0.16522847936777718,0.49805402930402931,0.90514346764346765
EMFC-864,cadence_only,-1,HIGH_PRESSURE_COMPRESSED,100,767282,767288,2022-12-14T00:15:00Z,2022-12-17T00:15:00Z,15.588213261672086,0.1716981851568237,0.35931776556776557,0.91241224053724057
EMFC-864,cadence_only,1,LOW_PRESSURE_EXPANDED,100,767714,767720,2022-12-17T02:05:00Z,2022-12-20T02:05:00Z,15.642662749853059,-0.13648120431561647,0.37896825396825395,0.078086843711843712
EMFC-864,cadence_only,1,LOW_PRESSURE_EXPANDED,100,768171,768177,2022-12-20T08:50:00Z,2022-12-23T08:50:00Z,15.284581655124482,-0.12783603817299607,0.27594627594627597,0.092796092796092799
EMFC-864,cadence_only,1,LOW_PRESSURE_EXPANDED,100,768676,768682,2022-12-24T00:05:00Z,2022-12-27T00:05:00Z,13.797580775798291,-0.12817331372298282,0.064102564102564097,0.092376373626373631
EMFC-864,cadence_only,1,LOW_PRESSURE_EXPANDED,100,769034,769040,2022-12-27T01:15:00Z,2022-12-30T01:15:00Z,15.540362479904715,-0.13488048219381821,0.3443986568986569,0.089571886446886448
EMFC-864,cadence_only,-1,HIGH_PRESSURE_COMPRESSED,100,769637,769643,2022-12-31T04:05:00Z,2023-01-03T04:05:00Z,17.0401139489652,0.16766942546164024,0.90754731379731379,0.90588751526251521
EMFC-864,cadence_only,-1,HIGH_PRESSURE_COMPRESSED,100,770212,770218,2023-01-03T21:25:00Z,2023-01-06T21:25:00Z,16.553454521383866,0.18803786379006376,0.72405372405372403,0.9282661782661783
EMFC-864,cadence_only,-1,HIGH_PRESSURE_COMPRESSED,100,770796,770802,2023-01-07T13:05:00Z,2023-01-10T13:05:00Z,16.182366042402336,0.17171797400976349,0.56700244200244199,0.90247252747252749
EMFC-864,cadence_only,-1,HIGH_PRESSURE_COMPRESSED,100,771324,771330,2023-01-10T21:30:00Z,2023-01-13T21:30:00Z,15.974665714711076,0.17807060490641691,0.49973290598290598,0.91132478632478631
EMFC-864,cadence_only,-1,HIGH_PRESSURE_COMPRESSED,100,771827,771833,2023-01-14T04:55:00Z,2023-01-17T04:55:00Z,15.695050413973675,0.18028363476838935,0.40796703296703296,0.91082875457875456
EMFC-864,cadence_only,1,LOW_PRESSURE_EXPANDED,100,772483,772489,2023-01-18T09:20:00Z,2023-01-21T09:20:00Z,15.393864531727296,-0.12461887722122039,0.3222298534798535,0.083104395604395601
EMFC-864,cadence_only,-1,HIGH_PRESSURE_COMPRESSED,100,772993,772999,2023-01-21T23:30:00Z,2023-01-24T23:30:00Z,16.117105460881895,0.18434359974559311,0.56101190476190477,0.91023733211233215
EMFC-864,cadence_only,1,LOW_PRESSURE_EXPANDED,100,773455,773461,2023-01-25T04:40:00Z,2023-01-28T04:40:00Z,15.27609805266588,-0.1252366696626161,0.2879273504273504,0.084439865689865695
EMFC-864,cadence_only,-1,HIGH_PRESSURE_COMPRESSED,100,774027,774033,2023-01-28T17:25:00Z,2023-01-31T17:25:00Z,14.734240313001735,0.19924393598990395,0.16968101343101344,0.92811355311355315
EMFC-864,cadence_only,1,LOW_PRESSURE_EXPANDED,100,774590,774596,2023-02-01T18:10:00Z,2023-02-04T18:10:00Z,16.411221727890243,-0.12873030248034717,0.6878052503052503,0.082894536019536016
EMFC-864,cadence_only,1,LOW_PRESSURE_EXPANDED,100,775040,775046,2023-02-04T23:20:00Z,2023-02-07T23:20:00Z,15.419262938348606,-0.11796079763356471,0.32623626373626374,0.099912240537240543
EMFC-864,cadence_only,-1,HIGH_PRESSURE_COMPRESSED,100,775776,775782,2023-02-09T22:35:00Z,2023-02-12T22:35:00Z,15.705507433636807,0.17920641389380931,0.41151556776556775,0.90480006105006106
EMFC-864,cadence_only,-1,HIGH_PRESSURE_COMPRESSED,100,776441,776447,2023-02-14T05:35:00Z,2023-02-17T05:35:00Z,17.260876807113757,0.18068290012544608,0.96543040293040294,0.91033272283272282
EMFC-864,cadence_only,-1,HIGH_PRESSURE_COMPRESSED,100,777080,777086,2023-02-18T03:00:00Z,2023-02-21T03:00:00Z,17.184813888813203,0.17793120849266178,0.95070207570207566,0.90170940170940173
EMFC-864,cadence_only,-1,HIGH_PRESSURE_COMPRESSED,100,777693,777699,2023-02-21T21:30:00Z,2023-02-24T21:30:00Z,14.970117157241082,0.19227088764762276,0.19150641025641027,0.92017704517704513
EMFC-864,cadence_only,1,LOW_PRESSURE_EXPANDED,100,778187,778193,2023-02-25T06:55:00Z,2023-02-28T06:55:00Z,15.362412635877909,-0.1157661883717072,0.27663308913308915,0.097947191697191696
EMFC-864,cadence_only,-1,HIGH_PRESSURE_COMPRESSED,100,778841,778847,2023-03-01T20:25:00Z,2023-03-04T20:25:00Z,16.020060792586328,0.18008406185376272,0.48370726495726496,0.90514346764346765
EMFC-864,cadence_only,-1,HIGH_PRESSURE_COMPRESSED,100,779351,779357,2023-03-05T02:45:00Z,2023-03-08T02:45:00Z,16.811757199208522,0.17854868304145632,0.82501526251526247,0.90014499389499392
EMFC-864,cadence_only,1,LOW_PRESSURE_EXPANDED,100,779968,779974,2023-03-09T07:50:00Z,2023-03-12T07:50:00Z,16.717868746272721,-0.11554349271409441,0.77884615384615385,0.098195207570207568
EMFC-864,cadence_only,-1,HIGH_PRESSURE_COMPRESSED,100,780474,780480,2023-03-12T16:50:00Z,2023-03-15T16:50:00Z,15.032838780337368,0.17890739169416683,0.18482905982905984,0.90228174603174605
EMFC-864,cadence_only,1,LOW_PRESSURE_EXPANDED,100,781085,781091,2023-03-16T22:00:00Z,2023-03-19T22:00:00Z,15.671400652651768,-0.13032626167557426,0.34268162393162394,0.075015262515262512
EMFC-864,cadence_only,-1,HIGH_PRESSURE_COMPRESSED,100,781945,781951,2023-03-22T12:20:00Z,2023-03-25T12:20:00Z,16.792608128932425,0.19664362980151101,0.7825091575091575,0.92723595848595852
EMFC-864,cadence_only,1,LOW_PRESSURE_EXPANDED,100,782685,782691,2023-03-27T06:05:00Z,2023-03-30T06:05:00Z,16.536610637789952,-0.12023927588629471,0.64678724053724057,0.084077380952380959
EMFC-864,cadence_only,-1,HIGH_PRESSURE_COMPRESSED,100,783332,783338,2023-03-31T15:30:00Z,2023-04-03T15:30:00Z,17.117182183419313,0.18753512384684212,0.89537545787545791,0.91533119658119655
EMFC-864,cadence_only,1,LOW_PRESSURE_EXPANDED,100,783819,783825,2023-04-04T03:45:00Z,2023-04-07T03:45:00Z,16.224454208406708,-0.12338214615562189,0.48809523809523808,0.081711691086691088
EMFC-864,cadence_only,1,LOW_PRESSURE_EXPANDED,100,784402,784408,2023-04-08T00:55:00Z,2023-04-11T00:55:00Z,16.403423379115289,-0.1145184534425919,0.54826770451770457,0.096745268620268624
EMFC-864,cadence_only,1,LOW_PRESSURE_EXPANDED,100,784830,784836,2023-04-11T02:25:00Z,2023-04-14T02:25:00Z,16.787193705595932,-0.12111082574905806,0.73252442002441998,0.085012210012210015
EMFC-864,cadence_only,1,LOW_PRESSURE_EXPANDED,100,785398,785404,2023-04-14T22:25:00Z,2023-04-17T22:25:00Z,15.512939567305676,-0.1144441343908689,0.22687728937728938,0.09806166056166056
EMFC-864,cadence_only,-1,HIGH_PRESSURE_COMPRESSED,100,785845,785851,2023-04-17T22:50:00Z,2023-04-20T22:50:00Z,15.263492505165624,0.17504807282745621,0.16987179487179488,0.90993208180708185
EMFC-864,cadence_only,1,LOW_PRESSURE_EXPANDED,100,786293,786299,2023-04-21T00:45:00Z,2023-04-24T00:45:00Z,15.334022167349113,-0.11881953534198263,0.17834249084249085,0.092357295482295487
EMFC-864,cadence_only,1,LOW_PRESSURE_EXPANDED,100,786831,786837,2023-04-24T18:10:00Z,2023-04-27T18:10:00Z,16.638845090374467,-0.1129119318106607,0.63759157509157505,0.099778693528693535
EMFC-864,cadence_only,1,LOW_PRESSURE_EXPANDED,100,787438,787444,2023-04-29T07:05:00Z,2023-05-02T07:05:00Z,16.794589938596673,-0.11591462459635593,0.71108058608058611,0.098824786324786321
EMFC-864,cadence_only,1,LOW_PRESSURE_EXPANDED,100,787966,787972,2023-05-02T19:10:00Z,2023-05-05T19:10:00Z,17.696867014826406,-0.11514251551244369,0.99046092796092799,0.099511599511599505
EMFC-864,cadence_only,-1,HIGH_PRESSURE_COMPRESSED,100,788520,788526,2023-05-06T16:15:00Z,2023-05-09T16:15:00Z,18.682058368004085,0.18446384986598813,0.99465811965811968,0.92053952991452992
EMFC-864,cadence_only,-1,HIGH_PRESSURE_COMPRESSED,100,788946,788952,2023-05-09T17:55:00Z,2023-05-12T17:55:00Z,19.803348228399315,0.17663774032565702,0.99500152625152627,0.90762362637362637
EMFC-864,cadence_only,-1,HIGH_PRESSURE_COMPRESSED,100,789709,789715,2023-05-14T17:40:00Z,2023-05-17T17:40:00Z,18.414314995500298,0.17417483165818612,0.95806623931623935,0.90314026251526247
EMFC-864,cadence_only,-1,HIGH_PRESSURE_COMPRESSED,100,790188,790194,2023-05-17T18:20:00Z,2023-05-20T18:20:00Z,18.007646733837088,0.20166748839149229,0.9391025641025641,0.93885454822954828
EMFC-864,cadence_only,-1,HIGH_PRESSURE_COMPRESSED,100,790689,790695,2023-05-21T07:30:00Z,2023-05-24T07:30:00Z,18.79875467561979,0.17944569604849037,0.9713064713064713,0.90873015873015872
EMFC-864,cadence_only,1,LOW_PRESSURE_EXPANDED,100,791199,791205,2023-05-24T19:15:00Z,2023-05-27T19:15:00Z,17.585543571757899,-0.11172024961040795,0.88713369963369959,0.099378052503052497
EMFC-864,cadence_only,-1,HIGH_PRESSURE_COMPRESSED,100,791986,791992,2023-05-29T21:25:00Z,2023-06-01T21:25:00Z,17.106870714738314,0.17892732372593914,0.74301739926739929,0.90724206349206349
EMFC-864,cadence_only,1,LOW_PRESSURE_EXPANDED,100,792436,792442,2023-06-02T01:15:00Z,2023-06-05T01:15:00Z,17.720706592568089,-0.10798706325970629,0.88003663003663002,0.097336691086691088
EMFC-864,cadence_only,-1,HIGH_PRESSURE_COMPRESSED,100,792911,792917,2023-06-05T06:00:00Z,2023-06-08T06:00:00Z,16.986209112805049,0.17978477714198463,0.66647588522588519,0.90903540903540903
EMFC-864,cadence_only,1,LOW_PRESSURE_EXPANDED,100,793333,793339,2023-06-08T06:10:00Z,2023-06-11T06:10:00Z,18.269709436227632,-0.11393861830766604,0.93833943833943834,0.092300061050061055
EMFC-864,cadence_only,-1,HIGH_PRESSURE_COMPRESSED,100,793822,793828,2023-06-11T06:50:00Z,2023-06-14T06:50:00Z,17.114324211160213,0.2025446724829888,0.69520757020757018,0.9413156288156288
EMFC-864,cadence_only,1,LOW_PRESSURE_EXPANDED,100,794300,794306,2023-06-14T14:05:00Z,2023-06-17T14:05:00Z,17.08264939855977,-0.10874976565582213,0.67632020757020761,0.097832722832722832
EMFC-864,cadence_only,1,LOW_PRESSURE_EXPANDED,100,794759,794765,2023-06-17T17:25:00Z,2023-06-20T17:25:00Z,17.620245012490809,-0.13453089295760606,0.8402396214896215,0.064484126984126991
EMFC-864,cadence_only,1,LOW_PRESSURE_EXPANDED,100,795202,795208,2023-06-20T19:15:00Z,2023-06-23T19:15:00Z,17.235989483469787,-0.10500545263040929,0.72889957264957261,0.097222222222222224
EMFC-864,cadence_only,1,LOW_PRESSURE_EXPANDED,100,795604,795610,2023-06-23T21:35:00Z,2023-06-26T21:35:00Z,17.486929510862179,-0.10439004490338055,0.80498321123321126,0.097355769230769232
EMFC-864,cadence_only,1,LOW_PRESSURE_EXPANDED,100,796226,796232,2023-06-28T06:40:00Z,2023-07-01T06:40:00Z,16.651495938727077,-0.11735331370950201,0.4481837606837607,0.078392094017094016
EMFC-864,cadence_only,-1,HIGH_PRESSURE_COMPRESSED,100,796884,796890,2023-07-02T20:40:00Z,2023-07-05T20:40:00Z,16.681540783300928,0.17223262168541403,0.44711538461538464,0.90170940170940173
EMFC-864,cadence_only,1,LOW_PRESSURE_EXPANDED,100,797439,797445,2023-07-06T17:20:00Z,2023-07-09T17:20:00Z,16.379147439120857,-0.11395349007584528,0.31208028083028083,0.090945512820512817
EMFC-864,cadence_only,-1,HIGH_PRESSURE_COMPRESSED,100,797986,797992,2023-07-09T20:30:00Z,2023-07-12T20:30:00Z,15.895552544341108,0.17594194982991559,0.17036782661782662,0.90376984126984128
EMFC-864,cadence_only,1,LOW_PRESSURE_EXPANDED,100,798528,798534,2023-07-13T15:35:00Z,2023-07-16T15:35:00Z,16.787682247941202,-0.12533959797313865,0.49118589743589741,0.076236263736263743
EMFC-864,cadence_only,1,LOW_PRESSURE_EXPANDED,100,799112,799118,2023-07-17T21:55:00Z,2023-07-20T21:55:00Z,15.755474204423738,-0.11246521738775793,0.13121947496947498,0.098137973137973136
EMFC-864,cadence_only,1,LOW_PRESSURE_EXPANDED,100,799612,799618,2023-07-21T10:00:00Z,2023-07-24T10:00:00Z,17.227396875531507,-0.13591396870128272,0.70844780219780223,0.066391941391941392
EMFC-864,cadence_only,-1,HIGH_PRESSURE_COMPRESSED,100,800177,800183,2023-07-25T10:05:00Z,2023-07-28T10:05:00Z,16.897322036670698,0.17171797400976349,0.5404838217338217,0.90277777777777779
EMFC-864,cadence_only,-1,HIGH_PRESSURE_COMPRESSED,100,800662,800668,2023-07-28T22:00:00Z,2023-07-31T22:00:00Z,16.303601050607966,0.16972127481821622,0.26156135531135533,0.90128968253968256
EMFC-864,cadence_only,1,LOW_PRESSURE_EXPANDED,100,801164,801170,2023-08-01T09:00:00Z,2023-08-04T09:00:00Z,15.774076568398629,-0.11401297493696566,0.1088980463980464,0.099511599511599505
EMFC-864,cadence_only,1,LOW_PRESSURE_EXPANDED,100,801686,801692,2023-08-05T00:50:00Z,2023-08-08T00:50:00Z,17.038412347749027,-0.13620489895280741,0.61649114774114777,0.068452380952380959
EMFC-864,cadence_only,1,LOW_PRESSURE_EXPANDED,100,802231,802237,2023-08-08T17:10:00Z,2023-08-11T17:10:00Z,17.018810790622187,-0.14783075108243901,0.60706654456654452,0.05986721611721612
EMFC-864,cadence_only,-1,HIGH_PRESSURE_COMPRESSED,100,802675,802681,2023-08-11T17:55:00Z,2023-08-14T17:55:00Z,16.328526173080263,0.17761266106622031,0.27255036630036628,0.90914987789987789
EMFC-864,cadence_only,-1,HIGH_PRESSURE_COMPRESSED,100,803127,803133,2023-08-14T17:55:00Z,2023-08-17T17:55:00Z,16.013707662242826,0.17401614243086788,0.16891788766788768,0.90604014041514036
EMFC-864,cadence_only,-1,HIGH_PRESSURE_COMPRESSED,100,803649,803655,2023-08-17T21:05:00Z,2023-08-20T21:05:00Z,16.344653447099645,0.17348075212847264,0.29063644688644691,0.9049908424908425
EMFC-864,cadence_only,-1,HIGH_PRESSURE_COMPRESSED,100,804208,804214,2023-08-21T13:30:00Z,2023-08-24T13:30:00Z,16.631088065536673,0.17699576403860692,0.41830738705738707,0.91050442612942617
EMFC-864,cadence_only,1,LOW_PRESSURE_EXPANDED,100,804736,804742,2023-08-25T06:55:00Z,2023-08-28T06:55:00Z,16.185712335934856,-0.12212913323306343,0.22909035409035408,0.089075854700854704
EMFC-864,cadence_only,1,LOW_PRESSURE_EXPANDED,100,805123,805129,2023-08-28T07:05:00Z,2023-08-31T07:05:00Z,16.362276831345856,-0.1215979717474875,0.30261752136752135,0.095009157509157505
EMFC-864,cadence_only,1,LOW_PRESSURE_EXPANDED,100,805574,805580,2023-08-31T15:00:00Z,2023-09-03T15:00:00Z,16.630161025915125,-0.14151402976163749,0.42769383394383392,0.073832417582417584
EMFC-864,cadence_only,1,LOW_PRESSURE_EXPANDED,100,806309,806315,2023-09-05T12:15:00Z,2023-09-08T12:15:00Z,17.273222983585391,-0.12752799155283859,0.72973901098901095,0.091288919413919409
EMFC-864,cadence_only,1,LOW_PRESSURE_EXPANDED,100,806799,806805,2023-09-09T02:55:00Z,2023-09-12T02:55:00Z,16.742375648560753,-0.13044329602528942,0.48252442002442003,0.089495573870573872
EMFC-864,cadence_only,-1,HIGH_PRESSURE_COMPRESSED,100,807278,807284,2023-09-12T06:05:00Z,2023-09-15T06:05:00Z,16.466012857621379,0.16855672821824128,0.3402396214896215,0.9056013431013431
EMFC-864,cadence_only,-1,HIGH_PRESSURE_COMPRESSED,100,807914,807920,2023-09-16T05:35:00Z,2023-09-19T05:35:00Z,16.484483352977588,0.17286639802319942,0.3466117216117216,0.90647893772893773
EMFC-864,cadence_only,1,LOW_PRESSURE_EXPANDED,100,808500,808506,2023-09-20T04:50:00Z,2023-09-23T04:50:00Z,17.489067443814275,-0.14946830603352865,0.80654761904761907,0.064331501831501825
EMFC-864,cadence_only,1,LOW_PRESSURE_EXPANDED,100,808912,808918,2023-09-23T05:05:00Z,2023-09-26T05:05:00Z,17.041694890508083,-0.13184664089365303,0.63228785103785101,0.089858058608058608
EMFC-864,cadence_only,-1,HIGH_PRESSURE_COMPRESSED,100,809585,809591,2023-09-27T16:20:00Z,2023-09-30T16:20:00Z,16.888398437058846,0.16824115258595035,0.54407051282051277,0.90642170329670335
EMFC-864,cadence_only,-1,HIGH_PRESSURE_COMPRESSED,100,810303,810309,2023-10-02T15:10:00Z,2023-10-05T15:10:00Z,16.208241427248808,0.16625137661646017,0.21531593406593408,0.90209096459096461
EMFC-864,cadence_only,-1,HIGH_PRESSURE_COMPRESSED,100,810902,810908,2023-10-06T15:45:00Z,2023-10-09T15:45:00Z,16.401788527136574,0.16668445601455567,0.29624542124542125,0.90293040293040294
EMFC-864,cadence_only,-1,HIGH_PRESSURE_COMPRESSED,100,811443,811449,2023-10-10T02:20:00Z,2023-10-13T02:20:00Z,16.058812522686924,0.18532606581425337,0.16346153846153846,0.92591956654456653
EMFC-864,cadence_only,1,LOW_PRESSURE_EXPANDED,100,811997,812003,2023-10-13T16:15:00Z,2023-10-16T16:15:00Z,17.025114087661152,-0.12232087223262586,0.61637667887667891,0.099931318681318687
EMFC-864,cadence_only,-1,HIGH_PRESSURE_COMPRESSED,100,812595,812601,2023-10-17T14:15:00Z,2023-10-20T14:15:00Z,16.95629648717977,0.17342128200723519,0.58424908424908428,0.90651709401709402
EMFC-864,cadence_only,1,LOW_PRESSURE_EXPANDED,100,813048,813054,2023-10-20T15:55:00Z,2023-10-23T15:55:00Z,16.987902054179841,-0.12578059934739008,0.59859584859584858,0.094246031746031744
EMFC-864,cadence_only,1,LOW_PRESSURE_EXPANDED,100,813648,813654,2023-10-24T19:40:00Z,2023-10-27T19:40:00Z,16.959667060765547,-0.12400070287637503,0.5950091575091575,0.092681623931623935
EMFC-864,cadence_only,-1,HIGH_PRESSURE_COMPRESSED,100,814131,814137,2023-10-28T01:35:00Z,2023-10-31T01:35:00Z,16.558164741757505,0.16841865162496325,0.39323870573870573,0.90014499389499392
EMFC-864,cadence_only,-1,HIGH_PRESSURE_COMPRESSED,100,814691,814697,2023-10-31T16:55:00Z,2023-11-03T16:55:00Z,16.055554174399131,0.17922635188665223,0.18467643467643469,0.91586538461538458
EMFC-864,cadence_only,-1,HIGH_PRESSURE_COMPRESSED,100,815305,815311,2023-11-04T20:15:00Z,2023-11-07T20:15:00Z,17.384428304839506,0.19212949778504024,0.8144078144078144,0.93149038461538458
EMFC-864,cadence_only,1,LOW_PRESSURE_EXPANDED,100,815746,815752,2023-11-07T23:10:00Z,2023-11-10T23:10:00Z,17.599493852414192,-0.13000434657058627,0.87725122100122099,0.07850656288156288
EMFC-864,cadence_only,-1,HIGH_PRESSURE_COMPRESSED,100,816253,816259,2023-11-11T08:00:00Z,2023-11-14T08:00:00Z,19.017538475380253,0.19257393325830602,0.99782509157509158,0.93578296703296704
EMFC-864,cadence_only,1,LOW_PRESSURE_EXPANDED,100,816822,816828,2023-11-15T08:05:00Z,2023-11-18T08:05:00Z,18.00309482470195,-0.13098440179541876,0.94520757020757018,0.07831578144078144
EMFC-864,cadence_only,-1,HIGH_PRESSURE_COMPRESSED,100,817437,817443,2023-11-19T08:30:00Z,2023-11-22T08:30:00Z,19.497852923983199,0.17970498301080062,0.99820665445665446,0.91971916971916967
EMFC-864,cadence_only,-1,HIGH_PRESSURE_COMPRESSED,100,818122,818128,2023-11-23T18:30:00Z,2023-11-26T18:30:00Z,18.377265650672374,0.17187629893241602,0.95043498168498164,0.90493360805860801
EMFC-864,cadence_only,1,LOW_PRESSURE_EXPANDED,100,818699,818705,2023-11-27T16:00:00Z,2023-11-30T16:00:00Z,17.884405611222199,-0.11802004460458064,0.8903006715506715,0.094379578754578752
EMFC-864,cadence_only,1,LOW_PRESSURE_EXPANDED,100,819136,819142,2023-11-30T18:50:00Z,2023-12-03T18:50:00Z,17.582746953492059,-0.11833103362621296,0.82921245421245426,0.095409798534798529
EMFC-864,cadence_only,-1,HIGH_PRESSURE_COMPRESSED,100,819607,819613,2023-12-03T21:55:00Z,2023-12-06T21:55:00Z,18.003047650261511,0.18775629828400026,0.90411324786324787,0.92830433455433459
EMFC-864,cadence_only,1,LOW_PRESSURE_EXPANDED,100,820137,820143,2023-12-07T16:10:00Z,2023-12-10T16:10:00Z,0,-0.14314750921848493,0.001201923076923077,0.063644688644688641
EMFC-864,cadence_only,1,LOW_PRESSURE_EXPANDED,100,820635,820641,2023-12-11T05:35:00Z,2023-12-14T05:35:00Z,18.577735952976393,-0.12301377589514426,0.94829822954822951,0.093253968253968256
EMFC-864,cadence_only,-1,HIGH_PRESSURE_COMPRESSED,100,821354,821360,2023-12-15T22:45:00Z,2023-12-18T22:45:00Z,19.509539326168795,0.1811023003892252,0.99503968253968256,0.92246642246642252
EMFC-864,cadence_only,-1,HIGH_PRESSURE_COMPRESSED,100,821848,821854,2023-12-19T02:20:00Z,2023-12-22T02:20:00Z,19.315371041122621,0.17264849209826752,0.97523656898656896,0.90764270451770457
EMFC-864,cadence_only,-1,HIGH_PRESSURE_COMPRESSED,100,822483,822489,2023-12-23T03:35:00Z,2023-12-26T03:35:00Z,19.164449154114909,0.17070924146578864,0.94799297924297921,0.90096535409035405
EMFC-864,cadence_only,-1,HIGH_PRESSURE_COMPRESSED,100,823010,823016,2023-12-26T13:15:00Z,2023-12-29T13:15:00Z,18.879198341822782,0.1739169744501442,0.91823107448107444,0.90119429181929178
EMFC-864,cadence_only,-1,HIGH_PRESSURE_COMPRESSED,100,823424,823430,2023-12-29T16:50:00Z,2024-01-01T16:50:00Z,18.427836619494279,0.18600834465194979,0.850770757020757,0.92143620268620263
EMFC-864,constant_long_same_clock,1,LOW_PRESSURE_EXPANDED,100,665703,665709,2021-01-12T11:25:00Z,2021-01-15T11:25:00Z,18.735155179073125,0.17187629893241602,0.90453296703296704,0.91468253968253965
EMFC-864,constant_long_same_clock,1,LOW_PRESSURE_EXPANDED,100,666273,666279,2021-01-16T05:50:00Z,2021-01-19T05:50:00Z,18.901851327526089,0.22602269206505327,0.9486416361416361,0.96886446886446886
EMFC-864,constant_long_same_clock,1,LOW_PRESSURE_EXPANDED,100,666974,666980,2021-01-21T06:55:00Z,2021-01-24T06:55:00Z,15.81046498855833,-0.12550132105946171,0.046245421245421248,0.097451159951159952
EMFC-864,constant_long_same_clock,1,LOW_PRESSURE_EXPANDED,100,668616,668622,2021-02-01T17:35:00Z,2021-02-04T17:35:00Z,15.665648834937498,-0.14197687889554952,0.038270757020757024,0.082474816849816848
EMFC-864,constant_long_same_clock,1,LOW_PRESSURE_EXPANDED,100,669174,669180,2021-02-05T08:00:00Z,2021-02-08T08:00:00Z,18.783502011486114,0.17157946026205245,0.93448565323565325,0.91561736874236876
EMFC-864,constant_long_same_clock,1,LOW_PRESSURE_EXPANDED,100,670493,670499,2021-02-14T03:30:00Z,2021-02-17T03:30:00Z,18.854560265110649,0.17312398443991253,0.94631410256410253,0.91702915140415142
EMFC-864,constant_long_same_clock,1,LOW_PRESSURE_EXPANDED,100,671109,671115,2021-02-18T13:05:00Z,2021-02-21T13:05:00Z,18.724481607877951,0.18366245539679615,0.90873015873015872,0.93051739926739929
EMFC-864,constant_long_same_clock,1,LOW_PRESSURE_EXPANDED,100,671875,671881,2021-02-24T01:40:00Z,2021-02-27T01:40:00Z,0,-0.19140517552699712,0.0025755494505494505,0.042239010989010992
EMFC-864,constant_long_same_clock,1,LOW_PRESSURE_EXPANDED,100,672424,672430,2021-02-27T14:30:00Z,2021-03-02T14:30:00Z,18.838457794752227,0.18626933904205206,0.93967490842490842,0.93585927960927962
EMFC-864,constant_long_same_clock,1,LOW_PRESSURE_EXPANDED,100,672958,672964,2021-03-03T11:30:00Z,2021-03-06T11:30:00Z,18.742584364625472,0.17629972447546036,0.90556318681318682,0.9221802503052503
EMFC-864,constant_long_same_clock,1,LOW_PRESSURE_EXPANDED,100,676409,676415,2021-03-26T20:55:00Z,2021-03-29T20:55:00Z,16.542570130642051,-0.16343600885192539,0.082684676434676432,0.062576312576312576
EMFC-864,constant_long_same_clock,1,LOW_PRESSURE_EXPANDED,100,678413,678419,2021-04-09T10:25:00Z,2021-04-12T10:25:00Z,16.634330219969637,-0.13067732364161613,0.088942307692307696,0.094627594627594624
EMFC-864,constant_long_same_clock,1,LOW_PRESSURE_EXPANDED,100,679399,679405,2021-04-15T23:50:00Z,2021-04-18T23:50:00Z,18.827664717999447,0.19263455340239846,0.93677503052503053,0.96020299145299148
EMFC-864,constant_long_same_clock,1,LOW_PRESSURE_EXPANDED,100,679874,679880,2021-04-20T10:50:00Z,2021-04-23T10:50:00Z,0,-0.31624523357609591,0.0025755494505494505,0.022893772893772892
EMFC-864,constant_long_same_clock,1,LOW_PRESSURE_EXPANDED,100,680740,680746,2021-04-27T02:10:00Z,2021-04-30T02:10:00Z,16.655951893510334,-0.24294617861038939,0.079632173382173377,0.03498931623931624
EMFC-864,constant_long_same_clock,1,LOW_PRESSURE_EXPANDED,100,681507,681513,2021-05-02T12:25:00Z,2021-05-05T12:25:00Z,18.777749522328133,0.20784451402504051,0.90781440781440781,0.97019993894993894
EMFC-864,constant_long_same_clock,1,LOW_PRESSURE_EXPANDED,100,682325,682331,2021-05-07T06:00:00Z,2021-05-10T06:00:00Z,18.747908423888934,0.1980038841960618,0.90811965811965811,0.95096916971916967
EMFC-864,constant_long_same_clock,1,LOW_PRESSURE_EXPANDED,100,683593,683599,2021-05-14T19:05:00Z,2021-05-17T19:05:00Z,16.619419455074954,-0.13635033234457042,0.078373015873015872,0.074061355311355312
EMFC-864,constant_long_same_clock,1,LOW_PRESSURE_EXPANDED,100,684004,684010,2021-05-17T22:00:00Z,2021-05-20T22:00:00Z,16.250314257255827,-0.15918086435231205,0.044452075702075704,0.058054792429792432
EMFC-864,constant_long_same_clock,1,LOW_PRESSURE_EXPANDED,100,684623,684629,2021-05-23T09:35:00Z,2021-05-26T09:35:00Z,0,-0.16097023088291929,0.002728174603174603,0.075473137973137969
EMFC-864,constant_long_same_clock,1,LOW_PRESSURE_EXPANDED,100,684991,684997,2021-05-26T10:25:00Z,2021-05-29T10:25:00Z,16.564717673494805,-0.22171586598968218,0.064369658119658113,0.039148351648351648
EMFC-864,constant_long_same_clock,1,LOW_PRESSURE_EXPANDED,100,685351,685357,2021-05-29T11:00:00Z,2021-06-01T11:00:00Z,16.03031317674963,-0.28368660117629219,0.027472527472527472,0.021253052503052504
EMFC-864,constant_long_same_clock,1,LOW_PRESSURE_EXPANDED,100,686269,686275,2021-06-04T22:10:00Z,2021-06-07T22:10:00Z,16.719244586199189,-0.16318121014152684,0.087034493284493281,0.088637057387057391
EMFC-864,constant_long_same_clock,1,LOW_PRESSURE_EXPANDED,100,686981,686987,2021-06-10T01:05:00Z,2021-06-13T01:05:00Z,16.718857220989143,-0.15874013216106553,0.094360500610500608,0.093063186813186816
EMFC-864,constant_long_same_clock,1,LOW_PRESSURE_EXPANDED,100,687373,687379,2021-06-13T09:35:00Z,2021-06-16T09:35:00Z,16.657092318357659,-0.16779996027493421,0.088217338217338223,0.092223748473748479
EMFC-864,constant_long_same_clock,1,LOW_PRESSURE_EXPANDED,100,687781,687787,2021-06-16T10:50:00Z,2021-06-19T10:50:00Z,14.997114739642045,-0.2252480020702318,0.0115995115995116,0.051701770451770449
EMFC-864,constant_long_same_clock,1,LOW_PRESSURE_EXPANDED,100,688155,688161,2021-06-19T11:00:00Z,2021-06-22T11:00:00Z,16.687712348382924,-0.26961992963337233,0.09806166056166056,0.03331043956043956
EMFC-864,constant_long_same_clock,1,LOW_PRESSURE_EXPANDED,100,688470,688476,2021-06-22T11:50:00Z,2021-06-25T11:50:00Z,15.440301999432222,-0.37329768414740383,0.019421550671550672,0.006791819291819292
EMFC-864,constant_long_same_clock,1,LOW_PRESSURE_EXPANDED,100,688774,688780,2021-06-25T13:30:00Z,2021-06-28T13:30:00Z,16.212521803762261,-0.2707393517214689,0.052808302808302808,0.053609584859584856
EMFC-864,constant_long_same_clock,1,LOW_PRESSURE_EXPANDED,100,689027,689033,2021-06-28T14:45:00Z,2021-07-01T14:45:00Z,16.584366948712209,-0.78325445475495747,0.090697496947496944,0.00080128205128205125
EMFC-864,constant_long_same_clock,1,LOW_PRESSURE_EXPANDED,100,689500,689506,2021-07-03T15:00:00Z,2021-07-06T15:00:00Z,0,-0.39182810091850506,0.002670940170940171,0.0277014652014652
EMFC-864,constant_long_same_clock,1,LOW_PRESSURE_EXPANDED,100,711329,711335,2021-11-26T06:20:00Z,2021-11-29T06:20:00Z,13.530566068244473,-0.17336489875106262,0.038690476190476192,0.091956654456654463
EMFC-864,constant_long_same_clock,1,LOW_PRESSURE_EXPANDED,100,712007,712013,2021-12-01T03:05:00Z,2021-12-04T03:05:00Z,12.739722796637889,-0.15520726430238263,0.019192612942612944,0.09691697191697192
EMFC-864,constant_long_same_clock,1,LOW_PRESSURE_EXPANDED,100,712739,712745,2021-12-05T19:10:00Z,2021-12-08T19:10:00Z,17.340117398716554,0.17566376912988815,0.91800213675213671,0.90502899877899878
EMFC-864,constant_long_same_clock,1,LOW_PRESSURE_EXPANDED,100,714422,714428,2021-12-16T23:30:00Z,2021-12-19T23:30:00Z,12.894847782621291,-0.12848116164854009,0.023504273504273504,0.097260378510378512
EMFC-864,constant_long_same_clock,1,LOW_PRESSURE_EXPANDED,100,715865,715871,2021-12-26T21:10:00Z,2021-12-29T21:10:00Z,14.059866722469355,-0.11166062820630623,0.079746642246642241,0.066506410256410256
EMFC-864,constant_long_same_clock,1,LOW_PRESSURE_EXPANDED,100,716475,716481,2021-12-31T07:15:00Z,2022-01-03T07:15:00Z,13.929333763832968,-0.23843930587332945,0.069329975579975583,0.0023275335775335775
EMFC-864,constant_long_same_clock,1,LOW_PRESSURE_EXPANDED,100,717066,717072,2022-01-04T02:25:00Z,2022-01-07T02:25:00Z,13.866469796561402,-0.1065048606452715,0.066926129426129424,0.057291666666666664
EMFC-864,constant_long_same_clock,1,LOW_PRESSURE_EXPANDED,100,717628,717634,2022-01-07T23:10:00Z,2022-01-10T23:10:00Z,14.029753011787426,-0.089032943357821415,0.080929487179487183,0.079727564102564097
EMFC-864,constant_long_same_clock,1,LOW_PRESSURE_EXPANDED,100,718056,718062,2022-01-10T23:25:00Z,2022-01-13T23:25:00Z,8.8614918642869149,-0.080519517058795509,0.0035866910866910865,0.095295329670329665
EMFC-864,constant_long_same_clock,1,LOW_PRESSURE_EXPANDED,100,718734,718740,2022-01-15T04:05:00Z,2022-01-18T04:05:00Z,16.878076934540413,0.26794480676874904,0.93307387057387059,0.97622863247863245
EMFC-864,constant_long_same_clock,1,LOW_PRESSURE_EXPANDED,100,719288,719294,2022-01-18T16:10:00Z,2022-01-21T16:10:00Z,13.878634641756806,-0.080042707673536356,0.071314102564102561,0.092834249084249088
EMFC-864,constant_long_same_clock,1,LOW_PRESSURE_EXPANDED,100,719764,719770,2022-01-21T16:55:00Z,2022-01-24T16:55:00Z,13.885352801965576,-0.1271171150594653,0.072535103785103791,0.038900335775335776
EMFC-864,constant_long_same_clock,1,LOW_PRESSURE_EXPANDED,100,720484,720490,2022-01-26T19:10:00Z,2022-01-29T19:10:00Z,14.1843365776565,-0.11992887983322295,0.098748473748473745,0.043841575091575088
EMFC-864,constant_long_same_clock,1,LOW_PRESSURE_EXPANDED,100,721008,721014,2022-01-30T09:10:00Z,2022-02-02T09:10:00Z,16.828933720860629,0.19239209487172171,0.9266636141636142,0.90991300366300365
EMFC-864,constant_long_same_clock,1,LOW_PRESSURE_EXPANDED,100,721821,721827,2022-02-05T00:10:00Z,2022-02-08T00:10:00Z,13.31320850513916,-0.16772949754616534,0.038690476190476192,0.016826923076923076
EMFC-864,constant_long_same_clock,1,LOW_PRESSURE_EXPANDED,100,722236,722242,2022-02-08T00:35:00Z,2022-02-11T00:35:00Z,0,-0.096582097846244011,0.0015644078144078145,0.082646520146520144
EMFC-864,constant_long_same_clock,1,LOW_PRESSURE_EXPANDED,100,722910,722916,2022-02-12T12:15:00Z,2022-02-15T12:15:00Z,16.896865924454048,0.18928575059558755,0.94383394383394381,0.91727716727716724
EMFC-864,constant_long_same_clock,1,LOW_PRESSURE_EXPANDED,100,723474,723480,2022-02-15T20:45:00Z,2022-02-18T20:45:00Z,16.747170921500793,0.32434605682337242,0.90789072039072038,0.99233058608058611
EMFC-864,constant_long_same_clock,1,LOW_PRESSURE_EXPANDED,100,724213,724219,2022-02-20T21:40:00Z,2022-02-23T21:40:00Z,13.798084604140895,-0.092533601402932916,0.062042124542124544,0.091040903540903537
EMFC-864,constant_long_same_clock,1,LOW_PRESSURE_EXPANDED,100,724750,724756,2022-02-24T17:20:00Z,2022-02-27T17:20:00Z,11.18987870201148,-0.094446170291945589,0.007364163614163614,0.0902014652014652
EMFC-864,constant_long_same_clock,1,LOW_PRESSURE_EXPANDED,100,725136,725142,2022-02-27T17:35:00Z,2022-03-02T17:35:00Z,13.286551513002141,-0.23483493990379359,0.037965506715506712,0.00434981684981685
EMFC-864,constant_long_same_clock,1,LOW_PRESSURE_EXPANDED,100,726057,726063,2022-03-06T02:10:00Z,2022-03-09T02:10:00Z,13.69704679066267,-0.17333687066692047,0.056623931623931624,0.021825396825396824
EMFC-864,constant_long_same_clock,1,LOW_PRESSURE_EXPANDED,100,726598,726604,2022-03-09T22:50:00Z,2022-03-12T22:50:00Z,13.696394759574062,-0.14233833077939603,0.056929181929181928,0.046951312576312576
EMFC-864,constant_long_same_clock,1,LOW_PRESSURE_EXPANDED,100,728484,728490,2022-03-22T10:10:00Z,2022-03-25T10:10:00Z,16.728373482655961,0.22408149104218619,0.91204975579975578,0.95821886446886451
EMFC-864,constant_long_same_clock,1,LOW_PRESSURE_EXPANDED,100,729070,729076,2022-03-26T09:35:00Z,2022-03-29T09:35:00Z,16.733322478389493,0.17449228567962155,0.91372863247863245,0.90604014041514036
EMFC-864,constant_long_same_clock,1,LOW_PRESSURE_EXPANDED,100,729741,729747,2022-03-31T00:10:00Z,2022-04-03T00:10:00Z,12.798194345021855,-0.1014428516237211,0.026556776556776556,0.087473290598290593
EMFC-864,constant_long_same_clock,1,LOW_PRESSURE_EXPANDED,100,730269,730275,2022-04-03T20:30:00Z,2022-04-06T20:30:00Z,13.952439796367049,-0.14197687889554952,0.076884920634920639,0.042353479853479856
EMFC-864,constant_long_same_clock,1,LOW_PRESSURE_EXPANDED,100,730889,730895,2022-04-08T01:05:00Z,2022-04-11T01:05:00Z,12.818210401296124,-0.096884697176782456,0.027167277167277168,0.095123626373626369
EMFC-864,constant_long_same_clock,1,LOW_PRESSURE_EXPANDED,100,731455,731461,2022-04-12T01:30:00Z,2022-04-15T01:30:00Z,13.642659613016326,-0.12425096233785687,0.058340964590964592,0.058226495726495728
EMFC-864,constant_long_same_clock,1,LOW_PRESSURE_EXPANDED,100,732124,732130,2022-04-16T16:50:00Z,2022-04-19T16:50:00Z,13.54638196693765,-0.10842082812108388,0.054487179487179488,0.076636904761904767
EMFC-864,constant_long_same_clock,1,LOW_PRESSURE_EXPANDED,100,732585,732591,2022-04-19T22:10:00Z,2022-04-22T22:10:00Z,13.944956867989188,-0.17468133336453745,0.082455738705738704,0.021062271062271064
EMFC-864,constant_long_same_clock,1,LOW_PRESSURE_EXPANDED,100,733155,733161,2022-04-23T12:40:00Z,2022-04-26T12:40:00Z,16.727797524898385,0.19971189599803685,0.93078449328449331,0.95146520146520142
EMFC-864,constant_long_same_clock,1,LOW_PRESSURE_EXPANDED,100,733818,733824,2022-04-27T17:30:00Z,2022-04-30T17:30:00Z,16.93336612350938,0.2154441016294425,0.9668421855921856,0.96285485347985345
EMFC-864,constant_long_same_clock,1,LOW_PRESSURE_EXPANDED,100,735357,735363,2022-05-07T21:05:00Z,2022-05-10T21:05:00Z,16.842656465892691,0.17556443763079485,0.95688339438339443,0.92000534188034189
EMFC-864,constant_long_same_clock,1,LOW_PRESSURE_EXPANDED,100,736231,736237,2022-05-13T19:05:00Z,2022-05-16T19:05:00Z,16.684231224540127,0.16132356579834919,0.91861263736263732,0.90212912087912089
EMFC-864,constant_long_same_clock,1,LOW_PRESSURE_EXPANDED,100,737016,737022,2022-05-19T10:05:00Z,2022-05-22T10:05:00Z,13.661350711428335,-0.10921308497331624,0.063911782661782657,0.081635378510378512
EMFC-864,constant_long_same_clock,1,LOW_PRESSURE_EXPANDED,100,737470,737476,2022-05-22T23:15:00Z,2022-05-25T23:15:00Z,13.602214609454609,-0.14790262992349543,0.060744810744810744,0.044032356532356536
EMFC-864,constant_long_same_clock,1,LOW_PRESSURE_EXPANDED,100,738922,738928,2022-06-02T02:50:00Z,2022-06-05T02:50:00Z,13.091524716492975,-0.10378928191634107,0.038194444444444448,0.099378052503052497
EMFC-864,constant_long_same_clock,1,LOW_PRESSURE_EXPANDED,100,739870,739876,2022-06-08T13:35:00Z,2022-06-11T13:35:00Z,16.786946757795963,0.15655634890792824,0.93005952380952384,0.91090506715506714
EMFC-864,constant_long_same_clock,1,LOW_PRESSURE_EXPANDED,100,740518,740524,2022-06-12T22:40:00Z,2022-06-15T22:40:00Z,14.01567612587098,-0.11905629878681291,0.09058302808302808,0.078525641025641024
EMFC-864,constant_long_same_clock,1,LOW_PRESSURE_EXPANDED,100,740968,740974,2022-06-16T00:20:00Z,2022-06-19T00:20:00Z,16.894532922269654,0.15433680825919138,0.9486416361416361,0.90298763736263732
EMFC-864,constant_long_same_clock,1,LOW_PRESSURE_EXPANDED,100,741354,741360,2022-06-19T01:15:00Z,2022-06-22T01:15:00Z,17.435588497281401,0.16038395527605354,0.99660409035409037,0.91157280219780223
EMFC-864,constant_long_same_clock,1,LOW_PRESSURE_EXPANDED,100,741881,741887,2022-06-22T21:20:00Z,2022-06-25T21:20:00Z,13.565990946606842,-0.11910068569268285,0.059218559218559216,0.086423992673992672
EMFC-864,constant_long_same_clock,1,LOW_PRESSURE_EXPANDED,100,742680,742686,2022-06-28T11:35:00Z,2022-07-01T11:35:00Z,17.057402937964401,0.18152187662339034,0.96913156288156288,0.93528693528693529
EMFC-864,constant_long_same_clock,1,LOW_PRESSURE_EXPANDED,100,743140,743146,2022-07-01T11:40:00Z,2022-07-04T11:40:00Z,16.874189555168169,0.19920325416247064,0.93605006105006106,0.95360195360195366
EMFC-864,constant_long_same_clock,1,LOW_PRESSURE_EXPANDED,100,743708,743714,2022-07-05T13:40:00Z,2022-07-08T13:40:00Z,11.200417771082792,-0.14024008891444589,0.007516788766788767,0.056852869352869352
EMFC-864,constant_long_same_clock,1,LOW_PRESSURE_EXPANDED,100,744313,744319,2022-07-09T22:40:00Z,2022-07-12T22:40:00Z,13.164504821068588,-0.1340208561510379,0.039568070818070816,0.071256868131868129
EMFC-864,constant_long_same_clock,1,LOW_PRESSURE_EXPANDED,100,744837,744843,2022-07-13T17:35:00Z,2022-07-16T17:35:00Z,13.550562759043824,-0.1366411356908582,0.056280525030525032,0.069826007326007328
EMFC-864,constant_long_same_clock,1,LOW_PRESSURE_EXPANDED,100,745342,745348,2022-07-17T12:45:00Z,2022-07-20T12:45:00Z,13.918150175333334,-0.13053106279977053,0.076159951159951153,0.085584554334554336
EMFC-864,constant_long_same_clock,1,LOW_PRESSURE_EXPANDED,100,745802,745808,2022-07-21T01:45:00Z,2022-07-24T01:45:00Z,14.092187293239375,-0.14323416808590775,0.088827838827838831,0.072611416361416367
EMFC-864,constant_long_same_clock,1,LOW_PRESSURE_EXPANDED,100,746237,746243,2022-07-24T03:35:00Z,2022-07-27T03:35:00Z,17.092558380600416,0.20299376206349315,0.95741758241758246,0.97103937728937728
EMFC-864,constant_long_same_clock,1,LOW_PRESSURE_EXPANDED,100,746843,746849,2022-07-27T23:00:00Z,2022-07-30T23:00:00Z,16.85733239997861,0.2195666228238673,0.90319749694749696,0.97821275946275943
EMFC-864,constant_long_same_clock,1,LOW_PRESSURE_EXPANDED,100,747267,747273,2022-07-31T01:40:00Z,2022-08-03T01:40:00Z,13.75285399815937,-0.13993584029751666,0.063034188034188032,0.077953296703296704
EMFC-864,constant_long_same_clock,1,LOW_PRESSURE_EXPANDED,100,748089,748095,2022-08-05T16:05:00Z,2022-08-08T16:05:00Z,17.255267536854831,0.16234247447864228,0.97878510378510375,0.93234890109890112
EMFC-864,constant_long_same_clock,1,LOW_PRESSURE_EXPANDED,100,749349,749355,2022-08-14T07:35:00Z,2022-08-17T07:35:00Z,13.468706733820804,-0.13343763822971663,0.051320207570207568,0.081311050061050064
EMFC-864,constant_long_same_clock,1,LOW_PRESSURE_EXPANDED,100,749900,749906,2022-08-18T05:50:00Z,2022-08-21T05:50:00Z,14.157830662427088,-0.1908131784834603,0.096382783882783887,0.025106837606837608
EMFC-864,constant_long_same_clock,1,LOW_PRESSURE_EXPANDED,100,750847,750853,2022-08-24T06:15:00Z,2022-08-27T06:15:00Z,17.193396425380531,0.20201419013969066,0.97008547008547008,0.9741681929181929
EMFC-864,constant_long_same_clock,1,LOW_PRESSURE_EXPANDED,100,751842,751848,2022-08-30T14:05:00Z,2022-09-02T14:05:00Z,16.898010720533769,0.17221282264566681,0.90964590964590963,0.93971306471306471
EMFC-864,constant_long_same_clock,1,LOW_PRESSURE_EXPANDED,100,752342,752348,2022-09-03T03:15:00Z,2022-09-06T03:15:00Z,14.109994942145493,-0.14942524681992686,0.093101343101343104,0.056356837606837608
EMFC-864,constant_long_same_clock,1,LOW_PRESSURE_EXPANDED,100,753207,753213,2022-09-09T00:05:00Z,2022-09-12T00:05:00Z,12.808189474740448,-0.13229938401348429,0.029418498168498168,0.080090048840048847
EMFC-864,constant_long_same_clock,1,LOW_PRESSURE_EXPANDED,100,754027,754033,2022-09-14T08:50:00Z,2022-09-17T08:50:00Z,12.132980311287769,-0.12385346216699779,0.01617826617826618,0.092376373626373631
EMFC-864,constant_long_same_clock,1,LOW_PRESSURE_EXPANDED,100,754495,754501,2022-09-17T15:35:00Z,2022-09-20T15:35:00Z,17.007358559759265,0.18366245539679615,0.93826312576312576,0.94459706959706957
EMFC-864,constant_long_same_clock,1,LOW_PRESSURE_EXPANDED,100,755283,755289,2022-09-23T03:20:00Z,2022-09-26T03:20:00Z,13.886867033936081,-0.14594568213653453,0.072573260073260079,0.067822802197802193
EMFC-864,constant_long_same_clock,1,LOW_PRESSURE_EXPANDED,100,755902,755908,2022-09-27T13:15:00Z,2022-09-30T13:15:00Z,11.312851258239963,-0.12532489457738921,0.007020757020757021,0.097661019536019536
EMFC-864,constant_long_same_clock,1,LOW_PRESSURE_EXPANDED,100,756451,756457,2022-10-01T04:15:00Z,2022-10-04T04:15:00Z,16.910467113946261,0.18182168175230359,0.90987484737484736,0.94471153846153844
EMFC-864,constant_long_same_clock,1,LOW_PRESSURE_EXPANDED,100,757165,757171,2022-10-05T09:30:00Z,2022-10-08T09:30:00Z,16.905109151276353,0.32179054208523061,0.90804334554334554,0.99801587301587302
EMFC-864,constant_long_same_clock,1,LOW_PRESSURE_EXPANDED,100,758423,758429,2022-10-13T07:15:00Z,2022-10-16T07:15:00Z,13.591989435379002,-0.12438342729003191,0.057692307692307696,0.09394078144078144
EMFC-864,constant_long_same_clock,1,LOW_PRESSURE_EXPANDED,100,760145,760151,2022-10-25T00:05:00Z,2022-10-28T00:05:00Z,12.59559128180865,-0.14493693477101008,0.02338980463980464,0.068624084249084255
EMFC-864,constant_long_same_clock,1,LOW_PRESSURE_EXPANDED,100,760602,760608,2022-10-28T07:05:00Z,2022-10-31T07:05:00Z,13.731940887864571,-0.13685918271719735,0.063835470085470081,0.080929487179487183
EMFC-864,constant_long_same_clock,1,LOW_PRESSURE_EXPANDED,100,761185,761191,2022-11-01T02:05:00Z,2022-11-04T02:05:00Z,17.038670472999524,0.24103176227528744,0.94085775335775335,0.973519536019536
EMFC-864,constant_long_same_clock,1,LOW_PRESSURE_EXPANDED,100,761789,761795,2022-11-05T10:40:00Z,2022-11-08T10:40:00Z,14.109411503079881,-0.17585625726952406,0.090315934065934064,0.041895604395604392
EMFC-864,constant_long_same_clock,1,LOW_PRESSURE_EXPANDED,100,762377,762383,2022-11-09T08:50:00Z,2022-11-12T08:50:00Z,17.195776054959087,0.15749236816466133,0.96989468864468864,0.90006868131868134
EMFC-864,constant_long_same_clock,1,LOW_PRESSURE_EXPANDED,100,762827,762833,2022-11-12T09:35:00Z,2022-11-15T09:35:00Z,17.297963019771679,0.2806181916190652,0.98137973137973133,0.98824786324786329
EMFC-864,constant_long_same_clock,1,LOW_PRESSURE_EXPANDED,100,763307,763313,2022-11-15T20:35:00Z,2022-11-18T20:35:00Z,17.008278601362818,0.16676321787810205,0.93059371184371187,0.90939789377289382
EMFC-864,constant_long_same_clock,1,LOW_PRESSURE_EXPANDED,100,763949,763955,2022-11-20T06:55:00Z,2022-11-23T06:55:00Z,16.973913569492549,0.16770884442610914,0.91140109890109888,0.91130570818070822
EMFC-864,constant_long_same_clock,1,LOW_PRESSURE_EXPANDED,100,764704,764710,2022-11-25T23:30:00Z,2022-11-28T23:30:00Z,0,-0.15217730543273564,0.0013163919413919415,0.06110729548229548
EMFC-864,constant_long_same_clock,1,LOW_PRESSURE_EXPANDED,100,765382,765388,2022-12-01T04:35:00Z,2022-12-04T04:35:00Z,13.729342461677142,-0.12758667441599231,0.061431623931623928,0.09748931623931624
EMFC-864,constant_long_same_clock,1,LOW_PRESSURE_EXPANDED,100,766123,766129,2022-12-06T12:10:00Z,2022-12-09T12:10:00Z,17.100191389139027,0.17916653910065453,0.92528998778998783,0.92418345543345548
EMFC-864,constant_long_same_clock,1,LOW_PRESSURE_EXPANDED,100,767296,767302,2022-12-14T02:00:00Z,2022-12-17T02:00:00Z,17.077204157258443,0.24521875896606735,0.92105463980463975,0.97451159951159949
EMFC-864,constant_long_same_clock,1,LOW_PRESSURE_EXPANDED,100,767718,767724,2022-12-17T03:15:00Z,2022-12-20T03:15:00Z,14.061682117671518,-0.14842000511827322,0.082493894993894992,0.064560439560439567
EMFC-864,constant_long_same_clock,1,LOW_PRESSURE_EXPANDED,100,768676,768682,2022-12-24T00:05:00Z,2022-12-27T00:05:00Z,13.797580775798291,-0.12817331372298282,0.064102564102564097,0.092376373626373631
EMFC-864,constant_long_same_clock,1,LOW_PRESSURE_EXPANDED,100,769036,769042,2022-12-27T01:35:00Z,2022-12-30T01:35:00Z,13.274856112171344,-0.13069194854929675,0.038308913308913312,0.095943986568986575
EMFC-864,constant_long_same_clock,1,LOW_PRESSURE_EXPANDED,100,769637,769643,2022-12-31T04:05:00Z,2023-01-03T04:05:00Z,17.0401139489652,0.16766942546164024,0.90754731379731379,0.90588751526251521
EMFC-864,constant_long_same_clock,1,LOW_PRESSURE_EXPANDED,100,770727,770733,2023-01-07T02:10:00Z,2023-01-10T02:10:00Z,17.049943343360482,0.33226111584974827,0.91491147741147738,0.99687118437118438
EMFC-864,constant_long_same_clock,1,LOW_PRESSURE_EXPANDED,100,771832,771838,2023-01-14T05:45:00Z,2023-01-17T05:45:00Z,17.266614781666288,0.18791718315111447,0.96527777777777779,0.9212263431013431
EMFC-864,constant_long_same_clock,1,LOW_PRESSURE_EXPANDED,100,772848,772854,2023-01-20T22:45:00Z,2023-01-23T22:45:00Z,13.540380050682307,-0.12719049824447512,0.051854395604395608,0.080051892551892545
EMFC-864,constant_long_same_clock,1,LOW_PRESSURE_EXPANDED,100,773628,773634,2023-01-26T03:35:00Z,2023-01-29T03:35:00Z,17.022836175258782,0.20327965138543214,0.92021520146520142,0.93307387057387059
EMFC-864,constant_long_same_clock,1,LOW_PRESSURE_EXPANDED,100,774903,774909,2023-02-03T23:10:00Z,2023-02-06T23:10:00Z,14.132587341525483,-0.12060866942019806,0.091079059829059825,0.094341422466422464
EMFC-864,constant_long_same_clock,1,LOW_PRESSURE_EXPANDED,100,776441,776447,2023-02-14T05:35:00Z,2023-02-17T05:35:00Z,17.260876807113757,0.18068290012544608,0.96543040293040294,0.91033272283272282
EMFC-864,constant_long_same_clock,1,LOW_PRESSURE_EXPANDED,100,776946,776952,2023-02-17T06:45:00Z,2023-02-20T06:45:00Z,17.393178440104393,0.22577200266790173,0.98137973137973133,0.95058760683760679
EMFC-864,constant_long_same_clock,1,LOW_PRESSURE_EXPANDED,100,777716,777722,2023-02-22T01:50:00Z,2023-02-25T01:50:00Z,16.995358943800547,0.19571079391297067,0.90128968253968256,0.9228289072039072
EMFC-864,constant_long_same_clock,1,LOW_PRESSURE_EXPANDED,100,778544,778550,2023-02-27T21:25:00Z,2023-03-02T21:25:00Z,14.224259601382908,-0.12852513218828565,0.084210927960927967,0.084134615384615391
EMFC-864,constant_long_same_clock,1,LOW_PRESSURE_EXPANDED,100,779210,779216,2023-03-04T05:00:00Z,2023-03-07T05:00:00Z,17.192257481880873,0.21967042294644462,0.94845085470085466,0.94761141636141633
EMFC-864,constant_long_same_clock,1,LOW_PRESSURE_EXPANDED,100,779733,779739,2023-03-07T16:00:00Z,2023-03-10T16:00:00Z,17.156125175267292,0.18298177468983409,0.93811050061050061,0.90640262515262515
EMFC-864,constant_long_same_clock,1,LOW_PRESSURE_EXPANDED,100,780285,780291,2023-03-11T13:35:00Z,2023-03-14T13:35:00Z,17.410839181211522,0.21150323015753475,0.97710622710622708,0.94288003663003661
EMFC-864,constant_long_same_clock,1,LOW_PRESSURE_EXPANDED,100,781098,781104,2023-03-16T23:15:00Z,2023-03-19T23:15:00Z,0,-0.13860184943762824,0.0014308608058608058,0.064503205128205135
EMFC-864,constant_long_same_clock,1,LOW_PRESSURE_EXPANDED,100,781946,781952,2023-03-22T12:25:00Z,2023-03-25T12:25:00Z,17.314608488797973,0.19350384619652405,0.95459401709401714,0.92342032967032972
EMFC-864,constant_long_same_clock,1,LOW_PRESSURE_EXPANDED,100,783518,783524,2023-04-01T23:40:00Z,2023-04-04T23:40:00Z,17.803298778702654,0.19642048117345628,0.99721459096459097,0.93103250915750912
EMFC-864,constant_long_same_clock,1,LOW_PRESSURE_EXPANDED,100,783997,784003,2023-04-05T07:40:00Z,2023-04-08T07:40:00Z,17.441022804684781,0.17457166493389512,0.97149725274725274,0.90556318681318682
EMFC-864,constant_long_same_clock,1,LOW_PRESSURE_EXPANDED,100,784765,784771,2023-04-10T13:15:00Z,2023-04-13T13:15:00Z,14.683495528327084,-0.11468193591689177,0.094474969474969472,0.094246031746031744
EMFC-864,constant_long_same_clock,1,LOW_PRESSURE_EXPANDED,100,785499,785505,2023-04-15T12:00:00Z,2023-04-18T12:00:00Z,17.293816778481911,0.17161903366081899,0.9375,0.90617368742368742
EMFC-864,constant_long_same_clock,1,LOW_PRESSURE_EXPANDED,100,786294,786300,2023-04-21T01:00:00Z,2023-04-24T01:00:00Z,14.236903475687988,-0.1149939646260643,0.049679487179487176,0.099072802197802193
EMFC-864,constant_long_same_clock,1,LOW_PRESSURE_EXPANDED,100,787133,787139,2023-04-27T01:35:00Z,2023-04-30T01:35:00Z,14.671746780477001,-0.13001898132373474,0.081807081807081808,0.0740995115995116
EMFC-864,constant_long_same_clock,1,LOW_PRESSURE_EXPANDED,100,787799,787805,2023-05-01T16:20:00Z,2023-05-04T16:20:00Z,17.483915226934549,0.17707534227400154,0.96958943833943834,0.91317536630036633
EMFC-864,constant_long_same_clock,1,LOW_PRESSURE_EXPANDED,100,788520,788526,2023-05-06T16:15:00Z,2023-05-09T16:15:00Z,18.682058368004085,0.18446384986598813,0.99465811965811968,0.92053952991452992
EMFC-864,constant_long_same_clock,1,LOW_PRESSURE_EXPANDED,100,788946,788952,2023-05-09T17:55:00Z,2023-05-12T17:55:00Z,19.803348228399315,0.17663774032565702,0.99500152625152627,0.90762362637362637
EMFC-864,constant_long_same_clock,1,LOW_PRESSURE_EXPANDED,100,789709,789715,2023-05-14T17:40:00Z,2023-05-17T17:40:00Z,18.414314995500298,0.17417483165818612,0.95806623931623935,0.90314026251526247
EMFC-864,constant_long_same_clock,1,LOW_PRESSURE_EXPANDED,100,790188,790194,2023-05-17T18:20:00Z,2023-05-20T18:20:00Z,18.007646733837088,0.20166748839149229,0.9391025641025641,0.93885454822954828
EMFC-864,constant_long_same_clock,1,LOW_PRESSURE_EXPANDED,100,790689,790695,2023-05-21T07:30:00Z,2023-05-24T07:30:00Z,18.79875467561979,0.17944569604849037,0.9713064713064713,0.90873015873015872
EMFC-864,constant_long_same_clock,1,LOW_PRESSURE_EXPANDED,100,791385,791391,2023-05-25T23:45:00Z,2023-05-28T23:45:00Z,17.856032630078097,0.18470439349574858,0.91250763125763124,0.91597985347985345
EMFC-864,constant_long_same_clock,1,LOW_PRESSURE_EXPANDED,100,791997,792003,2023-05-29T23:15:00Z,2023-06-01T23:15:00Z,17.920686317088517,0.24128630695985986,0.91147741147741146,0.97195512820512819
EMFC-864,constant_long_same_clock,1,LOW_PRESSURE_EXPANDED,100,792493,792499,2023-06-02T08:15:00Z,2023-06-05T08:15:00Z,17.896991183402761,0.18673126528265474,0.90335012210012211,0.91821199633699635
EMFC-864,constant_long_same_clock,1,LOW_PRESSURE_EXPANDED,100,793097,793103,2023-06-06T13:05:00Z,2023-06-09T13:05:00Z,18.25277780547836,0.17807060490641691,0.93849206349206349,0.90708943833943834
EMFC-864,constant_long_same_clock,1,LOW_PRESSURE_EXPANDED,100,793547,793553,2023-06-09T13:20:00Z,2023-06-12T13:20:00Z,18.230919791347702,0.18731399831699869,0.93318833943833945,0.9221993284493285
EMFC-864,constant_long_same_clock,1,LOW_PRESSURE_EXPANDED,100,797475,797481,2023-07-06T22:50:00Z,2023-07-09T22:50:00Z,15.397174931625258,-0.12683820983405603,0.090926434676434673,0.073775183150183152
EMFC-864,constant_long_same_clock,1,LOW_PRESSURE_EXPANDED,100,798336,798342,2023-07-12T05:25:00Z,2023-07-15T05:25:00Z,15.370472432240527,-0.11954444642418256,0.079899267399267393,0.083333333333333329
EMFC-864,constant_long_same_clock,1,LOW_PRESSURE_EXPANDED,100,798800,798806,2023-07-15T18:00:00Z,2023-07-18T18:00:00Z,0,-0.1406021689960317,0.0013927045177045177,0.062385531135531136
EMFC-864,constant_long_same_clock,1,LOW_PRESSURE_EXPANDED,100,799657,799663,2023-07-21T19:50:00Z,2023-07-24T19:50:00Z,0,-0.20362088482534585,0.0013927045177045177,0.022397741147741148
EMFC-864,constant_long_same_clock,1,LOW_PRESSURE_EXPANDED,100,800270,800276,2023-07-26T03:50:00Z,2023-07-29T03:50:00Z,15.593478864779883,-0.12752799155283859,0.084859584859584863,0.081463675213675216
EMFC-864,constant_long_same_clock,1,LOW_PRESSURE_EXPANDED,100,800816,800822,2023-07-30T02:25:00Z,2023-08-02T02:25:00Z,15.619526113588496,-0.13048718037540591,0.080280830280830287,0.073031135531135535
EMFC-864,constant_long_same_clock,1,LOW_PRESSURE_EXPANDED,100,801716,801722,2023-08-05T06:05:00Z,2023-08-08T06:05:00Z,15.726710059641331,-0.17227122094045313,0.094398656898656896,0.039377289377289376
EMFC-864,constant_long_same_clock,1,LOW_PRESSURE_EXPANDED,100,802290,802296,2023-08-09T04:05:00Z,2023-08-12T04:05:00Z,15.753435193220001,-0.17152739779571466,0.098366910866910864,0.041208791208791208
EMFC-864,constant_long_same_clock,1,LOW_PRESSURE_EXPANDED,100,802959,802965,2023-08-13T15:35:00Z,2023-08-16T15:35:00Z,15.753640951619332,-0.15462199731114967,0.095924908424908431,0.054906898656898656
EMFC-864,constant_long_same_clock,1,LOW_PRESSURE_EXPANDED,100,803804,803810,2023-08-19T00:45:00Z,2023-08-22T00:45:00Z,15.708082918061564,-0.12763068430355426,0.079288766788766785,0.086004273504273504
EMFC-864,constant_long_same_clock,1,LOW_PRESSURE_EXPANDED,100,804747,804753,2023-08-25T08:55:00Z,2023-08-28T08:55:00Z,15.740256167026896,-0.12323481433462875,0.080547924297924303,0.087187118437118433
EMFC-864,constant_long_same_clock,1,LOW_PRESSURE_EXPANDED,100,805138,805144,2023-08-28T11:15:00Z,2023-08-31T11:15:00Z,15.671586336142601,-0.13224097706304058,0.059752747252747256,0.080872252747252751
EMFC-864,constant_long_same_clock,1,LOW_PRESSURE_EXPANDED,100,810672,810678,2023-10-05T04:30:00Z,2023-10-08T04:30:00Z,15.607475839344888,-0.13858733975604284,0.036210317460317464,0.078945360195360192
EMFC-864,constant_long_same_clock,1,LOW_PRESSURE_EXPANDED,100,812986,812992,2023-10-20T07:35:00Z,2023-10-23T07:35:00Z,15.019957449892921,-0.13037015116185496,0.011141636141636142,0.086061507936507936
EMFC-864,constant_long_same_clock,1,LOW_PRESSURE_EXPANDED,100,813658,813664,2023-10-24T21:10:00Z,2023-10-27T21:10:00Z,15.71246632936786,-0.1698974742941767,0.06662087912087912,0.042811355311355312
EMFC-864,constant_long_same_clock,1,LOW_PRESSURE_EXPANDED,100,814448,814454,2023-10-30T04:55:00Z,2023-11-02T04:55:00Z,15.802191317362556,-0.13019458165782657,0.096840659340659344,0.084306318681318687
EMFC-864,constant_long_same_clock,1,LOW_PRESSURE_EXPANDED,100,814951,814957,2023-11-02T12:15:00Z,2023-11-05T12:15:00Z,15.364901606647601,-0.13362722136613545,0.029800061050061052,0.071600274725274721
EMFC-864,constant_long_same_clock,1,LOW_PRESSURE_EXPANDED,100,815439,815445,2023-11-05T16:10:00Z,2023-11-08T16:10:00Z,17.736502660517946,0.20901466905011667,0.90098443223443225,0.94955738705738701
EMFC-864,constant_long_same_clock,1,LOW_PRESSURE_EXPANDED,100,815869,815875,2023-11-08T17:45:00Z,2023-11-11T17:45:00Z,18.470407888066575,0.16877374424868608,0.99240689865689868,0.90144230769230771
EMFC-864,constant_long_same_clock,1,LOW_PRESSURE_EXPANDED,100,816372,816378,2023-11-12T03:05:00Z,2023-11-15T03:05:00Z,18.48386606555329,0.17377815579666053,0.98687423687423692,0.91210699023199027
EMFC-864,constant_long_same_clock,1,LOW_PRESSURE_EXPANDED,100,817437,817443,2023-11-19T08:30:00Z,2023-11-22T08:30:00Z,19.497852923983199,0.17970498301080062,0.99820665445665446,0.91971916971916967
EMFC-864,constant_long_same_clock,1,LOW_PRESSURE_EXPANDED,100,818122,818128,2023-11-23T18:30:00Z,2023-11-26T18:30:00Z,18.377265650672374,0.17187629893241602,0.95043498168498164,0.90493360805860801
EMFC-864,constant_long_same_clock,1,LOW_PRESSURE_EXPANDED,100,819060,819066,2023-11-30T05:05:00Z,2023-12-03T05:05:00Z,0,-0.15775844970627234,0.0010874542124542125,0.0438034188034188
EMFC-864,constant_long_same_clock,1,LOW_PRESSURE_EXPANDED,100,819607,819613,2023-12-03T21:55:00Z,2023-12-06T21:55:00Z,18.003047650261511,0.18775629828400026,0.90411324786324787,0.92830433455433459
EMFC-864,constant_long_same_clock,1,LOW_PRESSURE_EXPANDED,100,820137,820143,2023-12-07T16:10:00Z,2023-12-10T16:10:00Z,0,-0.14314750921848493,0.001201923076923077,0.063644688644688641
EMFC-864,constant_long_same_clock,1,LOW_PRESSURE_EXPANDED,100,821354,821360,2023-12-15T22:45:00Z,2023-12-18T22:45:00Z,19.509539326168795,0.1811023003892252,0.99503968253968256,0.92246642246642252
EMFC-864,constant_long_same_clock,1,LOW_PRESSURE_EXPANDED,100,821848,821854,2023-12-19T02:20:00Z,2023-12-22T02:20:00Z,19.315371041122621,0.17264849209826752,0.97523656898656896,0.90764270451770457
EMFC-864,constant_long_same_clock,1,LOW_PRESSURE_EXPANDED,100,822483,822489,2023-12-23T03:35:00Z,2023-12-26T03:35:00Z,19.164449154114909,0.17070924146578864,0.94799297924297921,0.90096535409035405
EMFC-864,constant_long_same_clock,1,LOW_PRESSURE_EXPANDED,100,823010,823016,2023-12-26T13:15:00Z,2023-12-29T13:15:00Z,18.879198341822782,0.1739169744501442,0.91823107448107444,0.90119429181929178
EMFC-864,constant_long_same_clock,1,LOW_PRESSURE_EXPANDED,100,823654,823660,2023-12-31T05:25:00Z,2024-01-03T05:25:00Z,19.240827402429559,0.17128270967873827,0.95173229548229543,0.90035485347985345
EMFC-864,constant_short_same_clock,-1,HIGH_PRESSURE_COMPRESSED,100,665703,665709,2021-01-12T11:25:00Z,2021-01-15T11:25:00Z,18.735155179073125,0.17187629893241602,0.90453296703296704,0.91468253968253965
EMFC-864,constant_short_same_clock,-1,HIGH_PRESSURE_COMPRESSED,100,666273,666279,2021-01-16T05:50:00Z,2021-01-19T05:50:00Z,18.901851327526089,0.22602269206505327,0.9486416361416361,0.96886446886446886
EMFC-864,constant_short_same_clock,-1,HIGH_PRESSURE_COMPRESSED,100,666974,666980,2021-01-21T06:55:00Z,2021-01-24T06:55:00Z,15.81046498855833,-0.12550132105946171,0.046245421245421248,0.097451159951159952
EMFC-864,constant_short_same_clock,-1,HIGH_PRESSURE_COMPRESSED,100,668616,668622,2021-02-01T17:35:00Z,2021-02-04T17:35:00Z,15.665648834937498,-0.14197687889554952,0.038270757020757024,0.082474816849816848
EMFC-864,constant_short_same_clock,-1,HIGH_PRESSURE_COMPRESSED,100,669174,669180,2021-02-05T08:00:00Z,2021-02-08T08:00:00Z,18.783502011486114,0.17157946026205245,0.93448565323565325,0.91561736874236876
EMFC-864,constant_short_same_clock,-1,HIGH_PRESSURE_COMPRESSED,100,670493,670499,2021-02-14T03:30:00Z,2021-02-17T03:30:00Z,18.854560265110649,0.17312398443991253,0.94631410256410253,0.91702915140415142
EMFC-864,constant_short_same_clock,-1,HIGH_PRESSURE_COMPRESSED,100,671109,671115,2021-02-18T13:05:00Z,2021-02-21T13:05:00Z,18.724481607877951,0.18366245539679615,0.90873015873015872,0.93051739926739929
EMFC-864,constant_short_same_clock,-1,HIGH_PRESSURE_COMPRESSED,100,671875,671881,2021-02-24T01:40:00Z,2021-02-27T01:40:00Z,0,-0.19140517552699712,0.0025755494505494505,0.042239010989010992
EMFC-864,constant_short_same_clock,-1,HIGH_PRESSURE_COMPRESSED,100,672424,672430,2021-02-27T14:30:00Z,2021-03-02T14:30:00Z,18.838457794752227,0.18626933904205206,0.93967490842490842,0.93585927960927962
EMFC-864,constant_short_same_clock,-1,HIGH_PRESSURE_COMPRESSED,100,672958,672964,2021-03-03T11:30:00Z,2021-03-06T11:30:00Z,18.742584364625472,0.17629972447546036,0.90556318681318682,0.9221802503052503
EMFC-864,constant_short_same_clock,-1,HIGH_PRESSURE_COMPRESSED,100,676409,676415,2021-03-26T20:55:00Z,2021-03-29T20:55:00Z,16.542570130642051,-0.16343600885192539,0.082684676434676432,0.062576312576312576
EMFC-864,constant_short_same_clock,-1,HIGH_PRESSURE_COMPRESSED,100,678413,678419,2021-04-09T10:25:00Z,2021-04-12T10:25:00Z,16.634330219969637,-0.13067732364161613,0.088942307692307696,0.094627594627594624
EMFC-864,constant_short_same_clock,-1,HIGH_PRESSURE_COMPRESSED,100,679399,679405,2021-04-15T23:50:00Z,2021-04-18T23:50:00Z,18.827664717999447,0.19263455340239846,0.93677503052503053,0.96020299145299148
EMFC-864,constant_short_same_clock,-1,HIGH_PRESSURE_COMPRESSED,100,679874,679880,2021-04-20T10:50:00Z,2021-04-23T10:50:00Z,0,-0.31624523357609591,0.0025755494505494505,0.022893772893772892
EMFC-864,constant_short_same_clock,-1,HIGH_PRESSURE_COMPRESSED,100,680740,680746,2021-04-27T02:10:00Z,2021-04-30T02:10:00Z,16.655951893510334,-0.24294617861038939,0.079632173382173377,0.03498931623931624
EMFC-864,constant_short_same_clock,-1,HIGH_PRESSURE_COMPRESSED,100,681507,681513,2021-05-02T12:25:00Z,2021-05-05T12:25:00Z,18.777749522328133,0.20784451402504051,0.90781440781440781,0.97019993894993894
EMFC-864,constant_short_same_clock,-1,HIGH_PRESSURE_COMPRESSED,100,682325,682331,2021-05-07T06:00:00Z,2021-05-10T06:00:00Z,18.747908423888934,0.1980038841960618,0.90811965811965811,0.95096916971916967
EMFC-864,constant_short_same_clock,-1,HIGH_PRESSURE_COMPRESSED,100,683593,683599,2021-05-14T19:05:00Z,2021-05-17T19:05:00Z,16.619419455074954,-0.13635033234457042,0.078373015873015872,0.074061355311355312
EMFC-864,constant_short_same_clock,-1,HIGH_PRESSURE_COMPRESSED,100,684004,684010,2021-05-17T22:00:00Z,2021-05-20T22:00:00Z,16.250314257255827,-0.15918086435231205,0.044452075702075704,0.058054792429792432
EMFC-864,constant_short_same_clock,-1,HIGH_PRESSURE_COMPRESSED,100,684623,684629,2021-05-23T09:35:00Z,2021-05-26T09:35:00Z,0,-0.16097023088291929,0.002728174603174603,0.075473137973137969
EMFC-864,constant_short_same_clock,-1,HIGH_PRESSURE_COMPRESSED,100,684991,684997,2021-05-26T10:25:00Z,2021-05-29T10:25:00Z,16.564717673494805,-0.22171586598968218,0.064369658119658113,0.039148351648351648
EMFC-864,constant_short_same_clock,-1,HIGH_PRESSURE_COMPRESSED,100,685351,685357,2021-05-29T11:00:00Z,2021-06-01T11:00:00Z,16.03031317674963,-0.28368660117629219,0.027472527472527472,0.021253052503052504
EMFC-864,constant_short_same_clock,-1,HIGH_PRESSURE_COMPRESSED,100,686269,686275,2021-06-04T22:10:00Z,2021-06-07T22:10:00Z,16.719244586199189,-0.16318121014152684,0.087034493284493281,0.088637057387057391
EMFC-864,constant_short_same_clock,-1,HIGH_PRESSURE_COMPRESSED,100,686981,686987,2021-06-10T01:05:00Z,2021-06-13T01:05:00Z,16.718857220989143,-0.15874013216106553,0.094360500610500608,0.093063186813186816
EMFC-864,constant_short_same_clock,-1,HIGH_PRESSURE_COMPRESSED,100,687373,687379,2021-06-13T09:35:00Z,2021-06-16T09:35:00Z,16.657092318357659,-0.16779996027493421,0.088217338217338223,0.092223748473748479
EMFC-864,constant_short_same_clock,-1,HIGH_PRESSURE_COMPRESSED,100,687781,687787,2021-06-16T10:50:00Z,2021-06-19T10:50:00Z,14.997114739642045,-0.2252480020702318,0.0115995115995116,0.051701770451770449
EMFC-864,constant_short_same_clock,-1,HIGH_PRESSURE_COMPRESSED,100,688155,688161,2021-06-19T11:00:00Z,2021-06-22T11:00:00Z,16.687712348382924,-0.26961992963337233,0.09806166056166056,0.03331043956043956
EMFC-864,constant_short_same_clock,-1,HIGH_PRESSURE_COMPRESSED,100,688470,688476,2021-06-22T11:50:00Z,2021-06-25T11:50:00Z,15.440301999432222,-0.37329768414740383,0.019421550671550672,0.006791819291819292
EMFC-864,constant_short_same_clock,-1,HIGH_PRESSURE_COMPRESSED,100,688774,688780,2021-06-25T13:30:00Z,2021-06-28T13:30:00Z,16.212521803762261,-0.2707393517214689,0.052808302808302808,0.053609584859584856
EMFC-864,constant_short_same_clock,-1,HIGH_PRESSURE_COMPRESSED,100,689027,689033,2021-06-28T14:45:00Z,2021-07-01T14:45:00Z,16.584366948712209,-0.78325445475495747,0.090697496947496944,0.00080128205128205125
EMFC-864,constant_short_same_clock,-1,HIGH_PRESSURE_COMPRESSED,100,689500,689506,2021-07-03T15:00:00Z,2021-07-06T15:00:00Z,0,-0.39182810091850506,0.002670940170940171,0.0277014652014652
EMFC-864,constant_short_same_clock,-1,HIGH_PRESSURE_COMPRESSED,100,711329,711335,2021-11-26T06:20:00Z,2021-11-29T06:20:00Z,13.530566068244473,-0.17336489875106262,0.038690476190476192,0.091956654456654463
EMFC-864,constant_short_same_clock,-1,HIGH_PRESSURE_COMPRESSED,100,712007,712013,2021-12-01T03:05:00Z,2021-12-04T03:05:00Z,12.739722796637889,-0.15520726430238263,0.019192612942612944,0.09691697191697192
EMFC-864,constant_short_same_clock,-1,HIGH_PRESSURE_COMPRESSED,100,712739,712745,2021-12-05T19:10:00Z,2021-12-08T19:10:00Z,17.340117398716554,0.17566376912988815,0.91800213675213671,0.90502899877899878
EMFC-864,constant_short_same_clock,-1,HIGH_PRESSURE_COMPRESSED,100,714422,714428,2021-12-16T23:30:00Z,2021-12-19T23:30:00Z,12.894847782621291,-0.12848116164854009,0.023504273504273504,0.097260378510378512
EMFC-864,constant_short_same_clock,-1,HIGH_PRESSURE_COMPRESSED,100,715865,715871,2021-12-26T21:10:00Z,2021-12-29T21:10:00Z,14.059866722469355,-0.11166062820630623,0.079746642246642241,0.066506410256410256
EMFC-864,constant_short_same_clock,-1,HIGH_PRESSURE_COMPRESSED,100,716475,716481,2021-12-31T07:15:00Z,2022-01-03T07:15:00Z,13.929333763832968,-0.23843930587332945,0.069329975579975583,0.0023275335775335775
EMFC-864,constant_short_same_clock,-1,HIGH_PRESSURE_COMPRESSED,100,717066,717072,2022-01-04T02:25:00Z,2022-01-07T02:25:00Z,13.866469796561402,-0.1065048606452715,0.066926129426129424,0.057291666666666664
EMFC-864,constant_short_same_clock,-1,HIGH_PRESSURE_COMPRESSED,100,717628,717634,2022-01-07T23:10:00Z,2022-01-10T23:10:00Z,14.029753011787426,-0.089032943357821415,0.080929487179487183,0.079727564102564097
EMFC-864,constant_short_same_clock,-1,HIGH_PRESSURE_COMPRESSED,100,718056,718062,2022-01-10T23:25:00Z,2022-01-13T23:25:00Z,8.8614918642869149,-0.080519517058795509,0.0035866910866910865,0.095295329670329665
EMFC-864,constant_short_same_clock,-1,HIGH_PRESSURE_COMPRESSED,100,718734,718740,2022-01-15T04:05:00Z,2022-01-18T04:05:00Z,16.878076934540413,0.26794480676874904,0.93307387057387059,0.97622863247863245
EMFC-864,constant_short_same_clock,-1,HIGH_PRESSURE_COMPRESSED,100,719288,719294,2022-01-18T16:10:00Z,2022-01-21T16:10:00Z,13.878634641756806,-0.080042707673536356,0.071314102564102561,0.092834249084249088
EMFC-864,constant_short_same_clock,-1,HIGH_PRESSURE_COMPRESSED,100,719764,719770,2022-01-21T16:55:00Z,2022-01-24T16:55:00Z,13.885352801965576,-0.1271171150594653,0.072535103785103791,0.038900335775335776
EMFC-864,constant_short_same_clock,-1,HIGH_PRESSURE_COMPRESSED,100,720484,720490,2022-01-26T19:10:00Z,2022-01-29T19:10:00Z,14.1843365776565,-0.11992887983322295,0.098748473748473745,0.043841575091575088
EMFC-864,constant_short_same_clock,-1,HIGH_PRESSURE_COMPRESSED,100,721008,721014,2022-01-30T09:10:00Z,2022-02-02T09:10:00Z,16.828933720860629,0.19239209487172171,0.9266636141636142,0.90991300366300365
EMFC-864,constant_short_same_clock,-1,HIGH_PRESSURE_COMPRESSED,100,721821,721827,2022-02-05T00:10:00Z,2022-02-08T00:10:00Z,13.31320850513916,-0.16772949754616534,0.038690476190476192,0.016826923076923076
EMFC-864,constant_short_same_clock,-1,HIGH_PRESSURE_COMPRESSED,100,722236,722242,2022-02-08T00:35:00Z,2022-02-11T00:35:00Z,0,-0.096582097846244011,0.0015644078144078145,0.082646520146520144
EMFC-864,constant_short_same_clock,-1,HIGH_PRESSURE_COMPRESSED,100,722910,722916,2022-02-12T12:15:00Z,2022-02-15T12:15:00Z,16.896865924454048,0.18928575059558755,0.94383394383394381,0.91727716727716724
EMFC-864,constant_short_same_clock,-1,HIGH_PRESSURE_COMPRESSED,100,723474,723480,2022-02-15T20:45:00Z,2022-02-18T20:45:00Z,16.747170921500793,0.32434605682337242,0.90789072039072038,0.99233058608058611
EMFC-864,constant_short_same_clock,-1,HIGH_PRESSURE_COMPRESSED,100,724213,724219,2022-02-20T21:40:00Z,2022-02-23T21:40:00Z,13.798084604140895,-0.092533601402932916,0.062042124542124544,0.091040903540903537
EMFC-864,constant_short_same_clock,-1,HIGH_PRESSURE_COMPRESSED,100,724750,724756,2022-02-24T17:20:00Z,2022-02-27T17:20:00Z,11.18987870201148,-0.094446170291945589,0.007364163614163614,0.0902014652014652
EMFC-864,constant_short_same_clock,-1,HIGH_PRESSURE_COMPRESSED,100,725136,725142,2022-02-27T17:35:00Z,2022-03-02T17:35:00Z,13.286551513002141,-0.23483493990379359,0.037965506715506712,0.00434981684981685
EMFC-864,constant_short_same_clock,-1,HIGH_PRESSURE_COMPRESSED,100,726057,726063,2022-03-06T02:10:00Z,2022-03-09T02:10:00Z,13.69704679066267,-0.17333687066692047,0.056623931623931624,0.021825396825396824
EMFC-864,constant_short_same_clock,-1,HIGH_PRESSURE_COMPRESSED,100,726598,726604,2022-03-09T22:50:00Z,2022-03-12T22:50:00Z,13.696394759574062,-0.14233833077939603,0.056929181929181928,0.046951312576312576
EMFC-864,constant_short_same_clock,-1,HIGH_PRESSURE_COMPRESSED,100,728484,728490,2022-03-22T10:10:00Z,2022-03-25T10:10:00Z,16.728373482655961,0.22408149104218619,0.91204975579975578,0.95821886446886451
EMFC-864,constant_short_same_clock,-1,HIGH_PRESSURE_COMPRESSED,100,729070,729076,2022-03-26T09:35:00Z,2022-03-29T09:35:00Z,16.733322478389493,0.17449228567962155,0.91372863247863245,0.90604014041514036
EMFC-864,constant_short_same_clock,-1,HIGH_PRESSURE_COMPRESSED,100,729741,729747,2022-03-31T00:10:00Z,2022-04-03T00:10:00Z,12.798194345021855,-0.1014428516237211,0.026556776556776556,0.087473290598290593
EMFC-864,constant_short_same_clock,-1,HIGH_PRESSURE_COMPRESSED,100,730269,730275,2022-04-03T20:30:00Z,2022-04-06T20:30:00Z,13.952439796367049,-0.14197687889554952,0.076884920634920639,0.042353479853479856
EMFC-864,constant_short_same_clock,-1,HIGH_PRESSURE_COMPRESSED,100,730889,730895,2022-04-08T01:05:00Z,2022-04-11T01:05:00Z,12.818210401296124,-0.096884697176782456,0.027167277167277168,0.095123626373626369
EMFC-864,constant_short_same_clock,-1,HIGH_PRESSURE_COMPRESSED,100,731455,731461,2022-04-12T01:30:00Z,2022-04-15T01:30:00Z,13.642659613016326,-0.12425096233785687,0.058340964590964592,0.058226495726495728
EMFC-864,constant_short_same_clock,-1,HIGH_PRESSURE_COMPRESSED,100,732124,732130,2022-04-16T16:50:00Z,2022-04-19T16:50:00Z,13.54638196693765,-0.10842082812108388,0.054487179487179488,0.076636904761904767
EMFC-864,constant_short_same_clock,-1,HIGH_PRESSURE_COMPRESSED,100,732585,732591,2022-04-19T22:10:00Z,2022-04-22T22:10:00Z,13.944956867989188,-0.17468133336453745,0.082455738705738704,0.021062271062271064
EMFC-864,constant_short_same_clock,-1,HIGH_PRESSURE_COMPRESSED,100,733155,733161,2022-04-23T12:40:00Z,2022-04-26T12:40:00Z,16.727797524898385,0.19971189599803685,0.93078449328449331,0.95146520146520142
EMFC-864,constant_short_same_clock,-1,HIGH_PRESSURE_COMPRESSED,100,733818,733824,2022-04-27T17:30:00Z,2022-04-30T17:30:00Z,16.93336612350938,0.2154441016294425,0.9668421855921856,0.96285485347985345
EMFC-864,constant_short_same_clock,-1,HIGH_PRESSURE_COMPRESSED,100,735357,735363,2022-05-07T21:05:00Z,2022-05-10T21:05:00Z,16.842656465892691,0.17556443763079485,0.95688339438339443,0.92000534188034189
EMFC-864,constant_short_same_clock,-1,HIGH_PRESSURE_COMPRESSED,100,736231,736237,2022-05-13T19:05:00Z,2022-05-16T19:05:00Z,16.684231224540127,0.16132356579834919,0.91861263736263732,0.90212912087912089
EMFC-864,constant_short_same_clock,-1,HIGH_PRESSURE_COMPRESSED,100,737016,737022,2022-05-19T10:05:00Z,2022-05-22T10:05:00Z,13.661350711428335,-0.10921308497331624,0.063911782661782657,0.081635378510378512
EMFC-864,constant_short_same_clock,-1,HIGH_PRESSURE_COMPRESSED,100,737470,737476,2022-05-22T23:15:00Z,2022-05-25T23:15:00Z,13.602214609454609,-0.14790262992349543,0.060744810744810744,0.044032356532356536
EMFC-864,constant_short_same_clock,-1,HIGH_PRESSURE_COMPRESSED,100,738922,738928,2022-06-02T02:50:00Z,2022-06-05T02:50:00Z,13.091524716492975,-0.10378928191634107,0.038194444444444448,0.099378052503052497
EMFC-864,constant_short_same_clock,-1,HIGH_PRESSURE_COMPRESSED,100,739870,739876,2022-06-08T13:35:00Z,2022-06-11T13:35:00Z,16.786946757795963,0.15655634890792824,0.93005952380952384,0.91090506715506714
EMFC-864,constant_short_same_clock,-1,HIGH_PRESSURE_COMPRESSED,100,740518,740524,2022-06-12T22:40:00Z,2022-06-15T22:40:00Z,14.01567612587098,-0.11905629878681291,0.09058302808302808,0.078525641025641024
EMFC-864,constant_short_same_clock,-1,HIGH_PRESSURE_COMPRESSED,100,740968,740974,2022-06-16T00:20:00Z,2022-06-19T00:20:00Z,16.894532922269654,0.15433680825919138,0.9486416361416361,0.90298763736263732
EMFC-864,constant_short_same_clock,-1,HIGH_PRESSURE_COMPRESSED,100,741354,741360,2022-06-19T01:15:00Z,2022-06-22T01:15:00Z,17.435588497281401,0.16038395527605354,0.99660409035409037,0.91157280219780223
EMFC-864,constant_short_same_clock,-1,HIGH_PRESSURE_COMPRESSED,100,741881,741887,2022-06-22T21:20:00Z,2022-06-25T21:20:00Z,13.565990946606842,-0.11910068569268285,0.059218559218559216,0.086423992673992672
EMFC-864,constant_short_same_clock,-1,HIGH_PRESSURE_COMPRESSED,100,742680,742686,2022-06-28T11:35:00Z,2022-07-01T11:35:00Z,17.057402937964401,0.18152187662339034,0.96913156288156288,0.93528693528693529
EMFC-864,constant_short_same_clock,-1,HIGH_PRESSURE_COMPRESSED,100,743140,743146,2022-07-01T11:40:00Z,2022-07-04T11:40:00Z,16.874189555168169,0.19920325416247064,0.93605006105006106,0.95360195360195366
EMFC-864,constant_short_same_clock,-1,HIGH_PRESSURE_COMPRESSED,100,743708,743714,2022-07-05T13:40:00Z,2022-07-08T13:40:00Z,11.200417771082792,-0.14024008891444589,0.007516788766788767,0.056852869352869352
EMFC-864,constant_short_same_clock,-1,HIGH_PRESSURE_COMPRESSED,100,744313,744319,2022-07-09T22:40:00Z,2022-07-12T22:40:00Z,13.164504821068588,-0.1340208561510379,0.039568070818070816,0.071256868131868129
EMFC-864,constant_short_same_clock,-1,HIGH_PRESSURE_COMPRESSED,100,744837,744843,2022-07-13T17:35:00Z,2022-07-16T17:35:00Z,13.550562759043824,-0.1366411356908582,0.056280525030525032,0.069826007326007328
EMFC-864,constant_short_same_clock,-1,HIGH_PRESSURE_COMPRESSED,100,745342,745348,2022-07-17T12:45:00Z,2022-07-20T12:45:00Z,13.918150175333334,-0.13053106279977053,0.076159951159951153,0.085584554334554336
EMFC-864,constant_short_same_clock,-1,HIGH_PRESSURE_COMPRESSED,100,745802,745808,2022-07-21T01:45:00Z,2022-07-24T01:45:00Z,14.092187293239375,-0.14323416808590775,0.088827838827838831,0.072611416361416367
EMFC-864,constant_short_same_clock,-1,HIGH_PRESSURE_COMPRESSED,100,746237,746243,2022-07-24T03:35:00Z,2022-07-27T03:35:00Z,17.092558380600416,0.20299376206349315,0.95741758241758246,0.97103937728937728
EMFC-864,constant_short_same_clock,-1,HIGH_PRESSURE_COMPRESSED,100,746843,746849,2022-07-27T23:00:00Z,2022-07-30T23:00:00Z,16.85733239997861,0.2195666228238673,0.90319749694749696,0.97821275946275943
EMFC-864,constant_short_same_clock,-1,HIGH_PRESSURE_COMPRESSED,100,747267,747273,2022-07-31T01:40:00Z,2022-08-03T01:40:00Z,13.75285399815937,-0.13993584029751666,0.063034188034188032,0.077953296703296704
EMFC-864,constant_short_same_clock,-1,HIGH_PRESSURE_COMPRESSED,100,748089,748095,2022-08-05T16:05:00Z,2022-08-08T16:05:00Z,17.255267536854831,0.16234247447864228,0.97878510378510375,0.93234890109890112
EMFC-864,constant_short_same_clock,-1,HIGH_PRESSURE_COMPRESSED,100,749349,749355,2022-08-14T07:35:00Z,2022-08-17T07:35:00Z,13.468706733820804,-0.13343763822971663,0.051320207570207568,0.081311050061050064
EMFC-864,constant_short_same_clock,-1,HIGH_PRESSURE_COMPRESSED,100,749900,749906,2022-08-18T05:50:00Z,2022-08-21T05:50:00Z,14.157830662427088,-0.1908131784834603,0.096382783882783887,0.025106837606837608
EMFC-864,constant_short_same_clock,-1,HIGH_PRESSURE_COMPRESSED,100,750847,750853,2022-08-24T06:15:00Z,2022-08-27T06:15:00Z,17.193396425380531,0.20201419013969066,0.97008547008547008,0.9741681929181929
EMFC-864,constant_short_same_clock,-1,HIGH_PRESSURE_COMPRESSED,100,751842,751848,2022-08-30T14:05:00Z,2022-09-02T14:05:00Z,16.898010720533769,0.17221282264566681,0.90964590964590963,0.93971306471306471
EMFC-864,constant_short_same_clock,-1,HIGH_PRESSURE_COMPRESSED,100,752342,752348,2022-09-03T03:15:00Z,2022-09-06T03:15:00Z,14.109994942145493,-0.14942524681992686,0.093101343101343104,0.056356837606837608
EMFC-864,constant_short_same_clock,-1,HIGH_PRESSURE_COMPRESSED,100,753207,753213,2022-09-09T00:05:00Z,2022-09-12T00:05:00Z,12.808189474740448,-0.13229938401348429,0.029418498168498168,0.080090048840048847
EMFC-864,constant_short_same_clock,-1,HIGH_PRESSURE_COMPRESSED,100,754027,754033,2022-09-14T08:50:00Z,2022-09-17T08:50:00Z,12.132980311287769,-0.12385346216699779,0.01617826617826618,0.092376373626373631
EMFC-864,constant_short_same_clock,-1,HIGH_PRESSURE_COMPRESSED,100,754495,754501,2022-09-17T15:35:00Z,2022-09-20T15:35:00Z,17.007358559759265,0.18366245539679615,0.93826312576312576,0.94459706959706957
EMFC-864,constant_short_same_clock,-1,HIGH_PRESSURE_COMPRESSED,100,755283,755289,2022-09-23T03:20:00Z,2022-09-26T03:20:00Z,13.886867033936081,-0.14594568213653453,0.072573260073260079,0.067822802197802193
EMFC-864,constant_short_same_clock,-1,HIGH_PRESSURE_COMPRESSED,100,755902,755908,2022-09-27T13:15:00Z,2022-09-30T13:15:00Z,11.312851258239963,-0.12532489457738921,0.007020757020757021,0.097661019536019536
EMFC-864,constant_short_same_clock,-1,HIGH_PRESSURE_COMPRESSED,100,756451,756457,2022-10-01T04:15:00Z,2022-10-04T04:15:00Z,16.910467113946261,0.18182168175230359,0.90987484737484736,0.94471153846153844
EMFC-864,constant_short_same_clock,-1,HIGH_PRESSURE_COMPRESSED,100,757165,757171,2022-10-05T09:30:00Z,2022-10-08T09:30:00Z,16.905109151276353,0.32179054208523061,0.90804334554334554,0.99801587301587302
EMFC-864,constant_short_same_clock,-1,HIGH_PRESSURE_COMPRESSED,100,758423,758429,2022-10-13T07:15:00Z,2022-10-16T07:15:00Z,13.591989435379002,-0.12438342729003191,0.057692307692307696,0.09394078144078144
EMFC-864,constant_short_same_clock,-1,HIGH_PRESSURE_COMPRESSED,100,760145,760151,2022-10-25T00:05:00Z,2022-10-28T00:05:00Z,12.59559128180865,-0.14493693477101008,0.02338980463980464,0.068624084249084255
EMFC-864,constant_short_same_clock,-1,HIGH_PRESSURE_COMPRESSED,100,760602,760608,2022-10-28T07:05:00Z,2022-10-31T07:05:00Z,13.731940887864571,-0.13685918271719735,0.063835470085470081,0.080929487179487183
EMFC-864,constant_short_same_clock,-1,HIGH_PRESSURE_COMPRESSED,100,761185,761191,2022-11-01T02:05:00Z,2022-11-04T02:05:00Z,17.038670472999524,0.24103176227528744,0.94085775335775335,0.973519536019536
EMFC-864,constant_short_same_clock,-1,HIGH_PRESSURE_COMPRESSED,100,761789,761795,2022-11-05T10:40:00Z,2022-11-08T10:40:00Z,14.109411503079881,-0.17585625726952406,0.090315934065934064,0.041895604395604392
EMFC-864,constant_short_same_clock,-1,HIGH_PRESSURE_COMPRESSED,100,762377,762383,2022-11-09T08:50:00Z,2022-11-12T08:50:00Z,17.195776054959087,0.15749236816466133,0.96989468864468864,0.90006868131868134
EMFC-864,constant_short_same_clock,-1,HIGH_PRESSURE_COMPRESSED,100,762827,762833,2022-11-12T09:35:00Z,2022-11-15T09:35:00Z,17.297963019771679,0.2806181916190652,0.98137973137973133,0.98824786324786329
EMFC-864,constant_short_same_clock,-1,HIGH_PRESSURE_COMPRESSED,100,763307,763313,2022-11-15T20:35:00Z,2022-11-18T20:35:00Z,17.008278601362818,0.16676321787810205,0.93059371184371187,0.90939789377289382
EMFC-864,constant_short_same_clock,-1,HIGH_PRESSURE_COMPRESSED,100,763949,763955,2022-11-20T06:55:00Z,2022-11-23T06:55:00Z,16.973913569492549,0.16770884442610914,0.91140109890109888,0.91130570818070822
EMFC-864,constant_short_same_clock,-1,HIGH_PRESSURE_COMPRESSED,100,764704,764710,2022-11-25T23:30:00Z,2022-11-28T23:30:00Z,0,-0.15217730543273564,0.0013163919413919415,0.06110729548229548
EMFC-864,constant_short_same_clock,-1,HIGH_PRESSURE_COMPRESSED,100,765382,765388,2022-12-01T04:35:00Z,2022-12-04T04:35:00Z,13.729342461677142,-0.12758667441599231,0.061431623931623928,0.09748931623931624
EMFC-864,constant_short_same_clock,-1,HIGH_PRESSURE_COMPRESSED,100,766123,766129,2022-12-06T12:10:00Z,2022-12-09T12:10:00Z,17.100191389139027,0.17916653910065453,0.92528998778998783,0.92418345543345548
EMFC-864,constant_short_same_clock,-1,HIGH_PRESSURE_COMPRESSED,100,767296,767302,2022-12-14T02:00:00Z,2022-12-17T02:00:00Z,17.077204157258443,0.24521875896606735,0.92105463980463975,0.97451159951159949
EMFC-864,constant_short_same_clock,-1,HIGH_PRESSURE_COMPRESSED,100,767718,767724,2022-12-17T03:15:00Z,2022-12-20T03:15:00Z,14.061682117671518,-0.14842000511827322,0.082493894993894992,0.064560439560439567
EMFC-864,constant_short_same_clock,-1,HIGH_PRESSURE_COMPRESSED,100,768676,768682,2022-12-24T00:05:00Z,2022-12-27T00:05:00Z,13.797580775798291,-0.12817331372298282,0.064102564102564097,0.092376373626373631
EMFC-864,constant_short_same_clock,-1,HIGH_PRESSURE_COMPRESSED,100,769036,769042,2022-12-27T01:35:00Z,2022-12-30T01:35:00Z,13.274856112171344,-0.13069194854929675,0.038308913308913312,0.095943986568986575
EMFC-864,constant_short_same_clock,-1,HIGH_PRESSURE_COMPRESSED,100,769637,769643,2022-12-31T04:05:00Z,2023-01-03T04:05:00Z,17.0401139489652,0.16766942546164024,0.90754731379731379,0.90588751526251521
EMFC-864,constant_short_same_clock,-1,HIGH_PRESSURE_COMPRESSED,100,770727,770733,2023-01-07T02:10:00Z,2023-01-10T02:10:00Z,17.049943343360482,0.33226111584974827,0.91491147741147738,0.99687118437118438
EMFC-864,constant_short_same_clock,-1,HIGH_PRESSURE_COMPRESSED,100,771832,771838,2023-01-14T05:45:00Z,2023-01-17T05:45:00Z,17.266614781666288,0.18791718315111447,0.96527777777777779,0.9212263431013431
EMFC-864,constant_short_same_clock,-1,HIGH_PRESSURE_COMPRESSED,100,772848,772854,2023-01-20T22:45:00Z,2023-01-23T22:45:00Z,13.540380050682307,-0.12719049824447512,0.051854395604395608,0.080051892551892545
EMFC-864,constant_short_same_clock,-1,HIGH_PRESSURE_COMPRESSED,100,773628,773634,2023-01-26T03:35:00Z,2023-01-29T03:35:00Z,17.022836175258782,0.20327965138543214,0.92021520146520142,0.93307387057387059
EMFC-864,constant_short_same_clock,-1,HIGH_PRESSURE_COMPRESSED,100,774903,774909,2023-02-03T23:10:00Z,2023-02-06T23:10:00Z,14.132587341525483,-0.12060866942019806,0.091079059829059825,0.094341422466422464
EMFC-864,constant_short_same_clock,-1,HIGH_PRESSURE_COMPRESSED,100,776441,776447,2023-02-14T05:35:00Z,2023-02-17T05:35:00Z,17.260876807113757,0.18068290012544608,0.96543040293040294,0.91033272283272282
EMFC-864,constant_short_same_clock,-1,HIGH_PRESSURE_COMPRESSED,100,776946,776952,2023-02-17T06:45:00Z,2023-02-20T06:45:00Z,17.393178440104393,0.22577200266790173,0.98137973137973133,0.95058760683760679
EMFC-864,constant_short_same_clock,-1,HIGH_PRESSURE_COMPRESSED,100,777716,777722,2023-02-22T01:50:00Z,2023-02-25T01:50:00Z,16.995358943800547,0.19571079391297067,0.90128968253968256,0.9228289072039072
EMFC-864,constant_short_same_clock,-1,HIGH_PRESSURE_COMPRESSED,100,778544,778550,2023-02-27T21:25:00Z,2023-03-02T21:25:00Z,14.224259601382908,-0.12852513218828565,0.084210927960927967,0.084134615384615391
EMFC-864,constant_short_same_clock,-1,HIGH_PRESSURE_COMPRESSED,100,779210,779216,2023-03-04T05:00:00Z,2023-03-07T05:00:00Z,17.192257481880873,0.21967042294644462,0.94845085470085466,0.94761141636141633
EMFC-864,constant_short_same_clock,-1,HIGH_PRESSURE_COMPRESSED,100,779733,779739,2023-03-07T16:00:00Z,2023-03-10T16:00:00Z,17.156125175267292,0.18298177468983409,0.93811050061050061,0.90640262515262515
EMFC-864,constant_short_same_clock,-1,HIGH_PRESSURE_COMPRESSED,100,780285,780291,2023-03-11T13:35:00Z,2023-03-14T13:35:00Z,17.410839181211522,0.21150323015753475,0.97710622710622708,0.94288003663003661
EMFC-864,constant_short_same_clock,-1,HIGH_PRESSURE_COMPRESSED,100,781098,781104,2023-03-16T23:15:00Z,2023-03-19T23:15:00Z,0,-0.13860184943762824,0.0014308608058608058,0.064503205128205135
EMFC-864,constant_short_same_clock,-1,HIGH_PRESSURE_COMPRESSED,100,781946,781952,2023-03-22T12:25:00Z,2023-03-25T12:25:00Z,17.314608488797973,0.19350384619652405,0.95459401709401714,0.92342032967032972
EMFC-864,constant_short_same_clock,-1,HIGH_PRESSURE_COMPRESSED,100,783518,783524,2023-04-01T23:40:00Z,2023-04-04T23:40:00Z,17.803298778702654,0.19642048117345628,0.99721459096459097,0.93103250915750912
EMFC-864,constant_short_same_clock,-1,HIGH_PRESSURE_COMPRESSED,100,783997,784003,2023-04-05T07:40:00Z,2023-04-08T07:40:00Z,17.441022804684781,0.17457166493389512,0.97149725274725274,0.90556318681318682
EMFC-864,constant_short_same_clock,-1,HIGH_PRESSURE_COMPRESSED,100,784765,784771,2023-04-10T13:15:00Z,2023-04-13T13:15:00Z,14.683495528327084,-0.11468193591689177,0.094474969474969472,0.094246031746031744
EMFC-864,constant_short_same_clock,-1,HIGH_PRESSURE_COMPRESSED,100,785499,785505,2023-04-15T12:00:00Z,2023-04-18T12:00:00Z,17.293816778481911,0.17161903366081899,0.9375,0.90617368742368742
EMFC-864,constant_short_same_clock,-1,HIGH_PRESSURE_COMPRESSED,100,786294,786300,2023-04-21T01:00:00Z,2023-04-24T01:00:00Z,14.236903475687988,-0.1149939646260643,0.049679487179487176,0.099072802197802193
EMFC-864,constant_short_same_clock,-1,HIGH_PRESSURE_COMPRESSED,100,787133,787139,2023-04-27T01:35:00Z,2023-04-30T01:35:00Z,14.671746780477001,-0.13001898132373474,0.081807081807081808,0.0740995115995116
EMFC-864,constant_short_same_clock,-1,HIGH_PRESSURE_COMPRESSED,100,787799,787805,2023-05-01T16:20:00Z,2023-05-04T16:20:00Z,17.483915226934549,0.17707534227400154,0.96958943833943834,0.91317536630036633
EMFC-864,constant_short_same_clock,-1,HIGH_PRESSURE_COMPRESSED,100,788520,788526,2023-05-06T16:15:00Z,2023-05-09T16:15:00Z,18.682058368004085,0.18446384986598813,0.99465811965811968,0.92053952991452992
EMFC-864,constant_short_same_clock,-1,HIGH_PRESSURE_COMPRESSED,100,788946,788952,2023-05-09T17:55:00Z,2023-05-12T17:55:00Z,19.803348228399315,0.17663774032565702,0.99500152625152627,0.90762362637362637
EMFC-864,constant_short_same_clock,-1,HIGH_PRESSURE_COMPRESSED,100,789709,789715,2023-05-14T17:40:00Z,2023-05-17T17:40:00Z,18.414314995500298,0.17417483165818612,0.95806623931623935,0.90314026251526247
EMFC-864,constant_short_same_clock,-1,HIGH_PRESSURE_COMPRESSED,100,790188,790194,2023-05-17T18:20:00Z,2023-05-20T18:20:00Z,18.007646733837088,0.20166748839149229,0.9391025641025641,0.93885454822954828
EMFC-864,constant_short_same_clock,-1,HIGH_PRESSURE_COMPRESSED,100,790689,790695,2023-05-21T07:30:00Z,2023-05-24T07:30:00Z,18.79875467561979,0.17944569604849037,0.9713064713064713,0.90873015873015872
EMFC-864,constant_short_same_clock,-1,HIGH_PRESSURE_COMPRESSED,100,791385,791391,2023-05-25T23:45:00Z,2023-05-28T23:45:00Z,17.856032630078097,0.18470439349574858,0.91250763125763124,0.91597985347985345
EMFC-864,constant_short_same_clock,-1,HIGH_PRESSURE_COMPRESSED,100,791997,792003,2023-05-29T23:15:00Z,2023-06-01T23:15:00Z,17.920686317088517,0.24128630695985986,0.91147741147741146,0.97195512820512819
EMFC-864,constant_short_same_clock,-1,HIGH_PRESSURE_COMPRESSED,100,792493,792499,2023-06-02T08:15:00Z,2023-06-05T08:15:00Z,17.896991183402761,0.18673126528265474,0.90335012210012211,0.91821199633699635
EMFC-864,constant_short_same_clock,-1,HIGH_PRESSURE_COMPRESSED,100,793097,793103,2023-06-06T13:05:00Z,2023-06-09T13:05:00Z,18.25277780547836,0.17807060490641691,0.93849206349206349,0.90708943833943834
EMFC-864,constant_short_same_clock,-1,HIGH_PRESSURE_COMPRESSED,100,793547,793553,2023-06-09T13:20:00Z,2023-06-12T13:20:00Z,18.230919791347702,0.18731399831699869,0.93318833943833945,0.9221993284493285
EMFC-864,constant_short_same_clock,-1,HIGH_PRESSURE_COMPRESSED,100,797475,797481,2023-07-06T22:50:00Z,2023-07-09T22:50:00Z,15.397174931625258,-0.12683820983405603,0.090926434676434673,0.073775183150183152
EMFC-864,constant_short_same_clock,-1,HIGH_PRESSURE_COMPRESSED,100,798336,798342,2023-07-12T05:25:00Z,2023-07-15T05:25:00Z,15.370472432240527,-0.11954444642418256,0.079899267399267393,0.083333333333333329
EMFC-864,constant_short_same_clock,-1,HIGH_PRESSURE_COMPRESSED,100,798800,798806,2023-07-15T18:00:00Z,2023-07-18T18:00:00Z,0,-0.1406021689960317,0.0013927045177045177,0.062385531135531136
EMFC-864,constant_short_same_clock,-1,HIGH_PRESSURE_COMPRESSED,100,799657,799663,2023-07-21T19:50:00Z,2023-07-24T19:50:00Z,0,-0.20362088482534585,0.0013927045177045177,0.022397741147741148
EMFC-864,constant_short_same_clock,-1,HIGH_PRESSURE_COMPRESSED,100,800270,800276,2023-07-26T03:50:00Z,2023-07-29T03:50:00Z,15.593478864779883,-0.12752799155283859,0.084859584859584863,0.081463675213675216
EMFC-864,constant_short_same_clock,-1,HIGH_PRESSURE_COMPRESSED,100,800816,800822,2023-07-30T02:25:00Z,2023-08-02T02:25:00Z,15.619526113588496,-0.13048718037540591,0.080280830280830287,0.073031135531135535
EMFC-864,constant_short_same_clock,-1,HIGH_PRESSURE_COMPRESSED,100,801716,801722,2023-08-05T06:05:00Z,2023-08-08T06:05:00Z,15.726710059641331,-0.17227122094045313,0.094398656898656896,0.039377289377289376
EMFC-864,constant_short_same_clock,-1,HIGH_PRESSURE_COMPRESSED,100,802290,802296,2023-08-09T04:05:00Z,2023-08-12T04:05:00Z,15.753435193220001,-0.17152739779571466,0.098366910866910864,0.041208791208791208
EMFC-864,constant_short_same_clock,-1,HIGH_PRESSURE_COMPRESSED,100,802959,802965,2023-08-13T15:35:00Z,2023-08-16T15:35:00Z,15.753640951619332,-0.15462199731114967,0.095924908424908431,0.054906898656898656
EMFC-864,constant_short_same_clock,-1,HIGH_PRESSURE_COMPRESSED,100,803804,803810,2023-08-19T00:45:00Z,2023-08-22T00:45:00Z,15.708082918061564,-0.12763068430355426,0.079288766788766785,0.086004273504273504
EMFC-864,constant_short_same_clock,-1,HIGH_PRESSURE_COMPRESSED,100,804747,804753,2023-08-25T08:55:00Z,2023-08-28T08:55:00Z,15.740256167026896,-0.12323481433462875,0.080547924297924303,0.087187118437118433
EMFC-864,constant_short_same_clock,-1,HIGH_PRESSURE_COMPRESSED,100,805138,805144,2023-08-28T11:15:00Z,2023-08-31T11:15:00Z,15.671586336142601,-0.13224097706304058,0.059752747252747256,0.080872252747252751
EMFC-864,constant_short_same_clock,-1,HIGH_PRESSURE_COMPRESSED,100,810672,810678,2023-10-05T04:30:00Z,2023-10-08T04:30:00Z,15.607475839344888,-0.13858733975604284,0.036210317460317464,0.078945360195360192
EMFC-864,constant_short_same_clock,-1,HIGH_PRESSURE_COMPRESSED,100,812986,812992,2023-10-20T07:35:00Z,2023-10-23T07:35:00Z,15.019957449892921,-0.13037015116185496,0.011141636141636142,0.086061507936507936
EMFC-864,constant_short_same_clock,-1,HIGH_PRESSURE_COMPRESSED,100,813658,813664,2023-10-24T21:10:00Z,2023-10-27T21:10:00Z,15.71246632936786,-0.1698974742941767,0.06662087912087912,0.042811355311355312
EMFC-864,constant_short_same_clock,-1,HIGH_PRESSURE_COMPRESSED,100,814448,814454,2023-10-30T04:55:00Z,2023-11-02T04:55:00Z,15.802191317362556,-0.13019458165782657,0.096840659340659344,0.084306318681318687
EMFC-864,constant_short_same_clock,-1,HIGH_PRESSURE_COMPRESSED,100,814951,814957,2023-11-02T12:15:00Z,2023-11-05T12:15:00Z,15.364901606647601,-0.13362722136613545,0.029800061050061052,0.071600274725274721
EMFC-864,constant_short_same_clock,-1,HIGH_PRESSURE_COMPRESSED,100,815439,815445,2023-11-05T16:10:00Z,2023-11-08T16:10:00Z,17.736502660517946,0.20901466905011667,0.90098443223443225,0.94955738705738701
EMFC-864,constant_short_same_clock,-1,HIGH_PRESSURE_COMPRESSED,100,815869,815875,2023-11-08T17:45:00Z,2023-11-11T17:45:00Z,18.470407888066575,0.16877374424868608,0.99240689865689868,0.90144230769230771
EMFC-864,constant_short_same_clock,-1,HIGH_PRESSURE_COMPRESSED,100,816372,816378,2023-11-12T03:05:00Z,2023-11-15T03:05:00Z,18.48386606555329,0.17377815579666053,0.98687423687423692,0.91210699023199027
EMFC-864,constant_short_same_clock,-1,HIGH_PRESSURE_COMPRESSED,100,817437,817443,2023-11-19T08:30:00Z,2023-11-22T08:30:00Z,19.497852923983199,0.17970498301080062,0.99820665445665446,0.91971916971916967
EMFC-864,constant_short_same_clock,-1,HIGH_PRESSURE_COMPRESSED,100,818122,818128,2023-11-23T18:30:00Z,2023-11-26T18:30:00Z,18.377265650672374,0.17187629893241602,0.95043498168498164,0.90493360805860801
EMFC-864,constant_short_same_clock,-1,HIGH_PRESSURE_COMPRESSED,100,819060,819066,2023-11-30T05:05:00Z,2023-12-03T05:05:00Z,0,-0.15775844970627234,0.0010874542124542125,0.0438034188034188
EMFC-864,constant_short_same_clock,-1,HIGH_PRESSURE_COMPRESSED,100,819607,819613,2023-12-03T21:55:00Z,2023-12-06T21:55:00Z,18.003047650261511,0.18775629828400026,0.90411324786324787,0.92830433455433459
EMFC-864,constant_short_same_clock,-1,HIGH_PRESSURE_COMPRESSED,100,820137,820143,2023-12-07T16:10:00Z,2023-12-10T16:10:00Z,0,-0.14314750921848493,0.001201923076923077,0.063644688644688641
EMFC-864,constant_short_same_clock,-1,HIGH_PRESSURE_COMPRESSED,100,821354,821360,2023-12-15T22:45:00Z,2023-12-18T22:45:00Z,19.509539326168795,0.1811023003892252,0.99503968253968256,0.92246642246642252
EMFC-864,constant_short_same_clock,-1,HIGH_PRESSURE_COMPRESSED,100,821848,821854,2023-12-19T02:20:00Z,2023-12-22T02:20:00Z,19.315371041122621,0.17264849209826752,0.97523656898656896,0.90764270451770457
EMFC-864,constant_short_same_clock,-1,HIGH_PRESSURE_COMPRESSED,100,822483,822489,2023-12-23T03:35:00Z,2023-12-26T03:35:00Z,19.164449154114909,0.17070924146578864,0.94799297924297921,0.90096535409035405
EMFC-864,constant_short_same_clock,-1,HIGH_PRESSURE_COMPRESSED,100,823010,823016,2023-12-26T13:15:00Z,2023-12-29T13:15:00Z,18.879198341822782,0.1739169744501442,0.91823107448107444,0.90119429181929178
EMFC-864,constant_short_same_clock,-1,HIGH_PRESSURE_COMPRESSED,100,823654,823660,2023-12-31T05:25:00Z,2024-01-03T05:25:00Z,19.240827402429559,0.17128270967873827,0.95173229548229543,0.90035485347985345
EMFC-864,daily_aggregate_shadow,1,LOW_PRESSURE_EXPANDED,100,683907,683913,2021-05-18T00:05:00Z,2021-05-21T00:05:00Z,22.531190663873215,-0.12396357278254119,0.055555555555555552,0.066666666666666666
EMFC-864,daily_aggregate_shadow,1,LOW_PRESSURE_EXPANDED,100,687111,687117,2021-06-12T00:05:00Z,2021-06-15T00:05:00Z,22.090745833187913,-0.27705075331900181,0.027777777777777776,0.027777777777777776
EMFC-864,daily_aggregate_shadow,1,LOW_PRESSURE_EXPANDED,100,687480,687486,2021-06-15T00:05:00Z,2021-06-18T00:05:00Z,21.828687232275247,-0.18252980325544962,0.016666666666666666,0.088888888888888892
EMFC-864,daily_aggregate_shadow,1,LOW_PRESSURE_EXPANDED,100,687869,687875,2021-06-18T00:05:00Z,2021-06-21T00:05:00Z,21.987800521826472,-0.21049050474644476,0.027777777777777776,0.072222222222222215
EMFC-864,daily_aggregate_shadow,1,LOW_PRESSURE_EXPANDED,100,688226,688232,2021-06-21T00:05:00Z,2021-06-24T00:05:00Z,21.787574134695166,-0.26960720172424951,0.022222222222222223,0.03888888888888889
EMFC-864,daily_aggregate_shadow,1,LOW_PRESSURE_EXPANDED,100,688932,688938,2021-06-28T00:05:00Z,2021-07-01T00:05:00Z,22.053556448727001,-0.3295914755289906,0.066666666666666666,0.022222222222222223
EMFC-864,daily_aggregate_shadow,1,LOW_PRESSURE_EXPANDED,100,724371,724377,2022-02-23T00:05:00Z,2022-02-26T00:05:00Z,20.156877308191962,-0.098456739341031774,0,0.044444444444444446
EMFC-864,daily_aggregate_shadow,1,LOW_PRESSURE_EXPANDED,100,724805,724811,2022-02-26T00:05:00Z,2022-03-01T00:05:00Z,20.488166138661711,-0.07304059252243178,0.066666666666666666,0.10000000000000001
EMFC-864,daily_aggregate_shadow,1,LOW_PRESSURE_EXPANDED,100,725200,725206,2022-03-01T00:05:00Z,2022-03-04T00:05:00Z,20.378134007041783,-0.16557798478399777,0.027777777777777776,0.011111111111111112
EMFC-864,daily_aggregate_shadow,-1,HIGH_PRESSURE_COMPRESSED,100,766375,766381,2022-12-09T00:05:00Z,2022-12-12T00:05:00Z,21.684408992924542,0.12825014295621501,0.90000000000000002,0.91111111111111109
EMFC-864,daily_aggregate_shadow,-1,HIGH_PRESSURE_COMPRESSED,100,776914,776920,2023-02-18T00:05:00Z,2023-02-21T00:05:00Z,21.958233352879127,0.22316438486455994,0.98333333333333328,0.99444444444444446
EMFC-864,daily_aggregate_shadow,-1,HIGH_PRESSURE_COMPRESSED,100,779807,779813,2023-03-09T00:05:00Z,2023-03-12T00:05:00Z,21.788525317489484,0.13069731717481892,0.92777777777777781,0.90000000000000002
EMFC-864,daily_aggregate_shadow,-1,HIGH_PRESSURE_COMPRESSED,100,780376,780382,2023-03-13T00:05:00Z,2023-03-16T00:05:00Z,22.202668407129696,0.13528531079252551,0.99444444444444446,0.91666666666666663
EMFC-864,daily_aggregate_shadow,-1,HIGH_PRESSURE_COMPRESSED,100,781430,781436,2023-03-20T00:05:00Z,2023-03-23T00:05:00Z,22.295456865280357,0.16059978400070049,1,0.94444444444444442
EMFC-864,daily_aggregate_shadow,-1,HIGH_PRESSURE_COMPRESSED,100,782219,782225,2023-03-25T00:05:00Z,2023-03-28T00:05:00Z,22.180777657621359,0.1929377092571439,0.98333333333333328,0.97777777777777775
EMFC-864,daily_aggregate_shadow,-1,HIGH_PRESSURE_COMPRESSED,100,789318,789324,2023-05-13T00:05:00Z,2023-05-16T00:05:00Z,23.796850743864841,0.14043133303377012,0.98333333333333328,0.92777777777777781
EMFC-864,daily_aggregate_shadow,1,LOW_PRESSURE_EXPANDED,100,805105,805111,2023-08-29T00:05:00Z,2023-09-01T00:05:00Z,21.049859827523427,-0.22301006683102137,0.011111111111111112,0
EMFC-864,daily_aggregate_shadow,-1,HIGH_PRESSURE_COMPRESSED,100,815508,815514,2023-11-07T00:05:00Z,2023-11-10T00:05:00Z,22.834598257035882,0.14880941426150635,0.91666666666666663,0.92222222222222228
EMFC-864,daily_aggregate_shadow,-1,HIGH_PRESSURE_COMPRESSED,100,817559,817565,2023-11-21T00:05:00Z,2023-11-24T00:05:00Z,24.200694101422986,0.20220798765357928,1,0.97777777777777775
EMFC-864,daily_aggregate_shadow,-1,HIGH_PRESSURE_COMPRESSED,100,819802,819808,2023-12-06T00:05:00Z,2023-12-09T00:05:00Z,23.280896786918532,0.21848773977801578,0.93333333333333335,0.98333333333333328
EMFC-864,daily_aggregate_shadow,-1,HIGH_PRESSURE_COMPRESSED,100,822634,822640,2023-12-25T00:05:00Z,2023-12-28T00:05:00Z,23.886764443254666,0.24191235854226134,0.92777777777777781,0.98888888888888893
EMFC-864,direction_flip,1,LOW_PRESSURE_EXPANDED,100,665703,665709,2021-01-12T11:25:00Z,2021-01-15T11:25:00Z,18.735155179073125,0.17187629893241602,0.90453296703296704,0.91468253968253965
EMFC-864,direction_flip,1,LOW_PRESSURE_EXPANDED,100,666273,666279,2021-01-16T05:50:00Z,2021-01-19T05:50:00Z,18.901851327526089,0.22602269206505327,0.9486416361416361,0.96886446886446886
EMFC-864,direction_flip,-1,HIGH_PRESSURE_COMPRESSED,100,666974,666980,2021-01-21T06:55:00Z,2021-01-24T06:55:00Z,15.81046498855833,-0.12550132105946171,0.046245421245421248,0.097451159951159952
EMFC-864,direction_flip,-1,HIGH_PRESSURE_COMPRESSED,100,668616,668622,2021-02-01T17:35:00Z,2021-02-04T17:35:00Z,15.665648834937498,-0.14197687889554952,0.038270757020757024,0.082474816849816848
EMFC-864,direction_flip,1,LOW_PRESSURE_EXPANDED,100,669174,669180,2021-02-05T08:00:00Z,2021-02-08T08:00:00Z,18.783502011486114,0.17157946026205245,0.93448565323565325,0.91561736874236876
EMFC-864,direction_flip,1,LOW_PRESSURE_EXPANDED,100,670493,670499,2021-02-14T03:30:00Z,2021-02-17T03:30:00Z,18.854560265110649,0.17312398443991253,0.94631410256410253,0.91702915140415142
EMFC-864,direction_flip,1,LOW_PRESSURE_EXPANDED,100,671109,671115,2021-02-18T13:05:00Z,2021-02-21T13:05:00Z,18.724481607877951,0.18366245539679615,0.90873015873015872,0.93051739926739929
EMFC-864,direction_flip,-1,HIGH_PRESSURE_COMPRESSED,100,671875,671881,2021-02-24T01:40:00Z,2021-02-27T01:40:00Z,0,-0.19140517552699712,0.0025755494505494505,0.042239010989010992
EMFC-864,direction_flip,1,LOW_PRESSURE_EXPANDED,100,672424,672430,2021-02-27T14:30:00Z,2021-03-02T14:30:00Z,18.838457794752227,0.18626933904205206,0.93967490842490842,0.93585927960927962
EMFC-864,direction_flip,1,LOW_PRESSURE_EXPANDED,100,672958,672964,2021-03-03T11:30:00Z,2021-03-06T11:30:00Z,18.742584364625472,0.17629972447546036,0.90556318681318682,0.9221802503052503
EMFC-864,direction_flip,-1,HIGH_PRESSURE_COMPRESSED,100,676409,676415,2021-03-26T20:55:00Z,2021-03-29T20:55:00Z,16.542570130642051,-0.16343600885192539,0.082684676434676432,0.062576312576312576
EMFC-864,direction_flip,-1,HIGH_PRESSURE_COMPRESSED,100,678413,678419,2021-04-09T10:25:00Z,2021-04-12T10:25:00Z,16.634330219969637,-0.13067732364161613,0.088942307692307696,0.094627594627594624
EMFC-864,direction_flip,1,LOW_PRESSURE_EXPANDED,100,679399,679405,2021-04-15T23:50:00Z,2021-04-18T23:50:00Z,18.827664717999447,0.19263455340239846,0.93677503052503053,0.96020299145299148
EMFC-864,direction_flip,-1,HIGH_PRESSURE_COMPRESSED,100,679874,679880,2021-04-20T10:50:00Z,2021-04-23T10:50:00Z,0,-0.31624523357609591,0.0025755494505494505,0.022893772893772892
EMFC-864,direction_flip,-1,HIGH_PRESSURE_COMPRESSED,100,680740,680746,2021-04-27T02:10:00Z,2021-04-30T02:10:00Z,16.655951893510334,-0.24294617861038939,0.079632173382173377,0.03498931623931624
EMFC-864,direction_flip,1,LOW_PRESSURE_EXPANDED,100,681507,681513,2021-05-02T12:25:00Z,2021-05-05T12:25:00Z,18.777749522328133,0.20784451402504051,0.90781440781440781,0.97019993894993894
EMFC-864,direction_flip,1,LOW_PRESSURE_EXPANDED,100,682325,682331,2021-05-07T06:00:00Z,2021-05-10T06:00:00Z,18.747908423888934,0.1980038841960618,0.90811965811965811,0.95096916971916967
EMFC-864,direction_flip,-1,HIGH_PRESSURE_COMPRESSED,100,683593,683599,2021-05-14T19:05:00Z,2021-05-17T19:05:00Z,16.619419455074954,-0.13635033234457042,0.078373015873015872,0.074061355311355312
EMFC-864,direction_flip,-1,HIGH_PRESSURE_COMPRESSED,100,684004,684010,2021-05-17T22:00:00Z,2021-05-20T22:00:00Z,16.250314257255827,-0.15918086435231205,0.044452075702075704,0.058054792429792432
EMFC-864,direction_flip,-1,HIGH_PRESSURE_COMPRESSED,100,684623,684629,2021-05-23T09:35:00Z,2021-05-26T09:35:00Z,0,-0.16097023088291929,0.002728174603174603,0.075473137973137969
EMFC-864,direction_flip,-1,HIGH_PRESSURE_COMPRESSED,100,684991,684997,2021-05-26T10:25:00Z,2021-05-29T10:25:00Z,16.564717673494805,-0.22171586598968218,0.064369658119658113,0.039148351648351648
EMFC-864,direction_flip,-1,HIGH_PRESSURE_COMPRESSED,100,685351,685357,2021-05-29T11:00:00Z,2021-06-01T11:00:00Z,16.03031317674963,-0.28368660117629219,0.027472527472527472,0.021253052503052504
EMFC-864,direction_flip,-1,HIGH_PRESSURE_COMPRESSED,100,686269,686275,2021-06-04T22:10:00Z,2021-06-07T22:10:00Z,16.719244586199189,-0.16318121014152684,0.087034493284493281,0.088637057387057391
EMFC-864,direction_flip,-1,HIGH_PRESSURE_COMPRESSED,100,686981,686987,2021-06-10T01:05:00Z,2021-06-13T01:05:00Z,16.718857220989143,-0.15874013216106553,0.094360500610500608,0.093063186813186816
EMFC-864,direction_flip,-1,HIGH_PRESSURE_COMPRESSED,100,687373,687379,2021-06-13T09:35:00Z,2021-06-16T09:35:00Z,16.657092318357659,-0.16779996027493421,0.088217338217338223,0.092223748473748479
EMFC-864,direction_flip,-1,HIGH_PRESSURE_COMPRESSED,100,687781,687787,2021-06-16T10:50:00Z,2021-06-19T10:50:00Z,14.997114739642045,-0.2252480020702318,0.0115995115995116,0.051701770451770449
EMFC-864,direction_flip,-1,HIGH_PRESSURE_COMPRESSED,100,688155,688161,2021-06-19T11:00:00Z,2021-06-22T11:00:00Z,16.687712348382924,-0.26961992963337233,0.09806166056166056,0.03331043956043956
EMFC-864,direction_flip,-1,HIGH_PRESSURE_COMPRESSED,100,688470,688476,2021-06-22T11:50:00Z,2021-06-25T11:50:00Z,15.440301999432222,-0.37329768414740383,0.019421550671550672,0.006791819291819292
EMFC-864,direction_flip,-1,HIGH_PRESSURE_COMPRESSED,100,688774,688780,2021-06-25T13:30:00Z,2021-06-28T13:30:00Z,16.212521803762261,-0.2707393517214689,0.052808302808302808,0.053609584859584856
EMFC-864,direction_flip,-1,HIGH_PRESSURE_COMPRESSED,100,689027,689033,2021-06-28T14:45:00Z,2021-07-01T14:45:00Z,16.584366948712209,-0.78325445475495747,0.090697496947496944,0.00080128205128205125
EMFC-864,direction_flip,-1,HIGH_PRESSURE_COMPRESSED,100,689500,689506,2021-07-03T15:00:00Z,2021-07-06T15:00:00Z,0,-0.39182810091850506,0.002670940170940171,0.0277014652014652
EMFC-864,direction_flip,-1,HIGH_PRESSURE_COMPRESSED,100,711329,711335,2021-11-26T06:20:00Z,2021-11-29T06:20:00Z,13.530566068244473,-0.17336489875106262,0.038690476190476192,0.091956654456654463
EMFC-864,direction_flip,-1,HIGH_PRESSURE_COMPRESSED,100,712007,712013,2021-12-01T03:05:00Z,2021-12-04T03:05:00Z,12.739722796637889,-0.15520726430238263,0.019192612942612944,0.09691697191697192
EMFC-864,direction_flip,1,LOW_PRESSURE_EXPANDED,100,712739,712745,2021-12-05T19:10:00Z,2021-12-08T19:10:00Z,17.340117398716554,0.17566376912988815,0.91800213675213671,0.90502899877899878
EMFC-864,direction_flip,-1,HIGH_PRESSURE_COMPRESSED,100,714422,714428,2021-12-16T23:30:00Z,2021-12-19T23:30:00Z,12.894847782621291,-0.12848116164854009,0.023504273504273504,0.097260378510378512
EMFC-864,direction_flip,-1,HIGH_PRESSURE_COMPRESSED,100,715865,715871,2021-12-26T21:10:00Z,2021-12-29T21:10:00Z,14.059866722469355,-0.11166062820630623,0.079746642246642241,0.066506410256410256
EMFC-864,direction_flip,-1,HIGH_PRESSURE_COMPRESSED,100,716475,716481,2021-12-31T07:15:00Z,2022-01-03T07:15:00Z,13.929333763832968,-0.23843930587332945,0.069329975579975583,0.0023275335775335775
EMFC-864,direction_flip,-1,HIGH_PRESSURE_COMPRESSED,100,717066,717072,2022-01-04T02:25:00Z,2022-01-07T02:25:00Z,13.866469796561402,-0.1065048606452715,0.066926129426129424,0.057291666666666664
EMFC-864,direction_flip,-1,HIGH_PRESSURE_COMPRESSED,100,717628,717634,2022-01-07T23:10:00Z,2022-01-10T23:10:00Z,14.029753011787426,-0.089032943357821415,0.080929487179487183,0.079727564102564097
EMFC-864,direction_flip,-1,HIGH_PRESSURE_COMPRESSED,100,718056,718062,2022-01-10T23:25:00Z,2022-01-13T23:25:00Z,8.8614918642869149,-0.080519517058795509,0.0035866910866910865,0.095295329670329665
EMFC-864,direction_flip,1,LOW_PRESSURE_EXPANDED,100,718734,718740,2022-01-15T04:05:00Z,2022-01-18T04:05:00Z,16.878076934540413,0.26794480676874904,0.93307387057387059,0.97622863247863245
EMFC-864,direction_flip,-1,HIGH_PRESSURE_COMPRESSED,100,719288,719294,2022-01-18T16:10:00Z,2022-01-21T16:10:00Z,13.878634641756806,-0.080042707673536356,0.071314102564102561,0.092834249084249088
EMFC-864,direction_flip,-1,HIGH_PRESSURE_COMPRESSED,100,719764,719770,2022-01-21T16:55:00Z,2022-01-24T16:55:00Z,13.885352801965576,-0.1271171150594653,0.072535103785103791,0.038900335775335776
EMFC-864,direction_flip,-1,HIGH_PRESSURE_COMPRESSED,100,720484,720490,2022-01-26T19:10:00Z,2022-01-29T19:10:00Z,14.1843365776565,-0.11992887983322295,0.098748473748473745,0.043841575091575088
EMFC-864,direction_flip,1,LOW_PRESSURE_EXPANDED,100,721008,721014,2022-01-30T09:10:00Z,2022-02-02T09:10:00Z,16.828933720860629,0.19239209487172171,0.9266636141636142,0.90991300366300365
EMFC-864,direction_flip,-1,HIGH_PRESSURE_COMPRESSED,100,721821,721827,2022-02-05T00:10:00Z,2022-02-08T00:10:00Z,13.31320850513916,-0.16772949754616534,0.038690476190476192,0.016826923076923076
EMFC-864,direction_flip,-1,HIGH_PRESSURE_COMPRESSED,100,722236,722242,2022-02-08T00:35:00Z,2022-02-11T00:35:00Z,0,-0.096582097846244011,0.0015644078144078145,0.082646520146520144
EMFC-864,direction_flip,1,LOW_PRESSURE_EXPANDED,100,722910,722916,2022-02-12T12:15:00Z,2022-02-15T12:15:00Z,16.896865924454048,0.18928575059558755,0.94383394383394381,0.91727716727716724
EMFC-864,direction_flip,1,LOW_PRESSURE_EXPANDED,100,723474,723480,2022-02-15T20:45:00Z,2022-02-18T20:45:00Z,16.747170921500793,0.32434605682337242,0.90789072039072038,0.99233058608058611
EMFC-864,direction_flip,-1,HIGH_PRESSURE_COMPRESSED,100,724213,724219,2022-02-20T21:40:00Z,2022-02-23T21:40:00Z,13.798084604140895,-0.092533601402932916,0.062042124542124544,0.091040903540903537
EMFC-864,direction_flip,-1,HIGH_PRESSURE_COMPRESSED,100,724750,724756,2022-02-24T17:20:00Z,2022-02-27T17:20:00Z,11.18987870201148,-0.094446170291945589,0.007364163614163614,0.0902014652014652
EMFC-864,direction_flip,-1,HIGH_PRESSURE_COMPRESSED,100,725136,725142,2022-02-27T17:35:00Z,2022-03-02T17:35:00Z,13.286551513002141,-0.23483493990379359,0.037965506715506712,0.00434981684981685
EMFC-864,direction_flip,-1,HIGH_PRESSURE_COMPRESSED,100,726057,726063,2022-03-06T02:10:00Z,2022-03-09T02:10:00Z,13.69704679066267,-0.17333687066692047,0.056623931623931624,0.021825396825396824
EMFC-864,direction_flip,-1,HIGH_PRESSURE_COMPRESSED,100,726598,726604,2022-03-09T22:50:00Z,2022-03-12T22:50:00Z,13.696394759574062,-0.14233833077939603,0.056929181929181928,0.046951312576312576
EMFC-864,direction_flip,1,LOW_PRESSURE_EXPANDED,100,728484,728490,2022-03-22T10:10:00Z,2022-03-25T10:10:00Z,16.728373482655961,0.22408149104218619,0.91204975579975578,0.95821886446886451
EMFC-864,direction_flip,1,LOW_PRESSURE_EXPANDED,100,729070,729076,2022-03-26T09:35:00Z,2022-03-29T09:35:00Z,16.733322478389493,0.17449228567962155,0.91372863247863245,0.90604014041514036
EMFC-864,direction_flip,-1,HIGH_PRESSURE_COMPRESSED,100,729741,729747,2022-03-31T00:10:00Z,2022-04-03T00:10:00Z,12.798194345021855,-0.1014428516237211,0.026556776556776556,0.087473290598290593
EMFC-864,direction_flip,-1,HIGH_PRESSURE_COMPRESSED,100,730269,730275,2022-04-03T20:30:00Z,2022-04-06T20:30:00Z,13.952439796367049,-0.14197687889554952,0.076884920634920639,0.042353479853479856
EMFC-864,direction_flip,-1,HIGH_PRESSURE_COMPRESSED,100,730889,730895,2022-04-08T01:05:00Z,2022-04-11T01:05:00Z,12.818210401296124,-0.096884697176782456,0.027167277167277168,0.095123626373626369
EMFC-864,direction_flip,-1,HIGH_PRESSURE_COMPRESSED,100,731455,731461,2022-04-12T01:30:00Z,2022-04-15T01:30:00Z,13.642659613016326,-0.12425096233785687,0.058340964590964592,0.058226495726495728
EMFC-864,direction_flip,-1,HIGH_PRESSURE_COMPRESSED,100,732124,732130,2022-04-16T16:50:00Z,2022-04-19T16:50:00Z,13.54638196693765,-0.10842082812108388,0.054487179487179488,0.076636904761904767
EMFC-864,direction_flip,-1,HIGH_PRESSURE_COMPRESSED,100,732585,732591,2022-04-19T22:10:00Z,2022-04-22T22:10:00Z,13.944956867989188,-0.17468133336453745,0.082455738705738704,0.021062271062271064
EMFC-864,direction_flip,1,LOW_PRESSURE_EXPANDED,100,733155,733161,2022-04-23T12:40:00Z,2022-04-26T12:40:00Z,16.727797524898385,0.19971189599803685,0.93078449328449331,0.95146520146520142
EMFC-864,direction_flip,1,LOW_PRESSURE_EXPANDED,100,733818,733824,2022-04-27T17:30:00Z,2022-04-30T17:30:00Z,16.93336612350938,0.2154441016294425,0.9668421855921856,0.96285485347985345
EMFC-864,direction_flip,1,LOW_PRESSURE_EXPANDED,100,735357,735363,2022-05-07T21:05:00Z,2022-05-10T21:05:00Z,16.842656465892691,0.17556443763079485,0.95688339438339443,0.92000534188034189
EMFC-864,direction_flip,1,LOW_PRESSURE_EXPANDED,100,736231,736237,2022-05-13T19:05:00Z,2022-05-16T19:05:00Z,16.684231224540127,0.16132356579834919,0.91861263736263732,0.90212912087912089
EMFC-864,direction_flip,-1,HIGH_PRESSURE_COMPRESSED,100,737016,737022,2022-05-19T10:05:00Z,2022-05-22T10:05:00Z,13.661350711428335,-0.10921308497331624,0.063911782661782657,0.081635378510378512
EMFC-864,direction_flip,-1,HIGH_PRESSURE_COMPRESSED,100,737470,737476,2022-05-22T23:15:00Z,2022-05-25T23:15:00Z,13.602214609454609,-0.14790262992349543,0.060744810744810744,0.044032356532356536
EMFC-864,direction_flip,-1,HIGH_PRESSURE_COMPRESSED,100,738922,738928,2022-06-02T02:50:00Z,2022-06-05T02:50:00Z,13.091524716492975,-0.10378928191634107,0.038194444444444448,0.099378052503052497
EMFC-864,direction_flip,1,LOW_PRESSURE_EXPANDED,100,739870,739876,2022-06-08T13:35:00Z,2022-06-11T13:35:00Z,16.786946757795963,0.15655634890792824,0.93005952380952384,0.91090506715506714
EMFC-864,direction_flip,-1,HIGH_PRESSURE_COMPRESSED,100,740518,740524,2022-06-12T22:40:00Z,2022-06-15T22:40:00Z,14.01567612587098,-0.11905629878681291,0.09058302808302808,0.078525641025641024
EMFC-864,direction_flip,1,LOW_PRESSURE_EXPANDED,100,740968,740974,2022-06-16T00:20:00Z,2022-06-19T00:20:00Z,16.894532922269654,0.15433680825919138,0.9486416361416361,0.90298763736263732
EMFC-864,direction_flip,1,LOW_PRESSURE_EXPANDED,100,741354,741360,2022-06-19T01:15:00Z,2022-06-22T01:15:00Z,17.435588497281401,0.16038395527605354,0.99660409035409037,0.91157280219780223
EMFC-864,direction_flip,-1,HIGH_PRESSURE_COMPRESSED,100,741881,741887,2022-06-22T21:20:00Z,2022-06-25T21:20:00Z,13.565990946606842,-0.11910068569268285,0.059218559218559216,0.086423992673992672
EMFC-864,direction_flip,1,LOW_PRESSURE_EXPANDED,100,742680,742686,2022-06-28T11:35:00Z,2022-07-01T11:35:00Z,17.057402937964401,0.18152187662339034,0.96913156288156288,0.93528693528693529
EMFC-864,direction_flip,1,LOW_PRESSURE_EXPANDED,100,743140,743146,2022-07-01T11:40:00Z,2022-07-04T11:40:00Z,16.874189555168169,0.19920325416247064,0.93605006105006106,0.95360195360195366
EMFC-864,direction_flip,-1,HIGH_PRESSURE_COMPRESSED,100,743708,743714,2022-07-05T13:40:00Z,2022-07-08T13:40:00Z,11.200417771082792,-0.14024008891444589,0.007516788766788767,0.056852869352869352
EMFC-864,direction_flip,-1,HIGH_PRESSURE_COMPRESSED,100,744313,744319,2022-07-09T22:40:00Z,2022-07-12T22:40:00Z,13.164504821068588,-0.1340208561510379,0.039568070818070816,0.071256868131868129
EMFC-864,direction_flip,-1,HIGH_PRESSURE_COMPRESSED,100,744837,744843,2022-07-13T17:35:00Z,2022-07-16T17:35:00Z,13.550562759043824,-0.1366411356908582,0.056280525030525032,0.069826007326007328
EMFC-864,direction_flip,-1,HIGH_PRESSURE_COMPRESSED,100,745342,745348,2022-07-17T12:45:00Z,2022-07-20T12:45:00Z,13.918150175333334,-0.13053106279977053,0.076159951159951153,0.085584554334554336
EMFC-864,direction_flip,-1,HIGH_PRESSURE_COMPRESSED,100,745802,745808,2022-07-21T01:45:00Z,2022-07-24T01:45:00Z,14.092187293239375,-0.14323416808590775,0.088827838827838831,0.072611416361416367
EMFC-864,direction_flip,1,LOW_PRESSURE_EXPANDED,100,746237,746243,2022-07-24T03:35:00Z,2022-07-27T03:35:00Z,17.092558380600416,0.20299376206349315,0.95741758241758246,0.97103937728937728
EMFC-864,direction_flip,1,LOW_PRESSURE_EXPANDED,100,746843,746849,2022-07-27T23:00:00Z,2022-07-30T23:00:00Z,16.85733239997861,0.2195666228238673,0.90319749694749696,0.97821275946275943
EMFC-864,direction_flip,-1,HIGH_PRESSURE_COMPRESSED,100,747267,747273,2022-07-31T01:40:00Z,2022-08-03T01:40:00Z,13.75285399815937,-0.13993584029751666,0.063034188034188032,0.077953296703296704
EMFC-864,direction_flip,1,LOW_PRESSURE_EXPANDED,100,748089,748095,2022-08-05T16:05:00Z,2022-08-08T16:05:00Z,17.255267536854831,0.16234247447864228,0.97878510378510375,0.93234890109890112
EMFC-864,direction_flip,-1,HIGH_PRESSURE_COMPRESSED,100,749349,749355,2022-08-14T07:35:00Z,2022-08-17T07:35:00Z,13.468706733820804,-0.13343763822971663,0.051320207570207568,0.081311050061050064
EMFC-864,direction_flip,-1,HIGH_PRESSURE_COMPRESSED,100,749900,749906,2022-08-18T05:50:00Z,2022-08-21T05:50:00Z,14.157830662427088,-0.1908131784834603,0.096382783882783887,0.025106837606837608
EMFC-864,direction_flip,1,LOW_PRESSURE_EXPANDED,100,750847,750853,2022-08-24T06:15:00Z,2022-08-27T06:15:00Z,17.193396425380531,0.20201419013969066,0.97008547008547008,0.9741681929181929
EMFC-864,direction_flip,1,LOW_PRESSURE_EXPANDED,100,751842,751848,2022-08-30T14:05:00Z,2022-09-02T14:05:00Z,16.898010720533769,0.17221282264566681,0.90964590964590963,0.93971306471306471
EMFC-864,direction_flip,-1,HIGH_PRESSURE_COMPRESSED,100,752342,752348,2022-09-03T03:15:00Z,2022-09-06T03:15:00Z,14.109994942145493,-0.14942524681992686,0.093101343101343104,0.056356837606837608
EMFC-864,direction_flip,-1,HIGH_PRESSURE_COMPRESSED,100,753207,753213,2022-09-09T00:05:00Z,2022-09-12T00:05:00Z,12.808189474740448,-0.13229938401348429,0.029418498168498168,0.080090048840048847
EMFC-864,direction_flip,-1,HIGH_PRESSURE_COMPRESSED,100,754027,754033,2022-09-14T08:50:00Z,2022-09-17T08:50:00Z,12.132980311287769,-0.12385346216699779,0.01617826617826618,0.092376373626373631
EMFC-864,direction_flip,1,LOW_PRESSURE_EXPANDED,100,754495,754501,2022-09-17T15:35:00Z,2022-09-20T15:35:00Z,17.007358559759265,0.18366245539679615,0.93826312576312576,0.94459706959706957
EMFC-864,direction_flip,-1,HIGH_PRESSURE_COMPRESSED,100,755283,755289,2022-09-23T03:20:00Z,2022-09-26T03:20:00Z,13.886867033936081,-0.14594568213653453,0.072573260073260079,0.067822802197802193
EMFC-864,direction_flip,-1,HIGH_PRESSURE_COMPRESSED,100,755902,755908,2022-09-27T13:15:00Z,2022-09-30T13:15:00Z,11.312851258239963,-0.12532489457738921,0.007020757020757021,0.097661019536019536
EMFC-864,direction_flip,1,LOW_PRESSURE_EXPANDED,100,756451,756457,2022-10-01T04:15:00Z,2022-10-04T04:15:00Z,16.910467113946261,0.18182168175230359,0.90987484737484736,0.94471153846153844
EMFC-864,direction_flip,1,LOW_PRESSURE_EXPANDED,100,757165,757171,2022-10-05T09:30:00Z,2022-10-08T09:30:00Z,16.905109151276353,0.32179054208523061,0.90804334554334554,0.99801587301587302
EMFC-864,direction_flip,-1,HIGH_PRESSURE_COMPRESSED,100,758423,758429,2022-10-13T07:15:00Z,2022-10-16T07:15:00Z,13.591989435379002,-0.12438342729003191,0.057692307692307696,0.09394078144078144
EMFC-864,direction_flip,-1,HIGH_PRESSURE_COMPRESSED,100,760145,760151,2022-10-25T00:05:00Z,2022-10-28T00:05:00Z,12.59559128180865,-0.14493693477101008,0.02338980463980464,0.068624084249084255
EMFC-864,direction_flip,-1,HIGH_PRESSURE_COMPRESSED,100,760602,760608,2022-10-28T07:05:00Z,2022-10-31T07:05:00Z,13.731940887864571,-0.13685918271719735,0.063835470085470081,0.080929487179487183
EMFC-864,direction_flip,1,LOW_PRESSURE_EXPANDED,100,761185,761191,2022-11-01T02:05:00Z,2022-11-04T02:05:00Z,17.038670472999524,0.24103176227528744,0.94085775335775335,0.973519536019536
EMFC-864,direction_flip,-1,HIGH_PRESSURE_COMPRESSED,100,761789,761795,2022-11-05T10:40:00Z,2022-11-08T10:40:00Z,14.109411503079881,-0.17585625726952406,0.090315934065934064,0.041895604395604392
EMFC-864,direction_flip,1,LOW_PRESSURE_EXPANDED,100,762377,762383,2022-11-09T08:50:00Z,2022-11-12T08:50:00Z,17.195776054959087,0.15749236816466133,0.96989468864468864,0.90006868131868134
EMFC-864,direction_flip,1,LOW_PRESSURE_EXPANDED,100,762827,762833,2022-11-12T09:35:00Z,2022-11-15T09:35:00Z,17.297963019771679,0.2806181916190652,0.98137973137973133,0.98824786324786329
EMFC-864,direction_flip,1,LOW_PRESSURE_EXPANDED,100,763307,763313,2022-11-15T20:35:00Z,2022-11-18T20:35:00Z,17.008278601362818,0.16676321787810205,0.93059371184371187,0.90939789377289382
EMFC-864,direction_flip,1,LOW_PRESSURE_EXPANDED,100,763949,763955,2022-11-20T06:55:00Z,2022-11-23T06:55:00Z,16.973913569492549,0.16770884442610914,0.91140109890109888,0.91130570818070822
EMFC-864,direction_flip,-1,HIGH_PRESSURE_COMPRESSED,100,764704,764710,2022-11-25T23:30:00Z,2022-11-28T23:30:00Z,0,-0.15217730543273564,0.0013163919413919415,0.06110729548229548
EMFC-864,direction_flip,-1,HIGH_PRESSURE_COMPRESSED,100,765382,765388,2022-12-01T04:35:00Z,2022-12-04T04:35:00Z,13.729342461677142,-0.12758667441599231,0.061431623931623928,0.09748931623931624
EMFC-864,direction_flip,1,LOW_PRESSURE_EXPANDED,100,766123,766129,2022-12-06T12:10:00Z,2022-12-09T12:10:00Z,17.100191389139027,0.17916653910065453,0.92528998778998783,0.92418345543345548
EMFC-864,direction_flip,1,LOW_PRESSURE_EXPANDED,100,767296,767302,2022-12-14T02:00:00Z,2022-12-17T02:00:00Z,17.077204157258443,0.24521875896606735,0.92105463980463975,0.97451159951159949
EMFC-864,direction_flip,-1,HIGH_PRESSURE_COMPRESSED,100,767718,767724,2022-12-17T03:15:00Z,2022-12-20T03:15:00Z,14.061682117671518,-0.14842000511827322,0.082493894993894992,0.064560439560439567
EMFC-864,direction_flip,-1,HIGH_PRESSURE_COMPRESSED,100,768676,768682,2022-12-24T00:05:00Z,2022-12-27T00:05:00Z,13.797580775798291,-0.12817331372298282,0.064102564102564097,0.092376373626373631
EMFC-864,direction_flip,-1,HIGH_PRESSURE_COMPRESSED,100,769036,769042,2022-12-27T01:35:00Z,2022-12-30T01:35:00Z,13.274856112171344,-0.13069194854929675,0.038308913308913312,0.095943986568986575
EMFC-864,direction_flip,1,LOW_PRESSURE_EXPANDED,100,769637,769643,2022-12-31T04:05:00Z,2023-01-03T04:05:00Z,17.0401139489652,0.16766942546164024,0.90754731379731379,0.90588751526251521
EMFC-864,direction_flip,1,LOW_PRESSURE_EXPANDED,100,770727,770733,2023-01-07T02:10:00Z,2023-01-10T02:10:00Z,17.049943343360482,0.33226111584974827,0.91491147741147738,0.99687118437118438
EMFC-864,direction_flip,1,LOW_PRESSURE_EXPANDED,100,771832,771838,2023-01-14T05:45:00Z,2023-01-17T05:45:00Z,17.266614781666288,0.18791718315111447,0.96527777777777779,0.9212263431013431
EMFC-864,direction_flip,-1,HIGH_PRESSURE_COMPRESSED,100,772848,772854,2023-01-20T22:45:00Z,2023-01-23T22:45:00Z,13.540380050682307,-0.12719049824447512,0.051854395604395608,0.080051892551892545
EMFC-864,direction_flip,1,LOW_PRESSURE_EXPANDED,100,773628,773634,2023-01-26T03:35:00Z,2023-01-29T03:35:00Z,17.022836175258782,0.20327965138543214,0.92021520146520142,0.93307387057387059
EMFC-864,direction_flip,-1,HIGH_PRESSURE_COMPRESSED,100,774903,774909,2023-02-03T23:10:00Z,2023-02-06T23:10:00Z,14.132587341525483,-0.12060866942019806,0.091079059829059825,0.094341422466422464
EMFC-864,direction_flip,1,LOW_PRESSURE_EXPANDED,100,776441,776447,2023-02-14T05:35:00Z,2023-02-17T05:35:00Z,17.260876807113757,0.18068290012544608,0.96543040293040294,0.91033272283272282
EMFC-864,direction_flip,1,LOW_PRESSURE_EXPANDED,100,776946,776952,2023-02-17T06:45:00Z,2023-02-20T06:45:00Z,17.393178440104393,0.22577200266790173,0.98137973137973133,0.95058760683760679
EMFC-864,direction_flip,1,LOW_PRESSURE_EXPANDED,100,777716,777722,2023-02-22T01:50:00Z,2023-02-25T01:50:00Z,16.995358943800547,0.19571079391297067,0.90128968253968256,0.9228289072039072
EMFC-864,direction_flip,-1,HIGH_PRESSURE_COMPRESSED,100,778544,778550,2023-02-27T21:25:00Z,2023-03-02T21:25:00Z,14.224259601382908,-0.12852513218828565,0.084210927960927967,0.084134615384615391
EMFC-864,direction_flip,1,LOW_PRESSURE_EXPANDED,100,779210,779216,2023-03-04T05:00:00Z,2023-03-07T05:00:00Z,17.192257481880873,0.21967042294644462,0.94845085470085466,0.94761141636141633
EMFC-864,direction_flip,1,LOW_PRESSURE_EXPANDED,100,779733,779739,2023-03-07T16:00:00Z,2023-03-10T16:00:00Z,17.156125175267292,0.18298177468983409,0.93811050061050061,0.90640262515262515
EMFC-864,direction_flip,1,LOW_PRESSURE_EXPANDED,100,780285,780291,2023-03-11T13:35:00Z,2023-03-14T13:35:00Z,17.410839181211522,0.21150323015753475,0.97710622710622708,0.94288003663003661
EMFC-864,direction_flip,-1,HIGH_PRESSURE_COMPRESSED,100,781098,781104,2023-03-16T23:15:00Z,2023-03-19T23:15:00Z,0,-0.13860184943762824,0.0014308608058608058,0.064503205128205135
EMFC-864,direction_flip,1,LOW_PRESSURE_EXPANDED,100,781946,781952,2023-03-22T12:25:00Z,2023-03-25T12:25:00Z,17.314608488797973,0.19350384619652405,0.95459401709401714,0.92342032967032972
EMFC-864,direction_flip,1,LOW_PRESSURE_EXPANDED,100,783518,783524,2023-04-01T23:40:00Z,2023-04-04T23:40:00Z,17.803298778702654,0.19642048117345628,0.99721459096459097,0.93103250915750912
EMFC-864,direction_flip,1,LOW_PRESSURE_EXPANDED,100,783997,784003,2023-04-05T07:40:00Z,2023-04-08T07:40:00Z,17.441022804684781,0.17457166493389512,0.97149725274725274,0.90556318681318682
EMFC-864,direction_flip,-1,HIGH_PRESSURE_COMPRESSED,100,784765,784771,2023-04-10T13:15:00Z,2023-04-13T13:15:00Z,14.683495528327084,-0.11468193591689177,0.094474969474969472,0.094246031746031744
EMFC-864,direction_flip,1,LOW_PRESSURE_EXPANDED,100,785499,785505,2023-04-15T12:00:00Z,2023-04-18T12:00:00Z,17.293816778481911,0.17161903366081899,0.9375,0.90617368742368742
EMFC-864,direction_flip,-1,HIGH_PRESSURE_COMPRESSED,100,786294,786300,2023-04-21T01:00:00Z,2023-04-24T01:00:00Z,14.236903475687988,-0.1149939646260643,0.049679487179487176,0.099072802197802193
EMFC-864,direction_flip,-1,HIGH_PRESSURE_COMPRESSED,100,787133,787139,2023-04-27T01:35:00Z,2023-04-30T01:35:00Z,14.671746780477001,-0.13001898132373474,0.081807081807081808,0.0740995115995116
EMFC-864,direction_flip,1,LOW_PRESSURE_EXPANDED,100,787799,787805,2023-05-01T16:20:00Z,2023-05-04T16:20:00Z,17.483915226934549,0.17707534227400154,0.96958943833943834,0.91317536630036633
EMFC-864,direction_flip,1,LOW_PRESSURE_EXPANDED,100,788520,788526,2023-05-06T16:15:00Z,2023-05-09T16:15:00Z,18.682058368004085,0.18446384986598813,0.99465811965811968,0.92053952991452992
EMFC-864,direction_flip,1,LOW_PRESSURE_EXPANDED,100,788946,788952,2023-05-09T17:55:00Z,2023-05-12T17:55:00Z,19.803348228399315,0.17663774032565702,0.99500152625152627,0.90762362637362637
EMFC-864,direction_flip,1,LOW_PRESSURE_EXPANDED,100,789709,789715,2023-05-14T17:40:00Z,2023-05-17T17:40:00Z,18.414314995500298,0.17417483165818612,0.95806623931623935,0.90314026251526247
EMFC-864,direction_flip,1,LOW_PRESSURE_EXPANDED,100,790188,790194,2023-05-17T18:20:00Z,2023-05-20T18:20:00Z,18.007646733837088,0.20166748839149229,0.9391025641025641,0.93885454822954828
EMFC-864,direction_flip,1,LOW_PRESSURE_EXPANDED,100,790689,790695,2023-05-21T07:30:00Z,2023-05-24T07:30:00Z,18.79875467561979,0.17944569604849037,0.9713064713064713,0.90873015873015872
EMFC-864,direction_flip,1,LOW_PRESSURE_EXPANDED,100,791385,791391,2023-05-25T23:45:00Z,2023-05-28T23:45:00Z,17.856032630078097,0.18470439349574858,0.91250763125763124,0.91597985347985345
EMFC-864,direction_flip,1,LOW_PRESSURE_EXPANDED,100,791997,792003,2023-05-29T23:15:00Z,2023-06-01T23:15:00Z,17.920686317088517,0.24128630695985986,0.91147741147741146,0.97195512820512819
EMFC-864,direction_flip,1,LOW_PRESSURE_EXPANDED,100,792493,792499,2023-06-02T08:15:00Z,2023-06-05T08:15:00Z,17.896991183402761,0.18673126528265474,0.90335012210012211,0.91821199633699635
EMFC-864,direction_flip,1,LOW_PRESSURE_EXPANDED,100,793097,793103,2023-06-06T13:05:00Z,2023-06-09T13:05:00Z,18.25277780547836,0.17807060490641691,0.93849206349206349,0.90708943833943834
EMFC-864,direction_flip,1,LOW_PRESSURE_EXPANDED,100,793547,793553,2023-06-09T13:20:00Z,2023-06-12T13:20:00Z,18.230919791347702,0.18731399831699869,0.93318833943833945,0.9221993284493285
EMFC-864,direction_flip,-1,HIGH_PRESSURE_COMPRESSED,100,797475,797481,2023-07-06T22:50:00Z,2023-07-09T22:50:00Z,15.397174931625258,-0.12683820983405603,0.090926434676434673,0.073775183150183152
EMFC-864,direction_flip,-1,HIGH_PRESSURE_COMPRESSED,100,798336,798342,2023-07-12T05:25:00Z,2023-07-15T05:25:00Z,15.370472432240527,-0.11954444642418256,0.079899267399267393,0.083333333333333329
EMFC-864,direction_flip,-1,HIGH_PRESSURE_COMPRESSED,100,798800,798806,2023-07-15T18:00:00Z,2023-07-18T18:00:00Z,0,-0.1406021689960317,0.0013927045177045177,0.062385531135531136
EMFC-864,direction_flip,-1,HIGH_PRESSURE_COMPRESSED,100,799657,799663,2023-07-21T19:50:00Z,2023-07-24T19:50:00Z,0,-0.20362088482534585,0.0013927045177045177,0.022397741147741148
EMFC-864,direction_flip,-1,HIGH_PRESSURE_COMPRESSED,100,800270,800276,2023-07-26T03:50:00Z,2023-07-29T03:50:00Z,15.593478864779883,-0.12752799155283859,0.084859584859584863,0.081463675213675216
EMFC-864,direction_flip,-1,HIGH_PRESSURE_COMPRESSED,100,800816,800822,2023-07-30T02:25:00Z,2023-08-02T02:25:00Z,15.619526113588496,-0.13048718037540591,0.080280830280830287,0.073031135531135535
EMFC-864,direction_flip,-1,HIGH_PRESSURE_COMPRESSED,100,801716,801722,2023-08-05T06:05:00Z,2023-08-08T06:05:00Z,15.726710059641331,-0.17227122094045313,0.094398656898656896,0.039377289377289376
EMFC-864,direction_flip,-1,HIGH_PRESSURE_COMPRESSED,100,802290,802296,2023-08-09T04:05:00Z,2023-08-12T04:05:00Z,15.753435193220001,-0.17152739779571466,0.098366910866910864,0.041208791208791208
EMFC-864,direction_flip,-1,HIGH_PRESSURE_COMPRESSED,100,802959,802965,2023-08-13T15:35:00Z,2023-08-16T15:35:00Z,15.753640951619332,-0.15462199731114967,0.095924908424908431,0.054906898656898656
EMFC-864,direction_flip,-1,HIGH_PRESSURE_COMPRESSED,100,803804,803810,2023-08-19T00:45:00Z,2023-08-22T00:45:00Z,15.708082918061564,-0.12763068430355426,0.079288766788766785,0.086004273504273504
EMFC-864,direction_flip,-1,HIGH_PRESSURE_COMPRESSED,100,804747,804753,2023-08-25T08:55:00Z,2023-08-28T08:55:00Z,15.740256167026896,-0.12323481433462875,0.080547924297924303,0.087187118437118433
EMFC-864,direction_flip,-1,HIGH_PRESSURE_COMPRESSED,100,805138,805144,2023-08-28T11:15:00Z,2023-08-31T11:15:00Z,15.671586336142601,-0.13224097706304058,0.059752747252747256,0.080872252747252751
EMFC-864,direction_flip,-1,HIGH_PRESSURE_COMPRESSED,100,810672,810678,2023-10-05T04:30:00Z,2023-10-08T04:30:00Z,15.607475839344888,-0.13858733975604284,0.036210317460317464,0.078945360195360192
EMFC-864,direction_flip,-1,HIGH_PRESSURE_COMPRESSED,100,812986,812992,2023-10-20T07:35:00Z,2023-10-23T07:35:00Z,15.019957449892921,-0.13037015116185496,0.011141636141636142,0.086061507936507936
EMFC-864,direction_flip,-1,HIGH_PRESSURE_COMPRESSED,100,813658,813664,2023-10-24T21:10:00Z,2023-10-27T21:10:00Z,15.71246632936786,-0.1698974742941767,0.06662087912087912,0.042811355311355312
EMFC-864,direction_flip,-1,HIGH_PRESSURE_COMPRESSED,100,814448,814454,2023-10-30T04:55:00Z,2023-11-02T04:55:00Z,15.802191317362556,-0.13019458165782657,0.096840659340659344,0.084306318681318687
EMFC-864,direction_flip,-1,HIGH_PRESSURE_COMPRESSED,100,814951,814957,2023-11-02T12:15:00Z,2023-11-05T12:15:00Z,15.364901606647601,-0.13362722136613545,0.029800061050061052,0.071600274725274721
EMFC-864,direction_flip,1,LOW_PRESSURE_EXPANDED,100,815439,815445,2023-11-05T16:10:00Z,2023-11-08T16:10:00Z,17.736502660517946,0.20901466905011667,0.90098443223443225,0.94955738705738701
EMFC-864,direction_flip,1,LOW_PRESSURE_EXPANDED,100,815869,815875,2023-11-08T17:45:00Z,2023-11-11T17:45:00Z,18.470407888066575,0.16877374424868608,0.99240689865689868,0.90144230769230771
EMFC-864,direction_flip,1,LOW_PRESSURE_EXPANDED,100,816372,816378,2023-11-12T03:05:00Z,2023-11-15T03:05:00Z,18.48386606555329,0.17377815579666053,0.98687423687423692,0.91210699023199027
EMFC-864,direction_flip,1,LOW_PRESSURE_EXPANDED,100,817437,817443,2023-11-19T08:30:00Z,2023-11-22T08:30:00Z,19.497852923983199,0.17970498301080062,0.99820665445665446,0.91971916971916967
EMFC-864,direction_flip,1,LOW_PRESSURE_EXPANDED,100,818122,818128,2023-11-23T18:30:00Z,2023-11-26T18:30:00Z,18.377265650672374,0.17187629893241602,0.95043498168498164,0.90493360805860801
EMFC-864,direction_flip,-1,HIGH_PRESSURE_COMPRESSED,100,819060,819066,2023-11-30T05:05:00Z,2023-12-03T05:05:00Z,0,-0.15775844970627234,0.0010874542124542125,0.0438034188034188
EMFC-864,direction_flip,1,LOW_PRESSURE_EXPANDED,100,819607,819613,2023-12-03T21:55:00Z,2023-12-06T21:55:00Z,18.003047650261511,0.18775629828400026,0.90411324786324787,0.92830433455433459
EMFC-864,direction_flip,-1,HIGH_PRESSURE_COMPRESSED,100,820137,820143,2023-12-07T16:10:00Z,2023-12-10T16:10:00Z,0,-0.14314750921848493,0.001201923076923077,0.063644688644688641
EMFC-864,direction_flip,1,LOW_PRESSURE_EXPANDED,100,821354,821360,2023-12-15T22:45:00Z,2023-12-18T22:45:00Z,19.509539326168795,0.1811023003892252,0.99503968253968256,0.92246642246642252
EMFC-864,direction_flip,1,LOW_PRESSURE_EXPANDED,100,821848,821854,2023-12-19T02:20:00Z,2023-12-22T02:20:00Z,19.315371041122621,0.17264849209826752,0.97523656898656896,0.90764270451770457
EMFC-864,direction_flip,1,LOW_PRESSURE_EXPANDED,100,822483,822489,2023-12-23T03:35:00Z,2023-12-26T03:35:00Z,19.164449154114909,0.17070924146578864,0.94799297924297921,0.90096535409035405
EMFC-864,direction_flip,1,LOW_PRESSURE_EXPANDED,100,823010,823016,2023-12-26T13:15:00Z,2023-12-29T13:15:00Z,18.879198341822782,0.1739169744501442,0.91823107448107444,0.90119429181929178
EMFC-864,direction_flip,1,LOW_PRESSURE_EXPANDED,100,823654,823660,2023-12-31T05:25:00Z,2024-01-03T05:25:00Z,19.240827402429559,0.17128270967873827,0.95173229548229543,0.90035485347985345
EMFC-864,fee_only,1,LOW_PRESSURE_EXPANDED,100,663783,663789,2020-12-31T08:05:00Z,2021-01-03T08:05:00Z,0,0.10425002137379911,0.0028044871794871795,0.77833104395604391
EMFC-864,fee_only,1,LOW_PRESSURE_EXPANDED,100,664344,664350,2021-01-03T23:05:00Z,2021-01-06T23:05:00Z,16.332824780107508,0.10536051565782628,0.097260378510378512,0.78746947496947495
EMFC-864,fee_only,1,LOW_PRESSURE_EXPANDED,100,664996,665002,2021-01-07T20:20:00Z,2021-01-10T20:20:00Z,16.301477811779595,0.15301521360198053,0.089934371184371184,0.88081883394383398
EMFC-864,fee_only,-1,HIGH_PRESSURE_COMPRESSED,100,665684,665690,2021-01-12T08:20:00Z,2021-01-15T08:20:00Z,18.739297574496739,0.061804484247116945,0.90674603174603174,0.63747710622710618
EMFC-864,fee_only,-1,HIGH_PRESSURE_COMPRESSED,100,666132,666138,2021-01-15T09:00:00Z,2021-01-18T09:00:00Z,18.76787509273484,0.0050292923825945848,0.91464438339438336,0.41142017704517703
EMFC-864,fee_only,1,LOW_PRESSURE_EXPANDED,100,666613,666619,2021-01-18T16:40:00Z,2021-01-21T16:40:00Z,16.222737968773806,0.11998545921158349,0.074786324786324784,0.80956196581196582
EMFC-864,fee_only,1,LOW_PRESSURE_EXPANDED,100,667027,667033,2021-01-21T17:15:00Z,2021-01-24T17:15:00Z,0,-0.15602035945790974,0.002938034188034188,0.064942002442002447
EMFC-864,fee_only,1,LOW_PRESSURE_EXPANDED,100,667466,667472,2021-01-24T17:25:00Z,2021-01-27T17:25:00Z,15.787476849510718,0.098660786823970267,0.043841575091575088,0.75213675213675213
EMFC-864,fee_only,1,LOW_PRESSURE_EXPANDED,100,667916,667922,2021-01-27T18:40:00Z,2021-01-30T18:40:00Z,16.281252821736789,-0.037536603528725766,0.081272893772893776,0.27424832112332115
EMFC-864,fee_only,-1,HIGH_PRESSURE_COMPRESSED,100,668356,668362,2021-01-30T18:55:00Z,2021-02-02T18:55:00Z,19.0345889458454,0.016502080099506284,0.96802503052503053,0.4475351037851038
EMFC-864,fee_only,-1,HIGH_PRESSURE_COMPRESSED,100,668771,668777,2021-02-02T19:25:00Z,2021-02-05T19:25:00Z,18.749934151698465,0.0034225168013298514,0.92097832722832718,0.40537240537240538
EMFC-864,fee_only,1,LOW_PRESSURE_EXPANDED,100,669260,669266,2021-02-05T21:40:00Z,2021-02-08T21:40:00Z,16.391764165569327,0.14263941165525001,0.089590964590964592,0.86046245421245426
EMFC-864,fee_only,1,LOW_PRESSURE_EXPANDED,100,669742,669748,2021-02-08T22:10:00Z,2021-02-11T22:10:00Z,15.334303810112319,0.12999479661618721,0.024381868131868132,0.83047161172161177
EMFC-864,fee_only,-1,HIGH_PRESSURE_COMPRESSED,100,670174,670180,2021-02-12T00:30:00Z,2021-02-15T00:30:00Z,18.807661592535528,-0.10526051065749294,0.94013278388278387,0.13551205738705738
EMFC-864,fee_only,1,LOW_PRESSURE_EXPANDED,100,670634,670640,2021-02-15T03:05:00Z,2021-02-18T03:05:00Z,16.438507754122998,0.0054146327014988416,0.091727716727716721,0.40663156288156288
EMFC-864,fee_only,-1,HIGH_PRESSURE_COMPRESSED,100,671078,671084,2021-02-18T07:00:00Z,2021-02-21T07:00:00Z,18.722394448494573,0.054016296641030768,0.90773809523809523,0.59995039682539686
EMFC-864,fee_only,1,LOW_PRESSURE_EXPANDED,100,671508,671514,2021-02-21T07:00:00Z,2021-02-24T07:00:00Z,0,0.01751923621893791,0.0025755494505494505,0.45577686202686202
EMFC-864,fee_only,-1,HIGH_PRESSURE_COMPRESSED,100,671914,671920,2021-02-24T08:35:00Z,2021-02-27T08:35:00Z,18.835583292331901,-0.048440896833490191,0.94341422466422464,0.24490613553113552
EMFC-864,fee_only,-1,HIGH_PRESSURE_COMPRESSED,100,672380,672386,2021-02-27T08:50:00Z,2021-03-02T08:50:00Z,18.811091386780632,0.024873462276023408,0.93192918192918195,0.48258165445665446
EMFC-864,fee_only,-1,HIGH_PRESSURE_COMPRESSED,100,672811,672817,2021-03-02T12:05:00Z,2021-03-05T12:05:00Z,18.742293320660696,-0.020815186380585535,0.90502899877899878,0.3260454822954823
EMFC-864,fee_only,-1,HIGH_PRESSURE_COMPRESSED,100,673239,673245,2021-03-05T12:30:00Z,2021-03-08T12:30:00Z,18.819360094127017,-0.061408628128643422,0.93444749694749696,0.21207264957264957
EMFC-864,fee_only,1,LOW_PRESSURE_EXPANDED,100,673708,673714,2021-03-08T15:35:00Z,2021-03-11T15:35:00Z,16.579276536510474,0.076575115614963038,0.099664224664224671,0.68536324786324787
EMFC-864,fee_only,1,LOW_PRESSURE_EXPANDED,100,674287,674293,2021-03-12T16:45:00Z,2021-03-15T16:45:00Z,0,0.019556657549218294,0.0025755494505494505,0.47268009768009767
EMFC-864,fee_only,1,LOW_PRESSURE_EXPANDED,100,674765,674771,2021-03-15T20:45:00Z,2021-03-18T20:45:00Z,16.618227155929457,0.084777510292406891,0.099053724053724049,0.72743055555555558
EMFC-864,fee_only,1,LOW_PRESSURE_EXPANDED,100,675191,675197,2021-03-18T20:50:00Z,2021-03-21T20:50:00Z,0,-0.056474846927978987,0.0025946275946275945,0.23202838827838829
EMFC-864,fee_only,1,LOW_PRESSURE_EXPANDED,100,675653,675659,2021-03-21T20:50:00Z,2021-03-24T20:50:00Z,16.572043637933383,0.040665756726015016,0.085927960927960928,0.57625534188034189
EMFC-864,fee_only,1,LOW_PRESSURE_EXPANDED,100,676125,676131,2021-03-24T21:55:00Z,2021-03-27T21:55:00Z,16.051085384239617,0.15095855785181517,0.043307387057387056,0.90039300976800973
EMFC-864,fee_only,1,LOW_PRESSURE_EXPANDED,100,676584,676590,2021-03-27T22:50:00Z,2021-03-30T22:50:00Z,16.664143234277699,0.11496201846968164,0.094856532356532353,0.81980692918192921
EMFC-864,fee_only,1,LOW_PRESSURE_EXPANDED,100,677056,677062,2021-03-31T01:40:00Z,2021-04-03T01:40:00Z,16.690033833950512,0.10376918989596493,0.099091880341880337,0.78809905372405376
EMFC-864,fee_only,1,LOW_PRESSURE_EXPANDED,100,677519,677525,2021-04-03T05:25:00Z,2021-04-06T05:25:00Z,16.456874012143313,-0.052513383109838968,0.069711538461538464,0.2244162087912088
EMFC-864,fee_only,1,LOW_PRESSURE_EXPANDED,100,677965,677971,2021-04-06T06:25:00Z,2021-04-09T06:25:00Z,16.649740208935032,0.081047378853322069,0.092109279609279615,0.71718559218559219
EMFC-864,fee_only,1,LOW_PRESSURE_EXPANDED,100,678413,678419,2021-04-09T10:25:00Z,2021-04-12T10:25:00Z,16.634330219969637,-0.13067732364161613,0.088942307692307696,0.094627594627594624
EMFC-864,fee_only,1,LOW_PRESSURE_EXPANDED,100,678873,678879,2021-04-12T10:40:00Z,2021-04-15T10:40:00Z,16.635770485238819,0.037528811892414131,0.086920024420024417,0.54153311965811968
EMFC-864,fee_only,-1,HIGH_PRESSURE_COMPRESSED,100,679328,679334,2021-04-15T14:20:00Z,2021-04-18T14:20:00Z,18.864566559397041,0.068903589758397873,0.9457799145299145,0.67675900488400487
EMFC-864,fee_only,-1,HIGH_PRESSURE_COMPRESSED,100,679737,679743,2021-04-19T03:50:00Z,2021-04-22T03:50:00Z,18.773681338730434,-0.22530122186800913,0.91411019536019533,0.034913003663003664
EMFC-864,fee_only,-1,HIGH_PRESSURE_COMPRESSED,100,680218,680224,2021-04-23T05:25:00Z,2021-04-26T05:25:00Z,19.474039378620631,0.18040339763805083,0.98836233211233215,0.94871794871794868
EMFC-864,fee_only,-1,HIGH_PRESSURE_COMPRESSED,100,680657,680663,2021-04-26T08:25:00Z,2021-04-29T08:25:00Z,19.07602854997856,0.073485089262477307,0.9502442002442002,0.69421550671550669
EMFC-864,fee_only,1,LOW_PRESSURE_EXPANDED,100,681059,681065,2021-04-29T09:15:00Z,2021-05-02T09:15:00Z,16.520014143922243,-0.087934561834447908,0.065514346764346768,0.15100351037851037
EMFC-864,fee_only,-1,HIGH_PRESSURE_COMPRESSED,100,681479,681485,2021-05-02T09:30:00Z,2021-05-05T09:30:00Z,18.82304402636931,0.11748932879246743,0.92250457875457881,0.82902167277167282
EMFC-864,fee_only,1,LOW_PRESSURE_EXPANDED,100,682019,682025,2021-05-05T10:45:00Z,2021-05-08T10:45:00Z,16.710052608091353,0.16355868554306957,0.088751526251526255,0.90838675213675213
EMFC-864,fee_only,1,LOW_PRESSURE_EXPANDED,100,682536,682542,2021-05-08T11:00:00Z,2021-05-11T11:00:00Z,0,0.3390923327439036,0.002728174603174603,0.99900793650793651
EMFC-864,fee_only,1,LOW_PRESSURE_EXPANDED,100,683109,683115,2021-05-11T15:55:00Z,2021-05-14T15:55:00Z,16.630351751104943,0.18088259259970033,0.08176892551892552,0.92088293650793651
EMFC-864,fee_only,1,LOW_PRESSURE_EXPANDED,100,683593,683599,2021-05-14T19:05:00Z,2021-05-17T19:05:00Z,16.619419455074954,-0.13635033234457042,0.078373015873015872,0.074061355311355312
EMFC-864,fee_only,1,LOW_PRESSURE_EXPANDED,100,684004,684010,2021-05-17T22:00:00Z,2021-05-20T22:00:00Z,16.250314257255827,-0.15918086435231205,0.044452075702075704,0.058054792429792432
EMFC-864,fee_only,-1,HIGH_PRESSURE_COMPRESSED,100,684355,684361,2021-05-21T00:45:00Z,2021-05-24T00:45:00Z,18.913654845218694,-0.18864872023482565,0.95863858363858367,0.046359890109890112
EMFC-864,fee_only,1,LOW_PRESSURE_EXPANDED,100,684720,684726,2021-05-24T04:45:00Z,2021-05-27T04:45:00Z,16.847903491684331,-0.16281305290591092,0.098634004884004881,0.074347527472527472
EMFC-864,fee_only,1,LOW_PRESSURE_EXPANDED,100,685129,685135,2021-05-27T10:55:00Z,2021-05-30T10:55:00Z,16.441492996797709,-0.047233397481180828,0.052541208791208792,0.27775869963369965
EMFC-864,fee_only,1,LOW_PRESSURE_EXPANDED,100,685489,685495,2021-05-30T11:20:00Z,2021-06-02T11:20:00Z,16.681555697397155,-0.069075090329112049,0.075740231990231985,0.24093788156288157
EMFC-864,fee_only,1,LOW_PRESSURE_EXPANDED,100,685924,685930,2021-06-02T12:15:00Z,2021-06-05T12:15:00Z,16.026064569031323,0.021223636451626688,0.028311965811965812,0.49500152625152627
EMFC-864,fee_only,1,LOW_PRESSURE_EXPANDED,100,686354,686360,2021-06-05T12:20:00Z,2021-06-08T12:20:00Z,16.072474031644575,-0.044399587296684515,0.032242063492063495,0.29405143467643469
EMFC-864,fee_only,1,LOW_PRESSURE_EXPANDED,100,686772,686778,2021-06-08T12:20:00Z,2021-06-11T12:20:00Z,16.34014892813963,-0.0919864806123733,0.052884615384615384,0.18982753357753357
EMFC-864,fee_only,1,LOW_PRESSURE_EXPANDED,100,687151,687157,2021-06-11T13:30:00Z,2021-06-14T13:30:00Z,16.71568494603742,-0.29133788182994796,0.095238095238095233,0.021825396825396824
EMFC-864,fee_only,1,LOW_PRESSURE_EXPANDED,100,687544,687550,2021-06-14T13:35:00Z,2021-06-17T13:35:00Z,14.961352746603394,0.059626162109933337,0.010912698412698412,0.63749618437118438
EMFC-864,fee_only,1,LOW_PRESSURE_EXPANDED,100,687928,687934,2021-06-17T14:25:00Z,2021-06-20T14:25:00Z,16.431879440307497,-0.064366631365370588,0.065590659340659344,0.26081730769230771
EMFC-864,fee_only,1,LOW_PRESSURE_EXPANDED,100,688275,688281,2021-06-20T14:55:00Z,2021-06-23T14:55:00Z,16.312008435821362,-0.36464311358790924,0.05933302808302808,0.0064484126984126981
EMFC-864,fee_only,-1,HIGH_PRESSURE_COMPRESSED,100,688593,688599,2021-06-23T18:55:00Z,2021-06-26T18:55:00Z,18.75765067099087,-0.41739367897343821,0.92113095238095233,0.003434065934065934
EMFC-864,fee_only,1,LOW_PRESSURE_EXPANDED,100,688902,688908,2021-06-26T19:25:00Z,2021-06-29T19:25:00Z,16.311051380639761,-0.33414810935712108,0.061240842490842488,0.025564713064713064
EMFC-864,fee_only,1,LOW_PRESSURE_EXPANDED,100,689184,689190,2021-06-30T09:00:00Z,2021-07-03T09:00:00Z,16.613203393482259,-0.45026849967153332,0.095161782661782657,0.0085088522588522581
EMFC-864,fee_only,1,LOW_PRESSURE_EXPANDED,100,689500,689506,2021-07-03T15:00:00Z,2021-07-06T15:00:00Z,0,-0.39182810091850506,0.002670940170940171,0.0277014652014652
EMFC-864,fee_only,1,LOW_PRESSURE_EXPANDED,100,689883,689889,2021-07-06T15:20:00Z,2021-07-09T15:20:00Z,16.025828157485531,-0.1000715537242156,0.041666666666666664,0.24896978021978022
EMFC-864,fee_only,1,LOW_PRESSURE_EXPANDED,100,690292,690298,2021-07-09T16:35:00Z,2021-07-12T16:35:00Z,16.255000646579578,-0.0060317722317189838,0.059409340659340656,0.47269917582417581
EMFC-864,fee_only,1,LOW_PRESSURE_EXPANDED,100,690709,690715,2021-07-12T17:15:00Z,2021-07-15T17:15:00Z,16.510477883581228,-0.18911785400174327,0.091880341880341887,0.1360844017094017
EMFC-864,fee_only,1,LOW_PRESSURE_EXPANDED,100,691141,691147,2021-07-15T17:30:00Z,2021-07-18T17:30:00Z,15.48960617193368,-0.066661266518549769,0.028960622710622712,0.33617597680097683
EMFC-864,fee_only,1,LOW_PRESSURE_EXPANDED,100,691588,691594,2021-07-18T17:50:00Z,2021-07-21T17:50:00Z,12.176664431949588,0.071173819454524903,0.005418192918192918,0.72710622710622708
EMFC-864,fee_only,1,LOW_PRESSURE_EXPANDED,100,692028,692034,2021-07-21T18:15:00Z,2021-07-24T18:15:00Z,15.368033509274349,0.085775777021403973,0.035523504273504272,0.76781898656898662
EMFC-864,fee_only,1,LOW_PRESSURE_EXPANDED,100,692459,692465,2021-07-24T18:40:00Z,2021-07-27T18:40:00Z,15.291182535985362,0.015147479330212496,0.038194444444444448,0.5679372710622711
EMFC-864,fee_only,1,LOW_PRESSURE_EXPANDED,100,692934,692940,2021-07-27T20:00:00Z,2021-07-30T20:00:00Z,15.58013141725465,0.15723877642649142,0.058608058608058608,0.90661248473748479
EMFC-864,fee_only,1,LOW_PRESSURE_EXPANDED,100,693425,693431,2021-07-30T20:05:00Z,2021-08-02T20:05:00Z,13.937253741872295,0.18134203668045443,0.012934981684981684,0.93309294871794868
EMFC-864,fee_only,1,LOW_PRESSURE_EXPANDED,100,693879,693885,2021-08-02T20:05:00Z,2021-08-05T20:05:00Z,13.912492975163589,-0.1218045680737591,0.014766483516483516,0.22144001831501831
EMFC-864,fee_only,1,LOW_PRESSURE_EXPANDED,100,694350,694356,2021-08-05T21:30:00Z,2021-08-08T21:30:00Z,14.27941248462697,0.14262018994240258,0.021672771672771672,0.86717796092796096
EMFC-864,fee_only,1,LOW_PRESSURE_EXPANDED,100,694841,694847,2021-08-08T21:30:00Z,2021-08-11T21:30:00Z,15.433720880051908,0.074328509290761499,0.080204517704517711,0.70415521978021978
EMFC-864,fee_only,1,LOW_PRESSURE_EXPANDED,100,695306,695312,2021-08-11T21:40:00Z,2021-08-14T21:40:00Z,15.047233150611525,0.1289893424171836,0.06063034188034188,0.83443986568986572
EMFC-864,fee_only,1,LOW_PRESSURE_EXPANDED,100,695762,695768,2021-08-14T21:45:00Z,2021-08-17T21:45:00Z,15.389275074070577,0.21072103131565253,0.08905677655677656,0.95676892551892556
EMFC-864,fee_only,1,LOW_PRESSURE_EXPANDED,100,696276,696282,2021-08-17T22:15:00Z,2021-08-20T22:15:00Z,14.130258522111328,0.17264849209826752,0.028083028083028084,0.90846306471306471
EMFC-864,fee_only,1,LOW_PRESSURE_EXPANDED,100,696737,696743,2021-08-20T23:30:00Z,2021-08-23T23:30:00Z,14.251665866876136,0.10166365377650018,0.032661782661782664,0.76266788766788762
EMFC-864,fee_only,1,LOW_PRESSURE_EXPANDED,100,697262,697268,2021-08-23T23:40:00Z,2021-08-26T23:40:00Z,14.290544016384127,0.4400047943829089,0.03628663003663004,0.99988553113553114
EMFC-864,fee_only,1,LOW_PRESSURE_EXPANDED,100,697724,697730,2021-08-26T23:40:00Z,2021-08-29T23:40:00Z,14.247942114302253,-0.014839350196639798,0.037469474969474968,0.42870497557997556
EMFC-864,fee_only,1,LOW_PRESSURE_EXPANDED,100,698176,698182,2021-08-29T23:50:00Z,2021-09-01T23:50:00Z,15.120470940579173,0.017451393613755858,0.098519536019536016,0.50354853479853479
EMFC-864,fee_only,1,LOW_PRESSURE_EXPANDED,100,698588,698594,2021-09-02T00:20:00Z,2021-09-05T00:20:00Z,14.456464565683266,-0.068608353124796184,0.05051892551892552,0.30620421245421248
EMFC-864,fee_only,1,LOW_PRESSURE_EXPANDED,100,699048,699054,2021-09-05T01:05:00Z,2021-09-08T01:05:00Z,14.90378358015356,0.058105921407032371,0.083714896214896209,0.62580128205128205
EMFC-864,fee_only,1,LOW_PRESSURE_EXPANDED,100,699539,699545,2021-09-08T01:20:00Z,2021-09-11T01:20:00Z,14.222306113967338,0.045712405331966605,0.043879731379731376,0.57839209401709402
EMFC-864,fee_only,1,LOW_PRESSURE_EXPANDED,100,699959,699965,2021-09-11T02:15:00Z,2021-09-14T02:15:00Z,14.575362193582501,-0.049409020257542811,0.064674908424908431,0.34050671550671552
EMFC-864,fee_only,1,LOW_PRESSURE_EXPANDED,100,700422,700428,2021-09-14T02:45:00Z,2021-09-17T02:45:00Z,13.601248697403813,0.022177444944703119,0.02583180708180708,0.51167582417582413
EMFC-864,fee_only,1,LOW_PRESSURE_EXPANDED,100,700864,700870,2021-09-17T03:05:00Z,2021-09-20T03:05:00Z,13.513626783708233,-0.075617546458588689,0.024305555555555556,0.28149801587301587
EMFC-864,fee_only,1,LOW_PRESSURE_EXPANDED,100,701331,701337,2021-09-20T03:35:00Z,2021-09-23T03:35:00Z,14.488244805029092,0.11520511136041171,0.065018315018315023,0.77022283272283276
EMFC-864,fee_only,1,LOW_PRESSURE_EXPANDED,100,701755,701761,2021-09-23T04:15:00Z,2021-09-26T04:15:00Z,14.631346499188323,-0.086682156135724373,0.077953296703296704,0.2638888888888889
EMFC-864,fee_only,1,LOW_PRESSURE_EXPANDED,100,702214,702220,2021-09-26T04:25:00Z,2021-09-29T04:25:00Z,13.363502433956713,-0.14518200984449789,0.023237179487179488,0.17292429792429792
EMFC-864,fee_only,1,LOW_PRESSURE_EXPANDED,100,702656,702662,2021-09-29T05:00:00Z,2021-10-02T05:00:00Z,13.387287439715067,0.058936464223309656,0.024267399267399268,0.61941010378510375
EMFC-864,fee_only,1,LOW_PRESSURE_EXPANDED,100,703214,703220,2021-10-02T17:10:00Z,2021-10-05T17:10:00Z,14.325955309207533,0.34084846502219218,0.062767094017094016,0.99381868131868134
EMFC-864,fee_only,1,LOW_PRESSURE_EXPANDED,100,703688,703694,2021-10-05T17:55:00Z,2021-10-08T17:55:00Z,13.645508404741449,0.10271586767604111,0.032585470085470088,0.73220009157509158
EMFC-864,fee_only,1,LOW_PRESSURE_EXPANDED,100,704159,704165,2021-10-09T05:25:00Z,2021-10-12T05:25:00Z,14.598332980938372,-0.085152706286475158,0.089094932844932848,0.27304639804639802
EMFC-864,fee_only,1,LOW_PRESSURE_EXPANDED,100,704699,704705,2021-10-12T20:35:00Z,2021-10-15T20:35:00Z,14.666324515345474,0.0086876283975655857,0.09748931623931624,0.48576770451770451
EMFC-864,fee_only,1,LOW_PRESSURE_EXPANDED,100,705145,705151,2021-10-15T21:30:00Z,2021-10-18T21:30:00Z,13.792680933932562,0.017400514680167335,0.039568070818070816,0.5136981074481074
EMFC-864,fee_only,1,LOW_PRESSURE_EXPANDED,100,705586,705592,2021-10-18T21:30:00Z,2021-10-21T21:30:00Z,13.590562880192186,0.076629096235933211,0.03331043956043956,0.66117216117216115
EMFC-864,fee_only,1,LOW_PRESSURE_EXPANDED,100,706077,706083,2021-10-22T04:25:00Z,2021-10-25T04:25:00Z,14.087355888589709,0.030510755205022052,0.05593711843711844,0.53939636752136755
EMFC-864,fee_only,1,LOW_PRESSURE_EXPANDED,100,706538,706544,2021-10-25T04:55:00Z,2021-10-28T04:55:00Z,13.319841162767998,0.078466173279433088,0.026213369963369964,0.65613553113553114
EMFC-864,fee_only,1,LOW_PRESSURE_EXPANDED,100,707069,707075,2021-10-28T11:00:00Z,2021-10-31T11:00:00Z,12.17252103261878,0.20651179559517224,0.010454822954822954,0.91143925518925517
EMFC-864,fee_only,1,LOW_PRESSURE_EXPANDED,100,707542,707548,2021-10-31T11:20:00Z,2021-11-03T11:20:00Z,11.95961568633537,0.021955944019457128,0.00931013431013431,0.48426053113553114
EMFC-864,fee_only,1,LOW_PRESSURE_EXPANDED,100,708009,708015,2021-11-03T14:20:00Z,2021-11-06T14:20:00Z,0,0.18442376488582482,0.0017933455433455433,0.89010989010989006
EMFC-864,fee_only,1,LOW_PRESSURE_EXPANDED,100,708488,708494,2021-11-06T17:45:00Z,2021-11-09T17:45:00Z,14.437817268420481,0.093724770563312576,0.089590964590964592,0.69070512820512819
EMFC-864,fee_only,1,LOW_PRESSURE_EXPANDED,100,709080,709086,2021-11-10T18:00:00Z,2021-11-13T18:00:00Z,14.040590633005458,-0.0046558115361939557,0.060210622710622712,0.43145222832722835
EMFC-864,fee_only,1,LOW_PRESSURE_EXPANDED,100,709538,709544,2021-11-13T18:10:00Z,2021-11-16T18:10:00Z,0,0.048052935988920686,0.001697954822954823,0.59210927960927962
EMFC-864,fee_only,1,LOW_PRESSURE_EXPANDED,100,710014,710020,2021-11-16T21:15:00Z,2021-11-19T21:15:00Z,14.351031526024222,0.036542968181206344,0.087148962148962145,0.55618513431013428
EMFC-864,fee_only,1,LOW_PRESSURE_EXPANDED,100,710464,710470,2021-11-20T00:15:00Z,2021-11-23T00:15:00Z,13.708712342644727,0.00060018007203246058,0.044642857142857144,0.43635531135531136
EMFC-864,fee_only,1,LOW_PRESSURE_EXPANDED,100,710887,710893,2021-11-23T00:50:00Z,2021-11-26T00:50:00Z,0,-0.020994726920505625,0.001717032967032967,0.36801739926739929
EMFC-864,fee_only,1,LOW_PRESSURE_EXPANDED,100,711306,711312,2021-11-26T01:00:00Z,2021-11-29T01:00:00Z,13.679711453165881,-0.094552316941222889,0.044871794871794872,0.17305784493284493
EMFC-864,fee_only,1,LOW_PRESSURE_EXPANDED,100,711720,711726,2021-11-29T01:05:00Z,2021-12-02T01:05:00Z,14.313627770868809,0.028656709249804506,0.089781746031746032,0.51793345543345548
EMFC-864,fee_only,1,LOW_PRESSURE_EXPANDED,100,712145,712151,2021-12-02T03:10:00Z,2021-12-05T03:10:00Z,13.946370385133628,0.047074137385965324,0.061317155067155064,0.57636981074481075
EMFC-864,fee_only,1,LOW_PRESSURE_EXPANDED,100,712633,712639,2021-12-05T05:30:00Z,2021-12-08T05:30:00Z,12.595364332798377,0.043829986216851337,0.017475579975579976,0.55879884004884006
EMFC-864,fee_only,1,LOW_PRESSURE_EXPANDED,100,713158,713164,2021-12-08T07:55:00Z,2021-12-11T07:55:00Z,13.905384168186815,0.19485983349206007,0.060134310134310136,0.92735042735042739
EMFC-864,fee_only,-1,HIGH_PRESSURE_COMPRESSED,100,713649,713655,2021-12-11T09:30:00Z,2021-12-14T09:30:00Z,17.360647318265009,0.12790913195539252,0.93196733821733824,0.78989239926739929
EMFC-864,fee_only,-1,HIGH_PRESSURE_COMPRESSED,100,714089,714095,2021-12-14T10:40:00Z,2021-12-17T10:40:00Z,17.379997050791481,0.068796462205088754,0.93891178266178266,0.61256105006105011
EMFC-864,fee_only,1,LOW_PRESSURE_EXPANDED,100,714498,714504,2021-12-17T11:40:00Z,2021-12-20T11:40:00Z,14.266923063247214,-0.11058683462940769,0.094703907203907201,0.11439255189255189
EMFC-864,fee_only,1,LOW_PRESSURE_EXPANDED,100,714933,714939,2021-12-20T13:35:00Z,2021-12-23T13:35:00Z,14.262436176697891,-0.012817503710614343,0.096001221001221007,0.32694215506715507
EMFC-864,fee_only,1,LOW_PRESSURE_EXPANDED,100,715392,715398,2021-12-23T14:40:00Z,2021-12-26T14:40:00Z,14.062837714297698,0.041794689657045636,0.079059829059829057,0.51146596459096461
EMFC-864,fee_only,1,LOW_PRESSURE_EXPANDED,100,715835,715841,2021-12-26T15:05:00Z,2021-12-29T15:05:00Z,13.870385978869013,-0.056254301549873702,0.064789377289377295,0.1688415750915751
EMFC-864,fee_only,-1,HIGH_PRESSURE_COMPRESSED,100,716262,716268,2021-12-29T15:15:00Z,2022-01-01T15:15:00Z,16.975472461932476,-0.019655557658441208,0.93761446886446886,0.27232142857142855
EMFC-864,fee_only,1,LOW_PRESSURE_EXPANDED,100,716695,716701,2022-01-01T16:00:00Z,2022-01-04T16:00:00Z,13.993574731616677,0.26212262699750949,0.074748168498168496,0.97489316239316237
EMFC-864,fee_only,-1,HIGH_PRESSURE_COMPRESSED,100,717159,717165,2022-01-04T16:05:00Z,2022-01-07T16:05:00Z,17.433429205476553,0.0034559649733903633,0.99137667887667891,0.33974358974358976
EMFC-864,fee_only,1,LOW_PRESSURE_EXPANDED,100,717589,717595,2022-01-07T17:00:00Z,2022-01-10T17:00:00Z,14.122570167374137,0.08072210507836268,0.089552808302808304,0.63389041514041511
EMFC-864,fee_only,1,LOW_PRESSURE_EXPANDED,100,718031,718037,2022-01-10T19:20:00Z,2022-01-13T19:20:00Z,13.085008282901843,0.0048450516631996527,0.031097374847374848,0.34684065934065933
EMFC-864,fee_only,-1,HIGH_PRESSURE_COMPRESSED,100,718496,718502,2022-01-13T20:05:00Z,2022-01-16T20:05:00Z,16.963363094300366,0.17763256730782304,0.95123626373626369,0.89581425518925517
EMFC-864,fee_only,1,LOW_PRESSURE_EXPANDED,100,719013,719019,2022-01-16T20:55:00Z,2022-01-19T20:55:00Z,14.130077472460886,0.1639709635813614,0.092147435897435903,0.86217948717948723
EMFC-864,fee_only,1,LOW_PRESSURE_EXPANDED,100,719489,719495,2022-01-19T21:10:00Z,2022-01-22T21:10:00Z,13.450495215107646,0.20250385615645253,0.045596764346764344,0.92221840659340659
EMFC-864,fee_only,-1,HIGH_PRESSURE_COMPRESSED,100,719939,719945,2022-01-22T23:20:00Z,2022-01-25T23:20:00Z,17.096413766201071,-0.11227157914806916,0.97306166056166055,0.05238858363858364
EMFC-864,fee_only,1,LOW_PRESSURE_EXPANDED,100,720381,720387,2022-01-25T23:30:00Z,2022-01-28T23:30:00Z,12.902120614731645,0.034332679080505281,0.027167277167277168,0.46913156288156288
EMFC-864,fee_only,1,LOW_PRESSURE_EXPANDED,100,720797,720803,2022-01-29T00:05:00Z,2022-02-01T00:05:00Z,13.594809022500739,0.074328509290761499,0.052312271062271064,0.62580128205128205
EMFC-864,fee_only,-1,HIGH_PRESSURE_COMPRESSED,100,721276,721282,2022-02-01T05:30:00Z,2022-02-04T05:30:00Z,16.842320382789044,0.023251568060634019,0.92956349206349209,0.43698489010989011
EMFC-864,fee_only,-1,HIGH_PRESSURE_COMPRESSED,100,721729,721735,2022-02-04T06:05:00Z,2022-02-07T06:05:00Z,17.219633422890944,0.10205118273068521,0.98542429792429798,0.72334783272283276
EMFC-864,fee_only,1,LOW_PRESSURE_EXPANDED,100,722146,722152,2022-02-07T07:00:00Z,2022-02-10T07:00:00Z,12.666240562353797,0.036542968181206344,0.022092490842490844,0.49778693528693529
EMFC-864,fee_only,-1,HIGH_PRESSURE_COMPRESSED,100,722578,722584,2022-02-10T07:30:00Z,2022-02-13T07:30:00Z,16.734747511917025,0.15934749323413314,0.90304487179487181,0.87152777777777779
EMFC-864,fee_only,-1,HIGH_PRESSURE_COMPRESSED,100,723056,723062,2022-02-13T09:20:00Z,2022-02-16T09:20:00Z,16.948181662226268,0.24389913252677431,0.95447954822954828,0.96031746031746035
EMFC-864,fee_only,-1,HIGH_PRESSURE_COMPRESSED,100,723553,723559,2022-02-16T09:25:00Z,2022-02-19T09:25:00Z,16.854197382522674,0.091348039459305488,0.93547771672771673,0.70896291208791207
EMFC-864,fee_only,1,LOW_PRESSURE_EXPANDED,100,723995,724001,2022-02-19T10:30:00Z,2022-02-22T10:30:00Z,0,-0.028490270399627426,0.0016216422466422467,0.2651480463980464
EMFC-864,fee_only,1,LOW_PRESSURE_EXPANDED,100,724437,724443,2022-02-22T13:40:00Z,2022-02-25T13:40:00Z,14.150021586960154,0.014927529917690474,0.092223748473748479,0.43221535409035411
EMFC-864,fee_only,1,LOW_PRESSURE_EXPANDED,100,724862,724868,2022-02-25T14:15:00Z,2022-02-28T14:15:00Z,13.817527522523017,-0.12625078654932881,0.064331501831501825,0.05200702075702076
EMFC-864,fee_only,1,LOW_PRESSURE_EXPANDED,100,725275,725281,2022-02-28T15:55:00Z,2022-03-03T15:55:00Z,14.079952662226731,0.053471102687972713,0.087148962148962145,0.58882783882783885
EMFC-864,fee_only,-1,HIGH_PRESSURE_COMPRESSED,100,725733,725739,2022-03-03T15:55:00Z,2022-03-06T15:55:00Z,17.347518897722207,-0.0085136557652047418,0.99290293040293043,0.34922542735042733
EMFC-864,fee_only,1,LOW_PRESSURE_EXPANDED,100,726134,726140,2022-03-06T16:40:00Z,2022-03-09T16:40:00Z,14.025049180510115,-0.15534996040274032,0.080776862026862031,0.036897130647130648
EMFC-864,fee_only,1,LOW_PRESSURE_EXPANDED,100,726567,726573,2022-03-09T17:00:00Z,2022-03-12T17:00:00Z,13.316190161184231,0.0022692394440432502,0.039262820512820512,0.39472680097680096
EMFC-864,fee_only,-1,HIGH_PRESSURE_COMPRESSED,100,727001,727007,2022-03-12T17:15:00Z,2022-03-15T17:15:00Z,16.860171081391524,0.043690688624733111,0.93933150183150182,0.56232829670329665
EMFC-864,fee_only,1,LOW_PRESSURE_EXPANDED,100,727470,727476,2022-03-15T20:40:00Z,2022-03-18T20:40:00Z,13.596777267138613,-0.036139046615873138,0.052541208791208792,0.25713522588522586
EMFC-864,fee_only,-1,HIGH_PRESSURE_COMPRESSED,100,727962,727968,2022-03-19T03:05:00Z,2022-03-22T03:05:00Z,16.718941670074074,0.04717896285166108,0.90804334554334554,0.5726877289377289
EMFC-864,fee_only,1,LOW_PRESSURE_EXPANDED,100,728439,728445,2022-03-22T04:25:00Z,2022-03-25T04:25:00Z,11.038463913940163,0.071513903762911959,0.007135225885225885,0.66575091575091572
EMFC-864,fee_only,1,LOW_PRESSURE_EXPANDED,100,728874,728880,2022-03-25T04:30:00Z,2022-03-28T04:30:00Z,14.185984555525767,-0.057938664920445991,0.098595848595848593,0.17740766178266179
EMFC-864,fee_only,1,LOW_PRESSURE_EXPANDED,100,729326,729332,2022-03-28T06:20:00Z,2022-03-31T06:20:00Z,10.887455624298198,-0.10079511003489453,0.006868131868131868,0.087072649572649569
EMFC-864,fee_only,1,LOW_PRESSURE_EXPANDED,100,729790,729796,2022-03-31T07:00:00Z,2022-04-03T07:00:00Z,0,-0.012241433644565362,0.001736111111111111,0.33728250915750918
EMFC-864,fee_only,-1,HIGH_PRESSURE_COMPRESSED,100,730196,730202,2022-04-03T07:00:00Z,2022-04-06T07:00:00Z,16.867722545649219,-0.056537850960257888,0.9457799145299145,0.18706120268620269
EMFC-864,fee_only,1,LOW_PRESSURE_EXPANDED,100,730638,730644,2022-04-06T07:00:00Z,2022-04-09T07:00:00Z,12.395034605961383,-0.11469679663481323,0.01926892551892552,0.06662087912087912
EMFC-864,fee_only,1,LOW_PRESSURE_EXPANDED,100,731066,731072,2022-04-09T08:30:00Z,2022-04-12T08:30:00Z,13.010743311575359,-0.13358347460156617,0.032242063492063495,0.048782814407814408
EMFC-864,fee_only,1,LOW_PRESSURE_EXPANDED,100,731509,731515,2022-04-12T09:40:00Z,2022-04-15T09:40:00Z,13.146607108774793,0.010555513939516587,0.036973443223443224,0.43286401098901101
EMFC-864,fee_only,-1,HIGH_PRESSURE_COMPRESSED,100,731950,731956,2022-04-15T10:45:00Z,2022-04-18T10:45:00Z,16.780802850652847,-0.0028625656134765522,0.9371947496947497,0.37877747252747251
EMFC-864,fee_only,1,LOW_PRESSURE_EXPANDED,100,732399,732405,2022-04-18T11:40:00Z,2022-04-21T11:40:00Z,13.85009361069868,0.12467548410113741,0.074213980463980464,0.83071962759462759
EMFC-864,fee_only,1,LOW_PRESSURE_EXPANDED,100,732856,732862,2022-04-21T13:45:00Z,2022-04-24T13:45:00Z,12.641808276656585,0.14577749961334135,0.025755494505494504,0.87673611111111116
EMFC-864,fee_only,1,LOW_PRESSURE_EXPANDED,100,733323,733329,2022-04-24T13:55:00Z,2022-04-27T13:55:00Z,12.849501606410362,0.093505143196860027,0.0306013431013431,0.75400641025641024
EMFC-864,fee_only,-1,HIGH_PRESSURE_COMPRESSED,100,733788,733794,2022-04-27T14:05:00Z,2022-04-30T14:05:00Z,16.858396896101635,0.051188036769433308,0.9560057997557998,0.60529227716727718
EMFC-864,fee_only,-1,HIGH_PRESSURE_COMPRESSED,100,734238,734244,2022-04-30T14:25:00Z,2022-05-03T14:25:00Z,16.658169621012402,0.030527938368958448,0.91575091575091572,0.51747557997558002
EMFC-864,fee_only,-1,HIGH_PRESSURE_COMPRESSED,100,734713,734719,2022-05-03T14:50:00Z,2022-05-06T14:50:00Z,16.80497487888065,0.070565536047272837,0.94940476190476186,0.67811355311355315
EMFC-864,fee_only,-1,HIGH_PRESSURE_COMPRESSED,100,735166,735172,2022-05-06T15:20:00Z,2022-05-09T15:20:00Z,16.816939474791045,0.025283620534499389,0.95207570207570202,0.4900984432234432
EMFC-864,fee_only,-1,HIGH_PRESSURE_COMPRESSED,100,735610,735616,2022-05-09T15:40:00Z,2022-05-12T15:40:00Z,16.916615307104571,-0.030399872391083296,0.96840659340659341,0.28405448717948717
EMFC-864,fee_only,-1,HIGH_PRESSURE_COMPRESSED,100,736068,736074,2022-05-12T16:10:00Z,2022-05-15T16:10:00Z,16.960133458635251,0.058123585350508211,0.97252747252747251,0.63028464590964595
EMFC-864,fee_only,-1,HIGH_PRESSURE_COMPRESSED,100,736489,736495,2022-05-15T19:05:00Z,2022-05-18T19:05:00Z,16.752890787938632,-0.1609560421586983,0.93158577533577536,0.029513888888888888
EMFC-864,fee_only,-1,HIGH_PRESSURE_COMPRESSED,100,736939,736945,2022-05-18T19:15:00Z,2022-05-21T19:15:00Z,16.847153553458931,-0.076142805237852038,0.94787851037851034,0.14907661782661782
EMFC-864,fee_only,-1,HIGH_PRESSURE_COMPRESSED,100,737316,737322,2022-05-21T19:20:00Z,2022-05-24T19:20:00Z,16.894506331482727,-0.14640648509382723,0.95489926739926745,0.044566544566544568
EMFC-864,fee_only,-1,HIGH_PRESSURE_COMPRESSED,100,737742,737748,2022-05-24T19:45:00Z,2022-05-27T19:45:00Z,16.67375797710935,-0.093748354729648306,0.90376984126984128,0.12007783882783883
EMFC-864,fee_only,-1,HIGH_PRESSURE_COMPRESSED,100,738155,738161,2022-05-27T20:10:00Z,2022-05-30T20:10:00Z,16.823096992500567,-0.04174956419446274,0.93807234432234432,0.25898580586080588
EMFC-864,fee_only,1,LOW_PRESSURE_EXPANDED,100,738603,738609,2022-05-30T20:15:00Z,2022-06-02T20:15:00Z,11.05745570550153,0.087084106907113407,0.0071733821733821731,0.73540521978021978
EMFC-864,fee_only,-1,HIGH_PRESSURE_COMPRESSED,100,739011,739017,2022-06-02T20:50:00Z,2022-06-05T20:50:00Z,17.311326819932248,-0.18246043603867471,0.9945818070818071,0.019764957264957264
EMFC-864,fee_only,1,LOW_PRESSURE_EXPANDED,100,739445,739451,2022-06-05T21:30:00Z,2022-06-08T21:30:00Z,13.809747986194859,0.0092425813669325448,0.073260073260073263,0.45488018925518925
EMFC-864,fee_only,1,LOW_PRESSURE_EXPANDED,100,739936,739942,2022-06-08T22:00:00Z,2022-06-11T22:00:00Z,11.494007646115584,0.34707828240843736,0.009691697191697192,0.99889346764346765
EMFC-864,fee_only,1,LOW_PRESSURE_EXPANDED,100,740392,740398,2022-06-12T00:15:00Z,2022-06-15T00:15:00Z,11.62307947346212,0.060457969037114027,0.010531135531135532,0.6536744505494505
EMFC-864,fee_only,-1,HIGH_PRESSURE_COMPRESSED,100,740804,740810,2022-06-15T00:50:00Z,2022-06-18T00:50:00Z,16.78664748044784,0.018792138012485856,0.92750305250305254,0.48605387667887667
EMFC-864,fee_only,-1,HIGH_PRESSURE_COMPRESSED,100,741203,741209,2022-06-18T01:15:00Z,2022-06-21T01:15:00Z,16.857808237032113,-0.3134229159439314,0.93757631257631258,7.6312576312576313e-05
EMFC-864,fee_only,1,LOW_PRESSURE_EXPANDED,100,741637,741643,2022-06-21T03:15:00Z,2022-06-24T03:15:00Z,13.431521675904298,-0.040405907968250443,0.05296092796092796,0.27728174603174605
EMFC-864,fee_only,-1,HIGH_PRESSURE_COMPRESSED,100,742070,742076,2022-06-24T04:05:00Z,2022-06-27T04:05:00Z,16.769089378083191,0.099544130336386483,0.91033272283272282,0.78552350427350426
EMFC-864,fee_only,-1,HIGH_PRESSURE_COMPRESSED,100,742499,742505,2022-06-27T06:10:00Z,2022-06-30T06:10:00Z,16.940964802500922,-0.057293589888440022,0.94898504273504269,0.22828907203907203
EMFC-864,fee_only,-1,HIGH_PRESSURE_COMPRESSED,100,742958,742964,2022-06-30T09:20:00Z,2022-07-03T09:20:00Z,16.999989825903285,-0.030027947838967461,0.96192002442002444,0.32419490231990233
EMFC-864,fee_only,1,LOW_PRESSURE_EXPANDED,100,743392,743398,2022-07-03T09:35:00Z,2022-07-06T09:35:00Z,14.022071779254643,-0.051532432458429381,0.087759462759462753,0.25099206349206349
EMFC-864,fee_only,-1,HIGH_PRESSURE_COMPRESSED,100,743818,743824,2022-07-06T11:30:00Z,2022-07-09T11:30:00Z,17.020802011646147,-0.056632349566473755,0.96424755799755801,0.23683608058608058
EMFC-864,fee_only,-1,HIGH_PRESSURE_COMPRESSED,100,744258,744264,2022-07-09T12:40:00Z,2022-07-12T12:40:00Z,17.409310658131549,-0.074194873139626652,0.99511599511599513,0.19368131868131869
EMFC-864,fee_only,-1,HIGH_PRESSURE_COMPRESSED,100,744692,744698,2022-07-12T13:30:00Z,2022-07-15T13:30:00Z,17.399460514629801,-0.03510971044675909,0.99481074481074483,0.31704059829059827
EMFC-864,fee_only,1,LOW_PRESSURE_EXPANDED,100,745077,745083,2022-07-15T15:55:00Z,2022-07-18T15:55:00Z,0,-0.012257897395501998,0.0014117826617826618,0.40890186202686202
EMFC-864,fee_only,-1,HIGH_PRESSURE_COMPRESSED,100,745495,745501,2022-07-18T16:25:00Z,2022-07-21T16:25:00Z,16.865810748472164,-0.038483261815693642,0.91647588522588519,0.32360347985347987
EMFC-864,fee_only,-1,HIGH_PRESSURE_COMPRESSED,100,745897,745903,2022-07-21T17:40:00Z,2022-07-24T17:40:00Z,17.367635000601666,0.0052303209795893941,0.98958333333333337,0.48916361416361415
EMFC-864,fee_only,1,LOW_PRESSURE_EXPANDED,100,746340,746346,2022-07-24T19:55:00Z,2022-07-27T19:55:00Z,13.677292772764533,0.045625178026275554,0.059485653235653232,0.63261217948717952
EMFC-864,fee_only,1,LOW_PRESSURE_EXPANDED,100,746828,746834,2022-07-27T20:10:00Z,2022-07-30T20:10:00Z,13.610410735048928,0.23012620674209433,0.055860805860805864,0.9830967643467643
EMFC-864,fee_only,-1,HIGH_PRESSURE_COMPRESSED,100,747242,747248,2022-07-30T20:15:00Z,2022-08-02T20:15:00Z,17.049292532118269,0.011853307031000604,0.94925213675213671,0.5057234432234432
EMFC-864,fee_only,1,LOW_PRESSURE_EXPANDED,100,747697,747703,2022-08-02T21:45:00Z,2022-08-05T21:45:00Z,14.016724196915021,0.18997073732557029,0.081730769230769232,0.95905830280830284
EMFC-864,fee_only,1,LOW_PRESSURE_EXPANDED,100,748118,748124,2022-08-05T21:55:00Z,2022-08-08T21:55:00Z,13.826411921590893,0.035592635925388104,0.068452380952380959,0.59403617216117222
EMFC-864,fee_only,1,LOW_PRESSURE_EXPANDED,100,748595,748601,2022-08-08T23:25:00Z,2022-08-11T23:25:00Z,12.020706458549993,0.10109186156127363,0.013698107448107448,0.80212148962148966
EMFC-864,fee_only,1,LOW_PRESSURE_EXPANDED,100,749024,749030,2022-08-12T00:00:00Z,2022-08-15T00:00:00Z,14.033018257659855,-0.021859334352893528,0.084859584859584863,0.38219246031746029
EMFC-864,fee_only,1,LOW_PRESSURE_EXPANDED,100,749448,749454,2022-08-15T00:00:00Z,2022-08-18T00:00:00Z,14.131685330592108,-0.03417595846713814,0.094589438339438336,0.34180402930402931
EMFC-864,fee_only,1,LOW_PRESSURE_EXPANDED,100,749883,749889,2022-08-18T02:00:00Z,2022-08-21T02:00:00Z,13.996241684026831,-0.078148607305140769,0.080357142857142863,0.20638736263736263
EMFC-864,fee_only,1,LOW_PRESSURE_EXPANDED,100,750357,750363,2022-08-21T02:25:00Z,2022-08-24T02:25:00Z,13.705302757625626,0.048087910807055191,0.062003968253968256,0.64858058608058611
EMFC-864,fee_only,1,LOW_PRESSURE_EXPANDED,100,750822,750828,2022-08-24T02:45:00Z,2022-08-27T02:45:00Z,13.69273596016377,0.17526650232027749,0.061546092796092799,0.95188492063492058
EMFC-864,fee_only,1,LOW_PRESSURE_EXPANDED,100,751307,751313,2022-08-27T03:35:00Z,2022-08-30T03:35:00Z,14.031131485159154,0.096951526076450426,0.084096459096459103,0.79258241758241754
EMFC-864,fee_only,1,LOW_PRESSURE_EXPANDED,100,751781,751787,2022-08-30T04:40:00Z,2022-09-02T04:40:00Z,13.555561674115019,0.067315707284867118,0.055479242979242976,0.69761141636141633
EMFC-864,fee_only,1,LOW_PRESSURE_EXPANDED,100,752240,752246,2022-09-02T07:40:00Z,2022-09-05T07:40:00Z,14.149261237363193,-0.027161108062372746,0.098099816849816848,0.34710775335775335
EMFC-864,fee_only,1,LOW_PRESSURE_EXPANDED,100,752699,752705,2022-09-05T09:30:00Z,2022-09-08T09:30:00Z,12.930449561641817,0.13254140663192884,0.032280219780219783,0.87190934065934067
EMFC-864,fee_only,-1,HIGH_PRESSURE_COMPRESSED,100,753134,753140,2022-09-08T11:10:00Z,2022-09-11T11:10:00Z,16.900998705594688,-0.095113190706276746,0.91212606837606836,0.14942002442002442
EMFC-864,fee_only,1,LOW_PRESSURE_EXPANDED,100,753603,753609,2022-09-11T11:15:00Z,2022-09-14T11:15:00Z,0,0.25495676783907723,0.0012591575091575092,0.98847680097680102
EMFC-864,fee_only,-1,HIGH_PRESSURE_COMPRESSED,100,754040,754046,2022-09-14T11:45:00Z,2022-09-17T11:45:00Z,16.917391471524493,-0.1767086114253523,0.91609432234432231,0.036630036630036632
EMFC-864,fee_only,-1,HIGH_PRESSURE_COMPRESSED,100,754473,754479,2022-09-17T12:00:00Z,2022-09-20T12:00:00Z,17.044957273573768,-0.014872191997687115,0.9464285714285714,0.39434523809523808
EMFC-864,fee_only,-1,HIGH_PRESSURE_COMPRESSED,100,754920,754926,2022-09-20T12:00:00Z,2022-09-23T12:00:00Z,16.953097886152623,-0.054204054013512186,0.92239010989010994,0.26058836996336998
EMFC-864,fee_only,1,LOW_PRESSURE_EXPANDED,100,755325,755331,2022-09-23T12:05:00Z,2022-09-26T12:05:00Z,13.42210938705302,-0.19848193824334812,0.048191391941391944,0.021596459096459096
EMFC-864,fee_only,-1,HIGH_PRESSURE_COMPRESSED,100,755766,755772,2022-09-26T12:15:00Z,2022-09-29T12:15:00Z,16.902387849065018,0.028776774771419017,0.90640262515262515,0.56767017704517708
EMFC-864,fee_only,-1,HIGH_PRESSURE_COMPRESSED,100,756201,756207,2022-09-29T13:25:00Z,2022-10-02T13:25:00Z,16.926524296409504,0.0061522194851980757,0.91369047619047616,0.479605463980464
EMFC-864,fee_only,1,LOW_PRESSURE_EXPANDED,100,756699,756705,2022-10-02T14:10:00Z,2022-10-05T14:10:00Z,13.805365268107835,0.18944688173654323,0.066468253968253968,0.94650488400488397
EMFC-864,fee_only,1,LOW_PRESSURE_EXPANDED,100,757205,757211,2022-10-05T14:35:00Z,2022-10-08T14:35:00Z,8.8637571916042415,0.30827034161706235,0.002670940170940171,0.9955357142857143
EMFC-864,fee_only,1,LOW_PRESSURE_EXPANDED,100,757685,757691,2022-10-08T14:45:00Z,2022-10-11T14:45:00Z,12.575361202319172,0.16367646192511526,0.02274114774114774,0.90697496947496947
EMFC-864,fee_only,1,LOW_PRESSURE_EXPANDED,100,758198,758204,2022-10-11T16:50:00Z,2022-10-14T16:50:00Z,14.106522081636918,0.12560101658445094,0.093444749694749696,0.82131410256410253
EMFC-864,fee_only,1,LOW_PRESSURE_EXPANDED,100,758644,758650,2022-10-14T17:05:00Z,2022-10-17T17:05:00Z,13.700935496252798,0.12486429872350265,0.06288156288156288,0.82070360195360192
EMFC-864,fee_only,1,LOW_PRESSURE_EXPANDED,100,759095,759101,2022-10-17T18:30:00Z,2022-10-20T18:30:00Z,12.293336907208442,0.038013442198216174,0.017513736263736264,0.55668116605616602
EMFC-864,fee_only,1,LOW_PRESSURE_EXPANDED,100,759549,759555,2022-10-20T20:50:00Z,2022-10-23T20:50:00Z,13.487237019973946,0.040405414635038862,0.050862332112332112,0.57095161782661785
EMFC-864,fee_only,1,LOW_PRESSURE_EXPANDED,100,760003,760009,2022-10-23T21:50:00Z,2022-10-26T21:50:00Z,14.083579290203945,0.074687627300797782,0.088713369963369967,0.69066697191697191
EMFC-864,fee_only,-1,HIGH_PRESSURE_COMPRESSED,100,760414,760420,2022-10-26T22:15:00Z,2022-10-29T22:15:00Z,17.008964569439811,0.028673860584607556,0.93620268620268621,0.54191468253968256
EMFC-864,fee_only,1,LOW_PRESSURE_EXPANDED,100,760856,760862,2022-10-29T22:35:00Z,2022-11-01T22:35:00Z,13.4449800677351,-0.021826721226107113,0.047847985347985345,0.35353708791208793
EMFC-864,fee_only,1,LOW_PRESSURE_EXPANDED,100,761313,761319,2022-11-01T23:20:00Z,2022-11-04T23:20:00Z,12.592514622456108,0.15546543262495643,0.022092490842490844,0.89564255189255193
EMFC-864,fee_only,-1,HIGH_PRESSURE_COMPRESSED,100,761734,761740,2022-11-05T00:25:00Z,2022-11-08T00:25:00Z,16.916723704932807,-0.10780751930087799,0.9056013431013431,0.13339438339438339
EMFC-864,fee_only,1,LOW_PRESSURE_EXPANDED,100,762173,762179,2022-11-08T01:50:00Z,2022-11-11T01:50:00Z,13.20953324183416,-0.1143846751724428,0.038308913308913312,0.12068833943833944
EMFC-864,fee_only,-1,HIGH_PRESSURE_COMPRESSED,100,762636,762642,2022-11-11T02:45:00Z,2022-11-14T02:45:00Z,17.373013467528622,0.041968484822501581,0.98828601953601958,0.58615689865689868
EMFC-864,fee_only,1,LOW_PRESSURE_EXPANDED,100,763071,763077,2022-11-14T03:40:00Z,2022-11-17T03:40:00Z,13.799798771755988,-0.012323749688831903,0.068452380952380959,0.39131181318681318
EMFC-864,fee_only,-1,HIGH_PRESSURE_COMPRESSED,100,763505,763511,2022-11-17T04:35:00Z,2022-11-20T04:35:00Z,16.950375619495556,0.097759844450917066,0.9123168498168498,0.76514804639804634
EMFC-864,fee_only,-1,HIGH_PRESSURE_COMPRESSED,100,763938,763944,2022-11-20T05:00:00Z,2022-11-23T05:00:00Z,17.259034082348386,0.13349329811203253,0.97027625152625152,0.85353708791208793
EMFC-864,fee_only,1,LOW_PRESSURE_EXPANDED,100,764346,764352,2022-11-23T05:20:00Z,2022-11-26T05:20:00Z,14.125634419118867,-0.045992603850472748,0.092071123321123327,0.2705662393162393
EMFC-864,fee_only,1,LOW_PRESSURE_EXPANDED,100,764738,764744,2022-11-26T07:15:00Z,2022-11-29T07:15:00Z,12.493782217603837,-0.18751637367105867,0.0196504884004884,0.031288156288156288
EMFC-864,fee_only,-1,HIGH_PRESSURE_COMPRESSED,100,765126,765132,2022-11-29T07:45:00Z,2022-12-02T07:45:00Z,17.417293386000434,0.026720500699610048,0.98374542124542119,0.54256333943833945
EMFC-864,fee_only,1,LOW_PRESSURE_EXPANDED,100,765560,765566,2022-12-02T08:00:00Z,2022-12-05T08:00:00Z,14.058111578975417,-0.085902429000703287,0.083562271062271057,0.18290216727716727
EMFC-864,fee_only,1,LOW_PRESSURE_EXPANDED,100,765955,765961,2022-12-05T09:25:00Z,2022-12-08T09:25:00Z,13.715526673397006,-0.038707761103049715,0.059714590964590968,0.32169566544566547
EMFC-864,fee_only,1,LOW_PRESSURE_EXPANDED,100,766425,766431,2022-12-08T10:15:00Z,2022-12-11T10:15:00Z,14.23751545977189,0.20477168563154655,0.096993284493284496,0.95192307692307687
EMFC-864,fee_only,1,LOW_PRESSURE_EXPANDED,100,766915,766921,2022-12-11T16:00:00Z,2022-12-14T16:00:00Z,12.114921803674461,-0.097459383761569096,0.013011294261294262,0.16046626984126985
EMFC-864,fee_only,1,LOW_PRESSURE_EXPANDED,100,767380,767386,2022-12-14T16:10:00Z,2022-12-17T16:10:00Z,12.367302494520573,0.20513992687463486,0.01636904761904762,0.94822191697191693
EMFC-864,fee_only,-1,HIGH_PRESSURE_COMPRESSED,100,767796,767802,2022-12-17T16:40:00Z,2022-12-20T16:40:00Z,17.192523437925853,-0.13755661387414311,0.94837454212454209,0.079670329670329665
EMFC-864,fee_only,-1,HIGH_PRESSURE_COMPRESSED,100,768219,768225,2022-12-20T16:50:00Z,2022-12-23T16:50:00Z,17.175809692198996,-0.034755631290274674,0.94490231990231988,0.32558760683760685
EMFC-864,fee_only,1,LOW_PRESSURE_EXPANDED,100,768639,768645,2022-12-23T17:40:00Z,2022-12-26T17:40:00Z,12.609108137844117,0.0094276341495609615,0.020757020757020756,0.48500457875457875
EMFC-864,fee_only,-1,HIGH_PRESSURE_COMPRESSED,100,768997,769003,2022-12-26T17:55:00Z,2022-12-29T17:55:00Z,17.200602846019468,-0.10499044719093729,0.9495955433455433,0.14434523809523808
EMFC-864,fee_only,-1,HIGH_PRESSURE_COMPRESSED,100,769421,769427,2022-12-29T18:05:00Z,2023-01-01T18:05:00Z,17.052692282747707,-0.1148899658739557,0.91204975579975578,0.12944520757020758
EMFC-864,fee_only,1,LOW_PRESSURE_EXPANDED,100,769883,769889,2023-01-01T18:30:00Z,2023-01-04T18:30:00Z,13.451121652062852,0.044422217552746716,0.045596764346764344,0.60080891330891328
EMFC-864,fee_only,1,LOW_PRESSURE_EXPANDED,100,770348,770354,2023-01-04T19:25:00Z,2023-01-07T19:25:00Z,13.808950085044975,0.094768659786093126,0.065781440781440784,0.75475045787545791
EMFC-864,fee_only,1,LOW_PRESSURE_EXPANDED,100,770840,770846,2023-01-07T19:50:00Z,2023-01-10T19:50:00Z,11.880148580821524,0.066638502333211405,0.01076007326007326,0.66676205738705741
EMFC-864,fee_only,1,LOW_PRESSURE_EXPANDED,100,771357,771363,2023-01-11T02:40:00Z,2023-01-14T02:40:00Z,14.214010800944914,0.31480207321092224,0.099473443223443217,0.99351343101343104
EMFC-864,fee_only,-1,HIGH_PRESSURE_COMPRESSED,100,771820,771826,2023-01-14T03:35:00Z,2023-01-17T03:35:00Z,17.001930750828176,0.12424134571742998,0.91109584859584858,0.81257631257631258
EMFC-864,fee_only,1,LOW_PRESSURE_EXPANDED,100,772304,772310,2023-01-17T04:00:00Z,2023-01-20T04:00:00Z,12.997729427736186,-0.05091488946810549,0.03125,0.23605387667887667
EMFC-864,fee_only,1,LOW_PRESSURE_EXPANDED,100,772767,772773,2023-01-20T07:05:00Z,2023-01-23T07:05:00Z,13.838037901220757,0.017892452841588264,0.06978785103785104,0.46674679487179488
EMFC-864,fee_only,1,LOW_PRESSURE_EXPANDED,100,773187,773193,2023-01-23T07:10:00Z,2023-01-26T07:10:00Z,14.132799247048453,0.15256859864460678,0.091842185592185599,0.86458333333333337
EMFC-864,fee_only,1,LOW_PRESSURE_EXPANDED,100,773648,773654,2023-01-26T07:30:00Z,2023-01-29T07:30:00Z,13.651786196342684,0.22514555398488284,0.05708180708180708,0.95203754578754574
EMFC-864,fee_only,1,LOW_PRESSURE_EXPANDED,100,774127,774133,2023-01-29T07:30:00Z,2023-02-01T07:30:00Z,13.683521974597264,0.073987466594295684,0.059561965811965809,0.65827228327228327
EMFC-864,fee_only,-1,HIGH_PRESSURE_COMPRESSED,100,774544,774550,2023-02-01T09:25:00Z,2023-02-04T09:25:00Z,16.957593671528084,-0.14187564895164578,0.90411324786324787,0.066735347985347984
EMFC-864,fee_only,-1,HIGH_PRESSURE_COMPRESSED,100,774967,774973,2023-02-04T10:25:00Z,2023-02-07T10:25:00Z,17.143427963051277,-0.091575943487209543,0.94696275946275943,0.14678724053724054
EMFC-864,fee_only,-1,HIGH_PRESSURE_COMPRESSED,100,775412,775418,2023-02-07T12:15:00Z,2023-02-10T12:15:00Z,17.028887089398754,0.033057080755432941,0.9205967643467643,0.51696047008547008
EMFC-864,fee_only,-1,HIGH_PRESSURE_COMPRESSED,100,775873,775879,2023-02-10T14:35:00Z,2023-02-13T14:35:00Z,16.989192721486425,0.047441074600136489,0.90964590964590963,0.56620115995115994
EMFC-864,fee_only,-1,HIGH_PRESSURE_COMPRESSED,100,776339,776345,2023-02-13T15:35:00Z,2023-02-16T15:35:00Z,16.96780515812916,0.1164776380586951,0.90159493284493286,0.7828525641025641
EMFC-864,fee_only,-1,HIGH_PRESSURE_COMPRESSED,100,776837,776843,2023-02-16T15:50:00Z,2023-02-19T15:50:00Z,17.356335032330069,0.23277310029005283,0.9770299145299145,0.95783730158730163
EMFC-864,fee_only,-1,HIGH_PRESSURE_COMPRESSED,100,777342,777348,2023-02-19T16:45:00Z,2023-02-22T16:45:00Z,17.099147154270618,0.20462851731649534,0.93093711843711846,0.93011675824175821
EMFC-864,fee_only,-1,HIGH_PRESSURE_COMPRESSED,100,777802,777808,2023-02-22T17:50:00Z,2023-02-25T17:50:00Z,17.02970110403546,-0.09345998439943913,0.91075244200244199,0.13946123321123322
EMFC-864,fee_only,-1,HIGH_PRESSURE_COMPRESSED,100,778234,778240,2023-02-25T18:35:00Z,2023-02-28T18:35:00Z,17.434202552354769,-0.31203316331561193,0.98515720390720396,0.004655067155067155
EMFC-864,fee_only,-1,HIGH_PRESSURE_COMPRESSED,100,778675,778681,2023-02-28T19:10:00Z,2023-03-03T19:10:00Z,17.013074489166581,0.023558672410280295,0.90415140415140416,0.46665140415140416
EMFC-864,fee_only,-1,HIGH_PRESSURE_COMPRESSED,100,779145,779151,2023-03-03T19:30:00Z,2023-03-06T19:30:00Z,17.037860939563039,0.046916919787751601,0.90842490842490842,0.55847451159951156
EMFC-864,fee_only,1,LOW_PRESSURE_EXPANDED,100,779600,779606,2023-03-06T19:35:00Z,2023-03-09T19:35:00Z,14.251147225523752,-0.013426131438412257,0.083447802197802193,0.33968635531135533
EMFC-864,fee_only,1,LOW_PRESSURE_EXPANDED,100,780044,780050,2023-03-09T21:25:00Z,2023-03-12T21:25:00Z,0,-0.09353587939116495,0.0014308608058608058,0.14278083028083027
EMFC-864,fee_only,-1,HIGH_PRESSURE_COMPRESSED,100,780542,780548,2023-03-13T04:20:00Z,2023-03-16T04:20:00Z,17.296308641937678,0.086375215746745615,0.9598214285714286,0.68217719780219777
EMFC-864,fee_only,1,LOW_PRESSURE_EXPANDED,100,780994,781000,2023-03-16T04:20:00Z,2023-03-19T04:20:00Z,0,0.028210877766717702,0.0014117826617826618,0.47907127594627597
EMFC-864,fee_only,-1,HIGH_PRESSURE_COMPRESSED,100,781440,781446,2023-03-19T04:30:00Z,2023-03-22T04:30:00Z,17.387344660515996,0.070726516238113685,0.96840659340659341,0.62996031746031744
EMFC-864,fee_only,-1,HIGH_PRESSURE_COMPRESSED,100,781886,781892,2023-03-22T04:40:00Z,2023-03-25T04:40:00Z,17.503793384131146,-0.040197799751227031,0.9824481074481074,0.25858516483516486
EMFC-864,fee_only,-1,HIGH_PRESSURE_COMPRESSED,100,782395,782401,2023-03-25T04:45:00Z,2023-03-28T04:45:00Z,17.268223022750373,0.20503762403768799,0.94253663003663002,0.93246336996336998
EMFC-864,fee_only,-1,HIGH_PRESSURE_COMPRESSED,100,782845,782851,2023-03-28T08:40:00Z,2023-03-31T08:40:00Z,17.183110514113491,-0.022527669164596389,0.91910866910866906,0.30462072649572647
EMFC-864,fee_only,-1,HIGH_PRESSURE_COMPRESSED,100,783291,783297,2023-03-31T08:55:00Z,2023-04-03T08:55:00Z,17.381659451328872,0.07316226562898398,0.96340811965811968,0.63843101343101338
EMFC-864,fee_only,-1,HIGH_PRESSURE_COMPRESSED,100,783721,783727,2023-04-03T09:15:00Z,2023-04-06T09:15:00Z,17.269124599469336,0.043708099762638467,0.93700396825396826,0.53911019536019533
EMFC-864,fee_only,-1,HIGH_PRESSURE_COMPRESSED,100,784163,784169,2023-04-06T09:50:00Z,2023-04-09T09:50:00Z,17.358343430161465,0.03481576254256654,0.95516636141636146,0.51421321733821734
EMFC-864,fee_only,-1,HIGH_PRESSURE_COMPRESSED,100,784627,784633,2023-04-09T12:50:00Z,2023-04-12T12:50:00Z,17.49899279828794,-0.027355730009855254,0.97924297924297921,0.31204212454212454
EMFC-864,fee_only,-1,HIGH_PRESSURE_COMPRESSED,100,785049,785055,2023-04-12T12:50:00Z,2023-04-15T12:50:00Z,17.591595849325884,0.056129531556195246,0.98778998778998783,0.60288843101343104
EMFC-864,fee_only,-1,HIGH_PRESSURE_COMPRESSED,100,785506,785512,2023-04-15T12:55:00Z,2023-04-18T12:55:00Z,17.691911919412714,0.19611626781614389,0.9936278998778999,0.93957951770451775
EMFC-864,fee_only,-1,HIGH_PRESSURE_COMPRESSED,100,785950,785956,2023-04-18T14:15:00Z,2023-04-21T14:15:00Z,17.188755107457666,0.12667873532856874,0.9036935286935287,0.8128052503052503
EMFC-864,fee_only,-1,HIGH_PRESSURE_COMPRESSED,100,786371,786377,2023-04-21T14:15:00Z,2023-04-24T14:15:00Z,17.406156897158041,-0.10257163032989074,0.96310286935286937,0.12543879731379731
EMFC-864,fee_only,1,LOW_PRESSURE_EXPANDED,100,786835,786841,2023-04-24T19:10:00Z,2023-04-27T19:10:00Z,14.610912837362601,-0.10306788959794223,0.07745726495726496,0.12009691697191698
EMFC-864,fee_only,-1,HIGH_PRESSURE_COMPRESSED,100,787232,787238,2023-04-27T19:10:00Z,2023-04-30T19:10:00Z,17.694918280669754,-0.060420679452977175,0.9936278998778999,0.22716346153846154
EMFC-864,fee_only,-1,HIGH_PRESSURE_COMPRESSED,100,787664,787670,2023-04-30T19:30:00Z,2023-05-03T19:30:00Z,17.368524153850849,0.049172737341216452,0.9460851648351648,0.58522206959706957
EMFC-864,fee_only,-1,HIGH_PRESSURE_COMPRESSED,100,788157,788163,2023-05-04T02:25:00Z,2023-05-07T02:25:00Z,18.595462909158691,0.029823670649417683,0.99828296703296704,0.50492216117216115
EMFC-864,fee_only,1,LOW_PRESSURE_EXPANDED,100,788594,788600,2023-05-07T07:25:00Z,2023-05-10T07:25:00Z,0,-0.013541235566666776,0.0012591575091575092,0.36826541514041516
EMFC-864,fee_only,1,LOW_PRESSURE_EXPANDED,100,789221,789227,2023-05-11T11:15:00Z,2023-05-14T11:15:00Z,0,0.14597034132945885,0.0013163919413919415,0.85388049450549453
EMFC-864,fee_only,-1,HIGH_PRESSURE_COMPRESSED,100,789675,789681,2023-05-14T13:35:00Z,2023-05-17T13:35:00Z,17.800536857042029,0.083417841479499544,0.93891178266178266,0.69780219780219777
EMFC-864,fee_only,-1,HIGH_PRESSURE_COMPRESSED,100,790167,790173,2023-05-17T16:10:00Z,2023-05-20T16:10:00Z,18.524413391351327,0.099636190175346764,0.96012667887667891,0.73895375457875456
EMFC-864,fee_only,-1,HIGH_PRESSURE_COMPRESSED,100,790583,790589,2023-05-20T16:10:00Z,2023-05-23T16:10:00Z,17.685058494964728,-0.17210285659962274,0.91002747252747251,0.039453601953601952
EMFC-864,fee_only,-1,HIGH_PRESSURE_COMPRESSED,100,791048,791054,2023-05-23T16:25:00Z,2023-05-26T16:25:00Z,17.689672992026782,0.2055901837333089,0.90106074481074483,0.94288003663003661
EMFC-864,fee_only,-1,HIGH_PRESSURE_COMPRESSED,100,791495,791501,2023-05-26T17:35:00Z,2023-05-29T17:35:00Z,18.211548659468356,0.014910612735754241,0.93788156288156288,0.41990995115995117
EMFC-864,fee_only,-1,HIGH_PRESSURE_COMPRESSED,100,791960,791966,2023-05-29T18:20:00Z,2023-06-01T18:20:00Z,17.884299147090889,0.098863150803872535,0.90743284493284493,0.72680097680097677
EMFC-864,fee_only,-1,HIGH_PRESSURE_COMPRESSED,100,792399,792405,2023-06-01T19:25:00Z,2023-06-04T19:25:00Z,18.138830420415687,-0.17138699174117497,0.92960164835164838,0.03369200244200244
EMFC-864,fee_only,-1,HIGH_PRESSURE_COMPRESSED,100,792843,792849,2023-06-04T19:30:00Z,2023-06-07T19:30:00Z,17.929103329115208,-0.054945782590652741,0.90563949938949939,0.20774191086691088
EMFC-864,fee_only,-1,HIGH_PRESSURE_COMPRESSED,100,793316,793322,2023-06-08T03:35:00Z,2023-06-11T03:35:00Z,17.964080076384263,-0.057246372934397063,0.90590659340659341,0.20522359584859584
EMFC-864,fee_only,-1,HIGH_PRESSURE_COMPRESSED,100,793817,793823,2023-06-11T06:20:00Z,2023-06-14T06:20:00Z,18.154475204224585,0.15766796935529839,0.92464133089133094,0.87311126373626369
EMFC-864,fee_only,-1,HIGH_PRESSURE_COMPRESSED,100,794395,794401,2023-06-15T06:00:00Z,2023-06-18T06:00:00Z,17.962512289906318,-0.11744223685032593,0.90106074481074483,0.086423992673992672
EMFC-864,fee_only,-1,HIGH_PRESSURE_COMPRESSED,100,795126,795132,2023-06-20T05:25:00Z,2023-06-23T05:25:00Z,17.965353464280113,-0.11478595630498151,0.90125152625152627,0.082894536019536016
EMFC-864,fee_only,-1,HIGH_PRESSURE_COMPRESSED,100,795537,795543,2023-06-23T07:45:00Z,2023-06-26T07:45:00Z,17.986859663462692,0.083725871089016232,0.90388431013431014,0.66784951159951156
EMFC-864,fee_only,1,LOW_PRESSURE_EXPANDED,100,795972,795978,2023-06-26T10:00:00Z,2023-06-29T10:00:00Z,0,0.019148841060983357,0.0013354700854700855,0.41552197802197804
EMFC-864,fee_only,-1,HIGH_PRESSURE_COMPRESSED,100,796400,796406,2023-06-29T15:05:00Z,2023-07-02T15:05:00Z,18.147884249506973,-0.21312015112487612,0.9238018925518926,0.017666361416361416
EMFC-864,fee_only,1,LOW_PRESSURE_EXPANDED,100,796872,796878,2023-07-02T19:15:00Z,2023-07-05T19:15:00Z,0,0.075945556914803855,0.0013545482295482295,0.64913385225885223
EMFC-864,fee_only,1,LOW_PRESSURE_EXPANDED,100,797323,797329,2023-07-05T20:05:00Z,2023-07-08T20:05:00Z,15.269530855013754,0.12261971354791061,0.077724358974358976,0.79729471916971917
EMFC-864,fee_only,1,LOW_PRESSURE_EXPANDED,100,797810,797816,2023-07-08T20:15:00Z,2023-07-11T20:15:00Z,15.426895773173035,0.16694045475565236,0.09039224664224664,0.88923229548229543
EMFC-864,fee_only,1,LOW_PRESSURE_EXPANDED,100,798289,798295,2023-07-11T21:00:00Z,2023-07-14T21:00:00Z,15.342726623457921,0.023080995276813791,0.076923076923076927,0.44366224053724052
EMFC-864,fee_only,1,LOW_PRESSURE_EXPANDED,100,798711,798717,2023-07-15T01:50:00Z,2023-07-18T01:50:00Z,15.490767483855615,0.031353077658022269,0.088980463980463984,0.48696962759462759
EMFC-864,fee_only,1,LOW_PRESSURE_EXPANDED,100,799201,799207,2023-07-18T10:20:00Z,2023-07-21T10:20:00Z,0,0.081300442735226436,0.0014117826617826618,0.67065399877899878
EMFC-864,fee_only,1,LOW_PRESSURE_EXPANDED,100,799657,799663,2023-07-21T19:50:00Z,2023-07-24T19:50:00Z,0,-0.20362088482534585,0.0013927045177045177,0.022397741147741148
EMFC-864,fee_only,1,LOW_PRESSURE_EXPANDED,100,800103,800109,2023-07-24T22:40:00Z,2023-07-27T22:40:00Z,15.594850388439621,0.068975014503531176,0.087492368742368737,0.63764880952380953
EMFC-864,fee_only,1,LOW_PRESSURE_EXPANDED,100,800532,800538,2023-07-28T00:00:00Z,2023-07-31T00:00:00Z,15.539249718327278,-0.020325366461245723,0.070894383394383392,0.33861797924297926
EMFC-864,fee_only,1,LOW_PRESSURE_EXPANDED,100,800966,800972,2023-07-31T00:05:00Z,2023-08-03T00:05:00Z,15.694383676729721,0.18016388624015525,0.093521062271062272,0.91727716727716724
EMFC-864,fee_only,1,LOW_PRESSURE_EXPANDED,100,801421,801427,2023-08-03T02:15:00Z,2023-08-06T02:15:00Z,15.683830525158788,0.093248972219630591,0.087530525030525025,0.72279456654456653
EMFC-864,fee_only,1,LOW_PRESSURE_EXPANDED,100,801851,801857,2023-08-06T03:50:00Z,2023-08-09T03:50:00Z,15.711986435457518,0.077169062771128463,0.089781746031746032,0.66563644688644685
EMFC-864,fee_only,1,LOW_PRESSURE_EXPANDED,100,802290,802296,2023-08-09T04:05:00Z,2023-08-12T04:05:00Z,15.753435193220001,-0.17152739779571466,0.098366910866910864,0.041208791208791208
EMFC-864,fee_only,1,LOW_PRESSURE_EXPANDED,100,802730,802736,2023-08-12T04:30:00Z,2023-08-15T04:30:00Z,15.697100219253871,-0.0086293266980544195,0.083257020757020753,0.37288232600732601
EMFC-864,fee_only,1,LOW_PRESSURE_EXPANDED,100,803266,803272,2023-08-15T11:45:00Z,2023-08-18T11:45:00Z,15.761751509441289,0.21825966359958385,0.097641941391941392,0.96005036630036633
EMFC-864,fee_only,1,LOW_PRESSURE_EXPANDED,100,803734,803740,2023-08-18T11:45:00Z,2023-08-21T11:45:00Z,15.774434375007059,0.00013334222301241002,0.09710775335775336,0.4045138888888889
EMFC-864,fee_only,1,LOW_PRESSURE_EXPANDED,100,804200,804206,2023-08-21T12:30:00Z,2023-08-24T12:30:00Z,15.70734655715388,0.11914020619582988,0.076274420024420031,0.79864926739926745
EMFC-864,fee_only,1,LOW_PRESSURE_EXPANDED,100,804698,804704,2023-08-24T22:45:00Z,2023-08-27T22:45:00Z,15.736054399690724,0.0055319396688292945,0.080280830280830287,0.42296245421245421
EMFC-864,fee_only,1,LOW_PRESSURE_EXPANDED,100,805085,805091,2023-08-27T23:15:00Z,2023-08-30T23:15:00Z,15.797321216589879,-0.23562532881626566,0.095085470085470081,0.010073260073260074
EMFC-864,fee_only,1,LOW_PRESSURE_EXPANDED,100,805492,805498,2023-08-30T23:40:00Z,2023-09-02T23:40:00Z,15.728385282610425,-0.053035109879141666,0.074442918192918192,0.26299221611721613
EMFC-864,fee_only,1,LOW_PRESSURE_EXPANDED,100,806143,806149,2023-09-04T08:10:00Z,2023-09-07T08:10:00Z,0,0.017824584912552073,0.0010874542124542125,0.47956730769230771
EMFC-864,fee_only,-1,HIGH_PRESSURE_COMPRESSED,100,807157,807163,2023-09-11T12:35:00Z,2023-09-14T12:35:00Z,21.417052543466028,0.036007215306002191,1,0.55210241147741146
EMFC-864,fee_only,1,LOW_PRESSURE_EXPANDED,100,807620,807626,2023-09-14T15:00:00Z,2023-09-17T15:00:00Z,0,0.067761487094857867,0.0011065323565323565,0.66369047619047616
EMFC-864,fee_only,1,LOW_PRESSURE_EXPANDED,100,808457,808463,2023-09-19T20:35:00Z,2023-09-22T20:35:00Z,0,0.03846366645212853,0.0010683760683760685,0.55692918192918195
EMFC-864,fee_only,-1,HIGH_PRESSURE_COMPRESSED,100,808995,809001,2023-09-23T16:30:00Z,2023-09-26T16:30:00Z,18.120521217493181,0.059803084370753726,0.92113095238095233,0.63816391941391937
EMFC-864,fee_only,1,LOW_PRESSURE_EXPANDED,100,809505,809511,2023-09-27T05:10:00Z,2023-09-30T05:10:00Z,15.827441432720486,-0.080488762022655924,0.086309523809523808,0.19826007326007325
EMFC-864,fee_only,1,LOW_PRESSURE_EXPANDED,100,809960,809966,2023-09-30T06:35:00Z,2023-10-03T06:35:00Z,15.542873007154116,0.052680220637556521,0.026785714285714284,0.61109203296703296
EMFC-864,fee_only,1,LOW_PRESSURE_EXPANDED,100,810403,810409,2023-10-03T07:00:00Z,2023-10-06T07:00:00Z,15.82115538673651,0.036473822647115982,0.086118742368742368,0.55698641636141633
EMFC-864,fee_only,1,LOW_PRESSURE_EXPANDED,100,810840,810846,2023-10-06T07:20:00Z,2023-10-09T07:20:00Z,15.59301033938398,0.035886278564408916,0.03460775335775336,0.55513583638583641
EMFC-864,fee_only,1,LOW_PRESSURE_EXPANDED,100,811313,811319,2023-10-09T08:15:00Z,2023-10-12T08:15:00Z,15.709719058590181,-0.0397334022186,0.0567002442002442,0.3069101037851038
EMFC-864,fee_only,1,LOW_PRESSURE_EXPANDED,100,811803,811809,2023-10-12T08:25:00Z,2023-10-15T08:25:00Z,15.397619821515155,-0.0055346554984747566,0.025221306471306472,0.40834859584859584
EMFC-864,fee_only,1,LOW_PRESSURE_EXPANDED,100,812259,812265,2023-10-15T08:35:00Z,2023-10-18T08:35:00Z,15.587888921043627,0.14989308957461708,0.035714285714285712,0.86769307081807079
EMFC-864,fee_only,1,LOW_PRESSURE_EXPANDED,100,812714,812720,2023-10-18T08:45:00Z,2023-10-21T08:45:00Z,15.811649563665666,0.054861054791265129,0.090926434676434673,0.60344169719169716
EMFC-864,fee_only,1,LOW_PRESSURE_EXPANDED,100,813139,813145,2023-10-21T08:55:00Z,2023-10-24T08:55:00Z,15.368342562722312,0.039035396992048513,0.023122710622710624,0.54618818681318682
EMFC-864,fee_only,1,LOW_PRESSURE_EXPANDED,100,813613,813619,2023-10-24T10:50:00Z,2023-10-27T10:50:00Z,15.682227364723609,0.064840789038132729,0.058035714285714288,0.62650717338217343
EMFC-864,fee_only,1,LOW_PRESSURE_EXPANDED,100,814032,814038,2023-10-27T11:10:00Z,2023-10-30T11:10:00Z,15.239375954960133,-0.11177986746000977,0.020604395604395604,0.11492673992673992
EMFC-864,fee_only,1,LOW_PRESSURE_EXPANDED,100,814505,814511,2023-10-30T13:00:00Z,2023-11-02T13:00:00Z,15.605763893542257,0.062975299161513495,0.046550671550671552,0.62137515262515264
EMFC-864,fee_only,1,LOW_PRESSURE_EXPANDED,100,815020,815026,2023-11-02T23:35:00Z,2023-11-05T23:35:00Z,15.642858832432601,-0.018085467546385008,0.057043650793650792,0.34668803418803418
EMFC-864,fee_only,-1,HIGH_PRESSURE_COMPRESSED,100,815491,815497,2023-11-05T23:45:00Z,2023-11-08T23:45:00Z,17.822324626660887,0.038515628450598673,0.91891788766788762,0.52960927960927962
EMFC-864,fee_only,-1,HIGH_PRESSURE_COMPRESSED,100,815933,815939,2023-11-09T05:15:00Z,2023-11-12T05:15:00Z,18.06609416072677,-0.042899834315220854,0.96203449328449331,0.27466804029304032
EMFC-864,fee_only,-1,HIGH_PRESSURE_COMPRESSED,100,816383,816389,2023-11-12T05:25:00Z,2023-11-15T05:25:00Z,18.32896459686809,0.085104106078595421,0.97802197802197799,0.6948450854700855
EMFC-864,fee_only,-1,HIGH_PRESSURE_COMPRESSED,100,816813,816819,2023-11-15T06:50:00Z,2023-11-18T06:50:00Z,18.022045404784919,-0.08055027114909194,0.94799297924297921,0.17788461538461539
EMFC-864,fee_only,1,LOW_PRESSURE_EXPANDED,100,817314,817320,2023-11-18T15:40:00Z,2023-11-21T15:40:00Z,0,-0.0065617578351410749,0.00099206349206349201,0.39247557997557997
EMFC-864,fee_only,-1,HIGH_PRESSURE_COMPRESSED,100,817806,817812,2023-11-21T17:20:00Z,2023-11-24T17:20:00Z,18.754404327915108,-0.03048070725358689,0.97821275946275943,0.31524725274725274
EMFC-864,fee_only,-1,HIGH_PRESSURE_COMPRESSED,100,818266,818272,2023-11-24T17:50:00Z,2023-11-27T17:50:00Z,18.040376865445737,0.096143860552902305,0.90998931623931623,0.72796474358974361
EMFC-864,fee_only,-1,HIGH_PRESSURE_COMPRESSED,100,818720,818726,2023-11-27T18:40:00Z,2023-11-30T18:40:00Z,17.991229832655204,-0.15081655638119462,0.90407509157509158,0.051739926739926737
EMFC-864,fee_only,-1,HIGH_PRESSURE_COMPRESSED,100,819135,819141,2023-11-30T18:40:00Z,2023-12-03T18:40:00Z,18.149088034069703,-0.11213749993685009,0.92212301587301593,0.10611263736263736
EMFC-864,fee_only,1,LOW_PRESSURE_EXPANDED,100,819701,819707,2023-12-04T09:50:00Z,2023-12-07T09:50:00Z,0,0.20718818452408241,0.0011637667887667888,0.9460851648351648
EMFC-864,fee_only,1,LOW_PRESSURE_EXPANDED,100,820137,820143,2023-12-07T16:10:00Z,2023-12-10T16:10:00Z,0,-0.14314750921848493,0.001201923076923077,0.063644688644688641
EMFC-864,fee_only,-1,HIGH_PRESSURE_COMPRESSED,100,820563,820569,2023-12-10T16:25:00Z,2023-12-13T16:25:00Z,18.260604628353718,-0.013343906091580648,0.91174450549450547,0.37240537240537241
EMFC-864,fee_only,-1,HIGH_PRESSURE_COMPRESSED,100,821006,821012,2023-12-13T16:35:00Z,2023-12-16T16:35:00Z,18.498438680445989,-0.03678184409252841,0.93837759462759462,0.29880189255189255
EMFC-864,fee_only,-1,HIGH_PRESSURE_COMPRESSED,100,821495,821501,2023-12-16T21:20:00Z,2023-12-19T21:20:00Z,18.496196472608904,-0.011269592258230897,0.92227564102564108,0.37129884004884006
EMFC-864,fee_only,1,LOW_PRESSURE_EXPANDED,100,822033,822039,2023-12-20T05:50:00Z,2023-12-23T05:50:00Z,0,0.26668190541202785,0.0013545482295482295,0.98489010989010994
EMFC-864,fee_only,-1,HIGH_PRESSURE_COMPRESSED,100,822511,822517,2023-12-23T07:05:00Z,2023-12-26T07:05:00Z,19.041172905541483,0.25450522775722373,0.93643162393162394,0.9786324786324786
EMFC-864,fee_only,-1,HIGH_PRESSURE_COMPRESSED,100,822979,822985,2023-12-26T07:15:00Z,2023-12-29T07:15:00Z,18.945489719355585,0.056905504647704108,0.9254044566544567,0.58115842490842495
EMFC-864,fee_only,-1,HIGH_PRESSURE_COMPRESSED,100,823367,823373,2023-12-29T08:10:00Z,2024-01-01T08:10:00Z,18.844830527884383,-0.02269060991969845,0.90876831501831501,0.31717414529914528
EMFC-864,one_bar_delayed_entry,-1,HIGH_PRESSURE_COMPRESSED,100,665703,665709,2021-01-12T11:30:00Z,2021-01-15T11:30:00Z,18.735155179073125,0.17187629893241602,0.90453296703296704,0.91468253968253965
EMFC-864,one_bar_delayed_entry,-1,HIGH_PRESSURE_COMPRESSED,100,666273,666279,2021-01-16T05:55:00Z,2021-01-19T05:55:00Z,18.901851327526089,0.22602269206505327,0.9486416361416361,0.96886446886446886
EMFC-864,one_bar_delayed_entry,1,LOW_PRESSURE_EXPANDED,100,666974,666980,2021-01-21T07:00:00Z,2021-01-24T07:00:00Z,15.81046498855833,-0.12550132105946171,0.046245421245421248,0.097451159951159952
EMFC-864,one_bar_delayed_entry,1,LOW_PRESSURE_EXPANDED,100,668616,668622,2021-02-01T17:40:00Z,2021-02-04T17:40:00Z,15.665648834937498,-0.14197687889554952,0.038270757020757024,0.082474816849816848
EMFC-864,one_bar_delayed_entry,-1,HIGH_PRESSURE_COMPRESSED,100,669174,669180,2021-02-05T08:05:00Z,2021-02-08T08:05:00Z,18.783502011486114,0.17157946026205245,0.93448565323565325,0.91561736874236876
EMFC-864,one_bar_delayed_entry,-1,HIGH_PRESSURE_COMPRESSED,100,670493,670499,2021-02-14T03:35:00Z,2021-02-17T03:35:00Z,18.854560265110649,0.17312398443991253,0.94631410256410253,0.91702915140415142
EMFC-864,one_bar_delayed_entry,-1,HIGH_PRESSURE_COMPRESSED,100,671109,671115,2021-02-18T13:10:00Z,2021-02-21T13:10:00Z,18.724481607877951,0.18366245539679615,0.90873015873015872,0.93051739926739929
EMFC-864,one_bar_delayed_entry,1,LOW_PRESSURE_EXPANDED,100,671875,671881,2021-02-24T01:45:00Z,2021-02-27T01:45:00Z,0,-0.19140517552699712,0.0025755494505494505,0.042239010989010992
EMFC-864,one_bar_delayed_entry,-1,HIGH_PRESSURE_COMPRESSED,100,672424,672430,2021-02-27T14:35:00Z,2021-03-02T14:35:00Z,18.838457794752227,0.18626933904205206,0.93967490842490842,0.93585927960927962
EMFC-864,one_bar_delayed_entry,-1,HIGH_PRESSURE_COMPRESSED,100,672958,672964,2021-03-03T11:35:00Z,2021-03-06T11:35:00Z,18.742584364625472,0.17629972447546036,0.90556318681318682,0.9221802503052503
EMFC-864,one_bar_delayed_entry,1,LOW_PRESSURE_EXPANDED,100,676409,676415,2021-03-26T21:00:00Z,2021-03-29T21:00:00Z,16.542570130642051,-0.16343600885192539,0.082684676434676432,0.062576312576312576
EMFC-864,one_bar_delayed_entry,1,LOW_PRESSURE_EXPANDED,100,678413,678419,2021-04-09T10:30:00Z,2021-04-12T10:30:00Z,16.634330219969637,-0.13067732364161613,0.088942307692307696,0.094627594627594624
EMFC-864,one_bar_delayed_entry,-1,HIGH_PRESSURE_COMPRESSED,100,679399,679405,2021-04-15T23:55:00Z,2021-04-18T23:55:00Z,18.827664717999447,0.19263455340239846,0.93677503052503053,0.96020299145299148
EMFC-864,one_bar_delayed_entry,1,LOW_PRESSURE_EXPANDED,100,679874,679880,2021-04-20T10:55:00Z,2021-04-23T10:55:00Z,0,-0.31624523357609591,0.0025755494505494505,0.022893772893772892
EMFC-864,one_bar_delayed_entry,1,LOW_PRESSURE_EXPANDED,100,680740,680746,2021-04-27T02:15:00Z,2021-04-30T02:15:00Z,16.655951893510334,-0.24294617861038939,0.079632173382173377,0.03498931623931624
EMFC-864,one_bar_delayed_entry,-1,HIGH_PRESSURE_COMPRESSED,100,681507,681513,2021-05-02T12:30:00Z,2021-05-05T12:30:00Z,18.777749522328133,0.20784451402504051,0.90781440781440781,0.97019993894993894
EMFC-864,one_bar_delayed_entry,-1,HIGH_PRESSURE_COMPRESSED,100,682325,682331,2021-05-07T06:05:00Z,2021-05-10T06:05:00Z,18.747908423888934,0.1980038841960618,0.90811965811965811,0.95096916971916967
EMFC-864,one_bar_delayed_entry,1,LOW_PRESSURE_EXPANDED,100,683593,683599,2021-05-14T19:10:00Z,2021-05-17T19:10:00Z,16.619419455074954,-0.13635033234457042,0.078373015873015872,0.074061355311355312
EMFC-864,one_bar_delayed_entry,1,LOW_PRESSURE_EXPANDED,100,684004,684010,2021-05-17T22:05:00Z,2021-05-20T22:05:00Z,16.250314257255827,-0.15918086435231205,0.044452075702075704,0.058054792429792432
EMFC-864,one_bar_delayed_entry,1,LOW_PRESSURE_EXPANDED,100,684623,684629,2021-05-23T09:40:00Z,2021-05-26T09:40:00Z,0,-0.16097023088291929,0.002728174603174603,0.075473137973137969
EMFC-864,one_bar_delayed_entry,1,LOW_PRESSURE_EXPANDED,100,684991,684997,2021-05-26T10:30:00Z,2021-05-29T10:30:00Z,16.564717673494805,-0.22171586598968218,0.064369658119658113,0.039148351648351648
EMFC-864,one_bar_delayed_entry,1,LOW_PRESSURE_EXPANDED,100,685351,685357,2021-05-29T11:05:00Z,2021-06-01T11:05:00Z,16.03031317674963,-0.28368660117629219,0.027472527472527472,0.021253052503052504
EMFC-864,one_bar_delayed_entry,1,LOW_PRESSURE_EXPANDED,100,686269,686275,2021-06-04T22:15:00Z,2021-06-07T22:15:00Z,16.719244586199189,-0.16318121014152684,0.087034493284493281,0.088637057387057391
EMFC-864,one_bar_delayed_entry,1,LOW_PRESSURE_EXPANDED,100,686981,686987,2021-06-10T01:10:00Z,2021-06-13T01:10:00Z,16.718857220989143,-0.15874013216106553,0.094360500610500608,0.093063186813186816
EMFC-864,one_bar_delayed_entry,1,LOW_PRESSURE_EXPANDED,100,687373,687379,2021-06-13T09:40:00Z,2021-06-16T09:40:00Z,16.657092318357659,-0.16779996027493421,0.088217338217338223,0.092223748473748479
EMFC-864,one_bar_delayed_entry,1,LOW_PRESSURE_EXPANDED,100,687781,687787,2021-06-16T10:55:00Z,2021-06-19T10:55:00Z,14.997114739642045,-0.2252480020702318,0.0115995115995116,0.051701770451770449
EMFC-864,one_bar_delayed_entry,1,LOW_PRESSURE_EXPANDED,100,688155,688161,2021-06-19T11:05:00Z,2021-06-22T11:05:00Z,16.687712348382924,-0.26961992963337233,0.09806166056166056,0.03331043956043956
EMFC-864,one_bar_delayed_entry,1,LOW_PRESSURE_EXPANDED,100,688470,688476,2021-06-22T11:55:00Z,2021-06-25T11:55:00Z,15.440301999432222,-0.37329768414740383,0.019421550671550672,0.006791819291819292
EMFC-864,one_bar_delayed_entry,1,LOW_PRESSURE_EXPANDED,100,688774,688780,2021-06-25T13:35:00Z,2021-06-28T13:35:00Z,16.212521803762261,-0.2707393517214689,0.052808302808302808,0.053609584859584856
EMFC-864,one_bar_delayed_entry,1,LOW_PRESSURE_EXPANDED,100,689027,689033,2021-06-28T14:50:00Z,2021-07-01T14:50:00Z,16.584366948712209,-0.78325445475495747,0.090697496947496944,0.00080128205128205125
EMFC-864,one_bar_delayed_entry,1,LOW_PRESSURE_EXPANDED,100,689500,689506,2021-07-03T15:05:00Z,2021-07-06T15:05:00Z,0,-0.39182810091850506,0.002670940170940171,0.0277014652014652
EMFC-864,one_bar_delayed_entry,1,LOW_PRESSURE_EXPANDED,100,711329,711335,2021-11-26T06:25:00Z,2021-11-29T06:25:00Z,13.530566068244473,-0.17336489875106262,0.038690476190476192,0.091956654456654463
EMFC-864,one_bar_delayed_entry,1,LOW_PRESSURE_EXPANDED,100,712007,712013,2021-12-01T03:10:00Z,2021-12-04T03:10:00Z,12.739722796637889,-0.15520726430238263,0.019192612942612944,0.09691697191697192
EMFC-864,one_bar_delayed_entry,-1,HIGH_PRESSURE_COMPRESSED,100,712739,712745,2021-12-05T19:15:00Z,2021-12-08T19:15:00Z,17.340117398716554,0.17566376912988815,0.91800213675213671,0.90502899877899878
EMFC-864,one_bar_delayed_entry,1,LOW_PRESSURE_EXPANDED,100,714422,714428,2021-12-16T23:35:00Z,2021-12-19T23:35:00Z,12.894847782621291,-0.12848116164854009,0.023504273504273504,0.097260378510378512
EMFC-864,one_bar_delayed_entry,1,LOW_PRESSURE_EXPANDED,100,715865,715871,2021-12-26T21:15:00Z,2021-12-29T21:15:00Z,14.059866722469355,-0.11166062820630623,0.079746642246642241,0.066506410256410256
EMFC-864,one_bar_delayed_entry,1,LOW_PRESSURE_EXPANDED,100,716475,716481,2021-12-31T07:20:00Z,2022-01-03T07:20:00Z,13.929333763832968,-0.23843930587332945,0.069329975579975583,0.0023275335775335775
EMFC-864,one_bar_delayed_entry,1,LOW_PRESSURE_EXPANDED,100,717066,717072,2022-01-04T02:30:00Z,2022-01-07T02:30:00Z,13.866469796561402,-0.1065048606452715,0.066926129426129424,0.057291666666666664
EMFC-864,one_bar_delayed_entry,1,LOW_PRESSURE_EXPANDED,100,717628,717634,2022-01-07T23:15:00Z,2022-01-10T23:15:00Z,14.029753011787426,-0.089032943357821415,0.080929487179487183,0.079727564102564097
EMFC-864,one_bar_delayed_entry,1,LOW_PRESSURE_EXPANDED,100,718056,718062,2022-01-10T23:30:00Z,2022-01-13T23:30:00Z,8.8614918642869149,-0.080519517058795509,0.0035866910866910865,0.095295329670329665
EMFC-864,one_bar_delayed_entry,-1,HIGH_PRESSURE_COMPRESSED,100,718734,718740,2022-01-15T04:10:00Z,2022-01-18T04:10:00Z,16.878076934540413,0.26794480676874904,0.93307387057387059,0.97622863247863245
EMFC-864,one_bar_delayed_entry,1,LOW_PRESSURE_EXPANDED,100,719288,719294,2022-01-18T16:15:00Z,2022-01-21T16:15:00Z,13.878634641756806,-0.080042707673536356,0.071314102564102561,0.092834249084249088
EMFC-864,one_bar_delayed_entry,1,LOW_PRESSURE_EXPANDED,100,719764,719770,2022-01-21T17:00:00Z,2022-01-24T17:00:00Z,13.885352801965576,-0.1271171150594653,0.072535103785103791,0.038900335775335776
EMFC-864,one_bar_delayed_entry,1,LOW_PRESSURE_EXPANDED,100,720484,720490,2022-01-26T19:15:00Z,2022-01-29T19:15:00Z,14.1843365776565,-0.11992887983322295,0.098748473748473745,0.043841575091575088
EMFC-864,one_bar_delayed_entry,-1,HIGH_PRESSURE_COMPRESSED,100,721008,721014,2022-01-30T09:15:00Z,2022-02-02T09:15:00Z,16.828933720860629,0.19239209487172171,0.9266636141636142,0.90991300366300365
EMFC-864,one_bar_delayed_entry,1,LOW_PRESSURE_EXPANDED,100,721821,721827,2022-02-05T00:15:00Z,2022-02-08T00:15:00Z,13.31320850513916,-0.16772949754616534,0.038690476190476192,0.016826923076923076
EMFC-864,one_bar_delayed_entry,1,LOW_PRESSURE_EXPANDED,100,722236,722242,2022-02-08T00:40:00Z,2022-02-11T00:40:00Z,0,-0.096582097846244011,0.0015644078144078145,0.082646520146520144
EMFC-864,one_bar_delayed_entry,-1,HIGH_PRESSURE_COMPRESSED,100,722910,722916,2022-02-12T12:20:00Z,2022-02-15T12:20:00Z,16.896865924454048,0.18928575059558755,0.94383394383394381,0.91727716727716724
EMFC-864,one_bar_delayed_entry,-1,HIGH_PRESSURE_COMPRESSED,100,723474,723480,2022-02-15T20:50:00Z,2022-02-18T20:50:00Z,16.747170921500793,0.32434605682337242,0.90789072039072038,0.99233058608058611
EMFC-864,one_bar_delayed_entry,1,LOW_PRESSURE_EXPANDED,100,724213,724219,2022-02-20T21:45:00Z,2022-02-23T21:45:00Z,13.798084604140895,-0.092533601402932916,0.062042124542124544,0.091040903540903537
EMFC-864,one_bar_delayed_entry,1,LOW_PRESSURE_EXPANDED,100,724750,724756,2022-02-24T17:25:00Z,2022-02-27T17:25:00Z,11.18987870201148,-0.094446170291945589,0.007364163614163614,0.0902014652014652
EMFC-864,one_bar_delayed_entry,1,LOW_PRESSURE_EXPANDED,100,725136,725142,2022-02-27T17:40:00Z,2022-03-02T17:40:00Z,13.286551513002141,-0.23483493990379359,0.037965506715506712,0.00434981684981685
EMFC-864,one_bar_delayed_entry,1,LOW_PRESSURE_EXPANDED,100,726057,726063,2022-03-06T02:15:00Z,2022-03-09T02:15:00Z,13.69704679066267,-0.17333687066692047,0.056623931623931624,0.021825396825396824
EMFC-864,one_bar_delayed_entry,1,LOW_PRESSURE_EXPANDED,100,726598,726604,2022-03-09T22:55:00Z,2022-03-12T22:55:00Z,13.696394759574062,-0.14233833077939603,0.056929181929181928,0.046951312576312576
EMFC-864,one_bar_delayed_entry,-1,HIGH_PRESSURE_COMPRESSED,100,728484,728490,2022-03-22T10:15:00Z,2022-03-25T10:15:00Z,16.728373482655961,0.22408149104218619,0.91204975579975578,0.95821886446886451
EMFC-864,one_bar_delayed_entry,-1,HIGH_PRESSURE_COMPRESSED,100,729070,729076,2022-03-26T09:40:00Z,2022-03-29T09:40:00Z,16.733322478389493,0.17449228567962155,0.91372863247863245,0.90604014041514036
EMFC-864,one_bar_delayed_entry,1,LOW_PRESSURE_EXPANDED,100,729741,729747,2022-03-31T00:15:00Z,2022-04-03T00:15:00Z,12.798194345021855,-0.1014428516237211,0.026556776556776556,0.087473290598290593
EMFC-864,one_bar_delayed_entry,1,LOW_PRESSURE_EXPANDED,100,730269,730275,2022-04-03T20:35:00Z,2022-04-06T20:35:00Z,13.952439796367049,-0.14197687889554952,0.076884920634920639,0.042353479853479856
EMFC-864,one_bar_delayed_entry,1,LOW_PRESSURE_EXPANDED,100,730889,730895,2022-04-08T01:10:00Z,2022-04-11T01:10:00Z,12.818210401296124,-0.096884697176782456,0.027167277167277168,0.095123626373626369
EMFC-864,one_bar_delayed_entry,1,LOW_PRESSURE_EXPANDED,100,731455,731461,2022-04-12T01:35:00Z,2022-04-15T01:35:00Z,13.642659613016326,-0.12425096233785687,0.058340964590964592,0.058226495726495728
EMFC-864,one_bar_delayed_entry,1,LOW_PRESSURE_EXPANDED,100,732124,732130,2022-04-16T16:55:00Z,2022-04-19T16:55:00Z,13.54638196693765,-0.10842082812108388,0.054487179487179488,0.076636904761904767
EMFC-864,one_bar_delayed_entry,1,LOW_PRESSURE_EXPANDED,100,732585,732591,2022-04-19T22:15:00Z,2022-04-22T22:15:00Z,13.944956867989188,-0.17468133336453745,0.082455738705738704,0.021062271062271064
EMFC-864,one_bar_delayed_entry,-1,HIGH_PRESSURE_COMPRESSED,100,733155,733161,2022-04-23T12:45:00Z,2022-04-26T12:45:00Z,16.727797524898385,0.19971189599803685,0.93078449328449331,0.95146520146520142
EMFC-864,one_bar_delayed_entry,-1,HIGH_PRESSURE_COMPRESSED,100,733818,733824,2022-04-27T17:35:00Z,2022-04-30T17:35:00Z,16.93336612350938,0.2154441016294425,0.9668421855921856,0.96285485347985345
EMFC-864,one_bar_delayed_entry,-1,HIGH_PRESSURE_COMPRESSED,100,735357,735363,2022-05-07T21:10:00Z,2022-05-10T21:10:00Z,16.842656465892691,0.17556443763079485,0.95688339438339443,0.92000534188034189
EMFC-864,one_bar_delayed_entry,-1,HIGH_PRESSURE_COMPRESSED,100,736231,736237,2022-05-13T19:10:00Z,2022-05-16T19:10:00Z,16.684231224540127,0.16132356579834919,0.91861263736263732,0.90212912087912089
EMFC-864,one_bar_delayed_entry,1,LOW_PRESSURE_EXPANDED,100,737016,737022,2022-05-19T10:10:00Z,2022-05-22T10:10:00Z,13.661350711428335,-0.10921308497331624,0.063911782661782657,0.081635378510378512
EMFC-864,one_bar_delayed_entry,1,LOW_PRESSURE_EXPANDED,100,737470,737476,2022-05-22T23:20:00Z,2022-05-25T23:20:00Z,13.602214609454609,-0.14790262992349543,0.060744810744810744,0.044032356532356536
EMFC-864,one_bar_delayed_entry,1,LOW_PRESSURE_EXPANDED,100,738922,738928,2022-06-02T02:55:00Z,2022-06-05T02:55:00Z,13.091524716492975,-0.10378928191634107,0.038194444444444448,0.099378052503052497
EMFC-864,one_bar_delayed_entry,-1,HIGH_PRESSURE_COMPRESSED,100,739870,739876,2022-06-08T13:40:00Z,2022-06-11T13:40:00Z,16.786946757795963,0.15655634890792824,0.93005952380952384,0.91090506715506714
EMFC-864,one_bar_delayed_entry,1,LOW_PRESSURE_EXPANDED,100,740518,740524,2022-06-12T22:45:00Z,2022-06-15T22:45:00Z,14.01567612587098,-0.11905629878681291,0.09058302808302808,0.078525641025641024
EMFC-864,one_bar_delayed_entry,-1,HIGH_PRESSURE_COMPRESSED,100,740968,740974,2022-06-16T00:25:00Z,2022-06-19T00:25:00Z,16.894532922269654,0.15433680825919138,0.9486416361416361,0.90298763736263732
EMFC-864,one_bar_delayed_entry,-1,HIGH_PRESSURE_COMPRESSED,100,741354,741360,2022-06-19T01:20:00Z,2022-06-22T01:20:00Z,17.435588497281401,0.16038395527605354,0.99660409035409037,0.91157280219780223
EMFC-864,one_bar_delayed_entry,1,LOW_PRESSURE_EXPANDED,100,741881,741887,2022-06-22T21:25:00Z,2022-06-25T21:25:00Z,13.565990946606842,-0.11910068569268285,0.059218559218559216,0.086423992673992672
EMFC-864,one_bar_delayed_entry,-1,HIGH_PRESSURE_COMPRESSED,100,742680,742686,2022-06-28T11:40:00Z,2022-07-01T11:40:00Z,17.057402937964401,0.18152187662339034,0.96913156288156288,0.93528693528693529
EMFC-864,one_bar_delayed_entry,-1,HIGH_PRESSURE_COMPRESSED,100,743140,743146,2022-07-01T11:45:00Z,2022-07-04T11:45:00Z,16.874189555168169,0.19920325416247064,0.93605006105006106,0.95360195360195366
EMFC-864,one_bar_delayed_entry,1,LOW_PRESSURE_EXPANDED,100,743708,743714,2022-07-05T13:45:00Z,2022-07-08T13:45:00Z,11.200417771082792,-0.14024008891444589,0.007516788766788767,0.056852869352869352
EMFC-864,one_bar_delayed_entry,1,LOW_PRESSURE_EXPANDED,100,744313,744319,2022-07-09T22:45:00Z,2022-07-12T22:45:00Z,13.164504821068588,-0.1340208561510379,0.039568070818070816,0.071256868131868129
EMFC-864,one_bar_delayed_entry,1,LOW_PRESSURE_EXPANDED,100,744837,744843,2022-07-13T17:40:00Z,2022-07-16T17:40:00Z,13.550562759043824,-0.1366411356908582,0.056280525030525032,0.069826007326007328
EMFC-864,one_bar_delayed_entry,1,LOW_PRESSURE_EXPANDED,100,745342,745348,2022-07-17T12:50:00Z,2022-07-20T12:50:00Z,13.918150175333334,-0.13053106279977053,0.076159951159951153,0.085584554334554336
EMFC-864,one_bar_delayed_entry,1,LOW_PRESSURE_EXPANDED,100,745802,745808,2022-07-21T01:50:00Z,2022-07-24T01:50:00Z,14.092187293239375,-0.14323416808590775,0.088827838827838831,0.072611416361416367
EMFC-864,one_bar_delayed_entry,-1,HIGH_PRESSURE_COMPRESSED,100,746237,746243,2022-07-24T03:40:00Z,2022-07-27T03:40:00Z,17.092558380600416,0.20299376206349315,0.95741758241758246,0.97103937728937728
EMFC-864,one_bar_delayed_entry,-1,HIGH_PRESSURE_COMPRESSED,100,746843,746849,2022-07-27T23:05:00Z,2022-07-30T23:05:00Z,16.85733239997861,0.2195666228238673,0.90319749694749696,0.97821275946275943
EMFC-864,one_bar_delayed_entry,1,LOW_PRESSURE_EXPANDED,100,747267,747273,2022-07-31T01:45:00Z,2022-08-03T01:45:00Z,13.75285399815937,-0.13993584029751666,0.063034188034188032,0.077953296703296704
EMFC-864,one_bar_delayed_entry,-1,HIGH_PRESSURE_COMPRESSED,100,748089,748095,2022-08-05T16:10:00Z,2022-08-08T16:10:00Z,17.255267536854831,0.16234247447864228,0.97878510378510375,0.93234890109890112
EMFC-864,one_bar_delayed_entry,1,LOW_PRESSURE_EXPANDED,100,749349,749355,2022-08-14T07:40:00Z,2022-08-17T07:40:00Z,13.468706733820804,-0.13343763822971663,0.051320207570207568,0.081311050061050064
EMFC-864,one_bar_delayed_entry,1,LOW_PRESSURE_EXPANDED,100,749900,749906,2022-08-18T05:55:00Z,2022-08-21T05:55:00Z,14.157830662427088,-0.1908131784834603,0.096382783882783887,0.025106837606837608
EMFC-864,one_bar_delayed_entry,-1,HIGH_PRESSURE_COMPRESSED,100,750847,750853,2022-08-24T06:20:00Z,2022-08-27T06:20:00Z,17.193396425380531,0.20201419013969066,0.97008547008547008,0.9741681929181929
EMFC-864,one_bar_delayed_entry,-1,HIGH_PRESSURE_COMPRESSED,100,751842,751848,2022-08-30T14:10:00Z,2022-09-02T14:10:00Z,16.898010720533769,0.17221282264566681,0.90964590964590963,0.93971306471306471
EMFC-864,one_bar_delayed_entry,1,LOW_PRESSURE_EXPANDED,100,752342,752348,2022-09-03T03:20:00Z,2022-09-06T03:20:00Z,14.109994942145493,-0.14942524681992686,0.093101343101343104,0.056356837606837608
EMFC-864,one_bar_delayed_entry,1,LOW_PRESSURE_EXPANDED,100,753207,753213,2022-09-09T00:10:00Z,2022-09-12T00:10:00Z,12.808189474740448,-0.13229938401348429,0.029418498168498168,0.080090048840048847
EMFC-864,one_bar_delayed_entry,1,LOW_PRESSURE_EXPANDED,100,754027,754033,2022-09-14T08:55:00Z,2022-09-17T08:55:00Z,12.132980311287769,-0.12385346216699779,0.01617826617826618,0.092376373626373631
EMFC-864,one_bar_delayed_entry,-1,HIGH_PRESSURE_COMPRESSED,100,754495,754501,2022-09-17T15:40:00Z,2022-09-20T15:40:00Z,17.007358559759265,0.18366245539679615,0.93826312576312576,0.94459706959706957
EMFC-864,one_bar_delayed_entry,1,LOW_PRESSURE_EXPANDED,100,755283,755289,2022-09-23T03:25:00Z,2022-09-26T03:25:00Z,13.886867033936081,-0.14594568213653453,0.072573260073260079,0.067822802197802193
EMFC-864,one_bar_delayed_entry,1,LOW_PRESSURE_EXPANDED,100,755902,755908,2022-09-27T13:20:00Z,2022-09-30T13:20:00Z,11.312851258239963,-0.12532489457738921,0.007020757020757021,0.097661019536019536
EMFC-864,one_bar_delayed_entry,-1,HIGH_PRESSURE_COMPRESSED,100,756451,756457,2022-10-01T04:20:00Z,2022-10-04T04:20:00Z,16.910467113946261,0.18182168175230359,0.90987484737484736,0.94471153846153844
EMFC-864,one_bar_delayed_entry,-1,HIGH_PRESSURE_COMPRESSED,100,757165,757171,2022-10-05T09:35:00Z,2022-10-08T09:35:00Z,16.905109151276353,0.32179054208523061,0.90804334554334554,0.99801587301587302
EMFC-864,one_bar_delayed_entry,1,LOW_PRESSURE_EXPANDED,100,758423,758429,2022-10-13T07:20:00Z,2022-10-16T07:20:00Z,13.591989435379002,-0.12438342729003191,0.057692307692307696,0.09394078144078144
EMFC-864,one_bar_delayed_entry,1,LOW_PRESSURE_EXPANDED,100,760145,760151,2022-10-25T00:10:00Z,2022-10-28T00:10:00Z,12.59559128180865,-0.14493693477101008,0.02338980463980464,0.068624084249084255
EMFC-864,one_bar_delayed_entry,1,LOW_PRESSURE_EXPANDED,100,760602,760608,2022-10-28T07:10:00Z,2022-10-31T07:10:00Z,13.731940887864571,-0.13685918271719735,0.063835470085470081,0.080929487179487183
EMFC-864,one_bar_delayed_entry,-1,HIGH_PRESSURE_COMPRESSED,100,761185,761191,2022-11-01T02:10:00Z,2022-11-04T02:10:00Z,17.038670472999524,0.24103176227528744,0.94085775335775335,0.973519536019536
EMFC-864,one_bar_delayed_entry,1,LOW_PRESSURE_EXPANDED,100,761789,761795,2022-11-05T10:45:00Z,2022-11-08T10:45:00Z,14.109411503079881,-0.17585625726952406,0.090315934065934064,0.041895604395604392
EMFC-864,one_bar_delayed_entry,-1,HIGH_PRESSURE_COMPRESSED,100,762377,762383,2022-11-09T08:55:00Z,2022-11-12T08:55:00Z,17.195776054959087,0.15749236816466133,0.96989468864468864,0.90006868131868134
EMFC-864,one_bar_delayed_entry,-1,HIGH_PRESSURE_COMPRESSED,100,762827,762833,2022-11-12T09:40:00Z,2022-11-15T09:40:00Z,17.297963019771679,0.2806181916190652,0.98137973137973133,0.98824786324786329
EMFC-864,one_bar_delayed_entry,-1,HIGH_PRESSURE_COMPRESSED,100,763307,763313,2022-11-15T20:40:00Z,2022-11-18T20:40:00Z,17.008278601362818,0.16676321787810205,0.93059371184371187,0.90939789377289382
EMFC-864,one_bar_delayed_entry,-1,HIGH_PRESSURE_COMPRESSED,100,763949,763955,2022-11-20T07:00:00Z,2022-11-23T07:00:00Z,16.973913569492549,0.16770884442610914,0.91140109890109888,0.91130570818070822
EMFC-864,one_bar_delayed_entry,1,LOW_PRESSURE_EXPANDED,100,764704,764710,2022-11-25T23:35:00Z,2022-11-28T23:35:00Z,0,-0.15217730543273564,0.0013163919413919415,0.06110729548229548
EMFC-864,one_bar_delayed_entry,1,LOW_PRESSURE_EXPANDED,100,765382,765388,2022-12-01T04:40:00Z,2022-12-04T04:40:00Z,13.729342461677142,-0.12758667441599231,0.061431623931623928,0.09748931623931624
EMFC-864,one_bar_delayed_entry,-1,HIGH_PRESSURE_COMPRESSED,100,766123,766129,2022-12-06T12:15:00Z,2022-12-09T12:15:00Z,17.100191389139027,0.17916653910065453,0.92528998778998783,0.92418345543345548
EMFC-864,one_bar_delayed_entry,-1,HIGH_PRESSURE_COMPRESSED,100,767296,767302,2022-12-14T02:05:00Z,2022-12-17T02:05:00Z,17.077204157258443,0.24521875896606735,0.92105463980463975,0.97451159951159949
EMFC-864,one_bar_delayed_entry,1,LOW_PRESSURE_EXPANDED,100,767718,767724,2022-12-17T03:20:00Z,2022-12-20T03:20:00Z,14.061682117671518,-0.14842000511827322,0.082493894993894992,0.064560439560439567
EMFC-864,one_bar_delayed_entry,1,LOW_PRESSURE_EXPANDED,100,768676,768682,2022-12-24T00:10:00Z,2022-12-27T00:10:00Z,13.797580775798291,-0.12817331372298282,0.064102564102564097,0.092376373626373631
EMFC-864,one_bar_delayed_entry,1,LOW_PRESSURE_EXPANDED,100,769036,769042,2022-12-27T01:40:00Z,2022-12-30T01:40:00Z,13.274856112171344,-0.13069194854929675,0.038308913308913312,0.095943986568986575
EMFC-864,one_bar_delayed_entry,-1,HIGH_PRESSURE_COMPRESSED,100,769637,769643,2022-12-31T04:10:00Z,2023-01-03T04:10:00Z,17.0401139489652,0.16766942546164024,0.90754731379731379,0.90588751526251521
EMFC-864,one_bar_delayed_entry,-1,HIGH_PRESSURE_COMPRESSED,100,770727,770733,2023-01-07T02:15:00Z,2023-01-10T02:15:00Z,17.049943343360482,0.33226111584974827,0.91491147741147738,0.99687118437118438
EMFC-864,one_bar_delayed_entry,-1,HIGH_PRESSURE_COMPRESSED,100,771832,771838,2023-01-14T05:50:00Z,2023-01-17T05:50:00Z,17.266614781666288,0.18791718315111447,0.96527777777777779,0.9212263431013431
EMFC-864,one_bar_delayed_entry,1,LOW_PRESSURE_EXPANDED,100,772848,772854,2023-01-20T22:50:00Z,2023-01-23T22:50:00Z,13.540380050682307,-0.12719049824447512,0.051854395604395608,0.080051892551892545
EMFC-864,one_bar_delayed_entry,-1,HIGH_PRESSURE_COMPRESSED,100,773628,773634,2023-01-26T03:40:00Z,2023-01-29T03:40:00Z,17.022836175258782,0.20327965138543214,0.92021520146520142,0.93307387057387059
EMFC-864,one_bar_delayed_entry,1,LOW_PRESSURE_EXPANDED,100,774903,774909,2023-02-03T23:15:00Z,2023-02-06T23:15:00Z,14.132587341525483,-0.12060866942019806,0.091079059829059825,0.094341422466422464
EMFC-864,one_bar_delayed_entry,-1,HIGH_PRESSURE_COMPRESSED,100,776441,776447,2023-02-14T05:40:00Z,2023-02-17T05:40:00Z,17.260876807113757,0.18068290012544608,0.96543040293040294,0.91033272283272282
EMFC-864,one_bar_delayed_entry,-1,HIGH_PRESSURE_COMPRESSED,100,776946,776952,2023-02-17T06:50:00Z,2023-02-20T06:50:00Z,17.393178440104393,0.22577200266790173,0.98137973137973133,0.95058760683760679
EMFC-864,one_bar_delayed_entry,-1,HIGH_PRESSURE_COMPRESSED,100,777716,777722,2023-02-22T01:55:00Z,2023-02-25T01:55:00Z,16.995358943800547,0.19571079391297067,0.90128968253968256,0.9228289072039072
EMFC-864,one_bar_delayed_entry,1,LOW_PRESSURE_EXPANDED,100,778544,778550,2023-02-27T21:30:00Z,2023-03-02T21:30:00Z,14.224259601382908,-0.12852513218828565,0.084210927960927967,0.084134615384615391
EMFC-864,one_bar_delayed_entry,-1,HIGH_PRESSURE_COMPRESSED,100,779210,779216,2023-03-04T05:05:00Z,2023-03-07T05:05:00Z,17.192257481880873,0.21967042294644462,0.94845085470085466,0.94761141636141633
EMFC-864,one_bar_delayed_entry,-1,HIGH_PRESSURE_COMPRESSED,100,779733,779739,2023-03-07T16:05:00Z,2023-03-10T16:05:00Z,17.156125175267292,0.18298177468983409,0.93811050061050061,0.90640262515262515
EMFC-864,one_bar_delayed_entry,-1,HIGH_PRESSURE_COMPRESSED,100,780285,780291,2023-03-11T13:40:00Z,2023-03-14T13:40:00Z,17.410839181211522,0.21150323015753475,0.97710622710622708,0.94288003663003661
EMFC-864,one_bar_delayed_entry,1,LOW_PRESSURE_EXPANDED,100,781098,781104,2023-03-16T23:20:00Z,2023-03-19T23:20:00Z,0,-0.13860184943762824,0.0014308608058608058,0.064503205128205135
EMFC-864,one_bar_delayed_entry,-1,HIGH_PRESSURE_COMPRESSED,100,781946,781952,2023-03-22T12:30:00Z,2023-03-25T12:30:00Z,17.314608488797973,0.19350384619652405,0.95459401709401714,0.92342032967032972
EMFC-864,one_bar_delayed_entry,-1,HIGH_PRESSURE_COMPRESSED,100,783518,783524,2023-04-01T23:45:00Z,2023-04-04T23:45:00Z,17.803298778702654,0.19642048117345628,0.99721459096459097,0.93103250915750912
EMFC-864,one_bar_delayed_entry,-1,HIGH_PRESSURE_COMPRESSED,100,783997,784003,2023-04-05T07:45:00Z,2023-04-08T07:45:00Z,17.441022804684781,0.17457166493389512,0.97149725274725274,0.90556318681318682
EMFC-864,one_bar_delayed_entry,1,LOW_PRESSURE_EXPANDED,100,784765,784771,2023-04-10T13:20:00Z,2023-04-13T13:20:00Z,14.683495528327084,-0.11468193591689177,0.094474969474969472,0.094246031746031744
EMFC-864,one_bar_delayed_entry,-1,HIGH_PRESSURE_COMPRESSED,100,785499,785505,2023-04-15T12:05:00Z,2023-04-18T12:05:00Z,17.293816778481911,0.17161903366081899,0.9375,0.90617368742368742
EMFC-864,one_bar_delayed_entry,1,LOW_PRESSURE_EXPANDED,100,786294,786300,2023-04-21T01:05:00Z,2023-04-24T01:05:00Z,14.236903475687988,-0.1149939646260643,0.049679487179487176,0.099072802197802193
EMFC-864,one_bar_delayed_entry,1,LOW_PRESSURE_EXPANDED,100,787133,787139,2023-04-27T01:40:00Z,2023-04-30T01:40:00Z,14.671746780477001,-0.13001898132373474,0.081807081807081808,0.0740995115995116
EMFC-864,one_bar_delayed_entry,-1,HIGH_PRESSURE_COMPRESSED,100,787799,787805,2023-05-01T16:25:00Z,2023-05-04T16:25:00Z,17.483915226934549,0.17707534227400154,0.96958943833943834,0.91317536630036633
EMFC-864,one_bar_delayed_entry,-1,HIGH_PRESSURE_COMPRESSED,100,788520,788526,2023-05-06T16:20:00Z,2023-05-09T16:20:00Z,18.682058368004085,0.18446384986598813,0.99465811965811968,0.92053952991452992
EMFC-864,one_bar_delayed_entry,-1,HIGH_PRESSURE_COMPRESSED,100,788946,788952,2023-05-09T18:00:00Z,2023-05-12T18:00:00Z,19.803348228399315,0.17663774032565702,0.99500152625152627,0.90762362637362637
EMFC-864,one_bar_delayed_entry,-1,HIGH_PRESSURE_COMPRESSED,100,789709,789715,2023-05-14T17:45:00Z,2023-05-17T17:45:00Z,18.414314995500298,0.17417483165818612,0.95806623931623935,0.90314026251526247
EMFC-864,one_bar_delayed_entry,-1,HIGH_PRESSURE_COMPRESSED,100,790188,790194,2023-05-17T18:25:00Z,2023-05-20T18:25:00Z,18.007646733837088,0.20166748839149229,0.9391025641025641,0.93885454822954828
EMFC-864,one_bar_delayed_entry,-1,HIGH_PRESSURE_COMPRESSED,100,790689,790695,2023-05-21T07:35:00Z,2023-05-24T07:35:00Z,18.79875467561979,0.17944569604849037,0.9713064713064713,0.90873015873015872
EMFC-864,one_bar_delayed_entry,-1,HIGH_PRESSURE_COMPRESSED,100,791385,791391,2023-05-25T23:50:00Z,2023-05-28T23:50:00Z,17.856032630078097,0.18470439349574858,0.91250763125763124,0.91597985347985345
EMFC-864,one_bar_delayed_entry,-1,HIGH_PRESSURE_COMPRESSED,100,791997,792003,2023-05-29T23:20:00Z,2023-06-01T23:20:00Z,17.920686317088517,0.24128630695985986,0.91147741147741146,0.97195512820512819
EMFC-864,one_bar_delayed_entry,-1,HIGH_PRESSURE_COMPRESSED,100,792493,792499,2023-06-02T08:20:00Z,2023-06-05T08:20:00Z,17.896991183402761,0.18673126528265474,0.90335012210012211,0.91821199633699635
EMFC-864,one_bar_delayed_entry,-1,HIGH_PRESSURE_COMPRESSED,100,793097,793103,2023-06-06T13:10:00Z,2023-06-09T13:10:00Z,18.25277780547836,0.17807060490641691,0.93849206349206349,0.90708943833943834
EMFC-864,one_bar_delayed_entry,-1,HIGH_PRESSURE_COMPRESSED,100,793547,793553,2023-06-09T13:25:00Z,2023-06-12T13:25:00Z,18.230919791347702,0.18731399831699869,0.93318833943833945,0.9221993284493285
EMFC-864,one_bar_delayed_entry,1,LOW_PRESSURE_EXPANDED,100,797475,797481,2023-07-06T22:55:00Z,2023-07-09T22:55:00Z,15.397174931625258,-0.12683820983405603,0.090926434676434673,0.073775183150183152
EMFC-864,one_bar_delayed_entry,1,LOW_PRESSURE_EXPANDED,100,798336,798342,2023-07-12T05:30:00Z,2023-07-15T05:30:00Z,15.370472432240527,-0.11954444642418256,0.079899267399267393,0.083333333333333329
EMFC-864,one_bar_delayed_entry,1,LOW_PRESSURE_EXPANDED,100,798800,798806,2023-07-15T18:05:00Z,2023-07-18T18:05:00Z,0,-0.1406021689960317,0.0013927045177045177,0.062385531135531136
EMFC-864,one_bar_delayed_entry,1,LOW_PRESSURE_EXPANDED,100,799657,799663,2023-07-21T19:55:00Z,2023-07-24T19:55:00Z,0,-0.20362088482534585,0.0013927045177045177,0.022397741147741148
EMFC-864,one_bar_delayed_entry,1,LOW_PRESSURE_EXPANDED,100,800270,800276,2023-07-26T03:55:00Z,2023-07-29T03:55:00Z,15.593478864779883,-0.12752799155283859,0.084859584859584863,0.081463675213675216
EMFC-864,one_bar_delayed_entry,1,LOW_PRESSURE_EXPANDED,100,800816,800822,2023-07-30T02:30:00Z,2023-08-02T02:30:00Z,15.619526113588496,-0.13048718037540591,0.080280830280830287,0.073031135531135535
EMFC-864,one_bar_delayed_entry,1,LOW_PRESSURE_EXPANDED,100,801716,801722,2023-08-05T06:10:00Z,2023-08-08T06:10:00Z,15.726710059641331,-0.17227122094045313,0.094398656898656896,0.039377289377289376
EMFC-864,one_bar_delayed_entry,1,LOW_PRESSURE_EXPANDED,100,802290,802296,2023-08-09T04:10:00Z,2023-08-12T04:10:00Z,15.753435193220001,-0.17152739779571466,0.098366910866910864,0.041208791208791208
EMFC-864,one_bar_delayed_entry,1,LOW_PRESSURE_EXPANDED,100,802959,802965,2023-08-13T15:40:00Z,2023-08-16T15:40:00Z,15.753640951619332,-0.15462199731114967,0.095924908424908431,0.054906898656898656
EMFC-864,one_bar_delayed_entry,1,LOW_PRESSURE_EXPANDED,100,803804,803810,2023-08-19T00:50:00Z,2023-08-22T00:50:00Z,15.708082918061564,-0.12763068430355426,0.079288766788766785,0.086004273504273504
EMFC-864,one_bar_delayed_entry,1,LOW_PRESSURE_EXPANDED,100,804747,804753,2023-08-25T09:00:00Z,2023-08-28T09:00:00Z,15.740256167026896,-0.12323481433462875,0.080547924297924303,0.087187118437118433
EMFC-864,one_bar_delayed_entry,1,LOW_PRESSURE_EXPANDED,100,805138,805144,2023-08-28T11:20:00Z,2023-08-31T11:20:00Z,15.671586336142601,-0.13224097706304058,0.059752747252747256,0.080872252747252751
EMFC-864,one_bar_delayed_entry,1,LOW_PRESSURE_EXPANDED,100,810672,810678,2023-10-05T04:35:00Z,2023-10-08T04:35:00Z,15.607475839344888,-0.13858733975604284,0.036210317460317464,0.078945360195360192
EMFC-864,one_bar_delayed_entry,1,LOW_PRESSURE_EXPANDED,100,812986,812992,2023-10-20T07:40:00Z,2023-10-23T07:40:00Z,15.019957449892921,-0.13037015116185496,0.011141636141636142,0.086061507936507936
EMFC-864,one_bar_delayed_entry,1,LOW_PRESSURE_EXPANDED,100,813658,813664,2023-10-24T21:15:00Z,2023-10-27T21:15:00Z,15.71246632936786,-0.1698974742941767,0.06662087912087912,0.042811355311355312
EMFC-864,one_bar_delayed_entry,1,LOW_PRESSURE_EXPANDED,100,814448,814454,2023-10-30T05:00:00Z,2023-11-02T05:00:00Z,15.802191317362556,-0.13019458165782657,0.096840659340659344,0.084306318681318687
EMFC-864,one_bar_delayed_entry,1,LOW_PRESSURE_EXPANDED,100,814951,814957,2023-11-02T12:20:00Z,2023-11-05T12:20:00Z,15.364901606647601,-0.13362722136613545,0.029800061050061052,0.071600274725274721
EMFC-864,one_bar_delayed_entry,-1,HIGH_PRESSURE_COMPRESSED,100,815439,815445,2023-11-05T16:15:00Z,2023-11-08T16:15:00Z,17.736502660517946,0.20901466905011667,0.90098443223443225,0.94955738705738701
EMFC-864,one_bar_delayed_entry,-1,HIGH_PRESSURE_COMPRESSED,100,815869,815875,2023-11-08T17:50:00Z,2023-11-11T17:50:00Z,18.470407888066575,0.16877374424868608,0.99240689865689868,0.90144230769230771
EMFC-864,one_bar_delayed_entry,-1,HIGH_PRESSURE_COMPRESSED,100,816372,816378,2023-11-12T03:10:00Z,2023-11-15T03:10:00Z,18.48386606555329,0.17377815579666053,0.98687423687423692,0.91210699023199027
EMFC-864,one_bar_delayed_entry,-1,HIGH_PRESSURE_COMPRESSED,100,817437,817443,2023-11-19T08:35:00Z,2023-11-22T08:35:00Z,19.497852923983199,0.17970498301080062,0.99820665445665446,0.91971916971916967
EMFC-864,one_bar_delayed_entry,-1,HIGH_PRESSURE_COMPRESSED,100,818122,818128,2023-11-23T18:35:00Z,2023-11-26T18:35:00Z,18.377265650672374,0.17187629893241602,0.95043498168498164,0.90493360805860801
EMFC-864,one_bar_delayed_entry,1,LOW_PRESSURE_EXPANDED,100,819060,819066,2023-11-30T05:10:00Z,2023-12-03T05:10:00Z,0,-0.15775844970627234,0.0010874542124542125,0.0438034188034188
EMFC-864,one_bar_delayed_entry,-1,HIGH_PRESSURE_COMPRESSED,100,819607,819613,2023-12-03T22:00:00Z,2023-12-06T22:00:00Z,18.003047650261511,0.18775629828400026,0.90411324786324787,0.92830433455433459
EMFC-864,one_bar_delayed_entry,1,LOW_PRESSURE_EXPANDED,100,820137,820143,2023-12-07T16:15:00Z,2023-12-10T16:15:00Z,0,-0.14314750921848493,0.001201923076923077,0.063644688644688641
EMFC-864,one_bar_delayed_entry,-1,HIGH_PRESSURE_COMPRESSED,100,821354,821360,2023-12-15T22:50:00Z,2023-12-18T22:50:00Z,19.509539326168795,0.1811023003892252,0.99503968253968256,0.92246642246642252
EMFC-864,one_bar_delayed_entry,-1,HIGH_PRESSURE_COMPRESSED,100,821848,821854,2023-12-19T02:25:00Z,2023-12-22T02:25:00Z,19.315371041122621,0.17264849209826752,0.97523656898656896,0.90764270451770457
EMFC-864,one_bar_delayed_entry,-1,HIGH_PRESSURE_COMPRESSED,100,822483,822489,2023-12-23T03:40:00Z,2023-12-26T03:40:00Z,19.164449154114909,0.17070924146578864,0.94799297924297921,0.90096535409035405
EMFC-864,one_bar_delayed_entry,-1,HIGH_PRESSURE_COMPRESSED,100,823010,823016,2023-12-26T13:20:00Z,2023-12-29T13:20:00Z,18.879198341822782,0.1739169744501442,0.91823107448107444,0.90119429181929178
EMFC-864,one_bar_delayed_entry,-1,HIGH_PRESSURE_COMPRESSED,100,823654,823660,2023-12-31T05:30:00Z,2024-01-03T05:30:00Z,19.240827402429559,0.17128270967873827,0.95173229548229543,0.90035485347985345
EMFC-864,primary,-1,HIGH_PRESSURE_COMPRESSED,100,665703,665709,2021-01-12T11:25:00Z,2021-01-15T11:25:00Z,18.735155179073125,0.17187629893241602,0.90453296703296704,0.91468253968253965
EMFC-864,primary,-1,HIGH_PRESSURE_COMPRESSED,100,666273,666279,2021-01-16T05:50:00Z,2021-01-19T05:50:00Z,18.901851327526089,0.22602269206505327,0.9486416361416361,0.96886446886446886
EMFC-864,primary,1,LOW_PRESSURE_EXPANDED,100,666974,666980,2021-01-21T06:55:00Z,2021-01-24T06:55:00Z,15.81046498855833,-0.12550132105946171,0.046245421245421248,0.097451159951159952
EMFC-864,primary,1,LOW_PRESSURE_EXPANDED,100,668616,668622,2021-02-01T17:35:00Z,2021-02-04T17:35:00Z,15.665648834937498,-0.14197687889554952,0.038270757020757024,0.082474816849816848
EMFC-864,primary,-1,HIGH_PRESSURE_COMPRESSED,100,669174,669180,2021-02-05T08:00:00Z,2021-02-08T08:00:00Z,18.783502011486114,0.17157946026205245,0.93448565323565325,0.91561736874236876
EMFC-864,primary,-1,HIGH_PRESSURE_COMPRESSED,100,670493,670499,2021-02-14T03:30:00Z,2021-02-17T03:30:00Z,18.854560265110649,0.17312398443991253,0.94631410256410253,0.91702915140415142
EMFC-864,primary,-1,HIGH_PRESSURE_COMPRESSED,100,671109,671115,2021-02-18T13:05:00Z,2021-02-21T13:05:00Z,18.724481607877951,0.18366245539679615,0.90873015873015872,0.93051739926739929
EMFC-864,primary,1,LOW_PRESSURE_EXPANDED,100,671875,671881,2021-02-24T01:40:00Z,2021-02-27T01:40:00Z,0,-0.19140517552699712,0.0025755494505494505,0.042239010989010992
EMFC-864,primary,-1,HIGH_PRESSURE_COMPRESSED,100,672424,672430,2021-02-27T14:30:00Z,2021-03-02T14:30:00Z,18.838457794752227,0.18626933904205206,0.93967490842490842,0.93585927960927962
EMFC-864,primary,-1,HIGH_PRESSURE_COMPRESSED,100,672958,672964,2021-03-03T11:30:00Z,2021-03-06T11:30:00Z,18.742584364625472,0.17629972447546036,0.90556318681318682,0.9221802503052503
EMFC-864,primary,1,LOW_PRESSURE_EXPANDED,100,676409,676415,2021-03-26T20:55:00Z,2021-03-29T20:55:00Z,16.542570130642051,-0.16343600885192539,0.082684676434676432,0.062576312576312576
EMFC-864,primary,1,LOW_PRESSURE_EXPANDED,100,678413,678419,2021-04-09T10:25:00Z,2021-04-12T10:25:00Z,16.634330219969637,-0.13067732364161613,0.088942307692307696,0.094627594627594624
EMFC-864,primary,-1,HIGH_PRESSURE_COMPRESSED,100,679399,679405,2021-04-15T23:50:00Z,2021-04-18T23:50:00Z,18.827664717999447,0.19263455340239846,0.93677503052503053,0.96020299145299148
EMFC-864,primary,1,LOW_PRESSURE_EXPANDED,100,679874,679880,2021-04-20T10:50:00Z,2021-04-23T10:50:00Z,0,-0.31624523357609591,0.0025755494505494505,0.022893772893772892
EMFC-864,primary,1,LOW_PRESSURE_EXPANDED,100,680740,680746,2021-04-27T02:10:00Z,2021-04-30T02:10:00Z,16.655951893510334,-0.24294617861038939,0.079632173382173377,0.03498931623931624
EMFC-864,primary,-1,HIGH_PRESSURE_COMPRESSED,100,681507,681513,2021-05-02T12:25:00Z,2021-05-05T12:25:00Z,18.777749522328133,0.20784451402504051,0.90781440781440781,0.97019993894993894
EMFC-864,primary,-1,HIGH_PRESSURE_COMPRESSED,100,682325,682331,2021-05-07T06:00:00Z,2021-05-10T06:00:00Z,18.747908423888934,0.1980038841960618,0.90811965811965811,0.95096916971916967
EMFC-864,primary,1,LOW_PRESSURE_EXPANDED,100,683593,683599,2021-05-14T19:05:00Z,2021-05-17T19:05:00Z,16.619419455074954,-0.13635033234457042,0.078373015873015872,0.074061355311355312
EMFC-864,primary,1,LOW_PRESSURE_EXPANDED,100,684004,684010,2021-05-17T22:00:00Z,2021-05-20T22:00:00Z,16.250314257255827,-0.15918086435231205,0.044452075702075704,0.058054792429792432
EMFC-864,primary,1,LOW_PRESSURE_EXPANDED,100,684623,684629,2021-05-23T09:35:00Z,2021-05-26T09:35:00Z,0,-0.16097023088291929,0.002728174603174603,0.075473137973137969
EMFC-864,primary,1,LOW_PRESSURE_EXPANDED,100,684991,684997,2021-05-26T10:25:00Z,2021-05-29T10:25:00Z,16.564717673494805,-0.22171586598968218,0.064369658119658113,0.039148351648351648
EMFC-864,primary,1,LOW_PRESSURE_EXPANDED,100,685351,685357,2021-05-29T11:00:00Z,2021-06-01T11:00:00Z,16.03031317674963,-0.28368660117629219,0.027472527472527472,0.021253052503052504
EMFC-864,primary,1,LOW_PRESSURE_EXPANDED,100,686269,686275,2021-06-04T22:10:00Z,2021-06-07T22:10:00Z,16.719244586199189,-0.16318121014152684,0.087034493284493281,0.088637057387057391
EMFC-864,primary,1,LOW_PRESSURE_EXPANDED,100,686981,686987,2021-06-10T01:05:00Z,2021-06-13T01:05:00Z,16.718857220989143,-0.15874013216106553,0.094360500610500608,0.093063186813186816
EMFC-864,primary,1,LOW_PRESSURE_EXPANDED,100,687373,687379,2021-06-13T09:35:00Z,2021-06-16T09:35:00Z,16.657092318357659,-0.16779996027493421,0.088217338217338223,0.092223748473748479
EMFC-864,primary,1,LOW_PRESSURE_EXPANDED,100,687781,687787,2021-06-16T10:50:00Z,2021-06-19T10:50:00Z,14.997114739642045,-0.2252480020702318,0.0115995115995116,0.051701770451770449
EMFC-864,primary,1,LOW_PRESSURE_EXPANDED,100,688155,688161,2021-06-19T11:00:00Z,2021-06-22T11:00:00Z,16.687712348382924,-0.26961992963337233,0.09806166056166056,0.03331043956043956
EMFC-864,primary,1,LOW_PRESSURE_EXPANDED,100,688470,688476,2021-06-22T11:50:00Z,2021-06-25T11:50:00Z,15.440301999432222,-0.37329768414740383,0.019421550671550672,0.006791819291819292
EMFC-864,primary,1,LOW_PRESSURE_EXPANDED,100,688774,688780,2021-06-25T13:30:00Z,2021-06-28T13:30:00Z,16.212521803762261,-0.2707393517214689,0.052808302808302808,0.053609584859584856
EMFC-864,primary,1,LOW_PRESSURE_EXPANDED,100,689027,689033,2021-06-28T14:45:00Z,2021-07-01T14:45:00Z,16.584366948712209,-0.78325445475495747,0.090697496947496944,0.00080128205128205125
EMFC-864,primary,1,LOW_PRESSURE_EXPANDED,100,689500,689506,2021-07-03T15:00:00Z,2021-07-06T15:00:00Z,0,-0.39182810091850506,0.002670940170940171,0.0277014652014652
EMFC-864,primary,1,LOW_PRESSURE_EXPANDED,100,711329,711335,2021-11-26T06:20:00Z,2021-11-29T06:20:00Z,13.530566068244473,-0.17336489875106262,0.038690476190476192,0.091956654456654463
EMFC-864,primary,1,LOW_PRESSURE_EXPANDED,100,712007,712013,2021-12-01T03:05:00Z,2021-12-04T03:05:00Z,12.739722796637889,-0.15520726430238263,0.019192612942612944,0.09691697191697192
EMFC-864,primary,-1,HIGH_PRESSURE_COMPRESSED,100,712739,712745,2021-12-05T19:10:00Z,2021-12-08T19:10:00Z,17.340117398716554,0.17566376912988815,0.91800213675213671,0.90502899877899878
EMFC-864,primary,1,LOW_PRESSURE_EXPANDED,100,714422,714428,2021-12-16T23:30:00Z,2021-12-19T23:30:00Z,12.894847782621291,-0.12848116164854009,0.023504273504273504,0.097260378510378512
EMFC-864,primary,1,LOW_PRESSURE_EXPANDED,100,715865,715871,2021-12-26T21:10:00Z,2021-12-29T21:10:00Z,14.059866722469355,-0.11166062820630623,0.079746642246642241,0.066506410256410256
EMFC-864,primary,1,LOW_PRESSURE_EXPANDED,100,716475,716481,2021-12-31T07:15:00Z,2022-01-03T07:15:00Z,13.929333763832968,-0.23843930587332945,0.069329975579975583,0.0023275335775335775
EMFC-864,primary,1,LOW_PRESSURE_EXPANDED,100,717066,717072,2022-01-04T02:25:00Z,2022-01-07T02:25:00Z,13.866469796561402,-0.1065048606452715,0.066926129426129424,0.057291666666666664
EMFC-864,primary,1,LOW_PRESSURE_EXPANDED,100,717628,717634,2022-01-07T23:10:00Z,2022-01-10T23:10:00Z,14.029753011787426,-0.089032943357821415,0.080929487179487183,0.079727564102564097
EMFC-864,primary,1,LOW_PRESSURE_EXPANDED,100,718056,718062,2022-01-10T23:25:00Z,2022-01-13T23:25:00Z,8.8614918642869149,-0.080519517058795509,0.0035866910866910865,0.095295329670329665
EMFC-864,primary,-1,HIGH_PRESSURE_COMPRESSED,100,718734,718740,2022-01-15T04:05:00Z,2022-01-18T04:05:00Z,16.878076934540413,0.26794480676874904,0.93307387057387059,0.97622863247863245
EMFC-864,primary,1,LOW_PRESSURE_EXPANDED,100,719288,719294,2022-01-18T16:10:00Z,2022-01-21T16:10:00Z,13.878634641756806,-0.080042707673536356,0.071314102564102561,0.092834249084249088
EMFC-864,primary,1,LOW_PRESSURE_EXPANDED,100,719764,719770,2022-01-21T16:55:00Z,2022-01-24T16:55:00Z,13.885352801965576,-0.1271171150594653,0.072535103785103791,0.038900335775335776
EMFC-864,primary,1,LOW_PRESSURE_EXPANDED,100,720484,720490,2022-01-26T19:10:00Z,2022-01-29T19:10:00Z,14.1843365776565,-0.11992887983322295,0.098748473748473745,0.043841575091575088
EMFC-864,primary,-1,HIGH_PRESSURE_COMPRESSED,100,721008,721014,2022-01-30T09:10:00Z,2022-02-02T09:10:00Z,16.828933720860629,0.19239209487172171,0.9266636141636142,0.90991300366300365
EMFC-864,primary,1,LOW_PRESSURE_EXPANDED,100,721821,721827,2022-02-05T00:10:00Z,2022-02-08T00:10:00Z,13.31320850513916,-0.16772949754616534,0.038690476190476192,0.016826923076923076
EMFC-864,primary,1,LOW_PRESSURE_EXPANDED,100,722236,722242,2022-02-08T00:35:00Z,2022-02-11T00:35:00Z,0,-0.096582097846244011,0.0015644078144078145,0.082646520146520144
EMFC-864,primary,-1,HIGH_PRESSURE_COMPRESSED,100,722910,722916,2022-02-12T12:15:00Z,2022-02-15T12:15:00Z,16.896865924454048,0.18928575059558755,0.94383394383394381,0.91727716727716724
EMFC-864,primary,-1,HIGH_PRESSURE_COMPRESSED,100,723474,723480,2022-02-15T20:45:00Z,2022-02-18T20:45:00Z,16.747170921500793,0.32434605682337242,0.90789072039072038,0.99233058608058611
EMFC-864,primary,1,LOW_PRESSURE_EXPANDED,100,724213,724219,2022-02-20T21:40:00Z,2022-02-23T21:40:00Z,13.798084604140895,-0.092533601402932916,0.062042124542124544,0.091040903540903537
EMFC-864,primary,1,LOW_PRESSURE_EXPANDED,100,724750,724756,2022-02-24T17:20:00Z,2022-02-27T17:20:00Z,11.18987870201148,-0.094446170291945589,0.007364163614163614,0.0902014652014652
EMFC-864,primary,1,LOW_PRESSURE_EXPANDED,100,725136,725142,2022-02-27T17:35:00Z,2022-03-02T17:35:00Z,13.286551513002141,-0.23483493990379359,0.037965506715506712,0.00434981684981685
EMFC-864,primary,1,LOW_PRESSURE_EXPANDED,100,726057,726063,2022-03-06T02:10:00Z,2022-03-09T02:10:00Z,13.69704679066267,-0.17333687066692047,0.056623931623931624,0.021825396825396824
EMFC-864,primary,1,LOW_PRESSURE_EXPANDED,100,726598,726604,2022-03-09T22:50:00Z,2022-03-12T22:50:00Z,13.696394759574062,-0.14233833077939603,0.056929181929181928,0.046951312576312576
EMFC-864,primary,-1,HIGH_PRESSURE_COMPRESSED,100,728484,728490,2022-03-22T10:10:00Z,2022-03-25T10:10:00Z,16.728373482655961,0.22408149104218619,0.91204975579975578,0.95821886446886451
EMFC-864,primary,-1,HIGH_PRESSURE_COMPRESSED,100,729070,729076,2022-03-26T09:35:00Z,2022-03-29T09:35:00Z,16.733322478389493,0.17449228567962155,0.91372863247863245,0.90604014041514036
EMFC-864,primary,1,LOW_PRESSURE_EXPANDED,100,729741,729747,2022-03-31T00:10:00Z,2022-04-03T00:10:00Z,12.798194345021855,-0.1014428516237211,0.026556776556776556,0.087473290598290593
EMFC-864,primary,1,LOW_PRESSURE_EXPANDED,100,730269,730275,2022-04-03T20:30:00Z,2022-04-06T20:30:00Z,13.952439796367049,-0.14197687889554952,0.076884920634920639,0.042353479853479856
EMFC-864,primary,1,LOW_PRESSURE_EXPANDED,100,730889,730895,2022-04-08T01:05:00Z,2022-04-11T01:05:00Z,12.818210401296124,-0.096884697176782456,0.027167277167277168,0.095123626373626369
EMFC-864,primary,1,LOW_PRESSURE_EXPANDED,100,731455,731461,2022-04-12T01:30:00Z,2022-04-15T01:30:00Z,13.642659613016326,-0.12425096233785687,0.058340964590964592,0.058226495726495728
EMFC-864,primary,1,LOW_PRESSURE_EXPANDED,100,732124,732130,2022-04-16T16:50:00Z,2022-04-19T16:50:00Z,13.54638196693765,-0.10842082812108388,0.054487179487179488,0.076636904761904767
EMFC-864,primary,1,LOW_PRESSURE_EXPANDED,100,732585,732591,2022-04-19T22:10:00Z,2022-04-22T22:10:00Z,13.944956867989188,-0.17468133336453745,0.082455738705738704,0.021062271062271064
EMFC-864,primary,-1,HIGH_PRESSURE_COMPRESSED,100,733155,733161,2022-04-23T12:40:00Z,2022-04-26T12:40:00Z,16.727797524898385,0.19971189599803685,0.93078449328449331,0.95146520146520142
EMFC-864,primary,-1,HIGH_PRESSURE_COMPRESSED,100,733818,733824,2022-04-27T17:30:00Z,2022-04-30T17:30:00Z,16.93336612350938,0.2154441016294425,0.9668421855921856,0.96285485347985345
EMFC-864,primary,-1,HIGH_PRESSURE_COMPRESSED,100,735357,735363,2022-05-07T21:05:00Z,2022-05-10T21:05:00Z,16.842656465892691,0.17556443763079485,0.95688339438339443,0.92000534188034189
EMFC-864,primary,-1,HIGH_PRESSURE_COMPRESSED,100,736231,736237,2022-05-13T19:05:00Z,2022-05-16T19:05:00Z,16.684231224540127,0.16132356579834919,0.91861263736263732,0.90212912087912089
EMFC-864,primary,1,LOW_PRESSURE_EXPANDED,100,737016,737022,2022-05-19T10:05:00Z,2022-05-22T10:05:00Z,13.661350711428335,-0.10921308497331624,0.063911782661782657,0.081635378510378512
EMFC-864,primary,1,LOW_PRESSURE_EXPANDED,100,737470,737476,2022-05-22T23:15:00Z,2022-05-25T23:15:00Z,13.602214609454609,-0.14790262992349543,0.060744810744810744,0.044032356532356536
EMFC-864,primary,1,LOW_PRESSURE_EXPANDED,100,738922,738928,2022-06-02T02:50:00Z,2022-06-05T02:50:00Z,13.091524716492975,-0.10378928191634107,0.038194444444444448,0.099378052503052497
EMFC-864,primary,-1,HIGH_PRESSURE_COMPRESSED,100,739870,739876,2022-06-08T13:35:00Z,2022-06-11T13:35:00Z,16.786946757795963,0.15655634890792824,0.93005952380952384,0.91090506715506714
EMFC-864,primary,1,LOW_PRESSURE_EXPANDED,100,740518,740524,2022-06-12T22:40:00Z,2022-06-15T22:40:00Z,14.01567612587098,-0.11905629878681291,0.09058302808302808,0.078525641025641024
EMFC-864,primary,-1,HIGH_PRESSURE_COMPRESSED,100,740968,740974,2022-06-16T00:20:00Z,2022-06-19T00:20:00Z,16.894532922269654,0.15433680825919138,0.9486416361416361,0.90298763736263732
EMFC-864,primary,-1,HIGH_PRESSURE_COMPRESSED,100,741354,741360,2022-06-19T01:15:00Z,2022-06-22T01:15:00Z,17.435588497281401,0.16038395527605354,0.99660409035409037,0.91157280219780223
EMFC-864,primary,1,LOW_PRESSURE_EXPANDED,100,741881,741887,2022-06-22T21:20:00Z,2022-06-25T21:20:00Z,13.565990946606842,-0.11910068569268285,0.059218559218559216,0.086423992673992672
EMFC-864,primary,-1,HIGH_PRESSURE_COMPRESSED,100,742680,742686,2022-06-28T11:35:00Z,2022-07-01T11:35:00Z,17.057402937964401,0.18152187662339034,0.96913156288156288,0.93528693528693529
EMFC-864,primary,-1,HIGH_PRESSURE_COMPRESSED,100,743140,743146,2022-07-01T11:40:00Z,2022-07-04T11:40:00Z,16.874189555168169,0.19920325416247064,0.93605006105006106,0.95360195360195366
EMFC-864,primary,1,LOW_PRESSURE_EXPANDED,100,743708,743714,2022-07-05T13:40:00Z,2022-07-08T13:40:00Z,11.200417771082792,-0.14024008891444589,0.007516788766788767,0.056852869352869352
EMFC-864,primary,1,LOW_PRESSURE_EXPANDED,100,744313,744319,2022-07-09T22:40:00Z,2022-07-12T22:40:00Z,13.164504821068588,-0.1340208561510379,0.039568070818070816,0.071256868131868129
EMFC-864,primary,1,LOW_PRESSURE_EXPANDED,100,744837,744843,2022-07-13T17:35:00Z,2022-07-16T17:35:00Z,13.550562759043824,-0.1366411356908582,0.056280525030525032,0.069826007326007328
EMFC-864,primary,1,LOW_PRESSURE_EXPANDED,100,745342,745348,2022-07-17T12:45:00Z,2022-07-20T12:45:00Z,13.918150175333334,-0.13053106279977053,0.076159951159951153,0.085584554334554336
EMFC-864,primary,1,LOW_PRESSURE_EXPANDED,100,745802,745808,2022-07-21T01:45:00Z,2022-07-24T01:45:00Z,14.092187293239375,-0.14323416808590775,0.088827838827838831,0.072611416361416367
EMFC-864,primary,-1,HIGH_PRESSURE_COMPRESSED,100,746237,746243,2022-07-24T03:35:00Z,2022-07-27T03:35:00Z,17.092558380600416,0.20299376206349315,0.95741758241758246,0.97103937728937728
EMFC-864,primary,-1,HIGH_PRESSURE_COMPRESSED,100,746843,746849,2022-07-27T23:00:00Z,2022-07-30T23:00:00Z,16.85733239997861,0.2195666228238673,0.90319749694749696,0.97821275946275943
EMFC-864,primary,1,LOW_PRESSURE_EXPANDED,100,747267,747273,2022-07-31T01:40:00Z,2022-08-03T01:40:00Z,13.75285399815937,-0.13993584029751666,0.063034188034188032,0.077953296703296704
EMFC-864,primary,-1,HIGH_PRESSURE_COMPRESSED,100,748089,748095,2022-08-05T16:05:00Z,2022-08-08T16:05:00Z,17.255267536854831,0.16234247447864228,0.97878510378510375,0.93234890109890112
EMFC-864,primary,1,LOW_PRESSURE_EXPANDED,100,749349,749355,2022-08-14T07:35:00Z,2022-08-17T07:35:00Z,13.468706733820804,-0.13343763822971663,0.051320207570207568,0.081311050061050064
EMFC-864,primary,1,LOW_PRESSURE_EXPANDED,100,749900,749906,2022-08-18T05:50:00Z,2022-08-21T05:50:00Z,14.157830662427088,-0.1908131784834603,0.096382783882783887,0.025106837606837608
EMFC-864,primary,-1,HIGH_PRESSURE_COMPRESSED,100,750847,750853,2022-08-24T06:15:00Z,2022-08-27T06:15:00Z,17.193396425380531,0.20201419013969066,0.97008547008547008,0.9741681929181929
EMFC-864,primary,-1,HIGH_PRESSURE_COMPRESSED,100,751842,751848,2022-08-30T14:05:00Z,2022-09-02T14:05:00Z,16.898010720533769,0.17221282264566681,0.90964590964590963,0.93971306471306471
EMFC-864,primary,1,LOW_PRESSURE_EXPANDED,100,752342,752348,2022-09-03T03:15:00Z,2022-09-06T03:15:00Z,14.109994942145493,-0.14942524681992686,0.093101343101343104,0.056356837606837608
EMFC-864,primary,1,LOW_PRESSURE_EXPANDED,100,753207,753213,2022-09-09T00:05:00Z,2022-09-12T00:05:00Z,12.808189474740448,-0.13229938401348429,0.029418498168498168,0.080090048840048847
EMFC-864,primary,1,LOW_PRESSURE_EXPANDED,100,754027,754033,2022-09-14T08:50:00Z,2022-09-17T08:50:00Z,12.132980311287769,-0.12385346216699779,0.01617826617826618,0.092376373626373631
EMFC-864,primary,-1,HIGH_PRESSURE_COMPRESSED,100,754495,754501,2022-09-17T15:35:00Z,2022-09-20T15:35:00Z,17.007358559759265,0.18366245539679615,0.93826312576312576,0.94459706959706957
EMFC-864,primary,1,LOW_PRESSURE_EXPANDED,100,755283,755289,2022-09-23T03:20:00Z,2022-09-26T03:20:00Z,13.886867033936081,-0.14594568213653453,0.072573260073260079,0.067822802197802193
EMFC-864,primary,1,LOW_PRESSURE_EXPANDED,100,755902,755908,2022-09-27T13:15:00Z,2022-09-30T13:15:00Z,11.312851258239963,-0.12532489457738921,0.007020757020757021,0.097661019536019536
EMFC-864,primary,-1,HIGH_PRESSURE_COMPRESSED,100,756451,756457,2022-10-01T04:15:00Z,2022-10-04T04:15:00Z,16.910467113946261,0.18182168175230359,0.90987484737484736,0.94471153846153844
EMFC-864,primary,-1,HIGH_PRESSURE_COMPRESSED,100,757165,757171,2022-10-05T09:30:00Z,2022-10-08T09:30:00Z,16.905109151276353,0.32179054208523061,0.90804334554334554,0.99801587301587302
EMFC-864,primary,1,LOW_PRESSURE_EXPANDED,100,758423,758429,2022-10-13T07:15:00Z,2022-10-16T07:15:00Z,13.591989435379002,-0.12438342729003191,0.057692307692307696,0.09394078144078144
EMFC-864,primary,1,LOW_PRESSURE_EXPANDED,100,760145,760151,2022-10-25T00:05:00Z,2022-10-28T00:05:00Z,12.59559128180865,-0.14493693477101008,0.02338980463980464,0.068624084249084255
EMFC-864,primary,1,LOW_PRESSURE_EXPANDED,100,760602,760608,2022-10-28T07:05:00Z,2022-10-31T07:05:00Z,13.731940887864571,-0.13685918271719735,0.063835470085470081,0.080929487179487183
EMFC-864,primary,-1,HIGH_PRESSURE_COMPRESSED,100,761185,761191,2022-11-01T02:05:00Z,2022-11-04T02:05:00Z,17.038670472999524,0.24103176227528744,0.94085775335775335,0.973519536019536
EMFC-864,primary,1,LOW_PRESSURE_EXPANDED,100,761789,761795,2022-11-05T10:40:00Z,2022-11-08T10:40:00Z,14.109411503079881,-0.17585625726952406,0.090315934065934064,0.041895604395604392
EMFC-864,primary,-1,HIGH_PRESSURE_COMPRESSED,100,762377,762383,2022-11-09T08:50:00Z,2022-11-12T08:50:00Z,17.195776054959087,0.15749236816466133,0.96989468864468864,0.90006868131868134
EMFC-864,primary,-1,HIGH_PRESSURE_COMPRESSED,100,762827,762833,2022-11-12T09:35:00Z,2022-11-15T09:35:00Z,17.297963019771679,0.2806181916190652,0.98137973137973133,0.98824786324786329
EMFC-864,primary,-1,HIGH_PRESSURE_COMPRESSED,100,763307,763313,2022-11-15T20:35:00Z,2022-11-18T20:35:00Z,17.008278601362818,0.16676321787810205,0.93059371184371187,0.90939789377289382
EMFC-864,primary,-1,HIGH_PRESSURE_COMPRESSED,100,763949,763955,2022-11-20T06:55:00Z,2022-11-23T06:55:00Z,16.973913569492549,0.16770884442610914,0.91140109890109888,0.91130570818070822
EMFC-864,primary,1,LOW_PRESSURE_EXPANDED,100,764704,764710,2022-11-25T23:30:00Z,2022-11-28T23:30:00Z,0,-0.15217730543273564,0.0013163919413919415,0.06110729548229548
EMFC-864,primary,1,LOW_PRESSURE_EXPANDED,100,765382,765388,2022-12-01T04:35:00Z,2022-12-04T04:35:00Z,13.729342461677142,-0.12758667441599231,0.061431623931623928,0.09748931623931624
EMFC-864,primary,-1,HIGH_PRESSURE_COMPRESSED,100,766123,766129,2022-12-06T12:10:00Z,2022-12-09T12:10:00Z,17.100191389139027,0.17916653910065453,0.92528998778998783,0.92418345543345548
EMFC-864,primary,-1,HIGH_PRESSURE_COMPRESSED,100,767296,767302,2022-12-14T02:00:00Z,2022-12-17T02:00:00Z,17.077204157258443,0.24521875896606735,0.92105463980463975,0.97451159951159949
EMFC-864,primary,1,LOW_PRESSURE_EXPANDED,100,767718,767724,2022-12-17T03:15:00Z,2022-12-20T03:15:00Z,14.061682117671518,-0.14842000511827322,0.082493894993894992,0.064560439560439567
EMFC-864,primary,1,LOW_PRESSURE_EXPANDED,100,768676,768682,2022-12-24T00:05:00Z,2022-12-27T00:05:00Z,13.797580775798291,-0.12817331372298282,0.064102564102564097,0.092376373626373631
EMFC-864,primary,1,LOW_PRESSURE_EXPANDED,100,769036,769042,2022-12-27T01:35:00Z,2022-12-30T01:35:00Z,13.274856112171344,-0.13069194854929675,0.038308913308913312,0.095943986568986575
EMFC-864,primary,-1,HIGH_PRESSURE_COMPRESSED,100,769637,769643,2022-12-31T04:05:00Z,2023-01-03T04:05:00Z,17.0401139489652,0.16766942546164024,0.90754731379731379,0.90588751526251521
EMFC-864,primary,-1,HIGH_PRESSURE_COMPRESSED,100,770727,770733,2023-01-07T02:10:00Z,2023-01-10T02:10:00Z,17.049943343360482,0.33226111584974827,0.91491147741147738,0.99687118437118438
EMFC-864,primary,-1,HIGH_PRESSURE_COMPRESSED,100,771832,771838,2023-01-14T05:45:00Z,2023-01-17T05:45:00Z,17.266614781666288,0.18791718315111447,0.96527777777777779,0.9212263431013431
EMFC-864,primary,1,LOW_PRESSURE_EXPANDED,100,772848,772854,2023-01-20T22:45:00Z,2023-01-23T22:45:00Z,13.540380050682307,-0.12719049824447512,0.051854395604395608,0.080051892551892545
EMFC-864,primary,-1,HIGH_PRESSURE_COMPRESSED,100,773628,773634,2023-01-26T03:35:00Z,2023-01-29T03:35:00Z,17.022836175258782,0.20327965138543214,0.92021520146520142,0.93307387057387059
EMFC-864,primary,1,LOW_PRESSURE_EXPANDED,100,774903,774909,2023-02-03T23:10:00Z,2023-02-06T23:10:00Z,14.132587341525483,-0.12060866942019806,0.091079059829059825,0.094341422466422464
EMFC-864,primary,-1,HIGH_PRESSURE_COMPRESSED,100,776441,776447,2023-02-14T05:35:00Z,2023-02-17T05:35:00Z,17.260876807113757,0.18068290012544608,0.96543040293040294,0.91033272283272282
EMFC-864,primary,-1,HIGH_PRESSURE_COMPRESSED,100,776946,776952,2023-02-17T06:45:00Z,2023-02-20T06:45:00Z,17.393178440104393,0.22577200266790173,0.98137973137973133,0.95058760683760679
EMFC-864,primary,-1,HIGH_PRESSURE_COMPRESSED,100,777716,777722,2023-02-22T01:50:00Z,2023-02-25T01:50:00Z,16.995358943800547,0.19571079391297067,0.90128968253968256,0.9228289072039072
EMFC-864,primary,1,LOW_PRESSURE_EXPANDED,100,778544,778550,2023-02-27T21:25:00Z,2023-03-02T21:25:00Z,14.224259601382908,-0.12852513218828565,0.084210927960927967,0.084134615384615391
EMFC-864,primary,-1,HIGH_PRESSURE_COMPRESSED,100,779210,779216,2023-03-04T05:00:00Z,2023-03-07T05:00:00Z,17.192257481880873,0.21967042294644462,0.94845085470085466,0.94761141636141633
EMFC-864,primary,-1,HIGH_PRESSURE_COMPRESSED,100,779733,779739,2023-03-07T16:00:00Z,2023-03-10T16:00:00Z,17.156125175267292,0.18298177468983409,0.93811050061050061,0.90640262515262515
EMFC-864,primary,-1,HIGH_PRESSURE_COMPRESSED,100,780285,780291,2023-03-11T13:35:00Z,2023-03-14T13:35:00Z,17.410839181211522,0.21150323015753475,0.97710622710622708,0.94288003663003661
EMFC-864,primary,1,LOW_PRESSURE_EXPANDED,100,781098,781104,2023-03-16T23:15:00Z,2023-03-19T23:15:00Z,0,-0.13860184943762824,0.0014308608058608058,0.064503205128205135
EMFC-864,primary,-1,HIGH_PRESSURE_COMPRESSED,100,781946,781952,2023-03-22T12:25:00Z,2023-03-25T12:25:00Z,17.314608488797973,0.19350384619652405,0.95459401709401714,0.92342032967032972
EMFC-864,primary,-1,HIGH_PRESSURE_COMPRESSED,100,783518,783524,2023-04-01T23:40:00Z,2023-04-04T23:40:00Z,17.803298778702654,0.19642048117345628,0.99721459096459097,0.93103250915750912
EMFC-864,primary,-1,HIGH_PRESSURE_COMPRESSED,100,783997,784003,2023-04-05T07:40:00Z,2023-04-08T07:40:00Z,17.441022804684781,0.17457166493389512,0.97149725274725274,0.90556318681318682
EMFC-864,primary,1,LOW_PRESSURE_EXPANDED,100,784765,784771,2023-04-10T13:15:00Z,2023-04-13T13:15:00Z,14.683495528327084,-0.11468193591689177,0.094474969474969472,0.094246031746031744
EMFC-864,primary,-1,HIGH_PRESSURE_COMPRESSED,100,785499,785505,2023-04-15T12:00:00Z,2023-04-18T12:00:00Z,17.293816778481911,0.17161903366081899,0.9375,0.90617368742368742
EMFC-864,primary,1,LOW_PRESSURE_EXPANDED,100,786294,786300,2023-04-21T01:00:00Z,2023-04-24T01:00:00Z,14.236903475687988,-0.1149939646260643,0.049679487179487176,0.099072802197802193
EMFC-864,primary,1,LOW_PRESSURE_EXPANDED,100,787133,787139,2023-04-27T01:35:00Z,2023-04-30T01:35:00Z,14.671746780477001,-0.13001898132373474,0.081807081807081808,0.0740995115995116
EMFC-864,primary,-1,HIGH_PRESSURE_COMPRESSED,100,787799,787805,2023-05-01T16:20:00Z,2023-05-04T16:20:00Z,17.483915226934549,0.17707534227400154,0.96958943833943834,0.91317536630036633
EMFC-864,primary,-1,HIGH_PRESSURE_COMPRESSED,100,788520,788526,2023-05-06T16:15:00Z,2023-05-09T16:15:00Z,18.682058368004085,0.18446384986598813,0.99465811965811968,0.92053952991452992
EMFC-864,primary,-1,HIGH_PRESSURE_COMPRESSED,100,788946,788952,2023-05-09T17:55:00Z,2023-05-12T17:55:00Z,19.803348228399315,0.17663774032565702,0.99500152625152627,0.90762362637362637
EMFC-864,primary,-1,HIGH_PRESSURE_COMPRESSED,100,789709,789715,2023-05-14T17:40:00Z,2023-05-17T17:40:00Z,18.414314995500298,0.17417483165818612,0.95806623931623935,0.90314026251526247
EMFC-864,primary,-1,HIGH_PRESSURE_COMPRESSED,100,790188,790194,2023-05-17T18:20:00Z,2023-05-20T18:20:00Z,18.007646733837088,0.20166748839149229,0.9391025641025641,0.93885454822954828
EMFC-864,primary,-1,HIGH_PRESSURE_COMPRESSED,100,790689,790695,2023-05-21T07:30:00Z,2023-05-24T07:30:00Z,18.79875467561979,0.17944569604849037,0.9713064713064713,0.90873015873015872
EMFC-864,primary,-1,HIGH_PRESSURE_COMPRESSED,100,791385,791391,2023-05-25T23:45:00Z,2023-05-28T23:45:00Z,17.856032630078097,0.18470439349574858,0.91250763125763124,0.91597985347985345
EMFC-864,primary,-1,HIGH_PRESSURE_COMPRESSED,100,791997,792003,2023-05-29T23:15:00Z,2023-06-01T23:15:00Z,17.920686317088517,0.24128630695985986,0.91147741147741146,0.97195512820512819
EMFC-864,primary,-1,HIGH_PRESSURE_COMPRESSED,100,792493,792499,2023-06-02T08:15:00Z,2023-06-05T08:15:00Z,17.896991183402761,0.18673126528265474,0.90335012210012211,0.91821199633699635
EMFC-864,primary,-1,HIGH_PRESSURE_COMPRESSED,100,793097,793103,2023-06-06T13:05:00Z,2023-06-09T13:05:00Z,18.25277780547836,0.17807060490641691,0.93849206349206349,0.90708943833943834
EMFC-864,primary,-1,HIGH_PRESSURE_COMPRESSED,100,793547,793553,2023-06-09T13:20:00Z,2023-06-12T13:20:00Z,18.230919791347702,0.18731399831699869,0.93318833943833945,0.9221993284493285
EMFC-864,primary,1,LOW_PRESSURE_EXPANDED,100,797475,797481,2023-07-06T22:50:00Z,2023-07-09T22:50:00Z,15.397174931625258,-0.12683820983405603,0.090926434676434673,0.073775183150183152
EMFC-864,primary,1,LOW_PRESSURE_EXPANDED,100,798336,798342,2023-07-12T05:25:00Z,2023-07-15T05:25:00Z,15.370472432240527,-0.11954444642418256,0.079899267399267393,0.083333333333333329
EMFC-864,primary,1,LOW_PRESSURE_EXPANDED,100,798800,798806,2023-07-15T18:00:00Z,2023-07-18T18:00:00Z,0,-0.1406021689960317,0.0013927045177045177,0.062385531135531136
EMFC-864,primary,1,LOW_PRESSURE_EXPANDED,100,799657,799663,2023-07-21T19:50:00Z,2023-07-24T19:50:00Z,0,-0.20362088482534585,0.0013927045177045177,0.022397741147741148
EMFC-864,primary,1,LOW_PRESSURE_EXPANDED,100,800270,800276,2023-07-26T03:50:00Z,2023-07-29T03:50:00Z,15.593478864779883,-0.12752799155283859,0.084859584859584863,0.081463675213675216
EMFC-864,primary,1,LOW_PRESSURE_EXPANDED,100,800816,800822,2023-07-30T02:25:00Z,2023-08-02T02:25:00Z,15.619526113588496,-0.13048718037540591,0.080280830280830287,0.073031135531135535
EMFC-864,primary,1,LOW_PRESSURE_EXPANDED,100,801716,801722,2023-08-05T06:05:00Z,2023-08-08T06:05:00Z,15.726710059641331,-0.17227122094045313,0.094398656898656896,0.039377289377289376
EMFC-864,primary,1,LOW_PRESSURE_EXPANDED,100,802290,802296,2023-08-09T04:05:00Z,2023-08-12T04:05:00Z,15.753435193220001,-0.17152739779571466,0.098366910866910864,0.041208791208791208
EMFC-864,primary,1,LOW_PRESSURE_EXPANDED,100,802959,802965,2023-08-13T15:35:00Z,2023-08-16T15:35:00Z,15.753640951619332,-0.15462199731114967,0.095924908424908431,0.054906898656898656
EMFC-864,primary,1,LOW_PRESSURE_EXPANDED,100,803804,803810,2023-08-19T00:45:00Z,2023-08-22T00:45:00Z,15.708082918061564,-0.12763068430355426,0.079288766788766785,0.086004273504273504
EMFC-864,primary,1,LOW_PRESSURE_EXPANDED,100,804747,804753,2023-08-25T08:55:00Z,2023-08-28T08:55:00Z,15.740256167026896,-0.12323481433462875,0.080547924297924303,0.087187118437118433
EMFC-864,primary,1,LOW_PRESSURE_EXPANDED,100,805138,805144,2023-08-28T11:15:00Z,2023-08-31T11:15:00Z,15.671586336142601,-0.13224097706304058,0.059752747252747256,0.080872252747252751
EMFC-864,primary,1,LOW_PRESSURE_EXPANDED,100,810672,810678,2023-10-05T04:30:00Z,2023-10-08T04:30:00Z,15.607475839344888,-0.13858733975604284,0.036210317460317464,0.078945360195360192
EMFC-864,primary,1,LOW_PRESSURE_EXPANDED,100,812986,812992,2023-10-20T07:35:00Z,2023-10-23T07:35:00Z,15.019957449892921,-0.13037015116185496,0.011141636141636142,0.086061507936507936
EMFC-864,primary,1,LOW_PRESSURE_EXPANDED,100,813658,813664,2023-10-24T21:10:00Z,2023-10-27T21:10:00Z,15.71246632936786,-0.1698974742941767,0.06662087912087912,0.042811355311355312
EMFC-864,primary,1,LOW_PRESSURE_EXPANDED,100,814448,814454,2023-10-30T04:55:00Z,2023-11-02T04:55:00Z,15.802191317362556,-0.13019458165782657,0.096840659340659344,0.084306318681318687
EMFC-864,primary,1,LOW_PRESSURE_EXPANDED,100,814951,814957,2023-11-02T12:15:00Z,2023-11-05T12:15:00Z,15.364901606647601,-0.13362722136613545,0.029800061050061052,0.071600274725274721
EMFC-864,primary,-1,HIGH_PRESSURE_COMPRESSED,100,815439,815445,2023-11-05T16:10:00Z,2023-11-08T16:10:00Z,17.736502660517946,0.20901466905011667,0.90098443223443225,0.94955738705738701
EMFC-864,primary,-1,HIGH_PRESSURE_COMPRESSED,100,815869,815875,2023-11-08T17:45:00Z,2023-11-11T17:45:00Z,18.470407888066575,0.16877374424868608,0.99240689865689868,0.90144230769230771
EMFC-864,primary,-1,HIGH_PRESSURE_COMPRESSED,100,816372,816378,2023-11-12T03:05:00Z,2023-11-15T03:05:00Z,18.48386606555329,0.17377815579666053,0.98687423687423692,0.91210699023199027
EMFC-864,primary,-1,HIGH_PRESSURE_COMPRESSED,100,817437,817443,2023-11-19T08:30:00Z,2023-11-22T08:30:00Z,19.497852923983199,0.17970498301080062,0.99820665445665446,0.91971916971916967
EMFC-864,primary,-1,HIGH_PRESSURE_COMPRESSED,100,818122,818128,2023-11-23T18:30:00Z,2023-11-26T18:30:00Z,18.377265650672374,0.17187629893241602,0.95043498168498164,0.90493360805860801
EMFC-864,primary,1,LOW_PRESSURE_EXPANDED,100,819060,819066,2023-11-30T05:05:00Z,2023-12-03T05:05:00Z,0,-0.15775844970627234,0.0010874542124542125,0.0438034188034188
EMFC-864,primary,-1,HIGH_PRESSURE_COMPRESSED,100,819607,819613,2023-12-03T21:55:00Z,2023-12-06T21:55:00Z,18.003047650261511,0.18775629828400026,0.90411324786324787,0.92830433455433459
EMFC-864,primary,1,LOW_PRESSURE_EXPANDED,100,820137,820143,2023-12-07T16:10:00Z,2023-12-10T16:10:00Z,0,-0.14314750921848493,0.001201923076923077,0.063644688644688641
EMFC-864,primary,-1,HIGH_PRESSURE_COMPRESSED,100,821354,821360,2023-12-15T22:45:00Z,2023-12-18T22:45:00Z,19.509539326168795,0.1811023003892252,0.99503968253968256,0.92246642246642252
EMFC-864,primary,-1,HIGH_PRESSURE_COMPRESSED,100,821848,821854,2023-12-19T02:20:00Z,2023-12-22T02:20:00Z,19.315371041122621,0.17264849209826752,0.97523656898656896,0.90764270451770457
EMFC-864,primary,-1,HIGH_PRESSURE_COMPRESSED,100,822483,822489,2023-12-23T03:35:00Z,2023-12-26T03:35:00Z,19.164449154114909,0.17070924146578864,0.94799297924297921,0.90096535409035405
EMFC-864,primary,-1,HIGH_PRESSURE_COMPRESSED,100,823010,823016,2023-12-26T13:15:00Z,2023-12-29T13:15:00Z,18.879198341822782,0.1739169744501442,0.91823107448107444,0.90119429181929178
EMFC-864,primary,-1,HIGH_PRESSURE_COMPRESSED,100,823654,823660,2023-12-31T05:25:00Z,2024-01-03T05:25:00Z,19.240827402429559,0.17128270967873827,0.95173229548229543,0.90035485347985345
EMFC-864,pseudo_maturity_101,-1,HIGH_PRESSURE_COMPRESSED,101,665703,665709,2021-01-12T11:25:00Z,2021-01-15T11:25:00Z,18.772268287989377,0.15866362564331948,0.91720085470085466,0.90897817460317465
EMFC-864,pseudo_maturity_101,-1,HIGH_PRESSURE_COMPRESSED,101,666270,666276,2021-01-16T05:25:00Z,2021-01-19T05:25:00Z,18.813421702326298,0.15521235431533684,0.92788461538461542,0.90251068376068377
EMFC-864,pseudo_maturity_101,1,LOW_PRESSURE_EXPANDED,101,666975,666981,2021-01-21T07:05:00Z,2021-01-24T07:05:00Z,15.81046498855833,-0.13744040912123798,0.046245421245421248,0.0942269536019536
EMFC-864,pseudo_maturity_101,1,LOW_PRESSURE_EXPANDED,101,668617,668623,2021-02-01T17:50:00Z,2021-02-04T17:50:00Z,15.665648834937498,-0.14233833077939603,0.038270757020757024,0.093864468864468864
EMFC-864,pseudo_maturity_101,-1,HIGH_PRESSURE_COMPRESSED,101,669169,669175,2021-02-05T07:30:00Z,2021-02-08T07:30:00Z,18.747293441812968,0.15813639000559962,0.9228479853479854,0.90899725274725274
EMFC-864,pseudo_maturity_101,-1,HIGH_PRESSURE_COMPRESSED,101,670493,670499,2021-02-14T03:30:00Z,2021-02-17T03:30:00Z,18.938962805264516,0.15872222454363019,0.95860042735042739,0.90829136141636146
EMFC-864,pseudo_maturity_101,-1,HIGH_PRESSURE_COMPRESSED,101,671110,671116,2021-02-18T13:10:00Z,2021-02-21T13:10:00Z,18.724481607877951,0.16126481426834452,0.90873015873015872,0.91411019536019533
EMFC-864,pseudo_maturity_101,1,LOW_PRESSURE_EXPANDED,101,671876,671882,2021-02-24T01:40:00Z,2021-02-27T01:40:00Z,0,-0.20235563878391155,0.0025755494505494505,0.040903540903540904
EMFC-864,pseudo_maturity_101,-1,HIGH_PRESSURE_COMPRESSED,101,672425,672431,2021-02-27T14:35:00Z,2021-03-02T14:35:00Z,18.838457794752227,0.185506623738729,0.93967490842490842,0.94799297924297921
EMFC-864,pseudo_maturity_101,1,LOW_PRESSURE_EXPANDED,101,673186,673192,2021-03-05T03:35:00Z,2021-03-08T03:35:00Z,0,-0.15899606482373563,0.0025373931623931625,0.077628968253968256
EMFC-864,pseudo_maturity_101,1,LOW_PRESSURE_EXPANDED,101,676410,676416,2021-03-26T21:05:00Z,2021-03-29T21:05:00Z,16.542570130642051,-0.16693997558887091,0.082684676434676432,0.068528693528693535
EMFC-864,pseudo_maturity_101,1,LOW_PRESSURE_EXPANDED,101,678414,678420,2021-04-09T10:40:00Z,2021-04-12T10:40:00Z,16.634330219969637,-0.16582512467289556,0.088942307692307696,0.066926129426129424
EMFC-864,pseudo_maturity_101,-1,HIGH_PRESSURE_COMPRESSED,101,679400,679406,2021-04-16T00:15:00Z,2021-04-19T00:15:00Z,18.827664717999447,0.18328201788907911,0.93677503052503053,0.96184371184371187
EMFC-864,pseudo_maturity_101,1,LOW_PRESSURE_EXPANDED,101,679875,679881,2021-04-20T11:00:00Z,2021-04-23T11:00:00Z,0,-0.31887788357740365,0.0025755494505494505,0.024305555555555556
EMFC-864,pseudo_maturity_101,1,LOW_PRESSURE_EXPANDED,101,680741,680747,2021-04-27T02:15:00Z,2021-04-30T02:15:00Z,16.655951893510334,-0.24736776153839213,0.079632173382173377,0.03594322344322344
EMFC-864,pseudo_maturity_101,-1,HIGH_PRESSURE_COMPRESSED,101,681508,681514,2021-05-02T12:35:00Z,2021-05-05T12:35:00Z,18.777749522328133,0.19816642635579224,0.90781440781440781,0.97100122100122099
EMFC-864,pseudo_maturity_101,-1,HIGH_PRESSURE_COMPRESSED,101,682326,682332,2021-05-07T06:05:00Z,2021-05-10T06:05:00Z,18.747908423888934,0.19749611016490168,0.90811965811965811,0.95888659951159949
EMFC-864,pseudo_maturity_101,1,LOW_PRESSURE_EXPANDED,101,683594,683600,2021-05-14T19:10:00Z,2021-05-17T19:10:00Z,16.619419455074954,-0.15543556829013264,0.078373015873015872,0.064388736263736257
EMFC-864,pseudo_maturity_101,1,LOW_PRESSURE_EXPANDED,101,684005,684011,2021-05-17T22:30:00Z,2021-05-20T22:30:00Z,16.250314257255827,-0.16684124150084675,0.044452075702075704,0.059294871794871792
EMFC-864,pseudo_maturity_101,1,LOW_PRESSURE_EXPANDED,101,684624,684630,2021-05-23T09:40:00Z,2021-05-26T09:40:00Z,0,-0.17214495034239419,0.002728174603174603,0.072916666666666671
EMFC-864,pseudo_maturity_101,1,LOW_PRESSURE_EXPANDED,101,684992,684998,2021-05-26T10:45:00Z,2021-05-29T10:45:00Z,16.564717673494805,-0.22866163199811493,0.064369658119658113,0.040064102564102567
EMFC-864,pseudo_maturity_101,1,LOW_PRESSURE_EXPANDED,101,685352,685358,2021-05-29T11:15:00Z,2021-06-01T11:15:00Z,16.03031317674963,-0.30665101899938318,0.027472527472527472,0.018582112332112332
EMFC-864,pseudo_maturity_101,1,LOW_PRESSURE_EXPANDED,101,686270,686276,2021-06-04T22:15:00Z,2021-06-07T22:15:00Z,16.719244586199189,-0.17241150290743634,0.087034493284493281,0.088121947496947503
EMFC-864,pseudo_maturity_101,1,LOW_PRESSURE_EXPANDED,101,686982,686988,2021-06-10T01:15:00Z,2021-06-13T01:15:00Z,16.718857220989143,-0.184028432585641,0.094360500610500608,0.077380952380952384
EMFC-864,pseudo_maturity_101,1,LOW_PRESSURE_EXPANDED,101,687374,687380,2021-06-13T09:45:00Z,2021-06-16T09:45:00Z,16.657092318357659,-0.19486752596247284,0.088217338217338223,0.07745726495726496
EMFC-864,pseudo_maturity_101,1,LOW_PRESSURE_EXPANDED,101,687782,687788,2021-06-16T10:55:00Z,2021-06-19T10:55:00Z,14.997114739642045,-0.2289400524280181,0.0115995115995116,0.055040445665445664
EMFC-864,pseudo_maturity_101,1,LOW_PRESSURE_EXPANDED,101,688156,688162,2021-06-19T11:05:00Z,2021-06-22T11:05:00Z,16.687712348382924,-0.27188292054280694,0.09806166056166056,0.035714285714285712
EMFC-864,pseudo_maturity_101,1,LOW_PRESSURE_EXPANDED,101,688466,688472,2021-06-22T11:10:00Z,2021-06-25T11:10:00Z,16.581901048290568,-0.34023894319038483,0.089133089133089136,0.0173992673992674
EMFC-864,pseudo_maturity_101,1,LOW_PRESSURE_EXPANDED,101,688775,688781,2021-06-25T14:15:00Z,2021-06-28T14:15:00Z,16.212521803762261,-0.2756094912175116,0.052808302808302808,0.055364774114774112
EMFC-864,pseudo_maturity_101,1,LOW_PRESSURE_EXPANDED,101,689028,689034,2021-06-28T15:15:00Z,2021-07-01T15:15:00Z,16.584366948712209,-0.79284921717847867,0.090697496947496944,0.00087759462759462762
EMFC-864,pseudo_maturity_101,1,LOW_PRESSURE_EXPANDED,101,689501,689507,2021-07-03T15:00:00Z,2021-07-06T15:00:00Z,0,-0.39835097366707822,0.002670940170940171,0.028827075702075704
EMFC-864,pseudo_maturity_101,1,LOW_PRESSURE_EXPANDED,101,711330,711336,2021-11-26T06:25:00Z,2021-11-29T06:25:00Z,13.530566068244473,-0.22436946624001508,0.038690476190476192,0.073221916971916975
EMFC-864,pseudo_maturity_101,1,LOW_PRESSURE_EXPANDED,101,712021,712027,2021-12-01T05:55:00Z,2021-12-04T05:55:00Z,13.614672626296706,-0.20048886074940356,0.043002136752136752,0.075530372405372401
EMFC-864,pseudo_maturity_101,-1,HIGH_PRESSURE_COMPRESSED,101,712740,712746,2021-12-05T19:20:00Z,2021-12-08T19:20:00Z,17.340117398716554,0.17076855051537851,0.91800213675213671,0.91403388278388276
EMFC-864,pseudo_maturity_101,1,LOW_PRESSURE_EXPANDED,101,714423,714429,2021-12-16T23:40:00Z,2021-12-19T23:40:00Z,12.894847782621291,-0.14536937967706187,0.023504273504273504,0.089457417582417584
EMFC-864,pseudo_maturity_101,1,LOW_PRESSURE_EXPANDED,101,715866,715872,2021-12-26T21:10:00Z,2021-12-29T21:10:00Z,14.059866722469355,-0.11325427777692681,0.079746642246642241,0.076236263736263743
EMFC-864,pseudo_maturity_101,1,LOW_PRESSURE_EXPANDED,101,716476,716482,2021-12-31T07:20:00Z,2022-01-03T07:20:00Z,13.929333763832968,-0.24557018387576637,0.069329975579975583,0.002442002442002442
EMFC-864,pseudo_maturity_101,1,LOW_PRESSURE_EXPANDED,101,717067,717073,2022-01-04T02:45:00Z,2022-01-07T02:45:00Z,13.866469796561402,-0.11137737798265727,0.066926129426129424,0.062614468864468864
EMFC-864,pseudo_maturity_101,1,LOW_PRESSURE_EXPANDED,101,717629,717635,2022-01-07T23:10:00Z,2022-01-10T23:10:00Z,14.029753011787426,-0.091849653629879041,0.080929487179487183,0.091594169719169713
EMFC-864,pseudo_maturity_101,1,LOW_PRESSURE_EXPANDED,101,718334,718340,2022-01-12T21:15:00Z,2022-01-15T21:15:00Z,13.998003766691859,-0.095143499247225899,0.078678266178266176,0.083905677655677649
EMFC-864,pseudo_maturity_101,1,LOW_PRESSURE_EXPANDED,101,719289,719295,2022-01-18T16:25:00Z,2022-01-21T16:25:00Z,13.878634641756806,-0.092731099257684607,0.071314102564102561,0.086118742368742368
EMFC-864,pseudo_maturity_101,1,LOW_PRESSURE_EXPANDED,101,719765,719771,2022-01-21T17:00:00Z,2022-01-24T17:00:00Z,13.885352801965576,-0.15061586830712656,0.072535103785103791,0.027930402930402932
EMFC-864,pseudo_maturity_101,1,LOW_PRESSURE_EXPANDED,101,720485,720491,2022-01-26T19:10:00Z,2022-01-29T19:10:00Z,14.1843365776565,-0.12068253175561106,0.098748473748473745,0.05257936507936508
EMFC-864,pseudo_maturity_101,-1,HIGH_PRESSURE_COMPRESSED,101,721009,721015,2022-01-30T09:25:00Z,2022-02-02T09:25:00Z,16.828933720860629,0.18016388624015525,0.9266636141636142,0.9078525641025641
EMFC-864,pseudo_maturity_101,1,LOW_PRESSURE_EXPANDED,101,721822,721828,2022-02-05T00:25:00Z,2022-02-08T00:25:00Z,13.31320850513916,-0.16922224532370769,0.038690476190476192,0.019726800976800976
EMFC-864,pseudo_maturity_101,1,LOW_PRESSURE_EXPANDED,101,722237,722243,2022-02-08T00:40:00Z,2022-02-11T00:40:00Z,0,-0.14438890262530463,0.0015644078144078145,0.03911019536019536
EMFC-864,pseudo_maturity_101,-1,HIGH_PRESSURE_COMPRESSED,101,722911,722917,2022-02-12T12:35:00Z,2022-02-15T12:35:00Z,16.896865924454048,0.17237122594078652,0.94383394383394381,0.90890186202686207
EMFC-864,pseudo_maturity_101,-1,HIGH_PRESSURE_COMPRESSED,101,723475,723481,2022-02-15T21:10:00Z,2022-02-18T21:10:00Z,16.747170921500793,0.3213997329904969,0.90789072039072038,0.99370421245421248
EMFC-864,pseudo_maturity_101,1,LOW_PRESSURE_EXPANDED,101,724213,724219,2022-02-20T21:40:00Z,2022-02-23T21:40:00Z,8.1986394552973696,-0.097202327956362744,0.003434065934065934,0.099912240537240543
EMFC-864,pseudo_maturity_101,1,LOW_PRESSURE_EXPANDED,101,724732,724738,2022-02-24T14:35:00Z,2022-02-27T14:35:00Z,13.277680234125766,-0.10356390271488232,0.037202380952380952,0.090468559218559216
EMFC-864,pseudo_maturity_101,1,LOW_PRESSURE_EXPANDED,101,725124,725130,2022-02-27T15:40:00Z,2022-03-02T15:40:00Z,12.628303093304226,-0.19334392007569032,0.021596459096459096,0.015491452991452992
EMFC-864,pseudo_maturity_101,1,LOW_PRESSURE_EXPANDED,101,726058,726064,2022-03-06T02:15:00Z,2022-03-09T02:15:00Z,13.69704679066267,-0.17349101540913822,0.056623931623931624,0.027625152625152624
EMFC-864,pseudo_maturity_101,1,LOW_PRESSURE_EXPANDED,101,726599,726605,2022-03-09T22:55:00Z,2022-03-12T22:55:00Z,13.696394759574062,-0.1444466043650281,0.056929181929181928,0.05277014652014652
EMFC-864,pseudo_maturity_101,-1,HIGH_PRESSURE_COMPRESSED,101,728485,728491,2022-03-22T10:15:00Z,2022-03-25T10:15:00Z,16.728373482655961,0.19664362980151101,0.91204975579975578,0.94471153846153844
EMFC-864,pseudo_maturity_101,-1,HIGH_PRESSURE_COMPRESSED,101,729071,729077,2022-03-26T09:50:00Z,2022-03-29T09:50:00Z,16.733322478389493,0.17152010310009883,0.91372863247863245,0.91674297924297921
EMFC-864,pseudo_maturity_101,1,LOW_PRESSURE_EXPANDED,101,729737,729743,2022-03-30T23:45:00Z,2022-04-02T23:45:00Z,13.050042115824523,-0.10590536719926381,0.032699938949938952,0.095390720390720385
EMFC-864,pseudo_maturity_101,1,LOW_PRESSURE_EXPANDED,101,730270,730276,2022-04-03T20:55:00Z,2022-04-06T20:55:00Z,13.952439796367049,-0.14225159424157513,0.076884920634920639,0.049374236874236872
EMFC-864,pseudo_maturity_101,1,LOW_PRESSURE_EXPANDED,101,730889,730895,2022-04-08T01:05:00Z,2022-04-11T01:05:00Z,13.832197552399403,-0.10389444149610021,0.068986568986568991,0.099626068376068383
EMFC-864,pseudo_maturity_101,1,LOW_PRESSURE_EXPANDED,101,731456,731462,2022-04-12T01:30:00Z,2022-04-15T01:30:00Z,13.642659613016326,-0.1403704528472759,0.058340964590964592,0.05109126984126984
EMFC-864,pseudo_maturity_101,1,LOW_PRESSURE_EXPANDED,101,732117,732123,2022-04-16T15:30:00Z,2022-04-19T15:30:00Z,12.321515166540017,-0.10918319988149207,0.019116300366300368,0.091479700854700849
EMFC-864,pseudo_maturity_101,1,LOW_PRESSURE_EXPANDED,101,732586,732592,2022-04-19T22:20:00Z,2022-04-22T22:20:00Z,13.944956867989188,-0.19596418264066873,0.082455738705738704,0.01530067155067155
EMFC-864,pseudo_maturity_101,-1,HIGH_PRESSURE_COMPRESSED,101,733156,733162,2022-04-23T12:50:00Z,2022-04-26T12:50:00Z,16.727797524898385,0.1972321695297089,0.93078449328449331,0.95766559829059827
EMFC-864,pseudo_maturity_101,-1,HIGH_PRESSURE_COMPRESSED,101,733819,733825,2022-04-27T17:35:00Z,2022-04-30T17:35:00Z,16.93336612350938,0.18544643414147954,0.9668421855921856,0.94736340048840051
EMFC-864,pseudo_maturity_101,-1,HIGH_PRESSURE_COMPRESSED,101,735358,735364,2022-05-07T21:05:00Z,2022-05-10T21:05:00Z,16.842656465892691,0.17465105048973492,0.95688339438339443,0.93131868131868134
EMFC-864,pseudo_maturity_101,-1,HIGH_PRESSURE_COMPRESSED,101,736233,736239,2022-05-13T19:15:00Z,2022-05-16T19:15:00Z,16.739317468048046,0.15677077594994904,0.93196733821733824,0.91069520757020761
EMFC-864,pseudo_maturity_101,1,LOW_PRESSURE_EXPANDED,101,737017,737023,2022-05-19T10:15:00Z,2022-05-22T10:15:00Z,13.661350711428335,-0.11076588031637699,0.063911782661782657,0.096249236874236879
EMFC-864,pseudo_maturity_101,1,LOW_PRESSURE_EXPANDED,101,737471,737477,2022-05-22T23:25:00Z,2022-05-25T23:25:00Z,13.602214609454609,-0.15325027458409424,0.060744810744810744,0.04697039072039072
EMFC-864,pseudo_maturity_101,1,LOW_PRESSURE_EXPANDED,101,738926,738932,2022-06-02T03:35:00Z,2022-06-05T03:35:00Z,13.850480904941385,-0.12504548897422443,0.076350732600732607,0.077323717948717952
EMFC-864,pseudo_maturity_101,-1,HIGH_PRESSURE_COMPRESSED,101,739871,739877,2022-06-08T13:35:00Z,2022-06-11T13:35:00Z,16.786946757795963,0.15016419199489833,0.93005952380952384,0.91765873015873012
EMFC-864,pseudo_maturity_101,1,LOW_PRESSURE_EXPANDED,101,740514,740520,2022-06-12T21:45:00Z,2022-06-15T21:45:00Z,10.064159777925026,-0.12572181039969532,0.0045405982905982909,0.081539987789987792
EMFC-864,pseudo_maturity_101,-1,HIGH_PRESSURE_COMPRESSED,101,740946,740952,2022-06-15T21:50:00Z,2022-06-18T21:50:00Z,17.10694872683246,0.14751441528854911,0.97970085470085466,0.90945512820512819
EMFC-864,pseudo_maturity_101,-1,HIGH_PRESSURE_COMPRESSED,101,741350,741356,2022-06-18T23:45:00Z,2022-06-21T23:45:00Z,16.915038813931975,0.15823400526489442,0.94734432234432231,0.92242826617826623
EMFC-864,pseudo_maturity_101,1,LOW_PRESSURE_EXPANDED,101,741882,741888,2022-06-22T21:25:00Z,2022-06-25T21:25:00Z,13.565990946606842,-0.12074161769612869,0.059218559218559216,0.099645146520146527
EMFC-864,pseudo_maturity_101,-1,HIGH_PRESSURE_COMPRESSED,101,742699,742705,2022-06-28T14:40:00Z,2022-07-01T14:40:00Z,17.348483057569716,0.16548410560428628,0.99366605616605619,0.93099435286935284
EMFC-864,pseudo_maturity_101,1,LOW_PRESSURE_EXPANDED,101,743235,743241,2022-07-02T05:20:00Z,2022-07-05T05:20:00Z,13.809946105071861,-0.12304325051013422,0.071886446886446881,0.093998015873015872
EMFC-864,pseudo_maturity_101,1,LOW_PRESSURE_EXPANDED,101,743709,743715,2022-07-05T14:00:00Z,2022-07-08T14:00:00Z,11.200417771082792,-0.16418587270896276,0.007516788766788767,0.043593559218559216
EMFC-864,pseudo_maturity_101,1,LOW_PRESSURE_EXPANDED,101,744314,744320,2022-07-09T22:55:00Z,2022-07-12T22:55:00Z,13.164504821068588,-0.13573936991430074,0.039568070818070816,0.082188644688644688
EMFC-864,pseudo_maturity_101,1,LOW_PRESSURE_EXPANDED,101,744838,744844,2022-07-13T17:50:00Z,2022-07-16T17:50:00Z,13.550562759043824,-0.1635633838653657,0.056280525030525032,0.051205738705738704
EMFC-864,pseudo_maturity_101,1,LOW_PRESSURE_EXPANDED,101,745343,745349,2022-07-17T12:50:00Z,2022-07-20T12:50:00Z,13.918150175333334,-0.13897902728145098,0.076159951159951153,0.087034493284493281
EMFC-864,pseudo_maturity_101,1,LOW_PRESSURE_EXPANDED,101,745803,745809,2022-07-21T01:55:00Z,2022-07-24T01:55:00Z,14.092187293239375,-0.18252986842891272,0.088827838827838831,0.041723901098901096
EMFC-864,pseudo_maturity_101,-1,HIGH_PRESSURE_COMPRESSED,101,746238,746244,2022-07-24T03:55:00Z,2022-07-27T03:55:00Z,17.092558380600416,0.16638915426323908,0.95741758241758246,0.95306776556776551
EMFC-864,pseudo_maturity_101,-1,HIGH_PRESSURE_COMPRESSED,101,746844,746850,2022-07-27T23:05:00Z,2022-07-30T23:05:00Z,16.85733239997861,0.21844626751258733,0.90319749694749696,0.98199023199023194
EMFC-864,pseudo_maturity_101,1,LOW_PRESSURE_EXPANDED,101,747268,747274,2022-07-31T02:00:00Z,2022-08-03T02:00:00Z,13.75285399815937,-0.1445043027754529,0.063034188034188032,0.084878663003663007
EMFC-864,pseudo_maturity_101,-1,HIGH_PRESSURE_COMPRESSED,101,748090,748096,2022-08-05T16:05:00Z,2022-08-08T16:05:00Z,17.255267536854831,0.16212684950843528,0.97878510378510375,0.94423458485958489
EMFC-864,pseudo_maturity_101,-1,HIGH_PRESSURE_COMPRESSED,101,748894,748900,2022-08-11T01:30:00Z,2022-08-14T01:30:00Z,16.868085298229953,0.13355044042497843,0.90266330891330893,0.90346459096459097
EMFC-864,pseudo_maturity_101,1,LOW_PRESSURE_EXPANDED,101,749350,749356,2022-08-14T07:45:00Z,2022-08-17T07:45:00Z,13.468706733820804,-0.13719342917620669,0.051320207570207568,0.090086996336996336
EMFC-864,pseudo_maturity_101,1,LOW_PRESSURE_EXPANDED,101,749901,749907,2022-08-18T05:50:00Z,2022-08-21T05:50:00Z,14.157830662427088,-0.19100596018631977,0.096382783882783887,0.032852564102564104
EMFC-864,pseudo_maturity_101,-1,HIGH_PRESSURE_COMPRESSED,101,750848,750854,2022-08-24T06:15:00Z,2022-08-27T06:15:00Z,17.193396425380531,0.19700888954583162,0.97008547008547008,0.97765949328449331
EMFC-864,pseudo_maturity_101,-1,HIGH_PRESSURE_COMPRESSED,101,751843,751849,2022-08-30T14:10:00Z,2022-09-02T14:10:00Z,16.898010720533769,0.15455075984859803,0.90964590964590963,0.9317765567765568
EMFC-864,pseudo_maturity_101,1,LOW_PRESSURE_EXPANDED,101,752343,752349,2022-09-03T03:15:00Z,2022-09-06T03:15:00Z,14.109994942145493,-0.17718337893783107,0.093101343101343104,0.04117063492063492
EMFC-864,pseudo_maturity_101,1,LOW_PRESSURE_EXPANDED,101,753194,753200,2022-09-08T21:35:00Z,2022-09-11T21:35:00Z,14.000310707175299,-0.12824661944452731,0.082226800976800976,0.099683302808302815
EMFC-864,pseudo_maturity_101,1,LOW_PRESSURE_EXPANDED,101,754028,754034,2022-09-14T08:50:00Z,2022-09-17T08:50:00Z,12.132980311287769,-0.13637941648499069,0.01617826617826618,0.088446275946275951
EMFC-864,pseudo_maturity_101,-1,HIGH_PRESSURE_COMPRESSED,101,754493,754499,2022-09-17T15:25:00Z,2022-09-20T15:25:00Z,17.200930054180002,0.14014368189508533,0.97222222222222221,0.90296855921855923
EMFC-864,pseudo_maturity_101,1,LOW_PRESSURE_EXPANDED,101,755284,755290,2022-09-23T03:40:00Z,2022-09-26T03:40:00Z,13.886867033936081,-0.14813260750169524,0.072573260073260079,0.076846764346764351
EMFC-864,pseudo_maturity_101,1,LOW_PRESSURE_EXPANDED,101,755903,755909,2022-09-27T13:15:00Z,2022-09-30T13:15:00Z,11.312851258239963,-0.13723701830508495,0.007020757020757021,0.094971001221001217
EMFC-864,pseudo_maturity_101,-1,HIGH_PRESSURE_COMPRESSED,101,756452,756458,2022-10-01T04:20:00Z,2022-10-04T04:20:00Z,16.910467113946261,0.17976482801226473,0.90987484737484736,0.95272435897435892
EMFC-864,pseudo_maturity_101,-1,HIGH_PRESSURE_COMPRESSED,101,757166,757172,2022-10-05T09:35:00Z,2022-10-08T09:35:00Z,16.905109151276353,0.31455094025753455,0.90804334554334554,0.99855006105006106
EMFC-864,pseudo_maturity_101,1,LOW_PRESSURE_EXPANDED,101,758425,758431,2022-10-13T07:25:00Z,2022-10-16T07:25:00Z,9.3578979363337975,-0.13834064295241774,0.0028617216117216115,0.088885073260073263
EMFC-864,pseudo_maturity_101,1,LOW_PRESSURE_EXPANDED,101,760146,760152,2022-10-25T00:05:00Z,2022-10-28T00:05:00Z,12.59559128180865,-0.14770135614735125,0.02338980463980464,0.076636904761904767
EMFC-864,pseudo_maturity_101,1,LOW_PRESSURE_EXPANDED,101,760603,760609,2022-10-28T07:05:00Z,2022-10-31T07:05:00Z,13.731940887864571,-0.14683829510413521,0.063835470085470081,0.081120268620268624
EMFC-864,pseudo_maturity_101,-1,HIGH_PRESSURE_COMPRESSED,101,761186,761192,2022-11-01T02:35:00Z,2022-11-04T02:35:00Z,17.038670472999524,0.23014718627655922,0.94085775335775335,0.97369123931623935
EMFC-864,pseudo_maturity_101,1,LOW_PRESSURE_EXPANDED,101,761790,761796,2022-11-05T10:40:00Z,2022-11-08T10:40:00Z,14.109411503079881,-0.18268260272014056,0.090315934065934064,0.044184981684981688
EMFC-864,pseudo_maturity_101,-1,HIGH_PRESSURE_COMPRESSED,101,762378,762384,2022-11-09T08:50:00Z,2022-11-12T08:50:00Z,17.195776054959087,0.14712817322584976,0.96989468864468864,0.90027854090354087
EMFC-864,pseudo_maturity_101,-1,HIGH_PRESSURE_COMPRESSED,101,762828,762834,2022-11-12T09:50:00Z,2022-11-15T09:50:00Z,17.297963019771679,0.27920697663766503,0.98137973137973133,0.99072802197802201
EMFC-864,pseudo_maturity_101,-1,HIGH_PRESSURE_COMPRESSED,101,763308,763314,2022-11-15T20:40:00Z,2022-11-18T20:40:00Z,17.008278601362818,0.15628350824518175,0.93059371184371187,0.90991300366300365
EMFC-864,pseudo_maturity_101,-1,HIGH_PRESSURE_COMPRESSED,101,763950,763956,2022-11-20T07:05:00Z,2022-11-23T07:05:00Z,16.973913569492549,0.16766942546164024,0.91140109890109888,0.92479395604395609
EMFC-864,pseudo_maturity_101,1,LOW_PRESSURE_EXPANDED,101,764705,764711,2022-11-25T23:40:00Z,2022-11-28T23:40:00Z,0,-0.15433637687020937,0.0013163919413919415,0.06940628815628816
EMFC-864,pseudo_maturity_101,1,LOW_PRESSURE_EXPANDED,101,765391,765397,2022-12-01T05:40:00Z,2022-12-04T05:40:00Z,13.647099006905817,-0.18977978603997828,0.056242368742368744,0.0397779304029304
EMFC-864,pseudo_maturity_101,-1,HIGH_PRESSURE_COMPRESSED,101,766124,766130,2022-12-06T12:20:00Z,2022-12-09T12:20:00Z,17.100191389139027,0.15173415752616387,0.92528998778998783,0.90252976190476186
EMFC-864,pseudo_maturity_101,-1,HIGH_PRESSURE_COMPRESSED,101,767297,767303,2022-12-14T02:00:00Z,2022-12-17T02:00:00Z,17.077204157258443,0.24060766506585207,0.92105463980463975,0.97712530525030528
EMFC-864,pseudo_maturity_101,1,LOW_PRESSURE_EXPANDED,101,767719,767725,2022-12-17T03:25:00Z,2022-12-20T03:25:00Z,14.061682117671518,-0.16871552422059988,0.082493894993894992,0.051549145299145296
EMFC-864,pseudo_maturity_101,1,LOW_PRESSURE_EXPANDED,101,768677,768683,2022-12-24T00:55:00Z,2022-12-27T00:55:00Z,13.797580775798291,-0.13393339514401445,0.064102564102564097,0.098996489621489617
EMFC-864,pseudo_maturity_101,1,LOW_PRESSURE_EXPANDED,101,769037,769043,2022-12-27T01:45:00Z,2022-12-30T01:45:00Z,13.274856112171344,-0.13886298771182759,0.038308913308913312,0.098366910866910864
EMFC-864,pseudo_maturity_101,-1,HIGH_PRESSURE_COMPRESSED,101,769638,769644,2022-12-31T04:05:00Z,2023-01-03T04:05:00Z,17.0401139489652,0.16075577887939405,0.90754731379731379,0.91079059829059827
EMFC-864,pseudo_maturity_101,-1,HIGH_PRESSURE_COMPRESSED,101,770728,770734,2023-01-07T02:20:00Z,2023-01-10T02:20:00Z,17.049943343360482,0.32808748708681973,0.91491147741147738,0.99740537240537241
EMFC-864,pseudo_maturity_101,-1,HIGH_PRESSURE_COMPRESSED,101,771847,771853,2023-01-14T07:55:00Z,2023-01-17T07:55:00Z,17.043130759091849,0.16257775475735836,0.9212072649572649,0.9017857142857143
EMFC-864,pseudo_maturity_101,1,LOW_PRESSURE_EXPANDED,101,772846,772852,2023-01-20T22:35:00Z,2023-01-23T22:35:00Z,13.818785190497932,-0.12466301791232375,0.068299755799755793,0.096382783882783887
EMFC-864,pseudo_maturity_101,-1,HIGH_PRESSURE_COMPRESSED,101,773629,773635,2023-01-26T03:45:00Z,2023-01-29T03:45:00Z,17.022836175258782,0.18520571197381766,0.92021520146520142,0.92506105006105011
EMFC-864,pseudo_maturity_101,1,LOW_PRESSURE_EXPANDED,101,774904,774910,2023-02-03T23:20:00Z,2023-02-06T23:20:00Z,14.132587341525483,-0.12698501175448876,0.091079059829059825,0.098786630036630033
EMFC-864,pseudo_maturity_101,-1,HIGH_PRESSURE_COMPRESSED,101,776441,776447,2023-02-14T05:35:00Z,2023-02-17T05:35:00Z,17.384978041051692,0.16751176514047494,0.98099816849816845,0.90708943833943834
EMFC-864,pseudo_maturity_101,-1,HIGH_PRESSURE_COMPRESSED,101,776947,776953,2023-02-17T07:05:00Z,2023-02-20T07:05:00Z,17.393178440104393,0.22441519284101563,0.98137973137973133,0.95732219169719168
EMFC-864,pseudo_maturity_101,-1,HIGH_PRESSURE_COMPRESSED,101,777717,777723,2023-02-22T02:00:00Z,2023-02-25T02:00:00Z,16.995358943800547,0.17302490488886002,0.90128968253968256,0.90928342490842495
EMFC-864,pseudo_maturity_101,1,LOW_PRESSURE_EXPANDED,101,778545,778551,2023-02-27T21:30:00Z,2023-03-02T21:30:00Z,14.224259601382908,-0.12933091629640561,0.084210927960927967,0.096707112332112335
EMFC-864,pseudo_maturity_101,-1,HIGH_PRESSURE_COMPRESSED,101,779211,779217,2023-03-04T05:05:00Z,2023-03-07T05:05:00Z,17.192257481880873,0.18888303629580108,0.94845085470085466,0.92786553724053722
EMFC-864,pseudo_maturity_101,-1,HIGH_PRESSURE_COMPRESSED,101,779759,779765,2023-03-07T19:45:00Z,2023-03-10T19:45:00Z,17.43143292739936,0.1972321695297089,0.98385989010989006,0.93641254578754574
EMFC-864,pseudo_maturity_101,-1,HIGH_PRESSURE_COMPRESSED,101,780286,780292,2023-03-11T13:50:00Z,2023-03-14T13:50:00Z,17.410839181211522,0.20156554016071554,0.97710622710622708,0.94431089743589747
EMFC-864,pseudo_maturity_101,1,LOW_PRESSURE_EXPANDED,101,781099,781105,2023-03-16T23:20:00Z,2023-03-19T23:20:00Z,0,-0.13958801420705344,0.0014308608058608058,0.075148809523809521
EMFC-864,pseudo_maturity_101,-1,HIGH_PRESSURE_COMPRESSED,101,781947,781953,2023-03-22T12:35:00Z,2023-03-25T12:35:00Z,17.314608488797973,0.1848647880667362,0.95459401709401714,0.92673992673992678
EMFC-864,pseudo_maturity_101,-1,HIGH_PRESSURE_COMPRESSED,101,783518,783524,2023-04-01T23:40:00Z,2023-04-04T23:40:00Z,17.26795520962154,0.16516949797638905,0.93761446886446886,0.90159493284493286
EMFC-864,pseudo_maturity_101,-1,HIGH_PRESSURE_COMPRESSED,101,784188,784194,2023-04-06T12:55:00Z,2023-04-09T12:55:00Z,17.383607886769994,0.16790596255964443,0.96005036630036633,0.91374771062271065
EMFC-864,pseudo_maturity_101,-1,HIGH_PRESSURE_COMPRESSED,101,785132,785138,2023-04-13T00:00:00Z,2023-04-16T00:00:00Z,17.180896634497447,0.15739482527009602,0.90346459096459097,0.90113705738705741
EMFC-864,pseudo_maturity_101,1,LOW_PRESSURE_EXPANDED,101,785738,785744,2023-04-17T08:00:00Z,2023-04-20T08:00:00Z,14.362968162389743,-0.14306084284065193,0.060668498168498168,0.06988324175824176
EMFC-864,pseudo_maturity_101,1,LOW_PRESSURE_EXPANDED,101,786301,786307,2023-04-21T02:40:00Z,2023-04-24T02:40:00Z,14.417635054260897,-0.14252623413980539,0.062042124542124544,0.070779914529914528
EMFC-864,pseudo_maturity_101,1,LOW_PRESSURE_EXPANDED,101,787134,787140,2023-04-27T01:45:00Z,2023-04-30T01:45:00Z,14.671746780477001,-0.13164210905171517,0.081807081807081808,0.085355616605616608
EMFC-864,pseudo_maturity_101,-1,HIGH_PRESSURE_COMPRESSED,101,787856,787862,2023-05-01T23:00:00Z,2023-05-04T23:00:00Z,17.658862418717277,0.20989832456418914,0.98965964590964595,0.96256868131868134
EMFC-864,pseudo_maturity_101,-1,HIGH_PRESSURE_COMPRESSED,101,788521,788527,2023-05-06T16:45:00Z,2023-05-09T16:45:00Z,18.682058368004085,0.16059920472163886,0.99465811965811968,0.90029761904761907
EMFC-864,pseudo_maturity_101,-1,HIGH_PRESSURE_COMPRESSED,101,788947,788953,2023-05-09T17:55:00Z,2023-05-12T17:55:00Z,19.803348228399315,0.16646789287078748,0.99500152625152627,0.90813873626373631
EMFC-864,pseudo_maturity_101,-1,HIGH_PRESSURE_COMPRESSED,101,789708,789714,2023-05-14T17:35:00Z,2023-05-17T17:35:00Z,18.565040231834615,0.16265619382005175,0.96272130647130649,0.9024343711843712
EMFC-864,pseudo_maturity_101,-1,HIGH_PRESSURE_COMPRESSED,101,790187,790193,2023-05-17T18:15:00Z,2023-05-20T18:15:00Z,17.523167187307504,0.17108492486796695,0.90144230769230771,0.91227869352869351
EMFC-864,pseudo_maturity_101,-1,HIGH_PRESSURE_COMPRESSED,101,790690,790696,2023-05-21T07:30:00Z,2023-05-24T07:30:00Z,18.79875467561979,0.16694045475565236,0.9713064713064713,0.90495268620268621
EMFC-864,pseudo_maturity_101,-1,HIGH_PRESSURE_COMPRESSED,101,791386,791392,2023-05-25T23:50:00Z,2023-05-28T23:50:00Z,17.856032630078097,0.18048324752031467,0.91250763125763124,0.92513736263736268
EMFC-864,pseudo_maturity_101,-1,HIGH_PRESSURE_COMPRESSED,101,791998,792004,2023-05-29T23:25:00Z,2023-06-01T23:25:00Z,17.920686317088517,0.2267542286379266,0.91147741147741146,0.97021901709401714
EMFC-864,pseudo_maturity_101,-1,HIGH_PRESSURE_COMPRESSED,101,792494,792500,2023-06-02T08:20:00Z,2023-06-05T08:20:00Z,17.896991183402761,0.18020380082295337,0.90335012210012211,0.92424068986568986
EMFC-864,pseudo_maturity_101,-1,HIGH_PRESSURE_COMPRESSED,101,793097,793103,2023-06-06T13:05:00Z,2023-06-09T13:05:00Z,17.972553323978289,0.1657791401746434,0.91094322344322343,0.90413232600732596
EMFC-864,pseudo_maturity_101,-1,HIGH_PRESSURE_COMPRESSED,101,793548,793554,2023-06-09T13:20:00Z,2023-06-12T13:20:00Z,18.230919791347702,0.18216156959258942,0.93318833943833945,0.93002136752136755
EMFC-864,pseudo_maturity_101,1,LOW_PRESSURE_EXPANDED,101,797456,797462,2023-07-06T20:30:00Z,2023-07-09T20:30:00Z,15.255990501770505,-0.13320425578776876,0.074213980463980464,0.077819749694749696
EMFC-864,pseudo_maturity_101,1,LOW_PRESSURE_EXPANDED,101,798337,798343,2023-07-12T05:35:00Z,2023-07-15T05:35:00Z,15.370472432240527,-0.13316049051550541,0.079899267399267393,0.078640109890109888
EMFC-864,pseudo_maturity_101,1,LOW_PRESSURE_EXPANDED,101,798801,798807,2023-07-15T18:00:00Z,2023-07-18T18:00:00Z,0,-0.14443217924223409,0.0013927045177045177,0.068872100122100127
EMFC-864,pseudo_maturity_101,1,LOW_PRESSURE_EXPANDED,101,799658,799664,2023-07-21T20:00:00Z,2023-07-24T20:00:00Z,0,-0.20940967185956741,0.0013927045177045177,0.02422924297924298
EMFC-864,pseudo_maturity_101,1,LOW_PRESSURE_EXPANDED,101,800271,800277,2023-07-26T03:55:00Z,2023-07-29T03:55:00Z,15.593478864779883,-0.13026773936392624,0.084859584859584863,0.090773809523809521
EMFC-864,pseudo_maturity_101,1,LOW_PRESSURE_EXPANDED,101,800817,800823,2023-07-30T02:30:00Z,2023-08-02T02:30:00Z,15.619526113588496,-0.13396254966296695,0.080280830280830287,0.081234737484737488
EMFC-864,pseudo_maturity_101,1,LOW_PRESSURE_EXPANDED,101,801717,801723,2023-08-05T06:25:00Z,2023-08-08T06:25:00Z,15.726710059641331,-0.17718337893783107,0.094398656898656896,0.042315323565323568
EMFC-864,pseudo_maturity_101,1,LOW_PRESSURE_EXPANDED,101,802291,802297,2023-08-09T04:05:00Z,2023-08-12T04:05:00Z,15.753435193220001,-0.19571753972355105,0.098366910866910864,0.031555250305250304
EMFC-864,pseudo_maturity_101,1,LOW_PRESSURE_EXPANDED,101,802960,802966,2023-08-13T16:00:00Z,2023-08-16T16:00:00Z,15.753640951619332,-0.17662480551978044,0.095924908424908431,0.044738247863247864
EMFC-864,pseudo_maturity_101,1,LOW_PRESSURE_EXPANDED,101,803805,803811,2023-08-19T01:00:00Z,2023-08-22T01:00:00Z,15.708082918061564,-0.13086743076023796,0.079288766788766785,0.095238095238095233
EMFC-864,pseudo_maturity_101,1,LOW_PRESSURE_EXPANDED,101,804409,804415,2023-08-22T23:55:00Z,2023-08-25T23:55:00Z,15.797381855316901,-0.13996482034475635,0.099015567765567761,0.082112332112332112
EMFC-864,pseudo_maturity_101,1,LOW_PRESSURE_EXPANDED,101,804874,804880,2023-08-26T07:30:00Z,2023-08-29T07:30:00Z,15.67768095942238,-0.13797774294190276,0.062461843711843712,0.080776862026862031
EMFC-864,pseudo_maturity_101,1,LOW_PRESSURE_EXPANDED,101,805529,805535,2023-08-31T07:25:00Z,2023-09-03T07:25:00Z,15.804836591639159,-0.16651676084339526,0.096878815628815632,0.05631868131868132
EMFC-864,pseudo_maturity_101,1,LOW_PRESSURE_EXPANDED,101,810654,810660,2023-10-04T23:50:00Z,2023-10-07T23:50:00Z,15.156685683802975,-0.13777446139626301,0.011981074481074482,0.09432234432234432
EMFC-864,pseudo_maturity_101,1,LOW_PRESSURE_EXPANDED,101,812987,812993,2023-10-20T07:40:00Z,2023-10-23T07:40:00Z,15.019957449892921,-0.13629216152594517,0.011141636141636142,0.091098137973137969
EMFC-864,pseudo_maturity_101,1,LOW_PRESSURE_EXPANDED,101,813659,813665,2023-10-24T21:10:00Z,2023-10-27T21:10:00Z,15.71246632936786,-0.1714431565286762,0.06662087912087912,0.048611111111111112
EMFC-864,pseudo_maturity_101,1,LOW_PRESSURE_EXPANDED,101,814449,814455,2023-10-30T05:00:00Z,2023-11-02T05:00:00Z,15.802191317362556,-0.14063112973974562,0.096840659340659344,0.082493894993894992
EMFC-864,pseudo_maturity_101,1,LOW_PRESSURE_EXPANDED,101,814952,814958,2023-11-02T12:15:00Z,2023-11-05T12:15:00Z,15.364901606647601,-0.13563750654209841,0.029800061050061052,0.081539987789987792
EMFC-864,pseudo_maturity_101,-1,HIGH_PRESSURE_COMPRESSED,101,815440,815446,2023-11-05T16:25:00Z,2023-11-08T16:25:00Z,17.736502660517946,0.20395385692106849,0.90098443223443225,0.95459401709401714
EMFC-864,pseudo_maturity_101,-1,HIGH_PRESSURE_COMPRESSED,101,816099,816105,2023-11-10T08:15:00Z,2023-11-13T08:15:00Z,18.687113865536098,0.15780456938087936,0.99603174603174605,0.90270146520146521
EMFC-864,pseudo_maturity_101,-1,HIGH_PRESSURE_COMPRESSED,101,817437,817443,2023-11-19T08:30:00Z,2023-11-22T08:30:00Z,19.435202266491792,0.15897619279896349,0.99736721611721613,0.90359813797313793
EMFC-864,pseudo_maturity_101,-1,HIGH_PRESSURE_COMPRESSED,101,818123,818129,2023-11-23T18:35:00Z,2023-11-26T18:35:00Z,18.377265650672374,0.16835948177790003,0.95043498168498164,0.91609432234432231
EMFC-864,pseudo_maturity_101,1,LOW_PRESSURE_EXPANDED,101,819061,819067,2023-11-30T05:10:00Z,2023-12-03T05:10:00Z,0,-0.15797194092903588,0.0010874542124542125,0.051854395604395608
EMFC-864,pseudo_maturity_101,-1,HIGH_PRESSURE_COMPRESSED,101,819608,819614,2023-12-03T22:00:00Z,2023-12-06T22:00:00Z,18.003047650261511,0.18010401735300008,0.90411324786324787,0.93183379120879117
EMFC-864,pseudo_maturity_101,1,LOW_PRESSURE_EXPANDED,101,820138,820144,2023-12-07T16:30:00Z,2023-12-10T16:30:00Z,0,-0.14352297675217532,0.001201923076923077,0.074786324786324784
EMFC-864,pseudo_maturity_101,-1,HIGH_PRESSURE_COMPRESSED,101,821356,821362,2023-12-15T23:00:00Z,2023-12-18T23:00:00Z,19.523568599344571,0.15731679780438854,0.99534493284493286,0.90174755799755801
EMFC-864,pseudo_maturity_101,-1,HIGH_PRESSURE_COMPRESSED,101,821849,821855,2023-12-19T02:35:00Z,2023-12-22T02:35:00Z,19.315371041122621,0.16332317438463984,0.97523656898656896,0.90953144078144077
EMFC-864,pseudo_maturity_101,-1,HIGH_PRESSURE_COMPRESSED,101,822481,822487,2023-12-23T03:35:00Z,2023-12-26T03:35:00Z,19.422385552143712,0.16434412356330191,0.97279456654456653,0.90819597069597069
EMFC-864,pseudo_maturity_101,1,LOW_PRESSURE_EXPANDED,101,823277,823283,2023-12-28T17:30:00Z,2023-12-31T17:30:00Z,0,-0.29500519283156224,0.0013736263736263737,0.001717032967032967
EMFC-864,pseudo_maturity_99,-1,HIGH_PRESSURE_COMPRESSED,99,665701,665707,2021-01-12T11:10:00Z,2021-01-15T11:10:00Z,18.772268287989377,0.17467089786343185,0.91720085470085466,0.90252976190476186
EMFC-864,pseudo_maturity_99,-1,HIGH_PRESSURE_COMPRESSED,99,666272,666278,2021-01-16T05:45:00Z,2021-01-19T05:45:00Z,18.901851327526089,0.22987448665350224,0.9486416361416361,0.963980463980464
EMFC-864,pseudo_maturity_99,1,LOW_PRESSURE_EXPANDED,99,666976,666982,2021-01-21T07:20:00Z,2021-01-24T07:20:00Z,15.550326413810522,-0.12829060029820266,0.033768315018315016,0.08234126984126984
EMFC-864,pseudo_maturity_99,1,LOW_PRESSURE_EXPANDED,99,668615,668621,2021-02-01T17:20:00Z,2021-02-04T17:20:00Z,15.665648834937498,-0.12319061055519832,0.038270757020757024,0.094474969474969472
EMFC-864,pseudo_maturity_99,-1,HIGH_PRESSURE_COMPRESSED,99,669176,669182,2021-02-05T08:15:00Z,2021-02-08T08:15:00Z,18.867964073382037,0.17532608228156826,0.95390720390720396,0.90409416971916967
EMFC-864,pseudo_maturity_99,-1,HIGH_PRESSURE_COMPRESSED,99,670556,670562,2021-02-14T13:05:00Z,2021-02-17T13:05:00Z,18.853319819314862,0.17665762716951611,0.94570360195360192,0.90453296703296704
EMFC-864,pseudo_maturity_99,-1,HIGH_PRESSURE_COMPRESSED,99,671095,671101,2021-02-18T10:00:00Z,2021-02-21T10:00:00Z,18.710340699103934,0.18198161458085663,0.90205280830280832,0.91374771062271065
EMFC-864,pseudo_maturity_99,1,LOW_PRESSURE_EXPANDED,99,671874,671880,2021-02-24T01:30:00Z,2021-02-27T01:30:00Z,0,-0.17912199921987979,0.0025755494505494505,0.04433760683760684
EMFC-864,pseudo_maturity_99,-1,HIGH_PRESSURE_COMPRESSED,99,672423,672429,2021-02-27T14:25:00Z,2021-03-02T14:25:00Z,18.838457794752227,0.18896356618249879,0.93967490842490842,0.92542353479853479
EMFC-864,pseudo_maturity_99,-1,HIGH_PRESSURE_COMPRESSED,99,672957,672963,2021-03-03T11:25:00Z,2021-03-06T11:25:00Z,18.742584364625472,0.18244156399453063,0.90556318681318682,0.91540750915750912
EMFC-864,pseudo_maturity_99,1,LOW_PRESSURE_EXPANDED,99,676408,676414,2021-03-26T20:55:00Z,2021-03-29T20:55:00Z,16.542570130642051,-0.15264955370099109,0.082684676434676432,0.064407814407814401
EMFC-864,pseudo_maturity_99,1,LOW_PRESSURE_EXPANDED,99,678413,678419,2021-04-09T10:25:00Z,2021-04-12T10:25:00Z,16.361939779232387,-0.13020921362721685,0.059752747252747256,0.083524114774114769
EMFC-864,pseudo_maturity_99,-1,HIGH_PRESSURE_COMPRESSED,99,679398,679404,2021-04-15T23:35:00Z,2021-04-18T23:35:00Z,18.827664717999447,0.20303459839149621,0.93677503052503053,0.9595161782661783
EMFC-864,pseudo_maturity_99,1,LOW_PRESSURE_EXPANDED,99,679873,679879,2021-04-20T10:45:00Z,2021-04-23T10:45:00Z,0,-0.31009159296486599,0.0025755494505494505,0.022016178266178268
EMFC-864,pseudo_maturity_99,1,LOW_PRESSURE_EXPANDED,99,680739,680745,2021-04-27T02:10:00Z,2021-04-30T02:10:00Z,16.655951893510334,-0.22866163199811493,0.079632173382173377,0.035790598290598288
EMFC-864,pseudo_maturity_99,-1,HIGH_PRESSURE_COMPRESSED,99,681506,681512,2021-05-02T12:25:00Z,2021-05-05T12:25:00Z,18.777749522328133,0.21871586798705803,0.90781440781440781,0.9700282356532357
EMFC-864,pseudo_maturity_99,-1,HIGH_PRESSURE_COMPRESSED,99,682324,682330,2021-05-07T05:45:00Z,2021-05-10T05:45:00Z,18.747908423888934,0.20030224482990416,0.90811965811965811,0.94270833333333337
EMFC-864,pseudo_maturity_99,1,LOW_PRESSURE_EXPANDED,99,683592,683598,2021-05-14T19:00:00Z,2021-05-17T19:00:00Z,16.619419455074954,-0.11816814667679933,0.078373015873015872,0.084210927960927967
EMFC-864,pseudo_maturity_99,1,LOW_PRESSURE_EXPANDED,99,684003,684009,2021-05-17T21:55:00Z,2021-05-20T21:55:00Z,16.250314257255827,-0.15800040298200568,0.044452075702075704,0.050766941391941392
EMFC-864,pseudo_maturity_99,1,LOW_PRESSURE_EXPANDED,99,684622,684628,2021-05-23T09:30:00Z,2021-05-26T09:30:00Z,0,-0.15507882040008042,0.002728174603174603,0.073012057387057391
EMFC-864,pseudo_maturity_99,1,LOW_PRESSURE_EXPANDED,99,684990,684996,2021-05-26T09:35:00Z,2021-05-29T09:35:00Z,16.564717673494805,-0.20178371219280014,0.064369658119658113,0.044070512820512824
EMFC-864,pseudo_maturity_99,1,LOW_PRESSURE_EXPANDED,99,685350,685356,2021-05-29T10:55:00Z,2021-06-01T10:55:00Z,16.03031317674963,-0.28299611046106649,0.027472527472527472,0.018925518925518924
EMFC-864,pseudo_maturity_99,1,LOW_PRESSURE_EXPANDED,99,686268,686274,2021-06-04T21:55:00Z,2021-06-07T21:55:00Z,16.719244586199189,-0.1597776756923899,0.087034493284493281,0.082398504273504272
EMFC-864,pseudo_maturity_99,1,LOW_PRESSURE_EXPANDED,99,686981,686987,2021-06-10T01:05:00Z,2021-06-13T01:05:00Z,14.616240034199908,-0.15846990993719912,0.00786019536019536,0.083524114774114769
EMFC-864,pseudo_maturity_99,1,LOW_PRESSURE_EXPANDED,99,687372,687378,2021-06-13T09:30:00Z,2021-06-16T09:30:00Z,16.657092318357659,-0.16496343924774728,0.088217338217338223,0.085832570207570208
EMFC-864,pseudo_maturity_99,1,LOW_PRESSURE_EXPANDED,99,687781,687787,2021-06-16T10:50:00Z,2021-06-19T10:50:00Z,16.081622727171666,-0.20834120176637089,0.039224664224664224,0.055898962148962152
EMFC-864,pseudo_maturity_99,1,LOW_PRESSURE_EXPANDED,99,688154,688160,2021-06-19T10:55:00Z,2021-06-22T10:55:00Z,16.687712348382924,-0.26735180597853014,0.09806166056166056,0.0306013431013431
EMFC-864,pseudo_maturity_99,1,LOW_PRESSURE_EXPANDED,99,688469,688475,2021-06-22T11:35:00Z,2021-06-25T11:35:00Z,15.440301999432222,-0.36772862627176711,0.019421550671550672,0.0062194749694749691
EMFC-864,pseudo_maturity_99,1,LOW_PRESSURE_EXPANDED,99,688773,688779,2021-06-25T13:15:00Z,2021-06-28T13:15:00Z,16.212521803762261,-0.26797669042712652,0.052808302808302808,0.05051892551892552
EMFC-864,pseudo_maturity_99,1,LOW_PRESSURE_EXPANDED,99,689026,689032,2021-06-28T14:40:00Z,2021-07-01T14:40:00Z,16.584366948712209,-0.77268206700641373,0.090697496947496944,0.00083943833943833949
EMFC-864,pseudo_maturity_99,1,LOW_PRESSURE_EXPANDED,99,689499,689505,2021-07-03T14:55:00Z,2021-07-06T14:55:00Z,0,-0.38903080164473952,0.002670940170940171,0.026060744810744812
EMFC-864,pseudo_maturity_99,1,LOW_PRESSURE_EXPANDED,99,711328,711334,2021-11-26T06:20:00Z,2021-11-29T06:20:00Z,13.530566068244473,-0.16872960327448758,0.038690476190476192,0.089133089133089136
EMFC-864,pseudo_maturity_99,1,LOW_PRESSURE_EXPANDED,99,712006,712012,2021-12-01T02:40:00Z,2021-12-04T02:40:00Z,12.739722796637889,-0.15143270376020934,0.019192612942612944,0.092605311355311359
EMFC-864,pseudo_maturity_99,1,LOW_PRESSURE_EXPANDED,99,714421,714427,2021-12-16T22:05:00Z,2021-12-19T22:05:00Z,12.894847782621291,-0.12105176162016296,0.023504273504273504,0.094951923076923073
EMFC-864,pseudo_maturity_99,1,LOW_PRESSURE_EXPANDED,99,715864,715870,2021-12-26T21:00:00Z,2021-12-29T21:00:00Z,14.059866722469355,-0.10756807719982682,0.079746642246642241,0.060363247863247864
EMFC-864,pseudo_maturity_99,1,LOW_PRESSURE_EXPANDED,99,716474,716480,2021-12-31T07:15:00Z,2022-01-03T07:15:00Z,13.929333763832968,-0.23745399998753711,0.069329975579975583,0.001984126984126984
EMFC-864,pseudo_maturity_99,1,LOW_PRESSURE_EXPANDED,99,717065,717071,2022-01-04T02:25:00Z,2022-01-07T02:25:00Z,13.866469796561402,-0.10258667210843102,0.066926129426129424,0.052083333333333336
EMFC-864,pseudo_maturity_99,1,LOW_PRESSURE_EXPANDED,99,717614,717620,2022-01-07T21:20:00Z,2022-01-10T21:20:00Z,14.00788970058545,-0.070411864240365538,0.07879273504273504,0.095486111111111105
EMFC-864,pseudo_maturity_99,1,LOW_PRESSURE_EXPANDED,99,718332,718338,2022-01-12T21:05:00Z,2022-01-15T21:05:00Z,13.998003766691859,-0.087003043621574003,0.078678266178266176,0.067498473748473745
EMFC-864,pseudo_maturity_99,-1,HIGH_PRESSURE_COMPRESSED,99,719247,719253,2022-01-18T08:50:00Z,2022-01-21T08:50:00Z,17.106132442150535,0.21047414821354682,0.9732142857142857,0.91970009157509158
EMFC-864,pseudo_maturity_99,1,LOW_PRESSURE_EXPANDED,99,719748,719754,2022-01-21T13:40:00Z,2022-01-24T13:40:00Z,13.368962483785742,-0.12886217544291773,0.042429792429792432,0.030525030525030524
EMFC-864,pseudo_maturity_99,1,LOW_PRESSURE_EXPANDED,99,720483,720489,2022-01-26T18:40:00Z,2022-01-29T18:40:00Z,14.1843365776565,-0.073869848566455482,0.098748473748473745,0.089323870573870576
EMFC-864,pseudo_maturity_99,-1,HIGH_PRESSURE_COMPRESSED,99,721007,721013,2022-01-30T09:10:00Z,2022-02-02T09:10:00Z,16.828933720860629,0.19597433324774155,0.9266636141636142,0.90098443223443225
EMFC-864,pseudo_maturity_99,1,LOW_PRESSURE_EXPANDED,99,721820,721826,2022-02-05T00:05:00Z,2022-02-08T00:05:00Z,13.31320850513916,-0.14397046541003114,0.038690476190476192,0.022283272283272284
EMFC-864,pseudo_maturity_99,1,LOW_PRESSURE_EXPANDED,99,722235,722241,2022-02-08T00:30:00Z,2022-02-11T00:30:00Z,0,-0.0946281290787825,0.0015644078144078145,0.071485805860805857
EMFC-864,pseudo_maturity_99,-1,HIGH_PRESSURE_COMPRESSED,99,722909,722915,2022-02-12T12:10:00Z,2022-02-15T12:10:00Z,16.896865924454048,0.19506237744479007,0.94383394383394381,0.91124847374847373
EMFC-864,pseudo_maturity_99,-1,HIGH_PRESSURE_COMPRESSED,99,723473,723479,2022-02-15T20:40:00Z,2022-02-18T20:40:00Z,16.747170921500793,0.32453049061216521,0.90789072039072038,0.98992673992673996
EMFC-864,pseudo_maturity_99,1,LOW_PRESSURE_EXPANDED,99,724211,724217,2022-02-20T21:25:00Z,2022-02-23T21:25:00Z,8.1986394552973696,-0.079704188844040777,0.003434065934065934,0.097279456654456656
EMFC-864,pseudo_maturity_99,1,LOW_PRESSURE_EXPANDED,99,724749,724755,2022-02-24T17:05:00Z,2022-02-27T17:05:00Z,11.18987870201148,-0.094264178390082901,0.007364163614163614,0.076274420024420031
EMFC-864,pseudo_maturity_99,1,LOW_PRESSURE_EXPANDED,99,725135,725141,2022-02-27T17:30:00Z,2022-03-02T17:30:00Z,13.286551513002141,-0.23062218316989333,0.037965506715506712,0.0037774725274725275
EMFC-864,pseudo_maturity_99,1,LOW_PRESSURE_EXPANDED,99,726056,726062,2022-03-06T02:00:00Z,2022-03-09T02:00:00Z,13.69704679066267,-0.16736301129939316,0.056623931623931624,0.019993894993894992
EMFC-864,pseudo_maturity_99,1,LOW_PRESSURE_EXPANDED,99,726597,726603,2022-03-09T22:50:00Z,2022-03-12T22:50:00Z,13.696394759574062,-0.12099269400249048,0.056929181929181928,0.05780677655677656
EMFC-864,pseudo_maturity_99,-1,HIGH_PRESSURE_COMPRESSED,99,728483,728489,2022-03-22T10:05:00Z,2022-03-25T10:05:00Z,16.728373482655961,0.2261898532506153,0.91204975579975578,0.95203754578754574
EMFC-864,pseudo_maturity_99,-1,HIGH_PRESSURE_COMPRESSED,99,729069,729075,2022-03-26T09:30:00Z,2022-03-29T09:30:00Z,16.733322478389493,0.19190735409755127,0.91372863247863245,0.91571275946275943
EMFC-864,pseudo_maturity_99,1,LOW_PRESSURE_EXPANDED,99,729739,729745,2022-03-30T23:55:00Z,2022-04-02T23:55:00Z,14.114204526322476,-0.08506086486592998,0.092452686202686207,0.097050518925518928
EMFC-864,pseudo_maturity_99,1,LOW_PRESSURE_EXPANDED,99,730185,730191,2022-04-03T04:25:00Z,2022-04-06T04:25:00Z,13.933458024545596,-0.085627085967436969,0.075396825396825393,0.097928113553113552
EMFC-864,pseudo_maturity_99,1,LOW_PRESSURE_EXPANDED,99,730637,730643,2022-04-06T06:50:00Z,2022-04-09T06:50:00Z,12.395034605961383,-0.086896092566858374,0.01926892551892552,0.094055250305250304
EMFC-864,pseudo_maturity_99,1,LOW_PRESSURE_EXPANDED,99,731065,731071,2022-04-09T08:20:00Z,2022-04-12T08:20:00Z,13.010743311575359,-0.13184664089365303,0.032242063492063495,0.042372557997558
EMFC-864,pseudo_maturity_99,1,LOW_PRESSURE_EXPANDED,99,731720,731726,2022-04-13T21:15:00Z,2022-04-16T21:15:00Z,13.751854847035075,-0.099649237312454647,0.064827533577533583,0.077228327228327232
EMFC-864,pseudo_maturity_99,1,LOW_PRESSURE_EXPANDED,99,732159,732165,2022-04-16T22:40:00Z,2022-04-19T22:40:00Z,13.611105342298563,-0.11124317881598172,0.057654151404151407,0.061698717948717952
EMFC-864,pseudo_maturity_99,1,LOW_PRESSURE_EXPANDED,99,732593,732599,2022-04-19T23:30:00Z,2022-04-22T23:30:00Z,14.069527774863568,-0.15297856459708059,0.094169719169719168,0.029265873015873016
EMFC-864,pseudo_maturity_99,1,LOW_PRESSURE_EXPANDED,99,733079,733085,2022-04-23T02:35:00Z,2022-04-26T02:35:00Z,12.954765690470763,-0.088499158582414597,0.033157814407814408,0.097832722832722832
EMFC-864,pseudo_maturity_99,-1,HIGH_PRESSURE_COMPRESSED,99,733571,733577,2022-04-26T02:50:00Z,2022-04-29T02:50:00Z,16.832419171701442,0.21030959333412336,0.95157967032967028,0.95201846764346765
EMFC-864,pseudo_maturity_99,1,LOW_PRESSURE_EXPANDED,99,734039,734045,2022-04-29T07:10:00Z,2022-05-02T07:10:00Z,14.006689439256597,-0.1416731583161456,0.090239621489621488,0.036706349206349208
EMFC-864,pseudo_maturity_99,-1,HIGH_PRESSURE_COMPRESSED,99,735356,735362,2022-05-07T21:00:00Z,2022-05-10T21:00:00Z,16.842656465892691,0.17629972447546036,0.95688339438339443,0.90644078144078144
EMFC-864,pseudo_maturity_99,-1,HIGH_PRESSURE_COMPRESSED,99,736231,736237,2022-05-13T19:05:00Z,2022-05-16T19:05:00Z,16.739317468048046,0.17902698984452464,0.93196733821733824,0.91153464590964595
EMFC-864,pseudo_maturity_99,1,LOW_PRESSURE_EXPANDED,99,737015,737021,2022-05-19T09:55:00Z,2022-05-22T09:55:00Z,13.661350711428335,-0.10794218029203684,0.063911782661782657,0.069024725274725279
EMFC-864,pseudo_maturity_99,1,LOW_PRESSURE_EXPANDED,99,737469,737475,2022-05-22T23:05:00Z,2022-05-25T23:05:00Z,13.602214609454609,-0.14719799439940592,0.060744810744810744,0.037698412698412696
EMFC-864,pseudo_maturity_99,1,LOW_PRESSURE_EXPANDED,99,738921,738927,2022-06-02T02:40:00Z,2022-06-05T02:40:00Z,13.091524716492975,-0.098804069058580635,0.038194444444444448,0.091136294261294257
EMFC-864,pseudo_maturity_99,-1,HIGH_PRESSURE_COMPRESSED,99,739883,739889,2022-06-08T15:00:00Z,2022-06-11T15:00:00Z,16.942459979593419,0.21078276161599019,0.96073717948717952,0.95529990842490842
EMFC-864,pseudo_maturity_99,1,LOW_PRESSURE_EXPANDED,99,740469,740475,2022-06-12T13:05:00Z,2022-06-15T13:05:00Z,11.302056274531406,-0.10389444149610021,0.0085851648351648359,0.087454212454212449
EMFC-864,pseudo_maturity_99,-1,HIGH_PRESSURE_COMPRESSED,99,740912,740918,2022-06-15T16:30:00Z,2022-06-18T16:30:00Z,16.914297445627422,0.16664507740894702,0.95268620268620263,0.90579212454212454
EMFC-864,pseudo_maturity_99,-1,HIGH_PRESSURE_COMPRESSED,99,741348,741354,2022-06-18T23:25:00Z,2022-06-21T23:25:00Z,16.915038813931975,0.16534645258799302,0.94734432234432231,0.90277777777777779
EMFC-864,pseudo_maturity_99,1,LOW_PRESSURE_EXPANDED,99,741880,741886,2022-06-22T21:10:00Z,2022-06-25T21:10:00Z,13.565990946606842,-0.11469679663481323,0.059218559218559216,0.078392094017094016
EMFC-864,pseudo_maturity_99,-1,HIGH_PRESSURE_COMPRESSED,99,742679,742685,2022-06-28T11:30:00Z,2022-07-01T11:30:00Z,17.057402937964401,0.18850060787067011,0.96913156288156288,0.93120421245421248
EMFC-864,pseudo_maturity_99,-1,HIGH_PRESSURE_COMPRESSED,99,743139,743145,2022-07-01T11:40:00Z,2022-07-04T11:40:00Z,16.874189555168169,0.20778296483182843,0.93605006105006106,0.95192307692307687
EMFC-864,pseudo_maturity_99,1,LOW_PRESSURE_EXPANDED,99,743707,743713,2022-07-05T13:35:00Z,2022-07-08T13:35:00Z,11.200417771082792,-0.1399503304261169,0.007516788766788767,0.04773351648351648
EMFC-864,pseudo_maturity_99,1,LOW_PRESSURE_EXPANDED,99,744312,744318,2022-07-09T22:40:00Z,2022-07-12T22:40:00Z,13.164504821068588,-0.13184664089365303,0.039568070818070816,0.062748015873015872
EMFC-864,pseudo_maturity_99,1,LOW_PRESSURE_EXPANDED,99,744836,744842,2022-07-13T17:10:00Z,2022-07-16T17:10:00Z,13.550562759043824,-0.13630670454783986,0.056280525030525032,0.059218559218559216
EMFC-864,pseudo_maturity_99,1,LOW_PRESSURE_EXPANDED,99,745349,745355,2022-07-17T13:35:00Z,2022-07-20T13:35:00Z,13.926793401964355,-0.12333794888847895,0.076655982905982911,0.081845238095238096
EMFC-864,pseudo_maturity_99,1,LOW_PRESSURE_EXPANDED,99,745801,745807,2022-07-21T01:35:00Z,2022-07-24T01:35:00Z,14.092187293239375,-0.12754266259147493,0.088827838827838831,0.079441391941391937
EMFC-864,pseudo_maturity_99,-1,HIGH_PRESSURE_COMPRESSED,99,746236,746242,2022-07-24T03:35:00Z,2022-07-27T03:35:00Z,17.092558380600416,0.2149067338916438,0.95741758241758246,0.97096306471306471
EMFC-864,pseudo_maturity_99,-1,HIGH_PRESSURE_COMPRESSED,99,746842,746848,2022-07-27T22:45:00Z,2022-07-30T22:45:00Z,16.85733239997861,0.24209279284762372,0.90319749694749696,0.98300137362637363
EMFC-864,pseudo_maturity_99,1,LOW_PRESSURE_EXPANDED,99,747266,747272,2022-07-31T01:10:00Z,2022-08-03T01:10:00Z,13.75285399815937,-0.13387508355602759,0.063034188034188032,0.073107448107448111
EMFC-864,pseudo_maturity_99,-1,HIGH_PRESSURE_COMPRESSED,99,748088,748094,2022-08-05T15:50:00Z,2022-08-08T15:50:00Z,17.255267536854831,0.16332317438463984,0.97878510378510375,0.91849816849816845
EMFC-864,pseudo_maturity_99,1,LOW_PRESSURE_EXPANDED,99,748672,748678,2022-08-09T12:45:00Z,2022-08-12T12:45:00Z,14.044881081382968,-0.11564742352596191,0.085279304029304032,0.094436813186813184
EMFC-864,pseudo_maturity_99,1,LOW_PRESSURE_EXPANDED,99,749348,749354,2022-08-14T07:00:00Z,2022-08-17T07:00:00Z,13.468706733820804,-0.1144441343908689,0.051320207570207568,0.095715048840048847
EMFC-864,pseudo_maturity_99,1,LOW_PRESSURE_EXPANDED,99,749899,749905,2022-08-18T05:35:00Z,2022-08-21T05:35:00Z,14.157830662427088,-0.19052393622728259,0.096382783882783887,0.018849206349206348
EMFC-864,pseudo_maturity_99,-1,HIGH_PRESSURE_COMPRESSED,99,750846,750852,2022-08-24T06:15:00Z,2022-08-27T06:15:00Z,17.193396425380531,0.20225899317647095,0.97008547008547008,0.96558302808302809
EMFC-864,pseudo_maturity_99,-1,HIGH_PRESSURE_COMPRESSED,99,751841,751847,2022-08-30T14:05:00Z,2022-09-02T14:05:00Z,16.898010720533769,0.1798047266696802,0.90964590964590963,0.93612637362637363
EMFC-864,pseudo_maturity_99,1,LOW_PRESSURE_EXPANDED,99,752341,752347,2022-09-03T03:15:00Z,2022-09-06T03:15:00Z,14.109994942145493,-0.13197810356209622,0.093101343101343104,0.064407814407814401
EMFC-864,pseudo_maturity_99,1,LOW_PRESSURE_EXPANDED,99,753192,753198,2022-09-08T21:00:00Z,2022-09-11T21:00:00Z,14.000310707175299,-0.11865672795016735,0.082226800976800976,0.085088522588522592
EMFC-864,pseudo_maturity_99,1,LOW_PRESSURE_EXPANDED,99,754027,754033,2022-09-14T08:50:00Z,2022-09-17T08:50:00Z,12.334479052823689,-0.11764969343337095,0.019154456654456656,0.087282509157509153
EMFC-864,pseudo_maturity_99,-1,HIGH_PRESSURE_COMPRESSED,99,754494,754500,2022-09-17T15:25:00Z,2022-09-20T15:25:00Z,17.007358559759265,0.18663082838205308,0.93826312576312576,0.93629807692307687
EMFC-864,pseudo_maturity_99,1,LOW_PRESSURE_EXPANDED,99,755282,755288,2022-09-23T03:20:00Z,2022-09-26T03:20:00Z,13.886867033936081,-0.11708649683323412,0.072573260073260079,0.093292124542124544
EMFC-864,pseudo_maturity_99,1,LOW_PRESSURE_EXPANDED,99,755901,755907,2022-09-27T12:55:00Z,2022-09-30T12:55:00Z,11.312851258239963,-0.1152613403350889,0.007020757020757021,0.099435286935286929
EMFC-864,pseudo_maturity_99,-1,HIGH_PRESSURE_COMPRESSED,99,756450,756456,2022-10-01T04:10:00Z,2022-10-04T04:10:00Z,16.910467113946261,0.20211618412213422,0.90987484737484736,0.95398351648351654
EMFC-864,pseudo_maturity_99,-1,HIGH_PRESSURE_COMPRESSED,99,757164,757170,2022-10-05T09:20:00Z,2022-10-08T09:20:00Z,16.905109151276353,0.33502994389226276,0.90804334554334554,0.99818757631257626
EMFC-864,pseudo_maturity_99,1,LOW_PRESSURE_EXPANDED,99,758423,758429,2022-10-13T07:15:00Z,2022-10-16T07:15:00Z,9.3578979363337975,-0.12366201682773881,0.0028617216117216115,0.081501831501831504
EMFC-864,pseudo_maturity_99,1,LOW_PRESSURE_EXPANDED,99,760144,760150,2022-10-25T00:00:00Z,2022-10-28T00:00:00Z,12.59559128180865,-0.131320617327358,0.02338980463980464,0.071981837606837601
EMFC-864,pseudo_maturity_99,1,LOW_PRESSURE_EXPANDED,99,760601,760607,2022-10-28T06:50:00Z,2022-10-31T06:50:00Z,13.731940887864571,-0.13348139137448098,0.063835470085470081,0.072802197802197807
EMFC-864,pseudo_maturity_99,-1,HIGH_PRESSURE_COMPRESSED,99,761184,761190,2022-11-01T02:05:00Z,2022-11-04T02:05:00Z,17.038670472999524,0.24219895784936898,0.94085775335775335,0.96966575091575091
EMFC-864,pseudo_maturity_99,-1,HIGH_PRESSURE_COMPRESSED,99,761616,761622,2022-11-04T02:15:00Z,2022-11-07T02:15:00Z,17.008531815434004,0.17120359106010807,0.93337912087912089,0.90380799755799757
EMFC-864,pseudo_maturity_99,1,LOW_PRESSURE_EXPANDED,99,762179,762185,2022-11-08T02:20:00Z,2022-11-11T02:20:00Z,13.147016964842985,-0.12201112172680463,0.036134004884004887,0.089705433455433456
EMFC-864,pseudo_maturity_99,1,LOW_PRESSURE_EXPANDED,99,762679,762685,2022-11-11T11:30:00Z,2022-11-14T11:30:00Z,13.46698233916131,-0.13171516094050414,0.048954517704517704,0.077800671550671552
EMFC-864,pseudo_maturity_99,1,LOW_PRESSURE_EXPANDED,99,763200,763206,2022-11-15T04:30:00Z,2022-11-18T04:30:00Z,14.173361909663971,-0.14347966076929269,0.099282661782661777,0.065552503052503056
EMFC-864,pseudo_maturity_99,-1,HIGH_PRESSURE_COMPRESSED,99,763948,763954,2022-11-20T06:50:00Z,2022-11-23T06:50:00Z,16.973913569492549,0.17482969103565912,0.91140109890109888,0.90602106227106227
EMFC-864,pseudo_maturity_99,1,LOW_PRESSURE_EXPANDED,99,764703,764709,2022-11-25T23:20:00Z,2022-11-28T23:20:00Z,0,-0.14890839158531172,0.0013163919413919415,0.054906898656898656
EMFC-864,pseudo_maturity_99,1,LOW_PRESSURE_EXPANDED,99,765171,765177,2022-11-29T15:50:00Z,2022-12-02T15:50:00Z,13.432699889220885,-0.12044615307586706,0.04620726495726496,0.096039377289377295
EMFC-864,pseudo_maturity_99,1,LOW_PRESSURE_EXPANDED,99,765671,765677,2022-12-03T07:00:00Z,2022-12-06T07:00:00Z,13.453952281370286,-0.18519243188563755,0.046359890109890112,0.030105311355311356
EMFC-864,pseudo_maturity_99,-1,HIGH_PRESSURE_COMPRESSED,99,766122,766128,2022-12-06T11:40:00Z,2022-12-09T11:40:00Z,17.100191389139027,0.18398293612062086,0.92528998778998783,0.91674297924297921
EMFC-864,pseudo_maturity_99,-1,HIGH_PRESSURE_COMPRESSED,99,767295,767301,2022-12-14T01:30:00Z,2022-12-17T01:30:00Z,17.077204157258443,0.27441491611765395,0.92105463980463975,0.98183760683760679
EMFC-864,pseudo_maturity_99,1,LOW_PRESSURE_EXPANDED,99,767717,767723,2022-12-17T02:55:00Z,2022-12-20T02:55:00Z,14.061682117671518,-0.14485042334423853,0.082493894993894992,0.058321886446886448
EMFC-864,pseudo_maturity_99,1,LOW_PRESSURE_EXPANDED,99,768675,768681,2022-12-24T00:00:00Z,2022-12-27T00:00:00Z,13.797580775798291,-0.11616691562281201,0.064102564102564097,0.096974206349206352
EMFC-864,pseudo_maturity_99,1,LOW_PRESSURE_EXPANDED,99,769035,769041,2022-12-27T01:30:00Z,2022-12-30T01:30:00Z,13.274856112171344,-0.12805601339000863,0.038308913308913312,0.085355616605616608
EMFC-864,pseudo_maturity_99,-1,HIGH_PRESSURE_COMPRESSED,99,769636,769642,2022-12-31T04:00:00Z,2023-01-03T04:00:00Z,17.0401139489652,0.17874794974066502,0.90754731379731379,0.9065552503052503
EMFC-864,pseudo_maturity_99,-1,HIGH_PRESSURE_COMPRESSED,99,770327,770333,2023-01-04T14:15:00Z,2023-01-07T14:15:00Z,17.00565125527778,0.17986457764078007,0.90098443223443225,0.90300671550671552
EMFC-864,pseudo_maturity_99,-1,HIGH_PRESSURE_COMPRESSED,99,771831,771837,2023-01-14T05:30:00Z,2023-01-17T05:30:00Z,17.266614781666288,0.19771949897405133,0.96527777777777779,0.91943299755799757
EMFC-864,pseudo_maturity_99,1,LOW_PRESSURE_EXPANDED,99,772847,772853,2023-01-20T22:40:00Z,2023-01-23T22:40:00Z,13.540380050682307,-0.12698501175448876,0.051854395604395608,0.067689255189255185
EMFC-864,pseudo_maturity_99,-1,HIGH_PRESSURE_COMPRESSED,99,773627,773633,2023-01-26T03:35:00Z,2023-01-29T03:35:00Z,17.022836175258782,0.21536141087215477,0.92021520146520142,0.93383699633699635
EMFC-864,pseudo_maturity_99,1,LOW_PRESSURE_EXPANDED,99,774926,774932,2023-02-04T02:40:00Z,2023-02-07T02:40:00Z,12.685874985224393,-0.15083088970258385,0.022092490842490844,0.05070970695970696
EMFC-864,pseudo_maturity_99,-1,HIGH_PRESSURE_COMPRESSED,99,776440,776446,2023-02-14T05:25:00Z,2023-02-17T05:25:00Z,17.260876807113757,0.18512548412668892,0.96543040293040294,0.90201465201465203
EMFC-864,pseudo_maturity_99,-1,HIGH_PRESSURE_COMPRESSED,99,776945,776951,2023-02-17T06:40:00Z,2023-02-20T06:40:00Z,17.393178440104393,0.2264615497881558,0.98137973137973133,0.9413156288156288
EMFC-864,pseudo_maturity_99,-1,HIGH_PRESSURE_COMPRESSED,99,777715,777721,2023-02-22T01:45:00Z,2023-02-25T01:45:00Z,16.995358943800547,0.22337274424356948,0.90128968253968256,0.94081959706959706
EMFC-864,pseudo_maturity_99,1,LOW_PRESSURE_EXPANDED,99,778543,778549,2023-02-27T21:25:00Z,2023-03-02T21:25:00Z,14.224259601382908,-0.11069128184262728,0.084210927960927967,0.096192002442002447
EMFC-864,pseudo_maturity_99,-1,HIGH_PRESSURE_COMPRESSED,99,779209,779215,2023-03-04T04:55:00Z,2023-03-07T04:55:00Z,17.192257481880873,0.22016881357040441,0.94845085470085466,0.93774801587301593
EMFC-864,pseudo_maturity_99,-1,HIGH_PRESSURE_COMPRESSED,99,779757,779763,2023-03-07T19:20:00Z,2023-03-10T19:20:00Z,17.43143292739936,0.20381080563693929,0.98385989010989006,0.91975732600732596
EMFC-864,pseudo_maturity_99,-1,HIGH_PRESSURE_COMPRESSED,99,780284,780290,2023-03-11T13:35:00Z,2023-03-14T13:35:00Z,17.410839181211522,0.2219567558346445,0.97710622710622708,0.94307081807081805
EMFC-864,pseudo_maturity_99,1,LOW_PRESSURE_EXPANDED,99,781097,781103,2023-03-16T23:15:00Z,2023-03-19T23:15:00Z,0,-0.12347053483014393,0.0014308608058608058,0.072191697191697185
EMFC-864,pseudo_maturity_99,-1,HIGH_PRESSURE_COMPRESSED,99,781945,781951,2023-03-22T12:20:00Z,2023-03-25T12:20:00Z,17.314608488797973,0.20503762403768799,0.95459401709401714,0.92496565934065933
EMFC-864,pseudo_maturity_99,-1,HIGH_PRESSURE_COMPRESSED,99,783517,783523,2023-04-01T23:00:00Z,2023-04-04T23:00:00Z,17.803298778702654,0.19855256990437195,0.99721459096459097,0.92031059218559219
EMFC-864,pseudo_maturity_99,-1,HIGH_PRESSURE_COMPRESSED,99,784196,784202,2023-04-06T13:55:00Z,2023-04-09T13:55:00Z,17.242202182045251,0.1891850568153573,0.92658730158730163,0.91411019536019533
EMFC-864,pseudo_maturity_99,-1,HIGH_PRESSURE_COMPRESSED,99,785135,785141,2023-04-13T00:05:00Z,2023-04-16T00:05:00Z,17.434491391238414,0.20753680593501836,0.96878815628815629,0.94150641025641024
EMFC-864,pseudo_maturity_99,1,LOW_PRESSURE_EXPANDED,99,785696,785702,2023-04-16T23:30:00Z,2023-04-19T23:30:00Z,14.252663591707064,-0.10527551204512167,0.053456959706959704,0.099168192918192913
EMFC-864,pseudo_maturity_99,1,LOW_PRESSURE_EXPANDED,99,786293,786299,2023-04-21T00:45:00Z,2023-04-24T00:45:00Z,14.236903475687988,-0.11401297493696566,0.049679487179487176,0.083791208791208785
EMFC-864,pseudo_maturity_99,1,LOW_PRESSURE_EXPANDED,99,787132,787138,2023-04-27T01:20:00Z,2023-04-30T01:20:00Z,14.671746780477001,-0.1183458402151452,0.081807081807081808,0.076636904761904767
EMFC-864,pseudo_maturity_99,-1,HIGH_PRESSURE_COMPRESSED,99,787798,787804,2023-05-01T16:10:00Z,2023-05-04T16:10:00Z,17.483915226934549,0.18318192680611015,0.96958943833943834,0.90588751526251521
EMFC-864,pseudo_maturity_99,-1,HIGH_PRESSURE_COMPRESSED,99,788519,788525,2023-05-06T16:15:00Z,2023-05-09T16:15:00Z,18.682058368004085,0.18608864336319861,0.99465811965811968,0.90693681318681318
EMFC-864,pseudo_maturity_99,-1,HIGH_PRESSURE_COMPRESSED,99,788945,788951,2023-05-09T17:45:00Z,2023-05-12T17:45:00Z,19.803348228399315,0.18396290306608021,0.99500152625152627,0.90212912087912089
EMFC-864,pseudo_maturity_99,-1,HIGH_PRESSURE_COMPRESSED,99,789709,789715,2023-05-14T17:40:00Z,2023-05-17T17:40:00Z,18.636829327422859,0.19132193899125374,0.96531593406593408,0.91430097680097677
EMFC-864,pseudo_maturity_99,-1,HIGH_PRESSURE_COMPRESSED,99,790187,790193,2023-05-17T18:15:00Z,2023-05-20T18:15:00Z,18.007646733837088,0.20238141717172689,0.9391025641025641,0.92679716117216115
EMFC-864,pseudo_maturity_99,-1,HIGH_PRESSURE_COMPRESSED,99,790685,790691,2023-05-21T06:20:00Z,2023-05-24T06:20:00Z,18.892347533130557,0.19577160451835895,0.97554181929181927,0.91660943223443225
EMFC-864,pseudo_maturity_99,-1,HIGH_PRESSURE_COMPRESSED,99,791384,791390,2023-05-25T23:30:00Z,2023-05-28T23:30:00Z,17.856032630078097,0.1887823830561916,0.91250763125763124,0.9062309218559218
EMFC-864,pseudo_maturity_99,-1,HIGH_PRESSURE_COMPRESSED,99,791996,792002,2023-05-29T23:10:00Z,2023-06-01T23:10:00Z,17.920686317088517,0.24524005754012862,0.91147741147741146,0.9674908424908425
EMFC-864,pseudo_maturity_99,-1,HIGH_PRESSURE_COMPRESSED,99,792492,792498,2023-06-02T08:10:00Z,2023-06-05T08:10:00Z,17.896991183402761,0.1907368663953018,0.90335012210012211,0.90836767399267404
EMFC-864,pseudo_maturity_99,-1,HIGH_PRESSURE_COMPRESSED,99,793095,793101,2023-06-06T12:55:00Z,2023-06-09T12:55:00Z,17.972553323978289,0.18568721427025628,0.91094322344322343,0.90224358974358976
EMFC-864,pseudo_maturity_99,-1,HIGH_PRESSURE_COMPRESSED,99,793546,793552,2023-06-09T13:15:00Z,2023-06-12T13:15:00Z,18.230919791347702,0.21732716599276997,0.93318833943833945,0.94555097680097677
EMFC-864,pseudo_maturity_99,1,LOW_PRESSURE_EXPANDED,99,797454,797460,2023-07-06T20:15:00Z,2023-07-09T20:15:00Z,15.255990501770505,-0.10484038041093871,0.074213980463980464,0.090964590964590961
EMFC-864,pseudo_maturity_99,1,LOW_PRESSURE_EXPANDED,99,798335,798341,2023-07-12T05:15:00Z,2023-07-15T05:15:00Z,15.370472432240527,-0.11276304917456752,0.079899267399267393,0.079212454212454209
EMFC-864,pseudo_maturity_99,1,LOW_PRESSURE_EXPANDED,99,798799,798805,2023-07-15T17:25:00Z,2023-07-18T17:25:00Z,0,-0.13732419086321887,0.0013927045177045177,0.056394993894993896
EMFC-864,pseudo_maturity_99,1,LOW_PRESSURE_EXPANDED,99,799656,799662,2023-07-21T19:35:00Z,2023-07-24T19:35:00Z,0,-0.19048260907464856,0.0013927045177045177,0.023733211233211232
EMFC-864,pseudo_maturity_99,1,LOW_PRESSURE_EXPANDED,99,800269,800275,2023-07-26T03:50:00Z,2023-07-29T03:50:00Z,15.593478864779883,-0.10907859502623717,0.084859584859584863,0.094188797313797312
EMFC-864,pseudo_maturity_99,1,LOW_PRESSURE_EXPANDED,99,800815,800821,2023-07-30T01:10:00Z,2023-08-02T01:10:00Z,15.619526113588496,-0.10484038041093871,0.080280830280830287,0.097317612942612944
EMFC-864,pseudo_maturity_99,1,LOW_PRESSURE_EXPANDED,99,801715,801721,2023-08-05T06:05:00Z,2023-08-08T06:05:00Z,15.726710059641331,-0.1581711582900647,0.094398656898656896,0.04193376068376068
EMFC-864,pseudo_maturity_99,1,LOW_PRESSURE_EXPANDED,99,802289,802295,2023-08-09T04:00:00Z,2023-08-12T04:00:00Z,15.753435193220001,-0.15077355518432145,0.098366910866910864,0.049717643467643464
EMFC-864,pseudo_maturity_99,1,LOW_PRESSURE_EXPANDED,99,802942,802948,2023-08-13T13:20:00Z,2023-08-16T13:20:00Z,15.739027263598693,-0.11472651740814994,0.092834249084249088,0.089266636141636144
EMFC-864,pseudo_maturity_99,1,LOW_PRESSURE_EXPANDED,99,803809,803815,2023-08-19T01:20:00Z,2023-08-22T01:20:00Z,15.787986963938522,-0.11859751868982174,0.099855006105006111,0.084325396825396831
EMFC-864,pseudo_maturity_99,1,LOW_PRESSURE_EXPANDED,99,804407,804413,2023-08-22T23:40:00Z,2023-08-25T23:40:00Z,15.797381855316901,-0.11209280287120491,0.099015567765567761,0.095810439560439567
EMFC-864,pseudo_maturity_99,1,LOW_PRESSURE_EXPANDED,99,804872,804878,2023-08-26T07:20:00Z,2023-08-29T07:20:00Z,15.67768095942238,-0.13235778755275535,0.062461843711843712,0.063453907203907201
EMFC-864,pseudo_maturity_99,1,LOW_PRESSURE_EXPANDED,99,805527,805533,2023-08-31T06:40:00Z,2023-09-03T06:40:00Z,15.804836591639159,-0.14230941943602846,0.096878815628815632,0.061431623931623928
EMFC-864,pseudo_maturity_99,1,LOW_PRESSURE_EXPANDED,99,810650,810656,2023-10-04T23:15:00Z,2023-10-07T23:15:00Z,15.387358746458785,-0.11871593370498401,0.020566239316239316,0.093253968253968256
EMFC-864,pseudo_maturity_99,1,LOW_PRESSURE_EXPANDED,99,812985,812991,2023-10-20T07:25:00Z,2023-10-23T07:25:00Z,15.019957449892921,-0.12635361053678662,0.011141636141636142,0.078105921855921856
EMFC-864,pseudo_maturity_99,1,LOW_PRESSURE_EXPANDED,99,813657,813663,2023-10-24T21:00:00Z,2023-10-27T21:00:00Z,15.71246632936786,-0.16237391898425851,0.06662087912087912,0.041590354090354088
EMFC-864,pseudo_maturity_99,1,LOW_PRESSURE_EXPANDED,99,814447,814453,2023-10-30T04:50:00Z,2023-11-02T04:50:00Z,15.802191317362556,-0.12494253038554874,0.096840659340659344,0.078125
EMFC-864,pseudo_maturity_99,1,LOW_PRESSURE_EXPANDED,99,814950,814956,2023-11-02T12:10:00Z,2023-11-05T12:10:00Z,15.364901606647601,-0.13114521463155357,0.029800061050061052,0.063339438339438336
EMFC-864,pseudo_maturity_99,-1,HIGH_PRESSURE_COMPRESSED,99,815438,815444,2023-11-05T16:05:00Z,2023-11-08T16:05:00Z,17.736502660517946,0.21919303156985928,0.90098443223443225,0.94984355921855923
EMFC-864,pseudo_maturity_99,-1,HIGH_PRESSURE_COMPRESSED,99,815867,815873,2023-11-08T17:00:00Z,2023-11-11T17:00:00Z,17.73471652405204,0.17986457764078007,0.90659340659340659,0.90092719780219777
EMFC-864,pseudo_maturity_99,-1,HIGH_PRESSURE_COMPRESSED,99,816372,816378,2023-11-12T03:05:00Z,2023-11-15T03:05:00Z,17.996212387459547,0.17842914207861077,0.94581807081807079,0.90125152625152627
EMFC-864,pseudo_maturity_99,-1,HIGH_PRESSURE_COMPRESSED,99,817436,817442,2023-11-19T08:30:00Z,2023-11-22T08:30:00Z,19.497852923983199,0.18174172492894558,0.99820665445665446,0.90632631257631258
EMFC-864,pseudo_maturity_99,-1,HIGH_PRESSURE_COMPRESSED,99,818122,818128,2023-11-23T18:30:00Z,2023-11-26T18:30:00Z,18.634578225803129,0.19055536172105816,0.96913156288156288,0.91657127594627597
EMFC-864,pseudo_maturity_99,1,LOW_PRESSURE_EXPANDED,99,819059,819065,2023-11-30T05:00:00Z,2023-12-03T05:00:00Z,0,-0.10855540655434552,0.0010874542124542125,0.092929639804639808
EMFC-864,pseudo_maturity_99,-1,HIGH_PRESSURE_COMPRESSED,99,819606,819612,2023-12-03T21:05:00Z,2023-12-06T21:05:00Z,18.003047650261511,0.19045454002414361,0.90411324786324787,0.91842185592185588
EMFC-864,pseudo_maturity_99,-1,HIGH_PRESSURE_COMPRESSED,99,821353,821359,2023-12-15T22:40:00Z,2023-12-18T22:40:00Z,19.509539326168795,0.18608864336319861,0.99503968253968256,0.91418650793650791
EMFC-864,pseudo_maturity_99,-1,HIGH_PRESSURE_COMPRESSED,99,821850,821856,2023-12-19T02:45:00Z,2023-12-22T02:45:00Z,18.979849391935616,0.17986457764078007,0.9521520146520146,0.90073641636141633
EMFC-864,pseudo_maturity_99,-1,HIGH_PRESSURE_COMPRESSED,99,822483,822489,2023-12-23T03:35:00Z,2023-12-26T03:35:00Z,19.00104442656367,0.18184167195710391,0.93295940170940173,0.90066010378510375
EMFC-864,pseudo_maturity_99,-1,HIGH_PRESSURE_COMPRESSED,99,823010,823016,2023-12-26T13:15:00Z,2023-12-29T13:15:00Z,18.72585990563584,0.18733409861749883,0.90182387057387059,0.90521978021978022
EMFC-864,pseudo_maturity_99,-1,HIGH_PRESSURE_COMPRESSED,99,823654,823660,2023-12-31T05:25:00Z,2024-01-03T05:25:00Z,18.933397735953267,0.20060773448127231,0.91540750915750912,0.92645375457875456
EMFC-864,same_height_fee,-1,HIGH_PRESSURE_COMPRESSED,0,665706,665712,2021-01-12T12:05:00Z,2021-01-15T12:05:00Z,18.793934209614601,0.18026367568451063,0.92330586080586086,0.92563339438339443
EMFC-864,same_height_fee,1,LOW_PRESSURE_EXPANDED,0,666427,666433,2021-01-17T11:00:00Z,2021-01-20T11:00:00Z,16.27751187203064,-0.16325199407360388,0.079746642246642241,0.057253510378510376
EMFC-864,same_height_fee,1,LOW_PRESSURE_EXPANDED,0,667040,667046,2021-01-21T18:55:00Z,2021-01-24T18:55:00Z,0,-0.19760691597015614,0.0028998778998779,0.03666819291819292
EMFC-864,same_height_fee,-1,HIGH_PRESSURE_COMPRESSED,0,668252,668258,2021-01-30T00:55:00Z,2021-02-02T00:55:00Z,18.717999971985435,0.16591685276867774,0.90804334554334554,0.90323565323565325
EMFC-864,same_height_fee,-1,HIGH_PRESSURE_COMPRESSED,0,668889,668895,2021-02-03T12:45:00Z,2021-02-06T12:45:00Z,18.698365297337631,0.19229108783144513,0.90449481074481075,0.94242216117216115
EMFC-864,same_height_fee,-1,HIGH_PRESSURE_COMPRESSED,0,669479,669485,2021-02-07T07:10:00Z,2021-02-10T07:10:00Z,18.804839638144319,0.18924547186677881,0.94200244200244199,0.93660332722832718
EMFC-864,same_height_fee,1,LOW_PRESSURE_EXPANDED,0,670084,670090,2021-02-11T07:55:00Z,2021-02-14T07:55:00Z,0,-0.13585577249274927,0.002728174603174603,0.091899420024420031
EMFC-864,same_height_fee,-1,HIGH_PRESSURE_COMPRESSED,0,670535,670541,2021-02-14T09:05:00Z,2021-02-17T09:05:00Z,18.778129085741863,0.17134205275094652,0.92513736263736268,0.91353785103785101
EMFC-864,same_height_fee,-1,HIGH_PRESSURE_COMPRESSED,0,671106,671112,2021-02-18T12:10:00Z,2021-02-21T12:10:00Z,18.884211230039689,0.20862446521500708,0.95199938949938945,0.95751297313797312
EMFC-864,same_height_fee,-1,HIGH_PRESSURE_COMPRESSED,0,671971,671977,2021-02-24T14:55:00Z,2021-02-27T14:55:00Z,18.898168304839245,0.17665762716951611,0.95260989010989006,0.92177960927960922
EMFC-864,same_height_fee,-1,HIGH_PRESSURE_COMPRESSED,0,672428,672434,2021-02-27T14:55:00Z,2021-03-02T14:55:00Z,18.743481398947232,0.19324095704323185,0.90521978021978022,0.94455891330891328
EMFC-864,same_height_fee,1,LOW_PRESSURE_EXPANDED,0,673201,673207,2021-03-05T06:15:00Z,2021-03-08T06:15:00Z,0,-0.15446491616413441,0.0025564713064713065,0.073603479853479856
EMFC-864,same_height_fee,1,LOW_PRESSURE_EXPANDED,0,677546,677552,2021-04-03T09:20:00Z,2021-04-06T09:20:00Z,16.503812098314086,-0.12801202221756358,0.074442918192918192,0.099931318681318687
EMFC-864,same_height_fee,-1,HIGH_PRESSURE_COMPRESSED,0,679401,679407,2021-04-16T00:20:00Z,2021-04-19T00:20:00Z,18.753276404925654,0.19417149075119111,0.91140109890109888,0.96157661782661785
EMFC-864,same_height_fee,1,LOW_PRESSURE_EXPANDED,0,679774,679780,2021-04-19T13:20:00Z,2021-04-22T13:20:00Z,0,-0.35252132961374033,0.0025755494505494505,0.0115995115995116
EMFC-864,same_height_fee,1,LOW_PRESSURE_EXPANDED,0,680141,680147,2021-04-22T16:45:00Z,2021-04-25T16:45:00Z,0,-0.21805060424820027,0.002651862026862027,0.048382173382173384
EMFC-864,same_height_fee,1,LOW_PRESSURE_EXPANDED,0,680756,680762,2021-04-27T04:40:00Z,2021-04-30T04:40:00Z,0,-0.31078806116625612,0.002709096459096459,0.021081349206349208
EMFC-864,same_height_fee,-1,HIGH_PRESSURE_COMPRESSED,0,681532,681538,2021-05-02T15:20:00Z,2021-05-05T15:20:00Z,18.806811801365185,0.26350992048079569,0.9205967643467643,0.99145299145299148
EMFC-864,same_height_fee,-1,HIGH_PRESSURE_COMPRESSED,0,682130,682136,2021-05-06T02:30:00Z,2021-05-09T02:30:00Z,19.187673910564957,0.1868919853087159,0.98385989010989006,0.94051434676434675
EMFC-864,same_height_fee,1,LOW_PRESSURE_EXPANDED,0,683649,683655,2021-05-15T02:25:00Z,2021-05-18T02:25:00Z,0,-0.11963317494454501,0.0027854090354090355,0.096764346764346768
EMFC-864,same_height_fee,1,LOW_PRESSURE_EXPANDED,0,684063,684069,2021-05-18T11:15:00Z,2021-05-21T11:15:00Z,16.751689676101638,-0.14607530443175085,0.092910561660561664,0.071447649572649569
EMFC-864,same_height_fee,1,LOW_PRESSURE_EXPANDED,0,684523,684529,2021-05-22T14:10:00Z,2021-05-25T14:10:00Z,0,-0.28671910895121916,0.002728174603174603,0.019383394383394384
EMFC-864,same_height_fee,1,LOW_PRESSURE_EXPANDED,0,684984,684990,2021-05-26T08:30:00Z,2021-05-29T08:30:00Z,15.987083938414965,-0.23573066681968122,0.025602869352869352,0.03407356532356532
EMFC-864,same_height_fee,1,LOW_PRESSURE_EXPANDED,0,685346,685352,2021-05-29T10:05:00Z,2021-06-01T10:05:00Z,16.462264407523477,-0.30558338358746773,0.054029304029304032,0.016636141636141636
EMFC-864,same_height_fee,1,LOW_PRESSURE_EXPANDED,0,686278,686284,2021-06-04T23:05:00Z,2021-06-07T23:05:00Z,16.35137478329256,-0.17772768778372708,0.050404456654456656,0.074710012210012208
EMFC-864,same_height_fee,1,LOW_PRESSURE_EXPANDED,0,687033,687039,2021-06-10T11:15:00Z,2021-06-13T11:15:00Z,16.698655375432995,-0.36844375237204913,0.093788156288156288,0.005876068376068376
EMFC-864,same_height_fee,1,LOW_PRESSURE_EXPANDED,0,687383,687389,2021-06-13T11:25:00Z,2021-06-16T11:25:00Z,16.181392088529375,-0.19988857150111208,0.044108669108669112,0.065170940170940175
EMFC-864,same_height_fee,1,LOW_PRESSURE_EXPANDED,0,687792,687798,2021-06-16T13:15:00Z,2021-06-19T13:15:00Z,16.429068964293759,-0.20835473384077033,0.065323565323565327,0.061984890109890112
EMFC-864,same_height_fee,1,LOW_PRESSURE_EXPANDED,0,688171,688177,2021-06-19T14:10:00Z,2021-06-22T14:10:00Z,15.619386327470908,-0.24683403592576908,0.023160866910866912,0.043192918192918192
EMFC-864,same_height_fee,1,LOW_PRESSURE_EXPANDED,0,688564,688570,2021-06-23T11:05:00Z,2021-06-26T11:05:00Z,16.355700294821222,-0.41728387935762656,0.065018315018315023,0.003395909645909646
EMFC-864,same_height_fee,1,LOW_PRESSURE_EXPANDED,0,688874,688880,2021-06-26T11:30:00Z,2021-06-29T11:30:00Z,16.254584852450208,-0.31117884836317911,0.056356837606837608,0.038461538461538464
EMFC-864,same_height_fee,1,LOW_PRESSURE_EXPANDED,0,689112,689118,2021-06-29T11:55:00Z,2021-07-02T11:55:00Z,16.528318489761762,-0.40558732286185939,0.084439865689865695,0.013316544566544566
EMFC-864,same_height_fee,1,LOW_PRESSURE_EXPANDED,0,689400,689406,2021-07-02T13:50:00Z,2021-07-05T13:50:00Z,0,-0.39866425687766055,0.002670940170940171,0.02377136752136752
EMFC-864,same_height_fee,-1,HIGH_PRESSURE_COMPRESSED,0,707234,707240,2021-10-29T11:20:00Z,2021-11-01T11:20:00Z,18.048761841892102,0.22299772861352321,0.90949328449328448,0.93316926129426125
EMFC-864,same_height_fee,1,LOW_PRESSURE_EXPANDED,0,711337,711343,2021-11-26T08:55:00Z,2021-11-29T08:55:00Z,14.335453096081428,-0.26502738188697483,0.090544871794871792,0.058608058608058608
EMFC-864,same_height_fee,1,LOW_PRESSURE_EXPANDED,0,712045,712051,2021-12-01T09:55:00Z,2021-12-04T09:55:00Z,13.946370385133628,-0.20230118367532823,0.061317155067155064,0.071275946275946273
EMFC-864,same_height_fee,-1,HIGH_PRESSURE_COMPRESSED,0,712723,712729,2021-12-05T17:00:00Z,2021-12-08T17:00:00Z,17.278631952163089,0.17449228567962155,0.90895909645909645,0.9033692002442002
EMFC-864,same_height_fee,-1,HIGH_PRESSURE_COMPRESSED,0,713240,713246,2021-12-08T19:35:00Z,2021-12-11T19:35:00Z,17.261813100280438,0.3578184546408113,0.91266025641025639,0.99481074481074483
EMFC-864,same_height_fee,1,LOW_PRESSURE_EXPANDED,0,714437,714443,2021-12-17T02:20:00Z,2021-12-20T02:20:00Z,0,-0.21223089090378291,0.0015834859584859585,0.053800366300366304
EMFC-864,same_height_fee,1,LOW_PRESSURE_EXPANDED,0,715867,715873,2021-12-26T21:15:00Z,2021-12-29T21:15:00Z,13.684423033801927,-0.099664323112945319,0.053228021978021976,0.08138736263736264
EMFC-864,same_height_fee,-1,HIGH_PRESSURE_COMPRESSED,0,716890,716896,2022-01-02T19:55:00Z,2022-01-05T19:55:00Z,17.047108709736303,0.18842011525582408,0.95711233211233215,0.91090506715506714
EMFC-864,same_height_fee,1,LOW_PRESSURE_EXPANDED,0,717394,717400,2022-01-06T08:05:00Z,2022-01-09T08:05:00Z,13.916302955640715,-0.098139506814484634,0.071237789987789985,0.067231379731379728
EMFC-864,same_height_fee,1,LOW_PRESSURE_EXPANDED,0,717844,717850,2022-01-09T12:05:00Z,2022-01-12T12:05:00Z,13.639435451415659,-0.1010060487127898,0.052884615384615384,0.063587454212454209
EMFC-864,same_height_fee,-1,HIGH_PRESSURE_COMPRESSED,0,718482,718488,2022-01-13T17:20:00Z,2022-01-16T17:20:00Z,16.872621757011434,0.29876548944910858,0.93150946275946278,0.98727487789987789
EMFC-864,same_height_fee,-1,HIGH_PRESSURE_COMPRESSED,0,719203,719209,2022-01-18T01:00:00Z,2022-01-21T01:00:00Z,17.310309053749044,0.21033016121326722,0.98904914529914534,0.93257783882783885
EMFC-864,same_height_fee,1,LOW_PRESSURE_EXPANDED,0,719882,719888,2022-01-22T13:10:00Z,2022-01-25T13:10:00Z,13.581566389405859,-0.084479006577939025,0.051892551892551896,0.091002747252747249
EMFC-864,same_height_fee,1,LOW_PRESSURE_EXPANDED,0,720544,720550,2022-01-27T04:30:00Z,2022-01-30T04:30:00Z,13.808542336200528,-0.085122093416822364,0.065170940170940175,0.089114010989010992
EMFC-864,same_height_fee,1,LOW_PRESSURE_EXPANDED,0,721194,721200,2022-01-31T17:35:00Z,2022-02-03T17:35:00Z,0,-0.093900095193051342,0.0015262515262515263,0.07850656288156288
EMFC-864,same_height_fee,1,LOW_PRESSURE_EXPANDED,0,721868,721874,2022-02-05T09:25:00Z,2022-02-08T09:25:00Z,0,-0.22403648586280164,0.0015453296703296703,0.0040064102564102561
EMFC-864,same_height_fee,1,LOW_PRESSURE_EXPANDED,0,722430,722436,2022-02-09T08:40:00Z,2022-02-12T08:40:00Z,0,-0.088712706684936013,0.0016025641025641025,0.096020299145299151
EMFC-864,same_height_fee,-1,HIGH_PRESSURE_COMPRESSED,0,722921,722927,2022-02-12T14:35:00Z,2022-02-15T14:35:00Z,16.732264286589317,0.25152159259509377,0.90239621489621491,0.96813949938949939
EMFC-864,same_height_fee,-1,HIGH_PRESSURE_COMPRESSED,0,723446,723452,2022-02-15T17:00:00Z,2022-02-18T17:00:00Z,16.726836948189256,0.29088720340072921,0.90205280830280832,0.98187576312576308
EMFC-864,same_height_fee,1,LOW_PRESSURE_EXPANDED,0,723895,723901,2022-02-18T17:30:00Z,2022-02-21T17:30:00Z,0,-0.17210285659962274,0.0016216422466422467,0.019440628815628816
EMFC-864,same_height_fee,1,LOW_PRESSURE_EXPANDED,0,724337,724343,2022-02-21T20:15:00Z,2022-02-24T20:15:00Z,14.150021586960154,-0.15744524677668831,0.092223748473748479,0.02779685592185592
EMFC-864,same_height_fee,1,LOW_PRESSURE_EXPANDED,0,724803,724809,2022-02-25T02:55:00Z,2022-02-28T02:55:00Z,0,-0.11878993596948716,0.0016407203907203907,0.058493589743589744
EMFC-864,same_height_fee,-1,HIGH_PRESSURE_COMPRESSED,0,725457,725463,2022-03-01T18:00:00Z,2022-03-04T18:00:00Z,16.908453159442629,0.19633934856215868,0.95066391941391937,0.92626297313797312
EMFC-864,same_height_fee,1,LOW_PRESSURE_EXPANDED,0,726034,726040,2022-03-05T21:15:00Z,2022-03-08T21:15:00Z,14.025049180510115,-0.13867439468775969,0.080776862026862031,0.04620726495726496
EMFC-864,same_height_fee,-1,HIGH_PRESSURE_COMPRESSED,0,726482,726488,2022-03-09T01:55:00Z,2022-03-12T01:55:00Z,16.962653833281063,0.23540592788640993,0.95783730158730163,0.96006944444444442
EMFC-864,same_height_fee,1,LOW_PRESSURE_EXPANDED,0,726935,726941,2022-03-12T06:30:00Z,2022-03-15T06:30:00Z,13.906721438017659,-0.098230154948705933,0.071466727716727713,0.098481379731379728
EMFC-864,same_height_fee,-1,HIGH_PRESSURE_COMPRESSED,0,727648,727654,2022-03-16T23:55:00Z,2022-03-19T23:55:00Z,17.065981944422226,0.18058306884023503,0.97363400488400487,0.91395757020757018
EMFC-864,same_height_fee,-1,HIGH_PRESSURE_COMPRESSED,0,728149,728155,2022-03-20T07:15:00Z,2022-03-23T07:15:00Z,16.76234571662981,0.17116403409807762,0.91971916971916967,0.90270146520146521
EMFC-864,same_height_fee,1,LOW_PRESSURE_EXPANDED,0,728606,728612,2022-03-23T08:00:00Z,2022-03-26T08:00:00Z,11.289656905842868,-0.093110793228909167,0.0084325396825396821,0.097889957264957264
EMFC-864,same_height_fee,-1,HIGH_PRESSURE_COMPRESSED,0,729125,729131,2022-03-26T18:30:00Z,2022-03-29T18:30:00Z,16.770289474203629,0.17622020793597826,0.92307692307692313,0.90800518925518925
EMFC-864,same_height_fee,1,LOW_PRESSURE_EXPANDED,0,730068,730074,2022-04-02T07:45:00Z,2022-04-05T07:45:00Z,13.679160339036365,-0.1337001283878429,0.058493589743589744,0.051205738705738704
EMFC-864,same_height_fee,1,LOW_PRESSURE_EXPANDED,0,730632,730638,2022-04-06T05:55:00Z,2022-04-09T05:55:00Z,7.6294899163939949,-0.10976579813673164,0.0035485347985347985,0.073260073260073263
EMFC-864,same_height_fee,1,LOW_PRESSURE_EXPANDED,0,731056,731062,2022-04-09T06:25:00Z,2022-04-12T06:25:00Z,12.888669365194936,-0.17769978171555076,0.02873168498168498,0.018734737484737484
EMFC-864,same_height_fee,1,LOW_PRESSURE_EXPANDED,0,731780,731786,2022-04-14T08:15:00Z,2022-04-17T08:15:00Z,13.326493717751282,-0.10898892501182988,0.043879731379731376,0.077342796092796096
EMFC-864,same_height_fee,1,LOW_PRESSURE_EXPANDED,0,732494,732500,2022-04-19T04:05:00Z,2022-04-22T04:05:00Z,14.069527774863568,-0.12081547021268665,0.094169719169719168,0.062232905982905984
EMFC-864,same_height_fee,-1,HIGH_PRESSURE_COMPRESSED,0,733203,733209,2022-04-23T19:35:00Z,2022-04-26T19:35:00Z,16.758805409181665,0.17235142415664514,0.93776709401709402,0.91842185592185588
EMFC-864,same_height_fee,-1,HIGH_PRESSURE_COMPRESSED,0,733803,733809,2022-04-27T15:20:00Z,2022-04-30T15:20:00Z,16.753950155724407,0.15938658551145873,0.93730921855921856,0.90249160561660557
EMFC-864,same_height_fee,-1,HIGH_PRESSURE_COMPRESSED,0,734546,734552,2022-05-02T11:05:00Z,2022-05-05T11:05:00Z,16.689864208227146,0.20077070046248446,0.9263583638583639,0.94795482295482292
EMFC-864,same_height_fee,-1,HIGH_PRESSURE_COMPRESSED,0,735358,735364,2022-05-07T21:05:00Z,2022-05-10T21:05:00Z,16.874750258761182,0.20140244460674656,0.96233974358974361,0.94772588522588519
EMFC-864,same_height_fee,-1,HIGH_PRESSURE_COMPRESSED,0,736230,736236,2022-05-13T19:00:00Z,2022-05-16T19:00:00Z,17.036329014700737,0.16226406001897575,0.97874694749694746,0.90323565323565325
EMFC-864,same_height_fee,1,LOW_PRESSURE_EXPANDED,0,736916,736922,2022-05-18T15:40:00Z,2022-05-21T15:40:00Z,13.661350711428335,-0.11267370895205095,0.063911782661782657,0.076503357753357759
EMFC-864,same_height_fee,1,LOW_PRESSURE_EXPANDED,0,737314,737320,2022-05-21T19:05:00Z,2022-05-24T19:05:00Z,13.533314741782297,-0.16723611937589372,0.05727258852258852,0.029609279609279608
EMFC-864,same_height_fee,1,LOW_PRESSURE_EXPANDED,0,737806,737812,2022-05-25T08:40:00Z,2022-05-28T08:40:00Z,0,-0.15473622264930964,0.00144993894993895,0.03781288156288156
EMFC-864,same_height_fee,1,LOW_PRESSURE_EXPANDED,0,738952,738958,2022-06-02T08:25:00Z,2022-06-05T08:25:00Z,14.079986437556313,-0.1315106022022105,0.096497252747252751,0.057615995115995113
EMFC-864,same_height_fee,-1,HIGH_PRESSURE_COMPRESSED,0,739725,739731,2022-06-07T16:50:00Z,2022-06-10T16:50:00Z,17.294069394413473,0.15823400526489442,0.9939331501831502,0.91420558608058611
EMFC-864,same_height_fee,-1,HIGH_PRESSURE_COMPRESSED,0,740216,740222,2022-06-10T19:15:00Z,2022-06-13T19:15:00Z,17.663635008099682,0.15989492423239815,0.99927503052503053,0.91176358363858367
EMFC-864,same_height_fee,-1,HIGH_PRESSURE_COMPRESSED,0,740791,740797,2022-06-14T20:40:00Z,2022-06-17T20:40:00Z,16.761679776245437,0.15332601995270217,0.92078754578754574,0.90163308913308915
EMFC-864,same_height_fee,1,LOW_PRESSURE_EXPANDED,0,741233,741239,2022-06-18T06:45:00Z,2022-06-21T06:45:00Z,14.014235179233628,-0.21654851848101761,0.088446275946275951,0.010531135531135532
EMFC-864,same_height_fee,-1,HIGH_PRESSURE_COMPRESSED,0,742702,742708,2022-06-28T15:00:00Z,2022-07-01T15:00:00Z,16.758477823111768,0.17017561825039856,0.90754731379731379,0.92338217338217343
EMFC-864,same_height_fee,1,LOW_PRESSURE_EXPANDED,0,743283,743289,2022-07-02T14:15:00Z,2022-07-05T14:15:00Z,11.734972415237232,-0.13611762876424843,0.011217948717948718,0.061431623931623928
EMFC-864,same_height_fee,1,LOW_PRESSURE_EXPANDED,0,743805,743811,2022-07-06T07:00:00Z,2022-07-09T07:00:00Z,13.320005308970106,-0.16829306040538272,0.0463980463980464,0.034913003663003664
EMFC-864,same_height_fee,1,LOW_PRESSURE_EXPANDED,0,744310,744316,2022-07-09T22:35:00Z,2022-07-12T22:35:00Z,13.089439278900095,-0.16760265212123937,0.036591880341880344,0.038118131868131871
EMFC-864,same_height_fee,1,LOW_PRESSURE_EXPANDED,0,744803,744809,2022-07-13T10:25:00Z,2022-07-16T10:25:00Z,12.482821416671584,-0.1180052331909051,0.022283272283272284,0.09844322344322344
EMFC-864,same_height_fee,1,LOW_PRESSURE_EXPANDED,0,745353,745359,2022-07-17T13:55:00Z,2022-07-20T13:55:00Z,13.831831641518226,-0.15446491616413441,0.069253663003663007,0.057520604395604392
EMFC-864,same_height_fee,1,LOW_PRESSURE_EXPANDED,0,745851,745857,2022-07-21T10:05:00Z,2022-07-24T10:05:00Z,10.935568224058622,-0.16453938699815654,0.005876068376068376,0.049832112332112335
EMFC-864,same_height_fee,-1,HIGH_PRESSURE_COMPRESSED,0,746597,746603,2022-07-26T12:05:00Z,2022-07-29T12:05:00Z,17.043953828513281,0.1593279476685327,0.94860347985347981,0.93246336996336998
EMFC-864,same_height_fee,1,LOW_PRESSURE_EXPANDED,0,747279,747285,2022-07-31T02:50:00Z,2022-08-03T02:50:00Z,12.600918232260462,-0.16674249766343985,0.022970085470085472,0.048954517704517704
EMFC-864,same_height_fee,1,LOW_PRESSURE_EXPANDED,0,747935,747941,2022-08-04T15:20:00Z,2022-08-07T15:20:00Z,14.113325122894608,-0.13746946157544607,0.091117216117216113,0.081997863247863248
EMFC-864,same_height_fee,-1,HIGH_PRESSURE_COMPRESSED,0,748397,748403,2022-08-07T15:20:00Z,2022-08-10T15:20:00Z,16.854988244683085,0.17185650694619059,0.90064102564102566,0.94055250305250304
EMFC-864,same_height_fee,-1,HIGH_PRESSURE_COMPRESSED,0,748891,748897,2022-08-10T23:50:00Z,2022-08-13T23:50:00Z,16.885325706928494,0.14566181243135196,0.90739468864468864,0.90430402930402931
EMFC-864,same_height_fee,1,LOW_PRESSURE_EXPANDED,0,749354,749360,2022-08-14T08:40:00Z,2022-08-17T08:40:00Z,13.342279325606981,-0.1502287132466909,0.045405982905982904,0.061164529914529912
EMFC-864,same_height_fee,1,LOW_PRESSURE_EXPANDED,0,749916,749922,2022-08-18T08:30:00Z,2022-08-21T08:30:00Z,13.673374249010427,-0.25993824714268654,0.060210622710622712,0.002442002442002442
EMFC-864,same_height_fee,-1,HIGH_PRESSURE_COMPRESSED,0,750762,750768,2022-08-23T19:30:00Z,2022-08-26T19:30:00Z,17.030259719859149,0.13949197881859901,0.9413156288156288,0.90375076312576308
EMFC-864,same_height_fee,-1,HIGH_PRESSURE_COMPRESSED,0,751258,751264,2022-08-26T20:15:00Z,2022-08-29T20:15:00Z,16.960775665488622,0.22493682493530331,0.92586233211233215,0.98349740537240538
EMFC-864,same_height_fee,-1,HIGH_PRESSURE_COMPRESSED,0,751728,751734,2022-08-29T21:30:00Z,2022-09-01T21:30:00Z,17.16903737347317,0.16440305629160962,0.9674908424908425,0.93059371184371187
EMFC-864,same_height_fee,1,LOW_PRESSURE_EXPANDED,0,752256,752262,2022-09-02T10:25:00Z,2022-09-05T10:25:00Z,13.663757002736737,-0.1196923229180048,0.06173687423687424,0.097260378510378512
EMFC-864,same_height_fee,-1,HIGH_PRESSURE_COMPRESSED,0,753462,753468,2022-09-10T16:10:00Z,2022-09-13T16:10:00Z,17.016731325456341,0.15608866762419274,0.94211691086691085,0.91315628815628813
EMFC-864,same_height_fee,1,LOW_PRESSURE_EXPANDED,0,754048,754054,2022-09-14T13:50:00Z,2022-09-17T13:50:00Z,13.847640808478555,-0.19625185584589377,0.071352258852258849,0.02113858363858364
EMFC-864,same_height_fee,-1,HIGH_PRESSURE_COMPRESSED,0,754507,754513,2022-09-17T17:10:00Z,2022-09-20T17:10:00Z,16.949320573815655,0.16885267084699065,0.92204670329670335,0.92839972527472525
EMFC-864,same_height_fee,1,LOW_PRESSURE_EXPANDED,0,755297,755303,2022-09-23T05:10:00Z,2022-09-26T05:10:00Z,14.108021950455512,-0.13781802520636063,0.089209401709401712,0.077857905982905984
EMFC-864,same_height_fee,1,LOW_PRESSURE_EXPANDED,0,755903,755909,2022-09-27T13:15:00Z,2022-09-30T13:15:00Z,0,-0.13691732056204381,0.0011446886446886447,0.081234737484737488
EMFC-864,same_height_fee,-1,HIGH_PRESSURE_COMPRESSED,0,756379,756385,2022-09-30T17:35:00Z,2022-10-03T17:35:00Z,17.103246813549536,0.14838400576625776,0.95741758241758246,0.90256791819291815
EMFC-864,same_height_fee,-1,HIGH_PRESSURE_COMPRESSED,0,756997,757003,2022-10-04T11:25:00Z,2022-10-07T11:25:00Z,17.105993636508813,0.15751187788538029,0.95787545787545791,0.90756639194139199
EMFC-864,same_height_fee,1,LOW_PRESSURE_EXPANDED,0,758433,758439,2022-10-13T08:15:00Z,2022-10-16T08:15:00Z,12.127586642230071,-0.12611856874233571,0.015644078144078144,0.091727716727716721
EMFC-864,same_height_fee,-1,HIGH_PRESSURE_COMPRESSED,0,759412,759418,2022-10-19T21:45:00Z,2022-10-22T21:45:00Z,17.336171932053396,0.22639884403488242,0.98675976800976806,0.96459096459096461
EMFC-864,same_height_fee,1,LOW_PRESSURE_EXPANDED,0,760089,760095,2022-10-24T13:35:00Z,2022-10-27T13:35:00Z,13.610129564222294,-0.14200579985457051,0.057119963369963368,0.071504884004884001
EMFC-864,same_height_fee,1,LOW_PRESSURE_EXPANDED,0,760596,760602,2022-10-28T06:20:00Z,2022-10-31T06:20:00Z,12.622339207332194,-0.14359516588774165,0.023427960927960928,0.073069291819291823
EMFC-864,same_height_fee,-1,HIGH_PRESSURE_COMPRESSED,0,761152,761158,2022-10-31T21:50:00Z,2022-11-03T21:50:00Z,17.055220360456961,0.1656414465427562,0.944520757020757,0.91243131868131866
EMFC-864,same_height_fee,-1,HIGH_PRESSURE_COMPRESSED,0,761610,761616,2022-11-04T00:35:00Z,2022-11-07T00:35:00Z,16.976964113009128,0.16784682303964299,0.92467948717948723,0.914854242979243
EMFC-864,same_height_fee,-1,HIGH_PRESSURE_COMPRESSED,0,762374,762380,2022-11-09T07:25:00Z,2022-11-12T07:25:00Z,17.157258102480181,0.15864409343959796,0.96409493284493286,0.90211004273504269
EMFC-864,same_height_fee,-1,HIGH_PRESSURE_COMPRESSED,0,762815,762821,2022-11-12T07:55:00Z,2022-11-15T07:55:00Z,17.013224358374515,0.1950016099513292,0.93311202686202688,0.94534111721611724
EMFC-864,same_height_fee,-1,HIGH_PRESSURE_COMPRESSED,0,763307,763313,2022-11-15T20:35:00Z,2022-11-18T20:35:00Z,17.223852886923165,0.16676321787810205,0.97103937728937728,0.90939789377289382
EMFC-864,same_height_fee,-1,HIGH_PRESSURE_COMPRESSED,0,763952,763958,2022-11-20T07:20:00Z,2022-11-23T07:20:00Z,16.959324805372475,0.17096627275582016,0.90636446886446886,0.91521672771672768
EMFC-864,same_height_fee,1,LOW_PRESSURE_EXPANDED,0,764797,764803,2022-11-26T18:50:00Z,2022-11-29T18:50:00Z,14.012015223927424,-0.24366487453495772,0.079822954822954817,0.0064865689865689869
EMFC-864,same_height_fee,1,LOW_PRESSURE_EXPANDED,0,765415,765421,2022-12-01T08:10:00Z,2022-12-04T08:10:00Z,13.378141384634008,-0.13805033348048373,0.043688949938949936,0.083695818070818065
EMFC-864,same_height_fee,-1,HIGH_PRESSURE_COMPRESSED,0,766127,766133,2022-12-06T12:55:00Z,2022-12-09T12:55:00Z,17.102865367635612,0.17659796782435916,0.92578601953601958,0.92202762515262515
EMFC-864,same_height_fee,-1,HIGH_PRESSURE_COMPRESSED,0,767374,767380,2022-12-14T15:05:00Z,2022-12-17T15:05:00Z,17.025742128689672,0.24321871574526077,0.90831043956043955,0.97191697191697191
EMFC-864,same_height_fee,1,LOW_PRESSURE_EXPANDED,0,767798,767804,2022-12-17T17:05:00Z,2022-12-20T17:05:00Z,13.866293972385124,-0.13320425578776876,0.068032661782661777,0.085622710622710624
EMFC-864,same_height_fee,1,LOW_PRESSURE_EXPANDED,0,768726,768732,2022-12-24T13:20:00Z,2022-12-27T13:20:00Z,0,-0.18359851890845805,0.001240079365079365,0.035447191697191696
EMFC-864,same_height_fee,1,LOW_PRESSURE_EXPANDED,0,769098,769104,2022-12-27T14:00:00Z,2022-12-30T14:00:00Z,12.652292545900572,-0.17082517030133704,0.021787240537240536,0.050786019536019536
EMFC-864,same_height_fee,-1,HIGH_PRESSURE_COMPRESSED,0,769752,769758,2022-12-31T21:00:00Z,2023-01-03T21:00:00Z,17.168256568060301,0.16664507740894702,0.93921703296703296,0.90167124542124544
EMFC-864,same_height_fee,-1,HIGH_PRESSURE_COMPRESSED,0,770212,770218,2023-01-03T21:25:00Z,2023-01-06T21:25:00Z,17.199025930229858,0.18803786379006376,0.94867979242979239,0.9282661782661783
EMFC-864,same_height_fee,-1,HIGH_PRESSURE_COMPRESSED,0,771828,771834,2023-01-14T05:00:00Z,2023-01-17T05:00:00Z,16.960376202820022,0.19887785910967176,0.90060286935286937,0.93315018315018317
EMFC-864,same_height_fee,1,LOW_PRESSURE_EXPANDED,0,772485,772491,2023-01-18T09:30:00Z,2023-01-21T09:30:00Z,12.49683746144186,-0.12125847081059894,0.018849206349206348,0.087015415140415137
EMFC-864,same_height_fee,1,LOW_PRESSURE_EXPANDED,0,772903,772909,2023-01-21T09:55:00Z,2023-01-24T09:55:00Z,14.21610582763412,-0.1362630748476418,0.099702380952380959,0.069959554334554336
EMFC-864,same_height_fee,-1,HIGH_PRESSURE_COMPRESSED,0,773572,773578,2023-01-25T20:05:00Z,2023-01-28T20:05:00Z,17.013115023076633,0.26896936351962686,0.91781135531135527,0.97783119658119655
EMFC-864,same_height_fee,1,LOW_PRESSURE_EXPANDED,0,774486,774492,2023-01-31T22:00:00Z,2023-02-03T22:00:00Z,0,-0.25697798962672863,0.0011637667887667888,0.007822039072039072
EMFC-864,same_height_fee,-1,HIGH_PRESSURE_COMPRESSED,0,775185,775191,2023-02-05T20:55:00Z,2023-02-08T20:55:00Z,17.031328552430736,0.20552877313177276,0.92132173382173377,0.93551587301587302
EMFC-864,same_height_fee,-1,HIGH_PRESSURE_COMPRESSED,0,776445,776451,2023-02-14T06:20:00Z,2023-02-17T06:20:00Z,17.034289938181839,0.20219778679874731,0.91910866910866906,0.93419948107448103
EMFC-864,same_height_fee,-1,HIGH_PRESSURE_COMPRESSED,0,776943,776949,2023-02-17T06:25:00Z,2023-02-20T06:25:00Z,17.200188712068915,0.21940056503537533,0.95447954822954828,0.94505494505494503
EMFC-864,same_height_fee,-1,HIGH_PRESSURE_COMPRESSED,0,777702,777708,2023-02-21T23:35:00Z,2023-02-24T23:35:00Z,17.02970110403546,0.22754907473064415,0.91075244200244199,0.95411706349206349
EMFC-864,same_height_fee,1,LOW_PRESSURE_EXPANDED,0,778302,778308,2023-02-26T06:35:00Z,2023-03-01T06:35:00Z,14.2359857818576,-0.26898333564423843,0.085241147741147744,0.007593101343101343
EMFC-864,same_height_fee,-1,HIGH_PRESSURE_COMPRESSED,0,778869,778875,2023-03-02T00:00:00Z,2023-03-05T00:00:00Z,17.06231967046595,0.20825493882045903,0.91662851037851034,0.93833943833943834
EMFC-864,same_height_fee,-1,HIGH_PRESSURE_COMPRESSED,0,779756,779762,2023-03-07T19:05:00Z,2023-03-10T19:05:00Z,17.140771697204677,0.18400296957649284,0.93356990231990233,0.9081578144078144
EMFC-864,same_height_fee,-1,HIGH_PRESSURE_COMPRESSED,0,780286,780292,2023-03-11T13:50:00Z,2023-03-14T13:50:00Z,17.255068026136563,0.20176944701677049,0.95241910866910862,0.93337912087912089
EMFC-864,same_height_fee,-1,HIGH_PRESSURE_COMPRESSED,0,781329,781335,2023-03-18T11:15:00Z,2023-03-21T11:15:00Z,17.261319767646974,0.17805068994330872,0.94612332112332109,0.90285409035409037
EMFC-864,same_height_fee,-1,HIGH_PRESSURE_COMPRESSED,0,781945,781951,2023-03-22T12:20:00Z,2023-03-25T12:20:00Z,17.252281304155016,0.19664362980151101,0.94097222222222221,0.92723595848595852
EMFC-864,same_height_fee,-1,HIGH_PRESSURE_COMPRESSED,0,782786,782792,2023-03-27T20:15:00Z,2023-03-30T20:15:00Z,17.244355434282127,0.20419913531327191,0.93570665445665446,0.93259691697191693
EMFC-864,same_height_fee,-1,HIGH_PRESSURE_COMPRESSED,0,783332,783338,2023-03-31T15:30:00Z,2023-04-03T15:30:00Z,17.251315850660479,0.18753512384684212,0.93521062271062272,0.91533119658119655
EMFC-864,same_height_fee,-1,HIGH_PRESSURE_COMPRESSED,0,783997,784003,2023-04-05T07:40:00Z,2023-04-08T07:40:00Z,17.160721791355808,0.17457166493389512,0.90197649572649574,0.90556318681318682
EMFC-864,same_height_fee,1,LOW_PRESSURE_EXPANDED,0,784758,784764,2023-04-10T11:40:00Z,2023-04-13T11:40:00Z,0,-0.12454530507265986,0.00144993894993895,0.078754578754578752
EMFC-864,same_height_fee,-1,HIGH_PRESSURE_COMPRESSED,0,785528,785534,2023-04-15T16:55:00Z,2023-04-18T16:55:00Z,17.318999119689341,0.20575396377707669,0.94352869352869351,0.95009157509157505
EMFC-864,same_height_fee,-1,HIGH_PRESSURE_COMPRESSED,0,785974,785980,2023-04-18T17:25:00Z,2023-04-21T17:25:00Z,17.243193805165809,0.21331699049647421,0.92158882783882778,0.95671169108669107
EMFC-864,same_height_fee,-1,HIGH_PRESSURE_COMPRESSED,0,787799,787805,2023-05-01T16:20:00Z,2023-05-04T16:20:00Z,17.670534061631162,0.17707534227400154,0.98977411477411481,0.91317536630036633
EMFC-864,same_height_fee,-1,HIGH_PRESSURE_COMPRESSED,0,788520,788526,2023-05-06T16:15:00Z,2023-05-09T16:15:00Z,18.64480559763188,0.18446384986598813,0.9926739926739927,0.92053952991452992
EMFC-864,same_height_fee,-1,HIGH_PRESSURE_COMPRESSED,0,788946,788952,2023-05-09T17:55:00Z,2023-05-12T17:55:00Z,19.689775887710802,0.17663774032565702,0.99324633699633702,0.90762362637362637
EMFC-864,same_height_fee,-1,HIGH_PRESSURE_COMPRESSED,0,789710,789716,2023-05-14T17:40:00Z,2023-05-17T17:40:00Z,17.991479192228542,0.18592805238806628,0.94436813186813184,0.92162698412698407
EMFC-864,same_height_fee,-1,HIGH_PRESSURE_COMPRESSED,0,790188,790194,2023-05-17T18:20:00Z,2023-05-20T18:20:00Z,18.13110869996234,0.20166748839149229,0.9435668498168498,0.93885454822954828
EMFC-864,same_height_fee,1,LOW_PRESSURE_EXPANDED,0,790633,790639,2023-05-20T22:50:00Z,2023-05-23T22:50:00Z,0,-0.16686945223503297,0.0013736263736263737,0.045062576312576312
EMFC-864,same_height_fee,-1,HIGH_PRESSURE_COMPRESSED,0,791385,791391,2023-05-25T23:45:00Z,2023-05-28T23:45:00Z,18.195092018134055,0.18470439349574858,0.93666056166056166,0.91597985347985345
EMFC-864,same_height_fee,-1,HIGH_PRESSURE_COMPRESSED,0,791998,792004,2023-05-29T23:25:00Z,2023-06-01T23:25:00Z,17.845807909447192,0.22733984344561925,0.90231990231990233,0.96306471306471308
EMFC-864,same_height_fee,-1,HIGH_PRESSURE_COMPRESSED,0,792494,792500,2023-06-02T08:20:00Z,2023-06-05T08:20:00Z,17.94273576146589,0.18118220610052843,0.9081578144078144,0.90991300366300365
EMFC-864,same_height_fee,-1,HIGH_PRESSURE_COMPRESSED,0,793099,793105,2023-06-06T13:25:00Z,2023-06-09T13:25:00Z,18.367770743399394,0.25560217898836929,0.94722985347985345,0.97884233821733824
EMFC-864,same_height_fee,-1,HIGH_PRESSURE_COMPRESSED,0,793571,793577,2023-06-09T16:35:00Z,2023-06-12T16:35:00Z,18.362040834415875,0.23027307272714717,0.94520757020757018,0.96745268620268621
EMFC-864,same_height_fee,1,LOW_PRESSURE_EXPANDED,0,794322,794328,2023-06-14T18:45:00Z,2023-06-17T18:45:00Z,0,-0.22912562299175726,0.0013545482295482295,0.012095543345543346
EMFC-864,same_height_fee,1,LOW_PRESSURE_EXPANDED,0,797483,797489,2023-07-06T23:25:00Z,2023-07-09T23:25:00Z,15.380579986177985,-0.1143846751724428,0.087683150183150177,0.091975732600732607
EMFC-864,same_height_fee,1,LOW_PRESSURE_EXPANDED,0,798337,798343,2023-07-12T05:35:00Z,2023-07-15T05:35:00Z,15.493114279963885,-0.12807067668411803,0.094398656898656896,0.072611416361416367
EMFC-864,same_height_fee,1,LOW_PRESSURE_EXPANDED,0,799557,799563,2023-07-20T21:50:00Z,2023-07-23T21:50:00Z,0,-0.1810012411162423,0.0013927045177045177,0.031593406593406592
EMFC-864,same_height_fee,1,LOW_PRESSURE_EXPANDED,0,800289,800295,2023-07-26T06:10:00Z,2023-07-29T06:10:00Z,15.642964176759477,-0.13136446319452658,0.091842185592185599,0.077228327228327232
EMFC-864,same_height_fee,1,LOW_PRESSURE_EXPANDED,0,800833,800839,2023-07-30T04:40:00Z,2023-08-02T04:40:00Z,15.622128589973508,-0.22943041417902554,0.080395299145299151,0.0127251221001221
EMFC-864,same_height_fee,1,LOW_PRESSURE_EXPANDED,0,801735,801741,2023-08-05T08:25:00Z,2023-08-08T08:25:00Z,15.756552878342681,-0.20310409597648318,0.099931318681318687,0.023313492063492064
EMFC-864,same_height_fee,1,LOW_PRESSURE_EXPANDED,0,802299,802305,2023-08-09T05:20:00Z,2023-08-12T05:20:00Z,15.702480201996321,-0.17476530229608211,0.086042429792429792,0.039644383394383392
EMFC-864,same_height_fee,1,LOW_PRESSURE_EXPANDED,0,802942,802948,2023-08-13T13:20:00Z,2023-08-16T13:20:00Z,15.750638068465868,-0.12291060790071216,0.095390720390720385,0.091117216117216113
EMFC-864,same_height_fee,1,LOW_PRESSURE_EXPANDED,0,803818,803824,2023-08-19T02:00:00Z,2023-08-22T02:00:00Z,15.724426792708426,-0.12333794888847895,0.08291361416361416,0.091613247863247857
EMFC-864,same_height_fee,1,LOW_PRESSURE_EXPANDED,0,804745,804751,2023-08-25T08:35:00Z,2023-08-28T08:35:00Z,15.796770338293165,-0.13235778755275535,0.094971001221001217,0.075244200244200241
EMFC-864,same_height_fee,1,LOW_PRESSURE_EXPANDED,0,805129,805135,2023-08-28T09:00:00Z,2023-08-31T09:00:00Z,15.638698601355975,-0.13559384763458296,0.052541208791208792,0.075816544566544561
EMFC-864,same_height_fee,1,LOW_PRESSURE_EXPANDED,0,810680,810686,2023-10-05T05:10:00Z,2023-10-08T05:10:00Z,15.302762531171881,-0.18725381761728785,0.017322954822954824,0.032318376068376072
EMFC-864,same_height_fee,1,LOW_PRESSURE_EXPANDED,0,812984,812990,2023-10-20T07:00:00Z,2023-10-23T07:00:00Z,15.302236959736492,-0.12085977910475015,0.020184676434676436,0.099530677655677649
EMFC-864,same_height_fee,1,LOW_PRESSURE_EXPANDED,0,813860,813866,2023-10-26T06:55:00Z,2023-10-29T06:55:00Z,15.725119431016667,-0.12400070287637503,0.07093253968253968,0.093921703296703296
EMFC-864,same_height_fee,1,LOW_PRESSURE_EXPANDED,0,814445,814451,2023-10-30T04:00:00Z,2023-11-02T04:00:00Z,15.311082104567102,-0.13050180806415812,0.02506868131868132,0.083524114774114769
EMFC-864,same_height_fee,1,LOW_PRESSURE_EXPANDED,0,814950,814956,2023-11-02T12:10:00Z,2023-11-05T12:10:00Z,15.744183714238092,-0.13603035095893889,0.084783272283272287,0.068414224664224671
EMFC-864,same_height_fee,-1,HIGH_PRESSURE_COMPRESSED,0,815439,815445,2023-11-05T16:10:00Z,2023-11-08T16:10:00Z,18.145566115976507,0.20901466905011667,0.96417124542124544,0.94955738705738701
EMFC-864,same_height_fee,-1,HIGH_PRESSURE_COMPRESSED,0,815869,815875,2023-11-08T17:45:00Z,2023-11-11T17:45:00Z,18.514515672472069,0.16877374424868608,0.99446733821733824,0.90144230769230771
EMFC-864,same_height_fee,-1,HIGH_PRESSURE_COMPRESSED,0,816317,816323,2023-11-11T18:15:00Z,2023-11-14T18:15:00Z,17.764950670256059,0.17076855051537851,0.90590659340659341,0.9072039072039072
EMFC-864,same_height_fee,-1,HIGH_PRESSURE_COMPRESSED,0,817437,817443,2023-11-19T08:30:00Z,2023-11-22T08:30:00Z,18.995579138536083,0.17970498301080062,0.98702686202686207,0.91971916971916967
EMFC-864,same_height_fee,-1,HIGH_PRESSURE_COMPRESSED,0,818122,818128,2023-11-23T18:30:00Z,2023-11-26T18:30:00Z,18.446984282694419,0.17187629893241602,0.95512820512820518,0.90493360805860801
EMFC-864,same_height_fee,1,LOW_PRESSURE_EXPANDED,0,819056,819062,2023-11-30T04:15:00Z,2023-12-03T04:15:00Z,0,-0.11514251551244369,0.0011256105006105005,0.098366910866910864
EMFC-864,same_height_fee,-1,HIGH_PRESSURE_COMPRESSED,0,819607,819613,2023-12-03T21:55:00Z,2023-12-06T21:55:00Z,18.420561216809283,0.18775629828400026,0.95211385836385831,0.92830433455433459
EMFC-864,same_height_fee,1,LOW_PRESSURE_EXPANDED,0,820645,820651,2023-12-11T06:20:00Z,2023-12-14T06:20:00Z,0,-0.1235883742446184,0.0011828449328449328,0.092757936507936511
EMFC-864,same_height_fee,-1,HIGH_PRESSURE_COMPRESSED,0,821354,821360,2023-12-15T22:45:00Z,2023-12-18T22:45:00Z,18.908276513824656,0.1811023003892252,0.96027930402930406,0.92246642246642252
EMFC-864,same_height_fee,-1,HIGH_PRESSURE_COMPRESSED,0,821848,821854,2023-12-19T02:20:00Z,2023-12-22T02:20:00Z,19.008827394052037,0.17264849209826752,0.95199938949938945,0.90764270451770457
EMFC-864,same_height_fee,-1,HIGH_PRESSURE_COMPRESSED,0,822485,822491,2023-12-23T04:10:00Z,2023-12-26T04:10:00Z,18.965812294223515,0.21807309450110415,0.9282661782661783,0.95652090964590963
EMFC-864,same_height_fee,-1,HIGH_PRESSURE_COMPRESSED,0,823010,823016,2023-12-26T13:15:00Z,2023-12-29T13:15:00Z,19.076173724935689,0.1739169744501442,0.9375,0.90119429181929178
EMFC-864,same_height_fee,-1,HIGH_PRESSURE_COMPRESSED,0,823424,823430,2023-12-29T16:50:00Z,2024-01-01T16:50:00Z,19.0209234207476,0.18600834465194979,0.92754120879120883,0.92143620268620263
EMFC-864,stale_7d,1,LOW_PRESSURE_EXPANDED,100,663929,663935,2021-01-01T05:20:00Z,2021-01-04T05:20:00Z,16.002370159605146,-0.18158517462002979,0.075816544566544561,0.04826770451770452
EMFC-864,stale_7d,-1,HIGH_PRESSURE_COMPRESSED,100,666736,666742,2021-01-19T13:05:00Z,2021-01-22T13:05:00Z,18.782140441677917,0.16402987432178825,0.92010073260073255,0.90106074481074483
EMFC-864,stale_7d,-1,HIGH_PRESSURE_COMPRESSED,100,667261,667267,2021-01-23T08:30:00Z,2021-01-26T08:30:00Z,18.774531825542173,0.20751629542851069,0.91567460317460314,0.95455586080586086
EMFC-864,stale_7d,1,LOW_PRESSURE_EXPANDED,100,668052,668058,2021-01-28T16:50:00Z,2021-01-31T16:50:00Z,0,-0.15602035945790974,0.002938034188034188,0.064942002442002447
EMFC-864,stale_7d,1,LOW_PRESSURE_EXPANDED,100,669703,669709,2021-02-08T16:35:00Z,2021-02-11T16:35:00Z,15.665648834937498,-0.14197687889554952,0.038270757020757024,0.082474816849816848
EMFC-864,stale_7d,-1,HIGH_PRESSURE_COMPRESSED,100,670226,670232,2021-02-12T09:30:00Z,2021-02-15T09:30:00Z,18.925818152452784,0.18376259459035887,0.96069902319902323,0.93200549450549453
EMFC-864,stale_7d,-1,HIGH_PRESSURE_COMPRESSED,100,672113,672119,2021-02-25T12:35:00Z,2021-02-28T12:35:00Z,18.724481607877951,0.18366245539679615,0.90873015873015872,0.93051739926739929
EMFC-864,stale_7d,-1,HIGH_PRESSURE_COMPRESSED,100,672978,672984,2021-03-03T14:40:00Z,2021-03-06T14:40:00Z,18.900366208851242,0.17310416774434587,0.95352564102564108,0.91691468253968256
EMFC-864,stale_7d,-1,HIGH_PRESSURE_COMPRESSED,100,673413,673419,2021-03-06T14:50:00Z,2021-03-09T14:50:00Z,18.797069811270923,0.18850060787067011,0.92662545787545791,0.93837759462759462
EMFC-864,stale_7d,-1,HIGH_PRESSURE_COMPRESSED,100,673973,673979,2021-03-10T11:00:00Z,2021-03-13T11:00:00Z,18.742584364625472,0.17629972447546036,0.90556318681318682,0.9221802503052503
EMFC-864,stale_7d,-1,HIGH_PRESSURE_COMPRESSED,100,679526,679532,2021-04-17T04:00:00Z,2021-04-20T04:00:00Z,18.735455468545318,0.17011634435559239,0.90438034188034189,0.93332188644688641
EMFC-864,stale_7d,-1,HIGH_PRESSURE_COMPRESSED,100,680218,680224,2021-04-23T05:25:00Z,2021-04-26T05:25:00Z,18.78862047328214,0.2087066007386672,0.92509920634920639,0.97092490842490842
EMFC-864,stale_7d,1,LOW_PRESSURE_EXPANDED,100,680824,680830,2021-04-27T15:40:00Z,2021-04-30T15:40:00Z,0,-0.15323597589885801,0.0026137057387057385,0.079861111111111105
EMFC-864,stale_7d,1,LOW_PRESSURE_EXPANDED,100,681796,681802,2021-05-04T03:05:00Z,2021-05-07T03:05:00Z,16.471159763685353,-0.24946085963158324,0.06043956043956044,0.03292887667887668
EMFC-864,stale_7d,-1,HIGH_PRESSURE_COMPRESSED,100,682725,682731,2021-05-09T12:55:00Z,2021-05-12T12:55:00Z,18.777749522328133,0.20784451402504051,0.90781440781440781,0.97019993894993894
EMFC-864,stale_7d,-1,HIGH_PRESSURE_COMPRESSED,100,683532,683538,2021-05-14T05:20:00Z,2021-05-17T05:20:00Z,18.747908423888934,0.1980038841960618,0.90811965811965811,0.95096916971916967
EMFC-864,stale_7d,1,LOW_PRESSURE_EXPANDED,100,684440,684446,2021-05-21T20:25:00Z,2021-05-24T20:25:00Z,16.514975948133145,-0.19473035927730226,0.066697191697191696,0.031936813186813184
EMFC-864,stale_7d,1,LOW_PRESSURE_EXPANDED,100,684816,684822,2021-05-24T23:10:00Z,2021-05-27T23:10:00Z,16.300185430894093,-0.14951136339311458,0.047809829059829057,0.067574786324786321
EMFC-864,stale_7d,1,LOW_PRESSURE_EXPANDED,100,685470,685476,2021-05-30T09:20:00Z,2021-06-02T09:20:00Z,0,-0.16097023088291929,0.002728174603174603,0.075473137973137969
EMFC-864,stale_7d,1,LOW_PRESSURE_EXPANDED,100,685916,685922,2021-06-02T11:10:00Z,2021-06-05T11:10:00Z,16.789774834263021,-0.23487447418990845,0.090468559218559216,0.034455128205128208
EMFC-864,stale_7d,1,LOW_PRESSURE_EXPANDED,100,686452,686458,2021-06-06T05:05:00Z,2021-06-09T05:05:00Z,16.462264407523477,-0.18775123382673134,0.054029304029304032,0.069749694749694752
EMFC-864,stale_7d,1,LOW_PRESSURE_EXPANDED,100,687862,687868,2021-06-17T02:00:00Z,2021-06-20T02:00:00Z,14.951613859588205,-0.18041696643488322,0.010073260073260074,0.072687728937728943
EMFC-864,stale_7d,1,LOW_PRESSURE_EXPANDED,100,688255,688261,2021-06-20T10:25:00Z,2021-06-23T10:25:00Z,16.657092318357659,-0.16779996027493421,0.088217338217338223,0.092223748473748479
EMFC-864,stale_7d,1,LOW_PRESSURE_EXPANDED,100,688566,688572,2021-06-23T11:20:00Z,2021-06-26T11:20:00Z,14.997114739642045,-0.2252480020702318,0.0115995115995116,0.051701770451770449
EMFC-864,stale_7d,1,LOW_PRESSURE_EXPANDED,100,688876,688882,2021-06-26T12:10:00Z,2021-06-29T12:10:00Z,16.687712348382924,-0.26961992963337233,0.09806166056166056,0.03331043956043956
EMFC-864,stale_7d,1,LOW_PRESSURE_EXPANDED,100,689113,689119,2021-06-29T12:25:00Z,2021-07-02T12:25:00Z,16.375981749545591,-0.33394523692141914,0.067536630036630033,0.016521672771672772
EMFC-864,stale_7d,1,LOW_PRESSURE_EXPANDED,100,689390,689396,2021-07-02T12:40:00Z,2021-07-05T12:40:00Z,16.212521803762261,-0.2707393517214689,0.052808302808302808,0.053609584859584856
EMFC-864,stale_7d,1,LOW_PRESSURE_EXPANDED,100,689747,689753,2021-07-05T14:45:00Z,2021-07-08T14:45:00Z,16.584366948712209,-0.78325445475495747,0.090697496947496944,0.00080128205128205125
EMFC-864,stale_7d,1,LOW_PRESSURE_EXPANDED,100,690439,690445,2021-07-10T15:05:00Z,2021-07-13T15:05:00Z,0,-0.39182810091850506,0.002670940170940171,0.0277014652014652
EMFC-864,stale_7d,1,LOW_PRESSURE_EXPANDED,100,712333,712339,2021-12-03T06:45:00Z,2021-12-06T06:45:00Z,13.530566068244473,-0.17336489875106262,0.038690476190476192,0.091956654456654463
EMFC-864,stale_7d,1,LOW_PRESSURE_EXPANDED,100,713130,713136,2021-12-08T05:35:00Z,2021-12-11T05:35:00Z,13.614672626296706,-0.19980668594977186,0.043002136752136752,0.072268009768009775
EMFC-864,stale_7d,-1,HIGH_PRESSURE_COMPRESSED,100,713849,713855,2021-12-12T19:00:00Z,2021-12-15T19:00:00Z,17.340117398716554,0.17566376912988815,0.91800213675213671,0.90502899877899878
EMFC-864,stale_7d,1,LOW_PRESSURE_EXPANDED,100,715431,715437,2021-12-23T21:25:00Z,2021-12-26T21:25:00Z,12.894847782621291,-0.12848116164854009,0.023504273504273504,0.097260378510378512
EMFC-864,stale_7d,1,LOW_PRESSURE_EXPANDED,100,716908,716914,2022-01-02T22:55:00Z,2022-01-05T22:55:00Z,14.087692623558855,-0.11781266484706428,0.082570207570207568,0.059981684981684984
EMFC-864,stale_7d,-1,HIGH_PRESSURE_COMPRESSED,100,717708,717714,2022-01-08T12:35:00Z,2022-01-11T12:35:00Z,16.821712730342913,0.30718207887560944,0.90621184371184371,0.98988858363858367
EMFC-864,stale_7d,1,LOW_PRESSURE_EXPANDED,100,718396,718402,2022-01-13T05:55:00Z,2022-01-16T05:55:00Z,12.42940017991846,-0.10017710496567148,0.017322954822954824,0.064560439560439567
EMFC-864,stale_7d,1,LOW_PRESSURE_EXPANDED,100,718936,718942,2022-01-16T11:45:00Z,2022-01-19T11:45:00Z,13.79399065699735,-0.086330589751020745,0.06192765567765568,0.084630647130647135
EMFC-864,stale_7d,1,LOW_PRESSURE_EXPANDED,100,720331,720337,2022-01-25T16:15:00Z,2022-01-28T16:15:00Z,13.878634641756806,-0.080042707673536356,0.071314102564102561,0.092834249084249088
EMFC-864,stale_7d,1,LOW_PRESSURE_EXPANDED,100,720761,720767,2022-01-28T17:30:00Z,2022-01-31T17:30:00Z,13.885352801965576,-0.1271171150594653,0.072535103785103791,0.038900335775335776
EMFC-864,stale_7d,1,LOW_PRESSURE_EXPANDED,100,721505,721511,2022-02-02T18:55:00Z,2022-02-05T18:55:00Z,14.016190071569364,-0.11395349007584528,0.081692612942612944,0.049584096459096456
EMFC-864,stale_7d,1,LOW_PRESSURE_EXPANDED,100,722177,722183,2022-02-07T13:55:00Z,2022-02-10T13:55:00Z,12.777775094600743,-0.10845073600480425,0.02461080586080586,0.058360042735042736
EMFC-864,stale_7d,1,LOW_PRESSURE_EXPANDED,100,722813,722819,2022-02-11T23:55:00Z,2022-02-14T23:55:00Z,13.31320850513916,-0.16772949754616534,0.038690476190476192,0.016826923076923076
EMFC-864,stale_7d,1,LOW_PRESSURE_EXPANDED,100,723333,723339,2022-02-15T02:45:00Z,2022-02-18T02:45:00Z,11.489155176907792,-0.11958881166845757,0.0090048840048840041,0.05406746031746032
EMFC-864,stale_7d,-1,HIGH_PRESSURE_COMPRESSED,100,724029,724035,2022-02-19T15:45:00Z,2022-02-22T15:45:00Z,16.767216855560171,0.27078125482161375,0.91185897435897434,0.97653388278388276
EMFC-864,stale_7d,-1,HIGH_PRESSURE_COMPRESSED,100,724479,724485,2022-02-22T20:25:00Z,2022-02-25T20:25:00Z,16.747170921500793,0.32434605682337242,0.90789072039072038,0.99233058608058611
EMFC-864,stale_7d,1,LOW_PRESSURE_EXPANDED,100,725166,725172,2022-02-27T22:15:00Z,2022-03-02T22:15:00Z,13.798084604140895,-0.092533601402932916,0.062042124542124544,0.091040903540903537
EMFC-864,stale_7d,1,LOW_PRESSURE_EXPANDED,100,725781,725787,2022-03-04T00:10:00Z,2022-03-07T00:10:00Z,13.499157369161223,-0.094036641926382988,0.047008547008547008,0.090697496947496944
EMFC-864,stale_7d,1,LOW_PRESSURE_EXPANDED,100,727058,727064,2022-03-13T01:40:00Z,2022-03-16T01:40:00Z,13.69704679066267,-0.17333687066692047,0.056623931623931624,0.021825396825396824
EMFC-864,stale_7d,-1,HIGH_PRESSURE_COMPRESSED,100,729521,729527,2022-03-29T10:25:00Z,2022-04-01T10:25:00Z,16.809371682009392,0.20125975781420549,0.93093711843711846,0.93986568986568986
EMFC-864,stale_7d,1,LOW_PRESSURE_EXPANDED,100,730275,730281,2022-04-03T22:15:00Z,2022-04-06T22:15:00Z,13.782868557548346,-0.093368902805448281,0.064255189255189249,0.098042582417582416
EMFC-864,stale_7d,1,LOW_PRESSURE_EXPANDED,100,730749,730755,2022-04-07T00:20:00Z,2022-04-10T00:20:00Z,12.798194345021855,-0.1014428516237211,0.026556776556776556,0.087473290598290593
EMFC-864,stale_7d,1,LOW_PRESSURE_EXPANDED,100,731296,731302,2022-04-10T21:00:00Z,2022-04-13T21:00:00Z,13.952439796367049,-0.14197687889554952,0.076884920634920639,0.042353479853479856
EMFC-864,stale_7d,1,LOW_PRESSURE_EXPANDED,100,731885,731891,2022-04-15T01:15:00Z,2022-04-18T01:15:00Z,12.818210401296124,-0.096884697176782456,0.027167277167277168,0.095123626373626369
EMFC-864,stale_7d,1,LOW_PRESSURE_EXPANDED,100,732484,732490,2022-04-19T02:20:00Z,2022-04-22T02:20:00Z,13.642659613016326,-0.12425096233785687,0.058340964590964592,0.058226495726495728
EMFC-864,stale_7d,1,LOW_PRESSURE_EXPANDED,100,733188,733194,2022-04-23T16:55:00Z,2022-04-26T16:55:00Z,12.425268414596285,-0.11349236238736946,0.020833333333333332,0.069673382173382176
EMFC-864,stale_7d,1,LOW_PRESSURE_EXPANDED,100,733687,733693,2022-04-26T23:30:00Z,2022-04-29T23:30:00Z,13.944956867989188,-0.17468133336453745,0.082455738705738704,0.021062271062271064
EMFC-864,stale_7d,-1,HIGH_PRESSURE_COMPRESSED,100,734223,734229,2022-04-30T12:15:00Z,2022-05-03T12:15:00Z,16.727797524898385,0.19971189599803685,0.93078449328449331,0.95146520146520142
EMFC-864,stale_7d,-1,HIGH_PRESSURE_COMPRESSED,100,734701,734707,2022-05-03T12:50:00Z,2022-05-06T12:50:00Z,16.954770370778078,0.16197006054605703,0.9700091575091575,0.90632631257631258
EMFC-864,stale_7d,-1,HIGH_PRESSURE_COMPRESSED,100,736377,736383,2022-05-14T21:05:00Z,2022-05-17T21:05:00Z,16.842656465892691,0.17556443763079485,0.95688339438339443,0.92000534188034189
EMFC-864,stale_7d,-1,HIGH_PRESSURE_COMPRESSED,100,737197,737203,2022-05-20T20:30:00Z,2022-05-23T20:30:00Z,16.832712744591316,0.16085365017871364,0.95051129426129422,0.901480463980464
EMFC-864,stale_7d,1,LOW_PRESSURE_EXPANDED,100,737956,737962,2022-05-26T10:15:00Z,2022-05-29T10:15:00Z,13.661350711428335,-0.10921308497331624,0.063911782661782657,0.081635378510378512
EMFC-864,stale_7d,1,LOW_PRESSURE_EXPANDED,100,738472,738478,2022-05-29T22:50:00Z,2022-06-01T22:50:00Z,13.602214609454609,-0.14790262992349543,0.060744810744810744,0.044032356532356536
EMFC-864,stale_7d,1,LOW_PRESSURE_EXPANDED,100,739969,739975,2022-06-09T03:10:00Z,2022-06-12T03:10:00Z,13.850480904941385,-0.11517222304181919,0.076350732600732607,0.078525641025641024
EMFC-864,stale_7d,-1,HIGH_PRESSURE_COMPRESSED,100,740897,740903,2022-06-15T13:40:00Z,2022-06-18T13:40:00Z,16.786946757795963,0.15655634890792824,0.93005952380952384,0.91090506715506714
EMFC-864,stale_7d,1,LOW_PRESSURE_EXPANDED,100,741501,741507,2022-06-20T02:30:00Z,2022-06-23T02:30:00Z,13.347678968132145,-0.11282260488895592,0.049526862026862024,0.088598901098901103
EMFC-864,stale_7d,-1,HIGH_PRESSURE_COMPRESSED,100,741914,741920,2022-06-23T03:10:00Z,2022-06-26T03:10:00Z,16.992616522562713,0.18450393645302146,0.96638431013431014,0.93866376678876684
EMFC-864,stale_7d,-1,HIGH_PRESSURE_COMPRESSED,100,742354,742360,2022-06-26T05:10:00Z,2022-06-29T05:10:00Z,17.084725023683308,0.16259736394622487,0.97374847374847373,0.91378586691086694
EMFC-864,stale_7d,1,LOW_PRESSURE_EXPANDED,100,742908,742914,2022-06-30T01:20:00Z,2022-07-03T01:20:00Z,14.008321079400057,-0.11567711605977647,0.088179181929181935,0.091842185592185599
EMFC-864,stale_7d,-1,HIGH_PRESSURE_COMPRESSED,100,743701,743707,2022-07-05T12:05:00Z,2022-07-08T12:05:00Z,17.057402937964401,0.18152187662339034,0.96913156288156288,0.93528693528693529
EMFC-864,stale_7d,-1,HIGH_PRESSURE_COMPRESSED,100,744126,744132,2022-07-08T12:40:00Z,2022-07-11T12:40:00Z,16.881220051708365,0.1950016099513292,0.93769078144078144,0.94976724664224665
EMFC-864,stale_7d,1,LOW_PRESSURE_EXPANDED,100,744691,744697,2022-07-12T13:30:00Z,2022-07-15T13:30:00Z,11.200417771082792,-0.14024008891444589,0.007516788766788767,0.056852869352869352
EMFC-864,stale_7d,1,LOW_PRESSURE_EXPANDED,100,745268,745274,2022-07-16T23:35:00Z,2022-07-19T23:35:00Z,14.031660913787501,-0.13528818189951497,0.086881868131868129,0.069635225885225888
EMFC-864,stale_7d,1,LOW_PRESSURE_EXPANDED,100,745764,745770,2022-07-20T18:20:00Z,2022-07-23T18:20:00Z,13.550562759043824,-0.1366411356908582,0.056280525030525032,0.069826007326007328
EMFC-864,stale_7d,1,LOW_PRESSURE_EXPANDED,100,746387,746393,2022-07-25T02:00:00Z,2022-07-28T02:00:00Z,12.707220591269836,-0.14421577742649963,0.02590811965811966,0.069177350427350431
EMFC-864,stale_7d,1,LOW_PRESSURE_EXPANDED,100,747169,747175,2022-07-30T06:30:00Z,2022-08-02T06:30:00Z,13.426493928869103,-0.17295841462287564,0.048115079365079368,0.041590354090354088
EMFC-864,stale_7d,-1,HIGH_PRESSURE_COMPRESSED,100,747841,747847,2022-08-03T21:40:00Z,2022-08-06T21:40:00Z,16.85733239997861,0.2195666228238673,0.90319749694749696,0.97821275946275943
EMFC-864,stale_7d,1,LOW_PRESSURE_EXPANDED,100,748307,748313,2022-08-07T03:10:00Z,2022-08-10T03:10:00Z,13.777162583863451,-0.1340208561510379,0.064445970695970689,0.085775335775335776
EMFC-864,stale_7d,-1,HIGH_PRESSURE_COMPRESSED,100,749121,749127,2022-08-12T15:45:00Z,2022-08-15T15:45:00Z,16.946014298682428,0.1711838123834987,0.92555708180708185,0.94253663003663002
EMFC-864,stale_7d,1,LOW_PRESSURE_EXPANDED,100,750394,750400,2022-08-21T08:30:00Z,2022-08-24T08:30:00Z,14.097652562540434,-0.1502287132466909,0.091880341880341887,0.061164529914529912
EMFC-864,stale_7d,1,LOW_PRESSURE_EXPANDED,100,750981,750987,2022-08-25T05:25:00Z,2022-08-28T05:25:00Z,14.157830662427088,-0.1908131784834603,0.096382783882783887,0.025106837606837608
EMFC-864,stale_7d,1,LOW_PRESSURE_EXPANDED,100,753373,753379,2022-09-10T02:30:00Z,2022-09-13T02:30:00Z,14.109994942145493,-0.14942524681992686,0.093101343101343104,0.056356837606837608
EMFC-864,stale_7d,-1,HIGH_PRESSURE_COMPRESSED,100,754453,754459,2022-09-17T09:50:00Z,2022-09-20T09:50:00Z,17.072850155732599,0.18338211899127582,0.95322039072039078,0.94763049450549453
EMFC-864,stale_7d,1,LOW_PRESSURE_EXPANDED,100,755051,755057,2022-09-21T10:15:00Z,2022-09-24T10:15:00Z,12.777080440304498,-0.18808270722902626,0.02854090354090354,0.027434371184371184
EMFC-864,stale_7d,-1,HIGH_PRESSURE_COMPRESSED,100,755491,755497,2022-09-24T16:00:00Z,2022-09-27T16:00:00Z,16.898387399637564,0.17602144424547475,0.90731837606837606,0.93732829670329665
EMFC-864,stale_7d,-1,HIGH_PRESSURE_COMPRESSED,100,757616,757622,2022-10-08T03:50:00Z,2022-10-11T03:50:00Z,16.910467113946261,0.18182168175230359,0.90987484737484736,0.94471153846153844
EMFC-864,stale_7d,-1,HIGH_PRESSURE_COMPRESSED,100,758298,758304,2022-10-12T08:55:00Z,2022-10-15T08:55:00Z,16.905109151276353,0.32179054208523061,0.90804334554334554,0.99801587301587302
EMFC-864,stale_7d,1,LOW_PRESSURE_EXPANDED,100,759469,759475,2022-10-20T08:05:00Z,2022-10-23T08:05:00Z,9.3578979363337975,-0.12799735806335499,0.0028617216117216115,0.088904151404151407
EMFC-864,stale_7d,1,LOW_PRESSURE_EXPANDED,100,761168,761174,2022-11-01T00:30:00Z,2022-11-04T00:30:00Z,12.59559128180865,-0.14493693477101008,0.02338980463980464,0.068624084249084255
EMFC-864,stale_7d,-1,HIGH_PRESSURE_COMPRESSED,100,762207,762213,2022-11-08T06:50:00Z,2022-11-11T06:50:00Z,17.006027401318086,0.25195034471862537,0.93364621489621491,0.9767246642246642
EMFC-864,stale_7d,1,LOW_PRESSURE_EXPANDED,100,763196,763202,2022-11-15T04:05:00Z,2022-11-18T04:05:00Z,14.072770277922295,-0.13413745892923121,0.087568681318681313,0.087606837606837601
EMFC-864,stale_7d,-1,HIGH_PRESSURE_COMPRESSED,100,763802,763808,2022-11-19T06:25:00Z,2022-11-22T06:25:00Z,17.134070980902806,0.15977759235906006,0.95921092796092799,0.90384615384615385
EMFC-864,stale_7d,1,LOW_PRESSURE_EXPANDED,100,764230,764236,2022-11-22T09:10:00Z,2022-11-25T09:10:00Z,0,-0.14359516588774165,0.0012782356532356532,0.078125
EMFC-864,stale_7d,-1,HIGH_PRESSURE_COMPRESSED,100,764848,764854,2022-11-27T06:40:00Z,2022-11-30T06:40:00Z,16.973913569492549,0.16770884442610914,0.91140109890109888,0.91130570818070822
EMFC-864,stale_7d,1,LOW_PRESSURE_EXPANDED,100,765639,765645,2022-12-03T00:05:00Z,2022-12-06T00:05:00Z,0,-0.15217730543273564,0.0013163919413919415,0.06110729548229548
EMFC-864,stale_7d,1,LOW_PRESSURE_EXPANDED,100,766392,766398,2022-12-08T04:40:00Z,2022-12-11T04:40:00Z,13.729342461677142,-0.12758667441599231,0.061431623931623928,0.09748931623931624
EMFC-864,stale_7d,-1,HIGH_PRESSURE_COMPRESSED,100,767377,767383,2022-12-14T15:45:00Z,2022-12-17T15:45:00Z,17.346730843027618,0.15969937875767493,0.97084859584859584,0.90186202686202688
EMFC-864,stale_7d,1,LOW_PRESSURE_EXPANDED,100,768687,768693,2022-12-24T03:15:00Z,2022-12-27T03:15:00Z,14.061682117671518,-0.14842000511827322,0.082493894993894992,0.064560439560439567
EMFC-864,stale_7d,1,LOW_PRESSURE_EXPANDED,100,769606,769612,2022-12-31T00:10:00Z,2023-01-03T00:10:00Z,13.797580775798291,-0.12817331372298282,0.064102564102564097,0.092376373626373631
EMFC-864,stale_7d,1,LOW_PRESSURE_EXPANDED,100,770090,770096,2023-01-03T01:55:00Z,2023-01-06T01:55:00Z,13.274856112171344,-0.13069194854929675,0.038308913308913312,0.095943986568986575
EMFC-864,stale_7d,-1,HIGH_PRESSURE_COMPRESSED,100,770741,770747,2023-01-07T04:25:00Z,2023-01-10T04:25:00Z,17.250259859076778,0.18809820957140908,0.95566239316239321,0.9317574786324786
EMFC-864,stale_7d,-1,HIGH_PRESSURE_COMPRESSED,100,772878,772884,2023-01-21T05:45:00Z,2023-01-24T05:45:00Z,17.266614781666288,0.18791718315111447,0.96527777777777779,0.9212263431013431
EMFC-864,stale_7d,1,LOW_PRESSURE_EXPANDED,100,773911,773917,2023-01-27T23:35:00Z,2023-01-30T23:35:00Z,13.924526384824711,-0.14180333557436253,0.075854700854700849,0.062347374847374848
EMFC-864,stale_7d,-1,HIGH_PRESSURE_COMPRESSED,100,774657,774663,2023-02-02T03:40:00Z,2023-02-05T03:40:00Z,17.022836175258782,0.20327965138543214,0.92021520146520142,0.93307387057387059
EMFC-864,stale_7d,1,LOW_PRESSURE_EXPANDED,100,775953,775959,2023-02-11T03:00:00Z,2023-02-14T03:00:00Z,12.685874985224393,-0.15549263614382614,0.022092490842490844,0.054601648351648352
EMFC-864,stale_7d,-1,HIGH_PRESSURE_COMPRESSED,100,777584,777590,2023-02-21T07:10:00Z,2023-02-24T07:10:00Z,17.042123057434772,0.22962282991196778,0.92151251526251521,0.95669261294261299
EMFC-864,stale_7d,-1,HIGH_PRESSURE_COMPRESSED,100,778072,778078,2023-02-24T09:10:00Z,2023-02-27T09:10:00Z,17.291078777228002,0.19664362980151101,0.96909340659340659,0.92208485958485964
EMFC-864,stale_7d,-1,HIGH_PRESSURE_COMPRESSED,100,778982,778988,2023-03-02T17:45:00Z,2023-03-05T17:45:00Z,16.998318527794421,0.18715321045613575,0.90167124542124544,0.91470161782661785
EMFC-864,stale_7d,1,LOW_PRESSURE_EXPANDED,100,779623,779629,2023-03-07T00:20:00Z,2023-03-10T00:20:00Z,14.144136377524163,-0.11751633342783901,0.077876984126984128,0.099816849816849823
EMFC-864,stale_7d,-1,HIGH_PRESSURE_COMPRESSED,100,780220,780226,2023-03-11T04:25:00Z,2023-03-14T04:25:00Z,17.192257481880873,0.21967042294644462,0.94845085470085466,0.94761141636141633
EMFC-864,stale_7d,-1,HIGH_PRESSURE_COMPRESSED,100,780773,780779,2023-03-14T15:40:00Z,2023-03-17T15:40:00Z,17.156125175267292,0.18298177468983409,0.93811050061050061,0.90640262515262515
EMFC-864,stale_7d,-1,HIGH_PRESSURE_COMPRESSED,100,781345,781351,2023-03-18T13:40:00Z,2023-03-21T13:40:00Z,17.410839181211522,0.21150323015753475,0.97710622710622708,0.94288003663003661
EMFC-864,stale_7d,1,LOW_PRESSURE_EXPANDED,100,782195,782201,2023-03-23T23:45:00Z,2023-03-26T23:45:00Z,0,-0.13860184943762824,0.0014308608058608058,0.064503205128205135
EMFC-864,stale_7d,-1,HIGH_PRESSURE_COMPRESSED,100,783007,783013,2023-03-29T13:00:00Z,2023-04-01T13:00:00Z,17.14337426762496,0.1903537284912189,0.91304181929181927,0.92017704517704513
EMFC-864,stale_7d,-1,HIGH_PRESSURE_COMPRESSED,100,784538,784544,2023-04-08T22:35:00Z,2023-04-11T22:35:00Z,17.803298778702654,0.19642048117345628,0.99721459096459097,0.93103250915750912
EMFC-864,stale_7d,-1,HIGH_PRESSURE_COMPRESSED,100,785009,785015,2023-04-12T06:20:00Z,2023-04-15T06:20:00Z,17.441022804684781,0.17457166493389512,0.97149725274725274,0.90556318681318682
EMFC-864,stale_7d,1,LOW_PRESSURE_EXPANDED,100,785786,785792,2023-04-17T12:50:00Z,2023-04-20T12:50:00Z,14.683495528327084,-0.11468193591689177,0.094474969474969472,0.094246031746031744
EMFC-864,stale_7d,-1,HIGH_PRESSURE_COMPRESSED,100,786514,786520,2023-04-22T13:10:00Z,2023-04-25T13:10:00Z,17.521738527562693,0.17727431557244139,0.98061660561660557,0.91430097680097677
EMFC-864,stale_7d,1,LOW_PRESSURE_EXPANDED,100,787261,787267,2023-04-28T00:45:00Z,2023-05-01T00:45:00Z,14.236903475687988,-0.1149939646260643,0.049679487179487176,0.099072802197802193
EMFC-864,stale_7d,1,LOW_PRESSURE_EXPANDED,100,788148,788154,2023-05-04T01:35:00Z,2023-05-07T01:35:00Z,14.671746780477001,-0.13001898132373474,0.081807081807081808,0.0740995115995116
EMFC-864,stale_7d,-1,HIGH_PRESSURE_COMPRESSED,100,788829,788835,2023-05-08T23:25:00Z,2023-05-11T23:25:00Z,17.658862418717277,0.22445691339673948,0.98965964590964595,0.96556394993894989
EMFC-864,stale_7d,-1,HIGH_PRESSURE_COMPRESSED,100,789543,789549,2023-05-13T17:25:00Z,2023-05-16T17:25:00Z,18.556315625192688,0.18292173686598706,0.99255952380952384,0.91779227716727718
EMFC-864,stale_7d,-1,HIGH_PRESSURE_COMPRESSED,100,790200,790206,2023-05-17T22:00:00Z,2023-05-20T22:00:00Z,18.785545978702878,0.22137428405765558,0.97889957264957261,0.96176739926739929
EMFC-864,stale_7d,-1,HIGH_PRESSURE_COMPRESSED,100,790746,790752,2023-05-21T17:15:00Z,2023-05-24T17:15:00Z,18.414314995500298,0.17417483165818612,0.95806623931623935,0.90314026251526247
EMFC-864,stale_7d,-1,HIGH_PRESSURE_COMPRESSED,100,791198,791204,2023-05-24T19:00:00Z,2023-05-27T19:00:00Z,17.988990508678015,0.21354394202266572,0.93818681318681318,0.95077838827838823
EMFC-864,stale_7d,-1,HIGH_PRESSURE_COMPRESSED,100,791722,791728,2023-05-28T06:55:00Z,2023-05-31T06:55:00Z,18.79875467561979,0.17944569604849037,0.9713064713064713,0.90873015873015872
EMFC-864,stale_7d,-1,HIGH_PRESSURE_COMPRESSED,100,792427,792433,2023-06-01T23:55:00Z,2023-06-04T23:55:00Z,17.856032630078097,0.18470439349574858,0.91250763125763124,0.91597985347985345
EMFC-864,stale_7d,-1,HIGH_PRESSURE_COMPRESSED,100,792999,793005,2023-06-05T22:30:00Z,2023-06-08T22:30:00Z,17.920686317088517,0.24128630695985986,0.91147741147741146,0.97195512820512819
EMFC-864,stale_7d,-1,HIGH_PRESSURE_COMPRESSED,100,793507,793513,2023-06-09T08:20:00Z,2023-06-12T08:20:00Z,17.896991183402761,0.18673126528265474,0.90335012210012211,0.91821199633699635
EMFC-864,stale_7d,-1,HIGH_PRESSURE_COMPRESSED,100,794156,794162,2023-06-13T11:30:00Z,2023-06-16T11:30:00Z,18.25277780547836,0.17807060490641691,0.93849206349206349,0.90708943833943834
EMFC-864,stale_7d,-1,HIGH_PRESSURE_COMPRESSED,100,794603,794609,2023-06-16T13:20:00Z,2023-06-19T13:20:00Z,18.230919791347702,0.18731399831699869,0.93318833943833945,0.9221993284493285
EMFC-864,stale_7d,1,LOW_PRESSURE_EXPANDED,100,798566,798572,2023-07-13T23:00:00Z,2023-07-16T23:00:00Z,15.397174931625258,-0.12683820983405603,0.090926434676434673,0.073775183150183152
EMFC-864,stale_7d,1,LOW_PRESSURE_EXPANDED,100,799569,799575,2023-07-20T23:40:00Z,2023-07-23T23:40:00Z,15.534574416161275,-0.12433927425560755,0.098099816849816848,0.078201312576312576
EMFC-864,stale_7d,1,LOW_PRESSURE_EXPANDED,100,800652,800658,2023-07-28T19:05:00Z,2023-07-31T19:05:00Z,0,-0.20362088482534585,0.0013927045177045177,0.022397741147741148
EMFC-864,stale_7d,1,LOW_PRESSURE_EXPANDED,100,801276,801282,2023-08-02T03:20:00Z,2023-08-05T03:20:00Z,15.593478864779883,-0.12752799155283859,0.084859584859584863,0.081463675213675216
EMFC-864,stale_7d,1,LOW_PRESSURE_EXPANDED,100,801845,801851,2023-08-06T03:05:00Z,2023-08-09T03:05:00Z,15.657720558221248,-0.1198845296739246,0.087187118437118433,0.087110805860805857
EMFC-864,stale_7d,1,LOW_PRESSURE_EXPANDED,100,802746,802752,2023-08-12T06:25:00Z,2023-08-15T06:25:00Z,15.647228128664418,-0.19088203335806844,0.078105921855921856,0.028140262515262516
EMFC-864,stale_7d,1,LOW_PRESSURE_EXPANDED,100,803374,803380,2023-08-16T04:00:00Z,2023-08-19T04:00:00Z,15.753435193220001,-0.17152739779571466,0.098366910866910864,0.041208791208791208
EMFC-864,stale_7d,1,LOW_PRESSURE_EXPANDED,100,804064,804070,2023-08-20T15:50:00Z,2023-08-23T15:50:00Z,15.753640951619332,-0.15462199731114967,0.095924908424908431,0.054906898656898656
EMFC-864,stale_7d,1,LOW_PRESSURE_EXPANDED,100,804844,804850,2023-08-26T01:35:00Z,2023-08-29T01:35:00Z,15.708082918061564,-0.12763068430355426,0.079288766788766785,0.086004273504273504
EMFC-864,stale_7d,1,LOW_PRESSURE_EXPANDED,100,805691,805697,2023-09-01T08:20:00Z,2023-09-04T08:20:00Z,15.740256167026896,-0.12323481433462875,0.080547924297924303,0.087187118437118433
EMFC-864,stale_7d,1,LOW_PRESSURE_EXPANDED,100,806164,806170,2023-09-04T10:45:00Z,2023-09-07T10:45:00Z,15.757456574504012,-0.18266871874849153,0.083791208791208785,0.033443986568986568
EMFC-864,stale_7d,1,LOW_PRESSURE_EXPANDED,100,811772,811778,2023-10-12T04:10:00Z,2023-10-15T04:10:00Z,15.607475839344888,-0.13858733975604284,0.036210317460317464,0.078945360195360192
EMFC-864,stale_7d,1,LOW_PRESSURE_EXPANDED,100,813999,814005,2023-10-27T07:05:00Z,2023-10-30T07:05:00Z,15.019957449892921,-0.13037015116185496,0.011141636141636142,0.086061507936507936
EMFC-864,stale_7d,1,LOW_PRESSURE_EXPANDED,100,814712,814718,2023-10-31T21:30:00Z,2023-11-03T21:30:00Z,15.71246632936786,-0.1698974742941767,0.06662087912087912,0.042811355311355312
EMFC-864,stale_7d,1,LOW_PRESSURE_EXPANDED,100,815974,815980,2023-11-09T13:35:00Z,2023-11-12T13:35:00Z,15.364901606647601,-0.13362722136613545,0.029800061050061052,0.071600274725274721
EMFC-864,stale_7d,-1,HIGH_PRESSURE_COMPRESSED,100,816885,816891,2023-11-15T17:25:00Z,2023-11-18T17:25:00Z,18.470407888066575,0.16877374424868608,0.99240689865689868,0.90144230769230771
EMFC-864,stale_7d,-1,HIGH_PRESSURE_COMPRESSED,100,817382,817388,2023-11-19T02:00:00Z,2023-11-22T02:00:00Z,18.48386606555329,0.17377815579666053,0.98687423687423692,0.91210699023199027
EMFC-864,stale_7d,-1,HIGH_PRESSURE_COMPRESSED,100,818532,818538,2023-11-26T09:15:00Z,2023-11-29T09:15:00Z,19.445479187463576,0.19348362150014661,0.9974435286935287,0.93605006105006106
EMFC-864,stale_7d,-1,HIGH_PRESSURE_COMPRESSED,100,819129,819135,2023-11-30T17:45:00Z,2023-12-03T17:45:00Z,18.377265650672374,0.17187629893241602,0.95043498168498164,0.90493360805860801
EMFC-864,stale_7d,1,LOW_PRESSURE_EXPANDED,100,820156,820162,2023-12-07T20:35:00Z,2023-12-10T20:35:00Z,0,-0.11625594431978745,0.0011065323565323565,0.099339896214896209
EMFC-864,stale_7d,-1,HIGH_PRESSURE_COMPRESSED,100,820587,820593,2023-12-10T20:50:00Z,2023-12-13T20:50:00Z,18.003047650261511,0.18775629828400026,0.90411324786324787,0.92830433455433459
EMFC-864,stale_7d,1,LOW_PRESSURE_EXPANDED,100,821161,821167,2023-12-14T16:00:00Z,2023-12-17T16:00:00Z,0,-0.14314750921848493,0.001201923076923077,0.063644688644688641
EMFC-864,stale_7d,-1,HIGH_PRESSURE_COMPRESSED,100,822440,822446,2023-12-22T23:00:00Z,2023-12-25T23:00:00Z,19.527420243854674,0.20579491297959682,0.99534493284493286,0.94780219780219777
EMFC-864,stale_7d,-1,HIGH_PRESSURE_COMPRESSED,100,822942,822948,2023-12-26T02:35:00Z,2023-12-29T02:35:00Z,19.315371041122621,0.17264849209826752,0.97523656898656896,0.90764270451770457
EMFC-864,stale_7d,-1,HIGH_PRESSURE_COMPRESSED,100,823489,823495,2023-12-30T04:00:00Z,2024-01-02T04:00:00Z,19.00104442656367,0.1749289495744564,0.93295940170940173,0.90754731379731379
EMFC-864,year_month_side_activity_stratified_random_clock,-1,HIGH_PRESSURE_COMPRESSED,100,665699,665705,2021-01-12T10:30:00Z,2021-01-15T10:30:00Z,18.826808619048627,0.11173262635366614,0.93253968253968256,0.79372710622710618
EMFC-864,year_month_side_activity_stratified_random_clock,-1,HIGH_PRESSURE_COMPRESSED,100,666269,666275,2021-01-16T05:20:00Z,2021-01-19T05:20:00Z,18.813421702326298,0.15739482527009602,0.92788461538461542,0.88906059218559219
EMFC-864,year_month_side_activity_stratified_random_clock,1,LOW_PRESSURE_EXPANDED,100,666939,666945,2021-01-20T22:45:00Z,2021-01-23T22:45:00Z,18.306076581570199,-0.060938298105079537,0.68231074481074483,0.2078373015873016
EMFC-864,year_month_side_activity_stratified_random_clock,1,LOW_PRESSURE_EXPANDED,100,668613,668619,2021-02-01T17:05:00Z,2021-02-04T17:05:00Z,18.222853257183427,-0.11015400849189229,0.64243742368742374,0.12538156288156288
EMFC-864,year_month_side_activity_stratified_random_clock,-1,HIGH_PRESSURE_COMPRESSED,100,669166,669172,2021-02-05T07:05:00Z,2021-02-08T07:05:00Z,18.588985531545067,0.14649119979312719,0.85485347985347981,0.87084096459096461
EMFC-864,year_month_side_activity_stratified_random_clock,-1,HIGH_PRESSURE_COMPRESSED,100,670492,670498,2021-02-14T03:25:00Z,2021-02-17T03:25:00Z,18.938962805264516,0.15909343067474746,0.95860042735042739,0.89077762515262515
EMFC-864,year_month_side_activity_stratified_random_clock,-1,HIGH_PRESSURE_COMPRESSED,100,671104,671110,2021-02-18T12:00:00Z,2021-02-21T12:00:00Z,18.639699150544505,0.15313175466341303,0.86950549450549453,0.87847222222222221
EMFC-864,year_month_side_activity_stratified_random_clock,1,LOW_PRESSURE_EXPANDED,100,671867,671873,2021-02-24T00:25:00Z,2021-02-27T00:25:00Z,18.616275717888463,-0.18631357806349216,0.85008394383394381,0.04548229548229548
EMFC-864,year_month_side_activity_stratified_random_clock,-1,HIGH_PRESSURE_COMPRESSED,100,672419,672425,2021-02-27T13:35:00Z,2021-03-02T13:35:00Z,18.806964412187487,0.15739482527009602,0.92994505494505497,0.88820207570207566
EMFC-864,year_month_side_activity_stratified_random_clock,-1,HIGH_PRESSURE_COMPRESSED,100,672950,672956,2021-03-03T10:35:00Z,2021-03-06T10:35:00Z,18.712016461207718,0.18753512384684212,0.89026251526251521,0.93694673382173377
EMFC-864,year_month_side_activity_stratified_random_clock,1,LOW_PRESSURE_EXPANDED,100,676406,676412,2021-03-26T20:40:00Z,2021-03-29T20:40:00Z,18.048409884940376,-0.16342185507109636,0.48927808302808301,0.062576312576312576
EMFC-864,year_month_side_activity_stratified_random_clock,1,LOW_PRESSURE_EXPANDED,100,678411,678417,2021-04-09T10:15:00Z,2021-04-12T10:15:00Z,17.508233217494343,-0.10590536719926381,0.27037545787545786,0.12515262515262515
EMFC-864,year_month_side_activity_stratified_random_clock,-1,HIGH_PRESSURE_COMPRESSED,100,679394,679400,2021-04-15T22:50:00Z,2021-04-18T22:50:00Z,18.557360550117433,0.16275425130142587,0.80765415140415142,0.92469856532356531
EMFC-864,year_month_side_activity_stratified_random_clock,1,LOW_PRESSURE_EXPANDED,100,679872,679878,2021-04-20T10:35:00Z,2021-04-23T10:35:00Z,19.157729884665144,-0.30848909713277417,0.97325244200244199,0.024648962148962148
EMFC-864,year_month_side_activity_stratified_random_clock,1,LOW_PRESSURE_EXPANDED,100,680734,680740,2021-04-27T01:15:00Z,2021-04-30T01:15:00Z,18.468041878020678,-0.26113273721824443,0.72241300366300365,0.030563186813186812
EMFC-864,year_month_side_activity_stratified_random_clock,-1,HIGH_PRESSURE_COMPRESSED,100,681502,681508,2021-05-02T11:50:00Z,2021-05-05T11:50:00Z,18.601702272742653,0.17978477714198463,0.82024572649572647,0.94795482295482292
EMFC-864,year_month_side_activity_stratified_random_clock,-1,HIGH_PRESSURE_COMPRESSED,100,682320,682326,2021-05-07T05:05:00Z,2021-05-10T05:05:00Z,18.605529371677857,0.14283164910754234,0.83562271062271065,0.86603327228327232
EMFC-864,year_month_side_activity_stratified_random_clock,1,LOW_PRESSURE_EXPANDED,100,683587,683593,2021-05-14T17:40:00Z,2021-05-17T17:40:00Z,18.005664584418394,-0.10011679133477261,0.44948107448107449,0.12133699633699634
EMFC-864,year_month_side_activity_stratified_random_clock,1,LOW_PRESSURE_EXPANDED,100,684002,684008,2021-05-17T21:55:00Z,2021-05-20T21:55:00Z,17.076559425875516,-0.17659686865708829,0.14995421245421245,0.044070512820512824
EMFC-864,year_month_side_activity_stratified_random_clock,1,LOW_PRESSURE_EXPANDED,100,684622,684628,2021-05-23T09:30:00Z,2021-05-26T09:30:00Z,17.611689374457416,-0.16339354690843574,0.27445818070818073,0.072878510378510383
EMFC-864,year_month_side_activity_stratified_random_clock,1,LOW_PRESSURE_EXPANDED,100,684990,684996,2021-05-26T09:35:00Z,2021-05-29T09:35:00Z,17.876403880897954,-0.20893643987918373,0.37770909645909645,0.044871794871794872
EMFC-864,year_month_side_activity_stratified_random_clock,1,LOW_PRESSURE_EXPANDED,100,685344,685350,2021-05-29T09:50:00Z,2021-06-01T09:50:00Z,16.960927209394111,-0.29943770346263432,0.11755952380952381,0.017628205128205128
EMFC-864,year_month_side_activity_stratified_random_clock,1,LOW_PRESSURE_EXPANDED,100,686265,686271,2021-06-04T21:35:00Z,2021-06-07T21:35:00Z,17.823917966012761,-0.17772768778372708,0.36733058608058611,0.074500152625152624
EMFC-864,year_month_side_activity_stratified_random_clock,1,LOW_PRESSURE_EXPANDED,100,686777,686783,2021-06-08T12:30:00Z,2021-06-11T12:30:00Z,16.966930458208793,-0.066567710938670838,0.13072344322344323,0.24317002442002442
EMFC-864,year_month_side_activity_stratified_random_clock,1,LOW_PRESSURE_EXPANDED,100,687368,687374,2021-06-13T08:45:00Z,2021-06-16T08:45:00Z,17.671212958492529,-0.14490809846032568,0.32093253968253971,0.11832264957264957
EMFC-864,year_month_side_activity_stratified_random_clock,1,LOW_PRESSURE_EXPANDED,100,687778,687784,2021-06-16T10:40:00Z,2021-06-19T10:40:00Z,17.489406924121795,-0.13713530738197055,0.26358363858363859,0.13307005494505494
EMFC-864,year_month_side_activity_stratified_random_clock,1,LOW_PRESSURE_EXPANDED,100,688153,688159,2021-06-19T10:55:00Z,2021-06-22T10:55:00Z,17.67959675601049,-0.27190831833574008,0.33634768009768012,0.032394688644688648
EMFC-864,year_month_side_activity_stratified_random_clock,1,LOW_PRESSURE_EXPANDED,100,688467,688473,2021-06-22T11:20:00Z,2021-06-25T11:20:00Z,16.375981749545591,-0.33394523692141914,0.067536630036630033,0.016521672771672772
EMFC-864,year_month_side_activity_stratified_random_clock,1,LOW_PRESSURE_EXPANDED,100,688769,688775,2021-06-25T11:50:00Z,2021-06-28T11:50:00Z,17.858303020381765,-0.28338535476700505,0.4197954822954823,0.047790750915750912
EMFC-864,year_month_side_activity_stratified_random_clock,1,LOW_PRESSURE_EXPANDED,100,689026,689032,2021-06-28T14:40:00Z,2021-07-01T14:40:00Z,17.219915689291948,-0.77685240379690723,0.20692155067155066,0.00095390720390720388
EMFC-864,year_month_side_activity_stratified_random_clock,1,LOW_PRESSURE_EXPANDED,100,689492,689498,2021-07-03T13:50:00Z,2021-07-06T13:50:00Z,18.142596900769306,-0.47879817692723081,0.56654456654456653,0.01076007326007326
EMFC-864,year_month_side_activity_stratified_random_clock,1,LOW_PRESSURE_EXPANDED,100,711326,711332,2021-11-26T06:05:00Z,2021-11-29T06:05:00Z,14.9270611183818,-0.16067222538889833,0.17414529914529914,0.10065628815628816
EMFC-864,year_month_side_activity_stratified_random_clock,1,LOW_PRESSURE_EXPANDED,100,712002,712008,2021-12-01T01:25:00Z,2021-12-04T01:25:00Z,11.616925054988712,-0.1409496425770578,0.007554945054945055,0.10901251526251526
EMFC-864,year_month_side_activity_stratified_random_clock,-1,HIGH_PRESSURE_COMPRESSED,100,712737,712743,2021-12-05T19:05:00Z,2021-12-08T19:05:00Z,16.946208027006019,0.17482969103565912,0.84764194139194138,0.90357905982905984
EMFC-864,year_month_side_activity_stratified_random_clock,1,LOW_PRESSURE_EXPANDED,100,714419,714425,2021-12-16T21:50:00Z,2021-12-19T21:50:00Z,13.870817536733329,-0.11249500455842573,0.061469780219780217,0.11233211233211234
EMFC-864,year_month_side_activity_stratified_random_clock,1,LOW_PRESSURE_EXPANDED,100,715864,715870,2021-12-26T21:00:00Z,2021-12-29T21:00:00Z,15.316791158460518,-0.11125809072388615,0.3108974358974359,0.066945207570207568
EMFC-864,year_month_side_activity_stratified_random_clock,1,LOW_PRESSURE_EXPANDED,100,716470,716476,2021-12-31T05:55:00Z,2022-01-03T05:55:00Z,16.37968207452446,-0.25371155288062752,0.74771062271062272,0.0013354700854700855
EMFC-864,year_month_side_activity_stratified_random_clock,1,LOW_PRESSURE_EXPANDED,100,717063,717069,2022-01-04T02:10:00Z,2022-01-07T02:10:00Z,14.289699790338979,-0.068608353124796184,0.10576923076923077,0.11782661782661782
EMFC-864,year_month_side_activity_stratified_random_clock,1,LOW_PRESSURE_EXPANDED,100,717622,717628,2022-01-07T22:25:00Z,2022-01-10T22:25:00Z,16.161521452628602,-0.10078004128371709,0.66170634920634919,0.064178876678876673
EMFC-864,year_month_side_activity_stratified_random_clock,1,LOW_PRESSURE_EXPANDED,100,718054,718060,2022-01-10T22:55:00Z,2022-01-13T22:55:00Z,16.115695272353303,-0.087888769745786521,0.64114010989010994,0.0816735347985348
EMFC-864,year_month_side_activity_stratified_random_clock,-1,HIGH_PRESSURE_COMPRESSED,100,718730,718736,2022-01-15T03:40:00Z,2022-01-18T03:40:00Z,15.636048104035122,0.2394423242837124,0.43475274725274726,0.96312194749694746
EMFC-864,year_month_side_activity_stratified_random_clock,1,LOW_PRESSURE_EXPANDED,100,719282,719288,2022-01-18T14:55:00Z,2022-01-21T14:55:00Z,14.646531813041211,-0.029623525066071077,0.16189713064713065,0.2208295177045177
EMFC-864,year_month_side_activity_stratified_random_clock,1,LOW_PRESSURE_EXPANDED,100,719756,719762,2022-01-21T15:55:00Z,2022-01-24T15:55:00Z,15.649084329212606,-0.11843467514509805,0.44963369963369965,0.04548229548229548
EMFC-864,year_month_side_activity_stratified_random_clock,1,LOW_PRESSURE_EXPANDED,100,720419,720425,2022-01-26T05:45:00Z,2022-01-29T05:45:00Z,16.279719309820909,-0.063506739033436968,0.72817460317460314,0.13173458485958486
EMFC-864,year_month_side_activity_stratified_random_clock,-1,HIGH_PRESSURE_COMPRESSED,100,721001,721007,2022-01-30T07:55:00Z,2022-02-02T07:55:00Z,17.056187208478367,0.1314573544532304,0.96871184371184371,0.79574938949938945
EMFC-864,year_month_side_activity_stratified_random_clock,1,LOW_PRESSURE_EXPANDED,100,721819,721825,2022-02-05T00:05:00Z,2022-02-08T00:05:00Z,16.69098320664493,-0.12934556090828717,0.88961385836385831,0.039377289377289376
EMFC-864,year_month_side_activity_stratified_random_clock,1,LOW_PRESSURE_EXPANDED,100,722233,722239,2022-02-08T00:20:00Z,2022-02-11T00:20:00Z,16.39449685803833,-0.10725372241043818,0.77941849816849818,0.067078754578754576
EMFC-864,year_month_side_activity_stratified_random_clock,-1,HIGH_PRESSURE_COMPRESSED,100,722904,722910,2022-02-12T11:55:00Z,2022-02-15T11:55:00Z,16.420326795507915,0.16889213648229384,0.78846153846153844,0.88820207570207566
EMFC-864,year_month_side_activity_stratified_random_clock,-1,HIGH_PRESSURE_COMPRESSED,100,723468,723474,2022-02-15T19:45:00Z,2022-02-18T19:45:00Z,12.239957030391839,0.36015719040362282,0.015376984126984126,0.9955357142857143
EMFC-864,year_month_side_activity_stratified_random_clock,1,LOW_PRESSURE_EXPANDED,100,724208,724214,2022-02-20T21:15:00Z,2022-02-23T21:15:00Z,14.602980612921103,-0.062833944171367603,0.15083180708180707,0.1552960927960928
EMFC-864,year_month_side_activity_stratified_random_clock,1,LOW_PRESSURE_EXPANDED,100,724748,724754,2022-02-24T17:00:00Z,2022-02-27T17:00:00Z,15.375640152010229,-0.1054705096082699,0.34195665445665446,0.073889652014652016
EMFC-864,year_month_side_activity_stratified_random_clock,1,LOW_PRESSURE_EXPANDED,100,725134,725140,2022-02-27T17:05:00Z,2022-03-02T17:05:00Z,15.117299037082585,-0.23030451695499449,0.2664072039072039,0.004845848595848596
EMFC-864,year_month_side_activity_stratified_random_clock,1,LOW_PRESSURE_EXPANDED,100,726052,726058,2022-03-06T01:10:00Z,2022-03-09T01:10:00Z,14.971818319933783,-0.17079707094200058,0.22668650793650794,0.02358058608058608
EMFC-864,year_month_side_activity_stratified_random_clock,1,LOW_PRESSURE_EXPANDED,100,726592,726598,2022-03-09T22:25:00Z,2022-03-12T22:25:00Z,15.711644006383041,-0.075478461175905565,0.4741681929181929,0.14274267399267399
EMFC-864,year_month_side_activity_stratified_random_clock,-1,HIGH_PRESSURE_COMPRESSED,100,728482,728488,2022-03-22T10:00:00Z,2022-03-25T10:00:00Z,15.701407246620247,0.20046516103024412,0.48164682539682541,0.93929334554334554
EMFC-864,year_month_side_activity_stratified_random_clock,-1,HIGH_PRESSURE_COMPRESSED,100,729067,729073,2022-03-26T09:15:00Z,2022-03-29T09:15:00Z,15.823313364874537,0.2015859289754125,0.53418803418803418,0.93891178266178266
EMFC-864,year_month_side_activity_stratified_random_clock,1,LOW_PRESSURE_EXPANDED,100,729707,729713,2022-03-30T17:25:00Z,2022-04-02T17:25:00Z,16.170426491908234,-0.050598052763091435,0.69719169719169716,0.2013888888888889
EMFC-864,year_month_side_activity_stratified_random_clock,1,LOW_PRESSURE_EXPANDED,100,730267,730273,2022-04-03T20:10:00Z,2022-04-06T20:10:00Z,16.046310241105928,-0.0722741488700199,0.63923229548229543,0.14640567765567766
EMFC-864,year_month_side_activity_stratified_random_clock,1,LOW_PRESSURE_EXPANDED,100,730882,730888,2022-04-08T00:15:00Z,2022-04-11T00:15:00Z,13.837594893907802,-0.044893693890308763,0.069291819291819295,0.22237484737484736
EMFC-864,year_month_side_activity_stratified_random_clock,1,LOW_PRESSURE_EXPANDED,100,731450,731456,2022-04-12T01:00:00Z,2022-04-15T01:00:00Z,12.777998072313775,-0.065974988923532915,0.026862026862026864,0.16227869352869354
EMFC-864,year_month_side_activity_stratified_random_clock,1,LOW_PRESSURE_EXPANDED,100,732123,732129,2022-04-16T16:45:00Z,2022-04-19T16:45:00Z,13.824749744925446,-0.074659010780238011,0.070665445665445664,0.14068223443223443
EMFC-864,year_month_side_activity_stratified_random_clock,1,LOW_PRESSURE_EXPANDED,100,732584,732590,2022-04-19T22:05:00Z,2022-04-22T22:05:00Z,14.944355531796182,-0.18150177642138254,0.24149114774114774,0.017857142857142856
EMFC-864,year_month_side_activity_stratified_random_clock,-1,HIGH_PRESSURE_COMPRESSED,100,733152,733158,2022-04-23T11:50:00Z,2022-04-26T11:50:00Z,15.942688375334784,0.17809052026613872,0.61836080586080588,0.92746489621489625
EMFC-864,year_month_side_activity_stratified_random_clock,-1,HIGH_PRESSURE_COMPRESSED,100,733817,733823,2022-04-27T17:10:00Z,2022-04-30T17:10:00Z,14.917169201777121,0.21517538166503289,0.23817155067155066,0.96260683760683763
EMFC-864,year_month_side_activity_stratified_random_clock,-1,HIGH_PRESSURE_COMPRESSED,100,735350,735356,2022-05-07T19:45:00Z,2022-05-10T19:45:00Z,15.295629678015141,0.11273952556236104,0.35145757020757018,0.80711996336996339
EMFC-864,year_month_side_activity_stratified_random_clock,-1,HIGH_PRESSURE_COMPRESSED,100,736226,736232,2022-05-13T18:10:00Z,2022-05-16T18:10:00Z,16.737459091411036,0.1360679402765195,0.93170024420024422,0.85926053113553114
EMFC-864,year_month_side_activity_stratified_random_clock,1,LOW_PRESSURE_EXPANDED,100,737014,737020,2022-05-19T09:50:00Z,2022-05-22T09:50:00Z,16.440499098938353,-0.10617518372566385,0.82516788766788762,0.08608058608058608
EMFC-864,year_month_side_activity_stratified_random_clock,1,LOW_PRESSURE_EXPANDED,100,737462,737468,2022-05-22T21:40:00Z,2022-05-25T21:40:00Z,15.74440446272167,-0.15184803076458275,0.51472832722832718,0.040712759462759464
EMFC-864,year_month_side_activity_stratified_random_clock,1,LOW_PRESSURE_EXPANDED,100,738918,738924,2022-06-02T01:40:00Z,2022-06-05T01:40:00Z,14.530605612152778,-0.079781135004850137,0.15510531135531136,0.15025946275946275
EMFC-864,year_month_side_activity_stratified_random_clock,-1,HIGH_PRESSURE_COMPRESSED,100,739867,739873,2022-06-08T13:20:00Z,2022-06-11T13:20:00Z,15.124784556188535,0.12902726573623702,0.28842338217338215,0.86446886446886451
EMFC-864,year_month_side_activity_stratified_random_clock,1,LOW_PRESSURE_EXPANDED,100,740512,740518,2022-06-12T21:40:00Z,2022-06-15T21:40:00Z,15.49712977343084,-0.063006097576126227,0.41025641025641024,0.19616147741147741
EMFC-864,year_month_side_activity_stratified_random_clock,-1,HIGH_PRESSURE_COMPRESSED,100,740963,740969,2022-06-15T23:50:00Z,2022-06-18T23:50:00Z,15.717758969958741,0.12590341688915566,0.49652777777777779,0.85161019536019533
EMFC-864,year_month_side_activity_stratified_random_clock,-1,HIGH_PRESSURE_COMPRESSED,100,741351,741357,2022-06-18T23:50:00Z,2022-06-21T23:50:00Z,16.002033745806717,0.17019537699611403,0.60813492063492058,0.92437423687423692
EMFC-864,year_month_side_activity_stratified_random_clock,1,LOW_PRESSURE_EXPANDED,100,741874,741880,2022-06-22T19:15:00Z,2022-06-25T19:15:00Z,16.665815302473895,-0.087659777843466055,0.87973137973137971,0.14892399267399267
EMFC-864,year_month_side_activity_stratified_random_clock,-1,HIGH_PRESSURE_COMPRESSED,100,742679,742685,2022-06-28T11:30:00Z,2022-07-01T11:30:00Z,16.092413468905555,0.15016419199489833,0.64003357753357748,0.89518467643467647
EMFC-864,year_month_side_activity_stratified_random_clock,-1,HIGH_PRESSURE_COMPRESSED,100,743138,743144,2022-07-01T11:35:00Z,2022-07-04T11:35:00Z,16.579139258832544,0.20391298303743075,0.84504731379731379,0.95806623931623935
EMFC-864,year_month_side_activity_stratified_random_clock,1,LOW_PRESSURE_EXPANDED,100,743707,743713,2022-07-05T13:35:00Z,2022-07-08T13:35:00Z,14.96636450784459,-0.14093516692149138,0.23878205128205129,0.056204212454212456
EMFC-864,year_month_side_activity_stratified_random_clock,1,LOW_PRESSURE_EXPANDED,100,744302,744308,2022-07-09T21:15:00Z,2022-07-12T21:15:00Z,16.755304290977303,-0.18892470792752661,0.89716880341880345,0.02171092796092796
EMFC-864,year_month_side_activity_stratified_random_clock,1,LOW_PRESSURE_EXPANDED,100,744834,744840,2022-07-13T16:45:00Z,2022-07-16T16:45:00Z,14.450253961305815,-0.13883397571536504,0.13553113553113552,0.066792582417582416
EMFC-864,year_month_side_activity_stratified_random_clock,1,LOW_PRESSURE_EXPANDED,100,745337,745343,2022-07-17T11:15:00Z,2022-07-20T11:15:00Z,13.267822105715497,-0.075354813571420376,0.042582417582417584,0.20821886446886448
EMFC-864,year_month_side_activity_stratified_random_clock,1,LOW_PRESSURE_EXPANDED,100,745796,745802,2022-07-21T01:05:00Z,2022-07-24T01:05:00Z,17.192290819917741,-0.18187701355480451,0.97424450549450547,0.033749236874236872
EMFC-864,year_month_side_activity_stratified_random_clock,-1,HIGH_PRESSURE_COMPRESSED,100,746233,746239,2022-07-24T03:00:00Z,2022-07-27T03:00:00Z,14.766166773880846,0.21368839254345465,0.18051739926739926,0.97619047619047616
EMFC-864,year_month_side_activity_stratified_random_clock,-1,HIGH_PRESSURE_COMPRESSED,100,746842,746848,2022-07-27T22:45:00Z,2022-07-30T22:45:00Z,16.0449367206296,0.22903587701904748,0.58180708180708185,0.98221916971916967
EMFC-864,year_month_side_activity_stratified_random_clock,1,LOW_PRESSURE_EXPANDED,100,747266,747272,2022-07-31T01:10:00Z,2022-08-03T01:10:00Z,16.172222786223191,-0.14083383146485218,0.63274572649572647,0.077075702075702079
EMFC-864,year_month_side_activity_stratified_random_clock,-1,HIGH_PRESSURE_COMPRESSED,100,748083,748089,2022-08-05T14:30:00Z,2022-08-08T14:30:00Z,16.488812504211225,0.12989989924762002,0.76205738705738701,0.87891101953601958
EMFC-864,year_month_side_activity_stratified_random_clock,1,LOW_PRESSURE_EXPANDED,100,749347,749353,2022-08-14T06:55:00Z,2022-08-17T06:55:00Z,15.064089356445002,-0.11012415150684843,0.24641330891330893,0.12433226495726496
EMFC-864,year_month_side_activity_stratified_random_clock,1,LOW_PRESSURE_EXPANDED,100,749892,749898,2022-08-18T03:40:00Z,2022-08-21T03:40:00Z,17.09732730348572,-0.1529499592507394,0.95558608058608063,0.060592185592185592
EMFC-864,year_month_side_activity_stratified_random_clock,-1,HIGH_PRESSURE_COMPRESSED,100,750843,750849,2022-08-24T05:35:00Z,2022-08-27T05:35:00Z,14.411430171707693,0.19261434627938692,0.12427503052503053,0.96653693528693529
EMFC-864,year_month_side_activity_stratified_random_clock,-1,HIGH_PRESSURE_COMPRESSED,100,751840,751846,2022-08-30T13:40:00Z,2022-09-02T13:40:00Z,15.978956104854412,0.16316619775421332,0.54231532356532353,0.92859050671550669
EMFC-864,year_month_side_activity_stratified_random_clock,1,LOW_PRESSURE_EXPANDED,100,752335,752341,2022-09-03T01:55:00Z,2022-09-06T01:55:00Z,14.982388164627579,-0.14009522016527906,0.2293574481074481,0.066468253968253968
EMFC-864,year_month_side_activity_stratified_random_clock,1,LOW_PRESSURE_EXPANDED,100,753200,753206,2022-09-08T22:45:00Z,2022-09-11T22:45:00Z,16.293403502457043,-0.14721237968038678,0.67021520146520142,0.062156593406593408
EMFC-864,year_month_side_activity_stratified_random_clock,1,LOW_PRESSURE_EXPANDED,100,754022,754028,2022-09-14T08:25:00Z,2022-09-17T08:25:00Z,14.783229495125095,-0.070070068879240485,0.18517246642246643,0.21222527472527472
EMFC-864,year_month_side_activity_stratified_random_clock,-1,HIGH_PRESSURE_COMPRESSED,100,754491,754497,2022-09-17T15:10:00Z,2022-09-20T15:10:00Z,17.036838174732804,0.12950142861058186,0.94413919413919412,0.86200778388278387
EMFC-864,year_month_side_activity_stratified_random_clock,1,LOW_PRESSURE_EXPANDED,100,755279,755285,2022-09-23T02:40:00Z,2022-09-26T02:40:00Z,15.206790221786727,-0.10257163032989074,0.27468711843711846,0.14230387667887667
EMFC-864,year_month_side_activity_stratified_random_clock,1,LOW_PRESSURE_EXPANDED,100,755898,755904,2022-09-27T12:30:00Z,2022-09-30T12:30:00Z,14.423949162597253,-0.11167553389058911,0.12362637362637363,0.12494276556776557
EMFC-864,year_month_side_activity_stratified_random_clock,-1,HIGH_PRESSURE_COMPRESSED,100,756444,756450,2022-10-01T03:10:00Z,2022-10-04T03:10:00Z,15.743558843793322,0.19642048117345628,0.4349435286935287,0.95894383394383398
EMFC-864,year_month_side_activity_stratified_random_clock,-1,HIGH_PRESSURE_COMPRESSED,100,757162,757168,2022-10-05T09:00:00Z,2022-10-08T09:00:00Z,16.001750805610286,0.26370516307033265,0.52785409035409037,0.98668345543345548
EMFC-864,year_month_side_activity_stratified_random_clock,1,LOW_PRESSURE_EXPANDED,100,758419,758425,2022-10-13T07:00:00Z,2022-10-16T07:00:00Z,12.501614994906159,-0.053667141248935957,0.022016178266178268,0.24088064713064714
EMFC-864,year_month_side_activity_stratified_random_clock,1,LOW_PRESSURE_EXPANDED,100,760139,760145,2022-10-24T23:10:00Z,2022-10-27T23:10:00Z,14.455926041710677,-0.11655264941193991,0.12984584859584861,0.10779151404151405
EMFC-864,year_month_side_activity_stratified_random_clock,1,LOW_PRESSURE_EXPANDED,100,760595,760601,2022-10-28T06:15:00Z,2022-10-31T06:15:00Z,16.600325114194522,-0.1077027704361852,0.78056318681318682,0.12873931623931623
EMFC-864,year_month_side_activity_stratified_random_clock,-1,HIGH_PRESSURE_COMPRESSED,100,761179,761185,2022-11-01T01:10:00Z,2022-11-04T01:10:00Z,16.150400582046764,0.19313986422983387,0.56879578754578752,0.94371947496947495
EMFC-864,year_month_side_activity_stratified_random_clock,1,LOW_PRESSURE_EXPANDED,100,761788,761794,2022-11-05T10:15:00Z,2022-11-08T10:15:00Z,15.493118763660604,-0.16772949754616534,0.34561965811965811,0.04941239316239316
EMFC-864,year_month_side_activity_stratified_random_clock,-1,HIGH_PRESSURE_COMPRESSED,100,762372,762378,2022-11-09T07:10:00Z,2022-11-12T07:10:00Z,16.566374752239373,0.11569147449619158,0.76022588522588519,0.81501831501831501
EMFC-864,year_month_side_activity_stratified_random_clock,-1,HIGH_PRESSURE_COMPRESSED,100,762821,762827,2022-11-12T09:00:00Z,2022-11-15T09:00:00Z,17.176240535009519,0.21608518694676376,0.96626984126984128,0.96096611721611724
EMFC-864,year_month_side_activity_stratified_random_clock,-1,HIGH_PRESSURE_COMPRESSED,100,763305,763311,2022-11-15T20:05:00Z,2022-11-18T20:05:00Z,16.665483958445165,0.13318859424374477,0.807730463980464,0.85214438339438336
EMFC-864,year_month_side_activity_stratified_random_clock,-1,HIGH_PRESSURE_COMPRESSED,100,763942,763948,2022-11-20T05:30:00Z,2022-11-23T05:30:00Z,17.188732620679875,0.12380739572807252,0.95959249084249088,0.83186431623931623
EMFC-864,year_month_side_activity_stratified_random_clock,1,LOW_PRESSURE_EXPANDED,100,764702,764708,2022-11-25T23:10:00Z,2022-11-28T23:10:00Z,14.897360812045479,-0.16384638137687632,0.19440628815628816,0.049145299145299144
EMFC-864,year_month_side_activity_stratified_random_clock,1,LOW_PRESSURE_EXPANDED,100,765376,765382,2022-12-01T03:35:00Z,2022-12-04T03:35:00Z,15.381730065111476,-0.087675045601777635,0.30326617826617824,0.178495115995116
EMFC-864,year_month_side_activity_stratified_random_clock,-1,HIGH_PRESSURE_COMPRESSED,100,766118,766124,2022-12-06T10:30:00Z,2022-12-09T10:30:00Z,17.631066296420858,0.12643283756405363,0.99538308913308915,0.83985805860805862
EMFC-864,year_month_side_activity_stratified_random_clock,-1,HIGH_PRESSURE_COMPRESSED,100,767292,767298,2022-12-14T01:25:00Z,2022-12-17T01:25:00Z,15.265447804885122,0.2272143256846913,0.26930708180708179,0.96726190476190477
EMFC-864,year_month_side_activity_stratified_random_clock,1,LOW_PRESSURE_EXPANDED,100,767717,767723,2022-12-17T02:55:00Z,2022-12-20T02:55:00Z,14.80169295728725,-0.1572316430677157,0.17250457875457875,0.054220085470085472
EMFC-864,year_month_side_activity_stratified_random_clock,1,LOW_PRESSURE_EXPANDED,100,768669,768675,2022-12-23T23:10:00Z,2022-12-26T23:10:00Z,14.475958394941191,-0.07273917864030495,0.12400793650793651,0.21390415140415139
EMFC-864,year_month_side_activity_stratified_random_clock,1,LOW_PRESSURE_EXPANDED,100,769034,769040,2022-12-27T01:15:00Z,2022-12-30T01:15:00Z,15.540362479904715,-0.13488048219381821,0.3443986568986569,0.089571886446886448
EMFC-864,year_month_side_activity_stratified_random_clock,-1,HIGH_PRESSURE_COMPRESSED,100,769633,769639,2022-12-31T03:05:00Z,2023-01-03T03:05:00Z,16.516209202472396,0.12641392485565867,0.70230463980463975,0.83398199023199027
EMFC-864,year_month_side_activity_stratified_random_clock,-1,HIGH_PRESSURE_COMPRESSED,100,770719,770725,2023-01-07T01:35:00Z,2023-01-10T01:35:00Z,13.484332084620146,0.36915728715523394,0.047847985347985345,0.9987408424908425
EMFC-864,year_month_side_activity_stratified_random_clock,-1,HIGH_PRESSURE_COMPRESSED,100,771830,771836,2023-01-14T05:15:00Z,2023-01-17T05:15:00Z,16.315568757760314,0.18751501950530891,0.63728632478632474,0.92065399877899878
EMFC-864,year_month_side_activity_stratified_random_clock,1,LOW_PRESSURE_EXPANDED,100,772844,772850,2023-01-20T22:30:00Z,2023-01-23T22:30:00Z,15.236244992397703,-0.072832158649669923,0.27758699633699635,0.18046016483516483
EMFC-864,year_month_side_activity_stratified_random_clock,-1,HIGH_PRESSURE_COMPRESSED,100,773625,773631,2023-01-26T03:20:00Z,2023-01-29T03:20:00Z,15.736499303972961,0.19841028914353964,0.42601495726495725,0.92767475579975578
EMFC-864,year_month_side_activity_stratified_random_clock,1,LOW_PRESSURE_EXPANDED,100,774901,774907,2023-02-03T22:25:00Z,2023-02-06T22:25:00Z,15.905632609396324,-0.084463689944841117,0.4838980463980464,0.15995115995115994
EMFC-864,year_month_side_activity_stratified_random_clock,-1,HIGH_PRESSURE_COMPRESSED,100,776438,776444,2023-02-14T04:45:00Z,2023-02-17T04:45:00Z,15.963740600248755,0.13212286126120873,0.49366605616605619,0.82484355921855923
EMFC-864,year_month_side_activity_stratified_random_clock,-1,HIGH_PRESSURE_COMPRESSED,100,776944,776950,2023-02-17T06:25:00Z,2023-02-20T06:25:00Z,16.543616556926672,0.21278076427866316,0.72489316239316237,0.93853021978021978
EMFC-864,year_month_side_activity_stratified_random_clock,-1,HIGH_PRESSURE_COMPRESSED,100,777712,777718,2023-02-22T01:15:00Z,2023-02-25T01:15:00Z,14.401897910952643,0.2154234282990716,0.10618894993894994,0.9429181929181929
EMFC-864,year_month_side_activity_stratified_random_clock,1,LOW_PRESSURE_EXPANDED,100,778535,778541,2023-02-27T20:05:00Z,2023-03-02T20:05:00Z,15.656010983801883,-0.12705840463394463,0.36252289377289376,0.08627136752136752
EMFC-864,year_month_side_activity_stratified_random_clock,-1,HIGH_PRESSURE_COMPRESSED,100,779202,779208,2023-03-04T03:05:00Z,2023-03-07T03:05:00Z,17.394333236232821,0.15766796935529839,0.98046398046398042,0.86883775946275943
EMFC-864,year_month_side_activity_stratified_random_clock,-1,HIGH_PRESSURE_COMPRESSED,100,779728,779734,2023-03-07T15:10:00Z,2023-03-10T15:10:00Z,17.575840969993823,0.14175559504729296,0.9942765567765568,0.832894536019536
EMFC-864,year_month_side_activity_stratified_random_clock,-1,HIGH_PRESSURE_COMPRESSED,100,780276,780282,2023-03-11T12:10:00Z,2023-03-14T12:10:00Z,17.296781754508441,0.15059035863250114,0.9611187423687424,0.85580738705738701
EMFC-864,year_month_side_activity_stratified_random_clock,1,LOW_PRESSURE_EXPANDED,100,781094,781100,2023-03-16T22:50:00Z,2023-03-19T22:50:00Z,16.317061585049277,-0.15002790715298556,0.57955586080586086,0.054410866910866912
EMFC-864,year_month_side_activity_stratified_random_clock,-1,HIGH_PRESSURE_COMPRESSED,100,781940,781946,2023-03-22T12:05:00Z,2023-03-25T12:05:00Z,17.392572136922585,0.14313930591879875,0.96806318681318682,0.83308531746031744
EMFC-864,year_month_side_activity_stratified_random_clock,-1,HIGH_PRESSURE_COMPRESSED,100,783510,783516,2023-04-01T21:10:00Z,2023-04-04T21:10:00Z,17.444631939699338,0.13633531995725681,0.97302350427350426,0.82396596459096461
EMFC-864,year_month_side_activity_stratified_random_clock,-1,HIGH_PRESSURE_COMPRESSED,100,783985,783991,2023-04-05T03:50:00Z,2023-04-08T03:50:00Z,17.19078016787428,0.12047415346787452,0.91311813186813184,0.79225808913308915
EMFC-864,year_month_side_activity_stratified_random_clock,1,LOW_PRESSURE_EXPANDED,100,784762,784768,2023-04-10T12:50:00Z,2023-04-13T12:50:00Z,16.444236415529858,-0.10795714150509236,0.56196581196581197,0.1063034188034188
EMFC-864,year_month_side_activity_stratified_random_clock,-1,HIGH_PRESSURE_COMPRESSED,100,785496,785502,2023-04-15T11:55:00Z,2023-04-18T11:55:00Z,17.128767149047583,0.16473707403695173,0.88236416361416359,0.89459325396825395
EMFC-864,year_month_side_activity_stratified_random_clock,1,LOW_PRESSURE_EXPANDED,100,786291,786297,2023-04-21T00:30:00Z,2023-04-24T00:30:00Z,15.166517580062385,-0.09744426466085282,0.14701617826617827,0.13518772893772893
EMFC-864,year_month_side_activity_stratified_random_clock,1,LOW_PRESSURE_EXPANDED,100,787131,787137,2023-04-27T01:10:00Z,2023-04-30T01:10:00Z,15.267758610271073,-0.11094489395172688,0.16231684981684982,0.10544490231990232
EMFC-864,year_month_side_activity_stratified_random_clock,-1,HIGH_PRESSURE_COMPRESSED,100,787798,787804,2023-05-01T16:10:00Z,2023-05-04T16:10:00Z,17.634444028130893,0.15381184834823886,0.98809523809523814,0.87551510989010994
EMFC-864,year_month_side_activity_stratified_random_clock,-1,HIGH_PRESSURE_COMPRESSED,100,788516,788522,2023-05-06T16:05:00Z,2023-05-09T16:05:00Z,18.938982678329467,0.15268508766564828,0.99931318681318682,0.86916208791208793
EMFC-864,year_month_side_activity_stratified_random_clock,-1,HIGH_PRESSURE_COMPRESSED,100,788943,788949,2023-05-09T16:35:00Z,2023-05-12T16:35:00Z,19.927330879507359,0.19142284818315763,0.99606990231990233,0.92998321123321126
EMFC-864,year_month_side_activity_stratified_random_clock,-1,HIGH_PRESSURE_COMPRESSED,100,789705,789711,2023-05-14T16:50:00Z,2023-05-17T16:50:00Z,18.74901841308105,0.11718946185617245,0.97023809523809523,0.78769841269841268
EMFC-864,year_month_side_activity_stratified_random_clock,-1,HIGH_PRESSURE_COMPRESSED,100,790182,790188,2023-05-17T17:50:00Z,2023-05-20T17:50:00Z,17.774441309304759,0.13840036973602646,0.92784645909645913,0.83367673992673996
EMFC-864,year_month_side_activity_stratified_random_clock,-1,HIGH_PRESSURE_COMPRESSED,100,790683,790689,2023-05-21T05:45:00Z,2023-05-24T05:45:00Z,18.017842243288694,0.16061877515072115,0.93055555555555558,0.8778807997557998
EMFC-864,year_month_side_activity_stratified_random_clock,-1,HIGH_PRESSURE_COMPRESSED,100,791380,791386,2023-05-25T23:10:00Z,2023-05-28T23:10:00Z,18.320330080225578,0.12558211960135374,0.94616147741147738,0.79828678266178266
EMFC-864,year_month_side_activity_stratified_random_clock,-1,HIGH_PRESSURE_COMPRESSED,100,791996,792002,2023-05-29T23:10:00Z,2023-06-01T23:10:00Z,17.383595502733343,0.22220649049286958,0.83058608058608063,0.95821886446886451
EMFC-864,year_month_side_activity_stratified_random_clock,-1,HIGH_PRESSURE_COMPRESSED,100,792486,792492,2023-06-02T07:20:00Z,2023-06-05T07:20:00Z,17.867603249713902,0.12322280440674814,0.89964896214896217,0.79067460317460314
EMFC-864,year_month_side_activity_stratified_random_clock,-1,HIGH_PRESSURE_COMPRESSED,100,793090,793096,2023-06-06T10:20:00Z,2023-06-09T10:20:00Z,17.923104689032233,0.13713788821863429,0.90453296703296704,0.83033806471306471
EMFC-864,year_month_side_activity_stratified_random_clock,-1,HIGH_PRESSURE_COMPRESSED,100,793539,793545,2023-06-09T11:25:00Z,2023-06-12T11:25:00Z,17.14608248620252,0.16202885352619215,0.71497252747252749,0.88112408424908428
EMFC-864,year_month_side_activity_stratified_random_clock,1,LOW_PRESSURE_EXPANDED,100,797470,797476,2023-07-06T22:15:00Z,2023-07-09T22:15:00Z,15.956484897179401,-0.15140405415915309,0.18658424908424909,0.049202533577533576
EMFC-864,year_month_side_activity_stratified_random_clock,1,LOW_PRESSURE_EXPANDED,100,798328,798334,2023-07-12T04:35:00Z,2023-07-15T04:35:00Z,15.560963576052503,-0.09191046793342196,0.10771520146520147,0.13301282051282051
EMFC-864,year_month_side_activity_stratified_random_clock,1,LOW_PRESSURE_EXPANDED,100,798799,798805,2023-07-15T17:25:00Z,2023-07-18T17:25:00Z,16.439964344449649,-0.13941405578267807,0.32726648351648352,0.063644688644688641
EMFC-864,year_month_side_activity_stratified_random_clock,1,LOW_PRESSURE_EXPANDED,100,799651,799657,2023-07-21T18:15:00Z,2023-07-24T18:15:00Z,17.379931422534817,-0.19261561294525134,0.76686507936507942,0.026633089133089132
EMFC-864,year_month_side_activity_stratified_random_clock,1,LOW_PRESSURE_EXPANDED,100,800263,800269,2023-07-26T02:30:00Z,2023-07-29T02:30:00Z,16.243914755193263,-0.057325066619269352,0.24668040293040294,0.22706807081807082
EMFC-864,year_month_side_activity_stratified_random_clock,1,LOW_PRESSURE_EXPANDED,100,800806,800812,2023-07-30T00:05:00Z,2023-08-02T00:05:00Z,15.95376402068724,-0.053935633665638236,0.15270146520146521,0.23634004884004883
EMFC-864,year_month_side_activity_stratified_random_clock,1,LOW_PRESSURE_EXPANDED,100,801714,801720,2023-08-05T05:35:00Z,2023-08-08T05:35:00Z,16.352607299896484,-0.16177865556262522,0.28235653235653235,0.04677960927960928
EMFC-864,year_month_side_activity_stratified_random_clock,1,LOW_PRESSURE_EXPANDED,100,802287,802293,2023-08-09T03:45:00Z,2023-08-12T03:45:00Z,15.870059073222228,-0.16805358499624976,0.12675518925518925,0.0438034188034188
EMFC-864,year_month_side_activity_stratified_random_clock,1,LOW_PRESSURE_EXPANDED,100,802956,802962,2023-08-13T15:15:00Z,2023-08-16T15:15:00Z,16.533426135816104,-0.15021437129145199,0.36298076923076922,0.058684371184371184
EMFC-864,year_month_side_activity_stratified_random_clock,1,LOW_PRESSURE_EXPANDED,100,803803,803809,2023-08-19T00:35:00Z,2023-08-22T00:35:00Z,15.858907477370119,-0.09013011976278261,0.11981074481074482,0.16073336385836387
EMFC-864,year_month_side_activity_stratified_random_clock,1,LOW_PRESSURE_EXPANDED,100,804742,804748,2023-08-25T08:00:00Z,2023-08-28T08:00:00Z,16.160965275652298,-0.10234597649695498,0.21897893772893773,0.12860576923076922
EMFC-864,year_month_side_activity_stratified_random_clock,1,LOW_PRESSURE_EXPANDED,100,805137,805143,2023-08-28T11:00:00Z,2023-08-31T11:00:00Z,15.902738829222921,-0.13022384538251552,0.13041819291819293,0.083676739926739921
EMFC-864,year_month_side_activity_stratified_random_clock,1,LOW_PRESSURE_EXPANDED,100,810666,810672,2023-10-05T02:35:00Z,2023-10-08T02:35:00Z,17.076330192682551,-0.098109288943633507,0.64259004884004889,0.15239621489621491
EMFC-864,year_month_side_activity_stratified_random_clock,1,LOW_PRESSURE_EXPANDED,100,812984,812990,2023-10-20T07:00:00Z,2023-10-23T07:00:00Z,16.911965428639817,-0.12085977910475015,0.5644078144078144,0.099530677655677649
EMFC-864,year_month_side_activity_stratified_random_clock,1,LOW_PRESSURE_EXPANDED,100,813656,813662,2023-10-24T21:00:00Z,2023-10-27T21:00:00Z,16.686271326867132,-0.16637564944982722,0.45554792429792429,0.045425061050061048
EMFC-864,year_month_side_activity_stratified_random_clock,1,LOW_PRESSURE_EXPANDED,100,814446,814452,2023-10-30T04:35:00Z,2023-11-02T04:35:00Z,15.878114387639407,-0.13848576608965416,0.120497557997558,0.073031135531135535
EMFC-864,year_month_side_activity_stratified_random_clock,1,LOW_PRESSURE_EXPANDED,100,814946,814952,2023-11-02T11:50:00Z,2023-11-05T11:50:00Z,16.180724474784185,-0.10460022671141757,0.23889652014652016,0.118379884004884
EMFC-864,year_month_side_activity_stratified_random_clock,-1,HIGH_PRESSURE_COMPRESSED,100,815435,815441,2023-11-05T15:35:00Z,2023-11-08T15:35:00Z,17.782320927402921,0.13704231059519473,0.90949328449328448,0.83352411477411481
EMFC-864,year_month_side_activity_stratified_random_clock,-1,HIGH_PRESSURE_COMPRESSED,100,815863,815869,2023-11-08T16:10:00Z,2023-11-11T16:10:00Z,18.417985896109478,0.14456345119135269,0.98992673992673996,0.84832875457875456
EMFC-864,year_month_side_activity_stratified_random_clock,-1,HIGH_PRESSURE_COMPRESSED,100,816323,816329,2023-11-11T19:45:00Z,2023-11-14T19:45:00Z,17.558327690747678,0.14304315299711817,0.86126373626373631,0.84607753357753357
EMFC-864,year_month_side_activity_stratified_random_clock,-1,HIGH_PRESSURE_COMPRESSED,100,817428,817434,2023-11-19T07:25:00Z,2023-11-22T07:25:00Z,19.330718651602812,0.14805540492633532,0.99561202686202688,0.85920329670329665
EMFC-864,year_month_side_activity_stratified_random_clock,-1,HIGH_PRESSURE_COMPRESSED,100,818119,818125,2023-11-23T17:55:00Z,2023-11-26T17:55:00Z,18.411686284808237,0.11231053712914371,0.95337301587301593,0.77035637973137971
EMFC-864,year_month_side_activity_stratified_random_clock,1,LOW_PRESSURE_EXPANDED,100,819056,819062,2023-11-30T04:15:00Z,2023-12-03T04:15:00Z,17.489490792903208,-0.11514251551244369,0.81028693528693529,0.098366910866910864
EMFC-864,year_month_side_activity_stratified_random_clock,-1,HIGH_PRESSURE_COMPRESSED,100,819602,819608,2023-12-03T20:10:00Z,2023-12-06T20:10:00Z,18.273804208272068,0.11870846373288432,0.93841575091575091,0.78987332112332109
EMFC-864,year_month_side_activity_stratified_random_clock,1,LOW_PRESSURE_EXPANDED,100,820103,820109,2023-12-07T07:55:00Z,2023-12-10T07:55:00Z,19.045564517258764,-0.054930006858461139,0.98229548229548225,0.24198717948717949
EMFC-864,year_month_side_activity_stratified_random_clock,-1,HIGH_PRESSURE_COMPRESSED,100,821347,821353,2023-12-15T21:45:00Z,2023-12-18T21:45:00Z,19.596917316725314,0.14879007358516227,0.99683302808302809,0.86252289377289382
EMFC-864,year_month_side_activity_stratified_random_clock,-1,HIGH_PRESSURE_COMPRESSED,100,821846,821852,2023-12-19T02:00:00Z,2023-12-22T02:00:00Z,19.467420493309987,0.12117001500070729,0.98454670329670335,0.7968559218559218
EMFC-864,year_month_side_activity_stratified_random_clock,-1,HIGH_PRESSURE_COMPRESSED,100,822476,822482,2023-12-23T02:45:00Z,2023-12-26T02:45:00Z,18.931067907608771,0.11711450917002048,0.92727411477411481,0.7802960927960928
EMFC-864,year_month_side_activity_stratified_random_clock,-1,HIGH_PRESSURE_COMPRESSED,100,823006,823012,2023-12-26T12:50:00Z,2023-12-29T12:50:00Z,19.111651888662671,0.11717072315794926,0.94127747252747251,0.77464896214896217
EMFC-864,year_month_side_activity_stratified_random_clock,-1,HIGH_PRESSURE_COMPRESSED,100,823459,823465,2023-12-29T23:00:00Z,2024-01-01T23:00:00Z,18.235553912051003,0.11234783316644407,0.81421703296703296,0.76554868742368742
