{
  "as_of": "2026-07-13",
  "candidate_manifest_rank": 7,
  "candidate_spec": {
    "feature": "oi_logchg288",
    "tail": 0.3,
    "lower": -0.01575477998703718,
    "upper": 0.02278394401073455,
    "gate_mode": "outer",
    "target_component": "all"
  },
  "manifest_internal_sha256": "e3579c1a9b979f7dc55309f15a2a55298833bffc280f9d3716411bcf6197e74b",
  "manifest_file_sha256": "cf25494be430e4907184c612bf7b6388d123b652ab6a3d8b8f63965460359c5c",
  "immutable_replay": {
    "manifest_sha_match": true,
    "selected_exact_match": true,
    "manifest_file_sha_before_after_match": true
  },
  "feature_admission": {
    "availability_column": "oi_available",
    "fit_observations": 179615,
    "pair_counts": {
      "btc_funding_rate": 179615,
      "btc_premium_index_change": 179615,
      "btc_trend_96": 179615,
      "btc_daily_mom4": 179615,
      "btc_lr_impact_72": 179615
    },
    "spearman": {
      "btc_funding_rate": 0.05456964703069375,
      "btc_premium_index_change": 0.004269251490396932,
      "btc_trend_96": 0.02503108923229293,
      "btc_daily_mom4": -0.020501733395761643,
      "btc_lr_impact_72": 0.006933138868130753
    },
    "max_abs_spearman": 0.05456964703069375,
    "passes": true
  },
  "stats": {
    "fit": {
      "return_pct": 6.246744422923367,
      "cagr_pct": 3.5986958033466188,
      "strict_mdd_pct": 17.909969458160614,
      "ratio": 0.2009325483079976,
      "trades": 90,
      "longs": 90,
      "shorts": 0,
      "win_rate": 0.4222222222222222,
      "mean_trade_return_pct": 0.10067764592410866,
      "p_value_mean_return_approx": 0.714443530700593,
      "effect_size_d": 0.0385687049003428
    },
    "select_2023": {
      "return_pct": 25.61292588972137,
      "cagr_pct": 25.632546696285075,
      "strict_mdd_pct": 10.20326224463246,
      "ratio": 2.5121913052631144,
      "trades": 31,
      "longs": 31,
      "shorts": 0,
      "win_rate": 0.6451612903225806,
      "mean_trade_return_pct": 0.7604550574567451,
      "p_value_mean_return_approx": 0.052809388837172344,
      "effect_size_d": 0.34780141609130594
    },
    "select_2023_h1": {
      "return_pct": 24.631718989411233,
      "cagr_pct": 55.94600661198636,
      "strict_mdd_pct": 10.20326224463246,
      "ratio": 5.483148944977611,
      "trades": 16,
      "longs": 16,
      "shorts": 0,
      "win_rate": 0.8125,
      "mean_trade_return_pct": 1.4216784194149095,
      "p_value_mean_return_approx": 0.04470035899414926,
      "effect_size_d": 0.5018658146828799
    },
    "select_2023_h2": {
      "return_pct": 0.7872850573404477,
      "cagr_pct": 1.568863305001944,
      "strict_mdd_pct": 4.26765813366905,
      "ratio": 0.36761691210095576,
      "trades": 15,
      "longs": 15,
      "shorts": 0,
      "win_rate": 0.4666666666666667,
      "mean_trade_return_pct": 0.05515013803470525,
      "p_value_mean_return_approx": 0.7851111801918491,
      "effect_size_d": 0.07040165293293588
    },
    "test_2024": {
      "return_pct": 21.033263557971193,
      "cagr_pct": 20.985927176998697,
      "strict_mdd_pct": 6.784478890259027,
      "ratio": 3.0932260998158205,
      "trades": 22,
      "longs": 22,
      "shorts": 0,
      "win_rate": 0.6818181818181818,
      "mean_trade_return_pct": 0.8860764467338932,
      "p_value_mean_return_approx": 0.017973816671548182,
      "effect_size_d": 0.5044663841948092
    },
    "eval_2025": {
      "return_pct": 17.202025622262475,
      "cagr_pct": 17.21476834050495,
      "strict_mdd_pct": 6.5609538178606375,
      "ratio": 2.6238209898142912,
      "trades": 19,
      "longs": 19,
      "shorts": 0,
      "win_rate": 0.5789473684210527,
      "mean_trade_return_pct": 0.8539832647439358,
      "p_value_mean_return_approx": 0.038101473760562055,
      "effect_size_d": 0.4757534982054173
    },
    "holdout_2026": {
      "return_pct": 11.873002507011755,
      "cagr_pct": 30.943805498314102,
      "strict_mdd_pct": 6.15601341433597,
      "ratio": 5.02659812700423,
      "trades": 20,
      "longs": 20,
      "shorts": 0,
      "win_rate": 0.6,
      "mean_trade_return_pct": 0.5724603298206921,
      "p_value_mean_return_approx": 0.07711504527208701,
      "effect_size_d": 0.3952644222025443
    },
    "oos_2024_2026": {
      "return_pct": 58.69569864651751,
      "cagr_pct": 21.04952972527525,
      "strict_mdd_pct": 6.784478890259027,
      "ratio": 3.102600813674518,
      "trades": 61,
      "longs": 61,
      "shorts": 0,
      "win_rate": 0.6229508196721312,
      "mean_trade_return_pct": 0.7732552533556452,
      "p_value_mean_return_approx": 0.0002575755493325893,
      "effect_size_d": 0.46792456391216714
    }
  },
  "quarterly_stats": {
    "2024Q1": {
      "return_pct": 10.002802633680696,
      "cagr_pct": 46.61679899851261,
      "strict_mdd_pct": 5.025204970905495,
      "ratio": 9.276596530571506,
      "trades": 4,
      "longs": 4,
      "shorts": 0,
      "win_rate": 1.0,
      "mean_trade_return_pct": 2.420892004399622,
      "p_value_mean_return_approx": 0.0018778827145031762,
      "effect_size_d": 1.5544476342782878
    },
    "2024Q2": {
      "return_pct": 2.9871937844744068,
      "cagr_pct": 12.540409737357239,
      "strict_mdd_pct": 4.6067793113024,
      "ratio": 2.7221642040872784,
      "trades": 2,
      "longs": 2,
      "shorts": 0,
      "win_rate": 1.0,
      "mean_trade_return_pct": 1.4833648609598682,
      "p_value_mean_return_approx": 0.00015658124597228706,
      "effect_size_d": 2.673141251795412
    },
    "2024Q3": {
      "return_pct": 3.4606979328548393,
      "cagr_pct": 14.461638645385833,
      "strict_mdd_pct": 4.219800014588227,
      "ratio": 3.427090998481125,
      "trades": 11,
      "longs": 11,
      "shorts": 0,
      "win_rate": 0.5454545454545454,
      "mean_trade_return_pct": 0.31909840688334673,
      "p_value_mean_return_approx": 0.46058894535248784,
      "effect_size_d": 0.22247841109145775
    },
    "2024Q4": {
      "return_pct": 3.2624358318991575,
      "cagr_pct": 13.593297196380982,
      "strict_mdd_pct": 6.784478890259016,
      "ratio": 2.003587514421763,
      "trades": 5,
      "longs": 5,
      "shorts": 0,
      "win_rate": 0.6,
      "mean_trade_return_pct": 0.6666603225821155,
      "p_value_mean_return_approx": 0.5316468126928009,
      "effect_size_d": 0.2797294700706294
    },
    "2025Q1": {
      "return_pct": 7.026893867583417,
      "cagr_pct": 31.732249040203907,
      "strict_mdd_pct": 6.5609538178606375,
      "ratio": 4.836529858481918,
      "trades": 3,
      "longs": 3,
      "shorts": 0,
      "win_rate": 0.6666666666666666,
      "mean_trade_return_pct": 2.317725397285382,
      "p_value_mean_return_approx": 0.17048734049723047,
      "effect_size_d": 0.7913391262189716
    },
    "2025Q2": {
      "return_pct": 12.119380426035665,
      "cagr_pct": 58.27239847457291,
      "strict_mdd_pct": 4.862510781913376,
      "ratio": 11.984014244518134,
      "trades": 11,
      "longs": 11,
      "shorts": 0,
      "win_rate": 0.7272727272727273,
      "mean_trade_return_pct": 1.053830720122488,
      "p_value_mean_return_approx": 0.010931545646669871,
      "effect_size_d": 0.7673100376920411
    },
    "2025Q3": {
      "return_pct": 0.0,
      "cagr_pct": 0.0,
      "strict_mdd_pct": 0.0,
      "ratio": 0.0,
      "trades": 0,
      "longs": 0,
      "shorts": 0,
      "win_rate": 0.0,
      "mean_trade_return_pct": 0.0,
      "p_value_mean_return_approx": 1.0,
      "effect_size_d": 0.0
    },
    "2025Q4": {
      "return_pct": -2.329928188289765,
      "cagr_pct": -8.934878778424194,
      "strict_mdd_pct": 6.188573643073935,
      "ratio": -1.4437702924362612,
      "trades": 5,
      "longs": 5,
      "shorts": 0,
      "win_rate": 0.2,
      "mean_trade_return_pct": -0.46392641661374917,
      "p_value_mean_return_approx": 0.4131282940976275,
      "effect_size_d": -0.36600001994222514
    },
    "2026Q1": {
      "return_pct": 7.911599386187951,
      "cagr_pct": 36.20764737933169,