{
  "experiment": "multiasset_feature_model_rolling_spread_threshold",
  "protocol": "365d monthly rolling train fixed; score-spread abstention thresholds compared on eval for diagnosis only",
  "rows": [
    {
      "min_score_spread": 0.004,
      "eval": {
        "ret_pct": 1.987376356297199,
        "cagr_pct": 1.402712677352036,
        "strict_mdd_pct": 15.360047234191597,
        "cagr_to_strict_mdd": 0.0913221591031039,
        "rebalance_count": 1548,
        "avg_turnover_per_rebalance": 0.3210594315245478
      },
      "eval_stats": {
        "rebalance_obs": 1548,
        "rebalance_mean_ret_pct": 0.018154946795490536,
        "rebalance_t_stat_like": 1.7552425592188154,
        "rebalance_p_value_mean_ret_approx": 0.07921782701986602
      }
    },
    {
      "min_score_spread": 0.002,
      "eval": {
        "ret_pct": 1.1480712156389794,
        "cagr_pct": 0.8113046960438686,
        "strict_mdd_pct": 14.738425998723493,
        "cagr_to_strict_mdd": 0.05504690230246678,
        "rebalance_count": 1548,
        "avg_turnover_per_rebalance": 0.39179586563307495
      },
      "eval_stats": {
        "rebalance_obs": 1548,
        "rebalance_mean_ret_pct": 0.02127583798729376,
        "rebalance_t_stat_like": 1.9262360220304764,
        "rebalance_p_value_mean_ret_approx": 0.054074909865005294
      }
    },
    {
      "min_score_spread": 0.001,
      "eval": {
        "ret_pct": -0.7236790558079687,
        "cagr_pct": -0.5127985876851926,
        "strict_mdd_pct": 14.738425998723493,
        "cagr_to_strict_mdd": -0.034793307489524763,
        "rebalance_count": 1548,
        "avg_turnover_per_rebalance": 0.4001937984496124
      },
      "eval_stats": {
        "rebalance_obs": 1548,
        "rebalance_mean_ret_pct": 0.020508512511160447,
        "rebalance_t_stat_like": 1.8379632525961234,
        "rebalance_p_value_mean_ret_approx": 0.066067820391714
      }
    },
    {
      "min_score_spread": 0.0005,
      "eval": {
        "ret_pct": -1.0604170796453927,
        "cagr_pct": -0.7517830502886125,
        "strict_mdd_pct": 14.738425998723493,
        "cagr_to_strict_mdd": -0.05100836753895735,
        "rebalance_count": 1548,
        "avg_turnover_per_rebalance": 0.4005167958656331
      },
      "eval_stats": {
        "rebalance_obs": 1548,
        "rebalance_mean_ret_pct": 0.02030606498490715,
        "rebalance_t_stat_like": 1.8189501373602084,
        "rebalance_p_value_mean_ret_approx": 0.06891903766166418
      }
    },
    {
      "min_score_spread": 0.0,
      "eval": {
        "ret_pct": -1.4990116198980497,
        "cagr_pct": -1.063412185681778,
        "strict_mdd_pct": 14.81569736349504,
        "cagr_to_strict_mdd": -0.07177604668828885,
        "rebalance_count": 1548,
        "avg_turnover_per_rebalance": 0.40148578811369506
      },
      "eval_stats": {
        "rebalance_obs": 1548,
        "rebalance_mean_ret_pct": 0.020067985646692894,
        "rebalance_t_stat_like": 1.7971700815761626,
        "rebalance_p_value_mean_ret_approx": 0.07230862265854521
      }
    },
    {
      "min_score_spread": 0.00025,
      "eval": {
        "ret_pct": -1.4990116198980497,
        "cagr_pct": -1.063412185681778,
        "strict_mdd_pct": 14.81569736349504,
        "cagr_to_strict_mdd": -0.07177604668828885,
        "rebalance_count": 1548,
        "avg_turnover_per_rebalance": 0.40148578811369506
      },
      "eval_stats": {
        "rebalance_obs": 1548,
        "rebalance_mean_ret_pct": 0.020067985646692894,
        "rebalance_t_stat_like": 1.7971700815761626,
        "rebalance_p_value_mean_ret_approx": 0.07230862265854521
      }
    }
  ],
  "best_diagnostic": {
    "params": {
      "horizon": 288,
      "stride": 96,
      "target": "excess",
      "l2": 100.0,
      "top_k": 2,
      "portfolio": "long_short",
      "regime_filter": "market_mom_pos",
      "min_score_spread": 0.004
    },
    "eval": {
      "ret_pct": 1.987376356297199,
      "cagr_pct": 1.402712677352036,
      "strict_mdd_pct": 15.360047234191597,
      "cagr_to_strict_mdd": 0.0913221591031039,
      "rebalance_count": 1548,
      "avg_turnover_per_rebalance": 0.3210594315245478
    },
    "eval_stats": {
      "rebalance_obs": 1548,
      "rebalance_mean_ret_pct": 0.018154946795490536,
      "rebalance_t_stat_like": 1.7552425592188154,
      "rebalance_p_value_mean_ret_approx": 0.07921782701986602
    }
  },
  "conclusion": "Abstention turns rolling model slightly positive but far below target; evidence points to weak direction/utility target rather than merely overtrading.",
  "leakage_guard": "monthly models fit only on data before each eval month; hyperparams fixed from prior validation; selected_by_eval is diagnostic only and must not be treated as deployable selection"
}