{
  "rows": 14,
  "policy_counts": {
    "excess_spread": 1,
    "utility1_pos": 5,
    "cash": 2,
    "utility3_pos": 6
  },
  "chars": {
    "min": 1477,
    "max": 1503,
    "mean": 1492.2857142857142
  },
  "source_bandit_sim": {
    "ret_pct": 14.504498920640717,
    "cagr_pct": 10.062018670971206,
    "strict_mdd_pct": 15.421653395910074,
    "cagr_to_strict_mdd": 0.6524604342125677,
    "months": 17,
    "month_t_stat_like": 1.2675651776189756,
    "month_p_value_mean_ret_approx": 0.20495327404785613
  },
  "leakage_guard": "SFT labels are bandit decisions from trailing evidence only; not future oracle labels"
}