{
  "phase": "oos_replay",
  "oos_opened": true,
  "opened_at": "2026-07-15T09:21:28.417987+00:00",
  "manifest_freeze_hash": "9045f3fc1f8a92ea5e933e222817114633f58c54710e25e0fe396c8d47f6689c",
  "spec": {
    "width": 1.5,
    "clock": 144,
    "dominance": 2.0,
    "quantile": 0.7,
    "mode": "one_plus_nonoppose",
    "priority": "adverse",
    "support": "time48",
    "neutral": "time24",
    "adverse": "tp4_48"
  },
  "oos_passed": false,
  "oos_stats": {
    "test_2024": {
      "absolute_return_pct": 17.91217112988872,
      "cagr_pct": 17.872365615422623,
      "strict_mdd_pct": 5.29167474176292,
      "cagr_to_strict_mdd": 3.377449765453356,
      "trades": 20,
      "mean_net_bps": 83.39109358429509,
      "win_rate": 0.8
    },
    "eval_2025": {
      "absolute_return_pct": 4.031731415775908,
      "cagr_pct": 4.034547847702852,
      "strict_mdd_pct": 5.109620330731368,
      "cagr_to_strict_mdd": 0.7895983628054346,
      "trades": 12,
      "mean_net_bps": 33.488489175339716,
      "win_rate": 0.5
    },
    "holdout_2026": {
      "absolute_return_pct": 8.483137717437916,
      "cagr_pct": 21.611336716167017,
      "strict_mdd_pct": 5.107444349500556,
      "cagr_to_strict_mdd": 4.231340615249256,
      "trades": 21,
      "mean_net_bps": 39.88224844270876,
      "win_rate": 0.6190476190476191
    },
    "oos_2024_2026": {
      "absolute_return_pct": 33.07200509647934,
      "cagr_pct": 12.545477788048975,
      "strict_mdd_pct": 7.044200553051905,
      "cagr_to_strict_mdd": 1.7809654471881324,
      "trades": 53,
      "mean_net_bps": 54.85303696390294,
      "win_rate": 0.660377358490566
    }
  },
  "oos_schedule_hashes": {
    "test_2024": "63d4f710d4cd311e415b712db989919af545d36e659c19c351eeeb2f2417d660",
    "eval_2025": "643c5a145fe191dd4d53bf2440ee3bb67499a7eca5e96844c964a211bc0c6c31",
    "holdout_2026": "d5c98c560c018800c158e59b414e8d47cdc175b09f8033d6c57037babf87dc59",
    "oos_2024_2026": "bc5fd5f3776663373017f46ba704bf4c3cfe81824814d1304e711b562b9ce2e3"
  }
}