clock_name,candidate_id,source_day,decision_time,entry_time,exit_time,state,side,common_z,z_eur,z_try,z_brl,contributors,reserved,suppressed_by_overlap,accepted_split
brl_only,brl_only|2021-05-05T00:00:00+00:00,2021-05-05T00:00:00+0000,2021-05-06T00:00:00+0000,2021-05-06T00:05:00+0000,2021-05-08T00:05:00+0000,-1,1,-2.1494031619,-0.714026106796,-2.1494031619,-2.6911774907,TRY+BRL,True,False,train
brl_only,brl_only|2021-05-11T00:00:00+00:00,2021-05-11T00:00:00+0000,2021-05-12T00:00:00+0000,2021-05-12T00:05:00+0000,2021-05-14T00:05:00+0000,-1,1,-1.4068555468,-0.684118958468,-1.43158095089,-1.4068555468,TRY+BRL,True,False,train
brl_only,brl_only|2021-05-12T00:00:00+00:00,2021-05-12T00:00:00+0000,2021-05-13T00:00:00+0000,2021-05-13T00:05:00+0000,2021-05-15T00:05:00+0000,1,-1,2.2858837347,2.25864017971,3.11870079886,2.2858837347,EUR+TRY+BRL,False,True,
brl_only,brl_only|2021-05-19T00:00:00+00:00,2021-05-19T00:00:00+0000,2021-05-20T00:00:00+0000,2021-05-20T00:05:00+0000,2021-05-22T00:05:00+0000,1,-1,1.72868233852,1.4042146308,1.72868233852,2.5968467031,EUR+TRY+BRL,True,False,train
brl_only,brl_only|2021-05-20T00:00:00+00:00,2021-05-20T00:00:00+0000,2021-05-21T00:00:00+0000,2021-05-21T00:05:00+0000,2021-05-23T00:05:00+0000,-1,1,-1.47267829796,-0.635543549454,-1.80386866298,-1.47267829796,TRY+BRL,False,True,
brl_only,brl_only|2021-05-21T00:00:00+00:00,2021-05-21T00:00:00+0000,2021-05-22T00:00:00+0000,2021-05-22T00:05:00+0000,2021-05-24T00:05:00+0000,1,-1,0.878963732337,0.878963732337,0.677787084735,1.56865781752,BRL,True,False,train
brl_only,brl_only|2021-05-24T00:00:00+00:00,2021-05-24T00:00:00+0000,2021-05-25T00:00:00+0000,2021-05-25T00:05:00+0000,2021-05-27T00:05:00+0000,-1,1,-0.856684393781,-0.524027749231,-0.856684393781,-1.91859173224,BRL,True,False,train
brl_only,brl_only|2021-05-27T00:00:00+00:00,2021-05-27T00:00:00+0000,2021-05-28T00:00:00+0000,2021-05-28T00:05:00+0000,2021-05-30T00:05:00+0000,-1,1,-0.627757935808,-0.627757935808,0.257239513166,-1.86136611578,BRL,True,False,train
brl_only,brl_only|2021-06-01T00:00:00+00:00,2021-06-01T00:00:00+0000,2021-06-02T00:00:00+0000,2021-06-02T00:05:00+0000,2021-06-04T00:05:00+0000,-1,1,0.499974027141,0.499974027141,0.845283634272,-1.44787912829,BRL,True,False,train
brl_only,brl_only|2021-06-11T00:00:00+00:00,2021-06-11T00:00:00+0000,2021-06-12T00:00:00+0000,2021-06-12T00:05:00+0000,2021-06-14T00:05:00+0000,1,-1,1.22477530233,1.86265183617,-0.119165947477,1.22477530233,EUR+BRL,True,False,train
brl_only,brl_only|2021-06-13T00:00:00+00:00,2021-06-13T00:00:00+0000,2021-06-14T00:00:00+0000,2021-06-14T00:05:00+0000,2021-06-16T00:05:00+0000,-1,1,-1.10894835335,-1.10894835335,-0.584981977885,-1.27816110069,EUR+BRL,True,False,train
brl_only,brl_only|2021-06-17T00:00:00+00:00,2021-06-17T00:00:00+0000,2021-06-18T00:00:00+0000,2021-06-18T00:05:00+0000,2021-06-20T00:05:00+0000,-1,1,0.496674960489,2.40775739008,0.496674960489,-1.5513178079,BRL,True,False,train
brl_only,brl_only|2021-06-18T00:00:00+00:00,2021-06-18T00:00:00+0000,2021-06-19T00:00:00+0000,2021-06-19T00:05:00+0000,2021-06-21T00:05:00+0000,1,-1,1.91271799112,1.91271799112,0.542122850061,2.37215798282,EUR+BRL,False,True,
brl_only,brl_only|2021-06-21T00:00:00+00:00,2021-06-21T00:00:00+0000,2021-06-22T00:00:00+0000,2021-06-22T00:05:00+0000,2021-06-24T00:05:00+0000,-1,1,-0.780585579037,-0.780585579037,0.653970610058,-1.42441504256,BRL,True,False,train
brl_only,brl_only|2021-06-24T00:00:00+00:00,2021-06-24T00:00:00+0000,2021-06-25T00:00:00+0000,2021-06-25T00:05:00+0000,2021-06-27T00:05:00+0000,-1,1,-0.165641578632,-0.165641578632,-0.0329969480038,-1.47109831426,BRL,True,False,train
brl_only,brl_only|2021-06-25T00:00:00+00:00,2021-06-25T00:00:00+0000,2021-06-26T00:00:00+0000,2021-06-26T00:05:00+0000,2021-06-28T00:05:00+0000,1,-1,1.31192673922,0.583722443781,1.3933308871,1.31192673922,TRY+BRL,False,True,
brl_only,brl_only|2021-07-01T00:00:00+00:00,2021-07-01T00:00:00+0000,2021-07-02T00:00:00+0000,2021-07-02T00:05:00+0000,2021-07-04T00:05:00+0000,1,-1,0.483506002828,0.483506002828,0.267048957565,1.64700376271,BRL,True,False,train
brl_only,brl_only|2021-07-05T00:00:00+00:00,2021-07-05T00:00:00+0000,2021-07-06T00:00:00+0000,2021-07-06T00:05:00+0000,2021-07-08T00:05:00+0000,1,-1,0.513917863728,0.513917863728,0.312738287778,1.91970781471,BRL,True,False,train
brl_only,brl_only|2021-07-14T00:00:00+00:00,2021-07-14T00:00:00+0000,2021-07-15T00:00:00+0000,2021-07-15T00:05:00+0000,2021-07-17T00:05:00+0000,-1,1,-0.149370450127,1.37239006177,-0.149370450127,-2.08260803307,BRL,True,False,train
brl_only,brl_only|2021-07-19T00:00:00+00:00,2021-07-19T00:00:00+0000,2021-07-20T00:00:00+0000,2021-07-20T00:05:00+0000,2021-07-22T00:05:00+0000,1,-1,0.831545146342,0.737702066697,0.831545146342,2.69968179307,BRL,True,False,train
brl_only,brl_only|2021-07-28T00:00:00+00:00,2021-07-28T00:00:00+0000,2021-07-29T00:00:00+0000,2021-07-29T00:05:00+0000,2021-07-31T00:05:00+0000,-1,1,-0.040530970657,-0.0279359899358,-0.040530970657,-1.05003785981,BRL,True,False,train
brl_only,brl_only|2021-07-30T00:00:00+00:00,2021-07-30T00:00:00+0000,2021-07-31T00:00:00+0000,2021-07-31T00:05:00+0000,2021-08-02T00:05:00+0000,1,-1,-0.673703294514,-1.29095313828,-0.673703294514,2.55666929957,BRL,True,False,train
brl_only,brl_only|2021-08-11T00:00:00+00:00,2021-08-11T00:00:00+0000,2021-08-12T00:00:00+0000,2021-08-12T00:05:00+0000,2021-08-14T00:05:00+0000,1,-1,1.40811454663,1.40811454663,0.881959535341,1.41493722005,EUR+BRL,True,False,train
brl_only,brl_only|2021-08-17T00:00:00+00:00,2021-08-17T00:00:00+0000,2021-08-18T00:00:00+0000,2021-08-18T00:05:00+0000,2021-08-20T00:05:00+0000,1,-1,1.31287293483,1.43093573544,-0.597378754511,1.31287293483,EUR+BRL,True,False,train
brl_only,brl_only|2021-08-24T00:00:00+00:00,2021-08-24T00:00:00+0000,2021-08-25T00:00:00+0000,2021-08-25T00:05:00+0000,2021-08-27T00:05:00+0000,-1,1,0.362566347217,0.977752869182,0.362566347217,-3.25087248716,BRL,True,False,train
brl_only,brl_only|2021-08-26T00:00:00+00:00,2021-08-26T00:00:00+0000,2021-08-27T00:00:00+0000,2021-08-27T00:05:00+0000,2021-08-29T00:05:00+0000,1,-1,0.726537665297,0.726537665297,-0.104805165875,1.29985274651,BRL,True,False,train
brl_only,brl_only|2021-08-27T00:00:00+00:00,2021-08-27T00:00:00+0000,2021-08-28T00:00:00+0000,2021-08-28T00:05:00+0000,2021-08-30T00:05:00+0000,-1,1,-2.4219109057,-3.03391462545,-1.27090591835,-2.4219109057,EUR+TRY+BRL,False,True,
brl_only,brl_only|2021-09-07T00:00:00+00:00,2021-09-07T00:00:00+0000,2021-09-08T00:00:00+0000,2021-09-08T00:05:00+0000,2021-09-10T00:05:00+0000,1,-1,2.61502809063,3.92059572352,2.42479698916,2.61502809063,EUR+TRY+BRL,True,False,train
brl_only,brl_only|2021-09-09T00:00:00+00:00,2021-09-09T00:00:00+0000,2021-09-10T00:00:00+0000,2021-09-10T00:05:00+0000,2021-09-12T00:05:00+0000,-1,1,-0.388627916392,-0.354856346507,-0.388627916392,-1.39413086038,BRL,True,False,train
brl_only,brl_only|2021-09-10T00:00:00+00:00,2021-09-10T00:00:00+0000,2021-09-11T00:00:00+0000,2021-09-11T00:05:00+0000,2021-09-13T00:05:00+0000,1,-1,-0.218023134143,-0.218023134143,-0.459847238372,1.20761455657,BRL,False,True,
brl_only,brl_only|2021-09-13T00:00:00+00:00,2021-09-13T00:00:00+0000,2021-09-14T00:00:00+0000,2021-09-14T00:05:00+0000,2021-09-16T00:05:00+0000,-1,1,0.0840649826153,0.25913420795,0.0840649826153,-2.01392876846,BRL,True,False,train
brl_only,brl_only|2021-09-16T00:00:00+00:00,2021-09-16T00:00:00+0000,2021-09-17T00:00:00+0000,2021-09-17T00:05:00+0000,2021-09-19T00:05:00+0000,1,-1,1.23968644503,0.667494270592,1.23968644503,1.26247822838,TRY+BRL,True,False,train
brl_only,brl_only|2021-09-20T00:00:00+00:00,2021-09-20T00:00:00+0000,2021-09-21T00:00:00+0000,2021-09-21T00:05:00+0000,2021-09-23T00:05:00+0000,1,-1,0.993387941774,0.993387941774,0.590473285727,1.62707547894,BRL,True,False,train
brl_only,brl_only|2021-09-21T00:00:00+00:00,2021-09-21T00:00:00+0000,2021-09-22T00:00:00+0000,2021-09-22T00:05:00+0000,2021-09-24T00:05:00+0000,-1,1,-0.59068488441,0.417920731522,-0.59068488441,-1.45656183171,BRL,False,True,
brl_only,brl_only|2021-09-22T00:00:00+00:00,2021-09-22T00:00:00+0000,2021-09-23T00:00:00+0000,2021-09-23T00:05:00+0000,2021-09-25T00:05:00+0000,1,-1,0.743462885367,0.743462885367,-0.671366146919,1.0035528306,BRL,True,False,train
brl_only,brl_only|2021-09-24T00:00:00+00:00,2021-09-24T00:00:00+0000,2021-09-25T00:00:00+0000,2021-09-25T00:05:00+0000,2021-09-27T00:05:00+0000,1,-1,1.43012091038,0.64650655992,1.65417890504,1.43012091038,TRY+BRL,True,False,train
brl_only,brl_only|2021-09-28T00:00:00+00:00,2021-09-28T00:00:00+0000,2021-09-29T00:00:00+0000,2021-09-29T00:05:00+0000,2021-10-01T00:05:00+0000,1,-1,1.28647815978,1.347116556,0.728218058134,1.28647815978,EUR+BRL,True,False,train
brl_only,brl_only|2021-09-30T00:00:00+00:00,2021-09-30T00:00:00+0000,2021-10-01T00:00:00+0000,2021-10-01T00:05:00+0000,2021-10-03T00:05:00+0000,-1,1,-1.03054194604,-0.108306275118,-1.20435943087,-1.03054194604,TRY+BRL,True,False,train
brl_only,brl_only|2021-10-04T00:00:00+00:00,2021-10-04T00:00:00+0000,2021-10-05T00:00:00+0000,2021-10-05T00:05:00+0000,2021-10-07T00:05:00+0000,1,-1,2.11951430923,0.0321080579149,2.33529243934,2.11951430923,TRY+BRL,True,False,train
brl_only,brl_only|2021-10-15T00:00:00+00:00,2021-10-15T00:00:00+0000,2021-10-16T00:00:00+0000,2021-10-16T00:05:00+0000,2021-10-18T00:05:00+0000,-1,1,-0.462657908347,-0.462657908347,1.26700011227,-1.4898791336,BRL,True,False,train
brl_only,brl_only|2021-10-19T00:00:00+00:00,2021-10-19T00:00:00+0000,2021-10-20T00:00:00+0000,2021-10-20T00:05:00+0000,2021-10-22T00:05:00+0000,1,-1,-0.453835394056,-1.2669245831,-0.453835394056,1.29324833329,BRL,True,False,train
brl_only,brl_only|2021-10-21T00:00:00+00:00,2021-10-21T00:00:00+0000,2021-10-22T00:00:00+0000,2021-10-22T00:05:00+0000,2021-10-24T00:05:00+0000,1,-1,2.22336276067,2.22336276067,5.2449026939,1.77210059404,EUR+TRY+BRL,True,False,train
brl_only,brl_only|2021-10-25T00:00:00+00:00,2021-10-25T00:00:00+0000,2021-10-26T00:00:00+0000,2021-10-26T00:05:00+0000,2021-10-28T00:05:00+0000,-1,1,-2.15050599133,0.185108472486,-2.15050599133,-2.20762454813,TRY+BRL,True,False,train
brl_only,brl_only|2021-10-28T00:00:00+00:00,2021-10-28T00:00:00+0000,2021-10-29T00:00:00+0000,2021-10-29T00:05:00+0000,2021-10-31T00:05:00+0000,1,-1,0.997574673299,-2.81821802127,0.997574673299,1.51946729378,BRL,True,False,train
brl_only,brl_only|2021-11-03T00:00:00+00:00,2021-11-03T00:00:00+0000,2021-11-04T00:00:00+0000,2021-11-04T00:05:00+0000,2021-11-06T00:05:00+0000,-1,1,-0.731057660252,-0.731057660252,1.6872656137,-2.08466280018,BRL,True,False,train
brl_only,brl_only|2021-11-04T00:00:00+00:00,2021-11-04T00:00:00+0000,2021-11-05T00:00:00+0000,2021-11-05T00:05:00+0000,2021-11-07T00:05:00+0000,1,-1,1.13172348647,1.52537461325,0.854959313281,1.13172348647,EUR+BRL,False,True,
brl_only,brl_only|2021-11-05T00:00:00+00:00,2021-11-05T00:00:00+0000,2021-11-06T00:00:00+0000,2021-11-06T00:05:00+0000,2021-11-08T00:05:00+0000,-1,1,-0.655260343027,1.25735143865,-0.655260343027,-1.30177546465,BRL,True,False,train
brl_only,brl_only|2021-11-08T00:00:00+00:00,2021-11-08T00:00:00+0000,2021-11-09T00:00:00+0000,2021-11-09T00:05:00+0000,2021-11-11T00:05:00+0000,-1,1,-1.0061754425,-2.3851644583,-0.160746588793,-1.0061754425,EUR+BRL,True,False,train
brl_only,brl_only|2021-11-11T00:00:00+00:00,2021-11-11T00:00:00+0000,2021-11-12T00:00:00+0000,2021-11-12T00:05:00+0000,2021-11-14T00:05:00+0000,-1,1,0.529688555428,1.41680796421,0.529688555428,-2.71807230634,BRL,True,False,train
brl_only,brl_only|2021-11-12T00:00:00+00:00,2021-11-12T00:00:00+0000,2021-11-13T00:00:00+0000,2021-11-13T00:05:00+0000,2021-11-15T00:05:00+0000,1,-1,1.05440629383,-0.351948872074,1.50625706175,1.05440629383,TRY+BRL,False,True,
brl_only,brl_only|2021-11-16T00:00:00+00:00,2021-11-16T00:00:00+0000,2021-11-17T00:00:00+0000,2021-11-17T00:05:00+0000,2021-11-19T00:05:00+0000,1,-1,1.60744120586,1.60744120586,4.11637381925,1.142724221,EUR+TRY+BRL,True,False,train
brl_only,brl_only|2021-11-18T00:00:00+00:00,2021-11-18T00:00:00+0000,2021-11-19T00:00:00+0000,2021-11-19T00:05:00+0000,2021-11-21T00:05:00+0000,1,-1,1.57784964197,-2.08660316718,6.00675567502,1.57784964197,TRY+BRL,True,False,train
brl_only,brl_only|2021-12-01T00:00:00+00:00,2021-12-01T00:00:00+0000,2021-12-02T00:00:00+0000,2021-12-02T00:05:00+0000,2021-12-04T00:05:00+0000,1,-1,1.20851952403,0.534794490176,2.25507467043,1.20851952403,TRY+BRL,True,False,train
brl_only,brl_only|2021-12-07T00:00:00+00:00,2021-12-07T00:00:00+0000,2021-12-08T00:00:00+0000,2021-12-08T00:05:00+0000,2021-12-10T00:05:00+0000,-1,1,-1.27712825379,-0.0419045290893,-1.27712825379,-2.97852296699,TRY+BRL,True,False,train
brl_only,brl_only|2021-12-09T00:00:00+00:00,2021-12-09T00:00:00+0000,2021-12-10T00:00:00+0000,2021-12-10T00:05:00+0000,2021-12-12T00:05:00+0000,1,-1,1.33067272773,1.16614607715,3.23756417524,1.33067272773,EUR+TRY+BRL,True,False,train
brl_only,brl_only|2021-12-13T00:00:00+00:00,2021-12-13T00:00:00+0000,2021-12-14T00:00:00+0000,2021-12-14T00:05:00+0000,2021-12-16T00:05:00+0000,1,-1,1.5713906566,0.578211473199,2.27885542914,1.5713906566,TRY+BRL,True,False,train
brl_only,brl_only|2021-12-17T00:00:00+00:00,2021-12-17T00:00:00+0000,2021-12-18T00:00:00+0000,2021-12-18T00:05:00+0000,2021-12-20T00:05:00+0000,-1,1,2.35605815503,2.35605815503,7.68479895419,-1.18908808193,BRL,True,False,train
brl_only,brl_only|2021-12-22T00:00:00+00:00,2021-12-22T00:00:00+0000,2021-12-23T00:00:00+0000,2021-12-23T00:05:00+0000,2021-12-25T00:05:00+0000,-1,1,-1.16764818708,-0.95119043914,-5.84381914381,-1.16764818708,TRY+BRL,True,False,train
brl_only,brl_only|2021-12-27T00:00:00+00:00,2021-12-27T00:00:00+0000,2021-12-28T00:00:00+0000,2021-12-28T00:05:00+0000,2021-12-30T00:05:00+0000,-1,1,-0.358275968331,-0.358275968331,2.32047717555,-1.00491003057,BRL,True,False,train
brl_only,brl_only|2021-12-29T00:00:00+00:00,2021-12-29T00:00:00+0000,2021-12-30T00:00:00+0000,2021-12-30T00:05:00+0000,2022-01-01T00:05:00+0000,1,-1,1.69131329623,-1.53237626735,5.62972867682,1.69131329623,TRY+BRL,True,False,train
brl_only,brl_only|2021-12-30T00:00:00+00:00,2021-12-30T00:00:00+0000,2021-12-31T00:00:00+0000,2021-12-31T00:05:00+0000,2022-01-02T00:05:00+0000,-1,1,0.810034209805,0.810034209805,2.62196299684,-3.33541809861,BRL,False,True,
brl_only,brl_only|2022-01-03T00:00:00+00:00,2022-01-03T00:00:00+0000,2022-01-04T00:00:00+0000,2022-01-04T00:05:00+0000,2022-01-06T00:05:00+0000,1,-1,1.40320677806,1.40320677806,-1.03936518102,1.53413072466,EUR+BRL,True,False,train
brl_only,brl_only|2022-01-05T00:00:00+00:00,2022-01-05T00:00:00+0000,2022-01-06T00:00:00+0000,2022-01-06T00:05:00+0000,2022-01-08T00:05:00+0000,1,-1,1.41086462374,-0.458478402833,3.4540117971,1.41086462374,TRY+BRL,True,False,train
brl_only,brl_only|2022-01-07T00:00:00+00:00,2022-01-07T00:00:00+0000,2022-01-08T00:00:00+0000,2022-01-08T00:05:00+0000,2022-01-10T00:05:00+0000,-1,1,-1.77902601652,-1.95937090299,1.5998306389,-1.77902601652,EUR+BRL,True,False,train
brl_only,brl_only|2022-01-11T00:00:00+00:00,2022-01-11T00:00:00+0000,2022-01-12T00:00:00+0000,2022-01-12T00:05:00+0000,2022-01-14T00:05:00+0000,-1,1,-1.58064974343,-0.872451216843,-1.58064974343,-2.61240625472,TRY+BRL,True,False,train
brl_only,brl_only|2022-01-18T00:00:00+00:00,2022-01-18T00:00:00+0000,2022-01-19T00:00:00+0000,2022-01-19T00:05:00+0000,2022-01-21T00:05:00+0000,1,-1,1.14562664477,1.99489756144,0.416845919543,1.14562664477,EUR+BRL,True,False,train
brl_only,brl_only|2022-01-19T00:00:00+00:00,2022-01-19T00:00:00+0000,2022-01-20T00:00:00+0000,2022-01-20T00:05:00+0000,2022-01-22T00:05:00+0000,-1,1,-0.430450382533,-0.430450382533,-0.26734400984,-3.66066184423,BRL,False,True,
brl_only,brl_only|2022-01-21T00:00:00+00:00,2022-01-21T00:00:00+0000,2022-01-22T00:00:00+0000,2022-01-22T00:05:00+0000,2022-01-24T00:05:00+0000,1,-1,1.04358762357,-0.373111038216,1.38919969655,1.04358762357,TRY+BRL,True,False,train
brl_only,brl_only|2022-01-25T00:00:00+00:00,2022-01-25T00:00:00+0000,2022-01-26T00:00:00+0000,2022-01-26T00:05:00+0000,2022-01-28T00:05:00+0000,-1,1,-0.630145287181,0.338529909368,-0.630145287181,-1.62529244333,BRL,True,False,train
brl_only,brl_only|2022-01-27T00:00:00+00:00,2022-01-27T00:00:00+0000,2022-01-28T00:00:00+0000,2022-01-28T00:05:00+0000,2022-01-30T00:05:00+0000,-1,1,-0.0582119261946,2.4794744741,-0.0582119261946,-1.4270960135,BRL,True,False,train
brl_only,brl_only|2022-01-31T00:00:00+00:00,2022-01-31T00:00:00+0000,2022-02-01T00:00:00+0000,2022-02-01T00:05:00+0000,2022-02-03T00:05:00+0000,-1,1,-2.92561467648,-2.92561467648,-2.11180292856,-3.34651048505,EUR+TRY+BRL,True,False,train
brl_only,brl_only|2022-02-07T00:00:00+00:00,2022-02-07T00:00:00+0000,2022-02-08T00:00:00+0000,2022-02-08T00:05:00+0000,2022-02-10T00:05:00+0000,-1,1,0.432204566813,0.432204566813,1.19673258238,-2.2174123374,BRL,True,False,train
brl_only,brl_only|2022-02-09T00:00:00+00:00,2022-02-09T00:00:00+0000,2022-02-10T00:00:00+0000,2022-02-10T00:05:00+0000,2022-02-12T00:05:00+0000,-1,1,-0.367293132756,-0.174805299581,-0.367293132756,-1.3438546919,BRL,True,False,train
brl_only,brl_only|2022-02-14T00:00:00+00:00,2022-02-14T00:00:00+0000,2022-02-15T00:00:00+0000,2022-02-15T00:05:00+0000,2022-02-17T00:05:00+0000,-1,1,-0.1194278014,1.50508707856,-0.1194278014,-1.99899760428,BRL,True,False,train
brl_only,brl_only|2022-02-17T00:00:00+00:00,2022-02-17T00:00:00+0000,2022-02-18T00:00:00+0000,2022-02-18T00:05:00+0000,2022-02-20T00:05:00+0000,1,-1,0.425732256849,0.406202620722,0.425732256849,1.71644438889,BRL,True,False,train
brl_only,brl_only|2022-02-18T00:00:00+00:00,2022-02-18T00:00:00+0000,2022-02-19T00:00:00+0000,2022-02-19T00:05:00+0000,2022-02-21T00:05:00+0000,-1,1,0.737975504888,1.38773578258,0.737975504888,-1.3721413816,BRL,False,True,
brl_only,brl_only|2022-02-21T00:00:00+00:00,2022-02-21T00:00:00+0000,2022-02-22T00:00:00+0000,2022-02-22T00:05:00+0000,2022-02-24T00:05:00+0000,-1,1,0.641084993356,0.641084993356,0.653094339615,-1.19404744384,BRL,True,False,train
brl_only,brl_only|2022-02-24T00:00:00+00:00,2022-02-24T00:00:00+0000,2022-02-25T00:00:00+0000,2022-02-25T00:05:00+0000,2022-02-27T00:05:00+0000,1,-1,3.00547058679,3.00547058679,1.03404227348,3.44717587513,EUR+TRY+BRL,True,False,train
brl_only,brl_only|2022-02-28T00:00:00+00:00,2022-02-28T00:00:00+0000,2022-03-01T00:00:00+0000,2022-03-01T00:05:00+0000,2022-03-03T00:05:00+0000,-1,1,-1.71093396784,-1.46406173162,-3.5648217876,-1.71093396784,EUR+TRY+BRL,True,False,train
brl_only,brl_only|2022-03-03T00:00:00+00:00,2022-03-03T00:00:00+0000,2022-03-04T00:00:00+0000,2022-03-04T00:05:00+0000,2022-03-06T00:05:00+0000,-1,1,0.800129915627,1.47776034258,0.800129915627,-2.24327795544,BRL,True,False,train
brl_only,brl_only|2022-03-04T00:00:00+00:00,2022-03-04T00:00:00+0000,2022-03-05T00:00:00+0000,2022-03-05T00:05:00+0000,2022-03-07T00:05:00+0000,1,-1,1.34708701979,4.5616199616,0.751952930957,1.34708701979,EUR+BRL,False,True,
brl_only,brl_only|2022-03-08T00:00:00+00:00,2022-03-08T00:00:00+0000,2022-03-09T00:00:00+0000,2022-03-09T00:05:00+0000,2022-03-11T00:05:00+0000,-1,1,-1.34593349046,-1.55303845854,0.118127266323,-1.34593349046,EUR+BRL,True,False,train
brl_only,brl_only|2022-03-11T00:00:00+00:00,2022-03-11T00:00:00+0000,2022-03-12T00:00:00+0000,2022-03-12T00:05:00+0000,2022-03-14T00:05:00+0000,1,-1,1.1642864847,3.22838572517,-0.543097755243,1.1642864847,EUR+BRL,True,False,train
brl_only,brl_only|2022-03-16T00:00:00+00:00,2022-03-16T00:00:00+0000,2022-03-17T00:00:00+0000,2022-03-17T00:05:00+0000,2022-03-19T00:05:00+0000,-1,1,-2.16560885507,-2.184791044,-1.24680253327,-2.16560885507,EUR+TRY+BRL,True,False,train
brl_only,brl_only|2022-03-21T00:00:00+00:00,2022-03-21T00:00:00+0000,2022-03-22T00:00:00+0000,2022-03-22T00:05:00+0000,2022-03-24T00:05:00+0000,-1,1,0.274142472795,0.453409875318,0.274142472795,-3.06057084204,BRL,True,False,train
brl_only,brl_only|2022-03-25T00:00:00+00:00,2022-03-25T00:00:00+0000,2022-03-26T00:00:00+0000,2022-03-26T00:05:00+0000,2022-03-28T00:05:00+0000,-1,1,0.342878811014,0.633459521595,0.342878811014,-2.30485250963,BRL,True,False,train
brl_only,brl_only|2022-03-31T00:00:00+00:00,2022-03-31T00:00:00+0000,2022-04-01T00:00:00+0000,2022-04-01T00:05:00+0000,2022-04-03T00:05:00+0000,-1,1,0.421965431416,2.98745824846,0.421965431416,-1.05246600378,BRL,True,False,train
brl_only,brl_only|2022-04-04T00:00:00+00:00,2022-04-04T00:00:00+0000,2022-04-05T00:00:00+0000,2022-04-05T00:05:00+0000,2022-04-07T00:05:00+0000,-1,1,0.0164325651962,1.97420040963,0.0164325651962,-2.46992000813,BRL,True,False,train
brl_only,brl_only|2022-04-05T00:00:00+00:00,2022-04-05T00:00:00+0000,2022-04-06T00:00:00+0000,2022-04-06T00:05:00+0000,2022-04-08T00:05:00+0000,1,-1,1.73777874655,2.18284229248,0.321055724665,1.73777874655,EUR+BRL,False,True,
brl_only,brl_only|2022-04-08T00:00:00+00:00,2022-04-08T00:00:00+0000,2022-04-09T00:00:00+0000,2022-04-09T00:05:00+0000,2022-04-11T00:05:00+0000,-1,1,0.0895225296162,0.0895225296162,0.192952518385,-1.92494701034,BRL,True,False,train
brl_only,brl_only|2022-04-12T00:00:00+00:00,2022-04-12T00:00:00+0000,2022-04-13T00:00:00+0000,2022-04-13T00:05:00+0000,2022-04-15T00:05:00+0000,-1,1,-1.08004297413,1.85209056078,-1.0891408855,-1.08004297413,TRY+BRL,True,False,train
brl_only,brl_only|2022-04-18T00:00:00+00:00,2022-04-18T00:00:00+0000,2022-04-19T00:00:00+0000,2022-04-19T00:05:00+0000,2022-04-21T00:05:00+0000,-1,1,-0.515122717236,1.42023800665,-0.515122717236,-2.48396621471,BRL,True,False,train
brl_only,brl_only|2022-04-20T00:00:00+00:00,2022-04-20T00:00:00+0000,2022-04-21T00:00:00+0000,2022-04-21T00:05:00+0000,2022-04-23T00:05:00+0000,-1,1,-1.65285817957,-2.00982237962,0.153194709512,-1.65285817957,EUR+BRL,True,False,train
brl_only,brl_only|2022-04-22T00:00:00+00:00,2022-04-22T00:00:00+0000,2022-04-23T00:00:00+0000,2022-04-23T00:05:00+0000,2022-04-25T00:05:00+0000,1,-1,1.14765295692,1.14765295692,0.130308969964,6.09850471893,EUR+BRL,True,False,train
brl_only,brl_only|2022-04-25T00:00:00+00:00,2022-04-25T00:00:00+0000,2022-04-26T00:00:00+0000,2022-04-26T00:05:00+0000,2022-04-28T00:05:00+0000,1,-1,2.16454665734,2.75274301234,-0.292008662966,2.16454665734,EUR+BRL,True,False,train
brl_only,brl_only|2022-04-27T00:00:00+00:00,2022-04-27T00:00:00+0000,2022-04-28T00:00:00+0000,2022-04-28T00:05:00+0000,2022-04-30T00:05:00+0000,-1,1,-0.409508884469,2.00149335118,-0.409508884469,-1.4268672972,BRL,True,False,train
brl_only,brl_only|2022-05-02T00:00:00+00:00,2022-05-02T00:00:00+0000,2022-05-03T00:00:00+0000,2022-05-03T00:05:00+0000,2022-05-05T00:05:00+0000,1,-1,0.977419252335,0.977419252335,-0.500723861784,2.34536839606,BRL,True,False,train
brl_only,brl_only|2022-05-03T00:00:00+00:00,2022-05-03T00:00:00+0000,2022-05-04T00:00:00+0000,2022-05-04T00:05:00+0000,2022-05-06T00:05:00+0000,-1,1,-0.65982724306,-0.150162654957,-0.65982724306,-2.84929579054,BRL,False,True,
brl_only,brl_only|2022-05-05T00:00:00+00:00,2022-05-05T00:00:00+0000,2022-05-06T00:00:00+0000,2022-05-06T00:05:00+0000,2022-05-08T00:05:00+0000,1,-1,2.66020470739,2.66020470739,1.53267972724,4.36005514758,EUR+TRY+BRL,True,False,train
brl_only,brl_only|2022-05-09T00:00:00+00:00,2022-05-09T00:00:00+0000,2022-05-10T00:00:00+0000,2022-05-10T00:05:00+0000,2022-05-12T00:05:00+0000,1,-1,1.86956105101,-1.3912847755,1.86956105101,2.89543185446,TRY+BRL,True,False,train
brl_only,brl_only|2022-05-10T00:00:00+00:00,2022-05-10T00:00:00+0000,2022-05-11T00:00:00+0000,2022-05-11T00:05:00+0000,2022-05-13T00:05:00+0000,-1,1,0.843727435335,1.52846691342,0.843727435335,-1.20272988266,BRL,False,True,
brl_only,brl_only|2022-05-13T00:00:00+00:00,2022-05-13T00:00:00+0000,2022-05-14T00:00:00+0000,2022-05-14T00:05:00+0000,2022-05-16T00:05:00+0000,-1,1,-0.169794121309,-0.169794121309,0.147019685557,-2.67233763865,BRL,True,False,train
brl_only,brl_only|2022-05-17T00:00:00+00:00,2022-05-17T00:00:00+0000,2022-05-18T00:00:00+0000,2022-05-18T00:05:00+0000,2022-05-20T00:05:00+0000,-1,1,-3.62920670163,-3.62920670163,0.491211529112,-4.23364542083,EUR+BRL,True,False,train
brl_only,brl_only|2022-05-18T00:00:00+00:00,2022-05-18T00:00:00+0000,2022-05-19T00:00:00+0000,2022-05-19T00:05:00+0000,2022-05-21T00:05:00+0000,1,-1,2.27135388691,2.35628767933,2.27135388691,1.42199490449,EUR+TRY+BRL,False,True,
brl_only,brl_only|2022-05-19T00:00:00+00:00,2022-05-19T00:00:00+0000,2022-05-20T00:00:00+0000,2022-05-20T00:05:00+0000,2022-05-22T00:05:00+0000,-1,1,-1.84072280913,-3.5171356714,-1.76939163588,-1.84072280913,EUR+TRY+BRL,True,False,train
brl_only,brl_only|2022-05-23T00:00:00+00:00,2022-05-23T00:00:00+0000,2022-05-24T00:00:00+0000,2022-05-24T00:05:00+0000,2022-05-26T00:05:00+0000,-1,1,-1.88519089278,-3.41290671815,0.750193541039,-1.88519089278,EUR+BRL,True,False,train
brl_only,brl_only|2022-05-26T00:00:00+00:00,2022-05-26T00:00:00+0000,2022-05-27T00:00:00+0000,2022-05-27T00:05:00+0000,2022-05-29T00:05:00+0000,-1,1,-1.17765589442,-1.37704053646,0.627260111534,-1.17765589442,EUR+BRL,True,False,train
brl_only,brl_only|2022-06-01T00:00:00+00:00,2022-06-01T00:00:00+0000,2022-06-02T00:00:00+0000,2022-06-02T00:05:00+0000,2022-06-04T00:05:00+0000,1,-1,2.35815299544,2.35815299544,0.824160943294,2.84749828016,EUR+BRL,True,False,train
brl_only,brl_only|2022-06-02T00:00:00+00:00,2022-06-02T00:00:00+0000,2022-06-03T00:00:00+0000,2022-06-03T00:05:00+0000,2022-06-05T00:05:00+0000,-1,1,-1.16802104385,-2.66409189275,0.00963397574333,-1.16802104385,EUR+BRL,False,True,
brl_only,brl_only|2022-06-07T00:00:00+00:00,2022-06-07T00:00:00+0000,2022-06-08T00:00:00+0000,2022-06-08T00:05:00+0000,2022-06-10T00:05:00+0000,1,-1,1.42696514479,-0.459502312678,1.42696514479,2.32666070186,TRY+BRL,True,False,train
brl_only,brl_only|2022-06-10T00:00:00+00:00,2022-06-10T00:00:00+0000,2022-06-11T00:00:00+0000,2022-06-11T00:05:00+0000,2022-06-13T00:05:00+0000,1,-1,2.84857818875,3.16896084831,0.706286389478,2.84857818875,EUR+BRL,True,False,train
brl_only,brl_only|2022-06-13T00:00:00+00:00,2022-06-13T00:00:00+0000,2022-06-14T00:00:00+0000,2022-06-14T00:05:00+0000,2022-06-16T00:05:00+0000,1,-1,2.65462250953,2.65462250953,0.051534002715,3.70785302652,EUR+BRL,True,False,train
brl_only,brl_only|2022-06-15T00:00:00+00:00,2022-06-15T00:00:00+0000,2022-06-16T00:00:00+0000,2022-06-16T00:05:00+0000,2022-06-18T00:05:00+0000,-1,1,-0.911134994571,-0.305820501289,-0.911134994571,-2.50344460207,BRL,True,False,train
brl_only,brl_only|2022-06-16T00:00:00+00:00,2022-06-16T00:00:00+0000,2022-06-17T00:00:00+0000,2022-06-17T00:05:00+0000,2022-06-19T00:05:00+0000,1,-1,0.827069187056,-2.26081994952,0.827069187056,1.35205152368,BRL,False,True,
brl_only,brl_only|2022-06-22T00:00:00+00:00,2022-06-22T00:00:00+0000,2022-06-23T00:00:00+0000,2022-06-23T00:05:00+0000,2022-06-25T00:05:00+0000,1,-1,0.00547373216331,-1.05445625429,0.00547373216331,1.75450147941,BRL,True,False,train
brl_only,brl_only|2022-06-27T00:00:00+00:00,2022-06-27T00:00:00+0000,2022-06-28T00:00:00+0000,2022-06-28T00:05:00+0000,2022-06-30T00:05:00+0000,-1,1,-0.945201028608,-0.945201028608,1.05450846353,-1.05393872359,BRL,True,False,train
brl_only,brl_only|2022-06-28T00:00:00+00:00,2022-06-28T00:00:00+0000,2022-06-29T00:00:00+0000,2022-06-29T00:05:00+0000,2022-07-01T00:05:00+0000,1,-1,1.25303758644,1.75811583794,0.178994778747,1.25303758644,EUR+BRL,False,True,
brl_only,brl_only|2022-06-29T00:00:00+00:00,2022-06-29T00:00:00+0000,2022-06-30T00:00:00+0000,2022-06-30T00:05:00+0000,2022-07-02T00:05:00+0000,-1,1,-0.389408950265,1.83787658584,-0.389408950265,-1.99054365358,BRL,True,False,train
brl_only,brl_only|2022-06-30T00:00:00+00:00,2022-06-30T00:00:00+0000,2022-07-01T00:00:00+0000,2022-07-01T00:05:00+0000,2022-07-03T00:05:00+0000,1,-1,-0.0812954948975,-0.0812954948975,-0.355678936453,2.11358261609,BRL,False,True,
brl_only,brl_only|2022-07-05T00:00:00+00:00,2022-07-05T00:00:00+0000,2022-07-06T00:00:00+0000,2022-07-06T00:05:00+0000,2022-07-08T00:05:00+0000,1,-1,1.61972745867,4.70572050805,1.44119894764,1.61972745867,EUR+TRY+BRL,True,False,train
brl_only,brl_only|2022-07-07T00:00:00+00:00,2022-07-07T00:00:00+0000,2022-07-08T00:00:00+0000,2022-07-08T00:05:00+0000,2022-07-10T00:05:00+0000,-1,1,0.458242608339,0.458242608339,0.579293134074,-1.77061030746,BRL,True,False,train
brl_only,brl_only|2022-07-11T00:00:00+00:00,2022-07-11T00:00:00+0000,2022-07-12T00:00:00+0000,2022-07-12T00:05:00+0000,2022-07-14T00:05:00+0000,1,-1,2.87487938549,3.42678213388,0.796463359068,2.87487938549,EUR+BRL,True,False,train
brl_only,brl_only|2022-07-13T00:00:00+00:00,2022-07-13T00:00:00+0000,2022-07-14T00:00:00+0000,2022-07-14T00:05:00+0000,2022-07-16T00:05:00+0000,-1,1,-0.839487676037,-0.074018706324,-0.839487676037,-1.24502986652,BRL,True,False,train
brl_only,brl_only|2022-07-20T00:00:00+00:00,2022-07-20T00:00:00+0000,2022-07-21T00:00:00+0000,2022-07-21T00:05:00+0000,2022-07-23T00:05:00+0000,1,-1,1.41654819741,1.41654819741,1.44726444551,1.4024562576,EUR+TRY+BRL,True,False,train
brl_only,brl_only|2022-07-25T00:00:00+00:00,2022-07-25T00:00:00+0000,2022-07-26T00:00:00+0000,2022-07-26T00:05:00+0000,2022-07-28T00:05:00+0000,-1,1,-0.582258621613,-0.582258621613,1.14290656503,-3.06441667592,BRL,True,False,train
brl_only,brl_only|2022-07-27T00:00:00+00:00,2022-07-27T00:00:00+0000,2022-07-28T00:00:00+0000,2022-07-28T00:05:00+0000,2022-07-30T00:05:00+0000,-1,1,-2.28906483995,-2.28906483995,-1.02880706066,-3.36074868502,EUR+TRY+BRL,True,False,train
brl_only,brl_only|2022-08-02T00:00:00+00:00,2022-08-02T00:00:00+0000,2022-08-03T00:00:00+0000,2022-08-03T00:05:00+0000,2022-08-05T00:05:00+0000,1,-1,2.61820756837,2.62267046478,0.231430010267,2.61820756837,EUR+BRL,True,False,train
brl_only,brl_only|2022-08-04T00:00:00+00:00,2022-08-04T00:00:00+0000,2022-08-05T00:00:00+0000,2022-08-05T00:05:00+0000,2022-08-07T00:05:00+0000,-1,1,-2.030148619,-2.17116756526,-0.223952172222,-2.030148619,EUR+BRL,True,False,train
brl_only,brl_only|2022-08-08T00:00:00+00:00,2022-08-08T00:00:00+0000,2022-08-09T00:00:00+0000,2022-08-09T00:05:00+0000,2022-08-11T00:05:00+0000,-1,1,-0.476770468379,-0.476770468379,0.170043030572,-1.69663038813,BRL,True,False,train
brl_only,brl_only|2022-08-10T00:00:00+00:00,2022-08-10T00:00:00+0000,2022-08-11T00:00:00+0000,2022-08-11T00:05:00+0000,2022-08-13T00:05:00+0000,-1,1,-1.55599915534,-2.41421386048,-1.55599915534,-1.25121925405,EUR+TRY+BRL,True,False,train
brl_only,brl_only|2022-08-11T00:00:00+00:00,2022-08-11T00:00:00+0000,2022-08-12T00:00:00+0000,2022-08-12T00:05:00+0000,2022-08-14T00:05:00+0000,1,-1,0.921538257071,-0.336816439025,0.921538257071,1.52800758515,BRL,False,True,
brl_only,brl_only|2022-08-12T00:00:00+00:00,2022-08-12T00:00:00+0000,2022-08-13T00:00:00+0000,2022-08-13T00:05:00+0000,2022-08-15T00:05:00+0000,-1,1,-1.26123146801,0.956608939498,-1.26123146801,-2.07353194725,TRY+BRL,True,False,train
brl_only,brl_only|2022-08-16T00:00:00+00:00,2022-08-16T00:00:00+0000,2022-08-17T00:00:00+0000,2022-08-17T00:05:00+0000,2022-08-19T00:05:00+0000,1,-1,-0.216818112274,-0.280241948948,-0.216818112274,1.2233938584,BRL,True,False,train
brl_only,brl_only|2022-08-22T00:00:00+00:00,2022-08-22T00:00:00+0000,2022-08-23T00:00:00+0000,2022-08-23T00:05:00+0000,2022-08-25T00:05:00+0000,-1,1,-1.02133784988,1.87837600737,-1.18511859472,-1.02133784988,TRY+BRL,True,False,train
brl_only,brl_only|2022-08-26T00:00:00+00:00,2022-08-26T00:00:00+0000,2022-08-27T00:00:00+0000,2022-08-27T00:05:00+0000,2022-08-29T00:05:00+0000,-1,1,0.57087800295,0.57087800295,1.22914507444,-1.32875854953,BRL,True,False,train
brl_only,brl_only|2022-08-29T00:00:00+00:00,2022-08-29T00:00:00+0000,2022-08-30T00:00:00+0000,2022-08-30T00:05:00+0000,2022-09-01T00:05:00+0000,-1,1,-1.91782454151,-2.22476548753,-1.08196707613,-1.91782454151,EUR+TRY+BRL,True,False,train
brl_only,brl_only|2022-08-30T00:00:00+00:00,2022-08-30T00:00:00+0000,2022-08-31T00:00:00+0000,2022-08-31T00:05:00+0000,2022-09-02T00:05:00+0000,1,-1,-0.0809389174863,-0.62085304439,-0.0809389174863,2.69696833787,BRL,False,True,
brl_only,brl_only|2022-09-01T00:00:00+00:00,2022-09-01T00:00:00+0000,2022-09-02T00:00:00+0000,2022-09-02T00:05:00+0000,2022-09-04T00:05:00+0000,1,-1,1.95377954314,2.03576626802,-0.794581576818,1.95377954314,EUR+BRL,True,False,train
brl_only,brl_only|2022-09-02T00:00:00+00:00,2022-09-02T00:00:00+0000,2022-09-03T00:00:00+0000,2022-09-03T00:05:00+0000,2022-09-05T00:05:00+0000,-1,1,0.389766051502,0.451562327673,0.389766051502,-1.1797108914,BRL,False,True,
brl_only,brl_only|2022-09-06T00:00:00+00:00,2022-09-06T00:00:00+0000,2022-09-07T00:00:00+0000,2022-09-07T00:05:00+0000,2022-09-09T00:05:00+0000,1,-1,1.61143933678,1.61143933678,0.532969166448,2.44714341497,EUR+BRL,True,False,train
brl_only,brl_only|2022-09-09T00:00:00+00:00,2022-09-09T00:00:00+0000,2022-09-10T00:00:00+0000,2022-09-10T00:05:00+0000,2022-09-12T00:05:00+0000,-1,1,-1.51481200517,-1.51481200517,-0.248644971678,-1.80854324958,EUR+BRL,True,False,train
brl_only,brl_only|2022-09-12T00:00:00+00:00,2022-09-12T00:00:00+0000,2022-09-13T00:00:00+0000,2022-09-13T00:05:00+0000,2022-09-15T00:05:00+0000,-1,1,-1.36952382926,-1.36952382926,0.275169822423,-1.94145675611,EUR+BRL,True,False,train
brl_only,brl_only|2022-09-13T00:00:00+00:00,2022-09-13T00:00:00+0000,2022-09-14T00:00:00+0000,2022-09-14T00:05:00+0000,2022-09-16T00:05:00+0000,1,-1,3.29719057548,4.44142396914,0.251480902737,3.29719057548,EUR+BRL,False,True,
brl_only,brl_only|2022-09-15T00:00:00+00:00,2022-09-15T00:00:00+0000,2022-09-16T00:00:00+0000,2022-09-16T00:05:00+0000,2022-09-18T00:05:00+0000,1,-1,0.394503621526,0.0218600704867,0.394503621526,2.29730862021,BRL,True,False,train
brl_only,brl_only|2022-09-19T00:00:00+00:00,2022-09-19T00:00:00+0000,2022-09-20T00:00:00+0000,2022-09-20T00:05:00+0000,2022-09-22T00:05:00+0000,-1,1,-0.405890933833,-0.1793412899,-0.405890933833,-2.584554074,BRL,True,False,train
brl_only,brl_only|2022-09-21T00:00:00+00:00,2022-09-21T00:00:00+0000,2022-09-22T00:00:00+0000,2022-09-22T00:05:00+0000,2022-09-24T00:05:00+0000,1,-1,1.17209786945,3.82101492095,0.499017605319,1.17209786945,EUR+BRL,True,False,train
brl_only,brl_only|2022-09-22T00:00:00+00:00,2022-09-22T00:00:00+0000,2022-09-23T00:00:00+0000,2022-09-23T00:05:00+0000,2022-09-25T00:05:00+0000,-1,1,-1.56100929234,-0.58628247517,-1.56100929234,-2.30677829817,TRY+BRL,False,True,
brl_only,brl_only|2022-09-23T00:00:00+00:00,2022-09-23T00:00:00+0000,2022-09-24T00:00:00+0000,2022-09-24T00:05:00+0000,2022-09-26T00:05:00+0000,1,-1,2.59353761915,3.90041714894,-0.2347760222,2.59353761915,EUR+BRL,True,False,train
brl_only,brl_only|2022-09-26T00:00:00+00:00,2022-09-26T00:00:00+0000,2022-09-27T00:00:00+0000,2022-09-27T00:05:00+0000,2022-09-29T00:05:00+0000,1,-1,1.70979047407,1.70979047407,-0.813351644855,2.84397944806,EUR+BRL,True,False,train
brl_only,brl_only|2022-10-03T00:00:00+00:00,2022-10-03T00:00:00+0000,2022-10-04T00:00:00+0000,2022-10-04T00:05:00+0000,2022-10-06T00:05:00+0000,-1,1,-1.35044610857,-1.35044610857,-0.737863079103,-6.67464706165,EUR+BRL,True,False,train
brl_only,brl_only|2022-10-11T00:00:00+00:00,2022-10-11T00:00:00+0000,2022-10-12T00:00:00+0000,2022-10-12T00:05:00+0000,2022-10-14T00:05:00+0000,1,-1,0.235909272549,0.235909272549,-0.370356179186,2.28390014583,BRL,True,False,train
brl_only,brl_only|2022-10-14T00:00:00+00:00,2022-10-14T00:00:00+0000,2022-10-15T00:00:00+0000,2022-10-15T00:05:00+0000,2022-10-17T00:05:00+0000,1,-1,1.0519974477,1.0519974477,-0.00533135798414,1.94270141564,EUR+BRL,True,False,train
brl_only,brl_only|2022-10-16T00:00:00+00:00,2022-10-16T00:00:00+0000,2022-10-17T00:00:00+0000,2022-10-17T00:05:00+0000,2022-10-19T00:05:00+0000,-1,1,-0.828510980446,-0.828510980446,-0.617741361109,-1.09567814605,BRL,True,False,train
brl_only,brl_only|2022-10-19T00:00:00+00:00,2022-10-19T00:00:00+0000,2022-10-20T00:00:00+0000,2022-10-20T00:05:00+0000,2022-10-22T00:05:00+0000,1,-1,1.135517463,2.34903928816,0.231345190951,1.135517463,EUR+BRL,True,False,train
brl_only,brl_only|2022-10-20T00:00:00+00:00,2022-10-20T00:00:00+0000,2022-10-21T00:00:00+0000,2022-10-21T00:05:00+0000,2022-10-23T00:05:00+0000,-1,1,-0.34271193514,-0.34271193514,-0.140421635274,-1.62830197131,BRL,False,True,
brl_only,brl_only|2022-10-24T00:00:00+00:00,2022-10-24T00:00:00+0000,2022-10-25T00:00:00+0000,2022-10-25T00:05:00+0000,2022-10-27T00:05:00+0000,1,-1,-0.0443101040979,-0.583945768315,-0.0443101040979,2.85061442729,BRL,True,False,train
brl_only,brl_only|2022-10-26T00:00:00+00:00,2022-10-26T00:00:00+0000,2022-10-27T00:00:00+0000,2022-10-27T00:05:00+0000,2022-10-29T00:05:00+0000,1,-1,-0.423591163409,-3.34522359142,-0.423591163409,2.07937473381,BRL,True,False,train
brl_only,brl_only|2022-10-30T00:00:00+00:00,2022-10-30T00:00:00+0000,2022-10-31T00:00:00+0000,2022-10-31T00:05:00+0000,2022-11-02T00:05:00+0000,1,-1,0.469135245073,0.469135245073,-0.83705475666,1.56966004796,BRL,True,False,train
brl_only,brl_only|2022-10-31T00:00:00+00:00,2022-10-31T00:00:00+0000,2022-11-01T00:00:00+0000,2022-11-01T00:05:00+0000,2022-11-03T00:05:00+0000,-1,1,0.673449013357,1.7879408074,0.673449013357,-4.4490837024,BRL,False,True,
brl_only,brl_only|2022-11-03T00:00:00+00:00,2022-11-03T00:00:00+0000,2022-11-04T00:00:00+0000,2022-11-04T00:05:00+0000,2022-11-06T00:05:00+0000,-1,1,-0.410418366343,1.87260844026,-0.410418366343,-1.11741761712,BRL,True,False,train
brl_only,brl_only|2022-11-07T00:00:00+00:00,2022-11-07T00:00:00+0000,2022-11-08T00:00:00+0000,2022-11-08T00:05:00+0000,2022-11-10T00:05:00+0000,1,-1,-1.32383752649,-2.7407963763,-1.32383752649,2.507777659,BRL,True,False,train
brl_only,brl_only|2022-11-11T00:00:00+00:00,2022-11-11T00:00:00+0000,2022-11-12T00:00:00+0000,2022-11-12T00:05:00+0000,2022-11-14T00:05:00+0000,-1,1,-2.15832821056,-3.51138415795,0.5671913036,-2.15832821056,EUR+BRL,True,False,train
brl_only,brl_only|2022-11-14T00:00:00+00:00,2022-11-14T00:00:00+0000,2022-11-15T00:00:00+0000,2022-11-15T00:05:00+0000,2022-11-17T00:05:00+0000,1,-1,-0.317337707344,-0.317337707344,-1.07151361247,2.16029469492,BRL,True,False,train
brl_only,brl_only|2022-11-16T00:00:00+00:00,2022-11-16T00:00:00+0000,2022-11-17T00:00:00+0000,2022-11-17T00:05:00+0000,2022-11-19T00:05:00+0000,1,-1,0.667576992693,-0.850864307211,0.667576992693,2.1672758854,BRL,True,False,train
brl_only,brl_only|2022-11-21T00:00:00+00:00,2022-11-21T00:00:00+0000,2022-11-22T00:00:00+0000,2022-11-22T00:05:00+0000,2022-11-24T00:05:00+0000,-1,1,-1.96637447744,1.92033667223,-1.96637447744,-2.36334891442,TRY+BRL,True,False,train
brl_only,brl_only|2022-11-22T00:00:00+00:00,2022-11-22T00:00:00+0000,2022-11-23T00:00:00+0000,2022-11-23T00:05:00+0000,2022-11-25T00:05:00+0000,1,-1,-0.824582735612,-1.33114444253,-0.824582735612,1.15666339639,BRL,False,True,
brl_only,brl_only|2022-11-25T00:00:00+00:00,2022-11-25T00:00:00+0000,2022-11-26T00:00:00+0000,2022-11-26T00:05:00+0000,2022-11-28T00:05:00+0000,1,-1,0.132222990914,0.132222990914,-0.191611994662,1.08390713006,BRL,True,False,train
brl_only,brl_only|2022-11-29T00:00:00+00:00,2022-11-29T00:00:00+0000,2022-11-30T00:00:00+0000,2022-11-30T00:05:00+0000,2022-12-02T00:05:00+0000,-1,1,-0.872984803323,0.588219435118,-0.872984803323,-1.87023245541,BRL,True,False,train
brl_only,brl_only|2022-12-05T00:00:00+00:00,2022-12-05T00:00:00+0000,2022-12-06T00:00:00+0000,2022-12-06T00:05:00+0000,2022-12-08T00:05:00+0000,1,-1,0.938089477792,0.938089477792,-0.019352927144,1.07307785428,BRL,True,False,train
brl_only,brl_only|2022-12-15T00:00:00+00:00,2022-12-15T00:00:00+0000,2022-12-16T00:00:00+0000,2022-12-16T00:05:00+0000,2022-12-18T00:05:00+0000,1,-1,0.85680625312,0.85680625312,-0.105303728566,1.83185579671,BRL,True,False,train
brl_only,brl_only|2022-12-20T00:00:00+00:00,2022-12-20T00:00:00+0000,2022-12-21T00:00:00+0000,2022-12-21T00:05:00+0000,2022-12-23T00:05:00+0000,-1,1,-0.494132596681,-0.291722261219,-0.494132596681,-2.51935314296,BRL,True,False,train
brl_only,brl_only|2022-12-23T00:00:00+00:00,2022-12-23T00:00:00+0000,2022-12-24T00:00:00+0000,2022-12-24T00:05:00+0000,2022-12-26T00:05:00+0000,-1,1,-0.2692211057,-0.2692211057,0.809402953175,-1.44101829341,BRL,True,False,train
brl_only,brl_only|2022-12-26T00:00:00+00:00,2022-12-26T00:00:00+0000,2022-12-27T00:00:00+0000,2022-12-27T00:05:00+0000,2022-12-29T00:05:00+0000,1,-1,-0.573515132258,-1.34305862899,-0.573515132258,1.58038159612,BRL,True,False,train
brl_only,brl_only|2023-01-03T00:00:00+00:00,2023-01-03T00:00:00+0000,2023-01-04T00:00:00+0000,2023-01-04T00:05:00+0000,2023-01-06T00:05:00+0000,1,-1,3.28307139695,3.79146630416,-0.850593325629,3.28307139695,EUR+BRL,True,False,selection
brl_only,brl_only|2023-01-05T00:00:00+00:00,2023-01-05T00:00:00+0000,2023-01-06T00:00:00+0000,2023-01-06T00:05:00+0000,2023-01-08T00:05:00+0000,-1,1,-0.179085356374,2.07482474501,-0.179085356374,-1.453480035,BRL,True,False,selection
brl_only,brl_only|2023-01-09T00:00:00+00:00,2023-01-09T00:00:00+0000,2023-01-10T00:00:00+0000,2023-01-10T00:05:00+0000,2023-01-12T00:05:00+0000,-1,1,-1.22652650966,-1.53657210852,-0.128137699439,-1.22652650966,EUR+BRL,True,False,selection
brl_only,brl_only|2023-01-16T00:00:00+00:00,2023-01-16T00:00:00+0000,2023-01-17T00:00:00+0000,2023-01-17T00:05:00+0000,2023-01-19T00:05:00+0000,1,-1,1.06523950503,0.00727889103015,1.45186386007,1.06523950503,TRY+BRL,True,False,selection
brl_only,brl_only|2023-01-18T00:00:00+00:00,2023-01-18T00:00:00+0000,2023-01-19T00:00:00+0000,2023-01-19T00:05:00+0000,2023-01-21T00:05:00+0000,1,-1,0.503475661047,-0.370375933866,0.503475661047,1.28561652366,BRL,True,False,selection
brl_only,brl_only|2023-01-24T00:00:00+00:00,2023-01-24T00:00:00+0000,2023-01-25T00:00:00+0000,2023-01-25T00:05:00+0000,2023-01-27T00:05:00+0000,-1,1,-0.299300282592,-0.299300282592,1.46699556368,-1.24297524549,BRL,True,False,selection
brl_only,brl_only|2023-01-31T00:00:00+00:00,2023-01-31T00:00:00+0000,2023-02-01T00:00:00+0000,2023-02-01T00:05:00+0000,2023-02-03T00:05:00+0000,-1,1,-1.22048641861,-0.247959997977,-1.28695780085,-1.22048641861,TRY+BRL,True,False,selection
brl_only,brl_only|2023-02-03T00:00:00+00:00,2023-02-03T00:00:00+0000,2023-02-04T00:00:00+0000,2023-02-04T00:05:00+0000,2023-02-06T00:05:00+0000,1,-1,2.09577748447,2.538004214,0.13087613995,2.09577748447,EUR+BRL,True,False,selection
brl_only,brl_only|2023-02-09T00:00:00+00:00,2023-02-09T00:00:00+0000,2023-02-10T00:00:00+0000,2023-02-10T00:05:00+0000,2023-02-12T00:05:00+0000,1,-1,1.78701619525,-0.379045495977,1.78701619525,2.62256066437,TRY+BRL,True,False,selection
brl_only,brl_only|2023-02-10T00:00:00+00:00,2023-02-10T00:00:00+0000,2023-02-11T00:00:00+0000,2023-02-11T00:05:00+0000,2023-02-13T00:05:00+0000,-1,1,1.57357089978,1.57357089978,1.66730566208,-1.78217444885,BRL,False,True,
brl_only,brl_only|2023-02-13T00:00:00+00:00,2023-02-13T00:00:00+0000,2023-02-14T00:00:00+0000,2023-02-14T00:05:00+0000,2023-02-16T00:05:00+0000,-1,1,-1.16356522346,-1.16356522346,-0.141114234939,-2.38852319919,EUR+BRL,True,False,selection
brl_only,brl_only|2023-02-20T00:00:00+00:00,2023-02-20T00:00:00+0000,2023-02-21T00:00:00+0000,2023-02-21T00:05:00+0000,2023-02-23T00:05:00+0000,-1,1,-0.155830859602,-0.0351270176748,-0.155830859602,-1.02925148485,BRL,True,False,selection
brl_only,brl_only|2023-02-24T00:00:00+00:00,2023-02-24T00:00:00+0000,2023-02-25T00:00:00+0000,2023-02-25T00:05:00+0000,2023-02-27T00:05:00+0000,1,-1,1.63573814269,1.55415161957,1.63573814269,2.04528236584,EUR+TRY+BRL,True,False,selection
brl_only,brl_only|2023-03-06T00:00:00+00:00,2023-03-06T00:00:00+0000,2023-03-07T00:00:00+0000,2023-03-07T00:05:00+0000,2023-03-09T00:05:00+0000,-1,1,-1.57164222765,-2.17135865821,-1.53466172996,-1.57164222765,EUR+TRY+BRL,True,False,selection
brl_only,brl_only|2023-03-07T00:00:00+00:00,2023-03-07T00:00:00+0000,2023-03-08T00:00:00+0000,2023-03-08T00:05:00+0000,2023-03-10T00:05:00+0000,1,-1,1.31113319449,3.05575970806,-0.161149611085,1.31113319449,EUR+BRL,False,True,
brl_only,brl_only|2023-03-08T00:00:00+00:00,2023-03-08T00:00:00+0000,2023-03-09T00:00:00+0000,2023-03-09T00:05:00+0000,2023-03-11T00:05:00+0000,-1,1,0.0422126764078,0.0422126764078,1.66499289204,-1.57357240551,BRL,True,False,selection
brl_only,brl_only|2023-03-10T00:00:00+00:00,2023-03-10T00:00:00+0000,2023-03-11T00:00:00+0000,2023-03-11T00:05:00+0000,2023-03-13T00:05:00+0000,1,-1,1.30165128814,-2.21964270006,1.30165128814,1.66036835007,TRY+BRL,True,False,selection
brl_only,brl_only|2023-03-11T00:00:00+00:00,2023-03-11T00:00:00+0000,2023-03-12T00:00:00+0000,2023-03-12T00:05:00+0000,2023-03-14T00:05:00+0000,-1,1,-2.93306590174,-2.93306590174,0.0903710902706,-4.22692083268,EUR+BRL,False,True,
brl_only,brl_only|2023-03-12T00:00:00+00:00,2023-03-12T00:00:00+0000,2023-03-13T00:00:00+0000,2023-03-13T00:05:00+0000,2023-03-15T00:05:00+0000,1,-1,1.82790692365,2.15367109553,-3.28120412366,1.82790692365,EUR+BRL,True,False,selection
brl_only,brl_only|2023-03-16T00:00:00+00:00,2023-03-16T00:00:00+0000,2023-03-17T00:00:00+0000,2023-03-17T00:05:00+0000,2023-03-19T00:05:00+0000,-1,1,-1.04557233469,-0.352214681247,-1.04557233469,-1.27762404205,TRY+BRL,True,False,selection
brl_only,brl_only|2023-03-17T00:00:00+00:00,2023-03-17T00:00:00+0000,2023-03-18T00:00:00+0000,2023-03-18T00:05:00+0000,2023-03-20T00:05:00+0000,1,-1,-0.968089584388,-1.32309108848,-0.968089584388,1.07327438276,BRL,False,True,
brl_only,brl_only|2023-03-27T00:00:00+00:00,2023-03-27T00:00:00+0000,2023-03-28T00:00:00+0000,2023-03-28T00:05:00+0000,2023-03-30T00:05:00+0000,-1,1,-0.152132639942,-0.152132639942,0.365435301702,-1.08051733633,BRL,True,False,selection
brl_only,brl_only|2023-03-31T00:00:00+00:00,2023-03-31T00:00:00+0000,2023-04-01T00:00:00+0000,2023-04-01T00:05:00+0000,2023-04-03T00:05:00+0000,-1,1,0.0412356903245,1.2677557556,0.0412356903245,-1.34929690068,BRL,True,False,selection
brl_only,brl_only|2023-04-05T00:00:00+00:00,2023-04-05T00:00:00+0000,2023-04-06T00:00:00+0000,2023-04-06T00:05:00+0000,2023-04-08T00:05:00+0000,-1,1,0.780509210038,1.23439051542,0.780509210038,-1.32669028474,BRL,True,False,selection
brl_only,brl_only|2023-04-11T00:00:00+00:00,2023-04-11T00:00:00+0000,2023-04-12T00:00:00+0000,2023-04-12T00:05:00+0000,2023-04-14T00:05:00+0000,-1,1,0.116977201761,0.116977201761,1.07125189592,-1.56093798511,BRL,True,False,selection
brl_only,brl_only|2023-04-15T00:00:00+00:00,2023-04-15T00:00:00+0000,2023-04-16T00:00:00+0000,2023-04-16T00:05:00+0000,2023-04-18T00:05:00+0000,1,-1,1.58562918612,0.421891607266,2.72709094814,1.58562918612,TRY+BRL,True,False,selection
brl_only,brl_only|2023-04-18T00:00:00+00:00,2023-04-18T00:00:00+0000,2023-04-19T00:00:00+0000,2023-04-19T00:05:00+0000,2023-04-21T00:05:00+0000,1,-1,0.574073107692,-0.805574874544,0.574073107692,1.08689695322,BRL,True,False,selection
brl_only,brl_only|2023-04-20T00:00:00+00:00,2023-04-20T00:00:00+0000,2023-04-21T00:00:00+0000,2023-04-21T00:05:00+0000,2023-04-23T00:05:00+0000,-1,1,-0.565106820016,-0.565106820016,1.13328765345,-1.4617307563,BRL,True,False,selection
brl_only,brl_only|2023-04-21T00:00:00+00:00,2023-04-21T00:00:00+0000,2023-04-22T00:00:00+0000,2023-04-22T00:05:00+0000,2023-04-24T00:05:00+0000,1,-1,1.34669851467,-0.31539764097,4.36128290121,1.34669851467,TRY+BRL,False,True,
brl_only,brl_only|2023-04-24T00:00:00+00:00,2023-04-24T00:00:00+0000,2023-04-25T00:00:00+0000,2023-04-25T00:05:00+0000,2023-04-27T00:05:00+0000,-1,1,-1.2981294315,-1.2981294315,-8.51033539892,-1.18652225308,EUR+TRY+BRL,True,False,selection
brl_only,brl_only|2023-04-27T00:00:00+00:00,2023-04-27T00:00:00+0000,2023-04-28T00:00:00+0000,2023-04-28T00:05:00+0000,2023-04-30T00:05:00+0000,-1,1,-1.77878735832,0.124104592563,-1.77878735832,-2.72225043574,TRY+BRL,True,False,selection
brl_only,brl_only|2023-05-03T00:00:00+00:00,2023-05-03T00:00:00+0000,2023-05-04T00:00:00+0000,2023-05-04T00:05:00+0000,2023-05-06T00:05:00+0000,-1,1,-1.42702482685,-1.42702482685,-1.0262176482,-1.60614706309,EUR+TRY+BRL,True,False,selection
brl_only,brl_only|2023-05-06T00:00:00+00:00,2023-05-06T00:00:00+0000,2023-05-07T00:00:00+0000,2023-05-07T00:05:00+0000,2023-05-09T00:05:00+0000,1,-1,1.04325128119,-0.140562619235,2.50628480656,1.04325128119,TRY+BRL,True,False,selection
brl_only,brl_only|2023-05-08T00:00:00+00:00,2023-05-08T00:00:00+0000,2023-05-09T00:00:00+0000,2023-05-09T00:05:00+0000,2023-05-11T00:05:00+0000,1,-1,1.09100600199,0.884706131313,2.61032101107,1.09100600199,TRY+BRL,True,False,selection
brl_only,brl_only|2023-05-09T00:00:00+00:00,2023-05-09T00:00:00+0000,2023-05-10T00:00:00+0000,2023-05-10T00:05:00+0000,2023-05-12T00:05:00+0000,-1,1,-0.969271398989,0.565737712492,-0.969271398989,-1.10780967316,BRL,False,True,
brl_only,brl_only|2023-05-15T00:00:00+00:00,2023-05-15T00:00:00+0000,2023-05-16T00:00:00+0000,2023-05-16T00:05:00+0000,2023-05-18T00:05:00+0000,-1,1,-1.54725880521,-0.448546077791,-9.1348484755,-1.54725880521,TRY+BRL,True,False,selection
brl_only,brl_only|2023-05-16T00:00:00+00:00,2023-05-16T00:00:00+0000,2023-05-17T00:00:00+0000,2023-05-17T00:05:00+0000,2023-05-19T00:05:00+0000,1,-1,-0.131608370888,-0.131608370888,-3.61021979445,1.62837892249,BRL,False,True,
brl_only,brl_only|2023-05-18T00:00:00+00:00,2023-05-18T00:00:00+0000,2023-05-19T00:00:00+0000,2023-05-19T00:05:00+0000,2023-05-21T00:05:00+0000,1,-1,1.60833609946,1.60833609946,3.12173660597,1.20918854427,EUR+TRY+BRL,True,False,selection
brl_only,brl_only|2023-05-25T00:00:00+00:00,2023-05-25T00:00:00+0000,2023-05-26T00:00:00+0000,2023-05-26T00:05:00+0000,2023-05-28T00:05:00+0000,1,-1,0.694981209523,0.392224661444,0.694981209523,1.67239546525,BRL,True,False,selection
brl_only,brl_only|2023-05-29T00:00:00+00:00,2023-05-29T00:00:00+0000,2023-05-30T00:00:00+0000,2023-05-30T00:05:00+0000,2023-06-01T00:05:00+0000,1,-1,0.81783657596,0.81783657596,0.25409957511,1.09336158556,BRL,True,False,selection
brl_only,brl_only|2023-06-01T00:00:00+00:00,2023-06-01T00:00:00+0000,2023-06-02T00:00:00+0000,2023-06-02T00:05:00+0000,2023-06-04T00:05:00+0000,-1,1,-1.34254039794,-1.72391889759,0.135968498571,-1.34254039794,EUR+BRL,True,False,selection
brl_only,brl_only|2023-06-05T00:00:00+00:00,2023-06-05T00:00:00+0000,2023-06-06T00:00:00+0000,2023-06-06T00:05:00+0000,2023-06-08T00:05:00+0000,-1,1,0.711646666476,0.711646666476,6.38322947958,-1.22721063486,BRL,True,False,selection
brl_only,brl_only|2023-06-09T00:00:00+00:00,2023-06-09T00:00:00+0000,2023-06-10T00:00:00+0000,2023-06-10T00:05:00+0000,2023-06-12T00:05:00+0000,-1,1,0.932697895854,0.932697895854,1.70549966828,-1.62571567862,BRL,True,False,selection
brl_only,brl_only|2023-06-12T00:00:00+00:00,2023-06-12T00:00:00+0000,2023-06-13T00:00:00+0000,2023-06-13T00:05:00+0000,2023-06-15T00:05:00+0000,-1,1,-2.22472387375,-1.62187497357,-2.69416764066,-2.22472387375,EUR+TRY+BRL,True,False,selection
brl_only,brl_only|2023-06-19T00:00:00+00:00,2023-06-19T00:00:00+0000,2023-06-20T00:00:00+0000,2023-06-20T00:05:00+0000,2023-06-22T00:05:00+0000,-1,1,-2.27178808215,0.593264508737,-3.79939775718,-2.27178808215,TRY+BRL,True,False,selection
brl_only,brl_only|2023-06-21T00:00:00+00:00,2023-06-21T00:00:00+0000,2023-06-22T00:00:00+0000,2023-06-22T00:05:00+0000,2023-06-24T00:05:00+0000,-1,1,-1.74251625157,-1.74251625157,-2.25100746745,-1.34768135297,EUR+TRY+BRL,True,False,selection
brl_only,brl_only|2023-06-23T00:00:00+00:00,2023-06-23T00:00:00+0000,2023-06-24T00:00:00+0000,2023-06-24T00:05:00+0000,2023-06-26T00:05:00+0000,1,-1,1.96873002996,1.96873002996,6.827517474,1.28350601613,EUR+TRY+BRL,True,False,selection
brl_only,brl_only|2023-06-27T00:00:00+00:00,2023-06-27T00:00:00+0000,2023-06-28T00:00:00+0000,2023-06-28T00:05:00+0000,2023-06-30T00:05:00+0000,1,-1,0.230670081457,-1.00801556121,0.230670081457,1.17209759865,BRL,True,False,selection
brl_only,brl_only|2023-06-30T00:00:00+00:00,2023-06-30T00:00:00+0000,2023-07-01T00:00:00+0000,2023-07-01T00:05:00+0000,2023-07-03T00:05:00+0000,-1,1,-1.80684559041,-1.68389901082,-1.80684559041,-2.02163302555,EUR+TRY+BRL,True,False,selection
brl_only,brl_only|2023-07-04T00:00:00+00:00,2023-07-04T00:00:00+0000,2023-07-05T00:00:00+0000,2023-07-05T00:05:00+0000,2023-07-07T00:05:00+0000,1,-1,1.1133768474,1.1133768474,-0.199659664673,2.20476104754,EUR+BRL,True,False,selection
brl_only,brl_only|2023-07-06T00:00:00+00:00,2023-07-06T00:00:00+0000,2023-07-07T00:00:00+0000,2023-07-07T00:05:00+0000,2023-07-09T00:05:00+0000,1,-1,-0.153650517714,-0.595965300129,-0.153650517714,2.48123539908,BRL,True,False,selection
brl_only,brl_only|2023-07-10T00:00:00+00:00,2023-07-10T00:00:00+0000,2023-07-11T00:00:00+0000,2023-07-11T00:05:00+0000,2023-07-13T00:05:00+0000,-1,1,-1.07550443941,-1.58404263666,-0.70514004087,-1.07550443941,EUR+BRL,True,False,selection
brl_only,brl_only|2023-07-12T00:00:00+00:00,2023-07-12T00:00:00+0000,2023-07-13T00:00:00+0000,2023-07-13T00:05:00+0000,2023-07-15T00:05:00+0000,-1,1,-1.08894342586,-3.13320763176,0.361025670916,-1.08894342586,EUR+BRL,True,False,selection
brl_only,brl_only|2023-07-14T00:00:00+00:00,2023-07-14T00:00:00+0000,2023-07-15T00:00:00+0000,2023-07-15T00:05:00+0000,2023-07-17T00:05:00+0000,1,-1,1.43158708805,0.136859087982,4.41265789076,1.43158708805,TRY+BRL,True,False,selection
brl_only,brl_only|2023-07-24T00:00:00+00:00,2023-07-24T00:00:00+0000,2023-07-25T00:00:00+0000,2023-07-25T00:05:00+0000,2023-07-27T00:05:00+0000,-1,1,-0.0765920800329,1.71360284171,-0.0765920800329,-1.90051668798,BRL,True,False,selection
brl_only,brl_only|2023-08-01T00:00:00+00:00,2023-08-01T00:00:00+0000,2023-08-02T00:00:00+0000,2023-08-02T00:05:00+0000,2023-08-04T00:05:00+0000,1,-1,0.251879706919,-0.471657747079,0.251879706919,1.72699074069,BRL,True,False,selection
brl_only,brl_only|2023-08-15T00:00:00+00:00,2023-08-15T00:00:00+0000,2023-08-16T00:00:00+0000,2023-08-16T00:05:00+0000,2023-08-18T00:05:00+0000,1,-1,1.20274699297,-1.97074954662,1.20274699297,1.44415862765,TRY+BRL,True,False,selection
brl_only,brl_only|2023-08-17T00:00:00+00:00,2023-08-17T00:00:00+0000,2023-08-18T00:00:00+0000,2023-08-18T00:05:00+0000,2023-08-20T00:05:00+0000,1,-1,1.51456363596,0.934473828606,2.33748981398,1.51456363596,TRY+BRL,True,False,selection
brl_only,brl_only|2023-08-18T00:00:00+00:00,2023-08-18T00:00:00+0000,2023-08-19T00:00:00+0000,2023-08-19T00:05:00+0000,2023-08-21T00:05:00+0000,-1,1,-0.0982463168172,3.20740494125,-0.0982463168172,-1.08370703612,BRL,False,True,
brl_only,brl_only|2023-08-21T00:00:00+00:00,2023-08-21T00:00:00+0000,2023-08-22T00:00:00+0000,2023-08-22T00:05:00+0000,2023-08-24T00:05:00+0000,-1,1,-1.23264636257,-2.50429473068,-0.3449309249,-1.23264636257,EUR+BRL,True,False,selection
brl_only,brl_only|2023-08-31T00:00:00+00:00,2023-08-31T00:00:00+0000,2023-09-01T00:00:00+0000,2023-09-01T00:05:00+0000,2023-09-03T00:05:00+0000,1,-1,2.29902178067,2.29902178067,-0.0749284805685,3.20582419808,EUR+BRL,True,False,selection
brl_only,brl_only|2023-09-04T00:00:00+00:00,2023-09-04T00:00:00+0000,2023-09-05T00:00:00+0000,2023-09-05T00:05:00+0000,2023-09-07T00:05:00+0000,-1,1,-0.926079556447,-0.926079556447,-0.333977406672,-1.2608250321,BRL,True,False,selection
brl_only,brl_only|2023-09-05T00:00:00+00:00,2023-09-05T00:00:00+0000,2023-09-06T00:00:00+0000,2023-09-06T00:05:00+0000,2023-09-08T00:05:00+0000,1,-1,1.13778563303,1.70871922431,-0.550963751533,1.13778563303,EUR+BRL,False,True,
brl_only,brl_only|2023-09-11T00:00:00+00:00,2023-09-11T00:00:00+0000,2023-09-12T00:00:00+0000,2023-09-12T00:05:00+0000,2023-09-14T00:05:00+0000,-1,1,-0.532475974685,-0.532475974685,-0.237676931051,-2.50780760087,BRL,True,False,selection
brl_only,brl_only|2023-09-14T00:00:00+00:00,2023-09-14T00:00:00+0000,2023-09-15T00:00:00+0000,2023-09-15T00:05:00+0000,2023-09-17T00:05:00+0000,-1,1,-0.234521817269,2.3141017052,-0.234521817269,-1.79987752179,BRL,True,False,selection
brl_only,brl_only|2023-09-21T00:00:00+00:00,2023-09-21T00:00:00+0000,2023-09-22T00:00:00+0000,2023-09-22T00:05:00+0000,2023-09-24T00:05:00+0000,1,-1,0.97758772382,-0.264585136309,0.97758772382,2.71761516876,BRL,True,False,selection
brl_only,brl_only|2023-09-27T00:00:00+00:00,2023-09-27T00:00:00+0000,2023-09-28T00:00:00+0000,2023-09-28T00:05:00+0000,2023-09-30T00:05:00+0000,1,-1,1.7662463443,1.7662463443,0.928731696716,2.4302393153,EUR+BRL,True,False,selection
brl_only,brl_only|2023-10-02T00:00:00+00:00,2023-10-02T00:00:00+0000,2023-10-03T00:00:00+0000,2023-10-03T00:05:00+0000,2023-10-05T00:05:00+0000,1,-1,1.61194555423,2.46959182303,0.551045188082,1.61194555423,EUR+BRL,True,False,selection
brl_only,brl_only|2023-10-05T00:00:00+00:00,2023-10-05T00:00:00+0000,2023-10-06T00:00:00+0000,2023-10-06T00:05:00+0000,2023-10-08T00:05:00+0000,1,-1,0.490043057138,-1.23389237057,0.490043057138,1.09229213694,BRL,True,False,selection
brl_only,brl_only|2023-10-09T00:00:00+00:00,2023-10-09T00:00:00+0000,2023-10-10T00:00:00+0000,2023-10-10T00:05:00+0000,2023-10-12T00:05:00+0000,-1,1,-0.573719114785,-0.573719114785,1.48224942749,-1.47740592955,BRL,True,False,selection
brl_only,brl_only|2023-10-13T00:00:00+00:00,2023-10-13T00:00:00+0000,2023-10-14T00:00:00+0000,2023-10-14T00:05:00+0000,2023-10-16T00:05:00+0000,1,-1,1.20134680502,0.855788565877,1.20134680502,1.22621054371,TRY+BRL,True,False,selection
brl_only,brl_only|2023-10-16T00:00:00+00:00,2023-10-16T00:00:00+0000,2023-10-17T00:00:00+0000,2023-10-17T00:05:00+0000,2023-10-19T00:05:00+0000,-1,1,-0.763045376378,-0.763045376378,-0.125808077829,-3.71013586276,BRL,True,False,selection
brl_only,brl_only|2023-10-18T00:00:00+00:00,2023-10-18T00:00:00+0000,2023-10-19T00:00:00+0000,2023-10-19T00:05:00+0000,2023-10-21T00:05:00+0000,1,-1,1.01284512921,1.01284512921,0.427470705047,1.01553569017,EUR+BRL,True,False,selection
brl_only,brl_only|2023-10-23T00:00:00+00:00,2023-10-23T00:00:00+0000,2023-10-24T00:00:00+0000,2023-10-24T00:05:00+0000,2023-10-26T00:05:00+0000,-1,1,-1.78849019473,-2.66157431961,-0.21352641998,-1.78849019473,EUR+BRL,True,False,selection
brl_only,brl_only|2023-10-27T00:00:00+00:00,2023-10-27T00:00:00+0000,2023-10-28T00:00:00+0000,2023-10-28T00:05:00+0000,2023-10-30T00:05:00+0000,1,-1,1.13183253382,-0.138154421861,1.70219848145,1.13183253382,TRY+BRL,True,False,selection
brl_only,brl_only|2023-10-30T00:00:00+00:00,2023-10-30T00:00:00+0000,2023-10-31T00:00:00+0000,2023-10-31T00:05:00+0000,2023-11-02T00:05:00+0000,1,-1,0.173420291904,-1.75639013423,0.173420291904,1.29944975785,BRL,True,False,selection
brl_only,brl_only|2023-11-01T00:00:00+00:00,2023-11-01T00:00:00+0000,2023-11-02T00:00:00+0000,2023-11-02T00:05:00+0000,2023-11-04T00:05:00+0000,-1,1,-0.138715442824,-0.138715442824,0.0840990442335,-3.31830941499,BRL,True,False,selection
brl_only,brl_only|2023-11-03T00:00:00+00:00,2023-11-03T00:00:00+0000,2023-11-04T00:00:00+0000,2023-11-04T00:05:00+0000,2023-11-06T00:05:00+0000,-1,1,-2.85455082755,-3.28046057027,1.34136057203,-2.85455082755,EUR+BRL,True,False,selection
brl_only,brl_only|2023-11-06T00:00:00+00:00,2023-11-06T00:00:00+0000,2023-11-07T00:00:00+0000,2023-11-07T00:05:00+0000,2023-11-09T00:05:00+0000,-1,1,-1.58392092595,0.0933952098768,-1.73207039472,-1.58392092595,TRY+BRL,True,False,selection
brl_only,brl_only|2023-11-08T00:00:00+00:00,2023-11-08T00:00:00+0000,2023-11-09T00:00:00+0000,2023-11-09T00:05:00+0000,2023-11-11T00:05:00+0000,1,-1,-0.32341318013,-0.32341318013,-0.855136515829,2.01799840425,BRL,True,False,selection
brl_only,brl_only|2023-11-10T00:00:00+00:00,2023-11-10T00:00:00+0000,2023-11-11T00:00:00+0000,2023-11-11T00:05:00+0000,2023-11-13T00:05:00+0000,-1,1,-0.768237432207,-0.309400046222,-0.768237432207,-1.70519005442,BRL,True,False,selection
brl_only,brl_only|2023-11-14T00:00:00+00:00,2023-11-14T00:00:00+0000,2023-11-15T00:00:00+0000,2023-11-15T00:05:00+0000,2023-11-17T00:05:00+0000,-1,1,-2.22531816334,-5.34500927319,-0.546569802382,-2.22531816334,EUR+BRL,True,False,selection
brl_only,brl_only|2023-11-17T00:00:00+00:00,2023-11-17T00:00:00+0000,2023-11-18T00:00:00+0000,2023-11-18T00:05:00+0000,2023-11-20T00:05:00+0000,1,-1,1.16105696768,-1.88748843753,1.52354501791,1.16105696768,TRY+BRL,True,False,selection
brl_only,brl_only|2023-11-20T00:00:00+00:00,2023-11-20T00:00:00+0000,2023-11-21T00:00:00+0000,2023-11-21T00:05:00+0000,2023-11-23T00:05:00+0000,-1,1,-1.02723843013,-1.02723843013,0.173104817873,-2.50349401899,EUR+BRL,True,False,selection
brl_only,brl_only|2023-11-21T00:00:00+00:00,2023-11-21T00:00:00+0000,2023-11-22T00:00:00+0000,2023-11-22T00:05:00+0000,2023-11-24T00:05:00+0000,1,-1,0.789565846222,0.789565846222,-0.901487835658,2.1073327137,BRL,False,True,
brl_only,brl_only|2023-11-27T00:00:00+00:00,2023-11-27T00:00:00+0000,2023-11-28T00:00:00+0000,2023-11-28T00:05:00+0000,2023-11-30T00:05:00+0000,-1,1,-0.587742826544,0.150917358249,-0.587742826544,-1.06631438955,BRL,True,False,selection
brl_only,brl_only|2023-11-29T00:00:00+00:00,2023-11-29T00:00:00+0000,2023-11-30T00:00:00+0000,2023-11-30T00:05:00+0000,2023-12-02T00:05:00+0000,1,-1,0.96900508585,0.96900508585,-0.488531271561,1.37291307309,BRL,True,False,selection
brl_only,brl_only|2023-12-01T00:00:00+00:00,2023-12-01T00:00:00+0000,2023-12-02T00:00:00+0000,2023-12-02T00:05:00+0000,2023-12-04T00:05:00+0000,-1,1,0.486039676123,0.486039676123,0.948731450449,-1.4854216581,BRL,True,False,selection
brl_only,brl_only|2023-12-04T00:00:00+00:00,2023-12-04T00:00:00+0000,2023-12-05T00:00:00+0000,2023-12-05T00:05:00+0000,2023-12-07T00:05:00+0000,1,-1,1.70172502408,1.70172502408,0.119057350769,2.06881083398,EUR+BRL,True,False,selection
brl_only,brl_only|2023-12-06T00:00:00+00:00,2023-12-06T00:00:00+0000,2023-12-07T00:00:00+0000,2023-12-07T00:05:00+0000,2023-12-09T00:05:00+0000,-1,1,0.765500093611,0.765500093611,0.915172134301,-1.75391652705,BRL,True,False,selection
brl_only,brl_only|2023-12-08T00:00:00+00:00,2023-12-08T00:00:00+0000,2023-12-09T00:00:00+0000,2023-12-09T00:05:00+0000,2023-12-11T00:05:00+0000,1,-1,0.984572553196,0.984572553196,0.69109151894,1.06357626724,BRL,True,False,selection
brl_only,brl_only|2023-12-13T00:00:00+00:00,2023-12-13T00:00:00+0000,2023-12-14T00:00:00+0000,2023-12-14T00:05:00+0000,2023-12-16T00:05:00+0000,-1,1,-2.14007885243,-2.14007885243,0.107517159393,-2.34444234535,EUR+BRL,True,False,selection
brl_only,brl_only|2023-12-15T00:00:00+00:00,2023-12-15T00:00:00+0000,2023-12-16T00:00:00+0000,2023-12-16T00:05:00+0000,2023-12-18T00:05:00+0000,1,-1,3.02812130856,3.02812130856,4.2575665131,2.03307676639,EUR+TRY+BRL,True,False,selection
brl_only,brl_only|2023-12-18T00:00:00+00:00,2023-12-18T00:00:00+0000,2023-12-19T00:00:00+0000,2023-12-19T00:05:00+0000,2023-12-21T00:05:00+0000,-1,1,-0.937645322796,-0.894460929053,-0.937645322796,-3.29008227217,BRL,True,False,selection
brl_only,brl_only|2023-12-20T00:00:00+00:00,2023-12-20T00:00:00+0000,2023-12-21T00:00:00+0000,2023-12-21T00:05:00+0000,2023-12-23T00:05:00+0000,1,-1,1.23351549792,1.23351549792,-1.85388778245,2.20538905869,EUR+BRL,True,False,selection
brl_only,brl_only|2023-12-21T00:00:00+00:00,2023-12-21T00:00:00+0000,2023-12-22T00:00:00+0000,2023-12-22T00:05:00+0000,2023-12-24T00:05:00+0000,-1,1,-1.58029355263,-1.76426218142,-0.522535875668,-1.58029355263,EUR+BRL,False,True,
brl_only,brl_only|2023-12-26T00:00:00+00:00,2023-12-26T00:00:00+0000,2023-12-27T00:00:00+0000,2023-12-27T00:05:00+0000,2023-12-29T00:05:00+0000,-1,1,-1.39563962186,-1.39563962186,4.02450116259,-4.63582055042,EUR+BRL,True,False,selection
brl_only,brl_only|2023-12-28T00:00:00+00:00,2023-12-28T00:00:00+0000,2023-12-29T00:00:00+0000,2023-12-29T00:05:00+0000,2023-12-31T00:05:00+0000,1,-1,1.48274564632,1.48274564632,-0.270678434999,1.81512332234,EUR+BRL,True,False,selection
btc_return_shadow,btc_return_shadow|2021-05-04T00:00:00+00:00,2021-05-04T00:00:00+0000,2021-05-05T00:00:00+0000,2021-05-05T00:05:00+0000,2021-05-07T00:05:00+0000,-1,1,0.777465733202,1.49602532931,0.777465733202,0.626094770494,,True,False,train
btc_return_shadow,btc_return_shadow|2021-05-05T00:00:00+00:00,2021-05-05T00:00:00+0000,2021-05-06T00:00:00+0000,2021-05-06T00:05:00+0000,2021-05-08T00:05:00+0000,1,-1,-2.1494031619,-0.714026106796,-2.1494031619,-2.6911774907,,False,True,
btc_return_shadow,btc_return_shadow|2021-05-10T00:00:00+00:00,2021-05-10T00:00:00+0000,2021-05-11T00:00:00+0000,2021-05-11T00:05:00+0000,2021-05-13T00:05:00+0000,-1,1,1.37435375142,1.91299934766,1.37435375142,0.550442801704,,True,False,train
btc_return_shadow,btc_return_shadow|2021-05-12T00:00:00+00:00,2021-05-12T00:00:00+0000,2021-05-13T00:00:00+0000,2021-05-13T00:05:00+0000,2021-05-15T00:05:00+0000,-1,1,2.2858837347,2.25864017971,3.11870079886,2.2858837347,,True,False,train
btc_return_shadow,btc_return_shadow|2021-05-15T00:00:00+00:00,2021-05-15T00:00:00+0000,2021-05-16T00:00:00+0000,2021-05-16T00:05:00+0000,2021-05-18T00:05:00+0000,-1,1,0.707552901679,0.109673541794,0.707552901679,0.707729985607,,True,False,train
btc_return_shadow,btc_return_shadow|2021-05-17T00:00:00+00:00,2021-05-17T00:00:00+0000,2021-05-18T00:00:00+0000,2021-05-18T00:05:00+0000,2021-05-20T00:05:00+0000,-1,1,-0.291850050161,-0.291850050161,-1.37498306387,-0.249181732795,TRY,True,False,train
btc_return_shadow,btc_return_shadow|2021-05-19T00:00:00+00:00,2021-05-19T00:00:00+0000,2021-05-20T00:00:00+0000,2021-05-20T00:05:00+0000,2021-05-22T00:05:00+0000,-1,1,1.72868233852,1.4042146308,1.72868233852,2.5968467031,,True,False,train
btc_return_shadow,btc_return_shadow|2021-05-20T00:00:00+00:00,2021-05-20T00:00:00+0000,2021-05-21T00:00:00+0000,2021-05-21T00:05:00+0000,2021-05-23T00:05:00+0000,1,-1,-1.47267829796,-0.635543549454,-1.80386866298,-1.47267829796,,False,True,
btc_return_shadow,btc_return_shadow|2021-05-21T00:00:00+00:00,2021-05-21T00:00:00+0000,2021-05-22T00:00:00+0000,2021-05-22T00:05:00+0000,2021-05-24T00:05:00+0000,-1,1,0.878963732337,0.878963732337,0.677787084735,1.56865781752,,True,False,train
btc_return_shadow,btc_return_shadow|2021-05-23T00:00:00+00:00,2021-05-23T00:00:00+0000,2021-05-24T00:00:00+0000,2021-05-24T00:05:00+0000,2021-05-26T00:05:00+0000,-1,1,-0.0544755408597,-0.0544755408597,-0.630903222475,0.473588642382,,True,False,train
btc_return_shadow,btc_return_shadow|2021-05-24T00:00:00+00:00,2021-05-24T00:00:00+0000,2021-05-25T00:00:00+0000,2021-05-25T00:05:00+0000,2021-05-27T00:05:00+0000,1,-1,-0.856684393781,-0.524027749231,-0.856684393781,-1.91859173224,,False,True,
btc_return_shadow,btc_return_shadow|2021-05-28T00:00:00+00:00,2021-05-28T00:00:00+0000,2021-05-29T00:00:00+0000,2021-05-29T00:05:00+0000,2021-05-31T00:05:00+0000,-1,1,0.990502723759,0.990502723759,1.35231419972,0.155984936175,,True,False,train
btc_return_shadow,btc_return_shadow|2021-05-31T00:00:00+00:00,2021-05-31T00:00:00+0000,2021-06-01T00:00:00+0000,2021-06-01T00:05:00+0000,2021-06-03T00:05:00+0000,1,-1,-1.78957289881,-1.78957289881,-2.07103878964,-0.861245866768,,True,False,train
btc_return_shadow,btc_return_shadow|2021-06-03T00:00:00+00:00,2021-06-03T00:00:00+0000,2021-06-04T00:00:00+0000,2021-06-04T00:05:00+0000,2021-06-06T00:05:00+0000,1,-1,0.91100343894,2.15355512203,0.91100343894,-0.787985858197,EUR,True,False,train
btc_return_shadow,btc_return_shadow|2021-06-04T00:00:00+00:00,2021-06-04T00:00:00+0000,2021-06-05T00:00:00+0000,2021-06-05T00:05:00+0000,2021-06-07T00:05:00+0000,-1,1,-0.126571616549,-0.556668462024,0.0774322997798,-0.126571616549,,False,True,
btc_return_shadow,btc_return_shadow|2021-06-07T00:00:00+00:00,2021-06-07T00:00:00+0000,2021-06-08T00:00:00+0000,2021-06-08T00:05:00+0000,2021-06-10T00:05:00+0000,-1,1,-0.0603800832771,-0.0603800832771,-0.244528172019,0.515655470999,,True,False,train
btc_return_shadow,btc_return_shadow|2021-06-09T00:00:00+00:00,2021-06-09T00:00:00+0000,2021-06-10T00:00:00+0000,2021-06-10T00:05:00+0000,2021-06-12T00:05:00+0000,1,-1,-0.188601559705,-0.188601559705,-0.822190820366,0.392956583747,,True,False,train
btc_return_shadow,btc_return_shadow|2021-06-12T00:00:00+00:00,2021-06-12T00:00:00+0000,2021-06-13T00:00:00+0000,2021-06-13T00:05:00+0000,2021-06-15T00:05:00+0000,-1,1,0.104063348866,0.384695489403,-0.165182770188,0.104063348866,,True,False,train
btc_return_shadow,btc_return_shadow|2021-06-13T00:00:00+00:00,2021-06-13T00:00:00+0000,2021-06-14T00:00:00+0000,2021-06-14T00:05:00+0000,2021-06-16T00:05:00+0000,1,-1,-1.10894835335,-1.10894835335,-0.584981977885,-1.27816110069,,False,True,
btc_return_shadow,btc_return_shadow|2021-06-16T00:00:00+00:00,2021-06-16T00:00:00+0000,2021-06-17T00:00:00+0000,2021-06-17T00:05:00+0000,2021-06-19T00:05:00+0000,-1,1,0.93905497737,3.30548618069,0.93905497737,0.427502563132,,True,False,train
btc_return_shadow,btc_return_shadow|2021-06-18T00:00:00+00:00,2021-06-18T00:00:00+0000,2021-06-19T00:00:00+0000,2021-06-19T00:05:00+0000,2021-06-21T00:05:00+0000,-1,1,1.91271799112,1.91271799112,0.542122850061,2.37215798282,,True,False,train
btc_return_shadow,btc_return_shadow|2021-06-21T00:00:00+00:00,2021-06-21T00:00:00+0000,2021-06-22T00:00:00+0000,2021-06-22T00:05:00+0000,2021-06-24T00:05:00+0000,-1,1,-0.780585579037,-0.780585579037,0.653970610058,-1.42441504256,BRL,True,False,train
btc_return_shadow,btc_return_shadow|2021-06-25T00:00:00+00:00,2021-06-25T00:00:00+0000,2021-06-26T00:00:00+0000,2021-06-26T00:05:00+0000,2021-06-28T00:05:00+0000,-1,1,1.31192673922,0.583722443781,1.3933308871,1.31192673922,,True,False,train
btc_return_shadow,btc_return_shadow|2021-06-27T00:00:00+00:00,2021-06-27T00:00:00+0000,2021-06-28T00:00:00+0000,2021-06-28T00:05:00+0000,2021-06-30T00:05:00+0000,1,-1,-0.55321309385,-0.393890901174,-0.55321309385,-0.925000126383,,True,False,train
btc_return_shadow,btc_return_shadow|2021-06-29T00:00:00+00:00,2021-06-29T00:00:00+0000,2021-06-30T00:00:00+0000,2021-06-30T00:05:00+0000,2021-07-02T00:05:00+0000,1,-1,0.319709523642,0.729708214706,0.202377214371,0.319709523642,,True,False,train
btc_return_shadow,btc_return_shadow|2021-07-01T00:00:00+00:00,2021-07-01T00:00:00+0000,2021-07-02T00:00:00+0000,2021-07-02T00:05:00+0000,2021-07-04T00:05:00+0000,-1,1,0.483506002828,0.483506002828,0.267048957565,1.64700376271,,True,False,train
btc_return_shadow,btc_return_shadow|2021-07-05T00:00:00+00:00,2021-07-05T00:00:00+0000,2021-07-06T00:00:00+0000,2021-07-06T00:05:00+0000,2021-07-08T00:05:00+0000,-1,1,0.513917863728,0.513917863728,0.312738287778,1.91970781471,,True,False,train
btc_return_shadow,btc_return_shadow|2021-07-21T00:00:00+00:00,2021-07-21T00:00:00+0000,2021-07-22T00:00:00+0000,2021-07-22T00:05:00+0000,2021-07-24T00:05:00+0000,1,-1,-0.962761472262,-0.962761472262,-1.39877317543,-0.547845816063,,True,False,train
btc_return_shadow,btc_return_shadow|2021-07-23T00:00:00+00:00,2021-07-23T00:00:00+0000,2021-07-24T00:00:00+0000,2021-07-24T00:05:00+0000,2021-07-26T00:05:00+0000,1,-1,-0.55910101051,-0.469414120226,-0.55910101051,-0.703808996985,,True,False,train
btc_return_shadow,btc_return_shadow|2021-07-26T00:00:00+00:00,2021-07-26T00:00:00+0000,2021-07-27T00:00:00+0000,2021-07-27T00:05:00+0000,2021-07-29T00:05:00+0000,1,-1,0.0836845157246,-2.01106112185,0.0836845157246,0.305287007286,,True,False,train
btc_return_shadow,btc_return_shadow|2021-07-30T00:00:00+00:00,2021-07-30T00:00:00+0000,2021-07-31T00:00:00+0000,2021-07-31T00:05:00+0000,2021-08-02T00:05:00+0000,1,-1,-0.673703294514,-1.29095313828,-0.673703294514,2.55666929957,BRL,True,False,train
btc_return_shadow,btc_return_shadow|2021-08-01T00:00:00+00:00,2021-08-01T00:00:00+0000,2021-08-02T00:00:00+0000,2021-08-02T00:05:00+0000,2021-08-04T00:05:00+0000,-1,1,1.1165772636,1.39746674592,1.1165772636,0.187767012344,,True,False,train
btc_return_shadow,btc_return_shadow|2021-08-04T00:00:00+00:00,2021-08-04T00:00:00+0000,2021-08-05T00:00:00+0000,2021-08-05T00:05:00+0000,2021-08-07T00:05:00+0000,1,-1,-0.260039730455,1.37878210954,-0.260039730455,-0.613793550375,EUR,True,False,train
btc_return_shadow,btc_return_shadow|2021-08-06T00:00:00+00:00,2021-08-06T00:00:00+0000,2021-08-07T00:00:00+0000,2021-08-07T00:05:00+0000,2021-08-09T00:05:00+0000,1,-1,0.702459815176,1.51406571495,0.702459815176,0.096169588168,EUR,True,False,train
btc_return_shadow,btc_return_shadow|2021-08-09T00:00:00+00:00,2021-08-09T00:00:00+0000,2021-08-10T00:00:00+0000,2021-08-10T00:05:00+0000,2021-08-12T00:05:00+0000,1,-1,-0.173053026534,-0.665801513631,-0.173053026534,-0.0803484884398,,True,False,train
btc_return_shadow,btc_return_shadow|2021-08-13T00:00:00+00:00,2021-08-13T00:00:00+0000,2021-08-14T00:00:00+0000,2021-08-14T00:05:00+0000,2021-08-16T00:05:00+0000,1,-1,-1.64406610524,-3.67801209298,-1.64406610524,-0.537475537425,,True,False,train
btc_return_shadow,btc_return_shadow|2021-08-19T00:00:00+00:00,2021-08-19T00:00:00+0000,2021-08-20T00:00:00+0000,2021-08-20T00:05:00+0000,2021-08-22T00:05:00+0000,1,-1,-0.40899600401,-2.58672781884,-0.40899600401,-0.226578303851,,True,False,train
btc_return_shadow,btc_return_shadow|2021-08-24T00:00:00+00:00,2021-08-24T00:00:00+0000,2021-08-25T00:00:00+0000,2021-08-25T00:05:00+0000,2021-08-27T00:05:00+0000,-1,1,0.362566347217,0.977752869182,0.362566347217,-3.25087248716,BRL,True,False,train
btc_return_shadow,btc_return_shadow|2021-08-26T00:00:00+00:00,2021-08-26T00:00:00+0000,2021-08-27T00:00:00+0000,2021-08-27T00:05:00+0000,2021-08-29T00:05:00+0000,-1,1,0.726537665297,0.726537665297,-0.104805165875,1.29985274651,,True,False,train
btc_return_shadow,btc_return_shadow|2021-08-27T00:00:00+00:00,2021-08-27T00:00:00+0000,2021-08-28T00:00:00+0000,2021-08-28T00:05:00+0000,2021-08-30T00:05:00+0000,1,-1,-2.4219109057,-3.03391462545,-1.27090591835,-2.4219109057,,False,True,
btc_return_shadow,btc_return_shadow|2021-08-30T00:00:00+00:00,2021-08-30T00:00:00+0000,2021-08-31T00:00:00+0000,2021-08-31T00:05:00+0000,2021-09-02T00:05:00+0000,-1,1,0.466389187523,0.466389187523,0.39872409703,0.523520787577,,True,False,train
btc_return_shadow,btc_return_shadow|2021-09-01T00:00:00+00:00,2021-09-01T00:00:00+0000,2021-09-02T00:00:00+0000,2021-09-02T00:05:00+0000,2021-09-04T00:05:00+0000,1,-1,-0.918096312048,-1.8178389937,-0.918096312048,-0.584702700518,,True,False,train
btc_return_shadow,btc_return_shadow|2021-09-05T00:00:00+00:00,2021-09-05T00:00:00+0000,2021-09-06T00:00:00+0000,2021-09-06T00:05:00+0000,2021-09-08T00:05:00+0000,1,-1,-0.974043970217,-0.976547331651,-0.974043970217,-0.685144541415,,True,False,train
btc_return_shadow,btc_return_shadow|2021-09-07T00:00:00+00:00,2021-09-07T00:00:00+0000,2021-09-08T00:00:00+0000,2021-09-08T00:05:00+0000,2021-09-10T00:05:00+0000,-1,1,2.61502809063,3.92059572352,2.42479698916,2.61502809063,,True,False,train
btc_return_shadow,btc_return_shadow|2021-09-14T00:00:00+00:00,2021-09-14T00:00:00+0000,2021-09-15T00:00:00+0000,2021-09-15T00:05:00+0000,2021-09-17T00:05:00+0000,1,-1,0.0665246560654,0.0665246560654,-0.351202601373,0.976430229122,,True,False,train
btc_return_shadow,btc_return_shadow|2021-09-20T00:00:00+00:00,2021-09-20T00:00:00+0000,2021-09-21T00:00:00+0000,2021-09-21T00:05:00+0000,2021-09-23T00:05:00+0000,-1,1,0.993387941774,0.993387941774,0.590473285727,1.62707547894,,True,False,train
btc_return_shadow,btc_return_shadow|2021-09-22T00:00:00+00:00,2021-09-22T00:00:00+0000,2021-09-23T00:00:00+0000,2021-09-23T00:05:00+0000,2021-09-25T00:05:00+0000,1,-1,0.743462885367,0.743462885367,-0.671366146919,1.0035528306,BRL,True,False,train
btc_return_shadow,btc_return_shadow|2021-09-24T00:00:00+00:00,2021-09-24T00:00:00+0000,2021-09-25T00:00:00+0000,2021-09-25T00:05:00+0000,2021-09-27T00:05:00+0000,-1,1,1.43012091038,0.64650655992,1.65417890504,1.43012091038,,True,False,train
btc_return_shadow,btc_return_shadow|2021-09-30T00:00:00+00:00,2021-09-30T00:00:00+0000,2021-10-01T00:00:00+0000,2021-10-01T00:05:00+0000,2021-10-03T00:05:00+0000,1,-1,-1.03054194604,-0.108306275118,-1.20435943087,-1.03054194604,,True,False,train
btc_return_shadow,btc_return_shadow|2021-10-05T00:00:00+00:00,2021-10-05T00:00:00+0000,2021-10-06T00:00:00+0000,2021-10-06T00:05:00+0000,2021-10-08T00:05:00+0000,1,-1,0.143599725292,-0.633490605658,0.143599725292,1.52800660819,BRL,True,False,train
btc_return_shadow,btc_return_shadow|2021-10-11T00:00:00+00:00,2021-10-11T00:00:00+0000,2021-10-12T00:00:00+0000,2021-10-12T00:05:00+0000,2021-10-14T00:05:00+0000,1,-1,0.429241131059,0.393641410689,0.429241131059,0.556374345112,,True,False,train
btc_return_shadow,btc_return_shadow|2021-10-15T00:00:00+00:00,2021-10-15T00:00:00+0000,2021-10-16T00:00:00+0000,2021-10-16T00:05:00+0000,2021-10-18T00:05:00+0000,1,-1,-0.462657908347,-0.462657908347,1.26700011227,-1.4898791336,TRY,True,False,train
btc_return_shadow,btc_return_shadow|2021-10-21T00:00:00+00:00,2021-10-21T00:00:00+0000,2021-10-22T00:00:00+0000,2021-10-22T00:05:00+0000,2021-10-24T00:05:00+0000,-1,1,2.22336276067,2.22336276067,5.2449026939,1.77210059404,,True,False,train
btc_return_shadow,btc_return_shadow|2021-10-26T00:00:00+00:00,2021-10-26T00:00:00+0000,2021-10-27T00:00:00+0000,2021-10-27T00:05:00+0000,2021-10-29T00:05:00+0000,-1,1,0.407028292864,0.7814477138,0.407028292864,0.402846239181,,True,False,train
btc_return_shadow,btc_return_shadow|2021-11-08T00:00:00+00:00,2021-11-08T00:00:00+0000,2021-11-09T00:00:00+0000,2021-11-09T00:05:00+0000,2021-11-11T00:05:00+0000,1,-1,-1.0061754425,-2.3851644583,-0.160746588793,-1.0061754425,,True,False,train
btc_return_shadow,btc_return_shadow|2021-11-16T00:00:00+00:00,2021-11-16T00:00:00+0000,2021-11-17T00:00:00+0000,2021-11-17T00:05:00+0000,2021-11-19T00:05:00+0000,-1,1,1.60744120586,1.60744120586,4.11637381925,1.142724221,,True,False,train
btc_return_shadow,btc_return_shadow|2021-11-18T00:00:00+00:00,2021-11-18T00:00:00+0000,2021-11-19T00:00:00+0000,2021-11-19T00:05:00+0000,2021-11-21T00:05:00+0000,-1,1,1.57784964197,-2.08660316718,6.00675567502,1.57784964197,EUR,True,False,train
btc_return_shadow,btc_return_shadow|2021-11-22T00:00:00+00:00,2021-11-22T00:00:00+0000,2021-11-23T00:00:00+0000,2021-11-23T00:05:00+0000,2021-11-25T00:05:00+0000,-1,1,0.737589745389,0.737589745389,1.84440097729,-0.644764747423,,True,False,train
btc_return_shadow,btc_return_shadow|2021-11-26T00:00:00+00:00,2021-11-26T00:00:00+0000,2021-11-27T00:00:00+0000,2021-11-27T00:05:00+0000,2021-11-29T00:05:00+0000,-1,1,0.805640704137,-1.78927147105,8.75529568089,0.805640704137,EUR,True,False,train
btc_return_shadow,btc_return_shadow|2021-11-28T00:00:00+00:00,2021-11-28T00:00:00+0000,2021-11-29T00:00:00+0000,2021-11-29T00:05:00+0000,2021-12-01T00:05:00+0000,1,-1,-0.671112013614,-0.461548585776,-1.56604431759,-0.671112013614,,True,False,train
btc_return_shadow,btc_return_shadow|2021-12-03T00:00:00+00:00,2021-12-03T00:00:00+0000,2021-12-04T00:00:00+0000,2021-12-04T00:05:00+0000,2021-12-06T00:05:00+0000,-1,1,0.842532590622,0.0427644220419,4.97534060435,0.842532590622,,True,False,train
btc_return_shadow,btc_return_shadow|2021-12-09T00:00:00+00:00,2021-12-09T00:00:00+0000,2021-12-10T00:00:00+0000,2021-12-10T00:05:00+0000,2021-12-12T00:05:00+0000,-1,1,1.33067272773,1.16614607715,3.23756417524,1.33067272773,,True,False,train
btc_return_shadow,btc_return_shadow|2021-12-11T00:00:00+00:00,2021-12-11T00:00:00+0000,2021-12-12T00:00:00+0000,2021-12-12T00:05:00+0000,2021-12-14T00:05:00+0000,1,-1,-0.409568336809,-0.266826979509,-3.11634891522,-0.409568336809,,True,False,train
btc_return_shadow,btc_return_shadow|2021-12-13T00:00:00+00:00,2021-12-13T00:00:00+0000,2021-12-14T00:00:00+0000,2021-12-14T00:05:00+0000,2021-12-16T00:05:00+0000,-1,1,1.5713906566,0.578211473199,2.27885542914,1.5713906566,,True,False,train
btc_return_shadow,btc_return_shadow|2021-12-17T00:00:00+00:00,2021-12-17T00:00:00+0000,2021-12-18T00:00:00+0000,2021-12-18T00:05:00+0000,2021-12-20T00:05:00+0000,-1,1,2.35605815503,2.35605815503,7.68479895419,-1.18908808193,BRL,True,False,train
btc_return_shadow,btc_return_shadow|2021-12-21T00:00:00+00:00,2021-12-21T00:00:00+0000,2021-12-22T00:00:00+0000,2021-12-22T00:05:00+0000,2021-12-24T00:05:00+0000,1,-1,-0.234971286942,-0.234971286942,-5.1592722386,-0.0185357330005,,True,False,train
btc_return_shadow,btc_return_shadow|2021-12-23T00:00:00+00:00,2021-12-23T00:00:00+0000,2021-12-24T00:00:00+0000,2021-12-24T00:05:00+0000,2021-12-26T00:05:00+0000,1,-1,-0.621456730059,-0.621456730059,-12.1025863744,-0.441722737782,,True,False,train
btc_return_shadow,btc_return_shadow|2021-12-28T00:00:00+00:00,2021-12-28T00:00:00+0000,2021-12-29T00:00:00+0000,2021-12-29T00:05:00+0000,2021-12-31T00:05:00+0000,-1,1,0.48075488963,0.48075488963,4.92569974876,-0.306988206111,,True,False,train
btc_return_shadow,btc_return_shadow|2022-01-05T00:00:00+00:00,2022-01-05T00:00:00+0000,2022-01-06T00:00:00+0000,2022-01-06T00:05:00+0000,2022-01-08T00:05:00+0000,-1,1,1.41086462374,-0.458478402833,3.4540117971,1.41086462374,,True,False,train
btc_return_shadow,btc_return_shadow|2022-01-07T00:00:00+00:00,2022-01-07T00:00:00+0000,2022-01-08T00:00:00+0000,2022-01-08T00:05:00+0000,2022-01-10T00:05:00+0000,-1,1,-1.77902601652,-1.95937090299,1.5998306389,-1.77902601652,EUR+BRL,True,False,train
btc_return_shadow,btc_return_shadow|2022-01-13T00:00:00+00:00,2022-01-13T00:00:00+0000,2022-01-14T00:00:00+0000,2022-01-14T00:05:00+0000,2022-01-16T00:05:00+0000,-1,1,-0.211041599967,-1.01202940281,2.78173626509,-0.211041599967,EUR,True,False,train
btc_return_shadow,btc_return_shadow|2022-01-21T00:00:00+00:00,2022-01-21T00:00:00+0000,2022-01-22T00:00:00+0000,2022-01-22T00:05:00+0000,2022-01-24T00:05:00+0000,-1,1,1.04358762357,-0.373111038216,1.38919969655,1.04358762357,,True,False,train
btc_return_shadow,btc_return_shadow|2022-01-23T00:00:00+00:00,2022-01-23T00:00:00+0000,2022-01-24T00:00:00+0000,2022-01-24T00:05:00+0000,2022-01-26T00:05:00+0000,1,-1,-0.380630816666,-0.380630816666,-0.670535992586,-0.299479973282,,True,False,train
btc_return_shadow,btc_return_shadow|2022-02-02T00:00:00+00:00,2022-02-02T00:00:00+0000,2022-02-03T00:00:00+0000,2022-02-03T00:05:00+0000,2022-02-05T00:05:00+0000,-1,1,0.0384542998391,-0.682476572651,1.26817282673,0.0384542998391,,True,False,train
btc_return_shadow,btc_return_shadow|2022-02-04T00:00:00+00:00,2022-02-04T00:00:00+0000,2022-02-05T00:00:00+0000,2022-02-05T00:05:00+0000,2022-02-07T00:05:00+0000,1,-1,-0.418743867267,-0.418743867267,-0.850877327815,0.732776838507,,True,False,train
btc_return_shadow,btc_return_shadow|2022-02-07T00:00:00+00:00,2022-02-07T00:00:00+0000,2022-02-08T00:00:00+0000,2022-02-08T00:05:00+0000,2022-02-10T00:05:00+0000,1,-1,0.432204566813,0.432204566813,1.19673258238,-2.2174123374,TRY,True,False,train
btc_return_shadow,btc_return_shadow|2022-02-15T00:00:00+00:00,2022-02-15T00:00:00+0000,2022-02-16T00:00:00+0000,2022-02-16T00:05:00+0000,2022-02-18T00:05:00+0000,1,-1,-1.84660380843,-1.84660380843,-0.659171430377,-2.49900153519,,True,False,train
btc_return_shadow,btc_return_shadow|2022-02-17T00:00:00+00:00,2022-02-17T00:00:00+0000,2022-02-18T00:00:00+0000,2022-02-18T00:05:00+0000,2022-02-20T00:05:00+0000,-1,1,0.425732256849,0.406202620722,0.425732256849,1.71644438889,,True,False,train
btc_return_shadow,btc_return_shadow|2022-02-20T00:00:00+00:00,2022-02-20T00:00:00+0000,2022-02-21T00:00:00+0000,2022-02-21T00:05:00+0000,2022-02-23T00:05:00+0000,-1,1,-0.108487375056,-0.382700800525,-0.108487375056,-0.0239804263833,,True,False,train
btc_return_shadow,btc_return_shadow|2022-02-22T00:00:00+00:00,2022-02-22T00:00:00+0000,2022-02-23T00:00:00+0000,2022-02-23T00:05:00+0000,2022-02-25T00:05:00+0000,1,-1,-0.872770312351,-0.872770312351,0.0425273351164,-2.19820356458,,True,False,train
btc_return_shadow,btc_return_shadow|2022-02-24T00:00:00+00:00,2022-02-24T00:00:00+0000,2022-02-25T00:00:00+0000,2022-02-25T00:05:00+0000,2022-02-27T00:05:00+0000,1,-1,3.00547058679,3.00547058679,1.03404227348,3.44717587513,EUR+TRY+BRL,True,False,train
btc_return_shadow,btc_return_shadow|2022-02-27T00:00:00+00:00,2022-02-27T00:00:00+0000,2022-02-28T00:00:00+0000,2022-02-28T00:05:00+0000,2022-03-02T00:05:00+0000,-1,1,1.83079094579,2.75862932419,1.83079094579,0.123231557405,,True,False,train
btc_return_shadow,btc_return_shadow|2022-02-28T00:00:00+00:00,2022-02-28T00:00:00+0000,2022-03-01T00:00:00+0000,2022-03-01T00:05:00+0000,2022-03-03T00:05:00+0000,1,-1,-1.71093396784,-1.46406173162,-3.5648217876,-1.71093396784,,False,True,
btc_return_shadow,btc_return_shadow|2022-03-03T00:00:00+00:00,2022-03-03T00:00:00+0000,2022-03-04T00:00:00+0000,2022-03-04T00:05:00+0000,2022-03-06T00:05:00+0000,-1,1,0.800129915627,1.47776034258,0.800129915627,-2.24327795544,BRL,True,False,train
btc_return_shadow,btc_return_shadow|2022-03-09T00:00:00+00:00,2022-03-09T00:00:00+0000,2022-03-10T00:00:00+0000,2022-03-10T00:05:00+0000,2022-03-12T00:05:00+0000,1,-1,-2.25636212108,-5.7039008781,0.104014446071,-2.25636212108,,True,False,train
btc_return_shadow,btc_return_shadow|2022-03-10T00:00:00+00:00,2022-03-10T00:00:00+0000,2022-03-11T00:00:00+0000,2022-03-11T00:05:00+0000,2022-03-13T00:05:00+0000,-1,1,1.6786603075,2.11156052045,1.6786603075,0.190224701612,,False,True,
btc_return_shadow,btc_return_shadow|2022-03-14T00:00:00+00:00,2022-03-14T00:00:00+0000,2022-03-15T00:00:00+0000,2022-03-15T00:05:00+0000,2022-03-17T00:05:00+0000,1,-1,-0.794752555968,-1.52056294278,-0.794752555968,0.196889897832,,True,False,train
btc_return_shadow,btc_return_shadow|2022-03-16T00:00:00+00:00,2022-03-16T00:00:00+0000,2022-03-17T00:00:00+0000,2022-03-17T00:05:00+0000,2022-03-19T00:05:00+0000,1,-1,-2.16560885507,-2.184791044,-1.24680253327,-2.16560885507,,True,False,train
btc_return_shadow,btc_return_shadow|2022-03-22T00:00:00+00:00,2022-03-22T00:00:00+0000,2022-03-23T00:00:00+0000,2022-03-23T00:05:00+0000,2022-03-25T00:05:00+0000,1,-1,-0.408098733034,-0.408098733034,-0.35902019412,-1.13056569462,,True,False,train
btc_return_shadow,btc_return_shadow|2022-03-27T00:00:00+00:00,2022-03-27T00:00:00+0000,2022-03-28T00:00:00+0000,2022-03-28T00:05:00+0000,2022-03-30T00:05:00+0000,1,-1,-0.742514787207,-0.540727626943,-0.742514787207,-0.983823545947,,True,False,train
btc_return_shadow,btc_return_shadow|2022-03-31T00:00:00+00:00,2022-03-31T00:00:00+0000,2022-04-01T00:00:00+0000,2022-04-01T00:05:00+0000,2022-04-03T00:05:00+0000,-1,1,0.421965431416,2.98745824846,0.421965431416,-1.05246600378,BRL,True,False,train
btc_return_shadow,btc_return_shadow|2022-04-06T00:00:00+00:00,2022-04-06T00:00:00+0000,2022-04-07T00:00:00+0000,2022-04-07T00:05:00+0000,2022-04-09T00:05:00+0000,-1,1,0.230196244621,0.230196244621,0.195951357136,2.44873144954,,True,False,train
btc_return_shadow,btc_return_shadow|2022-04-08T00:00:00+00:00,2022-04-08T00:00:00+0000,2022-04-09T00:00:00+0000,2022-04-09T00:05:00+0000,2022-04-11T00:05:00+0000,-1,1,0.0895225296162,0.0895225296162,0.192952518385,-1.92494701034,BRL,True,False,train
btc_return_shadow,btc_return_shadow|2022-04-11T00:00:00+00:00,2022-04-11T00:00:00+0000,2022-04-12T00:00:00+0000,2022-04-12T00:05:00+0000,2022-04-14T00:05:00+0000,-1,1,-0.357762962689,-0.189477485606,-0.433358544976,-0.357762962689,,True,False,train
btc_return_shadow,btc_return_shadow|2022-04-13T00:00:00+00:00,2022-04-13T00:00:00+0000,2022-04-14T00:00:00+0000,2022-04-14T00:05:00+0000,2022-04-16T00:05:00+0000,1,-1,-0.314090615105,-2.33805778902,-0.314090615105,0.42771024723,,True,False,train
btc_return_shadow,btc_return_shadow|2022-04-14T00:00:00+00:00,2022-04-14T00:00:00+0000,2022-04-15T00:00:00+0000,2022-04-15T00:05:00+0000,2022-04-17T00:05:00+0000,-1,1,0.305237054153,2.33754628275,0.26279602534,0.305237054153,,False,True,
btc_return_shadow,btc_return_shadow|2022-04-18T00:00:00+00:00,2022-04-18T00:00:00+0000,2022-04-19T00:00:00+0000,2022-04-19T00:05:00+0000,2022-04-21T00:05:00+0000,1,-1,-0.515122717236,1.42023800665,-0.515122717236,-2.48396621471,EUR,True,False,train
btc_return_shadow,btc_return_shadow|2022-04-25T00:00:00+00:00,2022-04-25T00:00:00+0000,2022-04-26T00:00:00+0000,2022-04-26T00:05:00+0000,2022-04-28T00:05:00+0000,1,-1,2.16454665734,2.75274301234,-0.292008662966,2.16454665734,EUR+BRL,True,False,train
btc_return_shadow,btc_return_shadow|2022-04-26T00:00:00+00:00,2022-04-26T00:00:00+0000,2022-04-27T00:00:00+0000,2022-04-27T00:05:00+0000,2022-04-29T00:05:00+0000,-1,1,2.52326889744,2.52326889744,0.395524049463,4.70569001698,,False,True,
btc_return_shadow,btc_return_shadow|2022-04-27T00:00:00+00:00,2022-04-27T00:00:00+0000,2022-04-28T00:00:00+0000,2022-04-28T00:05:00+0000,2022-04-30T00:05:00+0000,1,-1,-0.409508884469,2.00149335118,-0.409508884469,-1.4268672972,EUR,True,False,train
btc_return_shadow,btc_return_shadow|2022-04-29T00:00:00+00:00,2022-04-29T00:00:00+0000,2022-04-30T00:00:00+0000,2022-04-30T00:05:00+0000,2022-05-02T00:05:00+0000,-1,1,0.805163766027,-1.33279092064,1.06418529756,0.805163766027,EUR,True,False,train
btc_return_shadow,btc_return_shadow|2022-05-04T00:00:00+00:00,2022-05-04T00:00:00+0000,2022-05-05T00:00:00+0000,2022-05-05T00:05:00+0000,2022-05-07T00:05:00+0000,1,-1,-2.17917195384,-3.53999519996,-2.06334889871,-2.17917195384,,True,False,train
btc_return_shadow,btc_return_shadow|2022-05-05T00:00:00+00:00,2022-05-05T00:00:00+0000,2022-05-06T00:00:00+0000,2022-05-06T00:05:00+0000,2022-05-08T00:05:00+0000,-1,1,2.66020470739,2.66020470739,1.53267972724,4.36005514758,,False,True,
btc_return_shadow,btc_return_shadow|2022-05-08T00:00:00+00:00,2022-05-08T00:00:00+0000,2022-05-09T00:00:00+0000,2022-05-09T00:05:00+0000,2022-05-11T00:05:00+0000,-1,1,-0.0273521555749,0.193627987938,-0.051422516617,-0.0273521555749,,True,False,train
btc_return_shadow,btc_return_shadow|2022-05-10T00:00:00+00:00,2022-05-10T00:00:00+0000,2022-05-11T00:00:00+0000,2022-05-11T00:05:00+0000,2022-05-13T00:05:00+0000,1,-1,0.843727435335,1.52846691342,0.843727435335,-1.20272988266,EUR,True,False,train
btc_return_shadow,btc_return_shadow|2022-05-11T00:00:00+00:00,2022-05-11T00:00:00+0000,2022-05-12T00:00:00+0000,2022-05-12T00:05:00+0000,2022-05-14T00:05:00+0000,-1,1,-0.158435326955,-1.49975220753,1.07983336435,-0.158435326955,EUR,False,True,
btc_return_shadow,btc_return_shadow|2022-05-14T00:00:00+00:00,2022-05-14T00:00:00+0000,2022-05-15T00:00:00+0000,2022-05-15T00:05:00+0000,2022-05-17T00:05:00+0000,1,-1,0.264829669164,0.264829669164,-0.128265389176,0.338352929704,,True,False,train
btc_return_shadow,btc_return_shadow|2022-05-16T00:00:00+00:00,2022-05-16T00:00:00+0000,2022-05-17T00:00:00+0000,2022-05-17T00:05:00+0000,2022-05-19T00:05:00+0000,-1,1,-0.508782913257,-1.46331874441,0.111492866946,-0.508782913257,EUR,True,False,train
btc_return_shadow,btc_return_shadow|2022-05-18T00:00:00+00:00,2022-05-18T00:00:00+0000,2022-05-19T00:00:00+0000,2022-05-19T00:05:00+0000,2022-05-21T00:05:00+0000,-1,1,2.27135388691,2.35628767933,2.27135388691,1.42199490449,,True,False,train
btc_return_shadow,btc_return_shadow|2022-05-19T00:00:00+00:00,2022-05-19T00:00:00+0000,2022-05-20T00:00:00+0000,2022-05-20T00:05:00+0000,2022-05-22T00:05:00+0000,1,-1,-1.84072280913,-3.5171356714,-1.76939163588,-1.84072280913,,False,True,
btc_return_shadow,btc_return_shadow|2022-05-20T00:00:00+00:00,2022-05-20T00:00:00+0000,2022-05-21T00:00:00+0000,2022-05-21T00:05:00+0000,2022-05-23T00:05:00+0000,-1,1,0.286817866759,0.723223946697,0.286817866759,-1.42566027713,BRL,True,False,train
btc_return_shadow,btc_return_shadow|2022-05-22T00:00:00+00:00,2022-05-22T00:00:00+0000,2022-05-23T00:00:00+0000,2022-05-23T00:05:00+0000,2022-05-25T00:05:00+0000,1,-1,-0.455314255304,-0.282614294524,-0.820562419733,-0.455314255304,,True,False,train
btc_return_shadow,btc_return_shadow|2022-05-23T00:00:00+00:00,2022-05-23T00:00:00+0000,2022-05-24T00:00:00+0000,2022-05-24T00:05:00+0000,2022-05-26T00:05:00+0000,-1,1,-1.88519089278,-3.41290671815,0.750193541039,-1.88519089278,EUR+BRL,False,True,
btc_return_shadow,btc_return_shadow|2022-05-30T00:00:00+00:00,2022-05-30T00:00:00+0000,2022-05-31T00:00:00+0000,2022-05-31T00:05:00+0000,2022-06-02T00:05:00+0000,1,-1,-0.612784187351,-1.21876724628,-0.612784187351,0.730512699491,,True,False,train
btc_return_shadow,btc_return_shadow|2022-06-01T00:00:00+00:00,2022-06-01T00:00:00+0000,2022-06-02T00:00:00+0000,2022-06-02T00:05:00+0000,2022-06-04T00:05:00+0000,-1,1,2.35815299544,2.35815299544,0.824160943294,2.84749828016,,True,False,train
btc_return_shadow,btc_return_shadow|2022-06-06T00:00:00+00:00,2022-06-06T00:00:00+0000,2022-06-07T00:00:00+0000,2022-06-07T00:05:00+0000,2022-06-09T00:05:00+0000,1,-1,0.220268182119,0.897648249707,0.0119981813253,0.220268182119,,True,False,train
btc_return_shadow,btc_return_shadow|2022-06-08T00:00:00+00:00,2022-06-08T00:00:00+0000,2022-06-09T00:00:00+0000,2022-06-09T00:05:00+0000,2022-06-11T00:05:00+0000,-1,1,1.59969462507,-0.331045565946,2.38283578235,1.59969462507,,True,False,train
btc_return_shadow,btc_return_shadow|2022-06-10T00:00:00+00:00,2022-06-10T00:00:00+0000,2022-06-11T00:00:00+0000,2022-06-11T00:05:00+0000,2022-06-13T00:05:00+0000,-1,1,2.84857818875,3.16896084831,0.706286389478,2.84857818875,,True,False,train
btc_return_shadow,btc_return_shadow|2022-06-12T00:00:00+00:00,2022-06-12T00:00:00+0000,2022-06-13T00:00:00+0000,2022-06-13T00:05:00+0000,2022-06-15T00:05:00+0000,-1,1,0.566395716452,0.566395716452,0.233287986168,0.953781060233,,True,False,train
btc_return_shadow,btc_return_shadow|2022-06-16T00:00:00+00:00,2022-06-16T00:00:00+0000,2022-06-17T00:00:00+0000,2022-06-17T00:05:00+0000,2022-06-19T00:05:00+0000,-1,1,0.827069187056,-2.26081994952,0.827069187056,1.35205152368,EUR,True,False,train
btc_return_shadow,btc_return_shadow|2022-06-18T00:00:00+00:00,2022-06-18T00:00:00+0000,2022-06-19T00:00:00+0000,2022-06-19T00:05:00+0000,2022-06-21T00:05:00+0000,-1,1,0.193787074118,0.981138413213,0.193787074118,0.146645295167,,True,False,train
btc_return_shadow,btc_return_shadow|2022-06-19T00:00:00+00:00,2022-06-19T00:00:00+0000,2022-06-20T00:00:00+0000,2022-06-20T00:05:00+0000,2022-06-22T00:05:00+0000,1,-1,-0.674528407542,-0.674528407542,-0.759638037513,-0.336488147133,,False,True,
btc_return_shadow,btc_return_shadow|2022-06-22T00:00:00+00:00,2022-06-22T00:00:00+0000,2022-06-23T00:00:00+0000,2022-06-23T00:05:00+0000,2022-06-25T00:05:00+0000,-1,1,0.00547373216331,-1.05445625429,0.00547373216331,1.75450147941,EUR,True,False,train
btc_return_shadow,btc_return_shadow|2022-06-23T00:00:00+00:00,2022-06-23T00:00:00+0000,2022-06-24T00:00:00+0000,2022-06-24T00:05:00+0000,2022-06-26T00:05:00+0000,1,-1,0.946452690847,1.21374636492,-1.19699565313,0.946452690847,EUR,False,True,
btc_return_shadow,btc_return_shadow|2022-07-01T00:00:00+00:00,2022-07-01T00:00:00+0000,2022-07-02T00:00:00+0000,2022-07-02T00:05:00+0000,2022-07-04T00:05:00+0000,-1,1,0.84595708227,0.84595708227,0.825424975868,1.56260229773,,True,False,train
btc_return_shadow,btc_return_shadow|2022-07-04T00:00:00+00:00,2022-07-04T00:00:00+0000,2022-07-05T00:00:00+0000,2022-07-05T00:05:00+0000,2022-07-07T00:05:00+0000,1,-1,-0.299781928771,-0.166801082573,-0.829161945656,-0.299781928771,,True,False,train
btc_return_shadow,btc_return_shadow|2022-07-07T00:00:00+00:00,2022-07-07T00:00:00+0000,2022-07-08T00:00:00+0000,2022-07-08T00:05:00+0000,2022-07-10T00:05:00+0000,1,-1,0.458242608339,0.458242608339,0.579293134074,-1.77061030746,,True,False,train
btc_return_shadow,btc_return_shadow|2022-07-10T00:00:00+00:00,2022-07-10T00:00:00+0000,2022-07-11T00:00:00+0000,2022-07-11T00:05:00+0000,2022-07-13T00:05:00+0000,-1,1,0.222380891108,0.222380891108,0.872901093021,-0.0816724905226,,True,False,train
btc_return_shadow,btc_return_shadow|2022-07-13T00:00:00+00:00,2022-07-13T00:00:00+0000,2022-07-14T00:00:00+0000,2022-07-14T00:05:00+0000,2022-07-16T00:05:00+0000,1,-1,-0.839487676037,-0.074018706324,-0.839487676037,-1.24502986652,,True,False,train
btc_return_shadow,btc_return_shadow|2022-07-18T00:00:00+00:00,2022-07-18T00:00:00+0000,2022-07-19T00:00:00+0000,2022-07-19T00:05:00+0000,2022-07-21T00:05:00+0000,1,-1,0.0438174395264,-1.29475814047,0.0438174395264,0.344240336766,,True,False,train
btc_return_shadow,btc_return_shadow|2022-07-25T00:00:00+00:00,2022-07-25T00:00:00+0000,2022-07-26T00:00:00+0000,2022-07-26T00:05:00+0000,2022-07-28T00:05:00+0000,-1,1,-0.582258621613,-0.582258621613,1.14290656503,-3.06441667592,BRL,True,False,train
btc_return_shadow,btc_return_shadow|2022-07-27T00:00:00+00:00,2022-07-27T00:00:00+0000,2022-07-28T00:00:00+0000,2022-07-28T00:05:00+0000,2022-07-30T00:05:00+0000,1,-1,-2.28906483995,-2.28906483995,-1.02880706066,-3.36074868502,,True,False,train
btc_return_shadow,btc_return_shadow|2022-08-05T00:00:00+00:00,2022-08-05T00:00:00+0000,2022-08-06T00:00:00+0000,2022-08-06T00:05:00+0000,2022-08-08T00:05:00+0000,1,-1,-1.49998125065,1.14417791541,-1.49998125065,-1.71447060505,EUR,True,False,train
btc_return_shadow,btc_return_shadow|2022-08-08T00:00:00+00:00,2022-08-08T00:00:00+0000,2022-08-09T00:00:00+0000,2022-08-09T00:05:00+0000,2022-08-11T00:05:00+0000,1,-1,-0.476770468379,-0.476770468379,0.170043030572,-1.69663038813,,True,False,train
btc_return_shadow,btc_return_shadow|2022-08-10T00:00:00+00:00,2022-08-10T00:00:00+0000,2022-08-11T00:00:00+0000,2022-08-11T00:05:00+0000,2022-08-13T00:05:00+0000,1,-1,-1.55599915534,-2.41421386048,-1.55599915534,-1.25121925405,,True,False,train
btc_return_shadow,btc_return_shadow|2022-08-19T00:00:00+00:00,2022-08-19T00:00:00+0000,2022-08-20T00:00:00+0000,2022-08-20T00:05:00+0000,2022-08-22T00:05:00+0000,-1,1,0.875137620469,1.33840538986,0.875137620469,0.15072025794,,True,False,train
btc_return_shadow,btc_return_shadow|2022-08-26T00:00:00+00:00,2022-08-26T00:00:00+0000,2022-08-27T00:00:00+0000,2022-08-27T00:05:00+0000,2022-08-29T00:05:00+0000,-1,1,0.57087800295,0.57087800295,1.22914507444,-1.32875854953,BRL,True,False,train
btc_return_shadow,btc_return_shadow|2022-08-29T00:00:00+00:00,2022-08-29T00:00:00+0000,2022-08-30T00:00:00+0000,2022-08-30T00:05:00+0000,2022-09-01T00:05:00+0000,1,-1,-1.91782454151,-2.22476548753,-1.08196707613,-1.91782454151,,True,False,train
btc_return_shadow,btc_return_shadow|2022-09-06T00:00:00+00:00,2022-09-06T00:00:00+0000,2022-09-07T00:00:00+0000,2022-09-07T00:05:00+0000,2022-09-09T00:05:00+0000,-1,1,1.61143933678,1.61143933678,0.532969166448,2.44714341497,,True,False,train
btc_return_shadow,btc_return_shadow|2022-09-07T00:00:00+00:00,2022-09-07T00:00:00+0000,2022-09-08T00:00:00+0000,2022-09-08T00:05:00+0000,2022-09-10T00:05:00+0000,1,-1,-0.809459594874,-2.97075032401,-0.809459594874,-0.352033149463,,False,True,
btc_return_shadow,btc_return_shadow|2022-09-09T00:00:00+00:00,2022-09-09T00:00:00+0000,2022-09-10T00:00:00+0000,2022-09-10T00:05:00+0000,2022-09-12T00:05:00+0000,1,-1,-1.51481200517,-1.51481200517,-0.248644971678,-1.80854324958,,True,False,train
btc_return_shadow,btc_return_shadow|2022-09-12T00:00:00+00:00,2022-09-12T00:00:00+0000,2022-09-13T00:00:00+0000,2022-09-13T00:05:00+0000,2022-09-15T00:05:00+0000,1,-1,-1.36952382926,-1.36952382926,0.275169822423,-1.94145675611,,True,False,train
btc_return_shadow,btc_return_shadow|2022-09-13T00:00:00+00:00,2022-09-13T00:00:00+0000,2022-09-14T00:00:00+0000,2022-09-14T00:05:00+0000,2022-09-16T00:05:00+0000,-1,1,3.29719057548,4.44142396914,0.251480902737,3.29719057548,,False,True,
btc_return_shadow,btc_return_shadow|2022-09-18T00:00:00+00:00,2022-09-18T00:00:00+0000,2022-09-19T00:00:00+0000,2022-09-19T00:05:00+0000,2022-09-21T00:05:00+0000,-1,1,0.435154422852,-0.235888165159,0.435154422852,0.576926078102,,True,False,train
btc_return_shadow,btc_return_shadow|2022-09-20T00:00:00+00:00,2022-09-20T00:00:00+0000,2022-09-21T00:00:00+0000,2022-09-21T00:05:00+0000,2022-09-23T00:05:00+0000,-1,1,0.0987258109099,1.53108319624,0.0987258109099,-1.09912141286,BRL,True,False,train
btc_return_shadow,btc_return_shadow|2022-09-22T00:00:00+00:00,2022-09-22T00:00:00+0000,2022-09-23T00:00:00+0000,2022-09-23T00:05:00+0000,2022-09-25T00:05:00+0000,1,-1,-1.56100929234,-0.58628247517,-1.56100929234,-2.30677829817,,True,False,train
btc_return_shadow,btc_return_shadow|2022-10-03T00:00:00+00:00,2022-10-03T00:00:00+0000,2022-10-04T00:00:00+0000,2022-10-04T00:05:00+0000,2022-10-06T00:05:00+0000,1,-1,-1.35044610857,-1.35044610857,-0.737863079103,-6.67464706165,,True,False,train
btc_return_shadow,btc_return_shadow|2022-10-25T00:00:00+00:00,2022-10-25T00:00:00+0000,2022-10-26T00:00:00+0000,2022-10-26T00:05:00+0000,2022-10-28T00:05:00+0000,1,-1,-1.42532028525,-2.13040829896,-1.42532028525,-0.381301584884,,True,False,train
btc_return_shadow,btc_return_shadow|2022-11-04T00:00:00+00:00,2022-11-04T00:00:00+0000,2022-11-05T00:00:00+0000,2022-11-05T00:05:00+0000,2022-11-07T00:05:00+0000,1,-1,-2.54840814952,-5.51445798257,-2.44886015762,-2.54840814952,,True,False,train
btc_return_shadow,btc_return_shadow|2022-11-08T00:00:00+00:00,2022-11-08T00:00:00+0000,2022-11-09T00:00:00+0000,2022-11-09T00:05:00+0000,2022-11-11T00:05:00+0000,-1,1,1.19717688771,-0.798027351671,2.14907580548,1.19717688771,,True,False,train
btc_return_shadow,btc_return_shadow|2022-11-10T00:00:00+00:00,2022-11-10T00:00:00+0000,2022-11-11T00:00:00+0000,2022-11-11T00:05:00+0000,2022-11-13T00:05:00+0000,1,-1,-4.53953198024,-4.99409632056,-4.53953198024,2.39892166065,BRL,True,False,train
btc_return_shadow,btc_return_shadow|2022-11-11T00:00:00+00:00,2022-11-11T00:00:00+0000,2022-11-12T00:00:00+0000,2022-11-12T00:05:00+0000,2022-11-14T00:05:00+0000,-1,1,-2.15832821056,-3.51138415795,0.5671913036,-2.15832821056,EUR+BRL,False,True,
btc_return_shadow,btc_return_shadow|2022-11-13T00:00:00+00:00,2022-11-13T00:00:00+0000,2022-11-14T00:00:00+0000,2022-11-14T00:05:00+0000,2022-11-16T00:05:00+0000,-1,1,-0.794904772991,-0.794904772991,0.508364630031,-1.29123871982,BRL,True,False,train
btc_return_shadow,btc_return_shadow|2022-11-20T00:00:00+00:00,2022-11-20T00:00:00+0000,2022-11-21T00:00:00+0000,2022-11-21T00:05:00+0000,2022-11-23T00:05:00+0000,-1,1,0.53749740251,0.0689740643362,1.71191250623,0.53749740251,,True,False,train
btc_return_shadow,btc_return_shadow|2022-11-22T00:00:00+00:00,2022-11-22T00:00:00+0000,2022-11-23T00:00:00+0000,2022-11-23T00:05:00+0000,2022-11-25T00:05:00+0000,1,-1,-0.824582735612,-1.33114444253,-0.824582735612,1.15666339639,BRL,True,False,train
btc_return_shadow,btc_return_shadow|2022-11-30T00:00:00+00:00,2022-11-30T00:00:00+0000,2022-12-01T00:00:00+0000,2022-12-01T00:05:00+0000,2022-12-03T00:05:00+0000,1,-1,-2.5736274877,-2.5736274877,-1.15453072602,-2.62239920028,,True,False,train
btc_return_shadow,btc_return_shadow|2022-12-08T00:00:00+00:00,2022-12-08T00:00:00+0000,2022-12-09T00:00:00+0000,2022-12-09T00:05:00+0000,2022-12-11T00:05:00+0000,1,-1,-0.786743199223,-1.25904538876,-0.786743199223,-0.29792098116,,True,False,train
btc_return_shadow,btc_return_shadow|2022-12-13T00:00:00+00:00,2022-12-13T00:00:00+0000,2022-12-14T00:00:00+0000,2022-12-14T00:05:00+0000,2022-12-16T00:05:00+0000,1,-1,-0.636943059014,-2.16413490058,-0.636943059014,-0.307964089224,,True,False,train
btc_return_shadow,btc_return_shadow|2022-12-15T00:00:00+00:00,2022-12-15T00:00:00+0000,2022-12-16T00:00:00+0000,2022-12-16T00:05:00+0000,2022-12-18T00:05:00+0000,-1,1,0.85680625312,0.85680625312,-0.105303728566,1.83185579671,,True,False,train
btc_return_shadow,btc_return_shadow|2022-12-20T00:00:00+00:00,2022-12-20T00:00:00+0000,2022-12-21T00:00:00+0000,2022-12-21T00:05:00+0000,2022-12-23T00:05:00+0000,1,-1,-0.494132596681,-0.291722261219,-0.494132596681,-2.51935314296,,True,False,train
btc_return_shadow,btc_return_shadow|2023-01-10T00:00:00+00:00,2023-01-10T00:00:00+0000,2023-01-11T00:00:00+0000,2023-01-11T00:05:00+0000,2023-01-13T00:05:00+0000,1,-1,-0.0131639967008,-0.0131639967008,0.328698144912,-1.5265107343,,True,False,selection
btc_return_shadow,btc_return_shadow|2023-01-16T00:00:00+00:00,2023-01-16T00:00:00+0000,2023-01-17T00:00:00+0000,2023-01-17T00:05:00+0000,2023-01-19T00:05:00+0000,1,-1,1.06523950503,0.00727889103015,1.45186386007,1.06523950503,TRY+BRL,True,False,selection
btc_return_shadow,btc_return_shadow|2023-01-18T00:00:00+00:00,2023-01-18T00:00:00+0000,2023-01-19T00:00:00+0000,2023-01-19T00:05:00+0000,2023-01-21T00:05:00+0000,-1,1,0.503475661047,-0.370375933866,0.503475661047,1.28561652366,,True,False,selection
btc_return_shadow,btc_return_shadow|2023-01-19T00:00:00+00:00,2023-01-19T00:00:00+0000,2023-01-20T00:00:00+0000,2023-01-20T00:05:00+0000,2023-01-22T00:05:00+0000,1,-1,0.348558615118,-0.768037692277,0.348558615118,0.395645907406,,False,True,
btc_return_shadow,btc_return_shadow|2023-01-25T00:00:00+00:00,2023-01-25T00:00:00+0000,2023-01-26T00:00:00+0000,2023-01-26T00:05:00+0000,2023-01-28T00:05:00+0000,1,-1,-1.38464968741,-0.915453015426,-1.38464968741,-2.24925669029,,True,False,selection
btc_return_shadow,btc_return_shadow|2023-01-29T00:00:00+00:00,2023-01-29T00:00:00+0000,2023-01-30T00:00:00+0000,2023-01-30T00:05:00+0000,2023-02-01T00:05:00+0000,1,-1,-0.460749131828,-0.173289943375,-1.81913534878,-0.460749131828,,True,False,selection
btc_return_shadow,btc_return_shadow|2023-01-30T00:00:00+00:00,2023-01-30T00:00:00+0000,2023-01-31T00:00:00+0000,2023-01-31T00:05:00+0000,2023-02-02T00:05:00+0000,-1,1,0.742752897838,0.742752897838,2.08259449052,0.531617675562,,False,True,
btc_return_shadow,btc_return_shadow|2023-02-01T00:00:00+00:00,2023-02-01T00:00:00+0000,2023-02-02T00:00:00+0000,2023-02-02T00:05:00+0000,2023-02-04T00:05:00+0000,1,-1,-1.35201906127,-3.66585600827,-1.35201906127,-0.819443346404,,True,False,selection
btc_return_shadow,btc_return_shadow|2023-02-05T00:00:00+00:00,2023-02-05T00:00:00+0000,2023-02-06T00:00:00+0000,2023-02-06T00:05:00+0000,2023-02-08T00:05:00+0000,-1,1,0.921731691632,0.49588760743,1.42554428857,0.921731691632,,True,False,selection
btc_return_shadow,btc_return_shadow|2023-02-07T00:00:00+00:00,2023-02-07T00:00:00+0000,2023-02-08T00:00:00+0000,2023-02-08T00:05:00+0000,2023-02-10T00:05:00+0000,1,-1,0.0355904747742,0.0355904747742,-3.38804757037,0.477178415289,,True,False,selection
btc_return_shadow,btc_return_shadow|2023-02-09T00:00:00+00:00,2023-02-09T00:00:00+0000,2023-02-10T00:00:00+0000,2023-02-10T00:05:00+0000,2023-02-12T00:05:00+0000,-1,1,1.78701619525,-0.379045495977,1.78701619525,2.62256066437,,True,False,selection
btc_return_shadow,btc_return_shadow|2023-02-14T00:00:00+00:00,2023-02-14T00:00:00+0000,2023-02-15T00:00:00+0000,2023-02-15T00:05:00+0000,2023-02-17T00:05:00+0000,1,-1,-0.242204380304,-0.242204380304,-2.04043887476,0.215662590101,,True,False,selection
btc_return_shadow,btc_return_shadow|2023-02-16T00:00:00+00:00,2023-02-16T00:00:00+0000,2023-02-17T00:00:00+0000,2023-02-17T00:05:00+0000,2023-02-19T00:05:00+0000,-1,1,0.994334771437,0.893228748497,2.34162473469,0.994334771437,,True,False,selection
btc_return_shadow,btc_return_shadow|2023-02-17T00:00:00+00:00,2023-02-17T00:00:00+0000,2023-02-18T00:00:00+0000,2023-02-18T00:05:00+0000,2023-02-20T00:05:00+0000,1,-1,-0.237826451825,-0.237826451825,1.47587883725,-0.74173481689,TRY,False,True,
btc_return_shadow,btc_return_shadow|2023-02-20T00:00:00+00:00,2023-02-20T00:00:00+0000,2023-02-21T00:00:00+0000,2023-02-21T00:05:00+0000,2023-02-23T00:05:00+0000,1,-1,-0.155830859602,-0.0351270176748,-0.155830859602,-1.02925148485,,True,False,selection
btc_return_shadow,btc_return_shadow|2023-02-24T00:00:00+00:00,2023-02-24T00:00:00+0000,2023-02-25T00:00:00+0000,2023-02-25T00:05:00+0000,2023-02-27T00:05:00+0000,-1,1,1.63573814269,1.55415161957,1.63573814269,2.04528236584,,True,False,selection
btc_return_shadow,btc_return_shadow|2023-02-26T00:00:00+00:00,2023-02-26T00:00:00+0000,2023-02-27T00:00:00+0000,2023-02-27T00:05:00+0000,2023-03-01T00:05:00+0000,1,-1,-0.0862004071315,-0.236815559572,0.317820934328,-0.0862004071315,,True,False,selection
btc_return_shadow,btc_return_shadow|2023-03-01T00:00:00+00:00,2023-03-01T00:00:00+0000,2023-03-02T00:00:00+0000,2023-03-02T00:05:00+0000,2023-03-04T00:05:00+0000,1,-1,-0.892457863197,-3.22952123096,-0.892457863197,-0.745518108478,,True,False,selection
btc_return_shadow,btc_return_shadow|2023-03-03T00:00:00+00:00,2023-03-03T00:00:00+0000,2023-03-04T00:00:00+0000,2023-03-04T00:05:00+0000,2023-03-06T00:05:00+0000,-1,1,0.582598852736,0.48241836389,2.65811970405,0.582598852736,,True,False,selection
btc_return_shadow,btc_return_shadow|2023-03-08T00:00:00+00:00,2023-03-08T00:00:00+0000,2023-03-09T00:00:00+0000,2023-03-09T00:05:00+0000,2023-03-11T00:05:00+0000,-1,1,0.0422126764078,0.0422126764078,1.66499289204,-1.57357240551,BRL,True,False,selection
btc_return_shadow,btc_return_shadow|2023-03-12T00:00:00+00:00,2023-03-12T00:00:00+0000,2023-03-13T00:00:00+0000,2023-03-13T00:05:00+0000,2023-03-15T00:05:00+0000,1,-1,1.82790692365,2.15367109553,-3.28120412366,1.82790692365,EUR+BRL,True,False,selection
btc_return_shadow,btc_return_shadow|2023-03-16T00:00:00+00:00,2023-03-16T00:00:00+0000,2023-03-17T00:00:00+0000,2023-03-17T00:05:00+0000,2023-03-19T00:05:00+0000,1,-1,-1.04557233469,-0.352214681247,-1.04557233469,-1.27762404205,,True,False,selection
btc_return_shadow,btc_return_shadow|2023-03-18T00:00:00+00:00,2023-03-18T00:00:00+0000,2023-03-19T00:00:00+0000,2023-03-19T00:05:00+0000,2023-03-21T00:05:00+0000,-1,1,0.433751052833,0.433751052833,1.32352149021,-0.821023609216,,True,False,selection
btc_return_shadow,btc_return_shadow|2023-03-19T00:00:00+00:00,2023-03-19T00:00:00+0000,2023-03-20T00:00:00+0000,2023-03-20T00:05:00+0000,2023-03-22T00:05:00+0000,1,-1,0.524076949375,0.893907156488,0.253290185586,0.524076949375,,False,True,
btc_return_shadow,btc_return_shadow|2023-03-22T00:00:00+00:00,2023-03-22T00:00:00+0000,2023-03-23T00:00:00+0000,2023-03-23T00:05:00+0000,2023-03-25T00:05:00+0000,-1,1,0.269293469011,-1.66943222973,2.12163169601,0.269293469011,EUR,True,False,selection
btc_return_shadow,btc_return_shadow|2023-03-23T00:00:00+00:00,2023-03-23T00:00:00+0000,2023-03-24T00:00:00+0000,2023-03-24T00:05:00+0000,2023-03-26T00:05:00+0000,1,-1,-0.448749220621,-0.448749220621,-1.86603685935,0.127557964366,,False,True,
btc_return_shadow,btc_return_shadow|2023-03-24T00:00:00+00:00,2023-03-24T00:00:00+0000,2023-03-25T00:00:00+0000,2023-03-25T00:05:00+0000,2023-03-27T00:05:00+0000,-1,1,2.50358962024,2.50358962024,2.73219913808,-0.320032802437,,True,False,selection
btc_return_shadow,btc_return_shadow|2023-03-26T00:00:00+00:00,2023-03-26T00:00:00+0000,2023-03-27T00:00:00+0000,2023-03-27T00:05:00+0000,2023-03-29T00:05:00+0000,1,-1,-1.07678064695,-1.14752114384,-1.07678064695,-0.37048304556,,True,False,selection
btc_return_shadow,btc_return_shadow|2023-03-27T00:00:00+00:00,2023-03-27T00:00:00+0000,2023-03-28T00:00:00+0000,2023-03-28T00:05:00+0000,2023-03-30T00:05:00+0000,-1,1,-0.152132639942,-0.152132639942,0.365435301702,-1.08051733633,BRL,False,True,
btc_return_shadow,btc_return_shadow|2023-03-29T00:00:00+00:00,2023-03-29T00:00:00+0000,2023-03-30T00:00:00+0000,2023-03-30T00:05:00+0000,2023-04-01T00:05:00+0000,1,-1,-1.30104397324,0.0100672073078,-1.41560102352,-1.30104397324,,True,False,selection
btc_return_shadow,btc_return_shadow|2023-04-10T00:00:00+00:00,2023-04-10T00:00:00+0000,2023-04-11T00:00:00+0000,2023-04-11T00:05:00+0000,2023-04-13T00:05:00+0000,1,-1,-0.363895387557,0.499570485077,-1.47480872133,-0.363895387557,,True,False,selection
btc_return_shadow,btc_return_shadow|2023-04-17T00:00:00+00:00,2023-04-17T00:00:00+0000,2023-04-18T00:00:00+0000,2023-04-18T00:05:00+0000,2023-04-20T00:05:00+0000,-1,1,0.911500024487,0.911500024487,1.78392253726,-0.189641253243,,True,False,selection
btc_return_shadow,btc_return_shadow|2023-04-18T00:00:00+00:00,2023-04-18T00:00:00+0000,2023-04-19T00:00:00+0000,2023-04-19T00:05:00+0000,2023-04-21T00:05:00+0000,1,-1,0.574073107692,-0.805574874544,0.574073107692,1.08689695322,BRL,False,True,
btc_return_shadow,btc_return_shadow|2023-04-19T00:00:00+00:00,2023-04-19T00:00:00+0000,2023-04-20T00:00:00+0000,2023-04-20T00:05:00+0000,2023-04-22T00:05:00+0000,-1,1,4.16919557378,0.844234086936,14.207728831,4.16919557378,,True,False,selection
btc_return_shadow,btc_return_shadow|2023-04-22T00:00:00+00:00,2023-04-22T00:00:00+0000,2023-04-23T00:00:00+0000,2023-04-23T00:05:00+0000,2023-04-25T00:05:00+0000,1,-1,-0.190542326182,-0.190542326182,-0.878160531108,0.209293929233,,True,False,selection
btc_return_shadow,btc_return_shadow|2023-04-25T00:00:00+00:00,2023-04-25T00:00:00+0000,2023-04-26T00:00:00+0000,2023-04-26T00:05:00+0000,2023-04-28T00:05:00+0000,1,-1,0.41393466221,1.55292467814,-3.27943216798,0.41393466221,EUR,True,False,selection
btc_return_shadow,btc_return_shadow|2023-04-27T00:00:00+00:00,2023-04-27T00:00:00+0000,2023-04-28T00:00:00+0000,2023-04-28T00:05:00+0000,2023-04-30T00:05:00+0000,1,-1,-1.77878735832,0.124104592563,-1.77878735832,-2.72225043574,,True,False,selection
btc_return_shadow,btc_return_shadow|2023-05-01T00:00:00+00:00,2023-05-01T00:00:00+0000,2023-05-02T00:00:00+0000,2023-05-02T00:05:00+0000,2023-05-04T00:05:00+0000,-1,1,0.968320798905,1.36332665953,-0.593008982505,0.968320798905,,True,False,selection
btc_return_shadow,btc_return_shadow|2023-05-02T00:00:00+00:00,2023-05-02T00:00:00+0000,2023-05-03T00:00:00+0000,2023-05-03T00:05:00+0000,2023-05-05T00:05:00+0000,1,-1,-0.952274458979,-0.952274458979,-2.1965183629,0.491614031687,,False,True,
btc_return_shadow,btc_return_shadow|2023-05-05T00:00:00+00:00,2023-05-05T00:00:00+0000,2023-05-06T00:00:00+0000,2023-05-06T00:05:00+0000,2023-05-08T00:05:00+0000,1,-1,-0.686439583934,-0.796962998909,1.3754503033,-0.686439583934,TRY,True,False,selection
btc_return_shadow,btc_return_shadow|2023-05-06T00:00:00+00:00,2023-05-06T00:00:00+0000,2023-05-07T00:00:00+0000,2023-05-07T00:05:00+0000,2023-05-09T00:05:00+0000,-1,1,1.04325128119,-0.140562619235,2.50628480656,1.04325128119,,False,True,
btc_return_shadow,btc_return_shadow|2023-05-08T00:00:00+00:00,2023-05-08T00:00:00+0000,2023-05-09T00:00:00+0000,2023-05-09T00:05:00+0000,2023-05-11T00:05:00+0000,-1,1,1.09100600199,0.884706131313,2.61032101107,1.09100600199,,True,False,selection
btc_return_shadow,btc_return_shadow|2023-05-11T00:00:00+00:00,2023-05-11T00:00:00+0000,2023-05-12T00:00:00+0000,2023-05-12T00:05:00+0000,2023-05-14T00:05:00+0000,-1,1,1.3752997568,1.3752997568,8.16343981411,-0.0577230435229,,True,False,selection
btc_return_shadow,btc_return_shadow|2023-05-18T00:00:00+00:00,2023-05-18T00:00:00+0000,2023-05-19T00:00:00+0000,2023-05-19T00:05:00+0000,2023-05-21T00:05:00+0000,-1,1,1.60833609946,1.60833609946,3.12173660597,1.20918854427,,True,False,selection
btc_return_shadow,btc_return_shadow|2023-05-24T00:00:00+00:00,2023-05-24T00:00:00+0000,2023-05-25T00:00:00+0000,2023-05-25T00:05:00+0000,2023-05-27T00:05:00+0000,-1,1,1.13153737015,1.13153737015,3.74948910671,-0.253565173929,,True,False,selection
btc_return_shadow,btc_return_shadow|2023-05-28T00:00:00+00:00,2023-05-28T00:00:00+0000,2023-05-29T00:00:00+0000,2023-05-29T00:05:00+0000,2023-05-31T00:05:00+0000,1,-1,-0.444088083712,-0.444088083712,-2.54764466881,-0.37822520155,,True,False,selection
btc_return_shadow,btc_return_shadow|2023-05-31T00:00:00+00:00,2023-05-31T00:00:00+0000,2023-06-01T00:00:00+0000,2023-06-01T00:05:00+0000,2023-06-03T00:05:00+0000,-1,1,1.17893842063,1.17893842063,3.78534428748,0.488135295597,,True,False,selection
btc_return_shadow,btc_return_shadow|2023-06-05T00:00:00+00:00,2023-06-05T00:00:00+0000,2023-06-06T00:00:00+0000,2023-06-06T00:05:00+0000,2023-06-08T00:05:00+0000,-1,1,0.711646666476,0.711646666476,6.38322947958,-1.22721063486,BRL,True,False,selection
btc_return_shadow,btc_return_shadow|2023-06-06T00:00:00+00:00,2023-06-06T00:00:00+0000,2023-06-07T00:00:00+0000,2023-06-07T00:05:00+0000,2023-06-09T00:05:00+0000,1,-1,-0.306970934786,-0.306970934786,5.34205413642,-1.74641184873,TRY,False,True,
btc_return_shadow,btc_return_shadow|2023-06-07T00:00:00+00:00,2023-06-07T00:00:00+0000,2023-06-08T00:00:00+0000,2023-06-08T00:05:00+0000,2023-06-10T00:05:00+0000,-1,1,0.96991355733,-0.216184689727,21.4194022343,0.96991355733,,True,False,selection
btc_return_shadow,btc_return_shadow|2023-06-10T00:00:00+00:00,2023-06-10T00:00:00+0000,2023-06-11T00:00:00+0000,2023-06-11T00:05:00+0000,2023-06-13T00:05:00+0000,-1,1,3.30846707919,3.30846707919,3.603762848,0.648778649205,,True,False,selection
btc_return_shadow,btc_return_shadow|2023-06-14T00:00:00+00:00,2023-06-14T00:00:00+0000,2023-06-15T00:00:00+0000,2023-06-15T00:05:00+0000,2023-06-17T00:05:00+0000,-1,1,-0.362112200553,-0.251128982732,-0.362112200553,-0.978536944717,,True,False,selection
btc_return_shadow,btc_return_shadow|2023-06-15T00:00:00+00:00,2023-06-15T00:00:00+0000,2023-06-16T00:00:00+0000,2023-06-16T00:05:00+0000,2023-06-18T00:05:00+0000,1,-1,-1.79305480408,-4.38692841887,-1.79305480408,-0.846711175363,,False,True,
btc_return_shadow,btc_return_shadow|2023-06-19T00:00:00+00:00,2023-06-19T00:00:00+0000,2023-06-20T00:00:00+0000,2023-06-20T00:05:00+0000,2023-06-22T00:05:00+0000,1,-1,-2.27178808215,0.593264508737,-3.79939775718,-2.27178808215,,True,False,selection
btc_return_shadow,btc_return_shadow|2023-06-23T00:00:00+00:00,2023-06-23T00:00:00+0000,2023-06-24T00:00:00+0000,2023-06-24T00:05:00+0000,2023-06-26T00:05:00+0000,1,-1,1.96873002996,1.96873002996,6.827517474,1.28350601613,EUR+TRY+BRL,True,False,selection
btc_return_shadow,btc_return_shadow|2023-06-28T00:00:00+00:00,2023-06-28T00:00:00+0000,2023-06-29T00:00:00+0000,2023-06-29T00:05:00+0000,2023-07-01T00:05:00+0000,-1,1,2.07012792859,1.33936789777,2.89724052151,2.07012792859,,True,False,selection
btc_return_shadow,btc_return_shadow|2023-07-06T00:00:00+00:00,2023-07-06T00:00:00+0000,2023-07-07T00:00:00+0000,2023-07-07T00:05:00+0000,2023-07-09T00:05:00+0000,-1,1,-0.153650517714,-0.595965300129,-0.153650517714,2.48123539908,,True,False,selection
btc_return_shadow,btc_return_shadow|2023-07-13T00:00:00+00:00,2023-07-13T00:00:00+0000,2023-07-14T00:00:00+0000,2023-07-14T00:05:00+0000,2023-07-16T00:05:00+0000,1,-1,-2.40298598461,-2.40298598461,-4.09745930198,-2.05503772361,,True,False,selection
btc_return_shadow,btc_return_shadow|2023-07-14T00:00:00+00:00,2023-07-14T00:00:00+0000,2023-07-15T00:00:00+0000,2023-07-15T00:05:00+0000,2023-07-17T00:05:00+0000,-1,1,1.43158708805,0.136859087982,4.41265789076,1.43158708805,,False,True,
btc_return_shadow,btc_return_shadow|2023-07-24T00:00:00+00:00,2023-07-24T00:00:00+0000,2023-07-25T00:00:00+0000,2023-07-25T00:05:00+0000,2023-07-27T00:05:00+0000,-1,1,-0.0765920800329,1.71360284171,-0.0765920800329,-1.90051668798,BRL,True,False,selection
btc_return_shadow,btc_return_shadow|2023-08-01T00:00:00+00:00,2023-08-01T00:00:00+0000,2023-08-02T00:00:00+0000,2023-08-02T00:05:00+0000,2023-08-04T00:05:00+0000,1,-1,0.251879706919,-0.471657747079,0.251879706919,1.72699074069,BRL,True,False,selection
btc_return_shadow,btc_return_shadow|2023-08-02T00:00:00+00:00,2023-08-02T00:00:00+0000,2023-08-03T00:00:00+0000,2023-08-03T00:05:00+0000,2023-08-05T00:05:00+0000,-1,1,1.18930746681,1.59389498757,-0.0486748180895,1.18930746681,,False,True,
btc_return_shadow,btc_return_shadow|2023-08-08T00:00:00+00:00,2023-08-08T00:00:00+0000,2023-08-09T00:00:00+0000,2023-08-09T00:05:00+0000,2023-08-11T00:05:00+0000,1,-1,0.233176119671,1.34653279756,0.0850804975219,0.233176119671,EUR,True,False,selection
btc_return_shadow,btc_return_shadow|2023-08-16T00:00:00+00:00,2023-08-16T00:00:00+0000,2023-08-17T00:00:00+0000,2023-08-17T00:05:00+0000,2023-08-19T00:05:00+0000,-1,1,0.32006256445,0.669867361844,0.0632266547312,0.32006256445,,True,False,selection
btc_return_shadow,btc_return_shadow|2023-08-23T00:00:00+00:00,2023-08-23T00:00:00+0000,2023-08-24T00:00:00+0000,2023-08-24T00:05:00+0000,2023-08-26T00:05:00+0000,1,-1,-0.732628791088,-0.732628791088,0.280109981859,-2.50087179128,,True,False,selection
btc_return_shadow,btc_return_shadow|2023-08-29T00:00:00+00:00,2023-08-29T00:00:00+0000,2023-08-30T00:00:00+0000,2023-08-30T00:05:00+0000,2023-09-01T00:05:00+0000,1,-1,-0.464929367343,-0.464929367343,0.353953561418,-0.547355023451,,True,False,selection
btc_return_shadow,btc_return_shadow|2023-08-30T00:00:00+00:00,2023-08-30T00:00:00+0000,2023-08-31T00:00:00+0000,2023-08-31T00:05:00+0000,2023-09-02T00:05:00+0000,-1,1,0.290241340117,-1.35167990592,0.290241340117,0.872729313672,EUR,False,True,
btc_return_shadow,btc_return_shadow|2023-09-07T00:00:00+00:00,2023-09-07T00:00:00+0000,2023-09-08T00:00:00+0000,2023-09-08T00:05:00+0000,2023-09-10T00:05:00+0000,1,-1,0.514579115052,0.514579115052,-0.184195337789,0.537538047138,,True,False,selection
btc_return_shadow,btc_return_shadow|2023-09-11T00:00:00+00:00,2023-09-11T00:00:00+0000,2023-09-12T00:00:00+0000,2023-09-12T00:05:00+0000,2023-09-14T00:05:00+0000,-1,1,-0.532475974685,-0.532475974685,-0.237676931051,-2.50780760087,BRL,True,False,selection
btc_return_shadow,btc_return_shadow|2023-09-12T00:00:00+00:00,2023-09-12T00:00:00+0000,2023-09-13T00:00:00+0000,2023-09-13T00:05:00+0000,2023-09-15T00:05:00+0000,1,-1,0.19203593554,-0.497774229227,0.19203593554,0.797537852462,,False,True,
btc_return_shadow,btc_return_shadow|2023-09-19T00:00:00+00:00,2023-09-19T00:00:00+0000,2023-09-20T00:00:00+0000,2023-09-20T00:05:00+0000,2023-09-22T00:05:00+0000,1,-1,0.264885451974,0.264885451974,-0.0822772273674,0.346602576212,,True,False,selection
btc_return_shadow,btc_return_shadow|2023-09-21T00:00:00+00:00,2023-09-21T00:00:00+0000,2023-09-22T00:00:00+0000,2023-09-22T00:05:00+0000,2023-09-24T00:05:00+0000,-1,1,0.97758772382,-0.264585136309,0.97758772382,2.71761516876,,True,False,selection
btc_return_shadow,btc_return_shadow|2023-09-24T00:00:00+00:00,2023-09-24T00:00:00+0000,2023-09-25T00:00:00+0000,2023-09-25T00:05:00+0000,2023-09-27T00:05:00+0000,-1,1,0.322453516636,-0.261768441844,1.12432744189,0.322453516636,,True,False,selection
btc_return_shadow,btc_return_shadow|2023-09-28T00:00:00+00:00,2023-09-28T00:00:00+0000,2023-09-29T00:00:00+0000,2023-09-29T00:05:00+0000,2023-10-01T00:05:00+0000,1,-1,-0.0102868691798,-1.35660115479,0.408985634765,-0.0102868691798,,True,False,selection
btc_return_shadow,btc_return_shadow|2023-10-01T00:00:00+00:00,2023-10-01T00:00:00+0000,2023-10-02T00:00:00+0000,2023-10-02T00:05:00+0000,2023-10-04T00:05:00+0000,1,-1,-0.0450969193744,0.0878791410159,-1.25046473872,-0.0450969193744,,True,False,selection
btc_return_shadow,btc_return_shadow|2023-10-02T00:00:00+00:00,2023-10-02T00:00:00+0000,2023-10-03T00:00:00+0000,2023-10-03T00:05:00+0000,2023-10-05T00:05:00+0000,-1,1,1.61194555423,2.46959182303,0.551045188082,1.61194555423,,False,True,
btc_return_shadow,btc_return_shadow|2023-10-04T00:00:00+00:00,2023-10-04T00:00:00+0000,2023-10-05T00:00:00+0000,2023-10-05T00:05:00+0000,2023-10-07T00:05:00+0000,1,-1,0.13040031015,-1.1185547826,0.13040031015,0.165184674554,,True,False,selection
btc_return_shadow,btc_return_shadow|2023-10-05T00:00:00+00:00,2023-10-05T00:00:00+0000,2023-10-06T00:00:00+0000,2023-10-06T00:05:00+0000,2023-10-08T00:05:00+0000,-1,1,0.490043057138,-1.23389237057,0.490043057138,1.09229213694,EUR,False,True,
btc_return_shadow,btc_return_shadow|2023-10-06T00:00:00+00:00,2023-10-06T00:00:00+0000,2023-10-07T00:00:00+0000,2023-10-07T00:05:00+0000,2023-10-09T00:05:00+0000,1,-1,-0.329056611161,-0.925617415397,0.381236320994,-0.329056611161,,True,False,selection
btc_return_shadow,btc_return_shadow|2023-10-09T00:00:00+00:00,2023-10-09T00:00:00+0000,2023-10-10T00:00:00+0000,2023-10-10T00:05:00+0000,2023-10-12T00:05:00+0000,-1,1,-0.573719114785,-0.573719114785,1.48224942749,-1.47740592955,BRL,True,False,selection
btc_return_shadow,btc_return_shadow|2023-10-11T00:00:00+00:00,2023-10-11T00:00:00+0000,2023-10-12T00:00:00+0000,2023-10-12T00:05:00+0000,2023-10-14T00:05:00+0000,-1,1,-0.557216561628,-0.557216561628,-0.588766230321,0.130110869035,,True,False,selection
btc_return_shadow,btc_return_shadow|2023-10-15T00:00:00+00:00,2023-10-15T00:00:00+0000,2023-10-16T00:00:00+0000,2023-10-16T00:05:00+0000,2023-10-18T00:05:00+0000,1,-1,-0.00192726110956,-0.60876029573,0.155501442945,-0.00192726110956,,True,False,selection
btc_return_shadow,btc_return_shadow|2023-10-19T00:00:00+00:00,2023-10-19T00:00:00+0000,2023-10-20T00:00:00+0000,2023-10-20T00:05:00+0000,2023-10-22T00:05:00+0000,1,-1,-0.831871198165,-1.33146546832,-0.292307852822,-0.831871198165,,True,False,selection
btc_return_shadow,btc_return_shadow|2023-10-23T00:00:00+00:00,2023-10-23T00:00:00+0000,2023-10-24T00:00:00+0000,2023-10-24T00:05:00+0000,2023-10-26T00:05:00+0000,1,-1,-1.78849019473,-2.66157431961,-0.21352641998,-1.78849019473,,True,False,selection
btc_return_shadow,btc_return_shadow|2023-10-29T00:00:00+00:00,2023-10-29T00:00:00+0000,2023-10-30T00:00:00+0000,2023-10-30T00:05:00+0000,2023-11-01T00:05:00+0000,1,-1,-0.756966721684,0.168060972045,-1.11707421,-0.756966721684,,True,False,selection
btc_return_shadow,btc_return_shadow|2023-11-01T00:00:00+00:00,2023-11-01T00:00:00+0000,2023-11-02T00:00:00+0000,2023-11-02T00:05:00+0000,2023-11-04T00:05:00+0000,1,-1,-0.138715442824,-0.138715442824,0.0840990442335,-3.31830941499,,True,False,selection
btc_return_shadow,btc_return_shadow|2023-11-02T00:00:00+00:00,2023-11-02T00:00:00+0000,2023-11-03T00:00:00+0000,2023-11-03T00:05:00+0000,2023-11-05T00:05:00+0000,-1,1,0.0183449432862,-1.01499716688,0.70368270612,0.0183449432862,EUR,False,True,
btc_return_shadow,btc_return_shadow|2023-11-04T00:00:00+00:00,2023-11-04T00:00:00+0000,2023-11-05T00:00:00+0000,2023-11-05T00:05:00+0000,2023-11-07T00:05:00+0000,1,-1,0.167317757327,0.167317757327,-0.281706775205,0.295734479483,,True,False,selection
btc_return_shadow,btc_return_shadow|2023-11-07T00:00:00+00:00,2023-11-07T00:00:00+0000,2023-11-08T00:00:00+0000,2023-11-08T00:05:00+0000,2023-11-10T00:05:00+0000,1,-1,0.802993840306,0.802993840306,1.51326024047,-1.05941423174,TRY,True,False,selection
btc_return_shadow,btc_return_shadow|2023-11-09T00:00:00+00:00,2023-11-09T00:00:00+0000,2023-11-10T00:00:00+0000,2023-11-10T00:05:00+0000,2023-11-12T00:05:00+0000,1,-1,1.3272080871,1.19745480539,1.3272080871,1.53349779544,EUR+TRY+BRL,True,False,selection
btc_return_shadow,btc_return_shadow|2023-11-13T00:00:00+00:00,2023-11-13T00:00:00+0000,2023-11-14T00:00:00+0000,2023-11-14T00:05:00+0000,2023-11-16T00:05:00+0000,-1,1,-0.519912521008,-0.6813071945,0.320421273425,-0.519912521008,,True,False,selection
btc_return_shadow,btc_return_shadow|2023-11-15T00:00:00+00:00,2023-11-15T00:00:00+0000,2023-11-16T00:00:00+0000,2023-11-16T00:05:00+0000,2023-11-18T00:05:00+0000,1,-1,-0.941527356579,0.78328346219,-1.35459869783,-0.941527356579,,True,False,selection
btc_return_shadow,btc_return_shadow|2023-11-16T00:00:00+00:00,2023-11-16T00:00:00+0000,2023-11-17T00:00:00+0000,2023-11-17T00:05:00+0000,2023-11-19T00:05:00+0000,-1,1,0.62415999048,0.0194690236621,1.87912031404,0.62415999048,,False,True,
btc_return_shadow,btc_return_shadow|2023-11-17T00:00:00+00:00,2023-11-17T00:00:00+0000,2023-11-18T00:00:00+0000,2023-11-18T00:05:00+0000,2023-11-20T00:05:00+0000,1,-1,1.16105696768,-1.88748843753,1.52354501791,1.16105696768,TRY+BRL,True,False,selection
btc_return_shadow,btc_return_shadow|2023-11-19T00:00:00+00:00,2023-11-19T00:00:00+0000,2023-11-20T00:00:00+0000,2023-11-20T00:05:00+0000,2023-11-22T00:05:00+0000,1,-1,-0.827219392133,-0.581758266741,-2.07414787306,-0.827219392133,,True,False,selection
btc_return_shadow,btc_return_shadow|2023-11-21T00:00:00+00:00,2023-11-21T00:00:00+0000,2023-11-22T00:00:00+0000,2023-11-22T00:05:00+0000,2023-11-24T00:05:00+0000,-1,1,0.789565846222,0.789565846222,-0.901487835658,2.1073327137,,True,False,selection
btc_return_shadow,btc_return_shadow|2023-11-22T00:00:00+00:00,2023-11-22T00:00:00+0000,2023-11-23T00:00:00+0000,2023-11-23T00:05:00+0000,2023-11-25T00:05:00+0000,1,-1,-0.565214666711,0.643204697784,-0.565214666711,-0.671601193917,,False,True,
btc_return_shadow,btc_return_shadow|2023-11-24T00:00:00+00:00,2023-11-24T00:00:00+0000,2023-11-25T00:00:00+0000,2023-11-25T00:05:00+0000,2023-11-27T00:05:00+0000,1,-1,-0.322931213136,-1.0169770846,0.959339517065,-0.322931213136,,True,False,selection
btc_return_shadow,btc_return_shadow|2023-11-28T00:00:00+00:00,2023-11-28T00:00:00+0000,2023-11-29T00:00:00+0000,2023-11-29T00:05:00+0000,2023-12-01T00:05:00+0000,1,-1,-1.43563881136,-1.43563881136,-0.863941672786,-1.86336181097,,True,False,selection
btc_return_shadow,btc_return_shadow|2023-12-01T00:00:00+00:00,2023-12-01T00:00:00+0000,2023-12-02T00:00:00+0000,2023-12-02T00:05:00+0000,2023-12-04T00:05:00+0000,1,-1,0.486039676123,0.486039676123,0.948731450449,-1.4854216581,,True,False,selection
btc_return_shadow,btc_return_shadow|2023-12-07T00:00:00+00:00,2023-12-07T00:00:00+0000,2023-12-08T00:00:00+0000,2023-12-08T00:05:00+0000,2023-12-10T00:05:00+0000,-1,1,-0.586661863049,-0.586661863049,-0.722413492498,-0.0877526061275,,True,False,selection
btc_return_shadow,btc_return_shadow|2023-12-08T00:00:00+00:00,2023-12-08T00:00:00+0000,2023-12-09T00:00:00+0000,2023-12-09T00:05:00+0000,2023-12-11T00:05:00+0000,1,-1,0.984572553196,0.984572553196,0.69109151894,1.06357626724,BRL,False,True,
btc_return_shadow,btc_return_shadow|2023-12-09T00:00:00+00:00,2023-12-09T00:00:00+0000,2023-12-10T00:00:00+0000,2023-12-10T00:05:00+0000,2023-12-12T00:05:00+0000,-1,1,0.586677345279,0.0357841465407,0.586677345279,0.727609604101,,True,False,selection
btc_return_shadow,btc_return_shadow|2023-12-11T00:00:00+00:00,2023-12-11T00:00:00+0000,2023-12-12T00:00:00+0000,2023-12-12T00:05:00+0000,2023-12-14T00:05:00+0000,-1,1,0.0466228922617,-0.077258562648,0.555465937714,0.0466228922617,,True,False,selection
btc_return_shadow,btc_return_shadow|2023-12-13T00:00:00+00:00,2023-12-13T00:00:00+0000,2023-12-14T00:00:00+0000,2023-12-14T00:05:00+0000,2023-12-16T00:05:00+0000,1,-1,-2.14007885243,-2.14007885243,0.107517159393,-2.34444234535,,True,False,selection
btc_return_shadow,btc_return_shadow|2023-12-15T00:00:00+00:00,2023-12-15T00:00:00+0000,2023-12-16T00:00:00+0000,2023-12-16T00:05:00+0000,2023-12-18T00:05:00+0000,-1,1,3.02812130856,3.02812130856,4.2575665131,2.03307676639,,True,False,selection
btc_return_shadow,btc_return_shadow|2023-12-17T00:00:00+00:00,2023-12-17T00:00:00+0000,2023-12-18T00:00:00+0000,2023-12-18T00:05:00+0000,2023-12-20T00:05:00+0000,-1,1,0.334426596692,0.334426596692,-0.373936338836,0.78808277944,,True,False,selection
btc_return_shadow,btc_return_shadow|2023-12-18T00:00:00+00:00,2023-12-18T00:00:00+0000,2023-12-19T00:00:00+0000,2023-12-19T00:05:00+0000,2023-12-21T00:05:00+0000,1,-1,-0.937645322796,-0.894460929053,-0.937645322796,-3.29008227217,,False,True,
btc_return_shadow,btc_return_shadow|2023-12-20T00:00:00+00:00,2023-12-20T00:00:00+0000,2023-12-21T00:00:00+0000,2023-12-21T00:05:00+0000,2023-12-23T00:05:00+0000,1,-1,1.23351549792,1.23351549792,-1.85388778245,2.20538905869,EUR+BRL,True,False,selection
btc_return_shadow,btc_return_shadow|2023-12-24T00:00:00+00:00,2023-12-24T00:00:00+0000,2023-12-25T00:00:00+0000,2023-12-25T00:05:00+0000,2023-12-27T00:05:00+0000,-1,1,0.860673199629,0.860673199629,1.33883038218,0.290370178673,,True,False,selection
btc_return_shadow,btc_return_shadow|2023-12-25T00:00:00+00:00,2023-12-25T00:00:00+0000,2023-12-26T00:00:00+0000,2023-12-26T00:05:00+0000,2023-12-28T00:05:00+0000,1,-1,0.0345547155855,-1.88630914078,0.0345547155855,0.464331155963,,False,True,
btc_return_shadow,btc_return_shadow|2023-12-26T00:00:00+00:00,2023-12-26T00:00:00+0000,2023-12-27T00:00:00+0000,2023-12-27T00:05:00+0000,2023-12-29T00:05:00+0000,-1,1,-1.39563962186,-1.39563962186,4.02450116259,-4.63582055042,EUR+BRL,True,False,selection
btc_return_shadow,btc_return_shadow|2023-12-27T00:00:00+00:00,2023-12-27T00:00:00+0000,2023-12-28T00:00:00+0000,2023-12-28T00:05:00+0000,2023-12-30T00:05:00+0000,1,-1,-1.45390237341,-2.06182210128,-1.45390237341,0.565453327186,,False,True,
btc_return_shadow,btc_return_shadow|2023-12-28T00:00:00+00:00,2023-12-28T00:00:00+0000,2023-12-29T00:00:00+0000,2023-12-29T00:05:00+0000,2023-12-31T00:05:00+0000,-1,1,1.48274564632,1.48274564632,-0.270678434999,1.81512332234,,True,False,selection
deterministic_random_side,deterministic_random_side|2021-05-05T00:00:00+00:00,2021-05-05T00:00:00+0000,2021-05-06T00:00:00+0000,2021-05-06T00:05:00+0000,2021-05-08T00:05:00+0000,-1,1,-2.1494031619,-0.714026106796,-2.1494031619,-2.6911774907,TRY+BRL,True,False,train
deterministic_random_side,deterministic_random_side|2021-05-10T00:00:00+00:00,2021-05-10T00:00:00+0000,2021-05-11T00:00:00+0000,2021-05-11T00:05:00+0000,2021-05-13T00:05:00+0000,1,-1,1.37435375142,1.91299934766,1.37435375142,0.550442801704,EUR+TRY,True,False,train
deterministic_random_side,deterministic_random_side|2021-05-11T00:00:00+00:00,2021-05-11T00:00:00+0000,2021-05-12T00:00:00+0000,2021-05-12T00:05:00+0000,2021-05-14T00:05:00+0000,-1,1,-1.4068555468,-0.684118958468,-1.43158095089,-1.4068555468,TRY+BRL,False,True,
deterministic_random_side,deterministic_random_side|2021-05-12T00:00:00+00:00,2021-05-12T00:00:00+0000,2021-05-13T00:00:00+0000,2021-05-13T00:05:00+0000,2021-05-15T00:05:00+0000,1,1,2.2858837347,2.25864017971,3.11870079886,2.2858837347,EUR+TRY+BRL,True,False,train
deterministic_random_side,deterministic_random_side|2021-05-14T00:00:00+00:00,2021-05-14T00:00:00+0000,2021-05-15T00:00:00+0000,2021-05-15T00:05:00+0000,2021-05-17T00:05:00+0000,-1,1,-1.52318887792,-1.52318887792,-1.64115597652,-0.79190279222,EUR+TRY,True,False,train
deterministic_random_side,deterministic_random_side|2021-05-19T00:00:00+00:00,2021-05-19T00:00:00+0000,2021-05-20T00:00:00+0000,2021-05-20T00:05:00+0000,2021-05-22T00:05:00+0000,1,-1,1.72868233852,1.4042146308,1.72868233852,2.5968467031,EUR+TRY+BRL,True,False,train
deterministic_random_side,deterministic_random_side|2021-05-20T00:00:00+00:00,2021-05-20T00:00:00+0000,2021-05-21T00:00:00+0000,2021-05-21T00:05:00+0000,2021-05-23T00:05:00+0000,-1,-1,-1.47267829796,-0.635543549454,-1.80386866298,-1.47267829796,TRY+BRL,False,True,
deterministic_random_side,deterministic_random_side|2021-05-31T00:00:00+00:00,2021-05-31T00:00:00+0000,2021-06-01T00:00:00+0000,2021-06-01T00:05:00+0000,2021-06-03T00:05:00+0000,-1,-1,-1.78957289881,-1.78957289881,-2.07103878964,-0.861245866768,EUR+TRY,True,False,train
deterministic_random_side,deterministic_random_side|2021-06-11T00:00:00+00:00,2021-06-11T00:00:00+0000,2021-06-12T00:00:00+0000,2021-06-12T00:05:00+0000,2021-06-14T00:05:00+0000,1,1,1.22477530233,1.86265183617,-0.119165947477,1.22477530233,EUR+BRL,True,False,train
deterministic_random_side,deterministic_random_side|2021-06-13T00:00:00+00:00,2021-06-13T00:00:00+0000,2021-06-14T00:00:00+0000,2021-06-14T00:05:00+0000,2021-06-16T00:05:00+0000,-1,-1,-1.10894835335,-1.10894835335,-0.584981977885,-1.27816110069,EUR+BRL,True,False,train
deterministic_random_side,deterministic_random_side|2021-06-18T00:00:00+00:00,2021-06-18T00:00:00+0000,2021-06-19T00:00:00+0000,2021-06-19T00:05:00+0000,2021-06-21T00:05:00+0000,1,1,1.91271799112,1.91271799112,0.542122850061,2.37215798282,EUR+BRL,True,False,train
deterministic_random_side,deterministic_random_side|2021-06-22T00:00:00+00:00,2021-06-22T00:00:00+0000,2021-06-23T00:00:00+0000,2021-06-23T00:05:00+0000,2021-06-25T00:05:00+0000,-1,1,-1.29264431192,-0.664656341767,-1.29264431192,-1.61833078512,TRY+BRL,True,False,train
deterministic_random_side,deterministic_random_side|2021-06-25T00:00:00+00:00,2021-06-25T00:00:00+0000,2021-06-26T00:00:00+0000,2021-06-26T00:05:00+0000,2021-06-28T00:05:00+0000,1,-1,1.31192673922,0.583722443781,1.3933308871,1.31192673922,TRY+BRL,True,False,train
deterministic_random_side,deterministic_random_side|2021-07-06T00:00:00+00:00,2021-07-06T00:00:00+0000,2021-07-07T00:00:00+0000,2021-07-07T00:05:00+0000,2021-07-09T00:05:00+0000,1,-1,1.12409308893,1.12409308893,-0.00591569723727,1.28040764989,EUR+BRL,True,False,train
deterministic_random_side,deterministic_random_side|2021-07-29T00:00:00+00:00,2021-07-29T00:00:00+0000,2021-07-30T00:00:00+0000,2021-07-30T00:05:00+0000,2021-08-01T00:05:00+0000,-1,-1,-1.46927388385,-1.46927388385,-1.61494868974,-1.25535088632,EUR+TRY+BRL,True,False,train
deterministic_random_side,deterministic_random_side|2021-08-01T00:00:00+00:00,2021-08-01T00:00:00+0000,2021-08-02T00:00:00+0000,2021-08-02T00:05:00+0000,2021-08-04T00:05:00+0000,1,1,1.1165772636,1.39746674592,1.1165772636,0.187767012344,EUR+TRY,True,False,train
deterministic_random_side,deterministic_random_side|2021-08-08T00:00:00+00:00,2021-08-08T00:00:00+0000,2021-08-09T00:00:00+0000,2021-08-09T00:05:00+0000,2021-08-11T00:05:00+0000,1,-1,1.19486970115,1.19486970115,1.53476658131,0.289537155606,EUR+TRY,True,False,train
deterministic_random_side,deterministic_random_side|2021-08-11T00:00:00+00:00,2021-08-11T00:00:00+0000,2021-08-12T00:00:00+0000,2021-08-12T00:05:00+0000,2021-08-14T00:05:00+0000,1,-1,1.40811454663,1.40811454663,0.881959535341,1.41493722005,EUR+BRL,True,False,train
deterministic_random_side,deterministic_random_side|2021-08-13T00:00:00+00:00,2021-08-13T00:00:00+0000,2021-08-14T00:00:00+0000,2021-08-14T00:05:00+0000,2021-08-16T00:05:00+0000,-1,-1,-1.64406610524,-3.67801209298,-1.64406610524,-0.537475537425,EUR+TRY,True,False,train
deterministic_random_side,deterministic_random_side|2021-08-16T00:00:00+00:00,2021-08-16T00:00:00+0000,2021-08-17T00:00:00+0000,2021-08-17T00:05:00+0000,2021-08-19T00:05:00+0000,1,1,1.1193938756,2.1976804532,1.1193938756,0.647352810554,EUR+TRY,True,False,train
deterministic_random_side,deterministic_random_side|2021-08-27T00:00:00+00:00,2021-08-27T00:00:00+0000,2021-08-28T00:00:00+0000,2021-08-28T00:05:00+0000,2021-08-30T00:05:00+0000,-1,1,-2.4219109057,-3.03391462545,-1.27090591835,-2.4219109057,EUR+TRY+BRL,True,False,train
deterministic_random_side,deterministic_random_side|2021-09-07T00:00:00+00:00,2021-09-07T00:00:00+0000,2021-09-08T00:00:00+0000,2021-09-08T00:05:00+0000,2021-09-10T00:05:00+0000,1,1,2.61502809063,3.92059572352,2.42479698916,2.61502809063,EUR+TRY+BRL,True,False,train
deterministic_random_side,deterministic_random_side|2021-09-16T00:00:00+00:00,2021-09-16T00:00:00+0000,2021-09-17T00:00:00+0000,2021-09-17T00:05:00+0000,2021-09-19T00:05:00+0000,1,1,1.23968644503,0.667494270592,1.23968644503,1.26247822838,TRY+BRL,True,False,train
deterministic_random_side,deterministic_random_side|2021-09-24T00:00:00+00:00,2021-09-24T00:00:00+0000,2021-09-25T00:00:00+0000,2021-09-25T00:05:00+0000,2021-09-27T00:05:00+0000,1,1,1.43012091038,0.64650655992,1.65417890504,1.43012091038,TRY+BRL,True,False,train
deterministic_random_side,deterministic_random_side|2021-09-28T00:00:00+00:00,2021-09-28T00:00:00+0000,2021-09-29T00:00:00+0000,2021-09-29T00:05:00+0000,2021-10-01T00:05:00+0000,1,1,1.28647815978,1.347116556,0.728218058134,1.28647815978,EUR+BRL,True,False,train
deterministic_random_side,deterministic_random_side|2021-09-30T00:00:00+00:00,2021-09-30T00:00:00+0000,2021-10-01T00:00:00+0000,2021-10-01T00:05:00+0000,2021-10-03T00:05:00+0000,-1,1,-1.03054194604,-0.108306275118,-1.20435943087,-1.03054194604,TRY+BRL,True,False,train
deterministic_random_side,deterministic_random_side|2021-10-04T00:00:00+00:00,2021-10-04T00:00:00+0000,2021-10-05T00:00:00+0000,2021-10-05T00:05:00+0000,2021-10-07T00:05:00+0000,1,-1,2.11951430923,0.0321080579149,2.33529243934,2.11951430923,TRY+BRL,True,False,train
deterministic_random_side,deterministic_random_side|2021-10-20T00:00:00+00:00,2021-10-20T00:00:00+0000,2021-10-21T00:00:00+0000,2021-10-21T00:05:00+0000,2021-10-23T00:05:00+0000,-1,1,-2.27287701057,-2.27766686668,-2.27287701057,0.360889061197,EUR+TRY,True,False,train
deterministic_random_side,deterministic_random_side|2021-10-21T00:00:00+00:00,2021-10-21T00:00:00+0000,2021-10-22T00:00:00+0000,2021-10-22T00:05:00+0000,2021-10-24T00:05:00+0000,1,-1,2.22336276067,2.22336276067,5.2449026939,1.77210059404,EUR+TRY+BRL,False,True,
deterministic_random_side,deterministic_random_side|2021-10-25T00:00:00+00:00,2021-10-25T00:00:00+0000,2021-10-26T00:00:00+0000,2021-10-26T00:05:00+0000,2021-10-28T00:05:00+0000,-1,1,-2.15050599133,0.185108472486,-2.15050599133,-2.20762454813,TRY+BRL,True,False,train
deterministic_random_side,deterministic_random_side|2021-11-04T00:00:00+00:00,2021-11-04T00:00:00+0000,2021-11-05T00:00:00+0000,2021-11-05T00:05:00+0000,2021-11-07T00:05:00+0000,1,-1,1.13172348647,1.52537461325,0.854959313281,1.13172348647,EUR+BRL,True,False,train
deterministic_random_side,deterministic_random_side|2021-11-08T00:00:00+00:00,2021-11-08T00:00:00+0000,2021-11-09T00:00:00+0000,2021-11-09T00:05:00+0000,2021-11-11T00:05:00+0000,-1,1,-1.0061754425,-2.3851644583,-0.160746588793,-1.0061754425,EUR+BRL,True,False,train
deterministic_random_side,deterministic_random_side|2021-11-10T00:00:00+00:00,2021-11-10T00:00:00+0000,2021-11-11T00:00:00+0000,2021-11-11T00:05:00+0000,2021-11-13T00:05:00+0000,1,1,2.14829616036,2.80687351872,2.14829616036,0.78789493502,EUR+TRY,True,False,train
deterministic_random_side,deterministic_random_side|2021-11-12T00:00:00+00:00,2021-11-12T00:00:00+0000,2021-11-13T00:00:00+0000,2021-11-13T00:05:00+0000,2021-11-15T00:05:00+0000,1,-1,1.05440629383,-0.351948872074,1.50625706175,1.05440629383,TRY+BRL,True,False,train
deterministic_random_side,deterministic_random_side|2021-11-16T00:00:00+00:00,2021-11-16T00:00:00+0000,2021-11-17T00:00:00+0000,2021-11-17T00:05:00+0000,2021-11-19T00:05:00+0000,1,1,1.60744120586,1.60744120586,4.11637381925,1.142724221,EUR+TRY+BRL,True,False,train
deterministic_random_side,deterministic_random_side|2021-11-18T00:00:00+00:00,2021-11-18T00:00:00+0000,2021-11-19T00:00:00+0000,2021-11-19T00:05:00+0000,2021-11-21T00:05:00+0000,1,1,1.57784964197,-2.08660316718,6.00675567502,1.57784964197,TRY+BRL,True,False,train
deterministic_random_side,deterministic_random_side|2021-12-01T00:00:00+00:00,2021-12-01T00:00:00+0000,2021-12-02T00:00:00+0000,2021-12-02T00:05:00+0000,2021-12-04T00:05:00+0000,1,-1,1.20851952403,0.534794490176,2.25507467043,1.20851952403,TRY+BRL,True,False,train
deterministic_random_side,deterministic_random_side|2021-12-04T00:00:00+00:00,2021-12-04T00:00:00+0000,2021-12-05T00:00:00+0000,2021-12-05T00:05:00+0000,2021-12-07T00:05:00+0000,1,-1,1.84341050581,2.53633176982,1.84341050581,0.485885832902,EUR+TRY,True,False,train
deterministic_random_side,deterministic_random_side|2021-12-07T00:00:00+00:00,2021-12-07T00:00:00+0000,2021-12-08T00:00:00+0000,2021-12-08T00:05:00+0000,2021-12-10T00:05:00+0000,-1,-1,-1.27712825379,-0.0419045290893,-1.27712825379,-2.97852296699,TRY+BRL,True,False,train
deterministic_random_side,deterministic_random_side|2021-12-09T00:00:00+00:00,2021-12-09T00:00:00+0000,2021-12-10T00:00:00+0000,2021-12-10T00:05:00+0000,2021-12-12T00:05:00+0000,1,-1,1.33067272773,1.16614607715,3.23756417524,1.33067272773,EUR+TRY+BRL,True,False,train
deterministic_random_side,deterministic_random_side|2021-12-13T00:00:00+00:00,2021-12-13T00:00:00+0000,2021-12-14T00:00:00+0000,2021-12-14T00:05:00+0000,2021-12-16T00:05:00+0000,1,1,1.5713906566,0.578211473199,2.27885542914,1.5713906566,TRY+BRL,True,False,train
deterministic_random_side,deterministic_random_side|2021-12-17T00:00:00+00:00,2021-12-17T00:00:00+0000,2021-12-18T00:00:00+0000,2021-12-18T00:05:00+0000,2021-12-20T00:05:00+0000,1,1,2.35605815503,2.35605815503,7.68479895419,-1.18908808193,EUR+TRY,True,False,train
deterministic_random_side,deterministic_random_side|2021-12-20T00:00:00+00:00,2021-12-20T00:00:00+0000,2021-12-21T00:00:00+0000,2021-12-21T00:05:00+0000,2021-12-23T00:05:00+0000,-1,-1,-1.17019748638,-1.17019748638,-23.9819738076,0.0885304708824,EUR+TRY,True,False,train
deterministic_random_side,deterministic_random_side|2021-12-22T00:00:00+00:00,2021-12-22T00:00:00+0000,2021-12-23T00:00:00+0000,2021-12-23T00:05:00+0000,2021-12-25T00:05:00+0000,-1,1,-1.16764818708,-0.95119043914,-5.84381914381,-1.16764818708,TRY+BRL,True,False,train
deterministic_random_side,deterministic_random_side|2021-12-29T00:00:00+00:00,2021-12-29T00:00:00+0000,2021-12-30T00:00:00+0000,2021-12-30T00:05:00+0000,2022-01-01T00:05:00+0000,1,-1,1.69131329623,-1.53237626735,5.62972867682,1.69131329623,TRY+BRL,True,False,train
deterministic_random_side,deterministic_random_side|2022-01-03T00:00:00+00:00,2022-01-03T00:00:00+0000,2022-01-04T00:00:00+0000,2022-01-04T00:05:00+0000,2022-01-06T00:05:00+0000,1,1,1.40320677806,1.40320677806,-1.03936518102,1.53413072466,EUR+BRL,True,False,train
deterministic_random_side,deterministic_random_side|2022-01-05T00:00:00+00:00,2022-01-05T00:00:00+0000,2022-01-06T00:00:00+0000,2022-01-06T00:05:00+0000,2022-01-08T00:05:00+0000,1,-1,1.41086462374,-0.458478402833,3.4540117971,1.41086462374,TRY+BRL,True,False,train
deterministic_random_side,deterministic_random_side|2022-01-07T00:00:00+00:00,2022-01-07T00:00:00+0000,2022-01-08T00:00:00+0000,2022-01-08T00:05:00+0000,2022-01-10T00:05:00+0000,-1,-1,-1.77902601652,-1.95937090299,1.5998306389,-1.77902601652,EUR+BRL,True,False,train
deterministic_random_side,deterministic_random_side|2022-01-11T00:00:00+00:00,2022-01-11T00:00:00+0000,2022-01-12T00:00:00+0000,2022-01-12T00:05:00+0000,2022-01-14T00:05:00+0000,-1,1,-1.58064974343,-0.872451216843,-1.58064974343,-2.61240625472,TRY+BRL,True,False,train
deterministic_random_side,deterministic_random_side|2022-01-18T00:00:00+00:00,2022-01-18T00:00:00+0000,2022-01-19T00:00:00+0000,2022-01-19T00:05:00+0000,2022-01-21T00:05:00+0000,1,-1,1.14562664477,1.99489756144,0.416845919543,1.14562664477,EUR+BRL,True,False,train
deterministic_random_side,deterministic_random_side|2022-01-21T00:00:00+00:00,2022-01-21T00:00:00+0000,2022-01-22T00:00:00+0000,2022-01-22T00:05:00+0000,2022-01-24T00:05:00+0000,1,1,1.04358762357,-0.373111038216,1.38919969655,1.04358762357,TRY+BRL,True,False,train
deterministic_random_side,deterministic_random_side|2022-01-26T00:00:00+00:00,2022-01-26T00:00:00+0000,2022-01-27T00:00:00+0000,2022-01-27T00:05:00+0000,2022-01-29T00:05:00+0000,1,-1,1.07852063022,1.93922600415,1.07852063022,-0.643609974829,EUR+TRY,True,False,train
deterministic_random_side,deterministic_random_side|2022-01-28T00:00:00+00:00,2022-01-28T00:00:00+0000,2022-01-29T00:00:00+0000,2022-01-29T00:05:00+0000,2022-01-31T00:05:00+0000,-1,-1,-1.18657870346,0.153350945142,-1.18657870346,-1.49728872193,TRY+BRL,True,False,train
deterministic_random_side,deterministic_random_side|2022-01-31T00:00:00+00:00,2022-01-31T00:00:00+0000,2022-02-01T00:00:00+0000,2022-02-01T00:05:00+0000,2022-02-03T00:05:00+0000,-1,1,-2.92561467648,-2.92561467648,-2.11180292856,-3.34651048505,EUR+TRY+BRL,True,False,train
deterministic_random_side,deterministic_random_side|2022-02-15T00:00:00+00:00,2022-02-15T00:00:00+0000,2022-02-16T00:00:00+0000,2022-02-16T00:05:00+0000,2022-02-18T00:05:00+0000,-1,1,-1.84660380843,-1.84660380843,-0.659171430377,-2.49900153519,EUR+BRL,True,False,train
deterministic_random_side,deterministic_random_side|2022-02-24T00:00:00+00:00,2022-02-24T00:00:00+0000,2022-02-25T00:00:00+0000,2022-02-25T00:05:00+0000,2022-02-27T00:05:00+0000,1,1,3.00547058679,3.00547058679,1.03404227348,3.44717587513,EUR+TRY+BRL,True,False,train
deterministic_random_side,deterministic_random_side|2022-02-25T00:00:00+00:00,2022-02-25T00:00:00+0000,2022-02-26T00:00:00+0000,2022-02-26T00:05:00+0000,2022-02-28T00:05:00+0000,-1,-1,-1.85390273997,-1.85390273997,-2.05696434977,1.17502898101,EUR+TRY,False,True,
deterministic_random_side,deterministic_random_side|2022-02-27T00:00:00+00:00,2022-02-27T00:00:00+0000,2022-02-28T00:00:00+0000,2022-02-28T00:05:00+0000,2022-03-02T00:05:00+0000,1,1,1.83079094579,2.75862932419,1.83079094579,0.123231557405,EUR+TRY,True,False,train
deterministic_random_side,deterministic_random_side|2022-02-28T00:00:00+00:00,2022-02-28T00:00:00+0000,2022-03-01T00:00:00+0000,2022-03-01T00:05:00+0000,2022-03-03T00:05:00+0000,-1,-1,-1.71093396784,-1.46406173162,-3.5648217876,-1.71093396784,EUR+TRY+BRL,False,True,
deterministic_random_side,deterministic_random_side|2022-03-04T00:00:00+00:00,2022-03-04T00:00:00+0000,2022-03-05T00:00:00+0000,2022-03-05T00:05:00+0000,2022-03-07T00:05:00+0000,1,1,1.34708701979,4.5616199616,0.751952930957,1.34708701979,EUR+BRL,True,False,train
deterministic_random_side,deterministic_random_side|2022-03-08T00:00:00+00:00,2022-03-08T00:00:00+0000,2022-03-09T00:00:00+0000,2022-03-09T00:05:00+0000,2022-03-11T00:05:00+0000,-1,-1,-1.34593349046,-1.55303845854,0.118127266323,-1.34593349046,EUR+BRL,True,False,train
deterministic_random_side,deterministic_random_side|2022-03-10T00:00:00+00:00,2022-03-10T00:00:00+0000,2022-03-11T00:00:00+0000,2022-03-11T00:05:00+0000,2022-03-13T00:05:00+0000,1,1,1.6786603075,2.11156052045,1.6786603075,0.190224701612,EUR+TRY,True,False,train
deterministic_random_side,deterministic_random_side|2022-03-16T00:00:00+00:00,2022-03-16T00:00:00+0000,2022-03-17T00:00:00+0000,2022-03-17T00:05:00+0000,2022-03-19T00:05:00+0000,-1,1,-2.16560885507,-2.184791044,-1.24680253327,-2.16560885507,EUR+TRY+BRL,True,False,train
deterministic_random_side,deterministic_random_side|2022-03-29T00:00:00+00:00,2022-03-29T00:00:00+0000,2022-03-30T00:00:00+0000,2022-03-30T00:05:00+0000,2022-04-01T00:05:00+0000,-1,1,-1.13591537575,-3.12381705916,-1.13591537575,0.272083348969,EUR+TRY,True,False,train
deterministic_random_side,deterministic_random_side|2022-04-05T00:00:00+00:00,2022-04-05T00:00:00+0000,2022-04-06T00:00:00+0000,2022-04-06T00:05:00+0000,2022-04-08T00:05:00+0000,1,1,1.73777874655,2.18284229248,0.321055724665,1.73777874655,EUR+BRL,True,False,train
deterministic_random_side,deterministic_random_side|2022-04-12T00:00:00+00:00,2022-04-12T00:00:00+0000,2022-04-13T00:00:00+0000,2022-04-13T00:05:00+0000,2022-04-15T00:05:00+0000,-1,1,-1.08004297413,1.85209056078,-1.0891408855,-1.08004297413,TRY+BRL,True,False,train
deterministic_random_side,deterministic_random_side|2022-04-20T00:00:00+00:00,2022-04-20T00:00:00+0000,2022-04-21T00:00:00+0000,2022-04-21T00:05:00+0000,2022-04-23T00:05:00+0000,-1,1,-1.65285817957,-2.00982237962,0.153194709512,-1.65285817957,EUR+BRL,True,False,train
deterministic_random_side,deterministic_random_side|2022-04-22T00:00:00+00:00,2022-04-22T00:00:00+0000,2022-04-23T00:00:00+0000,2022-04-23T00:05:00+0000,2022-04-25T00:05:00+0000,1,1,1.14765295692,1.14765295692,0.130308969964,6.09850471893,EUR+BRL,True,False,train
deterministic_random_side,deterministic_random_side|2022-04-25T00:00:00+00:00,2022-04-25T00:00:00+0000,2022-04-26T00:00:00+0000,2022-04-26T00:05:00+0000,2022-04-28T00:05:00+0000,1,-1,2.16454665734,2.75274301234,-0.292008662966,2.16454665734,EUR+BRL,True,False,train
deterministic_random_side,deterministic_random_side|2022-05-04T00:00:00+00:00,2022-05-04T00:00:00+0000,2022-05-05T00:00:00+0000,2022-05-05T00:05:00+0000,2022-05-07T00:05:00+0000,-1,-1,-2.17917195384,-3.53999519996,-2.06334889871,-2.17917195384,EUR+TRY+BRL,True,False,train
deterministic_random_side,deterministic_random_side|2022-05-05T00:00:00+00:00,2022-05-05T00:00:00+0000,2022-05-06T00:00:00+0000,2022-05-06T00:05:00+0000,2022-05-08T00:05:00+0000,1,1,2.66020470739,2.66020470739,1.53267972724,4.36005514758,EUR+TRY+BRL,False,True,
deterministic_random_side,deterministic_random_side|2022-05-09T00:00:00+00:00,2022-05-09T00:00:00+0000,2022-05-10T00:00:00+0000,2022-05-10T00:05:00+0000,2022-05-12T00:05:00+0000,1,-1,1.86956105101,-1.3912847755,1.86956105101,2.89543185446,TRY+BRL,True,False,train
deterministic_random_side,deterministic_random_side|2022-05-17T00:00:00+00:00,2022-05-17T00:00:00+0000,2022-05-18T00:00:00+0000,2022-05-18T00:05:00+0000,2022-05-20T00:05:00+0000,-1,1,-3.62920670163,-3.62920670163,0.491211529112,-4.23364542083,EUR+BRL,True,False,train
deterministic_random_side,deterministic_random_side|2022-05-18T00:00:00+00:00,2022-05-18T00:00:00+0000,2022-05-19T00:00:00+0000,2022-05-19T00:05:00+0000,2022-05-21T00:05:00+0000,1,-1,2.27135388691,2.35628767933,2.27135388691,1.42199490449,EUR+TRY+BRL,False,True,
deterministic_random_side,deterministic_random_side|2022-05-19T00:00:00+00:00,2022-05-19T00:00:00+0000,2022-05-20T00:00:00+0000,2022-05-20T00:05:00+0000,2022-05-22T00:05:00+0000,-1,1,-1.84072280913,-3.5171356714,-1.76939163588,-1.84072280913,EUR+TRY+BRL,True,False,train
deterministic_random_side,deterministic_random_side|2022-05-23T00:00:00+00:00,2022-05-23T00:00:00+0000,2022-05-24T00:00:00+0000,2022-05-24T00:05:00+0000,2022-05-26T00:05:00+0000,-1,1,-1.88519089278,-3.41290671815,0.750193541039,-1.88519089278,EUR+BRL,True,False,train
deterministic_random_side,deterministic_random_side|2022-05-25T00:00:00+00:00,2022-05-25T00:00:00+0000,2022-05-26T00:00:00+0000,2022-05-26T00:05:00+0000,2022-05-28T00:05:00+0000,1,1,1.23644121503,1.31456238536,1.23644121503,0.171550456153,EUR+TRY,True,False,train
deterministic_random_side,deterministic_random_side|2022-05-26T00:00:00+00:00,2022-05-26T00:00:00+0000,2022-05-27T00:00:00+0000,2022-05-27T00:05:00+0000,2022-05-29T00:05:00+0000,-1,1,-1.17765589442,-1.37704053646,0.627260111534,-1.17765589442,EUR+BRL,False,True,
deterministic_random_side,deterministic_random_side|2022-06-01T00:00:00+00:00,2022-06-01T00:00:00+0000,2022-06-02T00:00:00+0000,2022-06-02T00:05:00+0000,2022-06-04T00:05:00+0000,1,1,2.35815299544,2.35815299544,0.824160943294,2.84749828016,EUR+BRL,True,False,train
deterministic_random_side,deterministic_random_side|2022-06-02T00:00:00+00:00,2022-06-02T00:00:00+0000,2022-06-03T00:00:00+0000,2022-06-03T00:05:00+0000,2022-06-05T00:05:00+0000,-1,-1,-1.16802104385,-2.66409189275,0.00963397574333,-1.16802104385,EUR+BRL,False,True,
deterministic_random_side,deterministic_random_side|2022-06-07T00:00:00+00:00,2022-06-07T00:00:00+0000,2022-06-08T00:00:00+0000,2022-06-08T00:05:00+0000,2022-06-10T00:05:00+0000,1,1,1.42696514479,-0.459502312678,1.42696514479,2.32666070186,TRY+BRL,True,False,train
deterministic_random_side,deterministic_random_side|2022-06-10T00:00:00+00:00,2022-06-10T00:00:00+0000,2022-06-11T00:00:00+0000,2022-06-11T00:05:00+0000,2022-06-13T00:05:00+0000,1,1,2.84857818875,3.16896084831,0.706286389478,2.84857818875,EUR+BRL,True,False,train
deterministic_random_side,deterministic_random_side|2022-06-13T00:00:00+00:00,2022-06-13T00:00:00+0000,2022-06-14T00:00:00+0000,2022-06-14T00:05:00+0000,2022-06-16T00:05:00+0000,1,-1,2.65462250953,2.65462250953,0.051534002715,3.70785302652,EUR+BRL,True,False,train
deterministic_random_side,deterministic_random_side|2022-06-17T00:00:00+00:00,2022-06-17T00:00:00+0000,2022-06-18T00:00:00+0000,2022-06-18T00:05:00+0000,2022-06-20T00:05:00+0000,1,1,1.29946800646,1.32609952839,-0.269709162346,1.29946800646,EUR+BRL,True,False,train
deterministic_random_side,deterministic_random_side|2022-06-28T00:00:00+00:00,2022-06-28T00:00:00+0000,2022-06-29T00:00:00+0000,2022-06-29T00:05:00+0000,2022-07-01T00:05:00+0000,1,1,1.25303758644,1.75811583794,0.178994778747,1.25303758644,EUR+BRL,True,False,train
deterministic_random_side,deterministic_random_side|2022-07-05T00:00:00+00:00,2022-07-05T00:00:00+0000,2022-07-06T00:00:00+0000,2022-07-06T00:05:00+0000,2022-07-08T00:05:00+0000,1,-1,1.61972745867,4.70572050805,1.44119894764,1.61972745867,EUR+TRY+BRL,True,False,train
deterministic_random_side,deterministic_random_side|2022-07-11T00:00:00+00:00,2022-07-11T00:00:00+0000,2022-07-12T00:00:00+0000,2022-07-12T00:05:00+0000,2022-07-14T00:05:00+0000,1,1,2.87487938549,3.42678213388,0.796463359068,2.87487938549,EUR+BRL,True,False,train
deterministic_random_side,deterministic_random_side|2022-07-20T00:00:00+00:00,2022-07-20T00:00:00+0000,2022-07-21T00:00:00+0000,2022-07-21T00:05:00+0000,2022-07-23T00:05:00+0000,1,1,1.41654819741,1.41654819741,1.44726444551,1.4024562576,EUR+TRY+BRL,True,False,train
deterministic_random_side,deterministic_random_side|2022-07-27T00:00:00+00:00,2022-07-27T00:00:00+0000,2022-07-28T00:00:00+0000,2022-07-28T00:05:00+0000,2022-07-30T00:05:00+0000,-1,1,-2.28906483995,-2.28906483995,-1.02880706066,-3.36074868502,EUR+TRY+BRL,True,False,train
deterministic_random_side,deterministic_random_side|2022-08-02T00:00:00+00:00,2022-08-02T00:00:00+0000,2022-08-03T00:00:00+0000,2022-08-03T00:05:00+0000,2022-08-05T00:05:00+0000,1,1,2.61820756837,2.62267046478,0.231430010267,2.61820756837,EUR+BRL,True,False,train
deterministic_random_side,deterministic_random_side|2022-08-04T00:00:00+00:00,2022-08-04T00:00:00+0000,2022-08-05T00:00:00+0000,2022-08-05T00:05:00+0000,2022-08-07T00:05:00+0000,-1,1,-2.030148619,-2.17116756526,-0.223952172222,-2.030148619,EUR+BRL,True,False,train
deterministic_random_side,deterministic_random_side|2022-08-10T00:00:00+00:00,2022-08-10T00:00:00+0000,2022-08-11T00:00:00+0000,2022-08-11T00:05:00+0000,2022-08-13T00:05:00+0000,-1,1,-1.55599915534,-2.41421386048,-1.55599915534,-1.25121925405,EUR+TRY+BRL,True,False,train
deterministic_random_side,deterministic_random_side|2022-08-12T00:00:00+00:00,2022-08-12T00:00:00+0000,2022-08-13T00:00:00+0000,2022-08-13T00:05:00+0000,2022-08-15T00:05:00+0000,-1,-1,-1.26123146801,0.956608939498,-1.26123146801,-2.07353194725,TRY+BRL,True,False,train
deterministic_random_side,deterministic_random_side|2022-08-22T00:00:00+00:00,2022-08-22T00:00:00+0000,2022-08-23T00:00:00+0000,2022-08-23T00:05:00+0000,2022-08-25T00:05:00+0000,-1,-1,-1.02133784988,1.87837600737,-1.18511859472,-1.02133784988,TRY+BRL,True,False,train
deterministic_random_side,deterministic_random_side|2022-08-29T00:00:00+00:00,2022-08-29T00:00:00+0000,2022-08-30T00:00:00+0000,2022-08-30T00:05:00+0000,2022-09-01T00:05:00+0000,-1,-1,-1.91782454151,-2.22476548753,-1.08196707613,-1.91782454151,EUR+TRY+BRL,True,False,train
deterministic_random_side,deterministic_random_side|2022-09-01T00:00:00+00:00,2022-09-01T00:00:00+0000,2022-09-02T00:00:00+0000,2022-09-02T00:05:00+0000,2022-09-04T00:05:00+0000,1,-1,1.95377954314,2.03576626802,-0.794581576818,1.95377954314,EUR+BRL,True,False,train
deterministic_random_side,deterministic_random_side|2022-09-06T00:00:00+00:00,2022-09-06T00:00:00+0000,2022-09-07T00:00:00+0000,2022-09-07T00:05:00+0000,2022-09-09T00:05:00+0000,1,-1,1.61143933678,1.61143933678,0.532969166448,2.44714341497,EUR+BRL,True,False,train
deterministic_random_side,deterministic_random_side|2022-09-09T00:00:00+00:00,2022-09-09T00:00:00+0000,2022-09-10T00:00:00+0000,2022-09-10T00:05:00+0000,2022-09-12T00:05:00+0000,-1,-1,-1.51481200517,-1.51481200517,-0.248644971678,-1.80854324958,EUR+BRL,True,False,train
deterministic_random_side,deterministic_random_side|2022-09-12T00:00:00+00:00,2022-09-12T00:00:00+0000,2022-09-13T00:00:00+0000,2022-09-13T00:05:00+0000,2022-09-15T00:05:00+0000,-1,-1,-1.36952382926,-1.36952382926,0.275169822423,-1.94145675611,EUR+BRL,True,False,train
deterministic_random_side,deterministic_random_side|2022-09-13T00:00:00+00:00,2022-09-13T00:00:00+0000,2022-09-14T00:00:00+0000,2022-09-14T00:05:00+0000,2022-09-16T00:05:00+0000,1,1,3.29719057548,4.44142396914,0.251480902737,3.29719057548,EUR+BRL,False,True,
deterministic_random_side,deterministic_random_side|2022-09-21T00:00:00+00:00,2022-09-21T00:00:00+0000,2022-09-22T00:00:00+0000,2022-09-22T00:05:00+0000,2022-09-24T00:05:00+0000,1,1,1.17209786945,3.82101492095,0.499017605319,1.17209786945,EUR+BRL,True,False,train
deterministic_random_side,deterministic_random_side|2022-09-22T00:00:00+00:00,2022-09-22T00:00:00+0000,2022-09-23T00:00:00+0000,2022-09-23T00:05:00+0000,2022-09-25T00:05:00+0000,-1,-1,-1.56100929234,-0.58628247517,-1.56100929234,-2.30677829817,TRY+BRL,False,True,
deterministic_random_side,deterministic_random_side|2022-09-23T00:00:00+00:00,2022-09-23T00:00:00+0000,2022-09-24T00:00:00+0000,2022-09-24T00:05:00+0000,2022-09-26T00:05:00+0000,1,-1,2.59353761915,3.90041714894,-0.2347760222,2.59353761915,EUR+BRL,True,False,train
deterministic_random_side,deterministic_random_side|2022-09-26T00:00:00+00:00,2022-09-26T00:00:00+0000,2022-09-27T00:00:00+0000,2022-09-27T00:05:00+0000,2022-09-29T00:05:00+0000,1,1,1.70979047407,1.70979047407,-0.813351644855,2.84397944806,EUR+BRL,True,False,train
deterministic_random_side,deterministic_random_side|2022-10-03T00:00:00+00:00,2022-10-03T00:00:00+0000,2022-10-04T00:00:00+0000,2022-10-04T00:05:00+0000,2022-10-06T00:05:00+0000,-1,1,-1.35044610857,-1.35044610857,-0.737863079103,-6.67464706165,EUR+BRL,True,False,train
deterministic_random_side,deterministic_random_side|2022-10-14T00:00:00+00:00,2022-10-14T00:00:00+0000,2022-10-15T00:00:00+0000,2022-10-15T00:05:00+0000,2022-10-17T00:05:00+0000,1,-1,1.0519974477,1.0519974477,-0.00533135798414,1.94270141564,EUR+BRL,True,False,train
deterministic_random_side,deterministic_random_side|2022-10-19T00:00:00+00:00,2022-10-19T00:00:00+0000,2022-10-20T00:00:00+0000,2022-10-20T00:05:00+0000,2022-10-22T00:05:00+0000,1,-1,1.135517463,2.34903928816,0.231345190951,1.135517463,EUR+BRL,True,False,train
deterministic_random_side,deterministic_random_side|2022-10-21T00:00:00+00:00,2022-10-21T00:00:00+0000,2022-10-22T00:00:00+0000,2022-10-22T00:05:00+0000,2022-10-24T00:05:00+0000,-1,1,-1.94595439933,-2.1109377565,-0.271483739756,-1.94595439933,EUR+BRL,True,False,train
deterministic_random_side,deterministic_random_side|2022-10-25T00:00:00+00:00,2022-10-25T00:00:00+0000,2022-10-26T00:00:00+0000,2022-10-26T00:05:00+0000,2022-10-28T00:05:00+0000,-1,-1,-1.42532028525,-2.13040829896,-1.42532028525,-0.381301584884,EUR+TRY,True,False,train
deterministic_random_side,deterministic_random_side|2022-11-04T00:00:00+00:00,2022-11-04T00:00:00+0000,2022-11-05T00:00:00+0000,2022-11-05T00:05:00+0000,2022-11-07T00:05:00+0000,-1,1,-2.54840814952,-5.51445798257,-2.44886015762,-2.54840814952,EUR+TRY+BRL,True,False,train
deterministic_random_side,deterministic_random_side|2022-11-06T00:00:00+00:00,2022-11-06T00:00:00+0000,2022-11-07T00:00:00+0000,2022-11-07T00:05:00+0000,2022-11-09T00:05:00+0000,1,1,1.00514461692,1.00514461692,1.69293467175,0.736858823382,EUR+TRY,True,False,train
deterministic_random_side,deterministic_random_side|2022-11-07T00:00:00+00:00,2022-11-07T00:00:00+0000,2022-11-08T00:00:00+0000,2022-11-08T00:05:00+0000,2022-11-10T00:05:00+0000,-1,1,-1.32383752649,-2.7407963763,-1.32383752649,2.507777659,EUR+TRY,False,True,
deterministic_random_side,deterministic_random_side|2022-11-08T00:00:00+00:00,2022-11-08T00:00:00+0000,2022-11-09T00:00:00+0000,2022-11-09T00:05:00+0000,2022-11-11T00:05:00+0000,1,-1,1.19717688771,-0.798027351671,2.14907580548,1.19717688771,TRY+BRL,True,False,train
deterministic_random_side,deterministic_random_side|2022-11-10T00:00:00+00:00,2022-11-10T00:00:00+0000,2022-11-11T00:00:00+0000,2022-11-11T00:05:00+0000,2022-11-13T00:05:00+0000,-1,1,-4.53953198024,-4.99409632056,-4.53953198024,2.39892166065,EUR+TRY,True,False,train
deterministic_random_side,deterministic_random_side|2022-11-15T00:00:00+00:00,2022-11-15T00:00:00+0000,2022-11-16T00:00:00+0000,2022-11-16T00:05:00+0000,2022-11-18T00:05:00+0000,-1,-1,-1.02200622895,-1.02200622895,-1.68324933683,-0.548267240959,EUR+TRY,True,False,train
deterministic_random_side,deterministic_random_side|2022-11-21T00:00:00+00:00,2022-11-21T00:00:00+0000,2022-11-22T00:00:00+0000,2022-11-22T00:05:00+0000,2022-11-24T00:05:00+0000,-1,1,-1.96637447744,1.92033667223,-1.96637447744,-2.36334891442,TRY+BRL,True,False,train
deterministic_random_side,deterministic_random_side|2022-11-30T00:00:00+00:00,2022-11-30T00:00:00+0000,2022-12-01T00:00:00+0000,2022-12-01T00:05:00+0000,2022-12-03T00:05:00+0000,-1,1,-2.5736274877,-2.5736274877,-1.15453072602,-2.62239920028,EUR+TRY+BRL,True,False,train
deterministic_random_side,deterministic_random_side|2022-12-16T00:00:00+00:00,2022-12-16T00:00:00+0000,2022-12-17T00:00:00+0000,2022-12-17T00:05:00+0000,2022-12-19T00:05:00+0000,1,-1,1.47467952345,1.47467952345,2.22017783883,0.469661357647,EUR+TRY,True,False,train
deterministic_random_side,deterministic_random_side|2023-01-03T00:00:00+00:00,2023-01-03T00:00:00+0000,2023-01-04T00:00:00+0000,2023-01-04T00:05:00+0000,2023-01-06T00:05:00+0000,1,-1,3.28307139695,3.79146630416,-0.850593325629,3.28307139695,EUR+BRL,True,False,selection
deterministic_random_side,deterministic_random_side|2023-01-06T00:00:00+00:00,2023-01-06T00:00:00+0000,2023-01-07T00:00:00+0000,2023-01-07T00:05:00+0000,2023-01-09T00:05:00+0000,-1,1,-2.98424321312,-2.98424321312,1.26749177474,-3.53508263225,EUR+BRL,True,False,selection
deterministic_random_side,deterministic_random_side|2023-01-09T00:00:00+00:00,2023-01-09T00:00:00+0000,2023-01-10T00:00:00+0000,2023-01-10T00:05:00+0000,2023-01-12T00:05:00+0000,-1,1,-1.22652650966,-1.53657210852,-0.128137699439,-1.22652650966,EUR+BRL,True,False,selection
deterministic_random_side,deterministic_random_side|2023-01-12T00:00:00+00:00,2023-01-12T00:00:00+0000,2023-01-13T00:00:00+0000,2023-01-13T00:05:00+0000,2023-01-15T00:05:00+0000,-1,-1,-1.3461613064,-2.10122437299,-0.446125242373,-1.3461613064,EUR+BRL,True,False,selection
deterministic_random_side,deterministic_random_side|2023-01-16T00:00:00+00:00,2023-01-16T00:00:00+0000,2023-01-17T00:00:00+0000,2023-01-17T00:05:00+0000,2023-01-19T00:05:00+0000,1,-1,1.06523950503,0.00727889103015,1.45186386007,1.06523950503,TRY+BRL,True,False,selection
deterministic_random_side,deterministic_random_side|2023-01-25T00:00:00+00:00,2023-01-25T00:00:00+0000,2023-01-26T00:00:00+0000,2023-01-26T00:05:00+0000,2023-01-28T00:05:00+0000,-1,1,-1.38464968741,-0.915453015426,-1.38464968741,-2.24925669029,TRY+BRL,True,False,selection
deterministic_random_side,deterministic_random_side|2023-01-31T00:00:00+00:00,2023-01-31T00:00:00+0000,2023-02-01T00:00:00+0000,2023-02-01T00:05:00+0000,2023-02-03T00:05:00+0000,-1,-1,-1.22048641861,-0.247959997977,-1.28695780085,-1.22048641861,TRY+BRL,True,False,selection
deterministic_random_side,deterministic_random_side|2023-02-03T00:00:00+00:00,2023-02-03T00:00:00+0000,2023-02-04T00:00:00+0000,2023-02-04T00:05:00+0000,2023-02-06T00:05:00+0000,1,-1,2.09577748447,2.538004214,0.13087613995,2.09577748447,EUR+BRL,True,False,selection
deterministic_random_side,deterministic_random_side|2023-02-09T00:00:00+00:00,2023-02-09T00:00:00+0000,2023-02-10T00:00:00+0000,2023-02-10T00:05:00+0000,2023-02-12T00:05:00+0000,1,-1,1.78701619525,-0.379045495977,1.78701619525,2.62256066437,TRY+BRL,True,False,selection
deterministic_random_side,deterministic_random_side|2023-02-13T00:00:00+00:00,2023-02-13T00:00:00+0000,2023-02-14T00:00:00+0000,2023-02-14T00:05:00+0000,2023-02-16T00:05:00+0000,-1,1,-1.16356522346,-1.16356522346,-0.141114234939,-2.38852319919,EUR+BRL,True,False,selection
deterministic_random_side,deterministic_random_side|2023-02-24T00:00:00+00:00,2023-02-24T00:00:00+0000,2023-02-25T00:00:00+0000,2023-02-25T00:05:00+0000,2023-02-27T00:05:00+0000,1,-1,1.63573814269,1.55415161957,1.63573814269,2.04528236584,EUR+TRY+BRL,True,False,selection
deterministic_random_side,deterministic_random_side|2023-03-06T00:00:00+00:00,2023-03-06T00:00:00+0000,2023-03-07T00:00:00+0000,2023-03-07T00:05:00+0000,2023-03-09T00:05:00+0000,-1,-1,-1.57164222765,-2.17135865821,-1.53466172996,-1.57164222765,EUR+TRY+BRL,True,False,selection
deterministic_random_side,deterministic_random_side|2023-03-07T00:00:00+00:00,2023-03-07T00:00:00+0000,2023-03-08T00:00:00+0000,2023-03-08T00:05:00+0000,2023-03-10T00:05:00+0000,1,1,1.31113319449,3.05575970806,-0.161149611085,1.31113319449,EUR+BRL,False,True,
deterministic_random_side,deterministic_random_side|2023-03-10T00:00:00+00:00,2023-03-10T00:00:00+0000,2023-03-11T00:00:00+0000,2023-03-11T00:05:00+0000,2023-03-13T00:05:00+0000,1,-1,1.30165128814,-2.21964270006,1.30165128814,1.66036835007,TRY+BRL,True,False,selection
deterministic_random_side,deterministic_random_side|2023-03-11T00:00:00+00:00,2023-03-11T00:00:00+0000,2023-03-12T00:00:00+0000,2023-03-12T00:05:00+0000,2023-03-14T00:05:00+0000,-1,-1,-2.93306590174,-2.93306590174,0.0903710902706,-4.22692083268,EUR+BRL,False,True,
deterministic_random_side,deterministic_random_side|2023-03-12T00:00:00+00:00,2023-03-12T00:00:00+0000,2023-03-13T00:00:00+0000,2023-03-13T00:05:00+0000,2023-03-15T00:05:00+0000,1,1,1.82790692365,2.15367109553,-3.28120412366,1.82790692365,EUR+BRL,True,False,selection
deterministic_random_side,deterministic_random_side|2023-03-14T00:00:00+00:00,2023-03-14T00:00:00+0000,2023-03-15T00:00:00+0000,2023-03-15T00:05:00+0000,2023-03-17T00:05:00+0000,1,1,1.1965835541,0.788176778693,1.1965835541,1.58586244744,TRY+BRL,True,False,selection
deterministic_random_side,deterministic_random_side|2023-03-16T00:00:00+00:00,2023-03-16T00:00:00+0000,2023-03-17T00:00:00+0000,2023-03-17T00:05:00+0000,2023-03-19T00:05:00+0000,-1,-1,-1.04557233469,-0.352214681247,-1.04557233469,-1.27762404205,TRY+BRL,True,False,selection
deterministic_random_side,deterministic_random_side|2023-03-24T00:00:00+00:00,2023-03-24T00:00:00+0000,2023-03-25T00:00:00+0000,2023-03-25T00:05:00+0000,2023-03-27T00:05:00+0000,1,-1,2.50358962024,2.50358962024,2.73219913808,-0.320032802437,EUR+TRY,True,False,selection
deterministic_random_side,deterministic_random_side|2023-03-26T00:00:00+00:00,2023-03-26T00:00:00+0000,2023-03-27T00:00:00+0000,2023-03-27T00:05:00+0000,2023-03-29T00:05:00+0000,-1,-1,-1.07678064695,-1.14752114384,-1.07678064695,-0.37048304556,EUR+TRY,True,False,selection
deterministic_random_side,deterministic_random_side|2023-03-28T00:00:00+00:00,2023-03-28T00:00:00+0000,2023-03-29T00:00:00+0000,2023-03-29T00:05:00+0000,2023-03-31T00:05:00+0000,-1,-1,-1.88815330363,-1.88815330363,-1.17149548744,-1.9683088834,EUR+TRY+BRL,True,False,selection
deterministic_random_side,deterministic_random_side|2023-04-02T00:00:00+00:00,2023-04-02T00:00:00+0000,2023-04-03T00:00:00+0000,2023-04-03T00:05:00+0000,2023-04-05T00:05:00+0000,1,-1,1.19197127871,1.24851981412,1.19197127871,0.514498072344,EUR+TRY,True,False,selection
deterministic_random_side,deterministic_random_side|2023-04-12T00:00:00+00:00,2023-04-12T00:00:00+0000,2023-04-13T00:00:00+0000,2023-04-13T00:05:00+0000,2023-04-15T00:05:00+0000,-1,-1,-1.53097862543,-1.53097862543,0.833776996783,-2.51689575966,EUR+BRL,True,False,selection
deterministic_random_side,deterministic_random_side|2023-04-15T00:00:00+00:00,2023-04-15T00:00:00+0000,2023-04-16T00:00:00+0000,2023-04-16T00:05:00+0000,2023-04-18T00:05:00+0000,1,1,1.58562918612,0.421891607266,2.72709094814,1.58562918612,TRY+BRL,True,False,selection
deterministic_random_side,deterministic_random_side|2023-04-19T00:00:00+00:00,2023-04-19T00:00:00+0000,2023-04-20T00:00:00+0000,2023-04-20T00:05:00+0000,2023-04-22T00:05:00+0000,1,1,4.16919557378,0.844234086936,14.207728831,4.16919557378,TRY+BRL,True,False,selection
deterministic_random_side,deterministic_random_side|2023-04-21T00:00:00+00:00,2023-04-21T00:00:00+0000,2023-04-22T00:00:00+0000,2023-04-22T00:05:00+0000,2023-04-24T00:05:00+0000,1,1,1.34669851467,-0.31539764097,4.36128290121,1.34669851467,TRY+BRL,True,False,selection
deterministic_random_side,deterministic_random_side|2023-04-24T00:00:00+00:00,2023-04-24T00:00:00+0000,2023-04-25T00:00:00+0000,2023-04-25T00:05:00+0000,2023-04-27T00:05:00+0000,-1,-1,-1.2981294315,-1.2981294315,-8.51033539892,-1.18652225308,EUR+TRY+BRL,True,False,selection
deterministic_random_side,deterministic_random_side|2023-04-27T00:00:00+00:00,2023-04-27T00:00:00+0000,2023-04-28T00:00:00+0000,2023-04-28T00:05:00+0000,2023-04-30T00:05:00+0000,-1,-1,-1.77878735832,0.124104592563,-1.77878735832,-2.72225043574,TRY+BRL,True,False,selection
deterministic_random_side,deterministic_random_side|2023-05-03T00:00:00+00:00,2023-05-03T00:00:00+0000,2023-05-04T00:00:00+0000,2023-05-04T00:05:00+0000,2023-05-06T00:05:00+0000,-1,-1,-1.42702482685,-1.42702482685,-1.0262176482,-1.60614706309,EUR+TRY+BRL,True,False,selection
deterministic_random_side,deterministic_random_side|2023-05-04T00:00:00+00:00,2023-05-04T00:00:00+0000,2023-05-05T00:00:00+0000,2023-05-05T00:05:00+0000,2023-05-07T00:05:00+0000,1,1,1.272134059,1.272134059,1.40653274738,-0.577539232784,EUR+TRY,False,True,
deterministic_random_side,deterministic_random_side|2023-05-06T00:00:00+00:00,2023-05-06T00:00:00+0000,2023-05-07T00:00:00+0000,2023-05-07T00:05:00+0000,2023-05-09T00:05:00+0000,1,1,1.04325128119,-0.140562619235,2.50628480656,1.04325128119,TRY+BRL,True,False,selection
deterministic_random_side,deterministic_random_side|2023-05-08T00:00:00+00:00,2023-05-08T00:00:00+0000,2023-05-09T00:00:00+0000,2023-05-09T00:05:00+0000,2023-05-11T00:05:00+0000,1,-1,1.09100600199,0.884706131313,2.61032101107,1.09100600199,TRY+BRL,True,False,selection
deterministic_random_side,deterministic_random_side|2023-05-11T00:00:00+00:00,2023-05-11T00:00:00+0000,2023-05-12T00:00:00+0000,2023-05-12T00:05:00+0000,2023-05-14T00:05:00+0000,1,-1,1.3752997568,1.3752997568,8.16343981411,-0.0577230435229,EUR+TRY,True,False,selection
deterministic_random_side,deterministic_random_side|2023-05-15T00:00:00+00:00,2023-05-15T00:00:00+0000,2023-05-16T00:00:00+0000,2023-05-16T00:05:00+0000,2023-05-18T00:05:00+0000,-1,1,-1.54725880521,-0.448546077791,-9.1348484755,-1.54725880521,TRY+BRL,True,False,selection
deterministic_random_side,deterministic_random_side|2023-05-18T00:00:00+00:00,2023-05-18T00:00:00+0000,2023-05-19T00:00:00+0000,2023-05-19T00:05:00+0000,2023-05-21T00:05:00+0000,1,-1,1.60833609946,1.60833609946,3.12173660597,1.20918854427,EUR+TRY+BRL,True,False,selection
deterministic_random_side,deterministic_random_side|2023-05-24T00:00:00+00:00,2023-05-24T00:00:00+0000,2023-05-25T00:00:00+0000,2023-05-25T00:05:00+0000,2023-05-27T00:05:00+0000,1,-1,1.13153737015,1.13153737015,3.74948910671,-0.253565173929,EUR+TRY,True,False,selection
deterministic_random_side,deterministic_random_side|2023-05-31T00:00:00+00:00,2023-05-31T00:00:00+0000,2023-06-01T00:00:00+0000,2023-06-01T00:05:00+0000,2023-06-03T00:05:00+0000,1,1,1.17893842063,1.17893842063,3.78534428748,0.488135295597,EUR+TRY,True,False,selection
deterministic_random_side,deterministic_random_side|2023-06-01T00:00:00+00:00,2023-06-01T00:00:00+0000,2023-06-02T00:00:00+0000,2023-06-02T00:05:00+0000,2023-06-04T00:05:00+0000,-1,1,-1.34254039794,-1.72391889759,0.135968498571,-1.34254039794,EUR+BRL,False,True,
deterministic_random_side,deterministic_random_side|2023-06-08T00:00:00+00:00,2023-06-08T00:00:00+0000,2023-06-09T00:00:00+0000,2023-06-09T00:05:00+0000,2023-06-11T00:05:00+0000,-1,-1,-2.01511626915,-2.01511626915,-2.52141169403,0.206768591277,EUR+TRY,True,False,selection
deterministic_random_side,deterministic_random_side|2023-06-10T00:00:00+00:00,2023-06-10T00:00:00+0000,2023-06-11T00:00:00+0000,2023-06-11T00:05:00+0000,2023-06-13T00:05:00+0000,1,-1,3.30846707919,3.30846707919,3.603762848,0.648778649205,EUR+TRY,True,False,selection
deterministic_random_side,deterministic_random_side|2023-06-12T00:00:00+00:00,2023-06-12T00:00:00+0000,2023-06-13T00:00:00+0000,2023-06-13T00:05:00+0000,2023-06-15T00:05:00+0000,-1,-1,-2.22472387375,-1.62187497357,-2.69416764066,-2.22472387375,EUR+TRY+BRL,True,False,selection
deterministic_random_side,deterministic_random_side|2023-06-15T00:00:00+00:00,2023-06-15T00:00:00+0000,2023-06-16T00:00:00+0000,2023-06-16T00:05:00+0000,2023-06-18T00:05:00+0000,-1,1,-1.79305480408,-4.38692841887,-1.79305480408,-0.846711175363,EUR+TRY,True,False,selection
deterministic_random_side,deterministic_random_side|2023-06-19T00:00:00+00:00,2023-06-19T00:00:00+0000,2023-06-20T00:00:00+0000,2023-06-20T00:05:00+0000,2023-06-22T00:05:00+0000,-1,1,-2.27178808215,0.593264508737,-3.79939775718,-2.27178808215,TRY+BRL,True,False,selection
deterministic_random_side,deterministic_random_side|2023-06-21T00:00:00+00:00,2023-06-21T00:00:00+0000,2023-06-22T00:00:00+0000,2023-06-22T00:05:00+0000,2023-06-24T00:05:00+0000,-1,-1,-1.74251625157,-1.74251625157,-2.25100746745,-1.34768135297,EUR+TRY+BRL,True,False,selection
deterministic_random_side,deterministic_random_side|2023-06-22T00:00:00+00:00,2023-06-22T00:00:00+0000,2023-06-23T00:00:00+0000,2023-06-23T00:05:00+0000,2023-06-25T00:05:00+0000,1,1,1.00687977331,1.00687977331,17.1938328647,0.451068988391,EUR+TRY,False,True,
deterministic_random_side,deterministic_random_side|2023-06-28T00:00:00+00:00,2023-06-28T00:00:00+0000,2023-06-29T00:00:00+0000,2023-06-29T00:05:00+0000,2023-07-01T00:05:00+0000,1,1,2.07012792859,1.33936789777,2.89724052151,2.07012792859,EUR+TRY+BRL,True,False,selection
deterministic_random_side,deterministic_random_side|2023-06-30T00:00:00+00:00,2023-06-30T00:00:00+0000,2023-07-01T00:00:00+0000,2023-07-01T00:05:00+0000,2023-07-03T00:05:00+0000,-1,-1,-1.80684559041,-1.68389901082,-1.80684559041,-2.02163302555,EUR+TRY+BRL,True,False,selection
deterministic_random_side,deterministic_random_side|2023-07-04T00:00:00+00:00,2023-07-04T00:00:00+0000,2023-07-05T00:00:00+0000,2023-07-05T00:05:00+0000,2023-07-07T00:05:00+0000,1,-1,1.1133768474,1.1133768474,-0.199659664673,2.20476104754,EUR+BRL,True,False,selection
deterministic_random_side,deterministic_random_side|2023-07-10T00:00:00+00:00,2023-07-10T00:00:00+0000,2023-07-11T00:00:00+0000,2023-07-11T00:05:00+0000,2023-07-13T00:05:00+0000,-1,-1,-1.07550443941,-1.58404263666,-0.70514004087,-1.07550443941,EUR+BRL,True,False,selection
deterministic_random_side,deterministic_random_side|2023-07-12T00:00:00+00:00,2023-07-12T00:00:00+0000,2023-07-13T00:00:00+0000,2023-07-13T00:05:00+0000,2023-07-15T00:05:00+0000,-1,-1,-1.08894342586,-3.13320763176,0.361025670916,-1.08894342586,EUR+BRL,True,False,selection
deterministic_random_side,deterministic_random_side|2023-07-14T00:00:00+00:00,2023-07-14T00:00:00+0000,2023-07-15T00:00:00+0000,2023-07-15T00:05:00+0000,2023-07-17T00:05:00+0000,1,-1,1.43158708805,0.136859087982,4.41265789076,1.43158708805,TRY+BRL,True,False,selection
deterministic_random_side,deterministic_random_side|2023-08-02T00:00:00+00:00,2023-08-02T00:00:00+0000,2023-08-03T00:00:00+0000,2023-08-03T00:05:00+0000,2023-08-05T00:05:00+0000,1,1,1.18930746681,1.59389498757,-0.0486748180895,1.18930746681,EUR+BRL,True,False,selection
deterministic_random_side,deterministic_random_side|2023-08-15T00:00:00+00:00,2023-08-15T00:00:00+0000,2023-08-16T00:00:00+0000,2023-08-16T00:05:00+0000,2023-08-18T00:05:00+0000,1,1,1.20274699297,-1.97074954662,1.20274699297,1.44415862765,TRY+BRL,True,False,selection
deterministic_random_side,deterministic_random_side|2023-08-17T00:00:00+00:00,2023-08-17T00:00:00+0000,2023-08-18T00:00:00+0000,2023-08-18T00:05:00+0000,2023-08-20T00:05:00+0000,1,-1,1.51456363596,0.934473828606,2.33748981398,1.51456363596,TRY+BRL,True,False,selection
deterministic_random_side,deterministic_random_side|2023-08-21T00:00:00+00:00,2023-08-21T00:00:00+0000,2023-08-22T00:00:00+0000,2023-08-22T00:05:00+0000,2023-08-24T00:05:00+0000,-1,1,-1.23264636257,-2.50429473068,-0.3449309249,-1.23264636257,EUR+BRL,True,False,selection
deterministic_random_side,deterministic_random_side|2023-08-28T00:00:00+00:00,2023-08-28T00:00:00+0000,2023-08-29T00:00:00+0000,2023-08-29T00:05:00+0000,2023-08-31T00:05:00+0000,-1,1,-1.23234681638,-1.23234681638,-2.81883806149,-0.571631897841,EUR+TRY,True,False,selection
deterministic_random_side,deterministic_random_side|2023-08-31T00:00:00+00:00,2023-08-31T00:00:00+0000,2023-09-01T00:00:00+0000,2023-09-01T00:05:00+0000,2023-09-03T00:05:00+0000,1,1,2.29902178067,2.29902178067,-0.0749284805685,3.20582419808,EUR+BRL,True,False,selection
deterministic_random_side,deterministic_random_side|2023-09-05T00:00:00+00:00,2023-09-05T00:00:00+0000,2023-09-06T00:00:00+0000,2023-09-06T00:05:00+0000,2023-09-08T00:05:00+0000,1,-1,1.13778563303,1.70871922431,-0.550963751533,1.13778563303,EUR+BRL,True,False,selection
deterministic_random_side,deterministic_random_side|2023-09-27T00:00:00+00:00,2023-09-27T00:00:00+0000,2023-09-28T00:00:00+0000,2023-09-28T00:05:00+0000,2023-09-30T00:05:00+0000,1,1,1.7662463443,1.7662463443,0.928731696716,2.4302393153,EUR+BRL,True,False,selection
deterministic_random_side,deterministic_random_side|2023-10-02T00:00:00+00:00,2023-10-02T00:00:00+0000,2023-10-03T00:00:00+0000,2023-10-03T00:05:00+0000,2023-10-05T00:05:00+0000,1,1,1.61194555423,2.46959182303,0.551045188082,1.61194555423,EUR+BRL,True,False,selection
deterministic_random_side,deterministic_random_side|2023-10-10T00:00:00+00:00,2023-10-10T00:00:00+0000,2023-10-11T00:00:00+0000,2023-10-11T00:05:00+0000,2023-10-13T00:05:00+0000,-1,-1,-1.32146552879,-0.828435287813,-1.32146552879,-3.87135823206,TRY+BRL,True,False,selection
deterministic_random_side,deterministic_random_side|2023-10-13T00:00:00+00:00,2023-10-13T00:00:00+0000,2023-10-14T00:00:00+0000,2023-10-14T00:05:00+0000,2023-10-16T00:05:00+0000,1,1,1.20134680502,0.855788565877,1.20134680502,1.22621054371,TRY+BRL,True,False,selection
deterministic_random_side,deterministic_random_side|2023-10-18T00:00:00+00:00,2023-10-18T00:00:00+0000,2023-10-19T00:00:00+0000,2023-10-19T00:05:00+0000,2023-10-21T00:05:00+0000,1,-1,1.01284512921,1.01284512921,0.427470705047,1.01553569017,EUR+BRL,True,False,selection
deterministic_random_side,deterministic_random_side|2023-10-23T00:00:00+00:00,2023-10-23T00:00:00+0000,2023-10-24T00:00:00+0000,2023-10-24T00:05:00+0000,2023-10-26T00:05:00+0000,-1,-1,-1.78849019473,-2.66157431961,-0.21352641998,-1.78849019473,EUR+BRL,True,False,selection
deterministic_random_side,deterministic_random_side|2023-10-24T00:00:00+00:00,2023-10-24T00:00:00+0000,2023-10-25T00:00:00+0000,2023-10-25T00:05:00+0000,2023-10-27T00:05:00+0000,1,-1,1.01341170808,2.34907214686,1.01341170808,-0.803369744073,EUR+TRY,False,True,
deterministic_random_side,deterministic_random_side|2023-10-27T00:00:00+00:00,2023-10-27T00:00:00+0000,2023-10-28T00:00:00+0000,2023-10-28T00:05:00+0000,2023-10-30T00:05:00+0000,1,1,1.13183253382,-0.138154421861,1.70219848145,1.13183253382,TRY+BRL,True,False,selection
deterministic_random_side,deterministic_random_side|2023-11-03T00:00:00+00:00,2023-11-03T00:00:00+0000,2023-11-04T00:00:00+0000,2023-11-04T00:05:00+0000,2023-11-06T00:05:00+0000,-1,-1,-2.85455082755,-3.28046057027,1.34136057203,-2.85455082755,EUR+BRL,True,False,selection
deterministic_random_side,deterministic_random_side|2023-11-06T00:00:00+00:00,2023-11-06T00:00:00+0000,2023-11-07T00:00:00+0000,2023-11-07T00:05:00+0000,2023-11-09T00:05:00+0000,-1,1,-1.58392092595,0.0933952098768,-1.73207039472,-1.58392092595,TRY+BRL,True,False,selection
deterministic_random_side,deterministic_random_side|2023-11-09T00:00:00+00:00,2023-11-09T00:00:00+0000,2023-11-10T00:00:00+0000,2023-11-10T00:05:00+0000,2023-11-12T00:05:00+0000,1,-1,1.3272080871,1.19745480539,1.3272080871,1.53349779544,EUR+TRY+BRL,True,False,selection
deterministic_random_side,deterministic_random_side|2023-11-14T00:00:00+00:00,2023-11-14T00:00:00+0000,2023-11-15T00:00:00+0000,2023-11-15T00:05:00+0000,2023-11-17T00:05:00+0000,-1,1,-2.22531816334,-5.34500927319,-0.546569802382,-2.22531816334,EUR+BRL,True,False,selection
deterministic_random_side,deterministic_random_side|2023-11-17T00:00:00+00:00,2023-11-17T00:00:00+0000,2023-11-18T00:00:00+0000,2023-11-18T00:05:00+0000,2023-11-20T00:05:00+0000,1,-1,1.16105696768,-1.88748843753,1.52354501791,1.16105696768,TRY+BRL,True,False,selection
deterministic_random_side,deterministic_random_side|2023-11-20T00:00:00+00:00,2023-11-20T00:00:00+0000,2023-11-21T00:00:00+0000,2023-11-21T00:05:00+0000,2023-11-23T00:05:00+0000,-1,-1,-1.02723843013,-1.02723843013,0.173104817873,-2.50349401899,EUR+BRL,True,False,selection
deterministic_random_side,deterministic_random_side|2023-11-28T00:00:00+00:00,2023-11-28T00:00:00+0000,2023-11-29T00:00:00+0000,2023-11-29T00:05:00+0000,2023-12-01T00:05:00+0000,-1,-1,-1.43563881136,-1.43563881136,-0.863941672786,-1.86336181097,EUR+BRL,True,False,selection
deterministic_random_side,deterministic_random_side|2023-11-30T00:00:00+00:00,2023-11-30T00:00:00+0000,2023-12-01T00:00:00+0000,2023-12-01T00:05:00+0000,2023-12-03T00:05:00+0000,1,-1,1.04717226021,2.47968803166,-0.938614973021,1.04717226021,EUR+BRL,True,False,selection
deterministic_random_side,deterministic_random_side|2023-12-04T00:00:00+00:00,2023-12-04T00:00:00+0000,2023-12-05T00:00:00+0000,2023-12-05T00:05:00+0000,2023-12-07T00:05:00+0000,1,1,1.70172502408,1.70172502408,0.119057350769,2.06881083398,EUR+BRL,True,False,selection
deterministic_random_side,deterministic_random_side|2023-12-13T00:00:00+00:00,2023-12-13T00:00:00+0000,2023-12-14T00:00:00+0000,2023-12-14T00:05:00+0000,2023-12-16T00:05:00+0000,-1,-1,-2.14007885243,-2.14007885243,0.107517159393,-2.34444234535,EUR+BRL,True,False,selection
deterministic_random_side,deterministic_random_side|2023-12-15T00:00:00+00:00,2023-12-15T00:00:00+0000,2023-12-16T00:00:00+0000,2023-12-16T00:05:00+0000,2023-12-18T00:05:00+0000,1,-1,3.02812130856,3.02812130856,4.2575665131,2.03307676639,EUR+TRY+BRL,True,False,selection
deterministic_random_side,deterministic_random_side|2023-12-19T00:00:00+00:00,2023-12-19T00:00:00+0000,2023-12-20T00:00:00+0000,2023-12-20T00:05:00+0000,2023-12-22T00:05:00+0000,-1,-1,-1.58028604811,-1.58028604811,-0.378004998785,-1.60359224996,EUR+BRL,True,False,selection
deterministic_random_side,deterministic_random_side|2023-12-20T00:00:00+00:00,2023-12-20T00:00:00+0000,2023-12-21T00:00:00+0000,2023-12-21T00:05:00+0000,2023-12-23T00:05:00+0000,1,-1,1.23351549792,1.23351549792,-1.85388778245,2.20538905869,EUR+BRL,False,True,
deterministic_random_side,deterministic_random_side|2023-12-21T00:00:00+00:00,2023-12-21T00:00:00+0000,2023-12-22T00:00:00+0000,2023-12-22T00:05:00+0000,2023-12-24T00:05:00+0000,-1,-1,-1.58029355263,-1.76426218142,-0.522535875668,-1.58029355263,EUR+BRL,True,False,selection
deterministic_random_side,deterministic_random_side|2023-12-26T00:00:00+00:00,2023-12-26T00:00:00+0000,2023-12-27T00:00:00+0000,2023-12-27T00:05:00+0000,2023-12-29T00:05:00+0000,-1,1,-1.39563962186,-1.39563962186,4.02450116259,-4.63582055042,EUR+BRL,True,False,selection
deterministic_random_side,deterministic_random_side|2023-12-28T00:00:00+00:00,2023-12-28T00:00:00+0000,2023-12-29T00:00:00+0000,2023-12-29T00:05:00+0000,2023-12-31T00:05:00+0000,1,1,1.48274564632,1.48274564632,-0.270678434999,1.81512332234,EUR+BRL,True,False,selection
direction_flip,direction_flip|2021-05-05T00:00:00+00:00,2021-05-05T00:00:00+0000,2021-05-06T00:00:00+0000,2021-05-06T00:05:00+0000,2021-05-08T00:05:00+0000,-1,-1,-2.1494031619,-0.714026106796,-2.1494031619,-2.6911774907,TRY+BRL,True,False,train
direction_flip,direction_flip|2021-05-10T00:00:00+00:00,2021-05-10T00:00:00+0000,2021-05-11T00:00:00+0000,2021-05-11T00:05:00+0000,2021-05-13T00:05:00+0000,1,1,1.37435375142,1.91299934766,1.37435375142,0.550442801704,EUR+TRY,True,False,train
direction_flip,direction_flip|2021-05-11T00:00:00+00:00,2021-05-11T00:00:00+0000,2021-05-12T00:00:00+0000,2021-05-12T00:05:00+0000,2021-05-14T00:05:00+0000,-1,-1,-1.4068555468,-0.684118958468,-1.43158095089,-1.4068555468,TRY+BRL,False,True,
direction_flip,direction_flip|2021-05-12T00:00:00+00:00,2021-05-12T00:00:00+0000,2021-05-13T00:00:00+0000,2021-05-13T00:05:00+0000,2021-05-15T00:05:00+0000,1,1,2.2858837347,2.25864017971,3.11870079886,2.2858837347,EUR+TRY+BRL,True,False,train
direction_flip,direction_flip|2021-05-14T00:00:00+00:00,2021-05-14T00:00:00+0000,2021-05-15T00:00:00+0000,2021-05-15T00:05:00+0000,2021-05-17T00:05:00+0000,-1,-1,-1.52318887792,-1.52318887792,-1.64115597652,-0.79190279222,EUR+TRY,True,False,train
direction_flip,direction_flip|2021-05-19T00:00:00+00:00,2021-05-19T00:00:00+0000,2021-05-20T00:00:00+0000,2021-05-20T00:05:00+0000,2021-05-22T00:05:00+0000,1,1,1.72868233852,1.4042146308,1.72868233852,2.5968467031,EUR+TRY+BRL,True,False,train
direction_flip,direction_flip|2021-05-20T00:00:00+00:00,2021-05-20T00:00:00+0000,2021-05-21T00:00:00+0000,2021-05-21T00:05:00+0000,2021-05-23T00:05:00+0000,-1,-1,-1.47267829796,-0.635543549454,-1.80386866298,-1.47267829796,TRY+BRL,False,True,
direction_flip,direction_flip|2021-05-31T00:00:00+00:00,2021-05-31T00:00:00+0000,2021-06-01T00:00:00+0000,2021-06-01T00:05:00+0000,2021-06-03T00:05:00+0000,-1,-1,-1.78957289881,-1.78957289881,-2.07103878964,-0.861245866768,EUR+TRY,True,False,train
direction_flip,direction_flip|2021-06-11T00:00:00+00:00,2021-06-11T00:00:00+0000,2021-06-12T00:00:00+0000,2021-06-12T00:05:00+0000,2021-06-14T00:05:00+0000,1,1,1.22477530233,1.86265183617,-0.119165947477,1.22477530233,EUR+BRL,True,False,train
direction_flip,direction_flip|2021-06-13T00:00:00+00:00,2021-06-13T00:00:00+0000,2021-06-14T00:00:00+0000,2021-06-14T00:05:00+0000,2021-06-16T00:05:00+0000,-1,-1,-1.10894835335,-1.10894835335,-0.584981977885,-1.27816110069,EUR+BRL,True,False,train
direction_flip,direction_flip|2021-06-18T00:00:00+00:00,2021-06-18T00:00:00+0000,2021-06-19T00:00:00+0000,2021-06-19T00:05:00+0000,2021-06-21T00:05:00+0000,1,1,1.91271799112,1.91271799112,0.542122850061,2.37215798282,EUR+BRL,True,False,train
direction_flip,direction_flip|2021-06-22T00:00:00+00:00,2021-06-22T00:00:00+0000,2021-06-23T00:00:00+0000,2021-06-23T00:05:00+0000,2021-06-25T00:05:00+0000,-1,-1,-1.29264431192,-0.664656341767,-1.29264431192,-1.61833078512,TRY+BRL,True,False,train
direction_flip,direction_flip|2021-06-25T00:00:00+00:00,2021-06-25T00:00:00+0000,2021-06-26T00:00:00+0000,2021-06-26T00:05:00+0000,2021-06-28T00:05:00+0000,1,1,1.31192673922,0.583722443781,1.3933308871,1.31192673922,TRY+BRL,True,False,train
direction_flip,direction_flip|2021-07-06T00:00:00+00:00,2021-07-06T00:00:00+0000,2021-07-07T00:00:00+0000,2021-07-07T00:05:00+0000,2021-07-09T00:05:00+0000,1,1,1.12409308893,1.12409308893,-0.00591569723727,1.28040764989,EUR+BRL,True,False,train
direction_flip,direction_flip|2021-07-29T00:00:00+00:00,2021-07-29T00:00:00+0000,2021-07-30T00:00:00+0000,2021-07-30T00:05:00+0000,2021-08-01T00:05:00+0000,-1,-1,-1.46927388385,-1.46927388385,-1.61494868974,-1.25535088632,EUR+TRY+BRL,True,False,train
direction_flip,direction_flip|2021-08-01T00:00:00+00:00,2021-08-01T00:00:00+0000,2021-08-02T00:00:00+0000,2021-08-02T00:05:00+0000,2021-08-04T00:05:00+0000,1,1,1.1165772636,1.39746674592,1.1165772636,0.187767012344,EUR+TRY,True,False,train
direction_flip,direction_flip|2021-08-08T00:00:00+00:00,2021-08-08T00:00:00+0000,2021-08-09T00:00:00+0000,2021-08-09T00:05:00+0000,2021-08-11T00:05:00+0000,1,1,1.19486970115,1.19486970115,1.53476658131,0.289537155606,EUR+TRY,True,False,train
direction_flip,direction_flip|2021-08-11T00:00:00+00:00,2021-08-11T00:00:00+0000,2021-08-12T00:00:00+0000,2021-08-12T00:05:00+0000,2021-08-14T00:05:00+0000,1,1,1.40811454663,1.40811454663,0.881959535341,1.41493722005,EUR+BRL,True,False,train
direction_flip,direction_flip|2021-08-13T00:00:00+00:00,2021-08-13T00:00:00+0000,2021-08-14T00:00:00+0000,2021-08-14T00:05:00+0000,2021-08-16T00:05:00+0000,-1,-1,-1.64406610524,-3.67801209298,-1.64406610524,-0.537475537425,EUR+TRY,True,False,train
direction_flip,direction_flip|2021-08-16T00:00:00+00:00,2021-08-16T00:00:00+0000,2021-08-17T00:00:00+0000,2021-08-17T00:05:00+0000,2021-08-19T00:05:00+0000,1,1,1.1193938756,2.1976804532,1.1193938756,0.647352810554,EUR+TRY,True,False,train
direction_flip,direction_flip|2021-08-27T00:00:00+00:00,2021-08-27T00:00:00+0000,2021-08-28T00:00:00+0000,2021-08-28T00:05:00+0000,2021-08-30T00:05:00+0000,-1,-1,-2.4219109057,-3.03391462545,-1.27090591835,-2.4219109057,EUR+TRY+BRL,True,False,train
direction_flip,direction_flip|2021-09-07T00:00:00+00:00,2021-09-07T00:00:00+0000,2021-09-08T00:00:00+0000,2021-09-08T00:05:00+0000,2021-09-10T00:05:00+0000,1,1,2.61502809063,3.92059572352,2.42479698916,2.61502809063,EUR+TRY+BRL,True,False,train
direction_flip,direction_flip|2021-09-16T00:00:00+00:00,2021-09-16T00:00:00+0000,2021-09-17T00:00:00+0000,2021-09-17T00:05:00+0000,2021-09-19T00:05:00+0000,1,1,1.23968644503,0.667494270592,1.23968644503,1.26247822838,TRY+BRL,True,False,train
direction_flip,direction_flip|2021-09-24T00:00:00+00:00,2021-09-24T00:00:00+0000,2021-09-25T00:00:00+0000,2021-09-25T00:05:00+0000,2021-09-27T00:05:00+0000,1,1,1.43012091038,0.64650655992,1.65417890504,1.43012091038,TRY+BRL,True,False,train
direction_flip,direction_flip|2021-09-28T00:00:00+00:00,2021-09-28T00:00:00+0000,2021-09-29T00:00:00+0000,2021-09-29T00:05:00+0000,2021-10-01T00:05:00+0000,1,1,1.28647815978,1.347116556,0.728218058134,1.28647815978,EUR+BRL,True,False,train
direction_flip,direction_flip|2021-09-30T00:00:00+00:00,2021-09-30T00:00:00+0000,2021-10-01T00:00:00+0000,2021-10-01T00:05:00+0000,2021-10-03T00:05:00+0000,-1,-1,-1.03054194604,-0.108306275118,-1.20435943087,-1.03054194604,TRY+BRL,True,False,train
direction_flip,direction_flip|2021-10-04T00:00:00+00:00,2021-10-04T00:00:00+0000,2021-10-05T00:00:00+0000,2021-10-05T00:05:00+0000,2021-10-07T00:05:00+0000,1,1,2.11951430923,0.0321080579149,2.33529243934,2.11951430923,TRY+BRL,True,False,train
direction_flip,direction_flip|2021-10-20T00:00:00+00:00,2021-10-20T00:00:00+0000,2021-10-21T00:00:00+0000,2021-10-21T00:05:00+0000,2021-10-23T00:05:00+0000,-1,-1,-2.27287701057,-2.27766686668,-2.27287701057,0.360889061197,EUR+TRY,True,False,train
direction_flip,direction_flip|2021-10-21T00:00:00+00:00,2021-10-21T00:00:00+0000,2021-10-22T00:00:00+0000,2021-10-22T00:05:00+0000,2021-10-24T00:05:00+0000,1,1,2.22336276067,2.22336276067,5.2449026939,1.77210059404,EUR+TRY+BRL,False,True,
direction_flip,direction_flip|2021-10-25T00:00:00+00:00,2021-10-25T00:00:00+0000,2021-10-26T00:00:00+0000,2021-10-26T00:05:00+0000,2021-10-28T00:05:00+0000,-1,-1,-2.15050599133,0.185108472486,-2.15050599133,-2.20762454813,TRY+BRL,True,False,train
direction_flip,direction_flip|2021-11-04T00:00:00+00:00,2021-11-04T00:00:00+0000,2021-11-05T00:00:00+0000,2021-11-05T00:05:00+0000,2021-11-07T00:05:00+0000,1,1,1.13172348647,1.52537461325,0.854959313281,1.13172348647,EUR+BRL,True,False,train
direction_flip,direction_flip|2021-11-08T00:00:00+00:00,2021-11-08T00:00:00+0000,2021-11-09T00:00:00+0000,2021-11-09T00:05:00+0000,2021-11-11T00:05:00+0000,-1,-1,-1.0061754425,-2.3851644583,-0.160746588793,-1.0061754425,EUR+BRL,True,False,train
direction_flip,direction_flip|2021-11-10T00:00:00+00:00,2021-11-10T00:00:00+0000,2021-11-11T00:00:00+0000,2021-11-11T00:05:00+0000,2021-11-13T00:05:00+0000,1,1,2.14829616036,2.80687351872,2.14829616036,0.78789493502,EUR+TRY,True,False,train
direction_flip,direction_flip|2021-11-12T00:00:00+00:00,2021-11-12T00:00:00+0000,2021-11-13T00:00:00+0000,2021-11-13T00:05:00+0000,2021-11-15T00:05:00+0000,1,1,1.05440629383,-0.351948872074,1.50625706175,1.05440629383,TRY+BRL,True,False,train
direction_flip,direction_flip|2021-11-16T00:00:00+00:00,2021-11-16T00:00:00+0000,2021-11-17T00:00:00+0000,2021-11-17T00:05:00+0000,2021-11-19T00:05:00+0000,1,1,1.60744120586,1.60744120586,4.11637381925,1.142724221,EUR+TRY+BRL,True,False,train
direction_flip,direction_flip|2021-11-18T00:00:00+00:00,2021-11-18T00:00:00+0000,2021-11-19T00:00:00+0000,2021-11-19T00:05:00+0000,2021-11-21T00:05:00+0000,1,1,1.57784964197,-2.08660316718,6.00675567502,1.57784964197,TRY+BRL,True,False,train
direction_flip,direction_flip|2021-12-01T00:00:00+00:00,2021-12-01T00:00:00+0000,2021-12-02T00:00:00+0000,2021-12-02T00:05:00+0000,2021-12-04T00:05:00+0000,1,1,1.20851952403,0.534794490176,2.25507467043,1.20851952403,TRY+BRL,True,False,train
direction_flip,direction_flip|2021-12-04T00:00:00+00:00,2021-12-04T00:00:00+0000,2021-12-05T00:00:00+0000,2021-12-05T00:05:00+0000,2021-12-07T00:05:00+0000,1,1,1.84341050581,2.53633176982,1.84341050581,0.485885832902,EUR+TRY,True,False,train
direction_flip,direction_flip|2021-12-07T00:00:00+00:00,2021-12-07T00:00:00+0000,2021-12-08T00:00:00+0000,2021-12-08T00:05:00+0000,2021-12-10T00:05:00+0000,-1,-1,-1.27712825379,-0.0419045290893,-1.27712825379,-2.97852296699,TRY+BRL,True,False,train
direction_flip,direction_flip|2021-12-09T00:00:00+00:00,2021-12-09T00:00:00+0000,2021-12-10T00:00:00+0000,2021-12-10T00:05:00+0000,2021-12-12T00:05:00+0000,1,1,1.33067272773,1.16614607715,3.23756417524,1.33067272773,EUR+TRY+BRL,True,False,train
direction_flip,direction_flip|2021-12-13T00:00:00+00:00,2021-12-13T00:00:00+0000,2021-12-14T00:00:00+0000,2021-12-14T00:05:00+0000,2021-12-16T00:05:00+0000,1,1,1.5713906566,0.578211473199,2.27885542914,1.5713906566,TRY+BRL,True,False,train
direction_flip,direction_flip|2021-12-17T00:00:00+00:00,2021-12-17T00:00:00+0000,2021-12-18T00:00:00+0000,2021-12-18T00:05:00+0000,2021-12-20T00:05:00+0000,1,1,2.35605815503,2.35605815503,7.68479895419,-1.18908808193,EUR+TRY,True,False,train
direction_flip,direction_flip|2021-12-20T00:00:00+00:00,2021-12-20T00:00:00+0000,2021-12-21T00:00:00+0000,2021-12-21T00:05:00+0000,2021-12-23T00:05:00+0000,-1,-1,-1.17019748638,-1.17019748638,-23.9819738076,0.0885304708824,EUR+TRY,True,False,train
direction_flip,direction_flip|2021-12-22T00:00:00+00:00,2021-12-22T00:00:00+0000,2021-12-23T00:00:00+0000,2021-12-23T00:05:00+0000,2021-12-25T00:05:00+0000,-1,-1,-1.16764818708,-0.95119043914,-5.84381914381,-1.16764818708,TRY+BRL,True,False,train
direction_flip,direction_flip|2021-12-29T00:00:00+00:00,2021-12-29T00:00:00+0000,2021-12-30T00:00:00+0000,2021-12-30T00:05:00+0000,2022-01-01T00:05:00+0000,1,1,1.69131329623,-1.53237626735,5.62972867682,1.69131329623,TRY+BRL,True,False,train
direction_flip,direction_flip|2022-01-03T00:00:00+00:00,2022-01-03T00:00:00+0000,2022-01-04T00:00:00+0000,2022-01-04T00:05:00+0000,2022-01-06T00:05:00+0000,1,1,1.40320677806,1.40320677806,-1.03936518102,1.53413072466,EUR+BRL,True,False,train
direction_flip,direction_flip|2022-01-05T00:00:00+00:00,2022-01-05T00:00:00+0000,2022-01-06T00:00:00+0000,2022-01-06T00:05:00+0000,2022-01-08T00:05:00+0000,1,1,1.41086462374,-0.458478402833,3.4540117971,1.41086462374,TRY+BRL,True,False,train
direction_flip,direction_flip|2022-01-07T00:00:00+00:00,2022-01-07T00:00:00+0000,2022-01-08T00:00:00+0000,2022-01-08T00:05:00+0000,2022-01-10T00:05:00+0000,-1,-1,-1.77902601652,-1.95937090299,1.5998306389,-1.77902601652,EUR+BRL,True,False,train
direction_flip,direction_flip|2022-01-11T00:00:00+00:00,2022-01-11T00:00:00+0000,2022-01-12T00:00:00+0000,2022-01-12T00:05:00+0000,2022-01-14T00:05:00+0000,-1,-1,-1.58064974343,-0.872451216843,-1.58064974343,-2.61240625472,TRY+BRL,True,False,train
direction_flip,direction_flip|2022-01-18T00:00:00+00:00,2022-01-18T00:00:00+0000,2022-01-19T00:00:00+0000,2022-01-19T00:05:00+0000,2022-01-21T00:05:00+0000,1,1,1.14562664477,1.99489756144,0.416845919543,1.14562664477,EUR+BRL,True,False,train
direction_flip,direction_flip|2022-01-21T00:00:00+00:00,2022-01-21T00:00:00+0000,2022-01-22T00:00:00+0000,2022-01-22T00:05:00+0000,2022-01-24T00:05:00+0000,1,1,1.04358762357,-0.373111038216,1.38919969655,1.04358762357,TRY+BRL,True,False,train
direction_flip,direction_flip|2022-01-26T00:00:00+00:00,2022-01-26T00:00:00+0000,2022-01-27T00:00:00+0000,2022-01-27T00:05:00+0000,2022-01-29T00:05:00+0000,1,1,1.07852063022,1.93922600415,1.07852063022,-0.643609974829,EUR+TRY,True,False,train
direction_flip,direction_flip|2022-01-28T00:00:00+00:00,2022-01-28T00:00:00+0000,2022-01-29T00:00:00+0000,2022-01-29T00:05:00+0000,2022-01-31T00:05:00+0000,-1,-1,-1.18657870346,0.153350945142,-1.18657870346,-1.49728872193,TRY+BRL,True,False,train
direction_flip,direction_flip|2022-01-31T00:00:00+00:00,2022-01-31T00:00:00+0000,2022-02-01T00:00:00+0000,2022-02-01T00:05:00+0000,2022-02-03T00:05:00+0000,-1,-1,-2.92561467648,-2.92561467648,-2.11180292856,-3.34651048505,EUR+TRY+BRL,True,False,train
direction_flip,direction_flip|2022-02-15T00:00:00+00:00,2022-02-15T00:00:00+0000,2022-02-16T00:00:00+0000,2022-02-16T00:05:00+0000,2022-02-18T00:05:00+0000,-1,-1,-1.84660380843,-1.84660380843,-0.659171430377,-2.49900153519,EUR+BRL,True,False,train
direction_flip,direction_flip|2022-02-24T00:00:00+00:00,2022-02-24T00:00:00+0000,2022-02-25T00:00:00+0000,2022-02-25T00:05:00+0000,2022-02-27T00:05:00+0000,1,1,3.00547058679,3.00547058679,1.03404227348,3.44717587513,EUR+TRY+BRL,True,False,train
direction_flip,direction_flip|2022-02-25T00:00:00+00:00,2022-02-25T00:00:00+0000,2022-02-26T00:00:00+0000,2022-02-26T00:05:00+0000,2022-02-28T00:05:00+0000,-1,-1,-1.85390273997,-1.85390273997,-2.05696434977,1.17502898101,EUR+TRY,False,True,
direction_flip,direction_flip|2022-02-27T00:00:00+00:00,2022-02-27T00:00:00+0000,2022-02-28T00:00:00+0000,2022-02-28T00:05:00+0000,2022-03-02T00:05:00+0000,1,1,1.83079094579,2.75862932419,1.83079094579,0.123231557405,EUR+TRY,True,False,train
direction_flip,direction_flip|2022-02-28T00:00:00+00:00,2022-02-28T00:00:00+0000,2022-03-01T00:00:00+0000,2022-03-01T00:05:00+0000,2022-03-03T00:05:00+0000,-1,-1,-1.71093396784,-1.46406173162,-3.5648217876,-1.71093396784,EUR+TRY+BRL,False,True,
direction_flip,direction_flip|2022-03-04T00:00:00+00:00,2022-03-04T00:00:00+0000,2022-03-05T00:00:00+0000,2022-03-05T00:05:00+0000,2022-03-07T00:05:00+0000,1,1,1.34708701979,4.5616199616,0.751952930957,1.34708701979,EUR+BRL,True,False,train
direction_flip,direction_flip|2022-03-08T00:00:00+00:00,2022-03-08T00:00:00+0000,2022-03-09T00:00:00+0000,2022-03-09T00:05:00+0000,2022-03-11T00:05:00+0000,-1,-1,-1.34593349046,-1.55303845854,0.118127266323,-1.34593349046,EUR+BRL,True,False,train
direction_flip,direction_flip|2022-03-10T00:00:00+00:00,2022-03-10T00:00:00+0000,2022-03-11T00:00:00+0000,2022-03-11T00:05:00+0000,2022-03-13T00:05:00+0000,1,1,1.6786603075,2.11156052045,1.6786603075,0.190224701612,EUR+TRY,True,False,train
direction_flip,direction_flip|2022-03-16T00:00:00+00:00,2022-03-16T00:00:00+0000,2022-03-17T00:00:00+0000,2022-03-17T00:05:00+0000,2022-03-19T00:05:00+0000,-1,-1,-2.16560885507,-2.184791044,-1.24680253327,-2.16560885507,EUR+TRY+BRL,True,False,train
direction_flip,direction_flip|2022-03-29T00:00:00+00:00,2022-03-29T00:00:00+0000,2022-03-30T00:00:00+0000,2022-03-30T00:05:00+0000,2022-04-01T00:05:00+0000,-1,-1,-1.13591537575,-3.12381705916,-1.13591537575,0.272083348969,EUR+TRY,True,False,train
direction_flip,direction_flip|2022-04-05T00:00:00+00:00,2022-04-05T00:00:00+0000,2022-04-06T00:00:00+0000,2022-04-06T00:05:00+0000,2022-04-08T00:05:00+0000,1,1,1.73777874655,2.18284229248,0.321055724665,1.73777874655,EUR+BRL,True,False,train
direction_flip,direction_flip|2022-04-12T00:00:00+00:00,2022-04-12T00:00:00+0000,2022-04-13T00:00:00+0000,2022-04-13T00:05:00+0000,2022-04-15T00:05:00+0000,-1,-1,-1.08004297413,1.85209056078,-1.0891408855,-1.08004297413,TRY+BRL,True,False,train
direction_flip,direction_flip|2022-04-20T00:00:00+00:00,2022-04-20T00:00:00+0000,2022-04-21T00:00:00+0000,2022-04-21T00:05:00+0000,2022-04-23T00:05:00+0000,-1,-1,-1.65285817957,-2.00982237962,0.153194709512,-1.65285817957,EUR+BRL,True,False,train
direction_flip,direction_flip|2022-04-22T00:00:00+00:00,2022-04-22T00:00:00+0000,2022-04-23T00:00:00+0000,2022-04-23T00:05:00+0000,2022-04-25T00:05:00+0000,1,1,1.14765295692,1.14765295692,0.130308969964,6.09850471893,EUR+BRL,True,False,train
direction_flip,direction_flip|2022-04-25T00:00:00+00:00,2022-04-25T00:00:00+0000,2022-04-26T00:00:00+0000,2022-04-26T00:05:00+0000,2022-04-28T00:05:00+0000,1,1,2.16454665734,2.75274301234,-0.292008662966,2.16454665734,EUR+BRL,True,False,train
direction_flip,direction_flip|2022-05-04T00:00:00+00:00,2022-05-04T00:00:00+0000,2022-05-05T00:00:00+0000,2022-05-05T00:05:00+0000,2022-05-07T00:05:00+0000,-1,-1,-2.17917195384,-3.53999519996,-2.06334889871,-2.17917195384,EUR+TRY+BRL,True,False,train
direction_flip,direction_flip|2022-05-05T00:00:00+00:00,2022-05-05T00:00:00+0000,2022-05-06T00:00:00+0000,2022-05-06T00:05:00+0000,2022-05-08T00:05:00+0000,1,1,2.66020470739,2.66020470739,1.53267972724,4.36005514758,EUR+TRY+BRL,False,True,
direction_flip,direction_flip|2022-05-09T00:00:00+00:00,2022-05-09T00:00:00+0000,2022-05-10T00:00:00+0000,2022-05-10T00:05:00+0000,2022-05-12T00:05:00+0000,1,1,1.86956105101,-1.3912847755,1.86956105101,2.89543185446,TRY+BRL,True,False,train
direction_flip,direction_flip|2022-05-17T00:00:00+00:00,2022-05-17T00:00:00+0000,2022-05-18T00:00:00+0000,2022-05-18T00:05:00+0000,2022-05-20T00:05:00+0000,-1,-1,-3.62920670163,-3.62920670163,0.491211529112,-4.23364542083,EUR+BRL,True,False,train
direction_flip,direction_flip|2022-05-18T00:00:00+00:00,2022-05-18T00:00:00+0000,2022-05-19T00:00:00+0000,2022-05-19T00:05:00+0000,2022-05-21T00:05:00+0000,1,1,2.27135388691,2.35628767933,2.27135388691,1.42199490449,EUR+TRY+BRL,False,True,
direction_flip,direction_flip|2022-05-19T00:00:00+00:00,2022-05-19T00:00:00+0000,2022-05-20T00:00:00+0000,2022-05-20T00:05:00+0000,2022-05-22T00:05:00+0000,-1,-1,-1.84072280913,-3.5171356714,-1.76939163588,-1.84072280913,EUR+TRY+BRL,True,False,train
direction_flip,direction_flip|2022-05-23T00:00:00+00:00,2022-05-23T00:00:00+0000,2022-05-24T00:00:00+0000,2022-05-24T00:05:00+0000,2022-05-26T00:05:00+0000,-1,-1,-1.88519089278,-3.41290671815,0.750193541039,-1.88519089278,EUR+BRL,True,False,train
direction_flip,direction_flip|2022-05-25T00:00:00+00:00,2022-05-25T00:00:00+0000,2022-05-26T00:00:00+0000,2022-05-26T00:05:00+0000,2022-05-28T00:05:00+0000,1,1,1.23644121503,1.31456238536,1.23644121503,0.171550456153,EUR+TRY,True,False,train
direction_flip,direction_flip|2022-05-26T00:00:00+00:00,2022-05-26T00:00:00+0000,2022-05-27T00:00:00+0000,2022-05-27T00:05:00+0000,2022-05-29T00:05:00+0000,-1,-1,-1.17765589442,-1.37704053646,0.627260111534,-1.17765589442,EUR+BRL,False,True,
direction_flip,direction_flip|2022-06-01T00:00:00+00:00,2022-06-01T00:00:00+0000,2022-06-02T00:00:00+0000,2022-06-02T00:05:00+0000,2022-06-04T00:05:00+0000,1,1,2.35815299544,2.35815299544,0.824160943294,2.84749828016,EUR+BRL,True,False,train
direction_flip,direction_flip|2022-06-02T00:00:00+00:00,2022-06-02T00:00:00+0000,2022-06-03T00:00:00+0000,2022-06-03T00:05:00+0000,2022-06-05T00:05:00+0000,-1,-1,-1.16802104385,-2.66409189275,0.00963397574333,-1.16802104385,EUR+BRL,False,True,
direction_flip,direction_flip|2022-06-07T00:00:00+00:00,2022-06-07T00:00:00+0000,2022-06-08T00:00:00+0000,2022-06-08T00:05:00+0000,2022-06-10T00:05:00+0000,1,1,1.42696514479,-0.459502312678,1.42696514479,2.32666070186,TRY+BRL,True,False,train
direction_flip,direction_flip|2022-06-10T00:00:00+00:00,2022-06-10T00:00:00+0000,2022-06-11T00:00:00+0000,2022-06-11T00:05:00+0000,2022-06-13T00:05:00+0000,1,1,2.84857818875,3.16896084831,0.706286389478,2.84857818875,EUR+BRL,True,False,train
direction_flip,direction_flip|2022-06-13T00:00:00+00:00,2022-06-13T00:00:00+0000,2022-06-14T00:00:00+0000,2022-06-14T00:05:00+0000,2022-06-16T00:05:00+0000,1,1,2.65462250953,2.65462250953,0.051534002715,3.70785302652,EUR+BRL,True,False,train
direction_flip,direction_flip|2022-06-17T00:00:00+00:00,2022-06-17T00:00:00+0000,2022-06-18T00:00:00+0000,2022-06-18T00:05:00+0000,2022-06-20T00:05:00+0000,1,1,1.29946800646,1.32609952839,-0.269709162346,1.29946800646,EUR+BRL,True,False,train
direction_flip,direction_flip|2022-06-28T00:00:00+00:00,2022-06-28T00:00:00+0000,2022-06-29T00:00:00+0000,2022-06-29T00:05:00+0000,2022-07-01T00:05:00+0000,1,1,1.25303758644,1.75811583794,0.178994778747,1.25303758644,EUR+BRL,True,False,train
direction_flip,direction_flip|2022-07-05T00:00:00+00:00,2022-07-05T00:00:00+0000,2022-07-06T00:00:00+0000,2022-07-06T00:05:00+0000,2022-07-08T00:05:00+0000,1,1,1.61972745867,4.70572050805,1.44119894764,1.61972745867,EUR+TRY+BRL,True,False,train
direction_flip,direction_flip|2022-07-11T00:00:00+00:00,2022-07-11T00:00:00+0000,2022-07-12T00:00:00+0000,2022-07-12T00:05:00+0000,2022-07-14T00:05:00+0000,1,1,2.87487938549,3.42678213388,0.796463359068,2.87487938549,EUR+BRL,True,False,train
direction_flip,direction_flip|2022-07-20T00:00:00+00:00,2022-07-20T00:00:00+0000,2022-07-21T00:00:00+0000,2022-07-21T00:05:00+0000,2022-07-23T00:05:00+0000,1,1,1.41654819741,1.41654819741,1.44726444551,1.4024562576,EUR+TRY+BRL,True,False,train
direction_flip,direction_flip|2022-07-27T00:00:00+00:00,2022-07-27T00:00:00+0000,2022-07-28T00:00:00+0000,2022-07-28T00:05:00+0000,2022-07-30T00:05:00+0000,-1,-1,-2.28906483995,-2.28906483995,-1.02880706066,-3.36074868502,EUR+TRY+BRL,True,False,train
direction_flip,direction_flip|2022-08-02T00:00:00+00:00,2022-08-02T00:00:00+0000,2022-08-03T00:00:00+0000,2022-08-03T00:05:00+0000,2022-08-05T00:05:00+0000,1,1,2.61820756837,2.62267046478,0.231430010267,2.61820756837,EUR+BRL,True,False,train
direction_flip,direction_flip|2022-08-04T00:00:00+00:00,2022-08-04T00:00:00+0000,2022-08-05T00:00:00+0000,2022-08-05T00:05:00+0000,2022-08-07T00:05:00+0000,-1,-1,-2.030148619,-2.17116756526,-0.223952172222,-2.030148619,EUR+BRL,True,False,train
direction_flip,direction_flip|2022-08-10T00:00:00+00:00,2022-08-10T00:00:00+0000,2022-08-11T00:00:00+0000,2022-08-11T00:05:00+0000,2022-08-13T00:05:00+0000,-1,-1,-1.55599915534,-2.41421386048,-1.55599915534,-1.25121925405,EUR+TRY+BRL,True,False,train
direction_flip,direction_flip|2022-08-12T00:00:00+00:00,2022-08-12T00:00:00+0000,2022-08-13T00:00:00+0000,2022-08-13T00:05:00+0000,2022-08-15T00:05:00+0000,-1,-1,-1.26123146801,0.956608939498,-1.26123146801,-2.07353194725,TRY+BRL,True,False,train
direction_flip,direction_flip|2022-08-22T00:00:00+00:00,2022-08-22T00:00:00+0000,2022-08-23T00:00:00+0000,2022-08-23T00:05:00+0000,2022-08-25T00:05:00+0000,-1,-1,-1.02133784988,1.87837600737,-1.18511859472,-1.02133784988,TRY+BRL,True,False,train
direction_flip,direction_flip|2022-08-29T00:00:00+00:00,2022-08-29T00:00:00+0000,2022-08-30T00:00:00+0000,2022-08-30T00:05:00+0000,2022-09-01T00:05:00+0000,-1,-1,-1.91782454151,-2.22476548753,-1.08196707613,-1.91782454151,EUR+TRY+BRL,True,False,train
direction_flip,direction_flip|2022-09-01T00:00:00+00:00,2022-09-01T00:00:00+0000,2022-09-02T00:00:00+0000,2022-09-02T00:05:00+0000,2022-09-04T00:05:00+0000,1,1,1.95377954314,2.03576626802,-0.794581576818,1.95377954314,EUR+BRL,True,False,train
direction_flip,direction_flip|2022-09-06T00:00:00+00:00,2022-09-06T00:00:00+0000,2022-09-07T00:00:00+0000,2022-09-07T00:05:00+0000,2022-09-09T00:05:00+0000,1,1,1.61143933678,1.61143933678,0.532969166448,2.44714341497,EUR+BRL,True,False,train
direction_flip,direction_flip|2022-09-09T00:00:00+00:00,2022-09-09T00:00:00+0000,2022-09-10T00:00:00+0000,2022-09-10T00:05:00+0000,2022-09-12T00:05:00+0000,-1,-1,-1.51481200517,-1.51481200517,-0.248644971678,-1.80854324958,EUR+BRL,True,False,train
direction_flip,direction_flip|2022-09-12T00:00:00+00:00,2022-09-12T00:00:00+0000,2022-09-13T00:00:00+0000,2022-09-13T00:05:00+0000,2022-09-15T00:05:00+0000,-1,-1,-1.36952382926,-1.36952382926,0.275169822423,-1.94145675611,EUR+BRL,True,False,train
direction_flip,direction_flip|2022-09-13T00:00:00+00:00,2022-09-13T00:00:00+0000,2022-09-14T00:00:00+0000,2022-09-14T00:05:00+0000,2022-09-16T00:05:00+0000,1,1,3.29719057548,4.44142396914,0.251480902737,3.29719057548,EUR+BRL,False,True,
direction_flip,direction_flip|2022-09-21T00:00:00+00:00,2022-09-21T00:00:00+0000,2022-09-22T00:00:00+0000,2022-09-22T00:05:00+0000,2022-09-24T00:05:00+0000,1,1,1.17209786945,3.82101492095,0.499017605319,1.17209786945,EUR+BRL,True,False,train
direction_flip,direction_flip|2022-09-22T00:00:00+00:00,2022-09-22T00:00:00+0000,2022-09-23T00:00:00+0000,2022-09-23T00:05:00+0000,2022-09-25T00:05:00+0000,-1,-1,-1.56100929234,-0.58628247517,-1.56100929234,-2.30677829817,TRY+BRL,False,True,
direction_flip,direction_flip|2022-09-23T00:00:00+00:00,2022-09-23T00:00:00+0000,2022-09-24T00:00:00+0000,2022-09-24T00:05:00+0000,2022-09-26T00:05:00+0000,1,1,2.59353761915,3.90041714894,-0.2347760222,2.59353761915,EUR+BRL,True,False,train
direction_flip,direction_flip|2022-09-26T00:00:00+00:00,2022-09-26T00:00:00+0000,2022-09-27T00:00:00+0000,2022-09-27T00:05:00+0000,2022-09-29T00:05:00+0000,1,1,1.70979047407,1.70979047407,-0.813351644855,2.84397944806,EUR+BRL,True,False,train
direction_flip,direction_flip|2022-10-03T00:00:00+00:00,2022-10-03T00:00:00+0000,2022-10-04T00:00:00+0000,2022-10-04T00:05:00+0000,2022-10-06T00:05:00+0000,-1,-1,-1.35044610857,-1.35044610857,-0.737863079103,-6.67464706165,EUR+BRL,True,False,train
direction_flip,direction_flip|2022-10-14T00:00:00+00:00,2022-10-14T00:00:00+0000,2022-10-15T00:00:00+0000,2022-10-15T00:05:00+0000,2022-10-17T00:05:00+0000,1,1,1.0519974477,1.0519974477,-0.00533135798414,1.94270141564,EUR+BRL,True,False,train
direction_flip,direction_flip|2022-10-19T00:00:00+00:00,2022-10-19T00:00:00+0000,2022-10-20T00:00:00+0000,2022-10-20T00:05:00+0000,2022-10-22T00:05:00+0000,1,1,1.135517463,2.34903928816,0.231345190951,1.135517463,EUR+BRL,True,False,train
direction_flip,direction_flip|2022-10-21T00:00:00+00:00,2022-10-21T00:00:00+0000,2022-10-22T00:00:00+0000,2022-10-22T00:05:00+0000,2022-10-24T00:05:00+0000,-1,-1,-1.94595439933,-2.1109377565,-0.271483739756,-1.94595439933,EUR+BRL,True,False,train
direction_flip,direction_flip|2022-10-25T00:00:00+00:00,2022-10-25T00:00:00+0000,2022-10-26T00:00:00+0000,2022-10-26T00:05:00+0000,2022-10-28T00:05:00+0000,-1,-1,-1.42532028525,-2.13040829896,-1.42532028525,-0.381301584884,EUR+TRY,True,False,train
direction_flip,direction_flip|2022-11-04T00:00:00+00:00,2022-11-04T00:00:00+0000,2022-11-05T00:00:00+0000,2022-11-05T00:05:00+0000,2022-11-07T00:05:00+0000,-1,-1,-2.54840814952,-5.51445798257,-2.44886015762,-2.54840814952,EUR+TRY+BRL,True,False,train
direction_flip,direction_flip|2022-11-06T00:00:00+00:00,2022-11-06T00:00:00+0000,2022-11-07T00:00:00+0000,2022-11-07T00:05:00+0000,2022-11-09T00:05:00+0000,1,1,1.00514461692,1.00514461692,1.69293467175,0.736858823382,EUR+TRY,True,False,train
direction_flip,direction_flip|2022-11-07T00:00:00+00:00,2022-11-07T00:00:00+0000,2022-11-08T00:00:00+0000,2022-11-08T00:05:00+0000,2022-11-10T00:05:00+0000,-1,-1,-1.32383752649,-2.7407963763,-1.32383752649,2.507777659,EUR+TRY,False,True,
direction_flip,direction_flip|2022-11-08T00:00:00+00:00,2022-11-08T00:00:00+0000,2022-11-09T00:00:00+0000,2022-11-09T00:05:00+0000,2022-11-11T00:05:00+0000,1,1,1.19717688771,-0.798027351671,2.14907580548,1.19717688771,TRY+BRL,True,False,train
direction_flip,direction_flip|2022-11-10T00:00:00+00:00,2022-11-10T00:00:00+0000,2022-11-11T00:00:00+0000,2022-11-11T00:05:00+0000,2022-11-13T00:05:00+0000,-1,-1,-4.53953198024,-4.99409632056,-4.53953198024,2.39892166065,EUR+TRY,True,False,train
direction_flip,direction_flip|2022-11-15T00:00:00+00:00,2022-11-15T00:00:00+0000,2022-11-16T00:00:00+0000,2022-11-16T00:05:00+0000,2022-11-18T00:05:00+0000,-1,-1,-1.02200622895,-1.02200622895,-1.68324933683,-0.548267240959,EUR+TRY,True,False,train
direction_flip,direction_flip|2022-11-21T00:00:00+00:00,2022-11-21T00:00:00+0000,2022-11-22T00:00:00+0000,2022-11-22T00:05:00+0000,2022-11-24T00:05:00+0000,-1,-1,-1.96637447744,1.92033667223,-1.96637447744,-2.36334891442,TRY+BRL,True,False,train
direction_flip,direction_flip|2022-11-30T00:00:00+00:00,2022-11-30T00:00:00+0000,2022-12-01T00:00:00+0000,2022-12-01T00:05:00+0000,2022-12-03T00:05:00+0000,-1,-1,-2.5736274877,-2.5736274877,-1.15453072602,-2.62239920028,EUR+TRY+BRL,True,False,train
direction_flip,direction_flip|2022-12-16T00:00:00+00:00,2022-12-16T00:00:00+0000,2022-12-17T00:00:00+0000,2022-12-17T00:05:00+0000,2022-12-19T00:05:00+0000,1,1,1.47467952345,1.47467952345,2.22017783883,0.469661357647,EUR+TRY,True,False,train
direction_flip,direction_flip|2023-01-03T00:00:00+00:00,2023-01-03T00:00:00+0000,2023-01-04T00:00:00+0000,2023-01-04T00:05:00+0000,2023-01-06T00:05:00+0000,1,1,3.28307139695,3.79146630416,-0.850593325629,3.28307139695,EUR+BRL,True,False,selection
direction_flip,direction_flip|2023-01-06T00:00:00+00:00,2023-01-06T00:00:00+0000,2023-01-07T00:00:00+0000,2023-01-07T00:05:00+0000,2023-01-09T00:05:00+0000,-1,-1,-2.98424321312,-2.98424321312,1.26749177474,-3.53508263225,EUR+BRL,True,False,selection
direction_flip,direction_flip|2023-01-09T00:00:00+00:00,2023-01-09T00:00:00+0000,2023-01-10T00:00:00+0000,2023-01-10T00:05:00+0000,2023-01-12T00:05:00+0000,-1,-1,-1.22652650966,-1.53657210852,-0.128137699439,-1.22652650966,EUR+BRL,True,False,selection
direction_flip,direction_flip|2023-01-12T00:00:00+00:00,2023-01-12T00:00:00+0000,2023-01-13T00:00:00+0000,2023-01-13T00:05:00+0000,2023-01-15T00:05:00+0000,-1,-1,-1.3461613064,-2.10122437299,-0.446125242373,-1.3461613064,EUR+BRL,True,False,selection
direction_flip,direction_flip|2023-01-16T00:00:00+00:00,2023-01-16T00:00:00+0000,2023-01-17T00:00:00+0000,2023-01-17T00:05:00+0000,2023-01-19T00:05:00+0000,1,1,1.06523950503,0.00727889103015,1.45186386007,1.06523950503,TRY+BRL,True,False,selection
direction_flip,direction_flip|2023-01-25T00:00:00+00:00,2023-01-25T00:00:00+0000,2023-01-26T00:00:00+0000,2023-01-26T00:05:00+0000,2023-01-28T00:05:00+0000,-1,-1,-1.38464968741,-0.915453015426,-1.38464968741,-2.24925669029,TRY+BRL,True,False,selection
direction_flip,direction_flip|2023-01-31T00:00:00+00:00,2023-01-31T00:00:00+0000,2023-02-01T00:00:00+0000,2023-02-01T00:05:00+0000,2023-02-03T00:05:00+0000,-1,-1,-1.22048641861,-0.247959997977,-1.28695780085,-1.22048641861,TRY+BRL,True,False,selection
direction_flip,direction_flip|2023-02-03T00:00:00+00:00,2023-02-03T00:00:00+0000,2023-02-04T00:00:00+0000,2023-02-04T00:05:00+0000,2023-02-06T00:05:00+0000,1,1,2.09577748447,2.538004214,0.13087613995,2.09577748447,EUR+BRL,True,False,selection
direction_flip,direction_flip|2023-02-09T00:00:00+00:00,2023-02-09T00:00:00+0000,2023-02-10T00:00:00+0000,2023-02-10T00:05:00+0000,2023-02-12T00:05:00+0000,1,1,1.78701619525,-0.379045495977,1.78701619525,2.62256066437,TRY+BRL,True,False,selection
direction_flip,direction_flip|2023-02-13T00:00:00+00:00,2023-02-13T00:00:00+0000,2023-02-14T00:00:00+0000,2023-02-14T00:05:00+0000,2023-02-16T00:05:00+0000,-1,-1,-1.16356522346,-1.16356522346,-0.141114234939,-2.38852319919,EUR+BRL,True,False,selection
direction_flip,direction_flip|2023-02-24T00:00:00+00:00,2023-02-24T00:00:00+0000,2023-02-25T00:00:00+0000,2023-02-25T00:05:00+0000,2023-02-27T00:05:00+0000,1,1,1.63573814269,1.55415161957,1.63573814269,2.04528236584,EUR+TRY+BRL,True,False,selection
direction_flip,direction_flip|2023-03-06T00:00:00+00:00,2023-03-06T00:00:00+0000,2023-03-07T00:00:00+0000,2023-03-07T00:05:00+0000,2023-03-09T00:05:00+0000,-1,-1,-1.57164222765,-2.17135865821,-1.53466172996,-1.57164222765,EUR+TRY+BRL,True,False,selection
direction_flip,direction_flip|2023-03-07T00:00:00+00:00,2023-03-07T00:00:00+0000,2023-03-08T00:00:00+0000,2023-03-08T00:05:00+0000,2023-03-10T00:05:00+0000,1,1,1.31113319449,3.05575970806,-0.161149611085,1.31113319449,EUR+BRL,False,True,
direction_flip,direction_flip|2023-03-10T00:00:00+00:00,2023-03-10T00:00:00+0000,2023-03-11T00:00:00+0000,2023-03-11T00:05:00+0000,2023-03-13T00:05:00+0000,1,1,1.30165128814,-2.21964270006,1.30165128814,1.66036835007,TRY+BRL,True,False,selection
direction_flip,direction_flip|2023-03-11T00:00:00+00:00,2023-03-11T00:00:00+0000,2023-03-12T00:00:00+0000,2023-03-12T00:05:00+0000,2023-03-14T00:05:00+0000,-1,-1,-2.93306590174,-2.93306590174,0.0903710902706,-4.22692083268,EUR+BRL,False,True,
direction_flip,direction_flip|2023-03-12T00:00:00+00:00,2023-03-12T00:00:00+0000,2023-03-13T00:00:00+0000,2023-03-13T00:05:00+0000,2023-03-15T00:05:00+0000,1,1,1.82790692365,2.15367109553,-3.28120412366,1.82790692365,EUR+BRL,True,False,selection
direction_flip,direction_flip|2023-03-14T00:00:00+00:00,2023-03-14T00:00:00+0000,2023-03-15T00:00:00+0000,2023-03-15T00:05:00+0000,2023-03-17T00:05:00+0000,1,1,1.1965835541,0.788176778693,1.1965835541,1.58586244744,TRY+BRL,True,False,selection
direction_flip,direction_flip|2023-03-16T00:00:00+00:00,2023-03-16T00:00:00+0000,2023-03-17T00:00:00+0000,2023-03-17T00:05:00+0000,2023-03-19T00:05:00+0000,-1,-1,-1.04557233469,-0.352214681247,-1.04557233469,-1.27762404205,TRY+BRL,True,False,selection
direction_flip,direction_flip|2023-03-24T00:00:00+00:00,2023-03-24T00:00:00+0000,2023-03-25T00:00:00+0000,2023-03-25T00:05:00+0000,2023-03-27T00:05:00+0000,1,1,2.50358962024,2.50358962024,2.73219913808,-0.320032802437,EUR+TRY,True,False,selection
direction_flip,direction_flip|2023-03-26T00:00:00+00:00,2023-03-26T00:00:00+0000,2023-03-27T00:00:00+0000,2023-03-27T00:05:00+0000,2023-03-29T00:05:00+0000,-1,-1,-1.07678064695,-1.14752114384,-1.07678064695,-0.37048304556,EUR+TRY,True,False,selection
direction_flip,direction_flip|2023-03-28T00:00:00+00:00,2023-03-28T00:00:00+0000,2023-03-29T00:00:00+0000,2023-03-29T00:05:00+0000,2023-03-31T00:05:00+0000,-1,-1,-1.88815330363,-1.88815330363,-1.17149548744,-1.9683088834,EUR+TRY+BRL,True,False,selection
direction_flip,direction_flip|2023-04-02T00:00:00+00:00,2023-04-02T00:00:00+0000,2023-04-03T00:00:00+0000,2023-04-03T00:05:00+0000,2023-04-05T00:05:00+0000,1,1,1.19197127871,1.24851981412,1.19197127871,0.514498072344,EUR+TRY,True,False,selection
direction_flip,direction_flip|2023-04-12T00:00:00+00:00,2023-04-12T00:00:00+0000,2023-04-13T00:00:00+0000,2023-04-13T00:05:00+0000,2023-04-15T00:05:00+0000,-1,-1,-1.53097862543,-1.53097862543,0.833776996783,-2.51689575966,EUR+BRL,True,False,selection
direction_flip,direction_flip|2023-04-15T00:00:00+00:00,2023-04-15T00:00:00+0000,2023-04-16T00:00:00+0000,2023-04-16T00:05:00+0000,2023-04-18T00:05:00+0000,1,1,1.58562918612,0.421891607266,2.72709094814,1.58562918612,TRY+BRL,True,False,selection
direction_flip,direction_flip|2023-04-19T00:00:00+00:00,2023-04-19T00:00:00+0000,2023-04-20T00:00:00+0000,2023-04-20T00:05:00+0000,2023-04-22T00:05:00+0000,1,1,4.16919557378,0.844234086936,14.207728831,4.16919557378,TRY+BRL,True,False,selection
direction_flip,direction_flip|2023-04-21T00:00:00+00:00,2023-04-21T00:00:00+0000,2023-04-22T00:00:00+0000,2023-04-22T00:05:00+0000,2023-04-24T00:05:00+0000,1,1,1.34669851467,-0.31539764097,4.36128290121,1.34669851467,TRY+BRL,True,False,selection
direction_flip,direction_flip|2023-04-24T00:00:00+00:00,2023-04-24T00:00:00+0000,2023-04-25T00:00:00+0000,2023-04-25T00:05:00+0000,2023-04-27T00:05:00+0000,-1,-1,-1.2981294315,-1.2981294315,-8.51033539892,-1.18652225308,EUR+TRY+BRL,True,False,selection
direction_flip,direction_flip|2023-04-27T00:00:00+00:00,2023-04-27T00:00:00+0000,2023-04-28T00:00:00+0000,2023-04-28T00:05:00+0000,2023-04-30T00:05:00+0000,-1,-1,-1.77878735832,0.124104592563,-1.77878735832,-2.72225043574,TRY+BRL,True,False,selection
direction_flip,direction_flip|2023-05-03T00:00:00+00:00,2023-05-03T00:00:00+0000,2023-05-04T00:00:00+0000,2023-05-04T00:05:00+0000,2023-05-06T00:05:00+0000,-1,-1,-1.42702482685,-1.42702482685,-1.0262176482,-1.60614706309,EUR+TRY+BRL,True,False,selection
direction_flip,direction_flip|2023-05-04T00:00:00+00:00,2023-05-04T00:00:00+0000,2023-05-05T00:00:00+0000,2023-05-05T00:05:00+0000,2023-05-07T00:05:00+0000,1,1,1.272134059,1.272134059,1.40653274738,-0.577539232784,EUR+TRY,False,True,
direction_flip,direction_flip|2023-05-06T00:00:00+00:00,2023-05-06T00:00:00+0000,2023-05-07T00:00:00+0000,2023-05-07T00:05:00+0000,2023-05-09T00:05:00+0000,1,1,1.04325128119,-0.140562619235,2.50628480656,1.04325128119,TRY+BRL,True,False,selection
direction_flip,direction_flip|2023-05-08T00:00:00+00:00,2023-05-08T00:00:00+0000,2023-05-09T00:00:00+0000,2023-05-09T00:05:00+0000,2023-05-11T00:05:00+0000,1,1,1.09100600199,0.884706131313,2.61032101107,1.09100600199,TRY+BRL,True,False,selection
direction_flip,direction_flip|2023-05-11T00:00:00+00:00,2023-05-11T00:00:00+0000,2023-05-12T00:00:00+0000,2023-05-12T00:05:00+0000,2023-05-14T00:05:00+0000,1,1,1.3752997568,1.3752997568,8.16343981411,-0.0577230435229,EUR+TRY,True,False,selection
direction_flip,direction_flip|2023-05-15T00:00:00+00:00,2023-05-15T00:00:00+0000,2023-05-16T00:00:00+0000,2023-05-16T00:05:00+0000,2023-05-18T00:05:00+0000,-1,-1,-1.54725880521,-0.448546077791,-9.1348484755,-1.54725880521,TRY+BRL,True,False,selection
direction_flip,direction_flip|2023-05-18T00:00:00+00:00,2023-05-18T00:00:00+0000,2023-05-19T00:00:00+0000,2023-05-19T00:05:00+0000,2023-05-21T00:05:00+0000,1,1,1.60833609946,1.60833609946,3.12173660597,1.20918854427,EUR+TRY+BRL,True,False,selection
direction_flip,direction_flip|2023-05-24T00:00:00+00:00,2023-05-24T00:00:00+0000,2023-05-25T00:00:00+0000,2023-05-25T00:05:00+0000,2023-05-27T00:05:00+0000,1,1,1.13153737015,1.13153737015,3.74948910671,-0.253565173929,EUR+TRY,True,False,selection
direction_flip,direction_flip|2023-05-31T00:00:00+00:00,2023-05-31T00:00:00+0000,2023-06-01T00:00:00+0000,2023-06-01T00:05:00+0000,2023-06-03T00:05:00+0000,1,1,1.17893842063,1.17893842063,3.78534428748,0.488135295597,EUR+TRY,True,False,selection
direction_flip,direction_flip|2023-06-01T00:00:00+00:00,2023-06-01T00:00:00+0000,2023-06-02T00:00:00+0000,2023-06-02T00:05:00+0000,2023-06-04T00:05:00+0000,-1,-1,-1.34254039794,-1.72391889759,0.135968498571,-1.34254039794,EUR+BRL,False,True,
direction_flip,direction_flip|2023-06-08T00:00:00+00:00,2023-06-08T00:00:00+0000,2023-06-09T00:00:00+0000,2023-06-09T00:05:00+0000,2023-06-11T00:05:00+0000,-1,-1,-2.01511626915,-2.01511626915,-2.52141169403,0.206768591277,EUR+TRY,True,False,selection
direction_flip,direction_flip|2023-06-10T00:00:00+00:00,2023-06-10T00:00:00+0000,2023-06-11T00:00:00+0000,2023-06-11T00:05:00+0000,2023-06-13T00:05:00+0000,1,1,3.30846707919,3.30846707919,3.603762848,0.648778649205,EUR+TRY,True,False,selection
direction_flip,direction_flip|2023-06-12T00:00:00+00:00,2023-06-12T00:00:00+0000,2023-06-13T00:00:00+0000,2023-06-13T00:05:00+0000,2023-06-15T00:05:00+0000,-1,-1,-2.22472387375,-1.62187497357,-2.69416764066,-2.22472387375,EUR+TRY+BRL,True,False,selection
direction_flip,direction_flip|2023-06-15T00:00:00+00:00,2023-06-15T00:00:00+0000,2023-06-16T00:00:00+0000,2023-06-16T00:05:00+0000,2023-06-18T00:05:00+0000,-1,-1,-1.79305480408,-4.38692841887,-1.79305480408,-0.846711175363,EUR+TRY,True,False,selection
direction_flip,direction_flip|2023-06-19T00:00:00+00:00,2023-06-19T00:00:00+0000,2023-06-20T00:00:00+0000,2023-06-20T00:05:00+0000,2023-06-22T00:05:00+0000,-1,-1,-2.27178808215,0.593264508737,-3.79939775718,-2.27178808215,TRY+BRL,True,False,selection
direction_flip,direction_flip|2023-06-21T00:00:00+00:00,2023-06-21T00:00:00+0000,2023-06-22T00:00:00+0000,2023-06-22T00:05:00+0000,2023-06-24T00:05:00+0000,-1,-1,-1.74251625157,-1.74251625157,-2.25100746745,-1.34768135297,EUR+TRY+BRL,True,False,selection
direction_flip,direction_flip|2023-06-22T00:00:00+00:00,2023-06-22T00:00:00+0000,2023-06-23T00:00:00+0000,2023-06-23T00:05:00+0000,2023-06-25T00:05:00+0000,1,1,1.00687977331,1.00687977331,17.1938328647,0.451068988391,EUR+TRY,False,True,
direction_flip,direction_flip|2023-06-28T00:00:00+00:00,2023-06-28T00:00:00+0000,2023-06-29T00:00:00+0000,2023-06-29T00:05:00+0000,2023-07-01T00:05:00+0000,1,1,2.07012792859,1.33936789777,2.89724052151,2.07012792859,EUR+TRY+BRL,True,False,selection
direction_flip,direction_flip|2023-06-30T00:00:00+00:00,2023-06-30T00:00:00+0000,2023-07-01T00:00:00+0000,2023-07-01T00:05:00+0000,2023-07-03T00:05:00+0000,-1,-1,-1.80684559041,-1.68389901082,-1.80684559041,-2.02163302555,EUR+TRY+BRL,True,False,selection
direction_flip,direction_flip|2023-07-04T00:00:00+00:00,2023-07-04T00:00:00+0000,2023-07-05T00:00:00+0000,2023-07-05T00:05:00+0000,2023-07-07T00:05:00+0000,1,1,1.1133768474,1.1133768474,-0.199659664673,2.20476104754,EUR+BRL,True,False,selection
direction_flip,direction_flip|2023-07-10T00:00:00+00:00,2023-07-10T00:00:00+0000,2023-07-11T00:00:00+0000,2023-07-11T00:05:00+0000,2023-07-13T00:05:00+0000,-1,-1,-1.07550443941,-1.58404263666,-0.70514004087,-1.07550443941,EUR+BRL,True,False,selection
direction_flip,direction_flip|2023-07-12T00:00:00+00:00,2023-07-12T00:00:00+0000,2023-07-13T00:00:00+0000,2023-07-13T00:05:00+0000,2023-07-15T00:05:00+0000,-1,-1,-1.08894342586,-3.13320763176,0.361025670916,-1.08894342586,EUR+BRL,True,False,selection
direction_flip,direction_flip|2023-07-14T00:00:00+00:00,2023-07-14T00:00:00+0000,2023-07-15T00:00:00+0000,2023-07-15T00:05:00+0000,2023-07-17T00:05:00+0000,1,1,1.43158708805,0.136859087982,4.41265789076,1.43158708805,TRY+BRL,True,False,selection
direction_flip,direction_flip|2023-08-02T00:00:00+00:00,2023-08-02T00:00:00+0000,2023-08-03T00:00:00+0000,2023-08-03T00:05:00+0000,2023-08-05T00:05:00+0000,1,1,1.18930746681,1.59389498757,-0.0486748180895,1.18930746681,EUR+BRL,True,False,selection
direction_flip,direction_flip|2023-08-15T00:00:00+00:00,2023-08-15T00:00:00+0000,2023-08-16T00:00:00+0000,2023-08-16T00:05:00+0000,2023-08-18T00:05:00+0000,1,1,1.20274699297,-1.97074954662,1.20274699297,1.44415862765,TRY+BRL,True,False,selection
direction_flip,direction_flip|2023-08-17T00:00:00+00:00,2023-08-17T00:00:00+0000,2023-08-18T00:00:00+0000,2023-08-18T00:05:00+0000,2023-08-20T00:05:00+0000,1,1,1.51456363596,0.934473828606,2.33748981398,1.51456363596,TRY+BRL,True,False,selection
direction_flip,direction_flip|2023-08-21T00:00:00+00:00,2023-08-21T00:00:00+0000,2023-08-22T00:00:00+0000,2023-08-22T00:05:00+0000,2023-08-24T00:05:00+0000,-1,-1,-1.23264636257,-2.50429473068,-0.3449309249,-1.23264636257,EUR+BRL,True,False,selection
direction_flip,direction_flip|2023-08-28T00:00:00+00:00,2023-08-28T00:00:00+0000,2023-08-29T00:00:00+0000,2023-08-29T00:05:00+0000,2023-08-31T00:05:00+0000,-1,-1,-1.23234681638,-1.23234681638,-2.81883806149,-0.571631897841,EUR+TRY,True,False,selection
direction_flip,direction_flip|2023-08-31T00:00:00+00:00,2023-08-31T00:00:00+0000,2023-09-01T00:00:00+0000,2023-09-01T00:05:00+0000,2023-09-03T00:05:00+0000,1,1,2.29902178067,2.29902178067,-0.0749284805685,3.20582419808,EUR+BRL,True,False,selection
direction_flip,direction_flip|2023-09-05T00:00:00+00:00,2023-09-05T00:00:00+0000,2023-09-06T00:00:00+0000,2023-09-06T00:05:00+0000,2023-09-08T00:05:00+0000,1,1,1.13778563303,1.70871922431,-0.550963751533,1.13778563303,EUR+BRL,True,False,selection
direction_flip,direction_flip|2023-09-27T00:00:00+00:00,2023-09-27T00:00:00+0000,2023-09-28T00:00:00+0000,2023-09-28T00:05:00+0000,2023-09-30T00:05:00+0000,1,1,1.7662463443,1.7662463443,0.928731696716,2.4302393153,EUR+BRL,True,False,selection
direction_flip,direction_flip|2023-10-02T00:00:00+00:00,2023-10-02T00:00:00+0000,2023-10-03T00:00:00+0000,2023-10-03T00:05:00+0000,2023-10-05T00:05:00+0000,1,1,1.61194555423,2.46959182303,0.551045188082,1.61194555423,EUR+BRL,True,False,selection
direction_flip,direction_flip|2023-10-10T00:00:00+00:00,2023-10-10T00:00:00+0000,2023-10-11T00:00:00+0000,2023-10-11T00:05:00+0000,2023-10-13T00:05:00+0000,-1,-1,-1.32146552879,-0.828435287813,-1.32146552879,-3.87135823206,TRY+BRL,True,False,selection
direction_flip,direction_flip|2023-10-13T00:00:00+00:00,2023-10-13T00:00:00+0000,2023-10-14T00:00:00+0000,2023-10-14T00:05:00+0000,2023-10-16T00:05:00+0000,1,1,1.20134680502,0.855788565877,1.20134680502,1.22621054371,TRY+BRL,True,False,selection
direction_flip,direction_flip|2023-10-18T00:00:00+00:00,2023-10-18T00:00:00+0000,2023-10-19T00:00:00+0000,2023-10-19T00:05:00+0000,2023-10-21T00:05:00+0000,1,1,1.01284512921,1.01284512921,0.427470705047,1.01553569017,EUR+BRL,True,False,selection
direction_flip,direction_flip|2023-10-23T00:00:00+00:00,2023-10-23T00:00:00+0000,2023-10-24T00:00:00+0000,2023-10-24T00:05:00+0000,2023-10-26T00:05:00+0000,-1,-1,-1.78849019473,-2.66157431961,-0.21352641998,-1.78849019473,EUR+BRL,True,False,selection
direction_flip,direction_flip|2023-10-24T00:00:00+00:00,2023-10-24T00:00:00+0000,2023-10-25T00:00:00+0000,2023-10-25T00:05:00+0000,2023-10-27T00:05:00+0000,1,1,1.01341170808,2.34907214686,1.01341170808,-0.803369744073,EUR+TRY,False,True,
direction_flip,direction_flip|2023-10-27T00:00:00+00:00,2023-10-27T00:00:00+0000,2023-10-28T00:00:00+0000,2023-10-28T00:05:00+0000,2023-10-30T00:05:00+0000,1,1,1.13183253382,-0.138154421861,1.70219848145,1.13183253382,TRY+BRL,True,False,selection
direction_flip,direction_flip|2023-11-03T00:00:00+00:00,2023-11-03T00:00:00+0000,2023-11-04T00:00:00+0000,2023-11-04T00:05:00+0000,2023-11-06T00:05:00+0000,-1,-1,-2.85455082755,-3.28046057027,1.34136057203,-2.85455082755,EUR+BRL,True,False,selection
direction_flip,direction_flip|2023-11-06T00:00:00+00:00,2023-11-06T00:00:00+0000,2023-11-07T00:00:00+0000,2023-11-07T00:05:00+0000,2023-11-09T00:05:00+0000,-1,-1,-1.58392092595,0.0933952098768,-1.73207039472,-1.58392092595,TRY+BRL,True,False,selection
direction_flip,direction_flip|2023-11-09T00:00:00+00:00,2023-11-09T00:00:00+0000,2023-11-10T00:00:00+0000,2023-11-10T00:05:00+0000,2023-11-12T00:05:00+0000,1,1,1.3272080871,1.19745480539,1.3272080871,1.53349779544,EUR+TRY+BRL,True,False,selection
direction_flip,direction_flip|2023-11-14T00:00:00+00:00,2023-11-14T00:00:00+0000,2023-11-15T00:00:00+0000,2023-11-15T00:05:00+0000,2023-11-17T00:05:00+0000,-1,-1,-2.22531816334,-5.34500927319,-0.546569802382,-2.22531816334,EUR+BRL,True,False,selection
direction_flip,direction_flip|2023-11-17T00:00:00+00:00,2023-11-17T00:00:00+0000,2023-11-18T00:00:00+0000,2023-11-18T00:05:00+0000,2023-11-20T00:05:00+0000,1,1,1.16105696768,-1.88748843753,1.52354501791,1.16105696768,TRY+BRL,True,False,selection
direction_flip,direction_flip|2023-11-20T00:00:00+00:00,2023-11-20T00:00:00+0000,2023-11-21T00:00:00+0000,2023-11-21T00:05:00+0000,2023-11-23T00:05:00+0000,-1,-1,-1.02723843013,-1.02723843013,0.173104817873,-2.50349401899,EUR+BRL,True,False,selection
direction_flip,direction_flip|2023-11-28T00:00:00+00:00,2023-11-28T00:00:00+0000,2023-11-29T00:00:00+0000,2023-11-29T00:05:00+0000,2023-12-01T00:05:00+0000,-1,-1,-1.43563881136,-1.43563881136,-0.863941672786,-1.86336181097,EUR+BRL,True,False,selection
direction_flip,direction_flip|2023-11-30T00:00:00+00:00,2023-11-30T00:00:00+0000,2023-12-01T00:00:00+0000,2023-12-01T00:05:00+0000,2023-12-03T00:05:00+0000,1,1,1.04717226021,2.47968803166,-0.938614973021,1.04717226021,EUR+BRL,True,False,selection
direction_flip,direction_flip|2023-12-04T00:00:00+00:00,2023-12-04T00:00:00+0000,2023-12-05T00:00:00+0000,2023-12-05T00:05:00+0000,2023-12-07T00:05:00+0000,1,1,1.70172502408,1.70172502408,0.119057350769,2.06881083398,EUR+BRL,True,False,selection
direction_flip,direction_flip|2023-12-13T00:00:00+00:00,2023-12-13T00:00:00+0000,2023-12-14T00:00:00+0000,2023-12-14T00:05:00+0000,2023-12-16T00:05:00+0000,-1,-1,-2.14007885243,-2.14007885243,0.107517159393,-2.34444234535,EUR+BRL,True,False,selection
direction_flip,direction_flip|2023-12-15T00:00:00+00:00,2023-12-15T00:00:00+0000,2023-12-16T00:00:00+0000,2023-12-16T00:05:00+0000,2023-12-18T00:05:00+0000,1,1,3.02812130856,3.02812130856,4.2575665131,2.03307676639,EUR+TRY+BRL,True,False,selection
direction_flip,direction_flip|2023-12-19T00:00:00+00:00,2023-12-19T00:00:00+0000,2023-12-20T00:00:00+0000,2023-12-20T00:05:00+0000,2023-12-22T00:05:00+0000,-1,-1,-1.58028604811,-1.58028604811,-0.378004998785,-1.60359224996,EUR+BRL,True,False,selection
direction_flip,direction_flip|2023-12-20T00:00:00+00:00,2023-12-20T00:00:00+0000,2023-12-21T00:00:00+0000,2023-12-21T00:05:00+0000,2023-12-23T00:05:00+0000,1,1,1.23351549792,1.23351549792,-1.85388778245,2.20538905869,EUR+BRL,False,True,
direction_flip,direction_flip|2023-12-21T00:00:00+00:00,2023-12-21T00:00:00+0000,2023-12-22T00:00:00+0000,2023-12-22T00:05:00+0000,2023-12-24T00:05:00+0000,-1,-1,-1.58029355263,-1.76426218142,-0.522535875668,-1.58029355263,EUR+BRL,True,False,selection
direction_flip,direction_flip|2023-12-26T00:00:00+00:00,2023-12-26T00:00:00+0000,2023-12-27T00:00:00+0000,2023-12-27T00:05:00+0000,2023-12-29T00:05:00+0000,-1,-1,-1.39563962186,-1.39563962186,4.02450116259,-4.63582055042,EUR+BRL,True,False,selection
direction_flip,direction_flip|2023-12-28T00:00:00+00:00,2023-12-28T00:00:00+0000,2023-12-29T00:00:00+0000,2023-12-29T00:05:00+0000,2023-12-31T00:05:00+0000,1,1,1.48274564632,1.48274564632,-0.270678434999,1.81512332234,EUR+BRL,True,False,selection
eur_only,eur_only|2021-05-04T00:00:00+00:00,2021-05-04T00:00:00+0000,2021-05-05T00:00:00+0000,2021-05-05T00:05:00+0000,2021-05-07T00:05:00+0000,1,-1,0.777465733202,1.49602532931,0.777465733202,0.626094770494,EUR,True,False,train
eur_only,eur_only|2021-05-07T00:00:00+00:00,2021-05-07T00:00:00+0000,2021-05-08T00:00:00+0000,2021-05-08T00:05:00+0000,2021-05-10T00:05:00+0000,-1,1,-0.867500712542,-1.69383172175,0.317747670521,-0.867500712542,EUR,True,False,train
eur_only,eur_only|2021-05-10T00:00:00+00:00,2021-05-10T00:00:00+0000,2021-05-11T00:00:00+0000,2021-05-11T00:05:00+0000,2021-05-13T00:05:00+0000,1,-1,1.37435375142,1.91299934766,1.37435375142,0.550442801704,EUR+TRY,True,False,train
eur_only,eur_only|2021-05-12T00:00:00+00:00,2021-05-12T00:00:00+0000,2021-05-13T00:00:00+0000,2021-05-13T00:05:00+0000,2021-05-15T00:05:00+0000,1,-1,2.2858837347,2.25864017971,3.11870079886,2.2858837347,EUR+TRY+BRL,True,False,train
eur_only,eur_only|2021-05-14T00:00:00+00:00,2021-05-14T00:00:00+0000,2021-05-15T00:00:00+0000,2021-05-15T00:05:00+0000,2021-05-17T00:05:00+0000,-1,1,-1.52318887792,-1.52318887792,-1.64115597652,-0.79190279222,EUR+TRY,True,False,train
eur_only,eur_only|2021-05-19T00:00:00+00:00,2021-05-19T00:00:00+0000,2021-05-20T00:00:00+0000,2021-05-20T00:05:00+0000,2021-05-22T00:05:00+0000,1,-1,1.72868233852,1.4042146308,1.72868233852,2.5968467031,EUR+TRY+BRL,True,False,train
eur_only,eur_only|2021-05-25T00:00:00+00:00,2021-05-25T00:00:00+0000,2021-05-26T00:00:00+0000,2021-05-26T00:05:00+0000,2021-05-28T00:05:00+0000,-1,1,-0.147821039398,-1.42698128561,0.188203834044,-0.147821039398,EUR,True,False,train
eur_only,eur_only|2021-05-26T00:00:00+00:00,2021-05-26T00:00:00+0000,2021-05-27T00:00:00+0000,2021-05-27T00:05:00+0000,2021-05-29T00:05:00+0000,1,-1,-0.0506061395635,1.60852345006,-0.0506061395635,-0.406880958344,EUR,False,True,
eur_only,eur_only|2021-05-31T00:00:00+00:00,2021-05-31T00:00:00+0000,2021-06-01T00:00:00+0000,2021-06-01T00:05:00+0000,2021-06-03T00:05:00+0000,-1,1,-1.78957289881,-1.78957289881,-2.07103878964,-0.861245866768,EUR+TRY,True,False,train
eur_only,eur_only|2021-06-03T00:00:00+00:00,2021-06-03T00:00:00+0000,2021-06-04T00:00:00+0000,2021-06-04T00:05:00+0000,2021-06-06T00:05:00+0000,1,-1,0.91100343894,2.15355512203,0.91100343894,-0.787985858197,EUR,True,False,train
eur_only,eur_only|2021-06-11T00:00:00+00:00,2021-06-11T00:00:00+0000,2021-06-12T00:00:00+0000,2021-06-12T00:05:00+0000,2021-06-14T00:05:00+0000,1,-1,1.22477530233,1.86265183617,-0.119165947477,1.22477530233,EUR+BRL,True,False,train
eur_only,eur_only|2021-06-13T00:00:00+00:00,2021-06-13T00:00:00+0000,2021-06-14T00:00:00+0000,2021-06-14T00:05:00+0000,2021-06-16T00:05:00+0000,-1,1,-1.10894835335,-1.10894835335,-0.584981977885,-1.27816110069,EUR+BRL,True,False,train
eur_only,eur_only|2021-06-16T00:00:00+00:00,2021-06-16T00:00:00+0000,2021-06-17T00:00:00+0000,2021-06-17T00:05:00+0000,2021-06-19T00:05:00+0000,1,-1,0.93905497737,3.30548618069,0.93905497737,0.427502563132,EUR,True,False,train
eur_only,eur_only|2021-06-20T00:00:00+00:00,2021-06-20T00:00:00+0000,2021-06-21T00:00:00+0000,2021-06-21T00:05:00+0000,2021-06-23T00:05:00+0000,-1,1,-0.273446194845,-1.17015923756,-0.152650295209,-0.273446194845,EUR,True,False,train
eur_only,eur_only|2021-06-30T00:00:00+00:00,2021-06-30T00:00:00+0000,2021-07-01T00:00:00+0000,2021-07-01T00:05:00+0000,2021-07-03T00:05:00+0000,1,-1,0.914387958069,1.39292655657,-0.465598665557,0.914387958069,EUR,True,False,train
eur_only,eur_only|2021-07-06T00:00:00+00:00,2021-07-06T00:00:00+0000,2021-07-07T00:00:00+0000,2021-07-07T00:05:00+0000,2021-07-09T00:05:00+0000,1,-1,1.12409308893,1.12409308893,-0.00591569723727,1.28040764989,EUR+BRL,True,False,train
eur_only,eur_only|2021-07-08T00:00:00+00:00,2021-07-08T00:00:00+0000,2021-07-09T00:00:00+0000,2021-07-09T00:05:00+0000,2021-07-11T00:05:00+0000,-1,1,0.531051640604,-1.65276830423,0.531051640604,1.06085622813,EUR,True,False,train
eur_only,eur_only|2021-07-12T00:00:00+00:00,2021-07-12T00:00:00+0000,2021-07-13T00:00:00+0000,2021-07-13T00:05:00+0000,2021-07-15T00:05:00+0000,1,-1,0.263243600225,1.03610104197,0.263243600225,-0.933331731692,EUR,True,False,train
eur_only,eur_only|2021-07-16T00:00:00+00:00,2021-07-16T00:00:00+0000,2021-07-17T00:00:00+0000,2021-07-17T00:05:00+0000,2021-07-19T00:05:00+0000,-1,1,-0.275762826459,-2.7511374309,-0.275762826459,0.542425893563,EUR,True,False,train
eur_only,eur_only|2021-07-17T00:00:00+00:00,2021-07-17T00:00:00+0000,2021-07-18T00:00:00+0000,2021-07-18T00:05:00+0000,2021-07-20T00:05:00+0000,1,-1,-0.238352719005,1.83907539757,-0.290880355152,-0.238352719005,EUR,False,True,
eur_only,eur_only|2021-07-20T00:00:00+00:00,2021-07-20T00:00:00+0000,2021-07-21T00:00:00+0000,2021-07-21T00:05:00+0000,2021-07-23T00:05:00+0000,1,-1,0.0204815132039,1.38881687529,0.0204815132039,-0.493866640606,EUR,True,False,train
eur_only,eur_only|2021-07-26T00:00:00+00:00,2021-07-26T00:00:00+0000,2021-07-27T00:00:00+0000,2021-07-27T00:05:00+0000,2021-07-29T00:05:00+0000,-1,1,0.0836845157246,-2.01106112185,0.0836845157246,0.305287007286,EUR,True,False,train
eur_only,eur_only|2021-07-27T00:00:00+00:00,2021-07-27T00:00:00+0000,2021-07-28T00:00:00+0000,2021-07-28T00:05:00+0000,2021-07-30T00:05:00+0000,1,-1,0.0306485039391,1.05515837763,0.0306485039391,-0.317641718785,EUR,False,True,
eur_only,eur_only|2021-07-29T00:00:00+00:00,2021-07-29T00:00:00+0000,2021-07-30T00:00:00+0000,2021-07-30T00:05:00+0000,2021-08-01T00:05:00+0000,-1,1,-1.46927388385,-1.46927388385,-1.61494868974,-1.25535088632,EUR+TRY+BRL,True,False,train
eur_only,eur_only|2021-07-31T00:00:00+00:00,2021-07-31T00:00:00+0000,2021-08-01T00:00:00+0000,2021-08-01T00:05:00+0000,2021-08-03T00:05:00+0000,1,-1,0.036086004895,1.75523000947,-0.230224361323,0.036086004895,EUR,True,False,train
eur_only,eur_only|2021-08-04T00:00:00+00:00,2021-08-04T00:00:00+0000,2021-08-05T00:00:00+0000,2021-08-05T00:05:00+0000,2021-08-07T00:05:00+0000,1,-1,-0.260039730455,1.37878210954,-0.260039730455,-0.613793550375,EUR,True,False,train
eur_only,eur_only|2021-08-06T00:00:00+00:00,2021-08-06T00:00:00+0000,2021-08-07T00:00:00+0000,2021-08-07T00:05:00+0000,2021-08-09T00:05:00+0000,1,-1,0.702459815176,1.51406571495,0.702459815176,0.096169588168,EUR,True,False,train
eur_only,eur_only|2021-08-11T00:00:00+00:00,2021-08-11T00:00:00+0000,2021-08-12T00:00:00+0000,2021-08-12T00:05:00+0000,2021-08-14T00:05:00+0000,1,-1,1.40811454663,1.40811454663,0.881959535341,1.41493722005,EUR+BRL,True,False,train
eur_only,eur_only|2021-08-13T00:00:00+00:00,2021-08-13T00:00:00+0000,2021-08-14T00:00:00+0000,2021-08-14T00:05:00+0000,2021-08-16T00:05:00+0000,-1,1,-1.64406610524,-3.67801209298,-1.64406610524,-0.537475537425,EUR+TRY,True,False,train
eur_only,eur_only|2021-08-16T00:00:00+00:00,2021-08-16T00:00:00+0000,2021-08-17T00:00:00+0000,2021-08-17T00:05:00+0000,2021-08-19T00:05:00+0000,1,-1,1.1193938756,2.1976804532,1.1193938756,0.647352810554,EUR+TRY,True,False,train
eur_only,eur_only|2021-08-19T00:00:00+00:00,2021-08-19T00:00:00+0000,2021-08-20T00:00:00+0000,2021-08-20T00:05:00+0000,2021-08-22T00:05:00+0000,-1,1,-0.40899600401,-2.58672781884,-0.40899600401,-0.226578303851,EUR,True,False,train
eur_only,eur_only|2021-08-21T00:00:00+00:00,2021-08-21T00:00:00+0000,2021-08-22T00:00:00+0000,2021-08-22T00:05:00+0000,2021-08-24T00:05:00+0000,1,-1,0.996484544844,1.86911822165,0.563128187003,0.996484544844,EUR,True,False,train
eur_only,eur_only|2021-08-27T00:00:00+00:00,2021-08-27T00:00:00+0000,2021-08-28T00:00:00+0000,2021-08-28T00:05:00+0000,2021-08-30T00:05:00+0000,-1,1,-2.4219109057,-3.03391462545,-1.27090591835,-2.4219109057,EUR+TRY+BRL,True,False,train
eur_only,eur_only|2021-08-29T00:00:00+00:00,2021-08-29T00:00:00+0000,2021-08-30T00:00:00+0000,2021-08-30T00:05:00+0000,2021-09-01T00:05:00+0000,1,-1,0.727311215601,1.2045909456,0.727311215601,-0.446617935671,EUR,True,False,train
eur_only,eur_only|2021-09-01T00:00:00+00:00,2021-09-01T00:00:00+0000,2021-09-02T00:00:00+0000,2021-09-02T00:05:00+0000,2021-09-04T00:05:00+0000,-1,1,-0.918096312048,-1.8178389937,-0.918096312048,-0.584702700518,EUR,True,False,train
eur_only,eur_only|2021-09-06T00:00:00+00:00,2021-09-06T00:00:00+0000,2021-09-07T00:00:00+0000,2021-09-07T00:05:00+0000,2021-09-09T00:05:00+0000,1,-1,0.808341018155,1.11113342026,0.808341018155,0.352473508403,EUR,True,False,train
eur_only,eur_only|2021-09-08T00:00:00+00:00,2021-09-08T00:00:00+0000,2021-09-09T00:00:00+0000,2021-09-09T00:05:00+0000,2021-09-11T00:05:00+0000,-1,1,0.825454660992,-1.673151414,1.00488998213,0.825454660992,EUR,True,False,train
eur_only,eur_only|2021-09-15T00:00:00+00:00,2021-09-15T00:00:00+0000,2021-09-16T00:00:00+0000,2021-09-16T00:05:00+0000,2021-09-18T00:05:00+0000,-1,1,-0.782470553344,-1.09829975001,-0.782470553344,-0.506835600772,EUR,True,False,train
eur_only,eur_only|2021-09-23T00:00:00+00:00,2021-09-23T00:00:00+0000,2021-09-24T00:00:00+0000,2021-09-24T00:05:00+0000,2021-09-26T00:05:00+0000,-1,1,-0.331478296939,-1.37988466917,1.18915408251,-0.331478296939,EUR,True,False,train
eur_only,eur_only|2021-09-28T00:00:00+00:00,2021-09-28T00:00:00+0000,2021-09-29T00:00:00+0000,2021-09-29T00:05:00+0000,2021-10-01T00:05:00+0000,1,-1,1.28647815978,1.347116556,0.728218058134,1.28647815978,EUR+BRL,True,False,train
eur_only,eur_only|2021-10-10T00:00:00+00:00,2021-10-10T00:00:00+0000,2021-10-11T00:00:00+0000,2021-10-11T00:05:00+0000,2021-10-13T00:05:00+0000,1,-1,0.998423302088,1.88298808219,0.998423302088,0.79555386398,EUR,True,False,train
eur_only,eur_only|2021-10-13T00:00:00+00:00,2021-10-13T00:00:00+0000,2021-10-14T00:00:00+0000,2021-10-14T00:05:00+0000,2021-10-16T00:05:00+0000,-1,1,-0.823390253644,-2.56750624568,0.443169705082,-0.823390253644,EUR,True,False,train
eur_only,eur_only|2021-10-19T00:00:00+00:00,2021-10-19T00:00:00+0000,2021-10-20T00:00:00+0000,2021-10-20T00:05:00+0000,2021-10-22T00:05:00+0000,-1,1,-0.453835394056,-1.2669245831,-0.453835394056,1.29324833329,EUR,True,False,train
eur_only,eur_only|2021-10-21T00:00:00+00:00,2021-10-21T00:00:00+0000,2021-10-22T00:00:00+0000,2021-10-22T00:05:00+0000,2021-10-24T00:05:00+0000,1,-1,2.22336276067,2.22336276067,5.2449026939,1.77210059404,EUR+TRY+BRL,True,False,train
eur_only,eur_only|2021-10-28T00:00:00+00:00,2021-10-28T00:00:00+0000,2021-10-29T00:00:00+0000,2021-10-29T00:05:00+0000,2021-10-31T00:05:00+0000,-1,1,0.997574673299,-2.81821802127,0.997574673299,1.51946729378,EUR,True,False,train
eur_only,eur_only|2021-10-29T00:00:00+00:00,2021-10-29T00:00:00+0000,2021-10-30T00:00:00+0000,2021-10-30T00:05:00+0000,2021-11-01T00:05:00+0000,1,-1,0.122320467095,2.1058153291,-1.04624388217,0.122320467095,EUR,False,True,
eur_only,eur_only|2021-11-04T00:00:00+00:00,2021-11-04T00:00:00+0000,2021-11-05T00:00:00+0000,2021-11-05T00:05:00+0000,2021-11-07T00:05:00+0000,1,-1,1.13172348647,1.52537461325,0.854959313281,1.13172348647,EUR+BRL,True,False,train
eur_only,eur_only|2021-11-08T00:00:00+00:00,2021-11-08T00:00:00+0000,2021-11-09T00:00:00+0000,2021-11-09T00:05:00+0000,2021-11-11T00:05:00+0000,-1,1,-1.0061754425,-2.3851644583,-0.160746588793,-1.0061754425,EUR+BRL,True,False,train
eur_only,eur_only|2021-11-10T00:00:00+00:00,2021-11-10T00:00:00+0000,2021-11-11T00:00:00+0000,2021-11-11T00:05:00+0000,2021-11-13T00:05:00+0000,1,-1,2.14829616036,2.80687351872,2.14829616036,0.78789493502,EUR+TRY,True,False,train
eur_only,eur_only|2021-11-16T00:00:00+00:00,2021-11-16T00:00:00+0000,2021-11-17T00:00:00+0000,2021-11-17T00:05:00+0000,2021-11-19T00:05:00+0000,1,-1,1.60744120586,1.60744120586,4.11637381925,1.142724221,EUR+TRY+BRL,True,False,train
eur_only,eur_only|2021-11-18T00:00:00+00:00,2021-11-18T00:00:00+0000,2021-11-19T00:00:00+0000,2021-11-19T00:05:00+0000,2021-11-21T00:05:00+0000,-1,1,1.57784964197,-2.08660316718,6.00675567502,1.57784964197,EUR,True,False,train
eur_only,eur_only|2021-11-19T00:00:00+00:00,2021-11-19T00:00:00+0000,2021-11-20T00:00:00+0000,2021-11-20T00:05:00+0000,2021-11-22T00:05:00+0000,1,-1,0.50704284526,2.38114269491,-2.14454488448,0.50704284526,EUR,False,True,
eur_only,eur_only|2021-11-24T00:00:00+00:00,2021-11-24T00:00:00+0000,2021-11-25T00:00:00+0000,2021-11-25T00:05:00+0000,2021-11-27T00:05:00+0000,1,-1,0.229584657707,1.45243980729,-2.41823615166,0.229584657707,EUR,True,False,train
eur_only,eur_only|2021-11-26T00:00:00+00:00,2021-11-26T00:00:00+0000,2021-11-27T00:00:00+0000,2021-11-27T00:05:00+0000,2021-11-29T00:05:00+0000,-1,1,0.805640704137,-1.78927147105,8.75529568089,0.805640704137,EUR,True,False,train
eur_only,eur_only|2021-11-30T00:00:00+00:00,2021-11-30T00:00:00+0000,2021-12-01T00:00:00+0000,2021-12-01T00:05:00+0000,2021-12-03T00:05:00+0000,-1,1,-0.0286976394174,-1.49279549738,5.9459518923,-0.0286976394174,EUR,True,False,train
eur_only,eur_only|2021-12-04T00:00:00+00:00,2021-12-04T00:00:00+0000,2021-12-05T00:00:00+0000,2021-12-05T00:05:00+0000,2021-12-07T00:05:00+0000,1,-1,1.84341050581,2.53633176982,1.84341050581,0.485885832902,EUR+TRY,True,False,train
eur_only,eur_only|2021-12-05T00:00:00+00:00,2021-12-05T00:00:00+0000,2021-12-06T00:00:00+0000,2021-12-06T00:05:00+0000,2021-12-08T00:05:00+0000,-1,1,-0.802842921918,-2.87062757149,-0.0974950859327,-0.802842921918,EUR,False,True,
eur_only,eur_only|2021-12-08T00:00:00+00:00,2021-12-08T00:00:00+0000,2021-12-09T00:00:00+0000,2021-12-09T00:05:00+0000,2021-12-11T00:05:00+0000,-1,1,-1.06225287954,-2.0535521042,-0.557250146177,-1.06225287954,EUR+BRL,True,False,train
eur_only,eur_only|2021-12-09T00:00:00+00:00,2021-12-09T00:00:00+0000,2021-12-10T00:00:00+0000,2021-12-10T00:05:00+0000,2021-12-12T00:05:00+0000,1,-1,1.33067272773,1.16614607715,3.23756417524,1.33067272773,EUR+TRY+BRL,False,True,
eur_only,eur_only|2021-12-15T00:00:00+00:00,2021-12-15T00:00:00+0000,2021-12-16T00:00:00+0000,2021-12-16T00:05:00+0000,2021-12-18T00:05:00+0000,-1,1,-0.242704303193,-1.64086867596,2.76001928524,-0.242704303193,EUR,True,False,train
eur_only,eur_only|2021-12-17T00:00:00+00:00,2021-12-17T00:00:00+0000,2021-12-18T00:00:00+0000,2021-12-18T00:05:00+0000,2021-12-20T00:05:00+0000,1,-1,2.35605815503,2.35605815503,7.68479895419,-1.18908808193,EUR+TRY,True,False,train
eur_only,eur_only|2021-12-20T00:00:00+00:00,2021-12-20T00:00:00+0000,2021-12-21T00:00:00+0000,2021-12-21T00:05:00+0000,2021-12-23T00:05:00+0000,-1,1,-1.17019748638,-1.17019748638,-23.9819738076,0.0885304708824,EUR+TRY,True,False,train
eur_only,eur_only|2021-12-29T00:00:00+00:00,2021-12-29T00:00:00+0000,2021-12-30T00:00:00+0000,2021-12-30T00:05:00+0000,2022-01-01T00:05:00+0000,-1,1,1.69131329623,-1.53237626735,5.62972867682,1.69131329623,EUR,True,False,train
eur_only,eur_only|2021-12-31T00:00:00+00:00,2021-12-31T00:00:00+0000,2022-01-01T00:00:00+0000,2022-01-01T00:05:00+0000,2022-01-03T00:05:00+0000,-1,1,-0.220377965672,-1.70359907472,2.21181434036,-0.220377965672,EUR,True,False,train
eur_only,eur_only|2022-01-03T00:00:00+00:00,2022-01-03T00:00:00+0000,2022-01-04T00:00:00+0000,2022-01-04T00:05:00+0000,2022-01-06T00:05:00+0000,1,-1,1.40320677806,1.40320677806,-1.03936518102,1.53413072466,EUR+BRL,True,False,train
eur_only,eur_only|2022-01-07T00:00:00+00:00,2022-01-07T00:00:00+0000,2022-01-08T00:00:00+0000,2022-01-08T00:05:00+0000,2022-01-10T00:05:00+0000,-1,1,-1.77902601652,-1.95937090299,1.5998306389,-1.77902601652,EUR+BRL,True,False,train
eur_only,eur_only|2022-01-12T00:00:00+00:00,2022-01-12T00:00:00+0000,2022-01-13T00:00:00+0000,2022-01-13T00:05:00+0000,2022-01-15T00:05:00+0000,-1,1,-1.92455207697,-1.92455207697,-3.61420270908,-1.61805989397,EUR+TRY+BRL,True,False,train
eur_only,eur_only|2022-01-14T00:00:00+00:00,2022-01-14T00:00:00+0000,2022-01-15T00:00:00+0000,2022-01-15T00:05:00+0000,2022-01-17T00:05:00+0000,1,-1,-0.438869602771,1.37877815171,-1.0134474001,-0.438869602771,EUR,True,False,train
eur_only,eur_only|2022-01-18T00:00:00+00:00,2022-01-18T00:00:00+0000,2022-01-19T00:00:00+0000,2022-01-19T00:05:00+0000,2022-01-21T00:05:00+0000,1,-1,1.14562664477,1.99489756144,0.416845919543,1.14562664477,EUR+BRL,True,False,train
eur_only,eur_only|2022-01-26T00:00:00+00:00,2022-01-26T00:00:00+0000,2022-01-27T00:00:00+0000,2022-01-27T00:05:00+0000,2022-01-29T00:05:00+0000,1,-1,1.07852063022,1.93922600415,1.07852063022,-0.643609974829,EUR+TRY,True,False,train
eur_only,eur_only|2022-01-31T00:00:00+00:00,2022-01-31T00:00:00+0000,2022-02-01T00:00:00+0000,2022-02-01T00:05:00+0000,2022-02-03T00:05:00+0000,-1,1,-2.92561467648,-2.92561467648,-2.11180292856,-3.34651048505,EUR+TRY+BRL,True,False,train
eur_only,eur_only|2022-02-03T00:00:00+00:00,2022-02-03T00:00:00+0000,2022-02-04T00:00:00+0000,2022-02-04T00:05:00+0000,2022-02-06T00:05:00+0000,-1,1,-0.66177485544,-4.65399594349,-0.66177485544,0.149736229751,EUR,True,False,train
eur_only,eur_only|2022-02-11T00:00:00+00:00,2022-02-11T00:00:00+0000,2022-02-12T00:00:00+0000,2022-02-12T00:05:00+0000,2022-02-14T00:05:00+0000,1,-1,0.45515752474,1.97793050542,-0.270684887895,0.45515752474,EUR,True,False,train
eur_only,eur_only|2022-02-14T00:00:00+00:00,2022-02-14T00:00:00+0000,2022-02-15T00:00:00+0000,2022-02-15T00:05:00+0000,2022-02-17T00:05:00+0000,1,-1,-0.1194278014,1.50508707856,-0.1194278014,-1.99899760428,EUR,True,False,train
eur_only,eur_only|2022-02-15T00:00:00+00:00,2022-02-15T00:00:00+0000,2022-02-16T00:00:00+0000,2022-02-16T00:05:00+0000,2022-02-18T00:05:00+0000,-1,1,-1.84660380843,-1.84660380843,-0.659171430377,-2.49900153519,EUR+BRL,False,True,
eur_only,eur_only|2022-02-18T00:00:00+00:00,2022-02-18T00:00:00+0000,2022-02-19T00:00:00+0000,2022-02-19T00:05:00+0000,2022-02-21T00:05:00+0000,1,-1,0.737975504888,1.38773578258,0.737975504888,-1.3721413816,EUR,True,False,train
eur_only,eur_only|2022-02-24T00:00:00+00:00,2022-02-24T00:00:00+0000,2022-02-25T00:00:00+0000,2022-02-25T00:05:00+0000,2022-02-27T00:05:00+0000,1,-1,3.00547058679,3.00547058679,1.03404227348,3.44717587513,EUR+TRY+BRL,True,False,train
eur_only,eur_only|2022-02-25T00:00:00+00:00,2022-02-25T00:00:00+0000,2022-02-26T00:00:00+0000,2022-02-26T00:05:00+0000,2022-02-28T00:05:00+0000,-1,1,-1.85390273997,-1.85390273997,-2.05696434977,1.17502898101,EUR+TRY,False,True,
eur_only,eur_only|2022-02-27T00:00:00+00:00,2022-02-27T00:00:00+0000,2022-02-28T00:00:00+0000,2022-02-28T00:05:00+0000,2022-03-02T00:05:00+0000,1,-1,1.83079094579,2.75862932419,1.83079094579,0.123231557405,EUR+TRY,True,False,train
eur_only,eur_only|2022-02-28T00:00:00+00:00,2022-02-28T00:00:00+0000,2022-03-01T00:00:00+0000,2022-03-01T00:05:00+0000,2022-03-03T00:05:00+0000,-1,1,-1.71093396784,-1.46406173162,-3.5648217876,-1.71093396784,EUR+TRY+BRL,False,True,
eur_only,eur_only|2022-03-01T00:00:00+00:00,2022-03-01T00:00:00+0000,2022-03-02T00:00:00+0000,2022-03-02T00:05:00+0000,2022-03-04T00:05:00+0000,1,-1,0.969944425767,2.80978682485,0.969944425767,-0.450938087886,EUR,True,False,train
eur_only,eur_only|2022-03-03T00:00:00+00:00,2022-03-03T00:00:00+0000,2022-03-04T00:00:00+0000,2022-03-04T00:05:00+0000,2022-03-06T00:05:00+0000,1,-1,0.800129915627,1.47776034258,0.800129915627,-2.24327795544,EUR,True,False,train
eur_only,eur_only|2022-03-06T00:00:00+00:00,2022-03-06T00:00:00+0000,2022-03-07T00:00:00+0000,2022-03-07T00:05:00+0000,2022-03-09T00:05:00+0000,1,-1,0.533635003814,1.24819492557,0.533635003814,0.00427003223819,EUR,True,False,train
eur_only,eur_only|2022-03-08T00:00:00+00:00,2022-03-08T00:00:00+0000,2022-03-09T00:00:00+0000,2022-03-09T00:05:00+0000,2022-03-11T00:05:00+0000,-1,1,-1.34593349046,-1.55303845854,0.118127266323,-1.34593349046,EUR+BRL,True,False,train
eur_only,eur_only|2022-03-10T00:00:00+00:00,2022-03-10T00:00:00+0000,2022-03-11T00:00:00+0000,2022-03-11T00:05:00+0000,2022-03-13T00:05:00+0000,1,-1,1.6786603075,2.11156052045,1.6786603075,0.190224701612,EUR+TRY,True,False,train
eur_only,eur_only|2022-03-14T00:00:00+00:00,2022-03-14T00:00:00+0000,2022-03-15T00:00:00+0000,2022-03-15T00:05:00+0000,2022-03-17T00:05:00+0000,-1,1,-0.794752555968,-1.52056294278,-0.794752555968,0.196889897832,EUR,True,False,train
eur_only,eur_only|2022-03-16T00:00:00+00:00,2022-03-16T00:00:00+0000,2022-03-17T00:00:00+0000,2022-03-17T00:05:00+0000,2022-03-19T00:05:00+0000,-1,1,-2.16560885507,-2.184791044,-1.24680253327,-2.16560885507,EUR+TRY+BRL,True,False,train
eur_only,eur_only|2022-03-18T00:00:00+00:00,2022-03-18T00:00:00+0000,2022-03-19T00:00:00+0000,2022-03-19T00:05:00+0000,2022-03-21T00:05:00+0000,1,-1,-0.0432752043355,1.52661891588,-0.0432752043355,-0.524341882489,EUR,True,False,train
eur_only,eur_only|2022-03-29T00:00:00+00:00,2022-03-29T00:00:00+0000,2022-03-30T00:00:00+0000,2022-03-30T00:05:00+0000,2022-04-01T00:05:00+0000,-1,1,-1.13591537575,-3.12381705916,-1.13591537575,0.272083348969,EUR+TRY,True,False,train
eur_only,eur_only|2022-03-31T00:00:00+00:00,2022-03-31T00:00:00+0000,2022-04-01T00:00:00+0000,2022-04-01T00:05:00+0000,2022-04-03T00:05:00+0000,1,-1,0.421965431416,2.98745824846,0.421965431416,-1.05246600378,EUR,True,False,train
eur_only,eur_only|2022-04-04T00:00:00+00:00,2022-04-04T00:00:00+0000,2022-04-05T00:00:00+0000,2022-04-05T00:05:00+0000,2022-04-07T00:05:00+0000,1,-1,0.0164325651962,1.97420040963,0.0164325651962,-2.46992000813,EUR,True,False,train
eur_only,eur_only|2022-04-12T00:00:00+00:00,2022-04-12T00:00:00+0000,2022-04-13T00:00:00+0000,2022-04-13T00:05:00+0000,2022-04-15T00:05:00+0000,1,-1,-1.08004297413,1.85209056078,-1.0891408855,-1.08004297413,EUR,True,False,train
eur_only,eur_only|2022-04-13T00:00:00+00:00,2022-04-13T00:00:00+0000,2022-04-14T00:00:00+0000,2022-04-14T00:05:00+0000,2022-04-16T00:05:00+0000,-1,1,-0.314090615105,-2.33805778902,-0.314090615105,0.42771024723,EUR,False,True,
eur_only,eur_only|2022-04-14T00:00:00+00:00,2022-04-14T00:00:00+0000,2022-04-15T00:00:00+0000,2022-04-15T00:05:00+0000,2022-04-17T00:05:00+0000,1,-1,0.305237054153,2.33754628275,0.26279602534,0.305237054153,EUR,True,False,train
eur_only,eur_only|2022-04-18T00:00:00+00:00,2022-04-18T00:00:00+0000,2022-04-19T00:00:00+0000,2022-04-19T00:05:00+0000,2022-04-21T00:05:00+0000,1,-1,-0.515122717236,1.42023800665,-0.515122717236,-2.48396621471,EUR,True,False,train
eur_only,eur_only|2022-04-19T00:00:00+00:00,2022-04-19T00:00:00+0000,2022-04-20T00:00:00+0000,2022-04-20T00:05:00+0000,2022-04-22T00:05:00+0000,-1,1,-0.415030450624,-1.08934760801,-0.415030450624,0.416216039135,EUR,False,True,
eur_only,eur_only|2022-04-22T00:00:00+00:00,2022-04-22T00:00:00+0000,2022-04-23T00:00:00+0000,2022-04-23T00:05:00+0000,2022-04-25T00:05:00+0000,1,-1,1.14765295692,1.14765295692,0.130308969964,6.09850471893,EUR+BRL,True,False,train
eur_only,eur_only|2022-04-25T00:00:00+00:00,2022-04-25T00:00:00+0000,2022-04-26T00:00:00+0000,2022-04-26T00:05:00+0000,2022-04-28T00:05:00+0000,1,-1,2.16454665734,2.75274301234,-0.292008662966,2.16454665734,EUR+BRL,True,False,train
eur_only,eur_only|2022-04-29T00:00:00+00:00,2022-04-29T00:00:00+0000,2022-04-30T00:00:00+0000,2022-04-30T00:05:00+0000,2022-05-02T00:05:00+0000,-1,1,0.805163766027,-1.33279092064,1.06418529756,0.805163766027,EUR,True,False,train
eur_only,eur_only|2022-05-01T00:00:00+00:00,2022-05-01T00:00:00+0000,2022-05-02T00:00:00+0000,2022-05-02T00:05:00+0000,2022-05-04T00:05:00+0000,-1,1,-0.617638421596,-1.0748945655,-0.304229202148,-0.617638421596,EUR,True,False,train
eur_only,eur_only|2022-05-04T00:00:00+00:00,2022-05-04T00:00:00+0000,2022-05-05T00:00:00+0000,2022-05-05T00:05:00+0000,2022-05-07T00:05:00+0000,-1,1,-2.17917195384,-3.53999519996,-2.06334889871,-2.17917195384,EUR+TRY+BRL,True,False,train
eur_only,eur_only|2022-05-05T00:00:00+00:00,2022-05-05T00:00:00+0000,2022-05-06T00:00:00+0000,2022-05-06T00:05:00+0000,2022-05-08T00:05:00+0000,1,-1,2.66020470739,2.66020470739,1.53267972724,4.36005514758,EUR+TRY+BRL,False,True,
eur_only,eur_only|2022-05-09T00:00:00+00:00,2022-05-09T00:00:00+0000,2022-05-10T00:00:00+0000,2022-05-10T00:05:00+0000,2022-05-12T00:05:00+0000,-1,1,1.86956105101,-1.3912847755,1.86956105101,2.89543185446,EUR,True,False,train
eur_only,eur_only|2022-05-10T00:00:00+00:00,2022-05-10T00:00:00+0000,2022-05-11T00:00:00+0000,2022-05-11T00:05:00+0000,2022-05-13T00:05:00+0000,1,-1,0.843727435335,1.52846691342,0.843727435335,-1.20272988266,EUR,False,True,
eur_only,eur_only|2022-05-11T00:00:00+00:00,2022-05-11T00:00:00+0000,2022-05-12T00:00:00+0000,2022-05-12T00:05:00+0000,2022-05-14T00:05:00+0000,-1,1,-0.158435326955,-1.49975220753,1.07983336435,-0.158435326955,EUR,True,False,train
eur_only,eur_only|2022-05-12T00:00:00+00:00,2022-05-12T00:00:00+0000,2022-05-13T00:00:00+0000,2022-05-13T00:05:00+0000,2022-05-15T00:05:00+0000,1,-1,-0.0784592602259,4.66687331844,-0.0784592602259,-0.148086632194,EUR,False,True,
eur_only,eur_only|2022-05-16T00:00:00+00:00,2022-05-16T00:00:00+0000,2022-05-17T00:00:00+0000,2022-05-17T00:05:00+0000,2022-05-19T00:05:00+0000,-1,1,-0.508782913257,-1.46331874441,0.111492866946,-0.508782913257,EUR,True,False,train
eur_only,eur_only|2022-05-18T00:00:00+00:00,2022-05-18T00:00:00+0000,2022-05-19T00:00:00+0000,2022-05-19T00:05:00+0000,2022-05-21T00:05:00+0000,1,-1,2.27135388691,2.35628767933,2.27135388691,1.42199490449,EUR+TRY+BRL,True,False,train
eur_only,eur_only|2022-05-19T00:00:00+00:00,2022-05-19T00:00:00+0000,2022-05-20T00:00:00+0000,2022-05-20T00:05:00+0000,2022-05-22T00:05:00+0000,-1,1,-1.84072280913,-3.5171356714,-1.76939163588,-1.84072280913,EUR+TRY+BRL,False,True,
eur_only,eur_only|2022-05-23T00:00:00+00:00,2022-05-23T00:00:00+0000,2022-05-24T00:00:00+0000,2022-05-24T00:05:00+0000,2022-05-26T00:05:00+0000,-1,1,-1.88519089278,-3.41290671815,0.750193541039,-1.88519089278,EUR+BRL,True,False,train
eur_only,eur_only|2022-05-25T00:00:00+00:00,2022-05-25T00:00:00+0000,2022-05-26T00:00:00+0000,2022-05-26T00:05:00+0000,2022-05-28T00:05:00+0000,1,-1,1.23644121503,1.31456238536,1.23644121503,0.171550456153,EUR+TRY,True,False,train
eur_only,eur_only|2022-05-26T00:00:00+00:00,2022-05-26T00:00:00+0000,2022-05-27T00:00:00+0000,2022-05-27T00:05:00+0000,2022-05-29T00:05:00+0000,-1,1,-1.17765589442,-1.37704053646,0.627260111534,-1.17765589442,EUR+BRL,False,True,
eur_only,eur_only|2022-05-30T00:00:00+00:00,2022-05-30T00:00:00+0000,2022-05-31T00:00:00+0000,2022-05-31T00:05:00+0000,2022-06-02T00:05:00+0000,-1,1,-0.612784187351,-1.21876724628,-0.612784187351,0.730512699491,EUR,True,False,train
eur_only,eur_only|2022-06-01T00:00:00+00:00,2022-06-01T00:00:00+0000,2022-06-02T00:00:00+0000,2022-06-02T00:05:00+0000,2022-06-04T00:05:00+0000,1,-1,2.35815299544,2.35815299544,0.824160943294,2.84749828016,EUR+BRL,True,False,train
eur_only,eur_only|2022-06-02T00:00:00+00:00,2022-06-02T00:00:00+0000,2022-06-03T00:00:00+0000,2022-06-03T00:05:00+0000,2022-06-05T00:05:00+0000,-1,1,-1.16802104385,-2.66409189275,0.00963397574333,-1.16802104385,EUR+BRL,False,True,
eur_only,eur_only|2022-06-09T00:00:00+00:00,2022-06-09T00:00:00+0000,2022-06-10T00:00:00+0000,2022-06-10T00:05:00+0000,2022-06-12T00:05:00+0000,1,-1,0.342254245351,2.68328729348,-0.491811692489,0.342254245351,EUR,True,False,train
eur_only,eur_only|2022-06-13T00:00:00+00:00,2022-06-13T00:00:00+0000,2022-06-14T00:00:00+0000,2022-06-14T00:05:00+0000,2022-06-16T00:05:00+0000,1,-1,2.65462250953,2.65462250953,0.051534002715,3.70785302652,EUR+BRL,True,False,train
eur_only,eur_only|2022-06-14T00:00:00+00:00,2022-06-14T00:00:00+0000,2022-06-15T00:00:00+0000,2022-06-15T00:05:00+0000,2022-06-17T00:05:00+0000,-1,1,-0.657554846768,-1.40938140797,-0.657554846768,0.0861786375201,EUR,False,True,
eur_only,eur_only|2022-06-16T00:00:00+00:00,2022-06-16T00:00:00+0000,2022-06-17T00:00:00+0000,2022-06-17T00:05:00+0000,2022-06-19T00:05:00+0000,-1,1,0.827069187056,-2.26081994952,0.827069187056,1.35205152368,EUR,True,False,train
eur_only,eur_only|2022-06-17T00:00:00+00:00,2022-06-17T00:00:00+0000,2022-06-18T00:00:00+0000,2022-06-18T00:05:00+0000,2022-06-20T00:05:00+0000,1,-1,1.29946800646,1.32609952839,-0.269709162346,1.29946800646,EUR+BRL,False,True,
eur_only,eur_only|2022-06-20T00:00:00+00:00,2022-06-20T00:00:00+0000,2022-06-21T00:00:00+0000,2022-06-21T00:05:00+0000,2022-06-23T00:05:00+0000,-1,1,-0.48276294273,-1.63928510318,-0.48276294273,0.0467869357751,EUR,True,False,train
eur_only,eur_only|2022-06-22T00:00:00+00:00,2022-06-22T00:00:00+0000,2022-06-23T00:00:00+0000,2022-06-23T00:05:00+0000,2022-06-25T00:05:00+0000,-1,1,0.00547373216331,-1.05445625429,0.00547373216331,1.75450147941,EUR,True,False,train
eur_only,eur_only|2022-06-23T00:00:00+00:00,2022-06-23T00:00:00+0000,2022-06-24T00:00:00+0000,2022-06-24T00:05:00+0000,2022-06-26T00:05:00+0000,1,-1,0.946452690847,1.21374636492,-1.19699565313,0.946452690847,EUR,False,True,
eur_only,eur_only|2022-06-28T00:00:00+00:00,2022-06-28T00:00:00+0000,2022-06-29T00:00:00+0000,2022-06-29T00:05:00+0000,2022-07-01T00:05:00+0000,1,-1,1.25303758644,1.75811583794,0.178994778747,1.25303758644,EUR+BRL,True,False,train
eur_only,eur_only|2022-07-05T00:00:00+00:00,2022-07-05T00:00:00+0000,2022-07-06T00:00:00+0000,2022-07-06T00:05:00+0000,2022-07-08T00:05:00+0000,1,-1,1.61972745867,4.70572050805,1.44119894764,1.61972745867,EUR+TRY+BRL,True,False,train
eur_only,eur_only|2022-07-11T00:00:00+00:00,2022-07-11T00:00:00+0000,2022-07-12T00:00:00+0000,2022-07-12T00:05:00+0000,2022-07-14T00:05:00+0000,1,-1,2.87487938549,3.42678213388,0.796463359068,2.87487938549,EUR+BRL,True,False,train
eur_only,eur_only|2022-07-15T00:00:00+00:00,2022-07-15T00:00:00+0000,2022-07-16T00:00:00+0000,2022-07-16T00:05:00+0000,2022-07-18T00:05:00+0000,-1,1,-0.833982119201,-1.43741307766,-0.833982119201,-0.329318722755,EUR,True,False,train
eur_only,eur_only|2022-07-18T00:00:00+00:00,2022-07-18T00:00:00+0000,2022-07-19T00:00:00+0000,2022-07-19T00:05:00+0000,2022-07-21T00:05:00+0000,-1,1,0.0438174395264,-1.29475814047,0.0438174395264,0.344240336766,EUR,True,False,train
eur_only,eur_only|2022-07-20T00:00:00+00:00,2022-07-20T00:00:00+0000,2022-07-21T00:00:00+0000,2022-07-21T00:05:00+0000,2022-07-23T00:05:00+0000,1,-1,1.41654819741,1.41654819741,1.44726444551,1.4024562576,EUR+TRY+BRL,True,False,train
eur_only,eur_only|2022-07-21T00:00:00+00:00,2022-07-21T00:00:00+0000,2022-07-22T00:00:00+0000,2022-07-22T00:05:00+0000,2022-07-24T00:05:00+0000,-1,1,0.523662293727,-1.13452176316,0.535558668875,0.523662293727,EUR,False,True,
eur_only,eur_only|2022-07-26T00:00:00+00:00,2022-07-26T00:00:00+0000,2022-07-27T00:00:00+0000,2022-07-27T00:05:00+0000,2022-07-29T00:05:00+0000,1,-1,-0.401253963451,2.53202521953,-0.652063817829,-0.401253963451,EUR,True,False,train
eur_only,eur_only|2022-07-27T00:00:00+00:00,2022-07-27T00:00:00+0000,2022-07-28T00:00:00+0000,2022-07-28T00:05:00+0000,2022-07-30T00:05:00+0000,-1,1,-2.28906483995,-2.28906483995,-1.02880706066,-3.36074868502,EUR+TRY+BRL,False,True,
eur_only,eur_only|2022-08-01T00:00:00+00:00,2022-08-01T00:00:00+0000,2022-08-02T00:00:00+0000,2022-08-02T00:05:00+0000,2022-08-04T00:05:00+0000,-1,1,-0.607643360854,-1.73403397683,-0.428622678549,-0.607643360854,EUR,True,False,train
eur_only,eur_only|2022-08-02T00:00:00+00:00,2022-08-02T00:00:00+0000,2022-08-03T00:00:00+0000,2022-08-03T00:05:00+0000,2022-08-05T00:05:00+0000,1,-1,2.61820756837,2.62267046478,0.231430010267,2.61820756837,EUR+BRL,False,True,
eur_only,eur_only|2022-08-04T00:00:00+00:00,2022-08-04T00:00:00+0000,2022-08-05T00:00:00+0000,2022-08-05T00:05:00+0000,2022-08-07T00:05:00+0000,-1,1,-2.030148619,-2.17116756526,-0.223952172222,-2.030148619,EUR+BRL,True,False,train
eur_only,eur_only|2022-08-05T00:00:00+00:00,2022-08-05T00:00:00+0000,2022-08-06T00:00:00+0000,2022-08-06T00:05:00+0000,2022-08-08T00:05:00+0000,1,-1,-1.49998125065,1.14417791541,-1.49998125065,-1.71447060505,EUR,False,True,
eur_only,eur_only|2022-08-10T00:00:00+00:00,2022-08-10T00:00:00+0000,2022-08-11T00:00:00+0000,2022-08-11T00:05:00+0000,2022-08-13T00:05:00+0000,-1,1,-1.55599915534,-2.41421386048,-1.55599915534,-1.25121925405,EUR+TRY+BRL,True,False,train
eur_only,eur_only|2022-08-15T00:00:00+00:00,2022-08-15T00:00:00+0000,2022-08-16T00:00:00+0000,2022-08-16T00:05:00+0000,2022-08-18T00:05:00+0000,1,-1,0.128980791963,2.13143701603,0.0939888156436,0.128980791963,EUR,True,False,train
eur_only,eur_only|2022-08-18T00:00:00+00:00,2022-08-18T00:00:00+0000,2022-08-19T00:00:00+0000,2022-08-19T00:05:00+0000,2022-08-21T00:05:00+0000,1,-1,0.972311224252,2.26141971709,0.972311224252,0.461610125331,EUR,True,False,train
eur_only,eur_only|2022-08-22T00:00:00+00:00,2022-08-22T00:00:00+0000,2022-08-23T00:00:00+0000,2022-08-23T00:05:00+0000,2022-08-25T00:05:00+0000,1,-1,-1.02133784988,1.87837600737,-1.18511859472,-1.02133784988,EUR,True,False,train
eur_only,eur_only|2022-08-29T00:00:00+00:00,2022-08-29T00:00:00+0000,2022-08-30T00:00:00+0000,2022-08-30T00:05:00+0000,2022-09-01T00:05:00+0000,-1,1,-1.91782454151,-2.22476548753,-1.08196707613,-1.91782454151,EUR+TRY+BRL,True,False,train
eur_only,eur_only|2022-09-01T00:00:00+00:00,2022-09-01T00:00:00+0000,2022-09-02T00:00:00+0000,2022-09-02T00:05:00+0000,2022-09-04T00:05:00+0000,1,-1,1.95377954314,2.03576626802,-0.794581576818,1.95377954314,EUR+BRL,True,False,train
eur_only,eur_only|2022-09-06T00:00:00+00:00,2022-09-06T00:00:00+0000,2022-09-07T00:00:00+0000,2022-09-07T00:05:00+0000,2022-09-09T00:05:00+0000,1,-1,1.61143933678,1.61143933678,0.532969166448,2.44714341497,EUR+BRL,True,False,train
eur_only,eur_only|2022-09-07T00:00:00+00:00,2022-09-07T00:00:00+0000,2022-09-08T00:00:00+0000,2022-09-08T00:05:00+0000,2022-09-10T00:05:00+0000,-1,1,-0.809459594874,-2.97075032401,-0.809459594874,-0.352033149463,EUR,False,True,
eur_only,eur_only|2022-09-09T00:00:00+00:00,2022-09-09T00:00:00+0000,2022-09-10T00:00:00+0000,2022-09-10T00:05:00+0000,2022-09-12T00:05:00+0000,-1,1,-1.51481200517,-1.51481200517,-0.248644971678,-1.80854324958,EUR+BRL,True,False,train
eur_only,eur_only|2022-09-12T00:00:00+00:00,2022-09-12T00:00:00+0000,2022-09-13T00:00:00+0000,2022-09-13T00:05:00+0000,2022-09-15T00:05:00+0000,-1,1,-1.36952382926,-1.36952382926,0.275169822423,-1.94145675611,EUR+BRL,True,False,train
eur_only,eur_only|2022-09-13T00:00:00+00:00,2022-09-13T00:00:00+0000,2022-09-14T00:00:00+0000,2022-09-14T00:05:00+0000,2022-09-16T00:05:00+0000,1,-1,3.29719057548,4.44142396914,0.251480902737,3.29719057548,EUR+BRL,False,True,
eur_only,eur_only|2022-09-20T00:00:00+00:00,2022-09-20T00:00:00+0000,2022-09-21T00:00:00+0000,2022-09-21T00:05:00+0000,2022-09-23T00:05:00+0000,1,-1,0.0987258109099,1.53108319624,0.0987258109099,-1.09912141286,EUR,True,False,train
eur_only,eur_only|2022-09-23T00:00:00+00:00,2022-09-23T00:00:00+0000,2022-09-24T00:00:00+0000,2022-09-24T00:05:00+0000,2022-09-26T00:05:00+0000,1,-1,2.59353761915,3.90041714894,-0.2347760222,2.59353761915,EUR+BRL,True,False,train
eur_only,eur_only|2022-09-26T00:00:00+00:00,2022-09-26T00:00:00+0000,2022-09-27T00:00:00+0000,2022-09-27T00:05:00+0000,2022-09-29T00:05:00+0000,1,-1,1.70979047407,1.70979047407,-0.813351644855,2.84397944806,EUR+BRL,True,False,train
eur_only,eur_only|2022-09-28T00:00:00+00:00,2022-09-28T00:00:00+0000,2022-09-29T00:00:00+0000,2022-09-29T00:05:00+0000,2022-10-01T00:05:00+0000,-1,1,-0.0256460019487,-3.30168925716,-0.0256460019487,0.153035865529,EUR,True,False,train
eur_only,eur_only|2022-10-03T00:00:00+00:00,2022-10-03T00:00:00+0000,2022-10-04T00:00:00+0000,2022-10-04T00:05:00+0000,2022-10-06T00:05:00+0000,-1,1,-1.35044610857,-1.35044610857,-0.737863079103,-6.67464706165,EUR+BRL,True,False,train
eur_only,eur_only|2022-10-05T00:00:00+00:00,2022-10-05T00:00:00+0000,2022-10-06T00:00:00+0000,2022-10-06T00:05:00+0000,2022-10-08T00:05:00+0000,1,-1,0.496668398239,1.75743329688,0.157415077551,0.496668398239,EUR,True,False,train
eur_only,eur_only|2022-10-13T00:00:00+00:00,2022-10-13T00:00:00+0000,2022-10-14T00:00:00+0000,2022-10-14T00:05:00+0000,2022-10-16T00:05:00+0000,-1,1,-0.728995133625,-1.3673776092,0.124887845414,-0.728995133625,EUR,True,False,train
eur_only,eur_only|2022-10-14T00:00:00+00:00,2022-10-14T00:00:00+0000,2022-10-15T00:00:00+0000,2022-10-15T00:05:00+0000,2022-10-17T00:05:00+0000,1,-1,1.0519974477,1.0519974477,-0.00533135798414,1.94270141564,EUR+BRL,False,True,
eur_only,eur_only|2022-10-17T00:00:00+00:00,2022-10-17T00:00:00+0000,2022-10-18T00:00:00+0000,2022-10-18T00:05:00+0000,2022-10-20T00:05:00+0000,-1,1,-0.985591520684,-2.48044465656,-0.985591520684,-0.788672318757,EUR,True,False,train
eur_only,eur_only|2022-10-19T00:00:00+00:00,2022-10-19T00:00:00+0000,2022-10-20T00:00:00+0000,2022-10-20T00:05:00+0000,2022-10-22T00:05:00+0000,1,-1,1.135517463,2.34903928816,0.231345190951,1.135517463,EUR+BRL,True,False,train
eur_only,eur_only|2022-10-21T00:00:00+00:00,2022-10-21T00:00:00+0000,2022-10-22T00:00:00+0000,2022-10-22T00:05:00+0000,2022-10-24T00:05:00+0000,-1,1,-1.94595439933,-2.1109377565,-0.271483739756,-1.94595439933,EUR+BRL,True,False,train
eur_only,eur_only|2022-10-25T00:00:00+00:00,2022-10-25T00:00:00+0000,2022-10-26T00:00:00+0000,2022-10-26T00:05:00+0000,2022-10-28T00:05:00+0000,-1,1,-1.42532028525,-2.13040829896,-1.42532028525,-0.381301584884,EUR+TRY,True,False,train
eur_only,eur_only|2022-10-27T00:00:00+00:00,2022-10-27T00:00:00+0000,2022-10-28T00:00:00+0000,2022-10-28T00:05:00+0000,2022-10-30T00:05:00+0000,1,-1,0.512882801873,3.43344638838,0.512882801873,-0.769902636352,EUR,True,False,train
eur_only,eur_only|2022-10-31T00:00:00+00:00,2022-10-31T00:00:00+0000,2022-11-01T00:00:00+0000,2022-11-01T00:05:00+0000,2022-11-03T00:05:00+0000,1,-1,0.673449013357,1.7879408074,0.673449013357,-4.4490837024,EUR,True,False,train
eur_only,eur_only|2022-11-02T00:00:00+00:00,2022-11-02T00:00:00+0000,2022-11-03T00:00:00+0000,2022-11-03T00:05:00+0000,2022-11-05T00:05:00+0000,1,-1,0.954906212357,1.64607739195,0.954906212357,0.223989491512,EUR,True,False,train
eur_only,eur_only|2022-11-04T00:00:00+00:00,2022-11-04T00:00:00+0000,2022-11-05T00:00:00+0000,2022-11-05T00:05:00+0000,2022-11-07T00:05:00+0000,-1,1,-2.54840814952,-5.51445798257,-2.44886015762,-2.54840814952,EUR+TRY+BRL,True,False,train
eur_only,eur_only|2022-11-06T00:00:00+00:00,2022-11-06T00:00:00+0000,2022-11-07T00:00:00+0000,2022-11-07T00:05:00+0000,2022-11-09T00:05:00+0000,1,-1,1.00514461692,1.00514461692,1.69293467175,0.736858823382,EUR+TRY,True,False,train
eur_only,eur_only|2022-11-07T00:00:00+00:00,2022-11-07T00:00:00+0000,2022-11-08T00:00:00+0000,2022-11-08T00:05:00+0000,2022-11-10T00:05:00+0000,-1,1,-1.32383752649,-2.7407963763,-1.32383752649,2.507777659,EUR+TRY,False,True,
eur_only,eur_only|2022-11-09T00:00:00+00:00,2022-11-09T00:00:00+0000,2022-11-10T00:00:00+0000,2022-11-10T00:05:00+0000,2022-11-12T00:05:00+0000,1,-1,2.09847616283,1.51715804874,3.85313932103,2.09847616283,EUR+TRY+BRL,True,False,train
eur_only,eur_only|2022-11-10T00:00:00+00:00,2022-11-10T00:00:00+0000,2022-11-11T00:00:00+0000,2022-11-11T00:05:00+0000,2022-11-13T00:05:00+0000,-1,1,-4.53953198024,-4.99409632056,-4.53953198024,2.39892166065,EUR+TRY,False,True,
eur_only,eur_only|2022-11-15T00:00:00+00:00,2022-11-15T00:00:00+0000,2022-11-16T00:00:00+0000,2022-11-16T00:05:00+0000,2022-11-18T00:05:00+0000,-1,1,-1.02200622895,-1.02200622895,-1.68324933683,-0.548267240959,EUR+TRY,True,False,train
eur_only,eur_only|2022-11-21T00:00:00+00:00,2022-11-21T00:00:00+0000,2022-11-22T00:00:00+0000,2022-11-22T00:05:00+0000,2022-11-24T00:05:00+0000,1,-1,-1.96637447744,1.92033667223,-1.96637447744,-2.36334891442,EUR,True,False,train
eur_only,eur_only|2022-11-22T00:00:00+00:00,2022-11-22T00:00:00+0000,2022-11-23T00:00:00+0000,2022-11-23T00:05:00+0000,2022-11-25T00:05:00+0000,-1,1,-0.824582735612,-1.33114444253,-0.824582735612,1.15666339639,EUR,False,True,
eur_only,eur_only|2022-11-30T00:00:00+00:00,2022-11-30T00:00:00+0000,2022-12-01T00:00:00+0000,2022-12-01T00:05:00+0000,2022-12-03T00:05:00+0000,-1,1,-2.5736274877,-2.5736274877,-1.15453072602,-2.62239920028,EUR+TRY+BRL,True,False,train
eur_only,eur_only|2022-12-07T00:00:00+00:00,2022-12-07T00:00:00+0000,2022-12-08T00:00:00+0000,2022-12-08T00:05:00+0000,2022-12-10T00:05:00+0000,-1,1,-0.455268469226,-1.05655332841,0.359243323364,-0.455268469226,EUR,True,False,train
eur_only,eur_only|2022-12-13T00:00:00+00:00,2022-12-13T00:00:00+0000,2022-12-14T00:00:00+0000,2022-12-14T00:05:00+0000,2022-12-16T00:05:00+0000,-1,1,-0.636943059014,-2.16413490058,-0.636943059014,-0.307964089224,EUR,True,False,train
eur_only,eur_only|2022-12-16T00:00:00+00:00,2022-12-16T00:00:00+0000,2022-12-17T00:00:00+0000,2022-12-17T00:05:00+0000,2022-12-19T00:05:00+0000,1,-1,1.47467952345,1.47467952345,2.22017783883,0.469661357647,EUR+TRY,True,False,train
eur_only,eur_only|2022-12-26T00:00:00+00:00,2022-12-26T00:00:00+0000,2022-12-27T00:00:00+0000,2022-12-27T00:05:00+0000,2022-12-29T00:05:00+0000,-1,1,-0.573515132258,-1.34305862899,-0.573515132258,1.58038159612,EUR,True,False,train
eur_only,eur_only|2022-12-30T00:00:00+00:00,2022-12-30T00:00:00+0000,2022-12-31T00:00:00+0000,2022-12-31T00:05:00+0000,2023-01-02T00:05:00+0000,-1,1,0.998247820298,-1.18949341253,1.61058805305,0.998247820298,EUR,True,False,
eur_only,eur_only|2023-01-02T00:00:00+00:00,2023-01-02T00:00:00+0000,2023-01-03T00:00:00+0000,2023-01-03T00:05:00+0000,2023-01-05T00:05:00+0000,1,-1,0.342364726201,1.18194306646,0.0869647061227,0.342364726201,EUR,True,False,selection
eur_only,eur_only|2023-01-04T00:00:00+00:00,2023-01-04T00:00:00+0000,2023-01-05T00:00:00+0000,2023-01-05T00:05:00+0000,2023-01-07T00:05:00+0000,-1,1,-0.357663895889,-1.31506773301,-0.357663895889,0.183557148206,EUR,True,False,selection
eur_only,eur_only|2023-01-05T00:00:00+00:00,2023-01-05T00:00:00+0000,2023-01-06T00:00:00+0000,2023-01-06T00:05:00+0000,2023-01-08T00:05:00+0000,1,-1,-0.179085356374,2.07482474501,-0.179085356374,-1.453480035,EUR,False,True,
eur_only,eur_only|2023-01-06T00:00:00+00:00,2023-01-06T00:00:00+0000,2023-01-07T00:00:00+0000,2023-01-07T00:05:00+0000,2023-01-09T00:05:00+0000,-1,1,-2.98424321312,-2.98424321312,1.26749177474,-3.53508263225,EUR+BRL,True,False,selection
eur_only,eur_only|2023-01-09T00:00:00+00:00,2023-01-09T00:00:00+0000,2023-01-10T00:00:00+0000,2023-01-10T00:05:00+0000,2023-01-12T00:05:00+0000,-1,1,-1.22652650966,-1.53657210852,-0.128137699439,-1.22652650966,EUR+BRL,True,False,selection
eur_only,eur_only|2023-01-12T00:00:00+00:00,2023-01-12T00:00:00+0000,2023-01-13T00:00:00+0000,2023-01-13T00:05:00+0000,2023-01-15T00:05:00+0000,-1,1,-1.3461613064,-2.10122437299,-0.446125242373,-1.3461613064,EUR+BRL,True,False,selection
eur_only,eur_only|2023-01-17T00:00:00+00:00,2023-01-17T00:00:00+0000,2023-01-18T00:00:00+0000,2023-01-18T00:05:00+0000,2023-01-20T00:05:00+0000,1,-1,0.310824125836,1.08785496783,0.310824125836,-0.721191156925,EUR,True,False,selection
eur_only,eur_only|2023-02-01T00:00:00+00:00,2023-02-01T00:00:00+0000,2023-02-02T00:00:00+0000,2023-02-02T00:05:00+0000,2023-02-04T00:05:00+0000,-1,1,-1.35201906127,-3.66585600827,-1.35201906127,-0.819443346404,EUR+TRY,True,False,selection
eur_only,eur_only|2023-02-02T00:00:00+00:00,2023-02-02T00:00:00+0000,2023-02-03T00:00:00+0000,2023-02-03T00:05:00+0000,2023-02-05T00:05:00+0000,1,-1,0.331494516098,2.68131114406,0.331494516098,-0.0772145151473,EUR,False,True,
eur_only,eur_only|2023-02-06T00:00:00+00:00,2023-02-06T00:00:00+0000,2023-02-07T00:00:00+0000,2023-02-07T00:05:00+0000,2023-02-09T00:05:00+0000,1,-1,0.00808606666331,1.36270896304,0.00808606666331,-0.400960239024,EUR,True,False,selection
eur_only,eur_only|2023-02-10T00:00:00+00:00,2023-02-10T00:00:00+0000,2023-02-11T00:00:00+0000,2023-02-11T00:05:00+0000,2023-02-13T00:05:00+0000,1,-1,1.57357089978,1.57357089978,1.66730566208,-1.78217444885,EUR+TRY,True,False,selection
eur_only,eur_only|2023-02-13T00:00:00+00:00,2023-02-13T00:00:00+0000,2023-02-14T00:00:00+0000,2023-02-14T00:05:00+0000,2023-02-16T00:05:00+0000,-1,1,-1.16356522346,-1.16356522346,-0.141114234939,-2.38852319919,EUR+BRL,True,False,selection
eur_only,eur_only|2023-02-22T00:00:00+00:00,2023-02-22T00:00:00+0000,2023-02-23T00:00:00+0000,2023-02-23T00:05:00+0000,2023-02-25T00:05:00+0000,1,-1,0.2259899992,1.08949631113,0.2259899992,-0.924995533954,EUR,True,False,selection
eur_only,eur_only|2023-02-24T00:00:00+00:00,2023-02-24T00:00:00+0000,2023-02-25T00:00:00+0000,2023-02-25T00:05:00+0000,2023-02-27T00:05:00+0000,1,-1,1.63573814269,1.55415161957,1.63573814269,2.04528236584,EUR+TRY+BRL,True,False,selection
eur_only,eur_only|2023-02-28T00:00:00+00:00,2023-02-28T00:00:00+0000,2023-03-01T00:00:00+0000,2023-03-01T00:05:00+0000,2023-03-03T00:05:00+0000,1,-1,0.57388118033,2.11052311908,-1.07557273074,0.57388118033,EUR,True,False,selection
eur_only,eur_only|2023-03-01T00:00:00+00:00,2023-03-01T00:00:00+0000,2023-03-02T00:00:00+0000,2023-03-02T00:05:00+0000,2023-03-04T00:05:00+0000,-1,1,-0.892457863197,-3.22952123096,-0.892457863197,-0.745518108478,EUR,False,True,
eur_only,eur_only|2023-03-02T00:00:00+00:00,2023-03-02T00:00:00+0000,2023-03-03T00:00:00+0000,2023-03-03T00:05:00+0000,2023-03-05T00:05:00+0000,1,-1,0.305135997261,1.15914429259,0.0340889188036,0.305135997261,EUR,True,False,selection
eur_only,eur_only|2023-03-06T00:00:00+00:00,2023-03-06T00:00:00+0000,2023-03-07T00:00:00+0000,2023-03-07T00:05:00+0000,2023-03-09T00:05:00+0000,-1,1,-1.57164222765,-2.17135865821,-1.53466172996,-1.57164222765,EUR+TRY+BRL,True,False,selection
eur_only,eur_only|2023-03-07T00:00:00+00:00,2023-03-07T00:00:00+0000,2023-03-08T00:00:00+0000,2023-03-08T00:05:00+0000,2023-03-10T00:05:00+0000,1,-1,1.31113319449,3.05575970806,-0.161149611085,1.31113319449,EUR+BRL,False,True,
eur_only,eur_only|2023-03-10T00:00:00+00:00,2023-03-10T00:00:00+0000,2023-03-11T00:00:00+0000,2023-03-11T00:05:00+0000,2023-03-13T00:05:00+0000,-1,1,1.30165128814,-2.21964270006,1.30165128814,1.66036835007,EUR,True,False,selection
eur_only,eur_only|2023-03-12T00:00:00+00:00,2023-03-12T00:00:00+0000,2023-03-13T00:00:00+0000,2023-03-13T00:05:00+0000,2023-03-15T00:05:00+0000,1,-1,1.82790692365,2.15367109553,-3.28120412366,1.82790692365,EUR+BRL,True,False,selection
eur_only,eur_only|2023-03-13T00:00:00+00:00,2023-03-13T00:00:00+0000,2023-03-14T00:00:00+0000,2023-03-14T00:05:00+0000,2023-03-16T00:05:00+0000,-1,1,-0.830245533003,-3.00685383824,-0.830245533003,1.88893316375,EUR,False,True,
eur_only,eur_only|2023-03-15T00:00:00+00:00,2023-03-15T00:00:00+0000,2023-03-16T00:00:00+0000,2023-03-16T00:05:00+0000,2023-03-18T00:05:00+0000,1,-1,1.43105821419,4.35518919898,1.43105821419,0.721058804999,EUR+TRY,True,False,selection
eur_only,eur_only|2023-03-17T00:00:00+00:00,2023-03-17T00:00:00+0000,2023-03-18T00:00:00+0000,2023-03-18T00:05:00+0000,2023-03-20T00:05:00+0000,-1,1,-0.968089584388,-1.32309108848,-0.968089584388,1.07327438276,EUR,True,False,selection
eur_only,eur_only|2023-03-20T00:00:00+00:00,2023-03-20T00:00:00+0000,2023-03-21T00:00:00+0000,2023-03-21T00:05:00+0000,2023-03-23T00:05:00+0000,-1,1,-0.0681704946385,-1.34407122345,1.03101501724,-0.0681704946385,EUR,True,False,selection
eur_only,eur_only|2023-03-24T00:00:00+00:00,2023-03-24T00:00:00+0000,2023-03-25T00:00:00+0000,2023-03-25T00:05:00+0000,2023-03-27T00:05:00+0000,1,-1,2.50358962024,2.50358962024,2.73219913808,-0.320032802437,EUR+TRY,True,False,selection
eur_only,eur_only|2023-03-26T00:00:00+00:00,2023-03-26T00:00:00+0000,2023-03-27T00:00:00+0000,2023-03-27T00:05:00+0000,2023-03-29T00:05:00+0000,-1,1,-1.07678064695,-1.14752114384,-1.07678064695,-0.37048304556,EUR+TRY,True,False,selection
eur_only,eur_only|2023-03-28T00:00:00+00:00,2023-03-28T00:00:00+0000,2023-03-29T00:00:00+0000,2023-03-29T00:05:00+0000,2023-03-31T00:05:00+0000,-1,1,-1.88815330363,-1.88815330363,-1.17149548744,-1.9683088834,EUR+TRY+BRL,True,False,selection
eur_only,eur_only|2023-03-31T00:00:00+00:00,2023-03-31T00:00:00+0000,2023-04-01T00:00:00+0000,2023-04-01T00:05:00+0000,2023-04-03T00:05:00+0000,1,-1,0.0412356903245,1.2677557556,0.0412356903245,-1.34929690068,EUR,True,False,selection
eur_only,eur_only|2023-04-02T00:00:00+00:00,2023-04-02T00:00:00+0000,2023-04-03T00:00:00+0000,2023-04-03T00:05:00+0000,2023-04-05T00:05:00+0000,1,-1,1.19197127871,1.24851981412,1.19197127871,0.514498072344,EUR+TRY,True,False,selection
eur_only,eur_only|2023-04-03T00:00:00+00:00,2023-04-03T00:00:00+0000,2023-04-04T00:00:00+0000,2023-04-04T00:05:00+0000,2023-04-06T00:05:00+0000,-1,1,-0.843750794687,-1.60315386921,-0.475560596239,-0.843750794687,EUR,False,True,
eur_only,eur_only|2023-04-05T00:00:00+00:00,2023-04-05T00:00:00+0000,2023-04-06T00:00:00+0000,2023-04-06T00:05:00+0000,2023-04-08T00:05:00+0000,1,-1,0.780509210038,1.23439051542,0.780509210038,-1.32669028474,EUR,True,False,selection
eur_only,eur_only|2023-04-12T00:00:00+00:00,2023-04-12T00:00:00+0000,2023-04-13T00:00:00+0000,2023-04-13T00:05:00+0000,2023-04-15T00:05:00+0000,-1,1,-1.53097862543,-1.53097862543,0.833776996783,-2.51689575966,EUR+BRL,True,False,selection
eur_only,eur_only|2023-04-24T00:00:00+00:00,2023-04-24T00:00:00+0000,2023-04-25T00:00:00+0000,2023-04-25T00:05:00+0000,2023-04-27T00:05:00+0000,-1,1,-1.2981294315,-1.2981294315,-8.51033539892,-1.18652225308,EUR+TRY+BRL,True,False,selection
eur_only,eur_only|2023-04-25T00:00:00+00:00,2023-04-25T00:00:00+0000,2023-04-26T00:00:00+0000,2023-04-26T00:05:00+0000,2023-04-28T00:05:00+0000,1,-1,0.41393466221,1.55292467814,-3.27943216798,0.41393466221,EUR,False,True,
eur_only,eur_only|2023-04-26T00:00:00+00:00,2023-04-26T00:00:00+0000,2023-04-27T00:00:00+0000,2023-04-27T00:05:00+0000,2023-04-29T00:05:00+0000,-1,1,-0.40502636368,-1.32765096317,-0.40502636368,0.0185685613899,EUR,True,False,selection
eur_only,eur_only|2023-05-01T00:00:00+00:00,2023-05-01T00:00:00+0000,2023-05-02T00:00:00+0000,2023-05-02T00:05:00+0000,2023-05-04T00:05:00+0000,1,-1,0.968320798905,1.36332665953,-0.593008982505,0.968320798905,EUR,True,False,selection
eur_only,eur_only|2023-05-03T00:00:00+00:00,2023-05-03T00:00:00+0000,2023-05-04T00:00:00+0000,2023-05-04T00:05:00+0000,2023-05-06T00:05:00+0000,-1,1,-1.42702482685,-1.42702482685,-1.0262176482,-1.60614706309,EUR+TRY+BRL,True,False,selection
eur_only,eur_only|2023-05-04T00:00:00+00:00,2023-05-04T00:00:00+0000,2023-05-05T00:00:00+0000,2023-05-05T00:05:00+0000,2023-05-07T00:05:00+0000,1,-1,1.272134059,1.272134059,1.40653274738,-0.577539232784,EUR+TRY,False,True,
eur_only,eur_only|2023-05-07T00:00:00+00:00,2023-05-07T00:00:00+0000,2023-05-08T00:00:00+0000,2023-05-08T00:05:00+0000,2023-05-10T00:05:00+0000,1,-1,0.211742947762,1.18701313676,-0.829850858592,0.211742947762,EUR,True,False,selection
eur_only,eur_only|2023-05-11T00:00:00+00:00,2023-05-11T00:00:00+0000,2023-05-12T00:00:00+0000,2023-05-12T00:05:00+0000,2023-05-14T00:05:00+0000,1,-1,1.3752997568,1.3752997568,8.16343981411,-0.0577230435229,EUR+TRY,True,False,selection
eur_only,eur_only|2023-05-18T00:00:00+00:00,2023-05-18T00:00:00+0000,2023-05-19T00:00:00+0000,2023-05-19T00:05:00+0000,2023-05-21T00:05:00+0000,1,-1,1.60833609946,1.60833609946,3.12173660597,1.20918854427,EUR+TRY+BRL,True,False,selection
eur_only,eur_only|2023-05-24T00:00:00+00:00,2023-05-24T00:00:00+0000,2023-05-25T00:00:00+0000,2023-05-25T00:05:00+0000,2023-05-27T00:05:00+0000,1,-1,1.13153737015,1.13153737015,3.74948910671,-0.253565173929,EUR+TRY,True,False,selection
eur_only,eur_only|2023-05-31T00:00:00+00:00,2023-05-31T00:00:00+0000,2023-06-01T00:00:00+0000,2023-06-01T00:05:00+0000,2023-06-03T00:05:00+0000,1,-1,1.17893842063,1.17893842063,3.78534428748,0.488135295597,EUR+TRY,True,False,selection
eur_only,eur_only|2023-06-01T00:00:00+00:00,2023-06-01T00:00:00+0000,2023-06-02T00:00:00+0000,2023-06-02T00:05:00+0000,2023-06-04T00:05:00+0000,-1,1,-1.34254039794,-1.72391889759,0.135968498571,-1.34254039794,EUR+BRL,False,True,
eur_only,eur_only|2023-06-02T00:00:00+00:00,2023-06-02T00:00:00+0000,2023-06-03T00:00:00+0000,2023-06-03T00:05:00+0000,2023-06-05T00:05:00+0000,1,-1,-0.693916193905,1.35349799419,-0.693916193905,-2.02732577243,EUR,True,False,selection
eur_only,eur_only|2023-06-08T00:00:00+00:00,2023-06-08T00:00:00+0000,2023-06-09T00:00:00+0000,2023-06-09T00:05:00+0000,2023-06-11T00:05:00+0000,-1,1,-2.01511626915,-2.01511626915,-2.52141169403,0.206768591277,EUR+TRY,True,False,selection
eur_only,eur_only|2023-06-10T00:00:00+00:00,2023-06-10T00:00:00+0000,2023-06-11T00:00:00+0000,2023-06-11T00:05:00+0000,2023-06-13T00:05:00+0000,1,-1,3.30846707919,3.30846707919,3.603762848,0.648778649205,EUR+TRY,True,False,selection
eur_only,eur_only|2023-06-11T00:00:00+00:00,2023-06-11T00:00:00+0000,2023-06-12T00:00:00+0000,2023-06-12T00:05:00+0000,2023-06-14T00:05:00+0000,-1,1,0.247645610758,-1.44311634775,1.30559881489,0.247645610758,EUR,False,True,
eur_only,eur_only|2023-06-15T00:00:00+00:00,2023-06-15T00:00:00+0000,2023-06-16T00:00:00+0000,2023-06-16T00:05:00+0000,2023-06-18T00:05:00+0000,-1,1,-1.79305480408,-4.38692841887,-1.79305480408,-0.846711175363,EUR+TRY,True,False,selection
eur_only,eur_only|2023-06-21T00:00:00+00:00,2023-06-21T00:00:00+0000,2023-06-22T00:00:00+0000,2023-06-22T00:05:00+0000,2023-06-24T00:05:00+0000,-1,1,-1.74251625157,-1.74251625157,-2.25100746745,-1.34768135297,EUR+TRY+BRL,True,False,selection
eur_only,eur_only|2023-06-22T00:00:00+00:00,2023-06-22T00:00:00+0000,2023-06-23T00:00:00+0000,2023-06-23T00:05:00+0000,2023-06-25T00:05:00+0000,1,-1,1.00687977331,1.00687977331,17.1938328647,0.451068988391,EUR+TRY,False,True,
eur_only,eur_only|2023-06-27T00:00:00+00:00,2023-06-27T00:00:00+0000,2023-06-28T00:00:00+0000,2023-06-28T00:05:00+0000,2023-06-30T00:05:00+0000,-1,1,0.230670081457,-1.00801556121,0.230670081457,1.17209759865,EUR,True,False,selection
eur_only,eur_only|2023-06-28T00:00:00+00:00,2023-06-28T00:00:00+0000,2023-06-29T00:00:00+0000,2023-06-29T00:05:00+0000,2023-07-01T00:05:00+0000,1,-1,2.07012792859,1.33936789777,2.89724052151,2.07012792859,EUR+TRY+BRL,False,True,
eur_only,eur_only|2023-06-30T00:00:00+00:00,2023-06-30T00:00:00+0000,2023-07-01T00:00:00+0000,2023-07-01T00:05:00+0000,2023-07-03T00:05:00+0000,-1,1,-1.80684559041,-1.68389901082,-1.80684559041,-2.02163302555,EUR+TRY+BRL,True,False,selection
eur_only,eur_only|2023-07-04T00:00:00+00:00,2023-07-04T00:00:00+0000,2023-07-05T00:00:00+0000,2023-07-05T00:05:00+0000,2023-07-07T00:05:00+0000,1,-1,1.1133768474,1.1133768474,-0.199659664673,2.20476104754,EUR+BRL,True,False,selection
eur_only,eur_only|2023-07-07T00:00:00+00:00,2023-07-07T00:00:00+0000,2023-07-08T00:00:00+0000,2023-07-08T00:05:00+0000,2023-07-10T00:05:00+0000,-1,1,-0.881180380388,-1.8250992729,0.0247825042567,-0.881180380388,EUR,True,False,selection
eur_only,eur_only|2023-07-10T00:00:00+00:00,2023-07-10T00:00:00+0000,2023-07-11T00:00:00+0000,2023-07-11T00:05:00+0000,2023-07-13T00:05:00+0000,-1,1,-1.07550443941,-1.58404263666,-0.70514004087,-1.07550443941,EUR+BRL,True,False,selection
eur_only,eur_only|2023-07-12T00:00:00+00:00,2023-07-12T00:00:00+0000,2023-07-13T00:00:00+0000,2023-07-13T00:05:00+0000,2023-07-15T00:05:00+0000,-1,1,-1.08894342586,-3.13320763176,0.361025670916,-1.08894342586,EUR+BRL,True,False,selection
eur_only,eur_only|2023-07-20T00:00:00+00:00,2023-07-20T00:00:00+0000,2023-07-21T00:00:00+0000,2023-07-21T00:05:00+0000,2023-07-23T00:05:00+0000,1,-1,0.416344712277,1.7630811849,0.416344712277,-0.0284895808066,EUR,True,False,selection
eur_only,eur_only|2023-07-24T00:00:00+00:00,2023-07-24T00:00:00+0000,2023-07-25T00:00:00+0000,2023-07-25T00:05:00+0000,2023-07-27T00:05:00+0000,1,-1,-0.0765920800329,1.71360284171,-0.0765920800329,-1.90051668798,EUR,True,False,selection
eur_only,eur_only|2023-07-27T00:00:00+00:00,2023-07-27T00:00:00+0000,2023-07-28T00:00:00+0000,2023-07-28T00:05:00+0000,2023-07-30T00:05:00+0000,1,-1,0.00925272664981,2.59841830513,-0.448112856055,0.00925272664981,EUR,True,False,selection
eur_only,eur_only|2023-08-02T00:00:00+00:00,2023-08-02T00:00:00+0000,2023-08-03T00:00:00+0000,2023-08-03T00:05:00+0000,2023-08-05T00:05:00+0000,1,-1,1.18930746681,1.59389498757,-0.0486748180895,1.18930746681,EUR+BRL,True,False,selection
eur_only,eur_only|2023-08-04T00:00:00+00:00,2023-08-04T00:00:00+0000,2023-08-05T00:00:00+0000,2023-08-05T00:05:00+0000,2023-08-07T00:05:00+0000,1,-1,0.401439722315,1.54976093413,0.401439722315,-0.700229914121,EUR,True,False,selection
eur_only,eur_only|2023-08-07T00:00:00+00:00,2023-08-07T00:00:00+0000,2023-08-08T00:00:00+0000,2023-08-08T00:05:00+0000,2023-08-10T00:05:00+0000,1,-1,0.237072637712,1.3651084107,-0.50033346992,0.237072637712,EUR,True,False,selection
eur_only,eur_only|2023-08-10T00:00:00+00:00,2023-08-10T00:00:00+0000,2023-08-11T00:00:00+0000,2023-08-11T00:05:00+0000,2023-08-13T00:05:00+0000,-1,1,-0.819949626419,-1.3564663531,0.272037478446,-0.819949626419,EUR,True,False,selection
eur_only,eur_only|2023-08-12T00:00:00+00:00,2023-08-12T00:00:00+0000,2023-08-13T00:00:00+0000,2023-08-13T00:05:00+0000,2023-08-15T00:05:00+0000,-1,1,0.160345523614,-2.16715663779,0.160345523614,0.431658117856,EUR,True,False,selection
eur_only,eur_only|2023-08-14T00:00:00+00:00,2023-08-14T00:00:00+0000,2023-08-15T00:00:00+0000,2023-08-15T00:05:00+0000,2023-08-17T00:05:00+0000,1,-1,0.859670738686,2.23142925015,-0.211973237519,0.859670738686,EUR,True,False,selection
eur_only,eur_only|2023-08-15T00:00:00+00:00,2023-08-15T00:00:00+0000,2023-08-16T00:00:00+0000,2023-08-16T00:05:00+0000,2023-08-18T00:05:00+0000,-1,1,1.20274699297,-1.97074954662,1.20274699297,1.44415862765,EUR,False,True,
eur_only,eur_only|2023-08-18T00:00:00+00:00,2023-08-18T00:00:00+0000,2023-08-19T00:00:00+0000,2023-08-19T00:05:00+0000,2023-08-21T00:05:00+0000,1,-1,-0.0982463168172,3.20740494125,-0.0982463168172,-1.08370703612,EUR,True,False,selection
eur_only,eur_only|2023-08-19T00:00:00+00:00,2023-08-19T00:00:00+0000,2023-08-20T00:00:00+0000,2023-08-20T00:05:00+0000,2023-08-22T00:05:00+0000,-1,1,-0.307378023348,-1.02461296219,-0.307378023348,0.412191762582,EUR,False,True,
eur_only,eur_only|2023-08-24T00:00:00+00:00,2023-08-24T00:00:00+0000,2023-08-25T00:00:00+0000,2023-08-25T00:05:00+0000,2023-08-27T00:05:00+0000,1,-1,0.125974524003,1.13018868909,-7.58356023662,0.125974524003,EUR,True,False,selection
eur_only,eur_only|2023-08-28T00:00:00+00:00,2023-08-28T00:00:00+0000,2023-08-29T00:00:00+0000,2023-08-29T00:05:00+0000,2023-08-31T00:05:00+0000,-1,1,-1.23234681638,-1.23234681638,-2.81883806149,-0.571631897841,EUR+TRY,True,False,selection
eur_only,eur_only|2023-08-30T00:00:00+00:00,2023-08-30T00:00:00+0000,2023-08-31T00:00:00+0000,2023-08-31T00:05:00+0000,2023-09-02T00:05:00+0000,-1,1,0.290241340117,-1.35167990592,0.290241340117,0.872729313672,EUR,True,False,selection
eur_only,eur_only|2023-08-31T00:00:00+00:00,2023-08-31T00:00:00+0000,2023-09-01T00:00:00+0000,2023-09-01T00:05:00+0000,2023-09-03T00:05:00+0000,1,-1,2.29902178067,2.29902178067,-0.0749284805685,3.20582419808,EUR+BRL,False,True,
eur_only,eur_only|2023-09-05T00:00:00+00:00,2023-09-05T00:00:00+0000,2023-09-06T00:00:00+0000,2023-09-06T00:05:00+0000,2023-09-08T00:05:00+0000,1,-1,1.13778563303,1.70871922431,-0.550963751533,1.13778563303,EUR+BRL,True,False,selection
eur_only,eur_only|2023-09-14T00:00:00+00:00,2023-09-14T00:00:00+0000,2023-09-15T00:00:00+0000,2023-09-15T00:05:00+0000,2023-09-17T00:05:00+0000,1,-1,-0.234521817269,2.3141017052,-0.234521817269,-1.79987752179,EUR,True,False,selection
eur_only,eur_only|2023-09-25T00:00:00+00:00,2023-09-25T00:00:00+0000,2023-09-26T00:00:00+0000,2023-09-26T00:05:00+0000,2023-09-28T00:05:00+0000,1,-1,0.728619421247,1.37437359155,-0.830162729614,0.728619421247,EUR,True,False,selection
eur_only,eur_only|2023-09-27T00:00:00+00:00,2023-09-27T00:00:00+0000,2023-09-28T00:00:00+0000,2023-09-28T00:05:00+0000,2023-09-30T00:05:00+0000,1,-1,1.7662463443,1.7662463443,0.928731696716,2.4302393153,EUR+BRL,True,False,selection
eur_only,eur_only|2023-09-28T00:00:00+00:00,2023-09-28T00:00:00+0000,2023-09-29T00:00:00+0000,2023-09-29T00:05:00+0000,2023-10-01T00:05:00+0000,-1,1,-0.0102868691798,-1.35660115479,0.408985634765,-0.0102868691798,EUR,False,True,
eur_only,eur_only|2023-10-02T00:00:00+00:00,2023-10-02T00:00:00+0000,2023-10-03T00:00:00+0000,2023-10-03T00:05:00+0000,2023-10-05T00:05:00+0000,1,-1,1.61194555423,2.46959182303,0.551045188082,1.61194555423,EUR+BRL,True,False,selection
eur_only,eur_only|2023-10-04T00:00:00+00:00,2023-10-04T00:00:00+0000,2023-10-05T00:00:00+0000,2023-10-05T00:05:00+0000,2023-10-07T00:05:00+0000,-1,1,0.13040031015,-1.1185547826,0.13040031015,0.165184674554,EUR,True,False,selection
eur_only,eur_only|2023-10-12T00:00:00+00:00,2023-10-12T00:00:00+0000,2023-10-13T00:00:00+0000,2023-10-13T00:05:00+0000,2023-10-15T00:05:00+0000,1,-1,0.334403231849,2.45812203281,-0.0676807987658,0.334403231849,EUR,True,False,selection
eur_only,eur_only|2023-10-18T00:00:00+00:00,2023-10-18T00:00:00+0000,2023-10-19T00:00:00+0000,2023-10-19T00:05:00+0000,2023-10-21T00:05:00+0000,1,-1,1.01284512921,1.01284512921,0.427470705047,1.01553569017,EUR+BRL,True,False,selection
eur_only,eur_only|2023-10-19T00:00:00+00:00,2023-10-19T00:00:00+0000,2023-10-20T00:00:00+0000,2023-10-20T00:05:00+0000,2023-10-22T00:05:00+0000,-1,1,-0.831871198165,-1.33146546832,-0.292307852822,-0.831871198165,EUR,False,True,
eur_only,eur_only|2023-10-23T00:00:00+00:00,2023-10-23T00:00:00+0000,2023-10-24T00:00:00+0000,2023-10-24T00:05:00+0000,2023-10-26T00:05:00+0000,-1,1,-1.78849019473,-2.66157431961,-0.21352641998,-1.78849019473,EUR+BRL,True,False,selection
eur_only,eur_only|2023-10-24T00:00:00+00:00,2023-10-24T00:00:00+0000,2023-10-25T00:00:00+0000,2023-10-25T00:05:00+0000,2023-10-27T00:05:00+0000,1,-1,1.01341170808,2.34907214686,1.01341170808,-0.803369744073,EUR+TRY,False,True,
eur_only,eur_only|2023-10-30T00:00:00+00:00,2023-10-30T00:00:00+0000,2023-10-31T00:00:00+0000,2023-10-31T00:05:00+0000,2023-11-02T00:05:00+0000,-1,1,0.173420291904,-1.75639013423,0.173420291904,1.29944975785,EUR,True,False,selection
eur_only,eur_only|2023-11-02T00:00:00+00:00,2023-11-02T00:00:00+0000,2023-11-03T00:00:00+0000,2023-11-03T00:05:00+0000,2023-11-05T00:05:00+0000,-1,1,0.0183449432862,-1.01499716688,0.70368270612,0.0183449432862,EUR,True,False,selection
eur_only,eur_only|2023-11-09T00:00:00+00:00,2023-11-09T00:00:00+0000,2023-11-10T00:00:00+0000,2023-11-10T00:05:00+0000,2023-11-12T00:05:00+0000,1,-1,1.3272080871,1.19745480539,1.3272080871,1.53349779544,EUR+TRY+BRL,True,False,selection
eur_only,eur_only|2023-11-14T00:00:00+00:00,2023-11-14T00:00:00+0000,2023-11-15T00:00:00+0000,2023-11-15T00:05:00+0000,2023-11-17T00:05:00+0000,-1,1,-2.22531816334,-5.34500927319,-0.546569802382,-2.22531816334,EUR+BRL,True,False,selection
eur_only,eur_only|2023-11-17T00:00:00+00:00,2023-11-17T00:00:00+0000,2023-11-18T00:00:00+0000,2023-11-18T00:05:00+0000,2023-11-20T00:05:00+0000,-1,1,1.16105696768,-1.88748843753,1.52354501791,1.16105696768,EUR,True,False,selection
eur_only,eur_only|2023-11-20T00:00:00+00:00,2023-11-20T00:00:00+0000,2023-11-21T00:00:00+0000,2023-11-21T00:05:00+0000,2023-11-23T00:05:00+0000,-1,1,-1.02723843013,-1.02723843013,0.173104817873,-2.50349401899,EUR+BRL,True,False,selection
eur_only,eur_only|2023-11-24T00:00:00+00:00,2023-11-24T00:00:00+0000,2023-11-25T00:00:00+0000,2023-11-25T00:05:00+0000,2023-11-27T00:05:00+0000,-1,1,-0.322931213136,-1.0169770846,0.959339517065,-0.322931213136,EUR,True,False,selection
eur_only,eur_only|2023-11-28T00:00:00+00:00,2023-11-28T00:00:00+0000,2023-11-29T00:00:00+0000,2023-11-29T00:05:00+0000,2023-12-01T00:05:00+0000,-1,1,-1.43563881136,-1.43563881136,-0.863941672786,-1.86336181097,EUR+BRL,True,False,selection
eur_only,eur_only|2023-11-30T00:00:00+00:00,2023-11-30T00:00:00+0000,2023-12-01T00:00:00+0000,2023-12-01T00:05:00+0000,2023-12-03T00:05:00+0000,1,-1,1.04717226021,2.47968803166,-0.938614973021,1.04717226021,EUR+BRL,True,False,selection
eur_only,eur_only|2023-12-04T00:00:00+00:00,2023-12-04T00:00:00+0000,2023-12-05T00:00:00+0000,2023-12-05T00:05:00+0000,2023-12-07T00:05:00+0000,1,-1,1.70172502408,1.70172502408,0.119057350769,2.06881083398,EUR+BRL,True,False,selection
eur_only,eur_only|2023-12-12T00:00:00+00:00,2023-12-12T00:00:00+0000,2023-12-13T00:00:00+0000,2023-12-13T00:05:00+0000,2023-12-15T00:05:00+0000,-1,1,-0.245082756713,-1.14744497527,-0.245082756713,0.787651039529,EUR,True,False,selection
eur_only,eur_only|2023-12-15T00:00:00+00:00,2023-12-15T00:00:00+0000,2023-12-16T00:00:00+0000,2023-12-16T00:05:00+0000,2023-12-18T00:05:00+0000,1,-1,3.02812130856,3.02812130856,4.2575665131,2.03307676639,EUR+TRY+BRL,True,False,selection
eur_only,eur_only|2023-12-19T00:00:00+00:00,2023-12-19T00:00:00+0000,2023-12-20T00:00:00+0000,2023-12-20T00:05:00+0000,2023-12-22T00:05:00+0000,-1,1,-1.58028604811,-1.58028604811,-0.378004998785,-1.60359224996,EUR+BRL,True,False,selection
eur_only,eur_only|2023-12-20T00:00:00+00:00,2023-12-20T00:00:00+0000,2023-12-21T00:00:00+0000,2023-12-21T00:05:00+0000,2023-12-23T00:05:00+0000,1,-1,1.23351549792,1.23351549792,-1.85388778245,2.20538905869,EUR+BRL,False,True,
eur_only,eur_only|2023-12-21T00:00:00+00:00,2023-12-21T00:00:00+0000,2023-12-22T00:00:00+0000,2023-12-22T00:05:00+0000,2023-12-24T00:05:00+0000,-1,1,-1.58029355263,-1.76426218142,-0.522535875668,-1.58029355263,EUR+BRL,True,False,selection
eur_only,eur_only|2023-12-23T00:00:00+00:00,2023-12-23T00:00:00+0000,2023-12-24T00:00:00+0000,2023-12-24T00:05:00+0000,2023-12-26T00:05:00+0000,1,-1,0.904635600615,1.30021141172,-0.0813894561474,0.904635600615,EUR,True,False,selection
eur_only,eur_only|2023-12-25T00:00:00+00:00,2023-12-25T00:00:00+0000,2023-12-26T00:00:00+0000,2023-12-26T00:05:00+0000,2023-12-28T00:05:00+0000,-1,1,0.0345547155855,-1.88630914078,0.0345547155855,0.464331155963,EUR,True,False,selection
eur_only,eur_only|2023-12-28T00:00:00+00:00,2023-12-28T00:00:00+0000,2023-12-29T00:00:00+0000,2023-12-29T00:05:00+0000,2023-12-31T00:05:00+0000,1,-1,1.48274564632,1.48274564632,-0.270678434999,1.81512332234,EUR+BRL,True,False,selection
primary,primary|2021-05-05T00:00:00+00:00,2021-05-05T00:00:00+0000,2021-05-06T00:00:00+0000,2021-05-06T00:05:00+0000,2021-05-08T00:05:00+0000,-1,1,-2.1494031619,-0.714026106796,-2.1494031619,-2.6911774907,TRY+BRL,True,False,train
primary,primary|2021-05-10T00:00:00+00:00,2021-05-10T00:00:00+0000,2021-05-11T00:00:00+0000,2021-05-11T00:05:00+0000,2021-05-13T00:05:00+0000,1,-1,1.37435375142,1.91299934766,1.37435375142,0.550442801704,EUR+TRY,True,False,train
primary,primary|2021-05-11T00:00:00+00:00,2021-05-11T00:00:00+0000,2021-05-12T00:00:00+0000,2021-05-12T00:05:00+0000,2021-05-14T00:05:00+0000,-1,1,-1.4068555468,-0.684118958468,-1.43158095089,-1.4068555468,TRY+BRL,False,True,
primary,primary|2021-05-12T00:00:00+00:00,2021-05-12T00:00:00+0000,2021-05-13T00:00:00+0000,2021-05-13T00:05:00+0000,2021-05-15T00:05:00+0000,1,-1,2.2858837347,2.25864017971,3.11870079886,2.2858837347,EUR+TRY+BRL,True,False,train
primary,primary|2021-05-14T00:00:00+00:00,2021-05-14T00:00:00+0000,2021-05-15T00:00:00+0000,2021-05-15T00:05:00+0000,2021-05-17T00:05:00+0000,-1,1,-1.52318887792,-1.52318887792,-1.64115597652,-0.79190279222,EUR+TRY,True,False,train
primary,primary|2021-05-19T00:00:00+00:00,2021-05-19T00:00:00+0000,2021-05-20T00:00:00+0000,2021-05-20T00:05:00+0000,2021-05-22T00:05:00+0000,1,-1,1.72868233852,1.4042146308,1.72868233852,2.5968467031,EUR+TRY+BRL,True,False,train
primary,primary|2021-05-20T00:00:00+00:00,2021-05-20T00:00:00+0000,2021-05-21T00:00:00+0000,2021-05-21T00:05:00+0000,2021-05-23T00:05:00+0000,-1,1,-1.47267829796,-0.635543549454,-1.80386866298,-1.47267829796,TRY+BRL,False,True,
primary,primary|2021-05-31T00:00:00+00:00,2021-05-31T00:00:00+0000,2021-06-01T00:00:00+0000,2021-06-01T00:05:00+0000,2021-06-03T00:05:00+0000,-1,1,-1.78957289881,-1.78957289881,-2.07103878964,-0.861245866768,EUR+TRY,True,False,train
primary,primary|2021-06-11T00:00:00+00:00,2021-06-11T00:00:00+0000,2021-06-12T00:00:00+0000,2021-06-12T00:05:00+0000,2021-06-14T00:05:00+0000,1,-1,1.22477530233,1.86265183617,-0.119165947477,1.22477530233,EUR+BRL,True,False,train
primary,primary|2021-06-13T00:00:00+00:00,2021-06-13T00:00:00+0000,2021-06-14T00:00:00+0000,2021-06-14T00:05:00+0000,2021-06-16T00:05:00+0000,-1,1,-1.10894835335,-1.10894835335,-0.584981977885,-1.27816110069,EUR+BRL,True,False,train
primary,primary|2021-06-18T00:00:00+00:00,2021-06-18T00:00:00+0000,2021-06-19T00:00:00+0000,2021-06-19T00:05:00+0000,2021-06-21T00:05:00+0000,1,-1,1.91271799112,1.91271799112,0.542122850061,2.37215798282,EUR+BRL,True,False,train
primary,primary|2021-06-22T00:00:00+00:00,2021-06-22T00:00:00+0000,2021-06-23T00:00:00+0000,2021-06-23T00:05:00+0000,2021-06-25T00:05:00+0000,-1,1,-1.29264431192,-0.664656341767,-1.29264431192,-1.61833078512,TRY+BRL,True,False,train
primary,primary|2021-06-25T00:00:00+00:00,2021-06-25T00:00:00+0000,2021-06-26T00:00:00+0000,2021-06-26T00:05:00+0000,2021-06-28T00:05:00+0000,1,-1,1.31192673922,0.583722443781,1.3933308871,1.31192673922,TRY+BRL,True,False,train
primary,primary|2021-07-06T00:00:00+00:00,2021-07-06T00:00:00+0000,2021-07-07T00:00:00+0000,2021-07-07T00:05:00+0000,2021-07-09T00:05:00+0000,1,-1,1.12409308893,1.12409308893,-0.00591569723727,1.28040764989,EUR+BRL,True,False,train
primary,primary|2021-07-29T00:00:00+00:00,2021-07-29T00:00:00+0000,2021-07-30T00:00:00+0000,2021-07-30T00:05:00+0000,2021-08-01T00:05:00+0000,-1,1,-1.46927388385,-1.46927388385,-1.61494868974,-1.25535088632,EUR+TRY+BRL,True,False,train
primary,primary|2021-08-01T00:00:00+00:00,2021-08-01T00:00:00+0000,2021-08-02T00:00:00+0000,2021-08-02T00:05:00+0000,2021-08-04T00:05:00+0000,1,-1,1.1165772636,1.39746674592,1.1165772636,0.187767012344,EUR+TRY,True,False,train
primary,primary|2021-08-08T00:00:00+00:00,2021-08-08T00:00:00+0000,2021-08-09T00:00:00+0000,2021-08-09T00:05:00+0000,2021-08-11T00:05:00+0000,1,-1,1.19486970115,1.19486970115,1.53476658131,0.289537155606,EUR+TRY,True,False,train
primary,primary|2021-08-11T00:00:00+00:00,2021-08-11T00:00:00+0000,2021-08-12T00:00:00+0000,2021-08-12T00:05:00+0000,2021-08-14T00:05:00+0000,1,-1,1.40811454663,1.40811454663,0.881959535341,1.41493722005,EUR+BRL,True,False,train
primary,primary|2021-08-13T00:00:00+00:00,2021-08-13T00:00:00+0000,2021-08-14T00:00:00+0000,2021-08-14T00:05:00+0000,2021-08-16T00:05:00+0000,-1,1,-1.64406610524,-3.67801209298,-1.64406610524,-0.537475537425,EUR+TRY,True,False,train
primary,primary|2021-08-16T00:00:00+00:00,2021-08-16T00:00:00+0000,2021-08-17T00:00:00+0000,2021-08-17T00:05:00+0000,2021-08-19T00:05:00+0000,1,-1,1.1193938756,2.1976804532,1.1193938756,0.647352810554,EUR+TRY,True,False,train
primary,primary|2021-08-27T00:00:00+00:00,2021-08-27T00:00:00+0000,2021-08-28T00:00:00+0000,2021-08-28T00:05:00+0000,2021-08-30T00:05:00+0000,-1,1,-2.4219109057,-3.03391462545,-1.27090591835,-2.4219109057,EUR+TRY+BRL,True,False,train
primary,primary|2021-09-07T00:00:00+00:00,2021-09-07T00:00:00+0000,2021-09-08T00:00:00+0000,2021-09-08T00:05:00+0000,2021-09-10T00:05:00+0000,1,-1,2.61502809063,3.92059572352,2.42479698916,2.61502809063,EUR+TRY+BRL,True,False,train
primary,primary|2021-09-16T00:00:00+00:00,2021-09-16T00:00:00+0000,2021-09-17T00:00:00+0000,2021-09-17T00:05:00+0000,2021-09-19T00:05:00+0000,1,-1,1.23968644503,0.667494270592,1.23968644503,1.26247822838,TRY+BRL,True,False,train
primary,primary|2021-09-24T00:00:00+00:00,2021-09-24T00:00:00+0000,2021-09-25T00:00:00+0000,2021-09-25T00:05:00+0000,2021-09-27T00:05:00+0000,1,-1,1.43012091038,0.64650655992,1.65417890504,1.43012091038,TRY+BRL,True,False,train
primary,primary|2021-09-28T00:00:00+00:00,2021-09-28T00:00:00+0000,2021-09-29T00:00:00+0000,2021-09-29T00:05:00+0000,2021-10-01T00:05:00+0000,1,-1,1.28647815978,1.347116556,0.728218058134,1.28647815978,EUR+BRL,True,False,train
primary,primary|2021-09-30T00:00:00+00:00,2021-09-30T00:00:00+0000,2021-10-01T00:00:00+0000,2021-10-01T00:05:00+0000,2021-10-03T00:05:00+0000,-1,1,-1.03054194604,-0.108306275118,-1.20435943087,-1.03054194604,TRY+BRL,True,False,train
primary,primary|2021-10-04T00:00:00+00:00,2021-10-04T00:00:00+0000,2021-10-05T00:00:00+0000,2021-10-05T00:05:00+0000,2021-10-07T00:05:00+0000,1,-1,2.11951430923,0.0321080579149,2.33529243934,2.11951430923,TRY+BRL,True,False,train
primary,primary|2021-10-20T00:00:00+00:00,2021-10-20T00:00:00+0000,2021-10-21T00:00:00+0000,2021-10-21T00:05:00+0000,2021-10-23T00:05:00+0000,-1,1,-2.27287701057,-2.27766686668,-2.27287701057,0.360889061197,EUR+TRY,True,False,train
primary,primary|2021-10-21T00:00:00+00:00,2021-10-21T00:00:00+0000,2021-10-22T00:00:00+0000,2021-10-22T00:05:00+0000,2021-10-24T00:05:00+0000,1,-1,2.22336276067,2.22336276067,5.2449026939,1.77210059404,EUR+TRY+BRL,False,True,
primary,primary|2021-10-25T00:00:00+00:00,2021-10-25T00:00:00+0000,2021-10-26T00:00:00+0000,2021-10-26T00:05:00+0000,2021-10-28T00:05:00+0000,-1,1,-2.15050599133,0.185108472486,-2.15050599133,-2.20762454813,TRY+BRL,True,False,train
primary,primary|2021-11-04T00:00:00+00:00,2021-11-04T00:00:00+0000,2021-11-05T00:00:00+0000,2021-11-05T00:05:00+0000,2021-11-07T00:05:00+0000,1,-1,1.13172348647,1.52537461325,0.854959313281,1.13172348647,EUR+BRL,True,False,train
primary,primary|2021-11-08T00:00:00+00:00,2021-11-08T00:00:00+0000,2021-11-09T00:00:00+0000,2021-11-09T00:05:00+0000,2021-11-11T00:05:00+0000,-1,1,-1.0061754425,-2.3851644583,-0.160746588793,-1.0061754425,EUR+BRL,True,False,train
primary,primary|2021-11-10T00:00:00+00:00,2021-11-10T00:00:00+0000,2021-11-11T00:00:00+0000,2021-11-11T00:05:00+0000,2021-11-13T00:05:00+0000,1,-1,2.14829616036,2.80687351872,2.14829616036,0.78789493502,EUR+TRY,True,False,train
primary,primary|2021-11-12T00:00:00+00:00,2021-11-12T00:00:00+0000,2021-11-13T00:00:00+0000,2021-11-13T00:05:00+0000,2021-11-15T00:05:00+0000,1,-1,1.05440629383,-0.351948872074,1.50625706175,1.05440629383,TRY+BRL,True,False,train
primary,primary|2021-11-16T00:00:00+00:00,2021-11-16T00:00:00+0000,2021-11-17T00:00:00+0000,2021-11-17T00:05:00+0000,2021-11-19T00:05:00+0000,1,-1,1.60744120586,1.60744120586,4.11637381925,1.142724221,EUR+TRY+BRL,True,False,train
primary,primary|2021-11-18T00:00:00+00:00,2021-11-18T00:00:00+0000,2021-11-19T00:00:00+0000,2021-11-19T00:05:00+0000,2021-11-21T00:05:00+0000,1,-1,1.57784964197,-2.08660316718,6.00675567502,1.57784964197,TRY+BRL,True,False,train
primary,primary|2021-12-01T00:00:00+00:00,2021-12-01T00:00:00+0000,2021-12-02T00:00:00+0000,2021-12-02T00:05:00+0000,2021-12-04T00:05:00+0000,1,-1,1.20851952403,0.534794490176,2.25507467043,1.20851952403,TRY+BRL,True,False,train
primary,primary|2021-12-04T00:00:00+00:00,2021-12-04T00:00:00+0000,2021-12-05T00:00:00+0000,2021-12-05T00:05:00+0000,2021-12-07T00:05:00+0000,1,-1,1.84341050581,2.53633176982,1.84341050581,0.485885832902,EUR+TRY,True,False,train
primary,primary|2021-12-07T00:00:00+00:00,2021-12-07T00:00:00+0000,2021-12-08T00:00:00+0000,2021-12-08T00:05:00+0000,2021-12-10T00:05:00+0000,-1,1,-1.27712825379,-0.0419045290893,-1.27712825379,-2.97852296699,TRY+BRL,True,False,train
primary,primary|2021-12-09T00:00:00+00:00,2021-12-09T00:00:00+0000,2021-12-10T00:00:00+0000,2021-12-10T00:05:00+0000,2021-12-12T00:05:00+0000,1,-1,1.33067272773,1.16614607715,3.23756417524,1.33067272773,EUR+TRY+BRL,True,False,train
primary,primary|2021-12-13T00:00:00+00:00,2021-12-13T00:00:00+0000,2021-12-14T00:00:00+0000,2021-12-14T00:05:00+0000,2021-12-16T00:05:00+0000,1,-1,1.5713906566,0.578211473199,2.27885542914,1.5713906566,TRY+BRL,True,False,train
primary,primary|2021-12-17T00:00:00+00:00,2021-12-17T00:00:00+0000,2021-12-18T00:00:00+0000,2021-12-18T00:05:00+0000,2021-12-20T00:05:00+0000,1,-1,2.35605815503,2.35605815503,7.68479895419,-1.18908808193,EUR+TRY,True,False,train
primary,primary|2021-12-20T00:00:00+00:00,2021-12-20T00:00:00+0000,2021-12-21T00:00:00+0000,2021-12-21T00:05:00+0000,2021-12-23T00:05:00+0000,-1,1,-1.17019748638,-1.17019748638,-23.9819738076,0.0885304708824,EUR+TRY,True,False,train
primary,primary|2021-12-22T00:00:00+00:00,2021-12-22T00:00:00+0000,2021-12-23T00:00:00+0000,2021-12-23T00:05:00+0000,2021-12-25T00:05:00+0000,-1,1,-1.16764818708,-0.95119043914,-5.84381914381,-1.16764818708,TRY+BRL,True,False,train
primary,primary|2021-12-29T00:00:00+00:00,2021-12-29T00:00:00+0000,2021-12-30T00:00:00+0000,2021-12-30T00:05:00+0000,2022-01-01T00:05:00+0000,1,-1,1.69131329623,-1.53237626735,5.62972867682,1.69131329623,TRY+BRL,True,False,train
primary,primary|2022-01-03T00:00:00+00:00,2022-01-03T00:00:00+0000,2022-01-04T00:00:00+0000,2022-01-04T00:05:00+0000,2022-01-06T00:05:00+0000,1,-1,1.40320677806,1.40320677806,-1.03936518102,1.53413072466,EUR+BRL,True,False,train
primary,primary|2022-01-05T00:00:00+00:00,2022-01-05T00:00:00+0000,2022-01-06T00:00:00+0000,2022-01-06T00:05:00+0000,2022-01-08T00:05:00+0000,1,-1,1.41086462374,-0.458478402833,3.4540117971,1.41086462374,TRY+BRL,True,False,train
primary,primary|2022-01-07T00:00:00+00:00,2022-01-07T00:00:00+0000,2022-01-08T00:00:00+0000,2022-01-08T00:05:00+0000,2022-01-10T00:05:00+0000,-1,1,-1.77902601652,-1.95937090299,1.5998306389,-1.77902601652,EUR+BRL,True,False,train
primary,primary|2022-01-11T00:00:00+00:00,2022-01-11T00:00:00+0000,2022-01-12T00:00:00+0000,2022-01-12T00:05:00+0000,2022-01-14T00:05:00+0000,-1,1,-1.58064974343,-0.872451216843,-1.58064974343,-2.61240625472,TRY+BRL,True,False,train
primary,primary|2022-01-18T00:00:00+00:00,2022-01-18T00:00:00+0000,2022-01-19T00:00:00+0000,2022-01-19T00:05:00+0000,2022-01-21T00:05:00+0000,1,-1,1.14562664477,1.99489756144,0.416845919543,1.14562664477,EUR+BRL,True,False,train
primary,primary|2022-01-21T00:00:00+00:00,2022-01-21T00:00:00+0000,2022-01-22T00:00:00+0000,2022-01-22T00:05:00+0000,2022-01-24T00:05:00+0000,1,-1,1.04358762357,-0.373111038216,1.38919969655,1.04358762357,TRY+BRL,True,False,train
primary,primary|2022-01-26T00:00:00+00:00,2022-01-26T00:00:00+0000,2022-01-27T00:00:00+0000,2022-01-27T00:05:00+0000,2022-01-29T00:05:00+0000,1,-1,1.07852063022,1.93922600415,1.07852063022,-0.643609974829,EUR+TRY,True,False,train
primary,primary|2022-01-28T00:00:00+00:00,2022-01-28T00:00:00+0000,2022-01-29T00:00:00+0000,2022-01-29T00:05:00+0000,2022-01-31T00:05:00+0000,-1,1,-1.18657870346,0.153350945142,-1.18657870346,-1.49728872193,TRY+BRL,True,False,train
primary,primary|2022-01-31T00:00:00+00:00,2022-01-31T00:00:00+0000,2022-02-01T00:00:00+0000,2022-02-01T00:05:00+0000,2022-02-03T00:05:00+0000,-1,1,-2.92561467648,-2.92561467648,-2.11180292856,-3.34651048505,EUR+TRY+BRL,True,False,train
primary,primary|2022-02-15T00:00:00+00:00,2022-02-15T00:00:00+0000,2022-02-16T00:00:00+0000,2022-02-16T00:05:00+0000,2022-02-18T00:05:00+0000,-1,1,-1.84660380843,-1.84660380843,-0.659171430377,-2.49900153519,EUR+BRL,True,False,train
primary,primary|2022-02-24T00:00:00+00:00,2022-02-24T00:00:00+0000,2022-02-25T00:00:00+0000,2022-02-25T00:05:00+0000,2022-02-27T00:05:00+0000,1,-1,3.00547058679,3.00547058679,1.03404227348,3.44717587513,EUR+TRY+BRL,True,False,train
primary,primary|2022-02-25T00:00:00+00:00,2022-02-25T00:00:00+0000,2022-02-26T00:00:00+0000,2022-02-26T00:05:00+0000,2022-02-28T00:05:00+0000,-1,1,-1.85390273997,-1.85390273997,-2.05696434977,1.17502898101,EUR+TRY,False,True,
primary,primary|2022-02-27T00:00:00+00:00,2022-02-27T00:00:00+0000,2022-02-28T00:00:00+0000,2022-02-28T00:05:00+0000,2022-03-02T00:05:00+0000,1,-1,1.83079094579,2.75862932419,1.83079094579,0.123231557405,EUR+TRY,True,False,train
primary,primary|2022-02-28T00:00:00+00:00,2022-02-28T00:00:00+0000,2022-03-01T00:00:00+0000,2022-03-01T00:05:00+0000,2022-03-03T00:05:00+0000,-1,1,-1.71093396784,-1.46406173162,-3.5648217876,-1.71093396784,EUR+TRY+BRL,False,True,
primary,primary|2022-03-04T00:00:00+00:00,2022-03-04T00:00:00+0000,2022-03-05T00:00:00+0000,2022-03-05T00:05:00+0000,2022-03-07T00:05:00+0000,1,-1,1.34708701979,4.5616199616,0.751952930957,1.34708701979,EUR+BRL,True,False,train
primary,primary|2022-03-08T00:00:00+00:00,2022-03-08T00:00:00+0000,2022-03-09T00:00:00+0000,2022-03-09T00:05:00+0000,2022-03-11T00:05:00+0000,-1,1,-1.34593349046,-1.55303845854,0.118127266323,-1.34593349046,EUR+BRL,True,False,train
primary,primary|2022-03-10T00:00:00+00:00,2022-03-10T00:00:00+0000,2022-03-11T00:00:00+0000,2022-03-11T00:05:00+0000,2022-03-13T00:05:00+0000,1,-1,1.6786603075,2.11156052045,1.6786603075,0.190224701612,EUR+TRY,True,False,train
primary,primary|2022-03-16T00:00:00+00:00,2022-03-16T00:00:00+0000,2022-03-17T00:00:00+0000,2022-03-17T00:05:00+0000,2022-03-19T00:05:00+0000,-1,1,-2.16560885507,-2.184791044,-1.24680253327,-2.16560885507,EUR+TRY+BRL,True,False,train
primary,primary|2022-03-29T00:00:00+00:00,2022-03-29T00:00:00+0000,2022-03-30T00:00:00+0000,2022-03-30T00:05:00+0000,2022-04-01T00:05:00+0000,-1,1,-1.13591537575,-3.12381705916,-1.13591537575,0.272083348969,EUR+TRY,True,False,train
primary,primary|2022-04-05T00:00:00+00:00,2022-04-05T00:00:00+0000,2022-04-06T00:00:00+0000,2022-04-06T00:05:00+0000,2022-04-08T00:05:00+0000,1,-1,1.73777874655,2.18284229248,0.321055724665,1.73777874655,EUR+BRL,True,False,train
primary,primary|2022-04-12T00:00:00+00:00,2022-04-12T00:00:00+0000,2022-04-13T00:00:00+0000,2022-04-13T00:05:00+0000,2022-04-15T00:05:00+0000,-1,1,-1.08004297413,1.85209056078,-1.0891408855,-1.08004297413,TRY+BRL,True,False,train
primary,primary|2022-04-20T00:00:00+00:00,2022-04-20T00:00:00+0000,2022-04-21T00:00:00+0000,2022-04-21T00:05:00+0000,2022-04-23T00:05:00+0000,-1,1,-1.65285817957,-2.00982237962,0.153194709512,-1.65285817957,EUR+BRL,True,False,train
primary,primary|2022-04-22T00:00:00+00:00,2022-04-22T00:00:00+0000,2022-04-23T00:00:00+0000,2022-04-23T00:05:00+0000,2022-04-25T00:05:00+0000,1,-1,1.14765295692,1.14765295692,0.130308969964,6.09850471893,EUR+BRL,True,False,train
primary,primary|2022-04-25T00:00:00+00:00,2022-04-25T00:00:00+0000,2022-04-26T00:00:00+0000,2022-04-26T00:05:00+0000,2022-04-28T00:05:00+0000,1,-1,2.16454665734,2.75274301234,-0.292008662966,2.16454665734,EUR+BRL,True,False,train
primary,primary|2022-05-04T00:00:00+00:00,2022-05-04T00:00:00+0000,2022-05-05T00:00:00+0000,2022-05-05T00:05:00+0000,2022-05-07T00:05:00+0000,-1,1,-2.17917195384,-3.53999519996,-2.06334889871,-2.17917195384,EUR+TRY+BRL,True,False,train
primary,primary|2022-05-05T00:00:00+00:00,2022-05-05T00:00:00+0000,2022-05-06T00:00:00+0000,2022-05-06T00:05:00+0000,2022-05-08T00:05:00+0000,1,-1,2.66020470739,2.66020470739,1.53267972724,4.36005514758,EUR+TRY+BRL,False,True,
primary,primary|2022-05-09T00:00:00+00:00,2022-05-09T00:00:00+0000,2022-05-10T00:00:00+0000,2022-05-10T00:05:00+0000,2022-05-12T00:05:00+0000,1,-1,1.86956105101,-1.3912847755,1.86956105101,2.89543185446,TRY+BRL,True,False,train
primary,primary|2022-05-17T00:00:00+00:00,2022-05-17T00:00:00+0000,2022-05-18T00:00:00+0000,2022-05-18T00:05:00+0000,2022-05-20T00:05:00+0000,-1,1,-3.62920670163,-3.62920670163,0.491211529112,-4.23364542083,EUR+BRL,True,False,train
primary,primary|2022-05-18T00:00:00+00:00,2022-05-18T00:00:00+0000,2022-05-19T00:00:00+0000,2022-05-19T00:05:00+0000,2022-05-21T00:05:00+0000,1,-1,2.27135388691,2.35628767933,2.27135388691,1.42199490449,EUR+TRY+BRL,False,True,
primary,primary|2022-05-19T00:00:00+00:00,2022-05-19T00:00:00+0000,2022-05-20T00:00:00+0000,2022-05-20T00:05:00+0000,2022-05-22T00:05:00+0000,-1,1,-1.84072280913,-3.5171356714,-1.76939163588,-1.84072280913,EUR+TRY+BRL,True,False,train
primary,primary|2022-05-23T00:00:00+00:00,2022-05-23T00:00:00+0000,2022-05-24T00:00:00+0000,2022-05-24T00:05:00+0000,2022-05-26T00:05:00+0000,-1,1,-1.88519089278,-3.41290671815,0.750193541039,-1.88519089278,EUR+BRL,True,False,train
primary,primary|2022-05-25T00:00:00+00:00,2022-05-25T00:00:00+0000,2022-05-26T00:00:00+0000,2022-05-26T00:05:00+0000,2022-05-28T00:05:00+0000,1,-1,1.23644121503,1.31456238536,1.23644121503,0.171550456153,EUR+TRY,True,False,train
primary,primary|2022-05-26T00:00:00+00:00,2022-05-26T00:00:00+0000,2022-05-27T00:00:00+0000,2022-05-27T00:05:00+0000,2022-05-29T00:05:00+0000,-1,1,-1.17765589442,-1.37704053646,0.627260111534,-1.17765589442,EUR+BRL,False,True,
primary,primary|2022-06-01T00:00:00+00:00,2022-06-01T00:00:00+0000,2022-06-02T00:00:00+0000,2022-06-02T00:05:00+0000,2022-06-04T00:05:00+0000,1,-1,2.35815299544,2.35815299544,0.824160943294,2.84749828016,EUR+BRL,True,False,train
primary,primary|2022-06-02T00:00:00+00:00,2022-06-02T00:00:00+0000,2022-06-03T00:00:00+0000,2022-06-03T00:05:00+0000,2022-06-05T00:05:00+0000,-1,1,-1.16802104385,-2.66409189275,0.00963397574333,-1.16802104385,EUR+BRL,False,True,
primary,primary|2022-06-07T00:00:00+00:00,2022-06-07T00:00:00+0000,2022-06-08T00:00:00+0000,2022-06-08T00:05:00+0000,2022-06-10T00:05:00+0000,1,-1,1.42696514479,-0.459502312678,1.42696514479,2.32666070186,TRY+BRL,True,False,train
primary,primary|2022-06-10T00:00:00+00:00,2022-06-10T00:00:00+0000,2022-06-11T00:00:00+0000,2022-06-11T00:05:00+0000,2022-06-13T00:05:00+0000,1,-1,2.84857818875,3.16896084831,0.706286389478,2.84857818875,EUR+BRL,True,False,train
primary,primary|2022-06-13T00:00:00+00:00,2022-06-13T00:00:00+0000,2022-06-14T00:00:00+0000,2022-06-14T00:05:00+0000,2022-06-16T00:05:00+0000,1,-1,2.65462250953,2.65462250953,0.051534002715,3.70785302652,EUR+BRL,True,False,train
primary,primary|2022-06-17T00:00:00+00:00,2022-06-17T00:00:00+0000,2022-06-18T00:00:00+0000,2022-06-18T00:05:00+0000,2022-06-20T00:05:00+0000,1,-1,1.29946800646,1.32609952839,-0.269709162346,1.29946800646,EUR+BRL,True,False,train
primary,primary|2022-06-28T00:00:00+00:00,2022-06-28T00:00:00+0000,2022-06-29T00:00:00+0000,2022-06-29T00:05:00+0000,2022-07-01T00:05:00+0000,1,-1,1.25303758644,1.75811583794,0.178994778747,1.25303758644,EUR+BRL,True,False,train
primary,primary|2022-07-05T00:00:00+00:00,2022-07-05T00:00:00+0000,2022-07-06T00:00:00+0000,2022-07-06T00:05:00+0000,2022-07-08T00:05:00+0000,1,-1,1.61972745867,4.70572050805,1.44119894764,1.61972745867,EUR+TRY+BRL,True,False,train
primary,primary|2022-07-11T00:00:00+00:00,2022-07-11T00:00:00+0000,2022-07-12T00:00:00+0000,2022-07-12T00:05:00+0000,2022-07-14T00:05:00+0000,1,-1,2.87487938549,3.42678213388,0.796463359068,2.87487938549,EUR+BRL,True,False,train
primary,primary|2022-07-20T00:00:00+00:00,2022-07-20T00:00:00+0000,2022-07-21T00:00:00+0000,2022-07-21T00:05:00+0000,2022-07-23T00:05:00+0000,1,-1,1.41654819741,1.41654819741,1.44726444551,1.4024562576,EUR+TRY+BRL,True,False,train
primary,primary|2022-07-27T00:00:00+00:00,2022-07-27T00:00:00+0000,2022-07-28T00:00:00+0000,2022-07-28T00:05:00+0000,2022-07-30T00:05:00+0000,-1,1,-2.28906483995,-2.28906483995,-1.02880706066,-3.36074868502,EUR+TRY+BRL,True,False,train
primary,primary|2022-08-02T00:00:00+00:00,2022-08-02T00:00:00+0000,2022-08-03T00:00:00+0000,2022-08-03T00:05:00+0000,2022-08-05T00:05:00+0000,1,-1,2.61820756837,2.62267046478,0.231430010267,2.61820756837,EUR+BRL,True,False,train
primary,primary|2022-08-04T00:00:00+00:00,2022-08-04T00:00:00+0000,2022-08-05T00:00:00+0000,2022-08-05T00:05:00+0000,2022-08-07T00:05:00+0000,-1,1,-2.030148619,-2.17116756526,-0.223952172222,-2.030148619,EUR+BRL,True,False,train
primary,primary|2022-08-10T00:00:00+00:00,2022-08-10T00:00:00+0000,2022-08-11T00:00:00+0000,2022-08-11T00:05:00+0000,2022-08-13T00:05:00+0000,-1,1,-1.55599915534,-2.41421386048,-1.55599915534,-1.25121925405,EUR+TRY+BRL,True,False,train
primary,primary|2022-08-12T00:00:00+00:00,2022-08-12T00:00:00+0000,2022-08-13T00:00:00+0000,2022-08-13T00:05:00+0000,2022-08-15T00:05:00+0000,-1,1,-1.26123146801,0.956608939498,-1.26123146801,-2.07353194725,TRY+BRL,True,False,train
primary,primary|2022-08-22T00:00:00+00:00,2022-08-22T00:00:00+0000,2022-08-23T00:00:00+0000,2022-08-23T00:05:00+0000,2022-08-25T00:05:00+0000,-1,1,-1.02133784988,1.87837600737,-1.18511859472,-1.02133784988,TRY+BRL,True,False,train
primary,primary|2022-08-29T00:00:00+00:00,2022-08-29T00:00:00+0000,2022-08-30T00:00:00+0000,2022-08-30T00:05:00+0000,2022-09-01T00:05:00+0000,-1,1,-1.91782454151,-2.22476548753,-1.08196707613,-1.91782454151,EUR+TRY+BRL,True,False,train
primary,primary|2022-09-01T00:00:00+00:00,2022-09-01T00:00:00+0000,2022-09-02T00:00:00+0000,2022-09-02T00:05:00+0000,2022-09-04T00:05:00+0000,1,-1,1.95377954314,2.03576626802,-0.794581576818,1.95377954314,EUR+BRL,True,False,train
primary,primary|2022-09-06T00:00:00+00:00,2022-09-06T00:00:00+0000,2022-09-07T00:00:00+0000,2022-09-07T00:05:00+0000,2022-09-09T00:05:00+0000,1,-1,1.61143933678,1.61143933678,0.532969166448,2.44714341497,EUR+BRL,True,False,train
primary,primary|2022-09-09T00:00:00+00:00,2022-09-09T00:00:00+0000,2022-09-10T00:00:00+0000,2022-09-10T00:05:00+0000,2022-09-12T00:05:00+0000,-1,1,-1.51481200517,-1.51481200517,-0.248644971678,-1.80854324958,EUR+BRL,True,False,train
primary,primary|2022-09-12T00:00:00+00:00,2022-09-12T00:00:00+0000,2022-09-13T00:00:00+0000,2022-09-13T00:05:00+0000,2022-09-15T00:05:00+0000,-1,1,-1.36952382926,-1.36952382926,0.275169822423,-1.94145675611,EUR+BRL,True,False,train
primary,primary|2022-09-13T00:00:00+00:00,2022-09-13T00:00:00+0000,2022-09-14T00:00:00+0000,2022-09-14T00:05:00+0000,2022-09-16T00:05:00+0000,1,-1,3.29719057548,4.44142396914,0.251480902737,3.29719057548,EUR+BRL,False,True,
primary,primary|2022-09-21T00:00:00+00:00,2022-09-21T00:00:00+0000,2022-09-22T00:00:00+0000,2022-09-22T00:05:00+0000,2022-09-24T00:05:00+0000,1,-1,1.17209786945,3.82101492095,0.499017605319,1.17209786945,EUR+BRL,True,False,train
primary,primary|2022-09-22T00:00:00+00:00,2022-09-22T00:00:00+0000,2022-09-23T00:00:00+0000,2022-09-23T00:05:00+0000,2022-09-25T00:05:00+0000,-1,1,-1.56100929234,-0.58628247517,-1.56100929234,-2.30677829817,TRY+BRL,False,True,
primary,primary|2022-09-23T00:00:00+00:00,2022-09-23T00:00:00+0000,2022-09-24T00:00:00+0000,2022-09-24T00:05:00+0000,2022-09-26T00:05:00+0000,1,-1,2.59353761915,3.90041714894,-0.2347760222,2.59353761915,EUR+BRL,True,False,train
primary,primary|2022-09-26T00:00:00+00:00,2022-09-26T00:00:00+0000,2022-09-27T00:00:00+0000,2022-09-27T00:05:00+0000,2022-09-29T00:05:00+0000,1,-1,1.70979047407,1.70979047407,-0.813351644855,2.84397944806,EUR+BRL,True,False,train
primary,primary|2022-10-03T00:00:00+00:00,2022-10-03T00:00:00+0000,2022-10-04T00:00:00+0000,2022-10-04T00:05:00+0000,2022-10-06T00:05:00+0000,-1,1,-1.35044610857,-1.35044610857,-0.737863079103,-6.67464706165,EUR+BRL,True,False,train
primary,primary|2022-10-14T00:00:00+00:00,2022-10-14T00:00:00+0000,2022-10-15T00:00:00+0000,2022-10-15T00:05:00+0000,2022-10-17T00:05:00+0000,1,-1,1.0519974477,1.0519974477,-0.00533135798414,1.94270141564,EUR+BRL,True,False,train
primary,primary|2022-10-19T00:00:00+00:00,2022-10-19T00:00:00+0000,2022-10-20T00:00:00+0000,2022-10-20T00:05:00+0000,2022-10-22T00:05:00+0000,1,-1,1.135517463,2.34903928816,0.231345190951,1.135517463,EUR+BRL,True,False,train
primary,primary|2022-10-21T00:00:00+00:00,2022-10-21T00:00:00+0000,2022-10-22T00:00:00+0000,2022-10-22T00:05:00+0000,2022-10-24T00:05:00+0000,-1,1,-1.94595439933,-2.1109377565,-0.271483739756,-1.94595439933,EUR+BRL,True,False,train
primary,primary|2022-10-25T00:00:00+00:00,2022-10-25T00:00:00+0000,2022-10-26T00:00:00+0000,2022-10-26T00:05:00+0000,2022-10-28T00:05:00+0000,-1,1,-1.42532028525,-2.13040829896,-1.42532028525,-0.381301584884,EUR+TRY,True,False,train
primary,primary|2022-11-04T00:00:00+00:00,2022-11-04T00:00:00+0000,2022-11-05T00:00:00+0000,2022-11-05T00:05:00+0000,2022-11-07T00:05:00+0000,-1,1,-2.54840814952,-5.51445798257,-2.44886015762,-2.54840814952,EUR+TRY+BRL,True,False,train
primary,primary|2022-11-06T00:00:00+00:00,2022-11-06T00:00:00+0000,2022-11-07T00:00:00+0000,2022-11-07T00:05:00+0000,2022-11-09T00:05:00+0000,1,-1,1.00514461692,1.00514461692,1.69293467175,0.736858823382,EUR+TRY,True,False,train
primary,primary|2022-11-07T00:00:00+00:00,2022-11-07T00:00:00+0000,2022-11-08T00:00:00+0000,2022-11-08T00:05:00+0000,2022-11-10T00:05:00+0000,-1,1,-1.32383752649,-2.7407963763,-1.32383752649,2.507777659,EUR+TRY,False,True,
primary,primary|2022-11-08T00:00:00+00:00,2022-11-08T00:00:00+0000,2022-11-09T00:00:00+0000,2022-11-09T00:05:00+0000,2022-11-11T00:05:00+0000,1,-1,1.19717688771,-0.798027351671,2.14907580548,1.19717688771,TRY+BRL,True,False,train
primary,primary|2022-11-10T00:00:00+00:00,2022-11-10T00:00:00+0000,2022-11-11T00:00:00+0000,2022-11-11T00:05:00+0000,2022-11-13T00:05:00+0000,-1,1,-4.53953198024,-4.99409632056,-4.53953198024,2.39892166065,EUR+TRY,True,False,train
primary,primary|2022-11-15T00:00:00+00:00,2022-11-15T00:00:00+0000,2022-11-16T00:00:00+0000,2022-11-16T00:05:00+0000,2022-11-18T00:05:00+0000,-1,1,-1.02200622895,-1.02200622895,-1.68324933683,-0.548267240959,EUR+TRY,True,False,train
primary,primary|2022-11-21T00:00:00+00:00,2022-11-21T00:00:00+0000,2022-11-22T00:00:00+0000,2022-11-22T00:05:00+0000,2022-11-24T00:05:00+0000,-1,1,-1.96637447744,1.92033667223,-1.96637447744,-2.36334891442,TRY+BRL,True,False,train
primary,primary|2022-11-30T00:00:00+00:00,2022-11-30T00:00:00+0000,2022-12-01T00:00:00+0000,2022-12-01T00:05:00+0000,2022-12-03T00:05:00+0000,-1,1,-2.5736274877,-2.5736274877,-1.15453072602,-2.62239920028,EUR+TRY+BRL,True,False,train
primary,primary|2022-12-16T00:00:00+00:00,2022-12-16T00:00:00+0000,2022-12-17T00:00:00+0000,2022-12-17T00:05:00+0000,2022-12-19T00:05:00+0000,1,-1,1.47467952345,1.47467952345,2.22017783883,0.469661357647,EUR+TRY,True,False,train
primary,primary|2023-01-03T00:00:00+00:00,2023-01-03T00:00:00+0000,2023-01-04T00:00:00+0000,2023-01-04T00:05:00+0000,2023-01-06T00:05:00+0000,1,-1,3.28307139695,3.79146630416,-0.850593325629,3.28307139695,EUR+BRL,True,False,selection
primary,primary|2023-01-06T00:00:00+00:00,2023-01-06T00:00:00+0000,2023-01-07T00:00:00+0000,2023-01-07T00:05:00+0000,2023-01-09T00:05:00+0000,-1,1,-2.98424321312,-2.98424321312,1.26749177474,-3.53508263225,EUR+BRL,True,False,selection
primary,primary|2023-01-09T00:00:00+00:00,2023-01-09T00:00:00+0000,2023-01-10T00:00:00+0000,2023-01-10T00:05:00+0000,2023-01-12T00:05:00+0000,-1,1,-1.22652650966,-1.53657210852,-0.128137699439,-1.22652650966,EUR+BRL,True,False,selection
primary,primary|2023-01-12T00:00:00+00:00,2023-01-12T00:00:00+0000,2023-01-13T00:00:00+0000,2023-01-13T00:05:00+0000,2023-01-15T00:05:00+0000,-1,1,-1.3461613064,-2.10122437299,-0.446125242373,-1.3461613064,EUR+BRL,True,False,selection
primary,primary|2023-01-16T00:00:00+00:00,2023-01-16T00:00:00+0000,2023-01-17T00:00:00+0000,2023-01-17T00:05:00+0000,2023-01-19T00:05:00+0000,1,-1,1.06523950503,0.00727889103015,1.45186386007,1.06523950503,TRY+BRL,True,False,selection
primary,primary|2023-01-25T00:00:00+00:00,2023-01-25T00:00:00+0000,2023-01-26T00:00:00+0000,2023-01-26T00:05:00+0000,2023-01-28T00:05:00+0000,-1,1,-1.38464968741,-0.915453015426,-1.38464968741,-2.24925669029,TRY+BRL,True,False,selection
primary,primary|2023-01-31T00:00:00+00:00,2023-01-31T00:00:00+0000,2023-02-01T00:00:00+0000,2023-02-01T00:05:00+0000,2023-02-03T00:05:00+0000,-1,1,-1.22048641861,-0.247959997977,-1.28695780085,-1.22048641861,TRY+BRL,True,False,selection
primary,primary|2023-02-03T00:00:00+00:00,2023-02-03T00:00:00+0000,2023-02-04T00:00:00+0000,2023-02-04T00:05:00+0000,2023-02-06T00:05:00+0000,1,-1,2.09577748447,2.538004214,0.13087613995,2.09577748447,EUR+BRL,True,False,selection
primary,primary|2023-02-09T00:00:00+00:00,2023-02-09T00:00:00+0000,2023-02-10T00:00:00+0000,2023-02-10T00:05:00+0000,2023-02-12T00:05:00+0000,1,-1,1.78701619525,-0.379045495977,1.78701619525,2.62256066437,TRY+BRL,True,False,selection
primary,primary|2023-02-13T00:00:00+00:00,2023-02-13T00:00:00+0000,2023-02-14T00:00:00+0000,2023-02-14T00:05:00+0000,2023-02-16T00:05:00+0000,-1,1,-1.16356522346,-1.16356522346,-0.141114234939,-2.38852319919,EUR+BRL,True,False,selection
primary,primary|2023-02-24T00:00:00+00:00,2023-02-24T00:00:00+0000,2023-02-25T00:00:00+0000,2023-02-25T00:05:00+0000,2023-02-27T00:05:00+0000,1,-1,1.63573814269,1.55415161957,1.63573814269,2.04528236584,EUR+TRY+BRL,True,False,selection
primary,primary|2023-03-06T00:00:00+00:00,2023-03-06T00:00:00+0000,2023-03-07T00:00:00+0000,2023-03-07T00:05:00+0000,2023-03-09T00:05:00+0000,-1,1,-1.57164222765,-2.17135865821,-1.53466172996,-1.57164222765,EUR+TRY+BRL,True,False,selection
primary,primary|2023-03-07T00:00:00+00:00,2023-03-07T00:00:00+0000,2023-03-08T00:00:00+0000,2023-03-08T00:05:00+0000,2023-03-10T00:05:00+0000,1,-1,1.31113319449,3.05575970806,-0.161149611085,1.31113319449,EUR+BRL,False,True,
primary,primary|2023-03-10T00:00:00+00:00,2023-03-10T00:00:00+0000,2023-03-11T00:00:00+0000,2023-03-11T00:05:00+0000,2023-03-13T00:05:00+0000,1,-1,1.30165128814,-2.21964270006,1.30165128814,1.66036835007,TRY+BRL,True,False,selection
primary,primary|2023-03-11T00:00:00+00:00,2023-03-11T00:00:00+0000,2023-03-12T00:00:00+0000,2023-03-12T00:05:00+0000,2023-03-14T00:05:00+0000,-1,1,-2.93306590174,-2.93306590174,0.0903710902706,-4.22692083268,EUR+BRL,False,True,
primary,primary|2023-03-12T00:00:00+00:00,2023-03-12T00:00:00+0000,2023-03-13T00:00:00+0000,2023-03-13T00:05:00+0000,2023-03-15T00:05:00+0000,1,-1,1.82790692365,2.15367109553,-3.28120412366,1.82790692365,EUR+BRL,True,False,selection
primary,primary|2023-03-14T00:00:00+00:00,2023-03-14T00:00:00+0000,2023-03-15T00:00:00+0000,2023-03-15T00:05:00+0000,2023-03-17T00:05:00+0000,1,-1,1.1965835541,0.788176778693,1.1965835541,1.58586244744,TRY+BRL,True,False,selection
primary,primary|2023-03-16T00:00:00+00:00,2023-03-16T00:00:00+0000,2023-03-17T00:00:00+0000,2023-03-17T00:05:00+0000,2023-03-19T00:05:00+0000,-1,1,-1.04557233469,-0.352214681247,-1.04557233469,-1.27762404205,TRY+BRL,True,False,selection
primary,primary|2023-03-24T00:00:00+00:00,2023-03-24T00:00:00+0000,2023-03-25T00:00:00+0000,2023-03-25T00:05:00+0000,2023-03-27T00:05:00+0000,1,-1,2.50358962024,2.50358962024,2.73219913808,-0.320032802437,EUR+TRY,True,False,selection
primary,primary|2023-03-26T00:00:00+00:00,2023-03-26T00:00:00+0000,2023-03-27T00:00:00+0000,2023-03-27T00:05:00+0000,2023-03-29T00:05:00+0000,-1,1,-1.07678064695,-1.14752114384,-1.07678064695,-0.37048304556,EUR+TRY,True,False,selection
primary,primary|2023-03-28T00:00:00+00:00,2023-03-28T00:00:00+0000,2023-03-29T00:00:00+0000,2023-03-29T00:05:00+0000,2023-03-31T00:05:00+0000,-1,1,-1.88815330363,-1.88815330363,-1.17149548744,-1.9683088834,EUR+TRY+BRL,True,False,selection
primary,primary|2023-04-02T00:00:00+00:00,2023-04-02T00:00:00+0000,2023-04-03T00:00:00+0000,2023-04-03T00:05:00+0000,2023-04-05T00:05:00+0000,1,-1,1.19197127871,1.24851981412,1.19197127871,0.514498072344,EUR+TRY,True,False,selection
primary,primary|2023-04-12T00:00:00+00:00,2023-04-12T00:00:00+0000,2023-04-13T00:00:00+0000,2023-04-13T00:05:00+0000,2023-04-15T00:05:00+0000,-1,1,-1.53097862543,-1.53097862543,0.833776996783,-2.51689575966,EUR+BRL,True,False,selection
primary,primary|2023-04-15T00:00:00+00:00,2023-04-15T00:00:00+0000,2023-04-16T00:00:00+0000,2023-04-16T00:05:00+0000,2023-04-18T00:05:00+0000,1,-1,1.58562918612,0.421891607266,2.72709094814,1.58562918612,TRY+BRL,True,False,selection
primary,primary|2023-04-19T00:00:00+00:00,2023-04-19T00:00:00+0000,2023-04-20T00:00:00+0000,2023-04-20T00:05:00+0000,2023-04-22T00:05:00+0000,1,-1,4.16919557378,0.844234086936,14.207728831,4.16919557378,TRY+BRL,True,False,selection
primary,primary|2023-04-21T00:00:00+00:00,2023-04-21T00:00:00+0000,2023-04-22T00:00:00+0000,2023-04-22T00:05:00+0000,2023-04-24T00:05:00+0000,1,-1,1.34669851467,-0.31539764097,4.36128290121,1.34669851467,TRY+BRL,True,False,selection
primary,primary|2023-04-24T00:00:00+00:00,2023-04-24T00:00:00+0000,2023-04-25T00:00:00+0000,2023-04-25T00:05:00+0000,2023-04-27T00:05:00+0000,-1,1,-1.2981294315,-1.2981294315,-8.51033539892,-1.18652225308,EUR+TRY+BRL,True,False,selection
primary,primary|2023-04-27T00:00:00+00:00,2023-04-27T00:00:00+0000,2023-04-28T00:00:00+0000,2023-04-28T00:05:00+0000,2023-04-30T00:05:00+0000,-1,1,-1.77878735832,0.124104592563,-1.77878735832,-2.72225043574,TRY+BRL,True,False,selection
primary,primary|2023-05-03T00:00:00+00:00,2023-05-03T00:00:00+0000,2023-05-04T00:00:00+0000,2023-05-04T00:05:00+0000,2023-05-06T00:05:00+0000,-1,1,-1.42702482685,-1.42702482685,-1.0262176482,-1.60614706309,EUR+TRY+BRL,True,False,selection
primary,primary|2023-05-04T00:00:00+00:00,2023-05-04T00:00:00+0000,2023-05-05T00:00:00+0000,2023-05-05T00:05:00+0000,2023-05-07T00:05:00+0000,1,-1,1.272134059,1.272134059,1.40653274738,-0.577539232784,EUR+TRY,False,True,
primary,primary|2023-05-06T00:00:00+00:00,2023-05-06T00:00:00+0000,2023-05-07T00:00:00+0000,2023-05-07T00:05:00+0000,2023-05-09T00:05:00+0000,1,-1,1.04325128119,-0.140562619235,2.50628480656,1.04325128119,TRY+BRL,True,False,selection
primary,primary|2023-05-08T00:00:00+00:00,2023-05-08T00:00:00+0000,2023-05-09T00:00:00+0000,2023-05-09T00:05:00+0000,2023-05-11T00:05:00+0000,1,-1,1.09100600199,0.884706131313,2.61032101107,1.09100600199,TRY+BRL,True,False,selection
primary,primary|2023-05-11T00:00:00+00:00,2023-05-11T00:00:00+0000,2023-05-12T00:00:00+0000,2023-05-12T00:05:00+0000,2023-05-14T00:05:00+0000,1,-1,1.3752997568,1.3752997568,8.16343981411,-0.0577230435229,EUR+TRY,True,False,selection
primary,primary|2023-05-15T00:00:00+00:00,2023-05-15T00:00:00+0000,2023-05-16T00:00:00+0000,2023-05-16T00:05:00+0000,2023-05-18T00:05:00+0000,-1,1,-1.54725880521,-0.448546077791,-9.1348484755,-1.54725880521,TRY+BRL,True,False,selection
primary,primary|2023-05-18T00:00:00+00:00,2023-05-18T00:00:00+0000,2023-05-19T00:00:00+0000,2023-05-19T00:05:00+0000,2023-05-21T00:05:00+0000,1,-1,1.60833609946,1.60833609946,3.12173660597,1.20918854427,EUR+TRY+BRL,True,False,selection
primary,primary|2023-05-24T00:00:00+00:00,2023-05-24T00:00:00+0000,2023-05-25T00:00:00+0000,2023-05-25T00:05:00+0000,2023-05-27T00:05:00+0000,1,-1,1.13153737015,1.13153737015,3.74948910671,-0.253565173929,EUR+TRY,True,False,selection
primary,primary|2023-05-31T00:00:00+00:00,2023-05-31T00:00:00+0000,2023-06-01T00:00:00+0000,2023-06-01T00:05:00+0000,2023-06-03T00:05:00+0000,1,-1,1.17893842063,1.17893842063,3.78534428748,0.488135295597,EUR+TRY,True,False,selection
primary,primary|2023-06-01T00:00:00+00:00,2023-06-01T00:00:00+0000,2023-06-02T00:00:00+0000,2023-06-02T00:05:00+0000,2023-06-04T00:05:00+0000,-1,1,-1.34254039794,-1.72391889759,0.135968498571,-1.34254039794,EUR+BRL,False,True,
primary,primary|2023-06-08T00:00:00+00:00,2023-06-08T00:00:00+0000,2023-06-09T00:00:00+0000,2023-06-09T00:05:00+0000,2023-06-11T00:05:00+0000,-1,1,-2.01511626915,-2.01511626915,-2.52141169403,0.206768591277,EUR+TRY,True,False,selection
primary,primary|2023-06-10T00:00:00+00:00,2023-06-10T00:00:00+0000,2023-06-11T00:00:00+0000,2023-06-11T00:05:00+0000,2023-06-13T00:05:00+0000,1,-1,3.30846707919,3.30846707919,3.603762848,0.648778649205,EUR+TRY,True,False,selection
primary,primary|2023-06-12T00:00:00+00:00,2023-06-12T00:00:00+0000,2023-06-13T00:00:00+0000,2023-06-13T00:05:00+0000,2023-06-15T00:05:00+0000,-1,1,-2.22472387375,-1.62187497357,-2.69416764066,-2.22472387375,EUR+TRY+BRL,True,False,selection
primary,primary|2023-06-15T00:00:00+00:00,2023-06-15T00:00:00+0000,2023-06-16T00:00:00+0000,2023-06-16T00:05:00+0000,2023-06-18T00:05:00+0000,-1,1,-1.79305480408,-4.38692841887,-1.79305480408,-0.846711175363,EUR+TRY,True,False,selection
primary,primary|2023-06-19T00:00:00+00:00,2023-06-19T00:00:00+0000,2023-06-20T00:00:00+0000,2023-06-20T00:05:00+0000,2023-06-22T00:05:00+0000,-1,1,-2.27178808215,0.593264508737,-3.79939775718,-2.27178808215,TRY+BRL,True,False,selection
primary,primary|2023-06-21T00:00:00+00:00,2023-06-21T00:00:00+0000,2023-06-22T00:00:00+0000,2023-06-22T00:05:00+0000,2023-06-24T00:05:00+0000,-1,1,-1.74251625157,-1.74251625157,-2.25100746745,-1.34768135297,EUR+TRY+BRL,True,False,selection
primary,primary|2023-06-22T00:00:00+00:00,2023-06-22T00:00:00+0000,2023-06-23T00:00:00+0000,2023-06-23T00:05:00+0000,2023-06-25T00:05:00+0000,1,-1,1.00687977331,1.00687977331,17.1938328647,0.451068988391,EUR+TRY,False,True,
primary,primary|2023-06-28T00:00:00+00:00,2023-06-28T00:00:00+0000,2023-06-29T00:00:00+0000,2023-06-29T00:05:00+0000,2023-07-01T00:05:00+0000,1,-1,2.07012792859,1.33936789777,2.89724052151,2.07012792859,EUR+TRY+BRL,True,False,selection
primary,primary|2023-06-30T00:00:00+00:00,2023-06-30T00:00:00+0000,2023-07-01T00:00:00+0000,2023-07-01T00:05:00+0000,2023-07-03T00:05:00+0000,-1,1,-1.80684559041,-1.68389901082,-1.80684559041,-2.02163302555,EUR+TRY+BRL,True,False,selection
primary,primary|2023-07-04T00:00:00+00:00,2023-07-04T00:00:00+0000,2023-07-05T00:00:00+0000,2023-07-05T00:05:00+0000,2023-07-07T00:05:00+0000,1,-1,1.1133768474,1.1133768474,-0.199659664673,2.20476104754,EUR+BRL,True,False,selection
primary,primary|2023-07-10T00:00:00+00:00,2023-07-10T00:00:00+0000,2023-07-11T00:00:00+0000,2023-07-11T00:05:00+0000,2023-07-13T00:05:00+0000,-1,1,-1.07550443941,-1.58404263666,-0.70514004087,-1.07550443941,EUR+BRL,True,False,selection
primary,primary|2023-07-12T00:00:00+00:00,2023-07-12T00:00:00+0000,2023-07-13T00:00:00+0000,2023-07-13T00:05:00+0000,2023-07-15T00:05:00+0000,-1,1,-1.08894342586,-3.13320763176,0.361025670916,-1.08894342586,EUR+BRL,True,False,selection
primary,primary|2023-07-14T00:00:00+00:00,2023-07-14T00:00:00+0000,2023-07-15T00:00:00+0000,2023-07-15T00:05:00+0000,2023-07-17T00:05:00+0000,1,-1,1.43158708805,0.136859087982,4.41265789076,1.43158708805,TRY+BRL,True,False,selection
primary,primary|2023-08-02T00:00:00+00:00,2023-08-02T00:00:00+0000,2023-08-03T00:00:00+0000,2023-08-03T00:05:00+0000,2023-08-05T00:05:00+0000,1,-1,1.18930746681,1.59389498757,-0.0486748180895,1.18930746681,EUR+BRL,True,False,selection
primary,primary|2023-08-15T00:00:00+00:00,2023-08-15T00:00:00+0000,2023-08-16T00:00:00+0000,2023-08-16T00:05:00+0000,2023-08-18T00:05:00+0000,1,-1,1.20274699297,-1.97074954662,1.20274699297,1.44415862765,TRY+BRL,True,False,selection
primary,primary|2023-08-17T00:00:00+00:00,2023-08-17T00:00:00+0000,2023-08-18T00:00:00+0000,2023-08-18T00:05:00+0000,2023-08-20T00:05:00+0000,1,-1,1.51456363596,0.934473828606,2.33748981398,1.51456363596,TRY+BRL,True,False,selection
primary,primary|2023-08-21T00:00:00+00:00,2023-08-21T00:00:00+0000,2023-08-22T00:00:00+0000,2023-08-22T00:05:00+0000,2023-08-24T00:05:00+0000,-1,1,-1.23264636257,-2.50429473068,-0.3449309249,-1.23264636257,EUR+BRL,True,False,selection
primary,primary|2023-08-28T00:00:00+00:00,2023-08-28T00:00:00+0000,2023-08-29T00:00:00+0000,2023-08-29T00:05:00+0000,2023-08-31T00:05:00+0000,-1,1,-1.23234681638,-1.23234681638,-2.81883806149,-0.571631897841,EUR+TRY,True,False,selection
primary,primary|2023-08-31T00:00:00+00:00,2023-08-31T00:00:00+0000,2023-09-01T00:00:00+0000,2023-09-01T00:05:00+0000,2023-09-03T00:05:00+0000,1,-1,2.29902178067,2.29902178067,-0.0749284805685,3.20582419808,EUR+BRL,True,False,selection
primary,primary|2023-09-05T00:00:00+00:00,2023-09-05T00:00:00+0000,2023-09-06T00:00:00+0000,2023-09-06T00:05:00+0000,2023-09-08T00:05:00+0000,1,-1,1.13778563303,1.70871922431,-0.550963751533,1.13778563303,EUR+BRL,True,False,selection
primary,primary|2023-09-27T00:00:00+00:00,2023-09-27T00:00:00+0000,2023-09-28T00:00:00+0000,2023-09-28T00:05:00+0000,2023-09-30T00:05:00+0000,1,-1,1.7662463443,1.7662463443,0.928731696716,2.4302393153,EUR+BRL,True,False,selection
primary,primary|2023-10-02T00:00:00+00:00,2023-10-02T00:00:00+0000,2023-10-03T00:00:00+0000,2023-10-03T00:05:00+0000,2023-10-05T00:05:00+0000,1,-1,1.61194555423,2.46959182303,0.551045188082,1.61194555423,EUR+BRL,True,False,selection
primary,primary|2023-10-10T00:00:00+00:00,2023-10-10T00:00:00+0000,2023-10-11T00:00:00+0000,2023-10-11T00:05:00+0000,2023-10-13T00:05:00+0000,-1,1,-1.32146552879,-0.828435287813,-1.32146552879,-3.87135823206,TRY+BRL,True,False,selection
primary,primary|2023-10-13T00:00:00+00:00,2023-10-13T00:00:00+0000,2023-10-14T00:00:00+0000,2023-10-14T00:05:00+0000,2023-10-16T00:05:00+0000,1,-1,1.20134680502,0.855788565877,1.20134680502,1.22621054371,TRY+BRL,True,False,selection
primary,primary|2023-10-18T00:00:00+00:00,2023-10-18T00:00:00+0000,2023-10-19T00:00:00+0000,2023-10-19T00:05:00+0000,2023-10-21T00:05:00+0000,1,-1,1.01284512921,1.01284512921,0.427470705047,1.01553569017,EUR+BRL,True,False,selection
primary,primary|2023-10-23T00:00:00+00:00,2023-10-23T00:00:00+0000,2023-10-24T00:00:00+0000,2023-10-24T00:05:00+0000,2023-10-26T00:05:00+0000,-1,1,-1.78849019473,-2.66157431961,-0.21352641998,-1.78849019473,EUR+BRL,True,False,selection
primary,primary|2023-10-24T00:00:00+00:00,2023-10-24T00:00:00+0000,2023-10-25T00:00:00+0000,2023-10-25T00:05:00+0000,2023-10-27T00:05:00+0000,1,-1,1.01341170808,2.34907214686,1.01341170808,-0.803369744073,EUR+TRY,False,True,
primary,primary|2023-10-27T00:00:00+00:00,2023-10-27T00:00:00+0000,2023-10-28T00:00:00+0000,2023-10-28T00:05:00+0000,2023-10-30T00:05:00+0000,1,-1,1.13183253382,-0.138154421861,1.70219848145,1.13183253382,TRY+BRL,True,False,selection
primary,primary|2023-11-03T00:00:00+00:00,2023-11-03T00:00:00+0000,2023-11-04T00:00:00+0000,2023-11-04T00:05:00+0000,2023-11-06T00:05:00+0000,-1,1,-2.85455082755,-3.28046057027,1.34136057203,-2.85455082755,EUR+BRL,True,False,selection
primary,primary|2023-11-06T00:00:00+00:00,2023-11-06T00:00:00+0000,2023-11-07T00:00:00+0000,2023-11-07T00:05:00+0000,2023-11-09T00:05:00+0000,-1,1,-1.58392092595,0.0933952098768,-1.73207039472,-1.58392092595,TRY+BRL,True,False,selection
primary,primary|2023-11-09T00:00:00+00:00,2023-11-09T00:00:00+0000,2023-11-10T00:00:00+0000,2023-11-10T00:05:00+0000,2023-11-12T00:05:00+0000,1,-1,1.3272080871,1.19745480539,1.3272080871,1.53349779544,EUR+TRY+BRL,True,False,selection
primary,primary|2023-11-14T00:00:00+00:00,2023-11-14T00:00:00+0000,2023-11-15T00:00:00+0000,2023-11-15T00:05:00+0000,2023-11-17T00:05:00+0000,-1,1,-2.22531816334,-5.34500927319,-0.546569802382,-2.22531816334,EUR+BRL,True,False,selection
primary,primary|2023-11-17T00:00:00+00:00,2023-11-17T00:00:00+0000,2023-11-18T00:00:00+0000,2023-11-18T00:05:00+0000,2023-11-20T00:05:00+0000,1,-1,1.16105696768,-1.88748843753,1.52354501791,1.16105696768,TRY+BRL,True,False,selection
primary,primary|2023-11-20T00:00:00+00:00,2023-11-20T00:00:00+0000,2023-11-21T00:00:00+0000,2023-11-21T00:05:00+0000,2023-11-23T00:05:00+0000,-1,1,-1.02723843013,-1.02723843013,0.173104817873,-2.50349401899,EUR+BRL,True,False,selection
primary,primary|2023-11-28T00:00:00+00:00,2023-11-28T00:00:00+0000,2023-11-29T00:00:00+0000,2023-11-29T00:05:00+0000,2023-12-01T00:05:00+0000,-1,1,-1.43563881136,-1.43563881136,-0.863941672786,-1.86336181097,EUR+BRL,True,False,selection
primary,primary|2023-11-30T00:00:00+00:00,2023-11-30T00:00:00+0000,2023-12-01T00:00:00+0000,2023-12-01T00:05:00+0000,2023-12-03T00:05:00+0000,1,-1,1.04717226021,2.47968803166,-0.938614973021,1.04717226021,EUR+BRL,True,False,selection
primary,primary|2023-12-04T00:00:00+00:00,2023-12-04T00:00:00+0000,2023-12-05T00:00:00+0000,2023-12-05T00:05:00+0000,2023-12-07T00:05:00+0000,1,-1,1.70172502408,1.70172502408,0.119057350769,2.06881083398,EUR+BRL,True,False,selection
primary,primary|2023-12-13T00:00:00+00:00,2023-12-13T00:00:00+0000,2023-12-14T00:00:00+0000,2023-12-14T00:05:00+0000,2023-12-16T00:05:00+0000,-1,1,-2.14007885243,-2.14007885243,0.107517159393,-2.34444234535,EUR+BRL,True,False,selection
primary,primary|2023-12-15T00:00:00+00:00,2023-12-15T00:00:00+0000,2023-12-16T00:00:00+0000,2023-12-16T00:05:00+0000,2023-12-18T00:05:00+0000,1,-1,3.02812130856,3.02812130856,4.2575665131,2.03307676639,EUR+TRY+BRL,True,False,selection
primary,primary|2023-12-19T00:00:00+00:00,2023-12-19T00:00:00+0000,2023-12-20T00:00:00+0000,2023-12-20T00:05:00+0000,2023-12-22T00:05:00+0000,-1,1,-1.58028604811,-1.58028604811,-0.378004998785,-1.60359224996,EUR+BRL,True,False,selection
primary,primary|2023-12-20T00:00:00+00:00,2023-12-20T00:00:00+0000,2023-12-21T00:00:00+0000,2023-12-21T00:05:00+0000,2023-12-23T00:05:00+0000,1,-1,1.23351549792,1.23351549792,-1.85388778245,2.20538905869,EUR+BRL,False,True,
primary,primary|2023-12-21T00:00:00+00:00,2023-12-21T00:00:00+0000,2023-12-22T00:00:00+0000,2023-12-22T00:05:00+0000,2023-12-24T00:05:00+0000,-1,1,-1.58029355263,-1.76426218142,-0.522535875668,-1.58029355263,EUR+BRL,True,False,selection
primary,primary|2023-12-26T00:00:00+00:00,2023-12-26T00:00:00+0000,2023-12-27T00:00:00+0000,2023-12-27T00:05:00+0000,2023-12-29T00:05:00+0000,-1,1,-1.39563962186,-1.39563962186,4.02450116259,-4.63582055042,EUR+BRL,True,False,selection
primary,primary|2023-12-28T00:00:00+00:00,2023-12-28T00:00:00+0000,2023-12-29T00:00:00+0000,2023-12-29T00:05:00+0000,2023-12-31T00:05:00+0000,1,-1,1.48274564632,1.48274564632,-0.270678434999,1.81512332234,EUR+BRL,True,False,selection
stale_one_day,stale_one_day|2021-05-06T00:00:00+00:00,2021-05-06T00:00:00+0000,2021-05-07T00:00:00+0000,2021-05-07T00:05:00+0000,2021-05-09T00:05:00+0000,-1,1,-0.665970965651,-0.665970965651,0.818532333327,-1.44819224966,BRL,True,False,train
stale_one_day,stale_one_day|2021-05-11T00:00:00+00:00,2021-05-11T00:00:00+0000,2021-05-12T00:00:00+0000,2021-05-12T00:05:00+0000,2021-05-14T00:05:00+0000,1,-1,-1.4068555468,-0.684118958468,-1.43158095089,-1.4068555468,,True,False,train
stale_one_day,stale_one_day|2021-05-12T00:00:00+00:00,2021-05-12T00:00:00+0000,2021-05-13T00:00:00+0000,2021-05-13T00:05:00+0000,2021-05-15T00:05:00+0000,-1,1,2.2858837347,2.25864017971,3.11870079886,2.2858837347,,False,True,
stale_one_day,stale_one_day|2021-05-13T00:00:00+00:00,2021-05-13T00:00:00+0000,2021-05-14T00:00:00+0000,2021-05-14T00:05:00+0000,2021-05-16T00:05:00+0000,1,-1,-0.379769310601,-0.462640037494,-0.262163556564,-0.379769310601,,True,False,train
stale_one_day,stale_one_day|2021-05-15T00:00:00+00:00,2021-05-15T00:00:00+0000,2021-05-16T00:00:00+0000,2021-05-16T00:05:00+0000,2021-05-18T00:05:00+0000,-1,1,0.707552901679,0.109673541794,0.707552901679,0.707729985607,,True,False,train
stale_one_day,stale_one_day|2021-05-20T00:00:00+00:00,2021-05-20T00:00:00+0000,2021-05-21T00:00:00+0000,2021-05-21T00:05:00+0000,2021-05-23T00:05:00+0000,1,-1,-1.47267829796,-0.635543549454,-1.80386866298,-1.47267829796,,True,False,train
stale_one_day,stale_one_day|2021-05-21T00:00:00+00:00,2021-05-21T00:00:00+0000,2021-05-22T00:00:00+0000,2021-05-22T00:05:00+0000,2021-05-24T00:05:00+0000,-1,1,0.878963732337,0.878963732337,0.677787084735,1.56865781752,,False,True,
stale_one_day,stale_one_day|2021-06-01T00:00:00+00:00,2021-06-01T00:00:00+0000,2021-06-02T00:00:00+0000,2021-06-02T00:05:00+0000,2021-06-04T00:05:00+0000,-1,1,0.499974027141,0.499974027141,0.845283634272,-1.44787912829,BRL,True,False,train
stale_one_day,stale_one_day|2021-06-12T00:00:00+00:00,2021-06-12T00:00:00+0000,2021-06-13T00:00:00+0000,2021-06-13T00:05:00+0000,2021-06-15T00:05:00+0000,1,-1,0.104063348866,0.384695489403,-0.165182770188,0.104063348866,,True,False,train
stale_one_day,stale_one_day|2021-06-14T00:00:00+00:00,2021-06-14T00:00:00+0000,2021-06-15T00:00:00+0000,2021-06-15T00:05:00+0000,2021-06-17T00:05:00+0000,-1,1,-0.0221194334364,0.51189150808,-0.0221194334364,-0.141193356304,,True,False,train
stale_one_day,stale_one_day|2021-06-19T00:00:00+00:00,2021-06-19T00:00:00+0000,2021-06-20T00:00:00+0000,2021-06-20T00:05:00+0000,2021-06-22T00:05:00+0000,1,-1,0.217300351717,0.162935024941,0.217300351717,0.417614701652,,True,False,train
stale_one_day,stale_one_day|2021-06-23T00:00:00+00:00,2021-06-23T00:00:00+0000,2021-06-24T00:00:00+0000,2021-06-24T00:05:00+0000,2021-06-26T00:05:00+0000,-1,1,-0.0293115031725,0.601856916536,-0.666355373275,-0.0293115031725,,True,False,train
stale_one_day,stale_one_day|2021-06-26T00:00:00+00:00,2021-06-26T00:00:00+0000,2021-06-27T00:00:00+0000,2021-06-27T00:05:00+0000,2021-06-29T00:05:00+0000,1,-1,-0.265997702787,0.234873176373,-0.265997702787,-0.46980771266,,True,False,train
stale_one_day,stale_one_day|2021-07-07T00:00:00+00:00,2021-07-07T00:00:00+0000,2021-07-08T00:00:00+0000,2021-07-08T00:05:00+0000,2021-07-10T00:05:00+0000,1,-1,1.30066409563,1.30066409563,-0.0656788024095,1.33880033349,EUR+BRL,True,False,train
stale_one_day,stale_one_day|2021-07-30T00:00:00+00:00,2021-07-30T00:00:00+0000,2021-07-31T00:00:00+0000,2021-07-31T00:05:00+0000,2021-08-02T00:05:00+0000,-1,1,-0.673703294514,-1.29095313828,-0.673703294514,2.55666929957,EUR,True,False,train
stale_one_day,stale_one_day|2021-08-02T00:00:00+00:00,2021-08-02T00:00:00+0000,2021-08-03T00:00:00+0000,2021-08-03T00:05:00+0000,2021-08-05T00:05:00+0000,1,-1,-0.652622895312,-0.652622895312,-0.853833930936,0.0405379576815,,True,False,train
stale_one_day,stale_one_day|2021-08-09T00:00:00+00:00,2021-08-09T00:00:00+0000,2021-08-10T00:00:00+0000,2021-08-10T00:05:00+0000,2021-08-12T00:05:00+0000,1,-1,-0.173053026534,-0.665801513631,-0.173053026534,-0.0803484884398,,True,False,train
stale_one_day,stale_one_day|2021-08-12T00:00:00+00:00,2021-08-12T00:00:00+0000,2021-08-13T00:00:00+0000,2021-08-13T00:05:00+0000,2021-08-15T00:05:00+0000,1,-1,-0.522937617012,-0.522937617012,-1.13882182722,0.358727045094,,True,False,train
stale_one_day,stale_one_day|2021-08-14T00:00:00+00:00,2021-08-14T00:00:00+0000,2021-08-15T00:00:00+0000,2021-08-15T00:05:00+0000,2021-08-17T00:05:00+0000,-1,1,0.253576394398,0.636056279841,0.107868954315,0.253576394398,,True,False,train
stale_one_day,stale_one_day|2021-08-17T00:00:00+00:00,2021-08-17T00:00:00+0000,2021-08-18T00:00:00+0000,2021-08-18T00:05:00+0000,2021-08-20T00:05:00+0000,1,-1,1.31287293483,1.43093573544,-0.597378754511,1.31287293483,EUR+BRL,True,False,train
stale_one_day,stale_one_day|2021-08-28T00:00:00+00:00,2021-08-28T00:00:00+0000,2021-08-29T00:00:00+0000,2021-08-29T00:05:00+0000,2021-08-31T00:05:00+0000,-1,1,-0.207401952758,-0.207401952758,-0.388035581723,0.580141704816,,True,False,train
stale_one_day,stale_one_day|2021-09-08T00:00:00+00:00,2021-09-08T00:00:00+0000,2021-09-09T00:00:00+0000,2021-09-09T00:05:00+0000,2021-09-11T00:05:00+0000,1,-1,0.825454660992,-1.673151414,1.00488998213,0.825454660992,TRY,True,False,train
stale_one_day,stale_one_day|2021-09-17T00:00:00+00:00,2021-09-17T00:00:00+0000,2021-09-18T00:00:00+0000,2021-09-18T00:05:00+0000,2021-09-20T00:05:00+0000,1,-1,1.25937904181,0.761408974369,1.89626844396,1.25937904181,TRY+BRL,True,False,train
stale_one_day,stale_one_day|2021-09-25T00:00:00+00:00,2021-09-25T00:00:00+0000,2021-09-26T00:00:00+0000,2021-09-26T00:05:00+0000,2021-09-28T00:05:00+0000,1,-1,0.374997785774,-0.0470175696607,0.690581427381,0.374997785774,,True,False,train
stale_one_day,stale_one_day|2021-09-29T00:00:00+00:00,2021-09-29T00:00:00+0000,2021-09-30T00:00:00+0000,2021-09-30T00:05:00+0000,2021-10-02T00:05:00+0000,1,-1,0.34550094032,1.04283419261,-0.407503422978,0.34550094032,EUR,True,False,train
stale_one_day,stale_one_day|2021-10-01T00:00:00+00:00,2021-10-01T00:00:00+0000,2021-10-02T00:00:00+0000,2021-10-02T00:05:00+0000,2021-10-04T00:05:00+0000,-1,1,-1.23124030132,-0.964557670757,-1.23124030132,-1.99945728765,TRY+BRL,True,False,train
stale_one_day,stale_one_day|2021-10-05T00:00:00+00:00,2021-10-05T00:00:00+0000,2021-10-06T00:00:00+0000,2021-10-06T00:05:00+0000,2021-10-08T00:05:00+0000,1,-1,0.143599725292,-0.633490605658,0.143599725292,1.52800660819,BRL,True,False,train
stale_one_day,stale_one_day|2021-10-21T00:00:00+00:00,2021-10-21T00:00:00+0000,2021-10-22T00:00:00+0000,2021-10-22T00:05:00+0000,2021-10-24T00:05:00+0000,-1,1,2.22336276067,2.22336276067,5.2449026939,1.77210059404,,True,False,train
stale_one_day,stale_one_day|2021-10-22T00:00:00+00:00,2021-10-22T00:00:00+0000,2021-10-23T00:00:00+0000,2021-10-23T00:05:00+0000,2021-10-25T00:05:00+0000,1,-1,0.746305736797,0.746305736797,1.17897304357,0.328735237528,TRY,False,True,
stale_one_day,stale_one_day|2021-10-26T00:00:00+00:00,2021-10-26T00:00:00+0000,2021-10-27T00:00:00+0000,2021-10-27T00:05:00+0000,2021-10-29T00:05:00+0000,-1,1,0.407028292864,0.7814477138,0.407028292864,0.402846239181,,True,False,train
stale_one_day,stale_one_day|2021-11-05T00:00:00+00:00,2021-11-05T00:00:00+0000,2021-11-06T00:00:00+0000,2021-11-06T00:05:00+0000,2021-11-08T00:05:00+0000,1,-1,-0.655260343027,1.25735143865,-0.655260343027,-1.30177546465,EUR,True,False,train
stale_one_day,stale_one_day|2021-11-09T00:00:00+00:00,2021-11-09T00:00:00+0000,2021-11-10T00:00:00+0000,2021-11-10T00:05:00+0000,2021-11-12T00:05:00+0000,-1,1,0.572302747319,0.65897443692,0.572302747319,-0.554467136322,,True,False,train
stale_one_day,stale_one_day|2021-11-11T00:00:00+00:00,2021-11-11T00:00:00+0000,2021-11-12T00:00:00+0000,2021-11-12T00:05:00+0000,2021-11-14T00:05:00+0000,1,-1,0.529688555428,1.41680796421,0.529688555428,-2.71807230634,EUR,True,False,train
stale_one_day,stale_one_day|2021-11-13T00:00:00+00:00,2021-11-13T00:00:00+0000,2021-11-14T00:00:00+0000,2021-11-14T00:05:00+0000,2021-11-16T00:05:00+0000,1,-1,0.217427850118,0.293195554056,-0.14438967998,0.217427850118,,True,False,train
stale_one_day,stale_one_day|2021-11-17T00:00:00+00:00,2021-11-17T00:00:00+0000,2021-11-18T00:00:00+0000,2021-11-18T00:05:00+0000,2021-11-20T00:05:00+0000,1,-1,-0.130747277463,-0.30048745536,4.13881264076,-0.130747277463,TRY,True,False,train
stale_one_day,stale_one_day|2021-11-19T00:00:00+00:00,2021-11-19T00:00:00+0000,2021-11-20T00:00:00+0000,2021-11-20T00:05:00+0000,2021-11-22T00:05:00+0000,1,-1,0.50704284526,2.38114269491,-2.14454488448,0.50704284526,EUR,True,False,train
stale_one_day,stale_one_day|2021-12-02T00:00:00+00:00,2021-12-02T00:00:00+0000,2021-12-03T00:00:00+0000,2021-12-03T00:05:00+0000,2021-12-05T00:05:00+0000,1,-1,0.473397802552,0.473397802552,2.88817494672,-0.807342748843,TRY,True,False,train
stale_one_day,stale_one_day|2021-12-05T00:00:00+00:00,2021-12-05T00:00:00+0000,2021-12-06T00:00:00+0000,2021-12-06T00:05:00+0000,2021-12-08T00:05:00+0000,1,-1,-0.802842921918,-2.87062757149,-0.0974950859327,-0.802842921918,,True,False,train
stale_one_day,stale_one_day|2021-12-08T00:00:00+00:00,2021-12-08T00:00:00+0000,2021-12-09T00:00:00+0000,2021-12-09T00:05:00+0000,2021-12-11T00:05:00+0000,-1,1,-1.06225287954,-2.0535521042,-0.557250146177,-1.06225287954,EUR+BRL,True,False,train
stale_one_day,stale_one_day|2021-12-10T00:00:00+00:00,2021-12-10T00:00:00+0000,2021-12-11T00:00:00+0000,2021-12-11T00:05:00+0000,2021-12-13T00:05:00+0000,1,-1,0.0993820087685,0.015470009319,3.19035957346,0.0993820087685,TRY,True,False,train
stale_one_day,stale_one_day|2021-12-14T00:00:00+00:00,2021-12-14T00:00:00+0000,2021-12-15T00:00:00+0000,2021-12-15T00:05:00+0000,2021-12-17T00:05:00+0000,1,-1,0.598089748944,0.598089748944,1.88236557204,-0.451502247582,TRY,True,False,train
stale_one_day,stale_one_day|2021-12-18T00:00:00+00:00,2021-12-18T00:00:00+0000,2021-12-19T00:00:00+0000,2021-12-19T00:05:00+0000,2021-12-21T00:05:00+0000,1,-1,0.0665111474036,0.0665111474036,-0.377740507885,0.131567594976,,True,False,train
stale_one_day,stale_one_day|2021-12-21T00:00:00+00:00,2021-12-21T00:00:00+0000,2021-12-22T00:00:00+0000,2021-12-22T00:05:00+0000,2021-12-24T00:05:00+0000,-1,1,-0.234971286942,-0.234971286942,-5.1592722386,-0.0185357330005,TRY,True,False,train
stale_one_day,stale_one_day|2021-12-23T00:00:00+00:00,2021-12-23T00:00:00+0000,2021-12-24T00:00:00+0000,2021-12-24T00:05:00+0000,2021-12-26T00:05:00+0000,-1,1,-0.621456730059,-0.621456730059,-12.1025863744,-0.441722737782,TRY,True,False,train
stale_one_day,stale_one_day|2021-12-30T00:00:00+00:00,2021-12-30T00:00:00+0000,2021-12-31T00:00:00+0000,2021-12-31T00:05:00+0000,2022-01-02T00:05:00+0000,1,-1,0.810034209805,0.810034209805,2.62196299684,-3.33541809861,TRY,True,False,train
stale_one_day,stale_one_day|2022-01-04T00:00:00+00:00,2022-01-04T00:00:00+0000,2022-01-05T00:00:00+0000,2022-01-05T00:05:00+0000,2022-01-07T00:05:00+0000,1,-1,0.560580778797,0.560580778797,2.18201924647,0.464432842862,TRY,True,False,train
stale_one_day,stale_one_day|2022-01-06T00:00:00+00:00,2022-01-06T00:00:00+0000,2022-01-07T00:00:00+0000,2022-01-07T00:05:00+0000,2022-01-09T00:05:00+0000,1,-1,-0.502622344396,-0.0416511436747,-0.502622344396,-0.90875088969,,True,False,train
stale_one_day,stale_one_day|2022-01-08T00:00:00+00:00,2022-01-08T00:00:00+0000,2022-01-09T00:00:00+0000,2022-01-09T00:05:00+0000,2022-01-11T00:05:00+0000,-1,1,0.257405139449,0.257405139449,0.521620586429,0.238274250028,,True,False,train
stale_one_day,stale_one_day|2022-01-12T00:00:00+00:00,2022-01-12T00:00:00+0000,2022-01-13T00:00:00+0000,2022-01-13T00:05:00+0000,2022-01-15T00:05:00+0000,-1,1,-1.92455207697,-1.92455207697,-3.61420270908,-1.61805989397,EUR+TRY+BRL,True,False,train
stale_one_day,stale_one_day|2022-01-19T00:00:00+00:00,2022-01-19T00:00:00+0000,2022-01-20T00:00:00+0000,2022-01-20T00:05:00+0000,2022-01-22T00:05:00+0000,1,-1,-0.430450382533,-0.430450382533,-0.26734400984,-3.66066184423,,True,False,train
stale_one_day,stale_one_day|2022-01-22T00:00:00+00:00,2022-01-22T00:00:00+0000,2022-01-23T00:00:00+0000,2022-01-23T00:05:00+0000,2022-01-25T00:05:00+0000,1,-1,0.100867410977,0.14284965191,0.100867410977,0.0993159698184,,True,False,train
stale_one_day,stale_one_day|2022-01-27T00:00:00+00:00,2022-01-27T00:00:00+0000,2022-01-28T00:00:00+0000,2022-01-28T00:05:00+0000,2022-01-30T00:05:00+0000,1,-1,-0.0582119261946,2.4794744741,-0.0582119261946,-1.4270960135,EUR,True,False,train
stale_one_day,stale_one_day|2022-01-29T00:00:00+00:00,2022-01-29T00:00:00+0000,2022-01-30T00:00:00+0000,2022-01-30T00:05:00+0000,2022-02-01T00:05:00+0000,-1,1,0.0262214686734,0.242457274758,-0.57117233837,0.0262214686734,,True,False,train
stale_one_day,stale_one_day|2022-02-01T00:00:00+00:00,2022-02-01T00:00:00+0000,2022-02-02T00:00:00+0000,2022-02-02T00:05:00+0000,2022-02-04T00:05:00+0000,-1,1,-1.02609001455,-1.02609001455,0.633649645505,-1.37387098446,EUR+BRL,True,False,train
stale_one_day,stale_one_day|2022-02-16T00:00:00+00:00,2022-02-16T00:00:00+0000,2022-02-17T00:00:00+0000,2022-02-17T00:05:00+0000,2022-02-19T00:05:00+0000,-1,1,-0.452669472163,-0.452669472163,0.0651430609072,-0.681488914652,,True,False,train
stale_one_day,stale_one_day|2022-02-25T00:00:00+00:00,2022-02-25T00:00:00+0000,2022-02-26T00:00:00+0000,2022-02-26T00:05:00+0000,2022-02-28T00:05:00+0000,1,-1,-1.85390273997,-1.85390273997,-2.05696434977,1.17502898101,BRL,True,False,train
stale_one_day,stale_one_day|2022-02-26T00:00:00+00:00,2022-02-26T00:00:00+0000,2022-02-27T00:00:00+0000,2022-02-27T00:05:00+0000,2022-03-01T00:05:00+0000,-1,1,0.0921719301961,0.0921719301961,0.491754008043,-0.0597773358606,,False,True,
stale_one_day,stale_one_day|2022-02-28T00:00:00+00:00,2022-02-28T00:00:00+0000,2022-03-01T00:00:00+0000,2022-03-01T00:05:00+0000,2022-03-03T00:05:00+0000,1,-1,-1.71093396784,-1.46406173162,-3.5648217876,-1.71093396784,,True,False,train
stale_one_day,stale_one_day|2022-03-01T00:00:00+00:00,2022-03-01T00:00:00+0000,2022-03-02T00:00:00+0000,2022-03-02T00:05:00+0000,2022-03-04T00:05:00+0000,-1,1,0.969944425767,2.80978682485,0.969944425767,-0.450938087886,,False,True,
stale_one_day,stale_one_day|2022-03-05T00:00:00+00:00,2022-03-05T00:00:00+0000,2022-03-06T00:00:00+0000,2022-03-06T00:05:00+0000,2022-03-08T00:05:00+0000,1,-1,-0.0417986229794,-0.120855714476,-0.0417986229794,0.0290664113577,,True,False,train
stale_one_day,stale_one_day|2022-03-09T00:00:00+00:00,2022-03-09T00:00:00+0000,2022-03-10T00:00:00+0000,2022-03-10T00:05:00+0000,2022-03-12T00:05:00+0000,-1,1,-2.25636212108,-5.7039008781,0.104014446071,-2.25636212108,EUR+BRL,True,False,train
stale_one_day,stale_one_day|2022-03-11T00:00:00+00:00,2022-03-11T00:00:00+0000,2022-03-12T00:00:00+0000,2022-03-12T00:05:00+0000,2022-03-14T00:05:00+0000,1,-1,1.1642864847,3.22838572517,-0.543097755243,1.1642864847,EUR+BRL,True,False,train
stale_one_day,stale_one_day|2022-03-17T00:00:00+00:00,2022-03-17T00:00:00+0000,2022-03-18T00:00:00+0000,2022-03-18T00:05:00+0000,2022-03-20T00:05:00+0000,-1,1,-1.25869328532,-2.14457268183,0.518423520137,-1.25869328532,EUR+BRL,True,False,train
stale_one_day,stale_one_day|2022-03-30T00:00:00+00:00,2022-03-30T00:00:00+0000,2022-03-31T00:00:00+0000,2022-03-31T00:05:00+0000,2022-04-02T00:05:00+0000,-1,1,-0.16080524125,-2.48212425896,-0.16080524125,0.330079963278,EUR,True,False,train
stale_one_day,stale_one_day|2022-04-06T00:00:00+00:00,2022-04-06T00:00:00+0000,2022-04-07T00:00:00+0000,2022-04-07T00:05:00+0000,2022-04-09T00:05:00+0000,1,-1,0.230196244621,0.230196244621,0.195951357136,2.44873144954,BRL,True,False,train
stale_one_day,stale_one_day|2022-04-13T00:00:00+00:00,2022-04-13T00:00:00+0000,2022-04-14T00:00:00+0000,2022-04-14T00:05:00+0000,2022-04-16T00:05:00+0000,-1,1,-0.314090615105,-2.33805778902,-0.314090615105,0.42771024723,EUR,True,False,train
stale_one_day,stale_one_day|2022-04-21T00:00:00+00:00,2022-04-21T00:00:00+0000,2022-04-22T00:00:00+0000,2022-04-22T00:05:00+0000,2022-04-24T00:05:00+0000,-1,1,0.233750350723,0.630716927131,0.233750350723,0.0452702319729,,True,False,train
stale_one_day,stale_one_day|2022-04-23T00:00:00+00:00,2022-04-23T00:00:00+0000,2022-04-24T00:00:00+0000,2022-04-24T00:05:00+0000,2022-04-26T00:05:00+0000,1,-1,-0.120806630487,-0.180149065551,-0.120806630487,0.234836851703,,True,False,train
stale_one_day,stale_one_day|2022-04-26T00:00:00+00:00,2022-04-26T00:00:00+0000,2022-04-27T00:00:00+0000,2022-04-27T00:05:00+0000,2022-04-29T00:05:00+0000,1,-1,2.52326889744,2.52326889744,0.395524049463,4.70569001698,EUR+BRL,True,False,train
stale_one_day,stale_one_day|2022-05-05T00:00:00+00:00,2022-05-05T00:00:00+0000,2022-05-06T00:00:00+0000,2022-05-06T00:05:00+0000,2022-05-08T00:05:00+0000,-1,1,2.66020470739,2.66020470739,1.53267972724,4.36005514758,,True,False,train
stale_one_day,stale_one_day|2022-05-06T00:00:00+00:00,2022-05-06T00:00:00+0000,2022-05-07T00:00:00+0000,2022-05-07T00:05:00+0000,2022-05-09T00:05:00+0000,1,-1,0.508134092284,-0.293198169557,0.508134092284,1.49928547155,BRL,False,True,
stale_one_day,stale_one_day|2022-05-10T00:00:00+00:00,2022-05-10T00:00:00+0000,2022-05-11T00:00:00+0000,2022-05-11T00:05:00+0000,2022-05-13T00:05:00+0000,1,-1,0.843727435335,1.52846691342,0.843727435335,-1.20272988266,EUR,True,False,train
stale_one_day,stale_one_day|2022-05-18T00:00:00+00:00,2022-05-18T00:00:00+0000,2022-05-19T00:00:00+0000,2022-05-19T00:05:00+0000,2022-05-21T00:05:00+0000,-1,1,2.27135388691,2.35628767933,2.27135388691,1.42199490449,,True,False,train
stale_one_day,stale_one_day|2022-05-19T00:00:00+00:00,2022-05-19T00:00:00+0000,2022-05-20T00:00:00+0000,2022-05-20T00:05:00+0000,2022-05-22T00:05:00+0000,1,-1,-1.84072280913,-3.5171356714,-1.76939163588,-1.84072280913,,False,True,
stale_one_day,stale_one_day|2022-05-20T00:00:00+00:00,2022-05-20T00:00:00+0000,2022-05-21T00:00:00+0000,2022-05-21T00:05:00+0000,2022-05-23T00:05:00+0000,-1,1,0.286817866759,0.723223946697,0.286817866759,-1.42566027713,BRL,True,False,train
stale_one_day,stale_one_day|2022-05-24T00:00:00+00:00,2022-05-24T00:00:00+0000,2022-05-25T00:00:00+0000,2022-05-25T00:05:00+0000,2022-05-27T00:05:00+0000,-1,1,-0.271275017944,-1.40176157688,0.326932572916,-0.271275017944,EUR,True,False,train
stale_one_day,stale_one_day|2022-05-26T00:00:00+00:00,2022-05-26T00:00:00+0000,2022-05-27T00:00:00+0000,2022-05-27T00:05:00+0000,2022-05-29T00:05:00+0000,1,-1,-1.17765589442,-1.37704053646,0.627260111534,-1.17765589442,,True,False,train
stale_one_day,stale_one_day|2022-05-27T00:00:00+00:00,2022-05-27T00:00:00+0000,2022-05-28T00:00:00+0000,2022-05-28T00:05:00+0000,2022-05-30T00:05:00+0000,-1,1,-0.732004349503,-0.325793677765,-0.732004349503,-1.83232517721,BRL,False,True,
stale_one_day,stale_one_day|2022-06-02T00:00:00+00:00,2022-06-02T00:00:00+0000,2022-06-03T00:00:00+0000,2022-06-03T00:05:00+0000,2022-06-05T00:05:00+0000,1,-1,-1.16802104385,-2.66409189275,0.00963397574333,-1.16802104385,,True,False,train
stale_one_day,stale_one_day|2022-06-03T00:00:00+00:00,2022-06-03T00:00:00+0000,2022-06-04T00:00:00+0000,2022-06-04T00:05:00+0000,2022-06-06T00:05:00+0000,-1,1,-0.0528223929267,0.900313153402,-0.0528223929267,-0.20824702091,,False,True,
stale_one_day,stale_one_day|2022-06-08T00:00:00+00:00,2022-06-08T00:00:00+0000,2022-06-09T00:00:00+0000,2022-06-09T00:05:00+0000,2022-06-11T00:05:00+0000,1,-1,1.59969462507,-0.331045565946,2.38283578235,1.59969462507,TRY+BRL,True,False,train
stale_one_day,stale_one_day|2022-06-11T00:00:00+00:00,2022-06-11T00:00:00+0000,2022-06-12T00:00:00+0000,2022-06-12T00:05:00+0000,2022-06-14T00:05:00+0000,1,-1,0.398243183144,0.170467985256,0.486709939522,0.398243183144,,True,False,train
stale_one_day,stale_one_day|2022-06-14T00:00:00+00:00,2022-06-14T00:00:00+0000,2022-06-15T00:00:00+0000,2022-06-15T00:05:00+0000,2022-06-17T00:05:00+0000,1,-1,-0.657554846768,-1.40938140797,-0.657554846768,0.0861786375201,,True,False,train
stale_one_day,stale_one_day|2022-06-18T00:00:00+00:00,2022-06-18T00:00:00+0000,2022-06-19T00:00:00+0000,2022-06-19T00:05:00+0000,2022-06-21T00:05:00+0000,1,-1,0.193787074118,0.981138413213,0.193787074118,0.146645295167,,True,False,train
stale_one_day,stale_one_day|2022-06-29T00:00:00+00:00,2022-06-29T00:00:00+0000,2022-06-30T00:00:00+0000,2022-06-30T00:05:00+0000,2022-07-02T00:05:00+0000,1,-1,-0.389408950265,1.83787658584,-0.389408950265,-1.99054365358,EUR,True,False,train
stale_one_day,stale_one_day|2022-07-06T00:00:00+00:00,2022-07-06T00:00:00+0000,2022-07-07T00:00:00+0000,2022-07-07T00:05:00+0000,2022-07-09T00:05:00+0000,1,-1,1.61633753405,2.08592632295,1.61633753405,1.04519517237,EUR+TRY+BRL,True,False,train
stale_one_day,stale_one_day|2022-07-12T00:00:00+00:00,2022-07-12T00:00:00+0000,2022-07-13T00:00:00+0000,2022-07-13T00:05:00+0000,2022-07-15T00:05:00+0000,1,-1,0.395771217636,0.395771217636,-0.345672908179,1.66377147075,BRL,True,False,train
stale_one_day,stale_one_day|2022-07-21T00:00:00+00:00,2022-07-21T00:00:00+0000,2022-07-22T00:00:00+0000,2022-07-22T00:05:00+0000,2022-07-24T00:05:00+0000,1,-1,0.523662293727,-1.13452176316,0.535558668875,0.523662293727,,True,False,train
stale_one_day,stale_one_day|2022-07-28T00:00:00+00:00,2022-07-28T00:00:00+0000,2022-07-29T00:00:00+0000,2022-07-29T00:05:00+0000,2022-07-31T00:05:00+0000,-1,1,-0.808875390079,0.428067354114,-0.808875390079,-1.77909836365,BRL,True,False,train
stale_one_day,stale_one_day|2022-08-03T00:00:00+00:00,2022-08-03T00:00:00+0000,2022-08-04T00:00:00+0000,2022-08-04T00:05:00+0000,2022-08-06T00:05:00+0000,1,-1,0.316159027084,0.316159027084,-0.0595067797176,0.535984568847,,True,False,train
stale_one_day,stale_one_day|2022-08-05T00:00:00+00:00,2022-08-05T00:00:00+0000,2022-08-06T00:00:00+0000,2022-08-06T00:05:00+0000,2022-08-08T00:05:00+0000,-1,1,-1.49998125065,1.14417791541,-1.49998125065,-1.71447060505,TRY+BRL,True,False,train
stale_one_day,stale_one_day|2022-08-11T00:00:00+00:00,2022-08-11T00:00:00+0000,2022-08-12T00:00:00+0000,2022-08-12T00:05:00+0000,2022-08-14T00:05:00+0000,-1,1,0.921538257071,-0.336816439025,0.921538257071,1.52800758515,,True,False,train
stale_one_day,stale_one_day|2022-08-13T00:00:00+00:00,2022-08-13T00:00:00+0000,2022-08-14T00:00:00+0000,2022-08-14T00:05:00+0000,2022-08-16T00:05:00+0000,-1,1,0.340145228359,0.187409299844,0.551292225463,0.340145228359,,True,False,train
stale_one_day,stale_one_day|2022-08-23T00:00:00+00:00,2022-08-23T00:00:00+0000,2022-08-24T00:00:00+0000,2022-08-24T00:05:00+0000,2022-08-26T00:05:00+0000,-1,1,-1.20642341072,-0.790458011609,-1.20642341072,-1.58399192358,TRY+BRL,True,False,train
stale_one_day,stale_one_day|2022-08-30T00:00:00+00:00,2022-08-30T00:00:00+0000,2022-08-31T00:00:00+0000,2022-08-31T00:05:00+0000,2022-09-02T00:05:00+0000,-1,1,-0.0809389174863,-0.62085304439,-0.0809389174863,2.69696833787,,True,False,train
stale_one_day,stale_one_day|2022-09-02T00:00:00+00:00,2022-09-02T00:00:00+0000,2022-09-03T00:00:00+0000,2022-09-03T00:05:00+0000,2022-09-05T00:05:00+0000,1,-1,0.389766051502,0.451562327673,0.389766051502,-1.1797108914,,True,False,train
stale_one_day,stale_one_day|2022-09-07T00:00:00+00:00,2022-09-07T00:00:00+0000,2022-09-08T00:00:00+0000,2022-09-08T00:05:00+0000,2022-09-10T00:05:00+0000,1,-1,-0.809459594874,-2.97075032401,-0.809459594874,-0.352033149463,,True,False,train
stale_one_day,stale_one_day|2022-09-10T00:00:00+00:00,2022-09-10T00:00:00+0000,2022-09-11T00:00:00+0000,2022-09-11T00:05:00+0000,2022-09-13T00:05:00+0000,-1,1,0.054474551163,0.054474551163,-0.271605448194,0.0975086808753,,True,False,train
stale_one_day,stale_one_day|2022-09-13T00:00:00+00:00,2022-09-13T00:00:00+0000,2022-09-14T00:00:00+0000,2022-09-14T00:05:00+0000,2022-09-16T00:05:00+0000,-1,1,3.29719057548,4.44142396914,0.251480902737,3.29719057548,,True,False,train
stale_one_day,stale_one_day|2022-09-14T00:00:00+00:00,2022-09-14T00:00:00+0000,2022-09-15T00:00:00+0000,2022-09-15T00:05:00+0000,2022-09-17T00:05:00+0000,1,-1,-0.385489962805,-0.385489962805,0.149760058597,-0.512410864054,,False,True,
stale_one_day,stale_one_day|2022-09-22T00:00:00+00:00,2022-09-22T00:00:00+0000,2022-09-23T00:00:00+0000,2022-09-23T00:05:00+0000,2022-09-25T00:05:00+0000,1,-1,-1.56100929234,-0.58628247517,-1.56100929234,-2.30677829817,,True,False,train
stale_one_day,stale_one_day|2022-09-23T00:00:00+00:00,2022-09-23T00:00:00+0000,2022-09-24T00:00:00+0000,2022-09-24T00:05:00+0000,2022-09-26T00:05:00+0000,-1,1,2.59353761915,3.90041714894,-0.2347760222,2.59353761915,,False,True,
stale_one_day,stale_one_day|2022-09-24T00:00:00+00:00,2022-09-24T00:00:00+0000,2022-09-25T00:00:00+0000,2022-09-25T00:05:00+0000,2022-09-27T00:05:00+0000,1,-1,0.148452562709,0.148452562709,0.607786963787,-0.0126763829112,,True,False,train
stale_one_day,stale_one_day|2022-09-27T00:00:00+00:00,2022-09-27T00:00:00+0000,2022-09-28T00:00:00+0000,2022-09-28T00:05:00+0000,2022-09-30T00:05:00+0000,1,-1,0.813226223776,0.813226223776,0.440358085475,0.843248270434,,True,False,train
stale_one_day,stale_one_day|2022-10-04T00:00:00+00:00,2022-10-04T00:00:00+0000,2022-10-05T00:00:00+0000,2022-10-05T00:05:00+0000,2022-10-07T00:05:00+0000,-1,1,-0.544365073414,-3.76704631406,-0.544365073414,0.359087365789,EUR,True,False,train
stale_one_day,stale_one_day|2022-10-15T00:00:00+00:00,2022-10-15T00:00:00+0000,2022-10-16T00:00:00+0000,2022-10-16T00:05:00+0000,2022-10-18T00:05:00+0000,1,-1,0.0865479359067,0.121415574746,0.0865479359067,-0.0487436137765,,True,False,train
stale_one_day,stale_one_day|2022-10-20T00:00:00+00:00,2022-10-20T00:00:00+0000,2022-10-21T00:00:00+0000,2022-10-21T00:05:00+0000,2022-10-23T00:05:00+0000,1,-1,-0.34271193514,-0.34271193514,-0.140421635274,-1.62830197131,,True,False,train
stale_one_day,stale_one_day|2022-10-22T00:00:00+00:00,2022-10-22T00:00:00+0000,2022-10-23T00:00:00+0000,2022-10-23T00:05:00+0000,2022-10-25T00:05:00+0000,-1,1,-0.148228113106,-0.148228113106,-0.284068359335,0.301709525097,,True,False,train
stale_one_day,stale_one_day|2022-10-26T00:00:00+00:00,2022-10-26T00:00:00+0000,2022-10-27T00:00:00+0000,2022-10-27T00:05:00+0000,2022-10-29T00:05:00+0000,-1,1,-0.423591163409,-3.34522359142,-0.423591163409,2.07937473381,EUR,True,False,train
stale_one_day,stale_one_day|2022-11-05T00:00:00+00:00,2022-11-05T00:00:00+0000,2022-11-06T00:00:00+0000,2022-11-06T00:05:00+0000,2022-11-08T00:05:00+0000,-1,1,-0.0523589306842,0.122738610822,-0.42359306973,-0.0523589306842,,True,False,train
stale_one_day,stale_one_day|2022-11-07T00:00:00+00:00,2022-11-07T00:00:00+0000,2022-11-08T00:00:00+0000,2022-11-08T00:05:00+0000,2022-11-10T00:05:00+0000,1,-1,-1.32383752649,-2.7407963763,-1.32383752649,2.507777659,BRL,True,False,train
stale_one_day,stale_one_day|2022-11-08T00:00:00+00:00,2022-11-08T00:00:00+0000,2022-11-09T00:00:00+0000,2022-11-09T00:05:00+0000,2022-11-11T00:05:00+0000,-1,1,1.19717688771,-0.798027351671,2.14907580548,1.19717688771,,False,True,
stale_one_day,stale_one_day|2022-11-09T00:00:00+00:00,2022-11-09T00:00:00+0000,2022-11-10T00:00:00+0000,2022-11-10T00:05:00+0000,2022-11-12T00:05:00+0000,1,-1,2.09847616283,1.51715804874,3.85313932103,2.09847616283,EUR+TRY+BRL,True,False,train
stale_one_day,stale_one_day|2022-11-11T00:00:00+00:00,2022-11-11T00:00:00+0000,2022-11-12T00:00:00+0000,2022-11-12T00:05:00+0000,2022-11-14T00:05:00+0000,-1,1,-2.15832821056,-3.51138415795,0.5671913036,-2.15832821056,EUR+BRL,True,False,train
stale_one_day,stale_one_day|2022-11-16T00:00:00+00:00,2022-11-16T00:00:00+0000,2022-11-17T00:00:00+0000,2022-11-17T00:05:00+0000,2022-11-19T00:05:00+0000,-1,1,0.667576992693,-0.850864307211,0.667576992693,2.1672758854,,True,False,train
stale_one_day,stale_one_day|2022-11-22T00:00:00+00:00,2022-11-22T00:00:00+0000,2022-11-23T00:00:00+0000,2022-11-23T00:05:00+0000,2022-11-25T00:05:00+0000,-1,1,-0.824582735612,-1.33114444253,-0.824582735612,1.15666339639,EUR,True,False,train
stale_one_day,stale_one_day|2022-12-01T00:00:00+00:00,2022-12-01T00:00:00+0000,2022-12-02T00:00:00+0000,2022-12-02T00:05:00+0000,2022-12-04T00:05:00+0000,-1,1,-1.03930690449,-2.66891178226,0.489106051222,-1.03930690449,EUR+BRL,True,False,train
stale_one_day,stale_one_day|2022-12-17T00:00:00+00:00,2022-12-17T00:00:00+0000,2022-12-18T00:00:00+0000,2022-12-18T00:05:00+0000,2022-12-20T00:05:00+0000,1,-1,-0.245268784185,0.0388455107917,-0.245268784185,-0.906213999981,,True,False,train
stale_one_day,stale_one_day|2023-01-04T00:00:00+00:00,2023-01-04T00:00:00+0000,2023-01-05T00:00:00+0000,2023-01-05T00:05:00+0000,2023-01-07T00:05:00+0000,1,-1,-0.357663895889,-1.31506773301,-0.357663895889,0.183557148206,,True,False,selection
stale_one_day,stale_one_day|2023-01-07T00:00:00+00:00,2023-01-07T00:00:00+0000,2023-01-08T00:00:00+0000,2023-01-08T00:05:00+0000,2023-01-10T00:05:00+0000,-1,1,0.0127844521955,0.0127844521955,-0.0044272649219,0.513870406677,,True,False,selection
stale_one_day,stale_one_day|2023-01-10T00:00:00+00:00,2023-01-10T00:00:00+0000,2023-01-11T00:00:00+0000,2023-01-11T00:05:00+0000,2023-01-13T00:05:00+0000,-1,1,-0.0131639967008,-0.0131639967008,0.328698144912,-1.5265107343,BRL,True,False,selection
stale_one_day,stale_one_day|2023-01-13T00:00:00+00:00,2023-01-13T00:00:00+0000,2023-01-14T00:00:00+0000,2023-01-14T00:05:00+0000,2023-01-16T00:05:00+0000,-1,1,0.80588177188,0.80588177188,1.15454133915,-1.25767475703,BRL,True,False,selection
stale_one_day,stale_one_day|2023-01-17T00:00:00+00:00,2023-01-17T00:00:00+0000,2023-01-18T00:00:00+0000,2023-01-18T00:05:00+0000,2023-01-20T00:05:00+0000,1,-1,0.310824125836,1.08785496783,0.310824125836,-0.721191156925,EUR,True,False,selection
stale_one_day,stale_one_day|2023-01-26T00:00:00+00:00,2023-01-26T00:00:00+0000,2023-01-27T00:00:00+0000,2023-01-27T00:05:00+0000,2023-01-29T00:05:00+0000,-1,1,-0.182662548863,0.740450735709,-0.182662548863,-0.331207897878,,True,False,selection
stale_one_day,stale_one_day|2023-02-01T00:00:00+00:00,2023-02-01T00:00:00+0000,2023-02-02T00:00:00+0000,2023-02-02T00:05:00+0000,2023-02-04T00:05:00+0000,-1,1,-1.35201906127,-3.66585600827,-1.35201906127,-0.819443346404,EUR+TRY,True,False,selection
stale_one_day,stale_one_day|2023-02-04T00:00:00+00:00,2023-02-04T00:00:00+0000,2023-02-05T00:00:00+0000,2023-02-05T00:05:00+0000,2023-02-07T00:05:00+0000,1,-1,0.649360949497,0.0243757975615,0.803568250604,0.649360949497,,True,False,selection
stale_one_day,stale_one_day|2023-02-10T00:00:00+00:00,2023-02-10T00:00:00+0000,2023-02-11T00:00:00+0000,2023-02-11T00:05:00+0000,2023-02-13T00:05:00+0000,1,-1,1.57357089978,1.57357089978,1.66730566208,-1.78217444885,EUR+TRY,True,False,selection
stale_one_day,stale_one_day|2023-02-14T00:00:00+00:00,2023-02-14T00:00:00+0000,2023-02-15T00:00:00+0000,2023-02-15T00:05:00+0000,2023-02-17T00:05:00+0000,-1,1,-0.242204380304,-0.242204380304,-2.04043887476,0.215662590101,TRY,True,False,selection
stale_one_day,stale_one_day|2023-02-25T00:00:00+00:00,2023-02-25T00:00:00+0000,2023-02-26T00:00:00+0000,2023-02-26T00:05:00+0000,2023-02-28T00:05:00+0000,1,-1,-0.0141788481983,0.10215567834,-0.0141788481983,-0.127371268179,,True,False,selection
stale_one_day,stale_one_day|2023-03-07T00:00:00+00:00,2023-03-07T00:00:00+0000,2023-03-08T00:00:00+0000,2023-03-08T00:05:00+0000,2023-03-10T00:05:00+0000,-1,1,1.31113319449,3.05575970806,-0.161149611085,1.31113319449,,True,False,selection
stale_one_day,stale_one_day|2023-03-08T00:00:00+00:00,2023-03-08T00:00:00+0000,2023-03-09T00:00:00+0000,2023-03-09T00:05:00+0000,2023-03-11T00:05:00+0000,1,-1,0.0422126764078,0.0422126764078,1.66499289204,-1.57357240551,TRY,False,True,
stale_one_day,stale_one_day|2023-03-11T00:00:00+00:00,2023-03-11T00:00:00+0000,2023-03-12T00:00:00+0000,2023-03-12T00:05:00+0000,2023-03-14T00:05:00+0000,1,-1,-2.93306590174,-2.93306590174,0.0903710902706,-4.22692083268,,True,False,selection
stale_one_day,stale_one_day|2023-03-12T00:00:00+00:00,2023-03-12T00:00:00+0000,2023-03-13T00:00:00+0000,2023-03-13T00:05:00+0000,2023-03-15T00:05:00+0000,-1,1,1.82790692365,2.15367109553,-3.28120412366,1.82790692365,TRY,False,True,
stale_one_day,stale_one_day|2023-03-13T00:00:00+00:00,2023-03-13T00:00:00+0000,2023-03-14T00:00:00+0000,2023-03-14T00:05:00+0000,2023-03-16T00:05:00+0000,1,-1,-0.830245533003,-3.00685383824,-0.830245533003,1.88893316375,BRL,True,False,selection
stale_one_day,stale_one_day|2023-03-15T00:00:00+00:00,2023-03-15T00:00:00+0000,2023-03-16T00:00:00+0000,2023-03-16T00:05:00+0000,2023-03-18T00:05:00+0000,1,-1,1.43105821419,4.35518919898,1.43105821419,0.721058804999,EUR+TRY,True,False,selection
stale_one_day,stale_one_day|2023-03-17T00:00:00+00:00,2023-03-17T00:00:00+0000,2023-03-18T00:00:00+0000,2023-03-18T00:05:00+0000,2023-03-20T00:05:00+0000,-1,1,-0.968089584388,-1.32309108848,-0.968089584388,1.07327438276,EUR,True,False,selection
stale_one_day,stale_one_day|2023-03-25T00:00:00+00:00,2023-03-25T00:00:00+0000,2023-03-26T00:00:00+0000,2023-03-26T00:05:00+0000,2023-03-28T00:05:00+0000,1,-1,0.136497210915,-0.138295308921,0.806950428244,0.136497210915,,True,False,selection
stale_one_day,stale_one_day|2023-03-27T00:00:00+00:00,2023-03-27T00:00:00+0000,2023-03-28T00:00:00+0000,2023-03-28T00:05:00+0000,2023-03-30T00:05:00+0000,-1,1,-0.152132639942,-0.152132639942,0.365435301702,-1.08051733633,BRL,True,False,selection
stale_one_day,stale_one_day|2023-03-29T00:00:00+00:00,2023-03-29T00:00:00+0000,2023-03-30T00:00:00+0000,2023-03-30T00:05:00+0000,2023-04-01T00:05:00+0000,-1,1,-1.30104397324,0.0100672073078,-1.41560102352,-1.30104397324,TRY+BRL,True,False,selection
stale_one_day,stale_one_day|2023-04-03T00:00:00+00:00,2023-04-03T00:00:00+0000,2023-04-04T00:00:00+0000,2023-04-04T00:05:00+0000,2023-04-06T00:05:00+0000,1,-1,-0.843750794687,-1.60315386921,-0.475560596239,-0.843750794687,,True,False,selection
stale_one_day,stale_one_day|2023-04-13T00:00:00+00:00,2023-04-13T00:00:00+0000,2023-04-14T00:00:00+0000,2023-04-14T00:05:00+0000,2023-04-16T00:05:00+0000,-1,1,-0.292089297433,-1.14677579691,-0.292089297433,-0.00310500428604,EUR,True,False,selection
stale_one_day,stale_one_day|2023-04-16T00:00:00+00:00,2023-04-16T00:00:00+0000,2023-04-17T00:00:00+0000,2023-04-17T00:05:00+0000,2023-04-19T00:05:00+0000,1,-1,-0.273821270442,0.313877325723,-0.968436568339,-0.273821270442,,True,False,selection
stale_one_day,stale_one_day|2023-04-20T00:00:00+00:00,2023-04-20T00:00:00+0000,2023-04-21T00:00:00+0000,2023-04-21T00:05:00+0000,2023-04-23T00:05:00+0000,1,-1,-0.565106820016,-0.565106820016,1.13328765345,-1.4617307563,TRY,True,False,selection
stale_one_day,stale_one_day|2023-04-22T00:00:00+00:00,2023-04-22T00:00:00+0000,2023-04-23T00:00:00+0000,2023-04-23T00:05:00+0000,2023-04-25T00:05:00+0000,1,-1,-0.190542326182,-0.190542326182,-0.878160531108,0.209293929233,,True,False,selection
stale_one_day,stale_one_day|2023-04-25T00:00:00+00:00,2023-04-25T00:00:00+0000,2023-04-26T00:00:00+0000,2023-04-26T00:05:00+0000,2023-04-28T00:05:00+0000,-1,1,0.41393466221,1.55292467814,-3.27943216798,0.41393466221,TRY,True,False,selection
stale_one_day,stale_one_day|2023-04-28T00:00:00+00:00,2023-04-28T00:00:00+0000,2023-04-29T00:00:00+0000,2023-04-29T00:05:00+0000,2023-05-01T00:05:00+0000,-1,1,0.921045910106,0.292568477327,3.28531915863,0.921045910106,,True,False,selection
stale_one_day,stale_one_day|2023-05-04T00:00:00+00:00,2023-05-04T00:00:00+0000,2023-05-05T00:00:00+0000,2023-05-05T00:05:00+0000,2023-05-07T00:05:00+0000,-1,1,1.272134059,1.272134059,1.40653274738,-0.577539232784,,True,False,selection
stale_one_day,stale_one_day|2023-05-05T00:00:00+00:00,2023-05-05T00:00:00+0000,2023-05-06T00:00:00+0000,2023-05-06T00:05:00+0000,2023-05-08T00:05:00+0000,1,-1,-0.686439583934,-0.796962998909,1.3754503033,-0.686439583934,TRY,False,True,
stale_one_day,stale_one_day|2023-05-07T00:00:00+00:00,2023-05-07T00:00:00+0000,2023-05-08T00:00:00+0000,2023-05-08T00:05:00+0000,2023-05-10T00:05:00+0000,1,-1,0.211742947762,1.18701313676,-0.829850858592,0.211742947762,EUR,True,False,selection
stale_one_day,stale_one_day|2023-05-09T00:00:00+00:00,2023-05-09T00:00:00+0000,2023-05-10T00:00:00+0000,2023-05-10T00:05:00+0000,2023-05-12T00:05:00+0000,1,-1,-0.969271398989,0.565737712492,-0.969271398989,-1.10780967316,,True,False,selection
stale_one_day,stale_one_day|2023-05-12T00:00:00+00:00,2023-05-12T00:00:00+0000,2023-05-13T00:00:00+0000,2023-05-13T00:05:00+0000,2023-05-15T00:05:00+0000,1,-1,0.982044369351,0.982044369351,5.42431991833,-0.124402985101,TRY,True,False,selection
stale_one_day,stale_one_day|2023-05-16T00:00:00+00:00,2023-05-16T00:00:00+0000,2023-05-17T00:00:00+0000,2023-05-17T00:05:00+0000,2023-05-19T00:05:00+0000,-1,1,-0.131608370888,-0.131608370888,-3.61021979445,1.62837892249,TRY,True,False,selection
stale_one_day,stale_one_day|2023-05-19T00:00:00+00:00,2023-05-19T00:00:00+0000,2023-05-20T00:00:00+0000,2023-05-20T00:05:00+0000,2023-05-22T00:05:00+0000,1,-1,0.3997798564,-0.571180428946,0.3997798564,0.680082213428,,True,False,selection
stale_one_day,stale_one_day|2023-05-25T00:00:00+00:00,2023-05-25T00:00:00+0000,2023-05-26T00:00:00+0000,2023-05-26T00:05:00+0000,2023-05-28T00:05:00+0000,1,-1,0.694981209523,0.392224661444,0.694981209523,1.67239546525,BRL,True,False,selection
stale_one_day,stale_one_day|2023-06-01T00:00:00+00:00,2023-06-01T00:00:00+0000,2023-06-02T00:00:00+0000,2023-06-02T00:05:00+0000,2023-06-04T00:05:00+0000,1,-1,-1.34254039794,-1.72391889759,0.135968498571,-1.34254039794,,True,False,selection
stale_one_day,stale_one_day|2023-06-02T00:00:00+00:00,2023-06-02T00:00:00+0000,2023-06-03T00:00:00+0000,2023-06-03T00:05:00+0000,2023-06-05T00:05:00+0000,-1,1,-0.693916193905,1.35349799419,-0.693916193905,-2.02732577243,BRL,False,True,
stale_one_day,stale_one_day|2023-06-09T00:00:00+00:00,2023-06-09T00:00:00+0000,2023-06-10T00:00:00+0000,2023-06-10T00:05:00+0000,2023-06-12T00:05:00+0000,-1,1,0.932697895854,0.932697895854,1.70549966828,-1.62571567862,BRL,True,False,selection
stale_one_day,stale_one_day|2023-06-11T00:00:00+00:00,2023-06-11T00:00:00+0000,2023-06-12T00:00:00+0000,2023-06-12T00:05:00+0000,2023-06-14T00:05:00+0000,1,-1,0.247645610758,-1.44311634775,1.30559881489,0.247645610758,TRY,True,False,selection
stale_one_day,stale_one_day|2023-06-13T00:00:00+00:00,2023-06-13T00:00:00+0000,2023-06-14T00:00:00+0000,2023-06-14T00:05:00+0000,2023-06-16T00:05:00+0000,-1,1,-0.444823378582,-0.444823378582,-0.978481742067,0.152906409471,,True,False,selection
stale_one_day,stale_one_day|2023-06-16T00:00:00+00:00,2023-06-16T00:00:00+0000,2023-06-17T00:00:00+0000,2023-06-17T00:05:00+0000,2023-06-19T00:05:00+0000,-1,1,0.326964964774,0.326964964774,0.146865943751,0.551558667571,,True,False,selection
stale_one_day,stale_one_day|2023-06-20T00:00:00+00:00,2023-06-20T00:00:00+0000,2023-06-21T00:00:00+0000,2023-06-21T00:05:00+0000,2023-06-23T00:05:00+0000,-1,1,-0.374234085164,-0.374234085164,-2.03178062978,0.178513259131,TRY,True,False,selection
stale_one_day,stale_one_day|2023-06-22T00:00:00+00:00,2023-06-22T00:00:00+0000,2023-06-23T00:00:00+0000,2023-06-23T00:05:00+0000,2023-06-25T00:05:00+0000,-1,1,1.00687977331,1.00687977331,17.1938328647,0.451068988391,,True,False,selection
stale_one_day,stale_one_day|2023-06-23T00:00:00+00:00,2023-06-23T00:00:00+0000,2023-06-24T00:00:00+0000,2023-06-24T00:05:00+0000,2023-06-26T00:05:00+0000,1,-1,1.96873002996,1.96873002996,6.827517474,1.28350601613,EUR+TRY+BRL,False,True,
stale_one_day,stale_one_day|2023-06-29T00:00:00+00:00,2023-06-29T00:00:00+0000,2023-06-30T00:00:00+0000,2023-06-30T00:05:00+0000,2023-07-02T00:05:00+0000,1,-1,-0.361691388206,1.06738356567,-0.664155543647,-0.361691388206,EUR,True,False,selection
stale_one_day,stale_one_day|2023-07-01T00:00:00+00:00,2023-07-01T00:00:00+0000,2023-07-02T00:00:00+0000,2023-07-02T00:05:00+0000,2023-07-04T00:05:00+0000,-1,1,0.11678469257,0.506540240637,-1.47397168339,0.11678469257,TRY,True,False,selection
stale_one_day,stale_one_day|2023-07-05T00:00:00+00:00,2023-07-05T00:00:00+0000,2023-07-06T00:00:00+0000,2023-07-06T00:05:00+0000,2023-07-08T00:05:00+0000,1,-1,0.422331041717,0.422331041717,0.548237243281,-0.158079767186,,True,False,selection
stale_one_day,stale_one_day|2023-07-11T00:00:00+00:00,2023-07-11T00:00:00+0000,2023-07-12T00:00:00+0000,2023-07-12T00:05:00+0000,2023-07-14T00:05:00+0000,-1,1,-0.162539015483,0.167372751907,-0.236391843528,-0.162539015483,,True,False,selection
stale_one_day,stale_one_day|2023-07-13T00:00:00+00:00,2023-07-13T00:00:00+0000,2023-07-14T00:00:00+0000,2023-07-14T00:05:00+0000,2023-07-16T00:05:00+0000,-1,1,-2.40298598461,-2.40298598461,-4.09745930198,-2.05503772361,EUR+TRY+BRL,True,False,selection
stale_one_day,stale_one_day|2023-07-15T00:00:00+00:00,2023-07-15T00:00:00+0000,2023-07-16T00:00:00+0000,2023-07-16T00:05:00+0000,2023-07-18T00:05:00+0000,1,-1,-0.00716814617448,0.777872276525,-0.120291021789,-0.00716814617448,,True,False,selection
stale_one_day,stale_one_day|2023-08-03T00:00:00+00:00,2023-08-03T00:00:00+0000,2023-08-04T00:00:00+0000,2023-08-04T00:05:00+0000,2023-08-06T00:05:00+0000,1,-1,0.251160384114,0.251160384114,-0.197684658885,3.38343056263,BRL,True,False,selection
stale_one_day,stale_one_day|2023-08-16T00:00:00+00:00,2023-08-16T00:00:00+0000,2023-08-17T00:00:00+0000,2023-08-17T00:05:00+0000,2023-08-19T00:05:00+0000,1,-1,0.32006256445,0.669867361844,0.0632266547312,0.32006256445,,True,False,selection
stale_one_day,stale_one_day|2023-08-18T00:00:00+00:00,2023-08-18T00:00:00+0000,2023-08-19T00:00:00+0000,2023-08-19T00:05:00+0000,2023-08-21T00:05:00+0000,1,-1,-0.0982463168172,3.20740494125,-0.0982463168172,-1.08370703612,EUR,True,False,selection
stale_one_day,stale_one_day|2023-08-22T00:00:00+00:00,2023-08-22T00:00:00+0000,2023-08-23T00:00:00+0000,2023-08-23T00:05:00+0000,2023-08-25T00:05:00+0000,-1,1,0.18839306139,0.983175763759,0.18839306139,-1.58893300313,BRL,True,False,selection
stale_one_day,stale_one_day|2023-08-29T00:00:00+00:00,2023-08-29T00:00:00+0000,2023-08-30T00:00:00+0000,2023-08-30T00:05:00+0000,2023-09-01T00:05:00+0000,-1,1,-0.464929367343,-0.464929367343,0.353953561418,-0.547355023451,,True,False,selection
stale_one_day,stale_one_day|2023-09-01T00:00:00+00:00,2023-09-01T00:00:00+0000,2023-09-02T00:00:00+0000,2023-09-02T00:05:00+0000,2023-09-04T00:05:00+0000,1,-1,1.48076167708,1.569038788,1.48076167708,-0.374495169101,EUR+TRY,True,False,selection
stale_one_day,stale_one_day|2023-09-06T00:00:00+00:00,2023-09-06T00:00:00+0000,2023-09-07T00:00:00+0000,2023-09-07T00:05:00+0000,2023-09-09T00:05:00+0000,1,-1,0.0886135548813,0.0230014678026,0.0886135548813,0.220648727334,,True,False,selection
stale_one_day,stale_one_day|2023-09-28T00:00:00+00:00,2023-09-28T00:00:00+0000,2023-09-29T00:00:00+0000,2023-09-29T00:05:00+0000,2023-10-01T00:05:00+0000,1,-1,-0.0102868691798,-1.35660115479,0.408985634765,-0.0102868691798,,True,False,selection
stale_one_day,stale_one_day|2023-10-03T00:00:00+00:00,2023-10-03T00:00:00+0000,2023-10-04T00:00:00+0000,2023-10-04T00:05:00+0000,2023-10-06T00:05:00+0000,1,-1,1.12634029638,0.290598108088,1.12634029638,3.87940503291,TRY+BRL,True,False,selection
stale_one_day,stale_one_day|2023-10-11T00:00:00+00:00,2023-10-11T00:00:00+0000,2023-10-12T00:00:00+0000,2023-10-12T00:05:00+0000,2023-10-14T00:05:00+0000,-1,1,-0.557216561628,-0.557216561628,-0.588766230321,0.130110869035,,True,False,selection
stale_one_day,stale_one_day|2023-10-14T00:00:00+00:00,2023-10-14T00:00:00+0000,2023-10-15T00:00:00+0000,2023-10-15T00:05:00+0000,2023-10-17T00:05:00+0000,1,-1,0.131440992906,0.204698440601,0.131440992906,0.0518966996945,,True,False,selection
stale_one_day,stale_one_day|2023-10-19T00:00:00+00:00,2023-10-19T00:00:00+0000,2023-10-20T00:00:00+0000,2023-10-20T00:05:00+0000,2023-10-22T00:05:00+0000,1,-1,-0.831871198165,-1.33146546832,-0.292307852822,-0.831871198165,,True,False,selection
stale_one_day,stale_one_day|2023-10-24T00:00:00+00:00,2023-10-24T00:00:00+0000,2023-10-25T00:00:00+0000,2023-10-25T00:05:00+0000,2023-10-27T00:05:00+0000,-1,1,1.01341170808,2.34907214686,1.01341170808,-0.803369744073,,True,False,selection
stale_one_day,stale_one_day|2023-10-25T00:00:00+00:00,2023-10-25T00:00:00+0000,2023-10-26T00:00:00+0000,2023-10-26T00:05:00+0000,2023-10-28T00:05:00+0000,1,-1,0.631293612028,1.08094282506,-0.76536437232,0.631293612028,EUR,False,True,
stale_one_day,stale_one_day|2023-10-28T00:00:00+00:00,2023-10-28T00:00:00+0000,2023-10-29T00:00:00+0000,2023-10-29T00:05:00+0000,2023-10-31T00:05:00+0000,1,-1,-0.138793788337,0.346542763689,-0.769953294757,-0.138793788337,,True,False,selection
stale_one_day,stale_one_day|2023-11-04T00:00:00+00:00,2023-11-04T00:00:00+0000,2023-11-05T00:00:00+0000,2023-11-05T00:05:00+0000,2023-11-07T00:05:00+0000,-1,1,0.167317757327,0.167317757327,-0.281706775205,0.295734479483,,True,False,selection
stale_one_day,stale_one_day|2023-11-07T00:00:00+00:00,2023-11-07T00:00:00+0000,2023-11-08T00:00:00+0000,2023-11-08T00:05:00+0000,2023-11-10T00:05:00+0000,-1,1,0.802993840306,0.802993840306,1.51326024047,-1.05941423174,BRL,True,False,selection
stale_one_day,stale_one_day|2023-11-10T00:00:00+00:00,2023-11-10T00:00:00+0000,2023-11-11T00:00:00+0000,2023-11-11T00:05:00+0000,2023-11-13T00:05:00+0000,1,-1,-0.768237432207,-0.309400046222,-0.768237432207,-1.70519005442,,True,False,selection
stale_one_day,stale_one_day|2023-11-15T00:00:00+00:00,2023-11-15T00:00:00+0000,2023-11-16T00:00:00+0000,2023-11-16T00:05:00+0000,2023-11-18T00:05:00+0000,-1,1,-0.941527356579,0.78328346219,-1.35459869783,-0.941527356579,TRY,True,False,selection
stale_one_day,stale_one_day|2023-11-18T00:00:00+00:00,2023-11-18T00:00:00+0000,2023-11-19T00:00:00+0000,2023-11-19T00:05:00+0000,2023-11-21T00:05:00+0000,1,-1,0.469774729603,0.469774729603,1.3514807376,0.463039123843,TRY,True,False,selection
stale_one_day,stale_one_day|2023-11-21T00:00:00+00:00,2023-11-21T00:00:00+0000,2023-11-22T00:00:00+0000,2023-11-22T00:05:00+0000,2023-11-24T00:05:00+0000,-1,1,0.789565846222,0.789565846222,-0.901487835658,2.1073327137,,True,False,selection
stale_one_day,stale_one_day|2023-11-29T00:00:00+00:00,2023-11-29T00:00:00+0000,2023-11-30T00:00:00+0000,2023-11-30T00:05:00+0000,2023-12-02T00:05:00+0000,-1,1,0.96900508585,0.96900508585,-0.488531271561,1.37291307309,,True,False,selection
stale_one_day,stale_one_day|2023-12-01T00:00:00+00:00,2023-12-01T00:00:00+0000,2023-12-02T00:00:00+0000,2023-12-02T00:05:00+0000,2023-12-04T00:05:00+0000,1,-1,0.486039676123,0.486039676123,0.948731450449,-1.4854216581,,True,False,selection
stale_one_day,stale_one_day|2023-12-05T00:00:00+00:00,2023-12-05T00:00:00+0000,2023-12-06T00:00:00+0000,2023-12-06T00:05:00+0000,2023-12-08T00:05:00+0000,1,-1,0.238087075585,1.28531819459,0.238087075585,-0.54368283029,EUR,True,False,selection
stale_one_day,stale_one_day|2023-12-14T00:00:00+00:00,2023-12-14T00:00:00+0000,2023-12-15T00:00:00+0000,2023-12-15T00:05:00+0000,2023-12-17T00:05:00+0000,-1,1,-3.27047189357,-3.92152891763,-3.27047189357,-1.24496148084,EUR+TRY+BRL,True,False,selection
stale_one_day,stale_one_day|2023-12-16T00:00:00+00:00,2023-12-16T00:00:00+0000,2023-12-17T00:00:00+0000,2023-12-17T00:05:00+0000,2023-12-19T00:05:00+0000,1,-1,-0.254721444278,-0.672235391656,0.950224554801,-0.254721444278,,True,False,selection
stale_one_day,stale_one_day|2023-12-20T00:00:00+00:00,2023-12-20T00:00:00+0000,2023-12-21T00:00:00+0000,2023-12-21T00:05:00+0000,2023-12-23T00:05:00+0000,-1,1,1.23351549792,1.23351549792,-1.85388778245,2.20538905869,TRY,True,False,selection
stale_one_day,stale_one_day|2023-12-21T00:00:00+00:00,2023-12-21T00:00:00+0000,2023-12-22T00:00:00+0000,2023-12-22T00:05:00+0000,2023-12-24T00:05:00+0000,1,-1,-1.58029355263,-1.76426218142,-0.522535875668,-1.58029355263,,False,True,
stale_one_day,stale_one_day|2023-12-22T00:00:00+00:00,2023-12-22T00:00:00+0000,2023-12-23T00:00:00+0000,2023-12-23T00:05:00+0000,2023-12-25T00:05:00+0000,-1,1,0.327210285653,0.327210285653,1.9675409684,-1.32541454368,BRL,True,False,selection
stale_one_day,stale_one_day|2023-12-27T00:00:00+00:00,2023-12-27T00:00:00+0000,2023-12-28T00:00:00+0000,2023-12-28T00:05:00+0000,2023-12-30T00:05:00+0000,-1,1,-1.45390237341,-2.06182210128,-1.45390237341,0.565453327186,EUR+TRY,True,False,selection
stale_one_day,stale_one_day|2023-12-29T00:00:00+00:00,2023-12-29T00:00:00+0000,2023-12-30T00:00:00+0000,2023-12-30T00:05:00+0000,2024-01-01T00:05:00+0000,1,-1,1.08726174451,1.08726174451,7.28471474713,0.987890534833,EUR+TRY,True,False,
three_book_sign_only,three_book_sign_only|2021-05-04T00:00:00+00:00,2021-05-04T00:00:00+0000,2021-05-05T00:00:00+0000,2021-05-05T00:05:00+0000,2021-05-07T00:05:00+0000,1,-1,0.777465733202,1.49602532931,0.777465733202,0.626094770494,EUR,True,False,train
three_book_sign_only,three_book_sign_only|2021-05-05T00:00:00+00:00,2021-05-05T00:00:00+0000,2021-05-06T00:00:00+0000,2021-05-06T00:05:00+0000,2021-05-08T00:05:00+0000,-1,1,-2.1494031619,-0.714026106796,-2.1494031619,-2.6911774907,TRY+BRL,False,True,
three_book_sign_only,three_book_sign_only|2021-05-09T00:00:00+00:00,2021-05-09T00:00:00+0000,2021-05-10T00:00:00+0000,2021-05-10T00:05:00+0000,2021-05-12T00:05:00+0000,-1,1,-0.387055821061,-0.198151170705,-0.4937909592,-0.387055821061,,True,False,train
three_book_sign_only,three_book_sign_only|2021-05-10T00:00:00+00:00,2021-05-10T00:00:00+0000,2021-05-11T00:00:00+0000,2021-05-11T00:05:00+0000,2021-05-13T00:05:00+0000,1,-1,1.37435375142,1.91299934766,1.37435375142,0.550442801704,EUR+TRY,False,True,
three_book_sign_only,three_book_sign_only|2021-05-11T00:00:00+00:00,2021-05-11T00:00:00+0000,2021-05-12T00:00:00+0000,2021-05-12T00:05:00+0000,2021-05-14T00:05:00+0000,-1,1,-1.4068555468,-0.684118958468,-1.43158095089,-1.4068555468,TRY+BRL,True,False,train
three_book_sign_only,three_book_sign_only|2021-05-12T00:00:00+00:00,2021-05-12T00:00:00+0000,2021-05-13T00:00:00+0000,2021-05-13T00:05:00+0000,2021-05-15T00:05:00+0000,1,-1,2.2858837347,2.25864017971,3.11870079886,2.2858837347,EUR+TRY+BRL,False,True,
three_book_sign_only,three_book_sign_only|2021-05-13T00:00:00+00:00,2021-05-13T00:00:00+0000,2021-05-14T00:00:00+0000,2021-05-14T00:05:00+0000,2021-05-16T00:05:00+0000,-1,1,-0.379769310601,-0.462640037494,-0.262163556564,-0.379769310601,,True,False,train
three_book_sign_only,three_book_sign_only|2021-05-15T00:00:00+00:00,2021-05-15T00:00:00+0000,2021-05-16T00:00:00+0000,2021-05-16T00:05:00+0000,2021-05-18T00:05:00+0000,1,-1,0.707552901679,0.109673541794,0.707552901679,0.707729985607,,True,False,train
three_book_sign_only,three_book_sign_only|2021-05-16T00:00:00+00:00,2021-05-16T00:00:00+0000,2021-05-17T00:00:00+0000,2021-05-17T00:05:00+0000,2021-05-19T00:05:00+0000,-1,1,-0.267064136064,-0.169598207763,-0.267064136064,-0.319665275589,,False,True,
three_book_sign_only,three_book_sign_only|2021-05-19T00:00:00+00:00,2021-05-19T00:00:00+0000,2021-05-20T00:00:00+0000,2021-05-20T00:05:00+0000,2021-05-22T00:05:00+0000,1,-1,1.72868233852,1.4042146308,1.72868233852,2.5968467031,EUR+TRY+BRL,True,False,train
three_book_sign_only,three_book_sign_only|2021-05-20T00:00:00+00:00,2021-05-20T00:00:00+0000,2021-05-21T00:00:00+0000,2021-05-21T00:05:00+0000,2021-05-23T00:05:00+0000,-1,1,-1.47267829796,-0.635543549454,-1.80386866298,-1.47267829796,TRY+BRL,False,True,
three_book_sign_only,three_book_sign_only|2021-05-21T00:00:00+00:00,2021-05-21T00:00:00+0000,2021-05-22T00:00:00+0000,2021-05-22T00:05:00+0000,2021-05-24T00:05:00+0000,1,-1,0.878963732337,0.878963732337,0.677787084735,1.56865781752,BRL,True,False,train
three_book_sign_only,three_book_sign_only|2021-05-24T00:00:00+00:00,2021-05-24T00:00:00+0000,2021-05-25T00:00:00+0000,2021-05-25T00:05:00+0000,2021-05-27T00:05:00+0000,-1,1,-0.856684393781,-0.524027749231,-0.856684393781,-1.91859173224,BRL,True,False,train
three_book_sign_only,three_book_sign_only|2021-05-28T00:00:00+00:00,2021-05-28T00:00:00+0000,2021-05-29T00:00:00+0000,2021-05-29T00:05:00+0000,2021-05-31T00:05:00+0000,1,-1,0.990502723759,0.990502723759,1.35231419972,0.155984936175,TRY,True,False,train
three_book_sign_only,three_book_sign_only|2021-05-31T00:00:00+00:00,2021-05-31T00:00:00+0000,2021-06-01T00:00:00+0000,2021-06-01T00:05:00+0000,2021-06-03T00:05:00+0000,-1,1,-1.78957289881,-1.78957289881,-2.07103878964,-0.861245866768,EUR+TRY,True,False,train
three_book_sign_only,three_book_sign_only|2021-06-05T00:00:00+00:00,2021-06-05T00:00:00+0000,2021-06-06T00:00:00+0000,2021-06-06T00:05:00+0000,2021-06-08T00:05:00+0000,1,-1,0.655057043441,0.855048010403,0.655057043441,0.590195591987,,True,False,train
three_book_sign_only,three_book_sign_only|2021-06-06T00:00:00+00:00,2021-06-06T00:00:00+0000,2021-06-07T00:00:00+0000,2021-06-07T00:05:00+0000,2021-06-09T00:05:00+0000,-1,1,-0.341362243606,-0.53607354079,-0.312300288133,-0.341362243606,,False,True,
three_book_sign_only,three_book_sign_only|2021-06-08T00:00:00+00:00,2021-06-08T00:00:00+0000,2021-06-09T00:00:00+0000,2021-06-09T00:05:00+0000,2021-06-11T00:05:00+0000,-1,1,-0.610439858332,-0.112977553477,-0.706296678925,-0.610439858332,,True,False,train
three_book_sign_only,three_book_sign_only|2021-06-13T00:00:00+00:00,2021-06-13T00:00:00+0000,2021-06-14T00:00:00+0000,2021-06-14T00:05:00+0000,2021-06-16T00:05:00+0000,-1,1,-1.10894835335,-1.10894835335,-0.584981977885,-1.27816110069,EUR+BRL,True,False,train
three_book_sign_only,three_book_sign_only|2021-06-16T00:00:00+00:00,2021-06-16T00:00:00+0000,2021-06-17T00:00:00+0000,2021-06-17T00:05:00+0000,2021-06-19T00:05:00+0000,1,-1,0.93905497737,3.30548618069,0.93905497737,0.427502563132,EUR,True,False,train
three_book_sign_only,three_book_sign_only|2021-06-18T00:00:00+00:00,2021-06-18T00:00:00+0000,2021-06-19T00:00:00+0000,2021-06-19T00:05:00+0000,2021-06-21T00:05:00+0000,1,-1,1.91271799112,1.91271799112,0.542122850061,2.37215798282,EUR+BRL,True,False,train
three_book_sign_only,three_book_sign_only|2021-06-20T00:00:00+00:00,2021-06-20T00:00:00+0000,2021-06-21T00:00:00+0000,2021-06-21T00:05:00+0000,2021-06-23T00:05:00+0000,-1,1,-0.273446194845,-1.17015923756,-0.152650295209,-0.273446194845,EUR,True,False,train
three_book_sign_only,three_book_sign_only|2021-06-22T00:00:00+00:00,2021-06-22T00:00:00+0000,2021-06-23T00:00:00+0000,2021-06-23T00:05:00+0000,2021-06-25T00:05:00+0000,-1,1,-1.29264431192,-0.664656341767,-1.29264431192,-1.61833078512,TRY+BRL,True,False,train
three_book_sign_only,three_book_sign_only|2021-06-24T00:00:00+00:00,2021-06-24T00:00:00+0000,2021-06-25T00:00:00+0000,2021-06-25T00:05:00+0000,2021-06-27T00:05:00+0000,-1,1,-0.165641578632,-0.165641578632,-0.0329969480038,-1.47109831426,BRL,True,False,train
three_book_sign_only,three_book_sign_only|2021-06-25T00:00:00+00:00,2021-06-25T00:00:00+0000,2021-06-26T00:00:00+0000,2021-06-26T00:05:00+0000,2021-06-28T00:05:00+0000,1,-1,1.31192673922,0.583722443781,1.3933308871,1.31192673922,TRY+BRL,False,True,
three_book_sign_only,three_book_sign_only|2021-06-27T00:00:00+00:00,2021-06-27T00:00:00+0000,2021-06-28T00:00:00+0000,2021-06-28T00:05:00+0000,2021-06-30T00:05:00+0000,-1,1,-0.55321309385,-0.393890901174,-0.55321309385,-0.925000126383,,True,False,train
three_book_sign_only,three_book_sign_only|2021-06-29T00:00:00+00:00,2021-06-29T00:00:00+0000,2021-06-30T00:00:00+0000,2021-06-30T00:05:00+0000,2021-07-02T00:05:00+0000,1,-1,0.319709523642,0.729708214706,0.202377214371,0.319709523642,,True,False,train
three_book_sign_only,three_book_sign_only|2021-07-01T00:00:00+00:00,2021-07-01T00:00:00+0000,2021-07-02T00:00:00+0000,2021-07-02T00:05:00+0000,2021-07-04T00:05:00+0000,1,-1,0.483506002828,0.483506002828,0.267048957565,1.64700376271,BRL,True,False,train
three_book_sign_only,three_book_sign_only|2021-07-02T00:00:00+00:00,2021-07-02T00:00:00+0000,2021-07-03T00:00:00+0000,2021-07-03T00:05:00+0000,2021-07-05T00:05:00+0000,-1,1,-0.134432980871,-0.472388467814,-0.0631756717786,-0.134432980871,,False,True,
three_book_sign_only,three_book_sign_only|2021-07-05T00:00:00+00:00,2021-07-05T00:00:00+0000,2021-07-06T00:00:00+0000,2021-07-06T00:05:00+0000,2021-07-08T00:05:00+0000,1,-1,0.513917863728,0.513917863728,0.312738287778,1.91970781471,BRL,True,False,train
three_book_sign_only,three_book_sign_only|2021-07-09T00:00:00+00:00,2021-07-09T00:00:00+0000,2021-07-10T00:00:00+0000,2021-07-10T00:05:00+0000,2021-07-12T00:05:00+0000,-1,1,-0.695313076954,-0.695313076954,-0.793728203537,-0.594669324416,,True,False,train
three_book_sign_only,three_book_sign_only|2021-07-10T00:00:00+00:00,2021-07-10T00:00:00+0000,2021-07-11T00:00:00+0000,2021-07-11T00:05:00+0000,2021-07-13T00:05:00+0000,1,-1,0.433534819951,0.433534819951,0.0888488205342,0.455842571279,,False,True,
three_book_sign_only,three_book_sign_only|2021-07-11T00:00:00+00:00,2021-07-11T00:00:00+0000,2021-07-12T00:00:00+0000,2021-07-12T00:05:00+0000,2021-07-14T00:05:00+0000,-1,1,-0.502786136421,-0.502786136421,-0.429098887258,-0.789875735492,,True,False,train
three_book_sign_only,three_book_sign_only|2021-07-19T00:00:00+00:00,2021-07-19T00:00:00+0000,2021-07-20T00:00:00+0000,2021-07-20T00:05:00+0000,2021-07-22T00:05:00+0000,1,-1,0.831545146342,0.737702066697,0.831545146342,2.69968179307,BRL,True,False,train
three_book_sign_only,three_book_sign_only|2021-07-21T00:00:00+00:00,2021-07-21T00:00:00+0000,2021-07-22T00:00:00+0000,2021-07-22T00:05:00+0000,2021-07-24T00:05:00+0000,-1,1,-0.962761472262,-0.962761472262,-1.39877317543,-0.547845816063,TRY,True,False,train
three_book_sign_only,three_book_sign_only|2021-07-22T00:00:00+00:00,2021-07-22T00:00:00+0000,2021-07-23T00:00:00+0000,2021-07-23T00:05:00+0000,2021-07-25T00:05:00+0000,1,-1,0.158810693297,0.158810693297,0.0460083425854,0.492889166506,,False,True,
three_book_sign_only,three_book_sign_only|2021-07-23T00:00:00+00:00,2021-07-23T00:00:00+0000,2021-07-24T00:00:00+0000,2021-07-24T00:05:00+0000,2021-07-26T00:05:00+0000,-1,1,-0.55910101051,-0.469414120226,-0.55910101051,-0.703808996985,,True,False,train
three_book_sign_only,three_book_sign_only|2021-07-25T00:00:00+00:00,2021-07-25T00:00:00+0000,2021-07-26T00:00:00+0000,2021-07-26T00:05:00+0000,2021-07-28T00:05:00+0000,-1,1,-0.580554455593,-0.584800649598,-0.0639324951707,-0.580554455593,,True,False,train
three_book_sign_only,three_book_sign_only|2021-07-28T00:00:00+00:00,2021-07-28T00:00:00+0000,2021-07-29T00:00:00+0000,2021-07-29T00:05:00+0000,2021-07-31T00:05:00+0000,-1,1,-0.040530970657,-0.0279359899358,-0.040530970657,-1.05003785981,BRL,True,False,train
three_book_sign_only,three_book_sign_only|2021-08-01T00:00:00+00:00,2021-08-01T00:00:00+0000,2021-08-02T00:00:00+0000,2021-08-02T00:05:00+0000,2021-08-04T00:05:00+0000,1,-1,1.1165772636,1.39746674592,1.1165772636,0.187767012344,EUR+TRY,True,False,train
three_book_sign_only,three_book_sign_only|2021-08-06T00:00:00+00:00,2021-08-06T00:00:00+0000,2021-08-07T00:00:00+0000,2021-08-07T00:05:00+0000,2021-08-09T00:05:00+0000,1,-1,0.702459815176,1.51406571495,0.702459815176,0.096169588168,EUR,True,False,train
three_book_sign_only,three_book_sign_only|2021-08-08T00:00:00+00:00,2021-08-08T00:00:00+0000,2021-08-09T00:00:00+0000,2021-08-09T00:05:00+0000,2021-08-11T00:05:00+0000,1,-1,1.19486970115,1.19486970115,1.53476658131,0.289537155606,EUR+TRY,True,False,train
three_book_sign_only,three_book_sign_only|2021-08-09T00:00:00+00:00,2021-08-09T00:00:00+0000,2021-08-10T00:00:00+0000,2021-08-10T00:05:00+0000,2021-08-12T00:05:00+0000,-1,1,-0.173053026534,-0.665801513631,-0.173053026534,-0.0803484884398,,False,True,
three_book_sign_only,three_book_sign_only|2021-08-11T00:00:00+00:00,2021-08-11T00:00:00+0000,2021-08-12T00:00:00+0000,2021-08-12T00:05:00+0000,2021-08-14T00:05:00+0000,1,-1,1.40811454663,1.40811454663,0.881959535341,1.41493722005,EUR+BRL,True,False,train
three_book_sign_only,three_book_sign_only|2021-08-13T00:00:00+00:00,2021-08-13T00:00:00+0000,2021-08-14T00:00:00+0000,2021-08-14T00:05:00+0000,2021-08-16T00:05:00+0000,-1,1,-1.64406610524,-3.67801209298,-1.64406610524,-0.537475537425,EUR+TRY,True,False,train
three_book_sign_only,three_book_sign_only|2021-08-14T00:00:00+00:00,2021-08-14T00:00:00+0000,2021-08-15T00:00:00+0000,2021-08-15T00:05:00+0000,2021-08-17T00:05:00+0000,1,-1,0.253576394398,0.636056279841,0.107868954315,0.253576394398,,False,True,
three_book_sign_only,three_book_sign_only|2021-08-15T00:00:00+00:00,2021-08-15T00:00:00+0000,2021-08-16T00:00:00+0000,2021-08-16T00:05:00+0000,2021-08-18T00:05:00+0000,-1,1,-0.0870092565561,-0.367147014517,-0.0228406898879,-0.0870092565561,,True,False,train
three_book_sign_only,three_book_sign_only|2021-08-16T00:00:00+00:00,2021-08-16T00:00:00+0000,2021-08-17T00:00:00+0000,2021-08-17T00:05:00+0000,2021-08-19T00:05:00+0000,1,-1,1.1193938756,2.1976804532,1.1193938756,0.647352810554,EUR+TRY,False,True,
three_book_sign_only,three_book_sign_only|2021-08-19T00:00:00+00:00,2021-08-19T00:00:00+0000,2021-08-20T00:00:00+0000,2021-08-20T00:05:00+0000,2021-08-22T00:05:00+0000,-1,1,-0.40899600401,-2.58672781884,-0.40899600401,-0.226578303851,EUR,True,False,train
three_book_sign_only,three_book_sign_only|2021-08-21T00:00:00+00:00,2021-08-21T00:00:00+0000,2021-08-22T00:00:00+0000,2021-08-22T00:05:00+0000,2021-08-24T00:05:00+0000,1,-1,0.996484544844,1.86911822165,0.563128187003,0.996484544844,EUR,True,False,train
three_book_sign_only,three_book_sign_only|2021-08-25T00:00:00+00:00,2021-08-25T00:00:00+0000,2021-08-26T00:00:00+0000,2021-08-26T00:05:00+0000,2021-08-28T00:05:00+0000,-1,1,-0.48577674809,-0.395177697375,-0.48577674809,-1.1285183908,BRL,True,False,train
three_book_sign_only,three_book_sign_only|2021-08-27T00:00:00+00:00,2021-08-27T00:00:00+0000,2021-08-28T00:00:00+0000,2021-08-28T00:05:00+0000,2021-08-30T00:05:00+0000,-1,1,-2.4219109057,-3.03391462545,-1.27090591835,-2.4219109057,EUR+TRY+BRL,True,False,train
three_book_sign_only,three_book_sign_only|2021-08-30T00:00:00+00:00,2021-08-30T00:00:00+0000,2021-08-31T00:00:00+0000,2021-08-31T00:05:00+0000,2021-09-02T00:05:00+0000,1,-1,0.466389187523,0.466389187523,0.39872409703,0.523520787577,,True,False,train
three_book_sign_only,three_book_sign_only|2021-08-31T00:00:00+00:00,2021-08-31T00:00:00+0000,2021-09-01T00:00:00+0000,2021-09-01T00:05:00+0000,2021-09-03T00:05:00+0000,-1,1,-0.974517299669,-0.974517299669,-1.05630776657,-0.638032121811,TRY,False,True,
three_book_sign_only,three_book_sign_only|2021-09-03T00:00:00+00:00,2021-09-03T00:00:00+0000,2021-09-04T00:00:00+0000,2021-09-04T00:05:00+0000,2021-09-06T00:05:00+0000,1,-1,0.549227008929,0.956827415606,0.549227008929,0.0620566295902,,True,False,train
three_book_sign_only,three_book_sign_only|2021-09-05T00:00:00+00:00,2021-09-05T00:00:00+0000,2021-09-06T00:00:00+0000,2021-09-06T00:05:00+0000,2021-09-08T00:05:00+0000,-1,1,-0.974043970217,-0.976547331651,-0.974043970217,-0.685144541415,,True,False,train
three_book_sign_only,three_book_sign_only|2021-09-06T00:00:00+00:00,2021-09-06T00:00:00+0000,2021-09-07T00:00:00+0000,2021-09-07T00:05:00+0000,2021-09-09T00:05:00+0000,1,-1,0.808341018155,1.11113342026,0.808341018155,0.352473508403,EUR,False,True,
three_book_sign_only,three_book_sign_only|2021-09-09T00:00:00+00:00,2021-09-09T00:00:00+0000,2021-09-10T00:00:00+0000,2021-09-10T00:05:00+0000,2021-09-12T00:05:00+0000,-1,1,-0.388627916392,-0.354856346507,-0.388627916392,-1.39413086038,BRL,True,False,train
three_book_sign_only,three_book_sign_only|2021-09-11T00:00:00+00:00,2021-09-11T00:00:00+0000,2021-09-12T00:00:00+0000,2021-09-12T00:05:00+0000,2021-09-14T00:05:00+0000,-1,1,-0.0854606588358,-0.112906729114,-0.0854606588358,-0.059283170545,,True,False,train
three_book_sign_only,three_book_sign_only|2021-09-15T00:00:00+00:00,2021-09-15T00:00:00+0000,2021-09-16T00:00:00+0000,2021-09-16T00:05:00+0000,2021-09-18T00:05:00+0000,-1,1,-0.782470553344,-1.09829975001,-0.782470553344,-0.506835600772,EUR,True,False,train
three_book_sign_only,three_book_sign_only|2021-09-16T00:00:00+00:00,2021-09-16T00:00:00+0000,2021-09-17T00:00:00+0000,2021-09-17T00:05:00+0000,2021-09-19T00:05:00+0000,1,-1,1.23968644503,0.667494270592,1.23968644503,1.26247822838,TRY+BRL,False,True,
three_book_sign_only,three_book_sign_only|2021-09-19T00:00:00+00:00,2021-09-19T00:00:00+0000,2021-09-20T00:00:00+0000,2021-09-20T00:05:00+0000,2021-09-22T00:05:00+0000,1,-1,0.535707259888,0.535707259888,0.724474657005,0.073458442747,,True,False,train
three_book_sign_only,three_book_sign_only|2021-09-24T00:00:00+00:00,2021-09-24T00:00:00+0000,2021-09-25T00:00:00+0000,2021-09-25T00:05:00+0000,2021-09-27T00:05:00+0000,1,-1,1.43012091038,0.64650655992,1.65417890504,1.43012091038,TRY+BRL,True,False,train
three_book_sign_only,three_book_sign_only|2021-09-26T00:00:00+00:00,2021-09-26T00:00:00+0000,2021-09-27T00:00:00+0000,2021-09-27T00:05:00+0000,2021-09-29T00:05:00+0000,-1,1,-0.300206569917,-0.452581806612,-0.234970193523,-0.300206569917,,True,False,train
three_book_sign_only,three_book_sign_only|2021-09-28T00:00:00+00:00,2021-09-28T00:00:00+0000,2021-09-29T00:00:00+0000,2021-09-29T00:05:00+0000,2021-10-01T00:05:00+0000,1,-1,1.28647815978,1.347116556,0.728218058134,1.28647815978,EUR+BRL,True,False,train
three_book_sign_only,three_book_sign_only|2021-09-30T00:00:00+00:00,2021-09-30T00:00:00+0000,2021-10-01T00:00:00+0000,2021-10-01T00:05:00+0000,2021-10-03T00:05:00+0000,-1,1,-1.03054194604,-0.108306275118,-1.20435943087,-1.03054194604,TRY+BRL,True,False,train
three_book_sign_only,three_book_sign_only|2021-10-03T00:00:00+00:00,2021-10-03T00:00:00+0000,2021-10-04T00:00:00+0000,2021-10-04T00:05:00+0000,2021-10-06T00:05:00+0000,-1,1,-0.321854161512,-0.0447526397412,-0.663042692904,-0.321854161512,,True,False,train
three_book_sign_only,three_book_sign_only|2021-10-04T00:00:00+00:00,2021-10-04T00:00:00+0000,2021-10-05T00:00:00+0000,2021-10-05T00:05:00+0000,2021-10-07T00:05:00+0000,1,-1,2.11951430923,0.0321080579149,2.33529243934,2.11951430923,TRY+BRL,False,True,
three_book_sign_only,three_book_sign_only|2021-10-08T00:00:00+00:00,2021-10-08T00:00:00+0000,2021-10-09T00:00:00+0000,2021-10-09T00:05:00+0000,2021-10-11T00:05:00+0000,1,-1,0.813981614228,0.513211945456,1.26877667238,0.813981614228,TRY,True,False,train
three_book_sign_only,three_book_sign_only|2021-10-10T00:00:00+00:00,2021-10-10T00:00:00+0000,2021-10-11T00:00:00+0000,2021-10-11T00:05:00+0000,2021-10-13T00:05:00+0000,1,-1,0.998423302088,1.88298808219,0.998423302088,0.79555386398,EUR,True,False,train
three_book_sign_only,three_book_sign_only|2021-10-18T00:00:00+00:00,2021-10-18T00:00:00+0000,2021-10-19T00:00:00+0000,2021-10-19T00:05:00+0000,2021-10-21T00:05:00+0000,1,-1,0.711313689921,0.67183058159,0.982711366278,0.711313689921,,True,False,train
three_book_sign_only,three_book_sign_only|2021-10-21T00:00:00+00:00,2021-10-21T00:00:00+0000,2021-10-22T00:00:00+0000,2021-10-22T00:05:00+0000,2021-10-24T00:05:00+0000,1,-1,2.22336276067,2.22336276067,5.2449026939,1.77210059404,EUR+TRY+BRL,True,False,train
three_book_sign_only,three_book_sign_only|2021-10-24T00:00:00+00:00,2021-10-24T00:00:00+0000,2021-10-25T00:00:00+0000,2021-10-25T00:05:00+0000,2021-10-27T00:05:00+0000,1,-1,0.0535210459213,0.0535210459213,1.45831443893,0.0412734537594,TRY,True,False,train
three_book_sign_only,three_book_sign_only|2021-10-26T00:00:00+00:00,2021-10-26T00:00:00+0000,2021-10-27T00:00:00+0000,2021-10-27T00:05:00+0000,2021-10-29T00:05:00+0000,1,-1,0.407028292864,0.7814477138,0.407028292864,0.402846239181,,True,False,train
three_book_sign_only,three_book_sign_only|2021-11-04T00:00:00+00:00,2021-11-04T00:00:00+0000,2021-11-05T00:00:00+0000,2021-11-05T00:05:00+0000,2021-11-07T00:05:00+0000,1,-1,1.13172348647,1.52537461325,0.854959313281,1.13172348647,EUR+BRL,True,False,train
three_book_sign_only,three_book_sign_only|2021-11-06T00:00:00+00:00,2021-11-06T00:00:00+0000,2021-11-07T00:00:00+0000,2021-11-07T00:05:00+0000,2021-11-09T00:05:00+0000,-1,1,-0.164417088195,-0.574762638543,-0.0343727284626,-0.164417088195,,True,False,train
three_book_sign_only,three_book_sign_only|2021-11-08T00:00:00+00:00,2021-11-08T00:00:00+0000,2021-11-09T00:00:00+0000,2021-11-09T00:05:00+0000,2021-11-11T00:05:00+0000,-1,1,-1.0061754425,-2.3851644583,-0.160746588793,-1.0061754425,EUR+BRL,True,False,train
three_book_sign_only,three_book_sign_only|2021-11-10T00:00:00+00:00,2021-11-10T00:00:00+0000,2021-11-11T00:00:00+0000,2021-11-11T00:05:00+0000,2021-11-13T00:05:00+0000,1,-1,2.14829616036,2.80687351872,2.14829616036,0.78789493502,EUR+TRY,True,False,train
three_book_sign_only,three_book_sign_only|2021-11-15T00:00:00+00:00,2021-11-15T00:00:00+0000,2021-11-16T00:00:00+0000,2021-11-16T00:05:00+0000,2021-11-18T00:05:00+0000,1,-1,0.494666391742,0.800842010958,0.157029220252,0.494666391742,,True,False,train
three_book_sign_only,three_book_sign_only|2021-11-20T00:00:00+00:00,2021-11-20T00:00:00+0000,2021-11-21T00:00:00+0000,2021-11-21T00:05:00+0000,2021-11-23T00:05:00+0000,1,-1,0.4573647674,0.4573647674,0.724078040093,0.164469468803,,True,False,train
three_book_sign_only,three_book_sign_only|2021-11-25T00:00:00+00:00,2021-11-25T00:00:00+0000,2021-11-26T00:00:00+0000,2021-11-26T00:05:00+0000,2021-11-28T00:05:00+0000,-1,1,-0.760439641621,-0.760439641621,-1.65043779338,-0.756794792809,TRY,True,False,train
three_book_sign_only,three_book_sign_only|2021-11-28T00:00:00+00:00,2021-11-28T00:00:00+0000,2021-11-29T00:00:00+0000,2021-11-29T00:05:00+0000,2021-12-01T00:05:00+0000,-1,1,-0.671112013614,-0.461548585776,-1.56604431759,-0.671112013614,TRY,True,False,train
three_book_sign_only,three_book_sign_only|2021-12-01T00:00:00+00:00,2021-12-01T00:00:00+0000,2021-12-02T00:00:00+0000,2021-12-02T00:05:00+0000,2021-12-04T00:05:00+0000,1,-1,1.20851952403,0.534794490176,2.25507467043,1.20851952403,TRY+BRL,True,False,train
three_book_sign_only,three_book_sign_only|2021-12-03T00:00:00+00:00,2021-12-03T00:00:00+0000,2021-12-04T00:00:00+0000,2021-12-04T00:05:00+0000,2021-12-06T00:05:00+0000,1,-1,0.842532590622,0.0427644220419,4.97534060435,0.842532590622,TRY,True,False,train
three_book_sign_only,three_book_sign_only|2021-12-05T00:00:00+00:00,2021-12-05T00:00:00+0000,2021-12-06T00:00:00+0000,2021-12-06T00:05:00+0000,2021-12-08T00:05:00+0000,-1,1,-0.802842921918,-2.87062757149,-0.0974950859327,-0.802842921918,EUR,True,False,train
three_book_sign_only,three_book_sign_only|2021-12-07T00:00:00+00:00,2021-12-07T00:00:00+0000,2021-12-08T00:00:00+0000,2021-12-08T00:05:00+0000,2021-12-10T00:05:00+0000,-1,1,-1.27712825379,-0.0419045290893,-1.27712825379,-2.97852296699,TRY+BRL,True,False,train
three_book_sign_only,three_book_sign_only|2021-12-09T00:00:00+00:00,2021-12-09T00:00:00+0000,2021-12-10T00:00:00+0000,2021-12-10T00:05:00+0000,2021-12-12T00:05:00+0000,1,-1,1.33067272773,1.16614607715,3.23756417524,1.33067272773,EUR+TRY+BRL,True,False,train
three_book_sign_only,three_book_sign_only|2021-12-11T00:00:00+00:00,2021-12-11T00:00:00+0000,2021-12-12T00:00:00+0000,2021-12-12T00:05:00+0000,2021-12-14T00:05:00+0000,-1,1,-0.409568336809,-0.266826979509,-3.11634891522,-0.409568336809,TRY,True,False,train
three_book_sign_only,three_book_sign_only|2021-12-13T00:00:00+00:00,2021-12-13T00:00:00+0000,2021-12-14T00:00:00+0000,2021-12-14T00:05:00+0000,2021-12-16T00:05:00+0000,1,-1,1.5713906566,0.578211473199,2.27885542914,1.5713906566,TRY+BRL,True,False,train
three_book_sign_only,three_book_sign_only|2021-12-21T00:00:00+00:00,2021-12-21T00:00:00+0000,2021-12-22T00:00:00+0000,2021-12-22T00:05:00+0000,2021-12-24T00:05:00+0000,-1,1,-0.234971286942,-0.234971286942,-5.1592722386,-0.0185357330005,TRY,True,False,train
three_book_sign_only,three_book_sign_only|2021-12-24T00:00:00+00:00,2021-12-24T00:00:00+0000,2021-12-25T00:00:00+0000,2021-12-25T00:05:00+0000,2021-12-27T00:05:00+0000,1,-1,0.864435063886,0.864435063886,2.93754103601,0.223448282679,TRY,True,False,train
three_book_sign_only,three_book_sign_only|2021-12-26T00:00:00+00:00,2021-12-26T00:00:00+0000,2021-12-27T00:00:00+0000,2021-12-27T00:05:00+0000,2021-12-29T00:05:00+0000,-1,1,-0.812161176272,-0.812161176272,-2.33977909597,-0.386451052805,TRY,True,False,train
three_book_sign_only,three_book_sign_only|2022-01-04T00:00:00+00:00,2022-01-04T00:00:00+0000,2022-01-05T00:00:00+0000,2022-01-05T00:05:00+0000,2022-01-07T00:05:00+0000,1,-1,0.560580778797,0.560580778797,2.18201924647,0.464432842862,TRY,True,False,train
three_book_sign_only,three_book_sign_only|2022-01-06T00:00:00+00:00,2022-01-06T00:00:00+0000,2022-01-07T00:00:00+0000,2022-01-07T00:05:00+0000,2022-01-09T00:05:00+0000,-1,1,-0.502622344396,-0.0416511436747,-0.502622344396,-0.90875088969,,True,False,train
three_book_sign_only,three_book_sign_only|2022-01-08T00:00:00+00:00,2022-01-08T00:00:00+0000,2022-01-09T00:00:00+0000,2022-01-09T00:05:00+0000,2022-01-11T00:05:00+0000,1,-1,0.257405139449,0.257405139449,0.521620586429,0.238274250028,,True,False,train
three_book_sign_only,three_book_sign_only|2022-01-09T00:00:00+00:00,2022-01-09T00:00:00+0000,2022-01-10T00:00:00+0000,2022-01-10T00:05:00+0000,2022-01-12T00:05:00+0000,-1,1,-0.324618396906,-0.0364363741249,-0.746894720419,-0.324618396906,,False,True,
three_book_sign_only,three_book_sign_only|2022-01-11T00:00:00+00:00,2022-01-11T00:00:00+0000,2022-01-12T00:00:00+0000,2022-01-12T00:05:00+0000,2022-01-14T00:05:00+0000,-1,1,-1.58064974343,-0.872451216843,-1.58064974343,-2.61240625472,TRY+BRL,True,False,train
three_book_sign_only,three_book_sign_only|2022-01-16T00:00:00+00:00,2022-01-16T00:00:00+0000,2022-01-17T00:00:00+0000,2022-01-17T00:05:00+0000,2022-01-19T00:05:00+0000,-1,1,-0.228355969565,-0.228355969565,-0.320275759057,-0.00434961003491,,True,False,train
three_book_sign_only,three_book_sign_only|2022-01-18T00:00:00+00:00,2022-01-18T00:00:00+0000,2022-01-19T00:00:00+0000,2022-01-19T00:05:00+0000,2022-01-21T00:05:00+0000,1,-1,1.14562664477,1.99489756144,0.416845919543,1.14562664477,EUR+BRL,True,False,train
three_book_sign_only,three_book_sign_only|2022-01-19T00:00:00+00:00,2022-01-19T00:00:00+0000,2022-01-20T00:00:00+0000,2022-01-20T00:05:00+0000,2022-01-22T00:05:00+0000,-1,1,-0.430450382533,-0.430450382533,-0.26734400984,-3.66066184423,BRL,False,True,
three_book_sign_only,three_book_sign_only|2022-01-22T00:00:00+00:00,2022-01-22T00:00:00+0000,2022-01-23T00:00:00+0000,2022-01-23T00:05:00+0000,2022-01-25T00:05:00+0000,1,-1,0.100867410977,0.14284965191,0.100867410977,0.0993159698184,,True,False,train
three_book_sign_only,three_book_sign_only|2022-01-23T00:00:00+00:00,2022-01-23T00:00:00+0000,2022-01-24T00:00:00+0000,2022-01-24T00:05:00+0000,2022-01-26T00:05:00+0000,-1,1,-0.380630816666,-0.380630816666,-0.670535992586,-0.299479973282,,False,True,
three_book_sign_only,three_book_sign_only|2022-01-31T00:00:00+00:00,2022-01-31T00:00:00+0000,2022-02-01T00:00:00+0000,2022-02-01T00:05:00+0000,2022-02-03T00:05:00+0000,-1,1,-2.92561467648,-2.92561467648,-2.11180292856,-3.34651048505,EUR+TRY+BRL,True,False,train
three_book_sign_only,three_book_sign_only|2022-02-06T00:00:00+00:00,2022-02-06T00:00:00+0000,2022-02-07T00:00:00+0000,2022-02-07T00:05:00+0000,2022-02-09T00:05:00+0000,-1,1,-0.567808648873,-0.336928908949,-0.862655758299,-0.567808648873,,True,False,train
three_book_sign_only,three_book_sign_only|2022-02-09T00:00:00+00:00,2022-02-09T00:00:00+0000,2022-02-10T00:00:00+0000,2022-02-10T00:05:00+0000,2022-02-12T00:05:00+0000,-1,1,-0.367293132756,-0.174805299581,-0.367293132756,-1.3438546919,BRL,True,False,train
three_book_sign_only,three_book_sign_only|2022-02-15T00:00:00+00:00,2022-02-15T00:00:00+0000,2022-02-16T00:00:00+0000,2022-02-16T00:05:00+0000,2022-02-18T00:05:00+0000,-1,1,-1.84660380843,-1.84660380843,-0.659171430377,-2.49900153519,EUR+BRL,True,False,train
three_book_sign_only,three_book_sign_only|2022-02-17T00:00:00+00:00,2022-02-17T00:00:00+0000,2022-02-18T00:00:00+0000,2022-02-18T00:05:00+0000,2022-02-20T00:05:00+0000,1,-1,0.425732256849,0.406202620722,0.425732256849,1.71644438889,BRL,True,False,train
three_book_sign_only,three_book_sign_only|2022-02-20T00:00:00+00:00,2022-02-20T00:00:00+0000,2022-02-21T00:00:00+0000,2022-02-21T00:05:00+0000,2022-02-23T00:05:00+0000,-1,1,-0.108487375056,-0.382700800525,-0.108487375056,-0.0239804263833,,True,False,train
three_book_sign_only,three_book_sign_only|2022-02-24T00:00:00+00:00,2022-02-24T00:00:00+0000,2022-02-25T00:00:00+0000,2022-02-25T00:05:00+0000,2022-02-27T00:05:00+0000,1,-1,3.00547058679,3.00547058679,1.03404227348,3.44717587513,EUR+TRY+BRL,True,False,train
three_book_sign_only,three_book_sign_only|2022-02-27T00:00:00+00:00,2022-02-27T00:00:00+0000,2022-02-28T00:00:00+0000,2022-02-28T00:05:00+0000,2022-03-02T00:05:00+0000,1,-1,1.83079094579,2.75862932419,1.83079094579,0.123231557405,EUR+TRY,True,False,train
three_book_sign_only,three_book_sign_only|2022-02-28T00:00:00+00:00,2022-02-28T00:00:00+0000,2022-03-01T00:00:00+0000,2022-03-01T00:05:00+0000,2022-03-03T00:05:00+0000,-1,1,-1.71093396784,-1.46406173162,-3.5648217876,-1.71093396784,EUR+TRY+BRL,False,True,
three_book_sign_only,three_book_sign_only|2022-03-04T00:00:00+00:00,2022-03-04T00:00:00+0000,2022-03-05T00:00:00+0000,2022-03-05T00:05:00+0000,2022-03-07T00:05:00+0000,1,-1,1.34708701979,4.5616199616,0.751952930957,1.34708701979,EUR+BRL,True,False,train
three_book_sign_only,three_book_sign_only|2022-03-06T00:00:00+00:00,2022-03-06T00:00:00+0000,2022-03-07T00:00:00+0000,2022-03-07T00:05:00+0000,2022-03-09T00:05:00+0000,1,-1,0.533635003814,1.24819492557,0.533635003814,0.00427003223819,EUR,True,False,train
three_book_sign_only,three_book_sign_only|2022-03-10T00:00:00+00:00,2022-03-10T00:00:00+0000,2022-03-11T00:00:00+0000,2022-03-11T00:05:00+0000,2022-03-13T00:05:00+0000,1,-1,1.6786603075,2.11156052045,1.6786603075,0.190224701612,EUR+TRY,True,False,train
three_book_sign_only,three_book_sign_only|2022-03-16T00:00:00+00:00,2022-03-16T00:00:00+0000,2022-03-17T00:00:00+0000,2022-03-17T00:05:00+0000,2022-03-19T00:05:00+0000,-1,1,-2.16560885507,-2.184791044,-1.24680253327,-2.16560885507,EUR+TRY+BRL,True,False,train
three_book_sign_only,three_book_sign_only|2022-03-22T00:00:00+00:00,2022-03-22T00:00:00+0000,2022-03-23T00:00:00+0000,2022-03-23T00:05:00+0000,2022-03-25T00:05:00+0000,-1,1,-0.408098733034,-0.408098733034,-0.35902019412,-1.13056569462,BRL,True,False,train
three_book_sign_only,three_book_sign_only|2022-03-27T00:00:00+00:00,2022-03-27T00:00:00+0000,2022-03-28T00:00:00+0000,2022-03-28T00:05:00+0000,2022-03-30T00:05:00+0000,-1,1,-0.742514787207,-0.540727626943,-0.742514787207,-0.983823545947,,True,False,train
three_book_sign_only,three_book_sign_only|2022-04-03T00:00:00+00:00,2022-04-03T00:00:00+0000,2022-04-04T00:00:00+0000,2022-04-04T00:05:00+0000,2022-04-06T00:05:00+0000,-1,1,-0.228484244078,-0.124858766315,-0.742371763224,-0.228484244078,,True,False,train
three_book_sign_only,three_book_sign_only|2022-04-05T00:00:00+00:00,2022-04-05T00:00:00+0000,2022-04-06T00:00:00+0000,2022-04-06T00:05:00+0000,2022-04-08T00:05:00+0000,1,-1,1.73777874655,2.18284229248,0.321055724665,1.73777874655,EUR+BRL,True,False,train
three_book_sign_only,three_book_sign_only|2022-04-11T00:00:00+00:00,2022-04-11T00:00:00+0000,2022-04-12T00:00:00+0000,2022-04-12T00:05:00+0000,2022-04-14T00:05:00+0000,-1,1,-0.357762962689,-0.189477485606,-0.433358544976,-0.357762962689,,True,False,train
three_book_sign_only,three_book_sign_only|2022-04-14T00:00:00+00:00,2022-04-14T00:00:00+0000,2022-04-15T00:00:00+0000,2022-04-15T00:05:00+0000,2022-04-17T00:05:00+0000,1,-1,0.305237054153,2.33754628275,0.26279602534,0.305237054153,EUR,True,False,train
three_book_sign_only,three_book_sign_only|2022-04-16T00:00:00+00:00,2022-04-16T00:00:00+0000,2022-04-17T00:00:00+0000,2022-04-17T00:05:00+0000,2022-04-19T00:05:00+0000,-1,1,-0.195597097231,-0.485214849533,-0.195597097231,-0.0772221563457,,True,False,train
three_book_sign_only,three_book_sign_only|2022-04-21T00:00:00+00:00,2022-04-21T00:00:00+0000,2022-04-22T00:00:00+0000,2022-04-22T00:05:00+0000,2022-04-24T00:05:00+0000,1,-1,0.233750350723,0.630716927131,0.233750350723,0.0452702319729,,True,False,train
three_book_sign_only,three_book_sign_only|2022-04-24T00:00:00+00:00,2022-04-24T00:00:00+0000,2022-04-25T00:00:00+0000,2022-04-25T00:05:00+0000,2022-04-27T00:05:00+0000,-1,1,-0.210594821579,-0.817804969977,-0.210594821579,-0.12794779049,,True,False,train
three_book_sign_only,three_book_sign_only|2022-04-26T00:00:00+00:00,2022-04-26T00:00:00+0000,2022-04-27T00:00:00+0000,2022-04-27T00:05:00+0000,2022-04-29T00:05:00+0000,1,-1,2.52326889744,2.52326889744,0.395524049463,4.70569001698,EUR+BRL,True,False,train
three_book_sign_only,three_book_sign_only|2022-04-30T00:00:00+00:00,2022-04-30T00:00:00+0000,2022-05-01T00:00:00+0000,2022-05-01T00:05:00+0000,2022-05-03T00:05:00+0000,1,-1,0.754608254265,0.740913522884,1.29127617087,0.754608254265,TRY,True,False,train
three_book_sign_only,three_book_sign_only|2022-05-01T00:00:00+00:00,2022-05-01T00:00:00+0000,2022-05-02T00:00:00+0000,2022-05-02T00:05:00+0000,2022-05-04T00:05:00+0000,-1,1,-0.617638421596,-1.0748945655,-0.304229202148,-0.617638421596,EUR,False,True,
three_book_sign_only,three_book_sign_only|2022-05-03T00:00:00+00:00,2022-05-03T00:00:00+0000,2022-05-04T00:00:00+0000,2022-05-04T00:05:00+0000,2022-05-06T00:05:00+0000,-1,1,-0.65982724306,-0.150162654957,-0.65982724306,-2.84929579054,BRL,True,False,train
three_book_sign_only,three_book_sign_only|2022-05-05T00:00:00+00:00,2022-05-05T00:00:00+0000,2022-05-06T00:00:00+0000,2022-05-06T00:05:00+0000,2022-05-08T00:05:00+0000,1,-1,2.66020470739,2.66020470739,1.53267972724,4.36005514758,EUR+TRY+BRL,True,False,train
three_book_sign_only,three_book_sign_only|2022-05-15T00:00:00+00:00,2022-05-15T00:00:00+0000,2022-05-16T00:00:00+0000,2022-05-16T00:05:00+0000,2022-05-18T00:05:00+0000,-1,1,-0.400206726316,-0.089517564221,-1.09902990738,-0.400206726316,TRY,True,False,train
three_book_sign_only,three_book_sign_only|2022-05-18T00:00:00+00:00,2022-05-18T00:00:00+0000,2022-05-19T00:00:00+0000,2022-05-19T00:05:00+0000,2022-05-21T00:05:00+0000,1,-1,2.27135388691,2.35628767933,2.27135388691,1.42199490449,EUR+TRY+BRL,True,False,train
three_book_sign_only,three_book_sign_only|2022-05-19T00:00:00+00:00,2022-05-19T00:00:00+0000,2022-05-20T00:00:00+0000,2022-05-20T00:05:00+0000,2022-05-22T00:05:00+0000,-1,1,-1.84072280913,-3.5171356714,-1.76939163588,-1.84072280913,EUR+TRY+BRL,False,True,
three_book_sign_only,three_book_sign_only|2022-05-22T00:00:00+00:00,2022-05-22T00:00:00+0000,2022-05-23T00:00:00+0000,2022-05-23T00:05:00+0000,2022-05-25T00:05:00+0000,-1,1,-0.455314255304,-0.282614294524,-0.820562419733,-0.455314255304,,True,False,train
three_book_sign_only,three_book_sign_only|2022-05-25T00:00:00+00:00,2022-05-25T00:00:00+0000,2022-05-26T00:00:00+0000,2022-05-26T00:05:00+0000,2022-05-28T00:05:00+0000,1,-1,1.23644121503,1.31456238536,1.23644121503,0.171550456153,EUR+TRY,True,False,train
three_book_sign_only,three_book_sign_only|2022-05-27T00:00:00+00:00,2022-05-27T00:00:00+0000,2022-05-28T00:00:00+0000,2022-05-28T00:05:00+0000,2022-05-30T00:05:00+0000,-1,1,-0.732004349503,-0.325793677765,-0.732004349503,-1.83232517721,BRL,True,False,train
three_book_sign_only,three_book_sign_only|2022-06-01T00:00:00+00:00,2022-06-01T00:00:00+0000,2022-06-02T00:00:00+0000,2022-06-02T00:05:00+0000,2022-06-04T00:05:00+0000,1,-1,2.35815299544,2.35815299544,0.824160943294,2.84749828016,EUR+BRL,True,False,train
three_book_sign_only,three_book_sign_only|2022-06-05T00:00:00+00:00,2022-06-05T00:00:00+0000,2022-06-06T00:00:00+0000,2022-06-06T00:05:00+0000,2022-06-08T00:05:00+0000,-1,1,-0.152957309183,-0.410871917004,-0.0413009910803,-0.152957309183,,True,False,train
three_book_sign_only,three_book_sign_only|2022-06-06T00:00:00+00:00,2022-06-06T00:00:00+0000,2022-06-07T00:00:00+0000,2022-06-07T00:05:00+0000,2022-06-09T00:05:00+0000,1,-1,0.220268182119,0.897648249707,0.0119981813253,0.220268182119,,False,True,
three_book_sign_only,three_book_sign_only|2022-06-10T00:00:00+00:00,2022-06-10T00:00:00+0000,2022-06-11T00:00:00+0000,2022-06-11T00:05:00+0000,2022-06-13T00:05:00+0000,1,-1,2.84857818875,3.16896084831,0.706286389478,2.84857818875,EUR+BRL,True,False,train
three_book_sign_only,three_book_sign_only|2022-06-15T00:00:00+00:00,2022-06-15T00:00:00+0000,2022-06-16T00:00:00+0000,2022-06-16T00:05:00+0000,2022-06-18T00:05:00+0000,-1,1,-0.911134994571,-0.305820501289,-0.911134994571,-2.50344460207,BRL,True,False,train
three_book_sign_only,three_book_sign_only|2022-06-18T00:00:00+00:00,2022-06-18T00:00:00+0000,2022-06-19T00:00:00+0000,2022-06-19T00:05:00+0000,2022-06-21T00:05:00+0000,1,-1,0.193787074118,0.981138413213,0.193787074118,0.146645295167,,True,False,train
three_book_sign_only,three_book_sign_only|2022-06-19T00:00:00+00:00,2022-06-19T00:00:00+0000,2022-06-20T00:00:00+0000,2022-06-20T00:05:00+0000,2022-06-22T00:05:00+0000,-1,1,-0.674528407542,-0.674528407542,-0.759638037513,-0.336488147133,,False,True,
three_book_sign_only,three_book_sign_only|2022-06-24T00:00:00+00:00,2022-06-24T00:00:00+0000,2022-06-25T00:00:00+0000,2022-06-25T00:05:00+0000,2022-06-27T00:05:00+0000,-1,1,-0.910009758185,-0.910009758185,-3.61895313985,-0.176176429677,TRY,True,False,train
three_book_sign_only,three_book_sign_only|2022-06-28T00:00:00+00:00,2022-06-28T00:00:00+0000,2022-06-29T00:00:00+0000,2022-06-29T00:05:00+0000,2022-07-01T00:05:00+0000,1,-1,1.25303758644,1.75811583794,0.178994778747,1.25303758644,EUR+BRL,True,False,train
three_book_sign_only,three_book_sign_only|2022-07-01T00:00:00+00:00,2022-07-01T00:00:00+0000,2022-07-02T00:00:00+0000,2022-07-02T00:05:00+0000,2022-07-04T00:05:00+0000,1,-1,0.84595708227,0.84595708227,0.825424975868,1.56260229773,BRL,True,False,train
three_book_sign_only,three_book_sign_only|2022-07-04T00:00:00+00:00,2022-07-04T00:00:00+0000,2022-07-05T00:00:00+0000,2022-07-05T00:05:00+0000,2022-07-07T00:05:00+0000,-1,1,-0.299781928771,-0.166801082573,-0.829161945656,-0.299781928771,,True,False,train
three_book_sign_only,three_book_sign_only|2022-07-05T00:00:00+00:00,2022-07-05T00:00:00+0000,2022-07-06T00:00:00+0000,2022-07-06T00:05:00+0000,2022-07-08T00:05:00+0000,1,-1,1.61972745867,4.70572050805,1.44119894764,1.61972745867,EUR+TRY+BRL,False,True,
three_book_sign_only,three_book_sign_only|2022-07-11T00:00:00+00:00,2022-07-11T00:00:00+0000,2022-07-12T00:00:00+0000,2022-07-12T00:05:00+0000,2022-07-14T00:05:00+0000,1,-1,2.87487938549,3.42678213388,0.796463359068,2.87487938549,EUR+BRL,True,False,train
three_book_sign_only,three_book_sign_only|2022-07-13T00:00:00+00:00,2022-07-13T00:00:00+0000,2022-07-14T00:00:00+0000,2022-07-14T00:05:00+0000,2022-07-16T00:05:00+0000,-1,1,-0.839487676037,-0.074018706324,-0.839487676037,-1.24502986652,BRL,True,False,train
three_book_sign_only,three_book_sign_only|2022-07-15T00:00:00+00:00,2022-07-15T00:00:00+0000,2022-07-16T00:00:00+0000,2022-07-16T00:05:00+0000,2022-07-18T00:05:00+0000,-1,1,-0.833982119201,-1.43741307766,-0.833982119201,-0.329318722755,EUR,True,False,train
three_book_sign_only,three_book_sign_only|2022-07-20T00:00:00+00:00,2022-07-20T00:00:00+0000,2022-07-21T00:00:00+0000,2022-07-21T00:05:00+0000,2022-07-23T00:05:00+0000,1,-1,1.41654819741,1.41654819741,1.44726444551,1.4024562576,EUR+TRY+BRL,True,False,train
three_book_sign_only,three_book_sign_only|2022-07-22T00:00:00+00:00,2022-07-22T00:00:00+0000,2022-07-23T00:00:00+0000,2022-07-23T00:05:00+0000,2022-07-25T00:05:00+0000,1,-1,0.626525538748,0.626525538748,1.31765927169,0.445221127131,TRY,True,False,train
three_book_sign_only,three_book_sign_only|2022-07-23T00:00:00+00:00,2022-07-23T00:00:00+0000,2022-07-24T00:00:00+0000,2022-07-24T00:05:00+0000,2022-07-26T00:05:00+0000,-1,1,-0.188764629551,-0.188764629551,-0.504340649109,-0.105816553899,,False,True,
three_book_sign_only,three_book_sign_only|2022-07-27T00:00:00+00:00,2022-07-27T00:00:00+0000,2022-07-28T00:00:00+0000,2022-07-28T00:05:00+0000,2022-07-30T00:05:00+0000,-1,1,-2.28906483995,-2.28906483995,-1.02880706066,-3.36074868502,EUR+TRY+BRL,True,False,train
three_book_sign_only,three_book_sign_only|2022-07-31T00:00:00+00:00,2022-07-31T00:00:00+0000,2022-08-01T00:00:00+0000,2022-08-01T00:05:00+0000,2022-08-03T00:05:00+0000,1,-1,0.320289983306,0.320289983306,0.394567748811,0.188677109028,,True,False,train
three_book_sign_only,three_book_sign_only|2022-08-01T00:00:00+00:00,2022-08-01T00:00:00+0000,2022-08-02T00:00:00+0000,2022-08-02T00:05:00+0000,2022-08-04T00:05:00+0000,-1,1,-0.607643360854,-1.73403397683,-0.428622678549,-0.607643360854,EUR,False,True,
three_book_sign_only,three_book_sign_only|2022-08-02T00:00:00+00:00,2022-08-02T00:00:00+0000,2022-08-03T00:00:00+0000,2022-08-03T00:05:00+0000,2022-08-05T00:05:00+0000,1,-1,2.61820756837,2.62267046478,0.231430010267,2.61820756837,EUR+BRL,True,False,train
three_book_sign_only,three_book_sign_only|2022-08-04T00:00:00+00:00,2022-08-04T00:00:00+0000,2022-08-05T00:00:00+0000,2022-08-05T00:05:00+0000,2022-08-07T00:05:00+0000,-1,1,-2.030148619,-2.17116756526,-0.223952172222,-2.030148619,EUR+BRL,True,False,train
three_book_sign_only,three_book_sign_only|2022-08-10T00:00:00+00:00,2022-08-10T00:00:00+0000,2022-08-11T00:00:00+0000,2022-08-11T00:05:00+0000,2022-08-13T00:05:00+0000,-1,1,-1.55599915534,-2.41421386048,-1.55599915534,-1.25121925405,EUR+TRY+BRL,True,False,train
three_book_sign_only,three_book_sign_only|2022-08-13T00:00:00+00:00,2022-08-13T00:00:00+0000,2022-08-14T00:00:00+0000,2022-08-14T00:05:00+0000,2022-08-16T00:05:00+0000,1,-1,0.340145228359,0.187409299844,0.551292225463,0.340145228359,,True,False,train
three_book_sign_only,three_book_sign_only|2022-08-18T00:00:00+00:00,2022-08-18T00:00:00+0000,2022-08-19T00:00:00+0000,2022-08-19T00:05:00+0000,2022-08-21T00:05:00+0000,1,-1,0.972311224252,2.26141971709,0.972311224252,0.461610125331,EUR,True,False,train
three_book_sign_only,three_book_sign_only|2022-08-23T00:00:00+00:00,2022-08-23T00:00:00+0000,2022-08-24T00:00:00+0000,2022-08-24T00:05:00+0000,2022-08-26T00:05:00+0000,-1,1,-1.20642341072,-0.790458011609,-1.20642341072,-1.58399192358,TRY+BRL,True,False,train
three_book_sign_only,three_book_sign_only|2022-08-24T00:00:00+00:00,2022-08-24T00:00:00+0000,2022-08-25T00:00:00+0000,2022-08-25T00:05:00+0000,2022-08-27T00:05:00+0000,1,-1,0.0674807698904,0.00247328849907,0.671777827182,0.0674807698904,,False,True,
three_book_sign_only,three_book_sign_only|2022-08-28T00:00:00+00:00,2022-08-28T00:00:00+0000,2022-08-29T00:00:00+0000,2022-08-29T00:05:00+0000,2022-08-31T00:05:00+0000,1,-1,0.21496351806,0.536245341676,0.0692383924692,0.21496351806,,True,False,train
three_book_sign_only,three_book_sign_only|2022-08-29T00:00:00+00:00,2022-08-29T00:00:00+0000,2022-08-30T00:00:00+0000,2022-08-30T00:05:00+0000,2022-09-01T00:05:00+0000,-1,1,-1.91782454151,-2.22476548753,-1.08196707613,-1.91782454151,EUR+TRY+BRL,False,True,
three_book_sign_only,three_book_sign_only|2022-09-05T00:00:00+00:00,2022-09-05T00:00:00+0000,2022-09-06T00:00:00+0000,2022-09-06T00:05:00+0000,2022-09-08T00:05:00+0000,-1,1,-0.633837261143,-0.798798494977,-0.160350690894,-0.633837261143,,True,False,train
three_book_sign_only,three_book_sign_only|2022-09-06T00:00:00+00:00,2022-09-06T00:00:00+0000,2022-09-07T00:00:00+0000,2022-09-07T00:05:00+0000,2022-09-09T00:05:00+0000,1,-1,1.61143933678,1.61143933678,0.532969166448,2.44714341497,EUR+BRL,False,True,
three_book_sign_only,three_book_sign_only|2022-09-07T00:00:00+00:00,2022-09-07T00:00:00+0000,2022-09-08T00:00:00+0000,2022-09-08T00:05:00+0000,2022-09-10T00:05:00+0000,-1,1,-0.809459594874,-2.97075032401,-0.809459594874,-0.352033149463,EUR,True,False,train
three_book_sign_only,three_book_sign_only|2022-09-09T00:00:00+00:00,2022-09-09T00:00:00+0000,2022-09-10T00:00:00+0000,2022-09-10T00:05:00+0000,2022-09-12T00:05:00+0000,-1,1,-1.51481200517,-1.51481200517,-0.248644971678,-1.80854324958,EUR+BRL,True,False,train
three_book_sign_only,three_book_sign_only|2022-09-11T00:00:00+00:00,2022-09-11T00:00:00+0000,2022-09-12T00:00:00+0000,2022-09-12T00:05:00+0000,2022-09-14T00:05:00+0000,-1,1,-0.443254264392,-0.569346700771,-0.272747384332,-0.443254264392,,True,False,train
three_book_sign_only,three_book_sign_only|2022-09-13T00:00:00+00:00,2022-09-13T00:00:00+0000,2022-09-14T00:00:00+0000,2022-09-14T00:05:00+0000,2022-09-16T00:05:00+0000,1,-1,3.29719057548,4.44142396914,0.251480902737,3.29719057548,EUR+BRL,True,False,train
three_book_sign_only,three_book_sign_only|2022-09-15T00:00:00+00:00,2022-09-15T00:00:00+0000,2022-09-16T00:00:00+0000,2022-09-16T00:05:00+0000,2022-09-18T00:05:00+0000,1,-1,0.394503621526,0.0218600704867,0.394503621526,2.29730862021,BRL,True,False,train
three_book_sign_only,three_book_sign_only|2022-09-16T00:00:00+00:00,2022-09-16T00:00:00+0000,2022-09-17T00:00:00+0000,2022-09-17T00:05:00+0000,2022-09-19T00:05:00+0000,-1,1,-0.231970968712,-0.815496881909,-0.231970968712,-0.0164485858313,,False,True,
three_book_sign_only,three_book_sign_only|2022-09-19T00:00:00+00:00,2022-09-19T00:00:00+0000,2022-09-20T00:00:00+0000,2022-09-20T00:05:00+0000,2022-09-22T00:05:00+0000,-1,1,-0.405890933833,-0.1793412899,-0.405890933833,-2.584554074,BRL,True,False,train
three_book_sign_only,three_book_sign_only|2022-09-21T00:00:00+00:00,2022-09-21T00:00:00+0000,2022-09-22T00:00:00+0000,2022-09-22T00:05:00+0000,2022-09-24T00:05:00+0000,1,-1,1.17209786945,3.82101492095,0.499017605319,1.17209786945,EUR+BRL,True,False,train
three_book_sign_only,three_book_sign_only|2022-09-22T00:00:00+00:00,2022-09-22T00:00:00+0000,2022-09-23T00:00:00+0000,2022-09-23T00:05:00+0000,2022-09-25T00:05:00+0000,-1,1,-1.56100929234,-0.58628247517,-1.56100929234,-2.30677829817,TRY+BRL,False,True,
three_book_sign_only,three_book_sign_only|2022-09-27T00:00:00+00:00,2022-09-27T00:00:00+0000,2022-09-28T00:00:00+0000,2022-09-28T00:05:00+0000,2022-09-30T00:05:00+0000,1,-1,0.813226223776,0.813226223776,0.440358085475,0.843248270434,,True,False,train
three_book_sign_only,three_book_sign_only|2022-09-30T00:00:00+00:00,2022-09-30T00:00:00+0000,2022-10-01T00:00:00+0000,2022-10-01T00:05:00+0000,2022-10-03T00:05:00+0000,1,-1,0.616727362302,0.881190881586,0.616727362302,0.361983418412,,True,False,train
three_book_sign_only,three_book_sign_only|2022-10-02T00:00:00+00:00,2022-10-02T00:00:00+0000,2022-10-03T00:00:00+0000,2022-10-03T00:05:00+0000,2022-10-05T00:05:00+0000,1,-1,0.106595361088,0.106595361088,0.423724570529,0.0789456926055,,True,False,train
three_book_sign_only,three_book_sign_only|2022-10-03T00:00:00+00:00,2022-10-03T00:00:00+0000,2022-10-04T00:00:00+0000,2022-10-04T00:05:00+0000,2022-10-06T00:05:00+0000,-1,1,-1.35044610857,-1.35044610857,-0.737863079103,-6.67464706165,EUR+BRL,False,True,
three_book_sign_only,three_book_sign_only|2022-10-05T00:00:00+00:00,2022-10-05T00:00:00+0000,2022-10-06T00:00:00+0000,2022-10-06T00:05:00+0000,2022-10-08T00:05:00+0000,1,-1,0.496668398239,1.75743329688,0.157415077551,0.496668398239,EUR,True,False,train
three_book_sign_only,three_book_sign_only|2022-10-08T00:00:00+00:00,2022-10-08T00:00:00+0000,2022-10-09T00:00:00+0000,2022-10-09T00:05:00+0000,2022-10-11T00:05:00+0000,1,-1,0.0831732960587,0.0831732960587,0.0282799612249,0.100014275572,,True,False,train
three_book_sign_only,three_book_sign_only|2022-10-12T00:00:00+00:00,2022-10-12T00:00:00+0000,2022-10-13T00:00:00+0000,2022-10-13T00:05:00+0000,2022-10-15T00:05:00+0000,-1,1,-0.362600324869,-0.362600324869,-0.436729148232,-0.295198229156,,True,False,train
three_book_sign_only,three_book_sign_only|2022-10-16T00:00:00+00:00,2022-10-16T00:00:00+0000,2022-10-17T00:00:00+0000,2022-10-17T00:05:00+0000,2022-10-19T00:05:00+0000,-1,1,-0.828510980446,-0.828510980446,-0.617741361109,-1.09567814605,BRL,True,False,train
three_book_sign_only,three_book_sign_only|2022-10-19T00:00:00+00:00,2022-10-19T00:00:00+0000,2022-10-20T00:00:00+0000,2022-10-20T00:05:00+0000,2022-10-22T00:05:00+0000,1,-1,1.135517463,2.34903928816,0.231345190951,1.135517463,EUR+BRL,True,False,train
three_book_sign_only,three_book_sign_only|2022-10-20T00:00:00+00:00,2022-10-20T00:00:00+0000,2022-10-21T00:00:00+0000,2022-10-21T00:05:00+0000,2022-10-23T00:05:00+0000,-1,1,-0.34271193514,-0.34271193514,-0.140421635274,-1.62830197131,BRL,False,True,
three_book_sign_only,three_book_sign_only|2022-10-23T00:00:00+00:00,2022-10-23T00:00:00+0000,2022-10-24T00:00:00+0000,2022-10-24T00:05:00+0000,2022-10-26T00:05:00+0000,-1,1,-0.653651047306,-0.129250363905,-0.940302977067,-0.653651047306,,True,False,train
three_book_sign_only,three_book_sign_only|2022-10-25T00:00:00+00:00,2022-10-25T00:00:00+0000,2022-10-26T00:00:00+0000,2022-10-26T00:05:00+0000,2022-10-28T00:05:00+0000,-1,1,-1.42532028525,-2.13040829896,-1.42532028525,-0.381301584884,EUR+TRY,True,False,train
three_book_sign_only,three_book_sign_only|2022-10-29T00:00:00+00:00,2022-10-29T00:00:00+0000,2022-10-30T00:00:00+0000,2022-10-30T00:05:00+0000,2022-11-01T00:05:00+0000,-1,1,-0.351988263642,-0.273905556868,-0.732617346911,-0.351988263642,,True,False,train
three_book_sign_only,three_book_sign_only|2022-11-02T00:00:00+00:00,2022-11-02T00:00:00+0000,2022-11-03T00:00:00+0000,2022-11-03T00:05:00+0000,2022-11-05T00:05:00+0000,1,-1,0.954906212357,1.64607739195,0.954906212357,0.223989491512,EUR,True,False,train
three_book_sign_only,three_book_sign_only|2022-11-04T00:00:00+00:00,2022-11-04T00:00:00+0000,2022-11-05T00:00:00+0000,2022-11-05T00:05:00+0000,2022-11-07T00:05:00+0000,-1,1,-2.54840814952,-5.51445798257,-2.44886015762,-2.54840814952,EUR+TRY+BRL,True,False,train
three_book_sign_only,three_book_sign_only|2022-11-06T00:00:00+00:00,2022-11-06T00:00:00+0000,2022-11-07T00:00:00+0000,2022-11-07T00:05:00+0000,2022-11-09T00:05:00+0000,1,-1,1.00514461692,1.00514461692,1.69293467175,0.736858823382,EUR+TRY,True,False,train
three_book_sign_only,three_book_sign_only|2022-11-09T00:00:00+00:00,2022-11-09T00:00:00+0000,2022-11-10T00:00:00+0000,2022-11-10T00:05:00+0000,2022-11-12T00:05:00+0000,1,-1,2.09847616283,1.51715804874,3.85313932103,2.09847616283,EUR+TRY+BRL,True,False,train
three_book_sign_only,three_book_sign_only|2022-11-15T00:00:00+00:00,2022-11-15T00:00:00+0000,2022-11-16T00:00:00+0000,2022-11-16T00:05:00+0000,2022-11-18T00:05:00+0000,-1,1,-1.02200622895,-1.02200622895,-1.68324933683,-0.548267240959,EUR+TRY,True,False,train
three_book_sign_only,three_book_sign_only|2022-11-20T00:00:00+00:00,2022-11-20T00:00:00+0000,2022-11-21T00:00:00+0000,2022-11-21T00:05:00+0000,2022-11-23T00:05:00+0000,1,-1,0.53749740251,0.0689740643362,1.71191250623,0.53749740251,TRY,True,False,train
three_book_sign_only,three_book_sign_only|2022-11-23T00:00:00+00:00,2022-11-23T00:00:00+0000,2022-11-24T00:00:00+0000,2022-11-24T00:05:00+0000,2022-11-26T00:05:00+0000,-1,1,-0.436317465046,-2.59331300656,-0.436317465046,-0.259815371478,EUR,True,False,train
three_book_sign_only,three_book_sign_only|2022-11-30T00:00:00+00:00,2022-11-30T00:00:00+0000,2022-12-01T00:00:00+0000,2022-12-01T00:05:00+0000,2022-12-03T00:05:00+0000,-1,1,-2.5736274877,-2.5736274877,-1.15453072602,-2.62239920028,EUR+TRY+BRL,True,False,train
three_book_sign_only,three_book_sign_only|2022-12-03T00:00:00+00:00,2022-12-03T00:00:00+0000,2022-12-04T00:00:00+0000,2022-12-04T00:05:00+0000,2022-12-06T00:05:00+0000,1,-1,0.346716582801,0.168218552344,0.346716582801,0.762382804049,,True,False,train
three_book_sign_only,three_book_sign_only|2022-12-04T00:00:00+00:00,2022-12-04T00:00:00+0000,2022-12-05T00:00:00+0000,2022-12-05T00:05:00+0000,2022-12-07T00:05:00+0000,-1,1,-0.420817011771,-0.249600830817,-0.420817011771,-0.520852492785,,False,True,
three_book_sign_only,three_book_sign_only|2022-12-08T00:00:00+00:00,2022-12-08T00:00:00+0000,2022-12-09T00:00:00+0000,2022-12-09T00:05:00+0000,2022-12-11T00:05:00+0000,-1,1,-0.786743199223,-1.25904538876,-0.786743199223,-0.29792098116,EUR,True,False,train
three_book_sign_only,three_book_sign_only|2022-12-09T00:00:00+00:00,2022-12-09T00:00:00+0000,2022-12-10T00:00:00+0000,2022-12-10T00:05:00+0000,2022-12-12T00:05:00+0000,1,-1,0.527024222587,0.527024222587,0.649276039922,0.42263740674,,False,True,
three_book_sign_only,three_book_sign_only|2022-12-13T00:00:00+00:00,2022-12-13T00:00:00+0000,2022-12-14T00:00:00+0000,2022-12-14T00:05:00+0000,2022-12-16T00:05:00+0000,-1,1,-0.636943059014,-2.16413490058,-0.636943059014,-0.307964089224,EUR,True,False,train
three_book_sign_only,three_book_sign_only|2022-12-16T00:00:00+00:00,2022-12-16T00:00:00+0000,2022-12-17T00:00:00+0000,2022-12-17T00:05:00+0000,2022-12-19T00:05:00+0000,1,-1,1.47467952345,1.47467952345,2.22017783883,0.469661357647,EUR+TRY,True,False,train
three_book_sign_only,three_book_sign_only|2022-12-20T00:00:00+00:00,2022-12-20T00:00:00+0000,2022-12-21T00:00:00+0000,2022-12-21T00:05:00+0000,2022-12-23T00:05:00+0000,-1,1,-0.494132596681,-0.291722261219,-0.494132596681,-2.51935314296,BRL,True,False,train
three_book_sign_only,three_book_sign_only|2022-12-22T00:00:00+00:00,2022-12-22T00:00:00+0000,2022-12-23T00:00:00+0000,2022-12-23T00:05:00+0000,2022-12-25T00:05:00+0000,-1,1,-0.465796108567,-0.0151144791146,-0.465796108567,-0.543155772545,,True,False,train
three_book_sign_only,three_book_sign_only|2022-12-24T00:00:00+00:00,2022-12-24T00:00:00+0000,2022-12-25T00:00:00+0000,2022-12-25T00:05:00+0000,2022-12-27T00:05:00+0000,-1,1,-0.477839062645,-0.477839062645,-0.485875733998,-0.134880704469,,True,False,train
three_book_sign_only,three_book_sign_only|2022-12-31T00:00:00+00:00,2022-12-31T00:00:00+0000,2023-01-01T00:00:00+0000,2023-01-01T00:05:00+0000,2023-01-03T00:05:00+0000,-1,1,-0.523313743313,-0.523313743313,-0.0252857888249,-0.692041379352,,True,False,
three_book_sign_only,three_book_sign_only|2023-01-02T00:00:00+00:00,2023-01-02T00:00:00+0000,2023-01-03T00:00:00+0000,2023-01-03T00:05:00+0000,2023-01-05T00:05:00+0000,1,-1,0.342364726201,1.18194306646,0.0869647061227,0.342364726201,EUR,True,False,selection
three_book_sign_only,three_book_sign_only|2023-01-09T00:00:00+00:00,2023-01-09T00:00:00+0000,2023-01-10T00:00:00+0000,2023-01-10T00:05:00+0000,2023-01-12T00:05:00+0000,-1,1,-1.22652650966,-1.53657210852,-0.128137699439,-1.22652650966,EUR+BRL,True,False,selection
three_book_sign_only,three_book_sign_only|2023-01-12T00:00:00+00:00,2023-01-12T00:00:00+0000,2023-01-13T00:00:00+0000,2023-01-13T00:05:00+0000,2023-01-15T00:05:00+0000,-1,1,-1.3461613064,-2.10122437299,-0.446125242373,-1.3461613064,EUR+BRL,True,False,selection
three_book_sign_only,three_book_sign_only|2023-01-14T00:00:00+00:00,2023-01-14T00:00:00+0000,2023-01-15T00:00:00+0000,2023-01-15T00:05:00+0000,2023-01-17T00:05:00+0000,-1,1,-0.243160678024,-0.251204723472,-0.0442378055294,-0.243160678024,,True,False,selection
three_book_sign_only,three_book_sign_only|2023-01-16T00:00:00+00:00,2023-01-16T00:00:00+0000,2023-01-17T00:00:00+0000,2023-01-17T00:05:00+0000,2023-01-19T00:05:00+0000,1,-1,1.06523950503,0.00727889103015,1.45186386007,1.06523950503,TRY+BRL,True,False,selection
three_book_sign_only,three_book_sign_only|2023-01-25T00:00:00+00:00,2023-01-25T00:00:00+0000,2023-01-26T00:00:00+0000,2023-01-26T00:05:00+0000,2023-01-28T00:05:00+0000,-1,1,-1.38464968741,-0.915453015426,-1.38464968741,-2.24925669029,TRY+BRL,True,False,selection
three_book_sign_only,three_book_sign_only|2023-01-29T00:00:00+00:00,2023-01-29T00:00:00+0000,2023-01-30T00:00:00+0000,2023-01-30T00:05:00+0000,2023-02-01T00:05:00+0000,-1,1,-0.460749131828,-0.173289943375,-1.81913534878,-0.460749131828,TRY,True,False,selection
three_book_sign_only,three_book_sign_only|2023-01-30T00:00:00+00:00,2023-01-30T00:00:00+0000,2023-01-31T00:00:00+0000,2023-01-31T00:05:00+0000,2023-02-02T00:05:00+0000,1,-1,0.742752897838,0.742752897838,2.08259449052,0.531617675562,TRY,False,True,
three_book_sign_only,three_book_sign_only|2023-01-31T00:00:00+00:00,2023-01-31T00:00:00+0000,2023-02-01T00:00:00+0000,2023-02-01T00:05:00+0000,2023-02-03T00:05:00+0000,-1,1,-1.22048641861,-0.247959997977,-1.28695780085,-1.22048641861,TRY+BRL,True,False,selection
three_book_sign_only,three_book_sign_only|2023-02-03T00:00:00+00:00,2023-02-03T00:00:00+0000,2023-02-04T00:00:00+0000,2023-02-04T00:05:00+0000,2023-02-06T00:05:00+0000,1,-1,2.09577748447,2.538004214,0.13087613995,2.09577748447,EUR+BRL,True,False,selection
three_book_sign_only,three_book_sign_only|2023-02-08T00:00:00+00:00,2023-02-08T00:00:00+0000,2023-02-09T00:00:00+0000,2023-02-09T00:05:00+0000,2023-02-11T00:05:00+0000,1,-1,0.581345638166,0.223112405698,1.7782262507,0.581345638166,TRY,True,False,selection
three_book_sign_only,three_book_sign_only|2023-02-12T00:00:00+00:00,2023-02-12T00:00:00+0000,2023-02-13T00:00:00+0000,2023-02-13T00:05:00+0000,2023-02-15T00:05:00+0000,1,-1,0.370023407829,0.299532051532,0.420477871027,0.370023407829,,True,False,selection
three_book_sign_only,three_book_sign_only|2023-02-13T00:00:00+00:00,2023-02-13T00:00:00+0000,2023-02-14T00:00:00+0000,2023-02-14T00:05:00+0000,2023-02-16T00:05:00+0000,-1,1,-1.16356522346,-1.16356522346,-0.141114234939,-2.38852319919,EUR+BRL,False,True,
three_book_sign_only,three_book_sign_only|2023-02-16T00:00:00+00:00,2023-02-16T00:00:00+0000,2023-02-17T00:00:00+0000,2023-02-17T00:05:00+0000,2023-02-19T00:05:00+0000,1,-1,0.994334771437,0.893228748497,2.34162473469,0.994334771437,TRY,True,False,selection
three_book_sign_only,three_book_sign_only|2023-02-20T00:00:00+00:00,2023-02-20T00:00:00+0000,2023-02-21T00:00:00+0000,2023-02-21T00:05:00+0000,2023-02-23T00:05:00+0000,-1,1,-0.155830859602,-0.0351270176748,-0.155830859602,-1.02925148485,BRL,True,False,selection
three_book_sign_only,three_book_sign_only|2023-02-21T00:00:00+00:00,2023-02-21T00:00:00+0000,2023-02-22T00:00:00+0000,2023-02-22T00:05:00+0000,2023-02-24T00:05:00+0000,1,-1,0.959320380276,0.959320380276,1.00539392771,0.527124455622,TRY,False,True,
three_book_sign_only,three_book_sign_only|2023-02-24T00:00:00+00:00,2023-02-24T00:00:00+0000,2023-02-25T00:00:00+0000,2023-02-25T00:05:00+0000,2023-02-27T00:05:00+0000,1,-1,1.63573814269,1.55415161957,1.63573814269,2.04528236584,EUR+TRY+BRL,True,False,selection
three_book_sign_only,three_book_sign_only|2023-03-01T00:00:00+00:00,2023-03-01T00:00:00+0000,2023-03-02T00:00:00+0000,2023-03-02T00:05:00+0000,2023-03-04T00:05:00+0000,-1,1,-0.892457863197,-3.22952123096,-0.892457863197,-0.745518108478,EUR,True,False,selection
three_book_sign_only,three_book_sign_only|2023-03-02T00:00:00+00:00,2023-03-02T00:00:00+0000,2023-03-03T00:00:00+0000,2023-03-03T00:05:00+0000,2023-03-05T00:05:00+0000,1,-1,0.305135997261,1.15914429259,0.0340889188036,0.305135997261,EUR,False,True,
three_book_sign_only,three_book_sign_only|2023-03-05T00:00:00+00:00,2023-03-05T00:00:00+0000,2023-03-06T00:00:00+0000,2023-03-06T00:05:00+0000,2023-03-08T00:05:00+0000,-1,1,-0.258945333717,-0.55799746797,-0.258945333717,-0.0846252984151,,True,False,selection
three_book_sign_only,three_book_sign_only|2023-03-09T00:00:00+00:00,2023-03-09T00:00:00+0000,2023-03-10T00:00:00+0000,2023-03-10T00:05:00+0000,2023-03-12T00:05:00+0000,1,-1,0.617933613716,0.415495878305,0.833473545497,0.617933613716,,True,False,selection
three_book_sign_only,three_book_sign_only|2023-03-14T00:00:00+00:00,2023-03-14T00:00:00+0000,2023-03-15T00:00:00+0000,2023-03-15T00:05:00+0000,2023-03-17T00:05:00+0000,1,-1,1.1965835541,0.788176778693,1.1965835541,1.58586244744,TRY+BRL,True,False,selection
three_book_sign_only,three_book_sign_only|2023-03-16T00:00:00+00:00,2023-03-16T00:00:00+0000,2023-03-17T00:00:00+0000,2023-03-17T00:05:00+0000,2023-03-19T00:05:00+0000,-1,1,-1.04557233469,-0.352214681247,-1.04557233469,-1.27762404205,TRY+BRL,True,False,selection
three_book_sign_only,three_book_sign_only|2023-03-19T00:00:00+00:00,2023-03-19T00:00:00+0000,2023-03-20T00:00:00+0000,2023-03-20T00:05:00+0000,2023-03-22T00:05:00+0000,1,-1,0.524076949375,0.893907156488,0.253290185586,0.524076949375,,True,False,selection
three_book_sign_only,three_book_sign_only|2023-03-21T00:00:00+00:00,2023-03-21T00:00:00+0000,2023-03-22T00:00:00+0000,2023-03-22T00:05:00+0000,2023-03-24T00:05:00+0000,-1,1,-0.646861111785,-1.09510138996,-0.646861111785,-0.387129737479,EUR,True,False,selection
three_book_sign_only,three_book_sign_only|2023-03-26T00:00:00+00:00,2023-03-26T00:00:00+0000,2023-03-27T00:00:00+0000,2023-03-27T00:05:00+0000,2023-03-29T00:05:00+0000,-1,1,-1.07678064695,-1.14752114384,-1.07678064695,-0.37048304556,EUR+TRY,True,False,selection
three_book_sign_only,three_book_sign_only|2023-03-28T00:00:00+00:00,2023-03-28T00:00:00+0000,2023-03-29T00:00:00+0000,2023-03-29T00:05:00+0000,2023-03-31T00:05:00+0000,-1,1,-1.88815330363,-1.88815330363,-1.17149548744,-1.9683088834,EUR+TRY+BRL,True,False,selection
three_book_sign_only,three_book_sign_only|2023-04-01T00:00:00+00:00,2023-04-01T00:00:00+0000,2023-04-02T00:00:00+0000,2023-04-02T00:05:00+0000,2023-04-04T00:05:00+0000,1,-1,0.0573192897707,0.0246769254258,0.0573192897707,0.160664115062,,True,False,selection
three_book_sign_only,three_book_sign_only|2023-04-03T00:00:00+00:00,2023-04-03T00:00:00+0000,2023-04-04T00:00:00+0000,2023-04-04T00:05:00+0000,2023-04-06T00:05:00+0000,-1,1,-0.843750794687,-1.60315386921,-0.475560596239,-0.843750794687,EUR,True,False,selection
three_book_sign_only,three_book_sign_only|2023-04-07T00:00:00+00:00,2023-04-07T00:00:00+0000,2023-04-08T00:00:00+0000,2023-04-08T00:05:00+0000,2023-04-10T00:05:00+0000,1,-1,0.21423991032,0.172702906739,2.04016012278,0.21423991032,TRY,True,False,selection
three_book_sign_only,three_book_sign_only|2023-04-09T00:00:00+00:00,2023-04-09T00:00:00+0000,2023-04-10T00:00:00+0000,2023-04-10T00:05:00+0000,2023-04-12T00:05:00+0000,-1,1,-0.219268437128,-0.166313464777,-0.511581918884,-0.219268437128,,True,False,selection
three_book_sign_only,three_book_sign_only|2023-04-13T00:00:00+00:00,2023-04-13T00:00:00+0000,2023-04-14T00:00:00+0000,2023-04-14T00:05:00+0000,2023-04-16T00:05:00+0000,-1,1,-0.292089297433,-1.14677579691,-0.292089297433,-0.00310500428604,EUR,True,False,selection
three_book_sign_only,three_book_sign_only|2023-04-15T00:00:00+00:00,2023-04-15T00:00:00+0000,2023-04-16T00:00:00+0000,2023-04-16T00:05:00+0000,2023-04-18T00:05:00+0000,1,-1,1.58562918612,0.421891607266,2.72709094814,1.58562918612,TRY+BRL,True,False,selection
three_book_sign_only,three_book_sign_only|2023-04-19T00:00:00+00:00,2023-04-19T00:00:00+0000,2023-04-20T00:00:00+0000,2023-04-20T00:05:00+0000,2023-04-22T00:05:00+0000,1,-1,4.16919557378,0.844234086936,14.207728831,4.16919557378,TRY+BRL,True,False,selection
three_book_sign_only,three_book_sign_only|2023-04-24T00:00:00+00:00,2023-04-24T00:00:00+0000,2023-04-25T00:00:00+0000,2023-04-25T00:05:00+0000,2023-04-27T00:05:00+0000,-1,1,-1.2981294315,-1.2981294315,-8.51033539892,-1.18652225308,EUR+TRY+BRL,True,False,selection
three_book_sign_only,three_book_sign_only|2023-04-28T00:00:00+00:00,2023-04-28T00:00:00+0000,2023-04-29T00:00:00+0000,2023-04-29T00:05:00+0000,2023-05-01T00:05:00+0000,1,-1,0.921045910106,0.292568477327,3.28531915863,0.921045910106,TRY,True,False,selection
three_book_sign_only,three_book_sign_only|2023-04-29T00:00:00+00:00,2023-04-29T00:00:00+0000,2023-04-30T00:00:00+0000,2023-04-30T00:05:00+0000,2023-05-02T00:05:00+0000,-1,1,-0.534478070209,-0.534478070209,-0.581803259936,-0.097489424973,,False,True,
three_book_sign_only,three_book_sign_only|2023-05-03T00:00:00+00:00,2023-05-03T00:00:00+0000,2023-05-04T00:00:00+0000,2023-05-04T00:05:00+0000,2023-05-06T00:05:00+0000,-1,1,-1.42702482685,-1.42702482685,-1.0262176482,-1.60614706309,EUR+TRY+BRL,True,False,selection
three_book_sign_only,three_book_sign_only|2023-05-08T00:00:00+00:00,2023-05-08T00:00:00+0000,2023-05-09T00:00:00+0000,2023-05-09T00:05:00+0000,2023-05-11T00:05:00+0000,1,-1,1.09100600199,0.884706131313,2.61032101107,1.09100600199,TRY+BRL,True,False,selection
three_book_sign_only,three_book_sign_only|2023-05-15T00:00:00+00:00,2023-05-15T00:00:00+0000,2023-05-16T00:00:00+0000,2023-05-16T00:05:00+0000,2023-05-18T00:05:00+0000,-1,1,-1.54725880521,-0.448546077791,-9.1348484755,-1.54725880521,TRY+BRL,True,False,selection
three_book_sign_only,three_book_sign_only|2023-05-18T00:00:00+00:00,2023-05-18T00:00:00+0000,2023-05-19T00:00:00+0000,2023-05-19T00:05:00+0000,2023-05-21T00:05:00+0000,1,-1,1.60833609946,1.60833609946,3.12173660597,1.20918854427,EUR+TRY+BRL,True,False,selection
three_book_sign_only,three_book_sign_only|2023-05-23T00:00:00+00:00,2023-05-23T00:00:00+0000,2023-05-24T00:00:00+0000,2023-05-24T00:05:00+0000,2023-05-26T00:05:00+0000,1,-1,0.15846000829,0.692907676296,0.15846000829,0.0481502785778,,True,False,selection
three_book_sign_only,three_book_sign_only|2023-05-25T00:00:00+00:00,2023-05-25T00:00:00+0000,2023-05-26T00:00:00+0000,2023-05-26T00:05:00+0000,2023-05-28T00:05:00+0000,1,-1,0.694981209523,0.392224661444,0.694981209523,1.67239546525,BRL,True,False,selection
three_book_sign_only,three_book_sign_only|2023-05-28T00:00:00+00:00,2023-05-28T00:00:00+0000,2023-05-29T00:00:00+0000,2023-05-29T00:05:00+0000,2023-05-31T00:05:00+0000,-1,1,-0.444088083712,-0.444088083712,-2.54764466881,-0.37822520155,TRY,True,False,selection
three_book_sign_only,three_book_sign_only|2023-05-29T00:00:00+00:00,2023-05-29T00:00:00+0000,2023-05-30T00:00:00+0000,2023-05-30T00:05:00+0000,2023-06-01T00:05:00+0000,1,-1,0.81783657596,0.81783657596,0.25409957511,1.09336158556,BRL,False,True,
three_book_sign_only,three_book_sign_only|2023-05-31T00:00:00+00:00,2023-05-31T00:00:00+0000,2023-06-01T00:00:00+0000,2023-06-01T00:05:00+0000,2023-06-03T00:05:00+0000,1,-1,1.17893842063,1.17893842063,3.78534428748,0.488135295597,EUR+TRY,True,False,selection
three_book_sign_only,three_book_sign_only|2023-06-10T00:00:00+00:00,2023-06-10T00:00:00+0000,2023-06-11T00:00:00+0000,2023-06-11T00:05:00+0000,2023-06-13T00:05:00+0000,1,-1,3.30846707919,3.30846707919,3.603762848,0.648778649205,EUR+TRY,True,False,selection
three_book_sign_only,three_book_sign_only|2023-06-12T00:00:00+00:00,2023-06-12T00:00:00+0000,2023-06-13T00:00:00+0000,2023-06-13T00:05:00+0000,2023-06-15T00:05:00+0000,-1,1,-2.22472387375,-1.62187497357,-2.69416764066,-2.22472387375,EUR+TRY+BRL,True,False,selection
three_book_sign_only,three_book_sign_only|2023-06-14T00:00:00+00:00,2023-06-14T00:00:00+0000,2023-06-15T00:00:00+0000,2023-06-15T00:05:00+0000,2023-06-17T00:05:00+0000,-1,1,-0.362112200553,-0.251128982732,-0.362112200553,-0.978536944717,,True,False,selection
three_book_sign_only,three_book_sign_only|2023-06-16T00:00:00+00:00,2023-06-16T00:00:00+0000,2023-06-17T00:00:00+0000,2023-06-17T00:05:00+0000,2023-06-19T00:05:00+0000,1,-1,0.326964964774,0.326964964774,0.146865943751,0.551558667571,,True,False,selection
three_book_sign_only,three_book_sign_only|2023-06-21T00:00:00+00:00,2023-06-21T00:00:00+0000,2023-06-22T00:00:00+0000,2023-06-22T00:05:00+0000,2023-06-24T00:05:00+0000,-1,1,-1.74251625157,-1.74251625157,-2.25100746745,-1.34768135297,EUR+TRY+BRL,True,False,selection
three_book_sign_only,three_book_sign_only|2023-06-22T00:00:00+00:00,2023-06-22T00:00:00+0000,2023-06-23T00:00:00+0000,2023-06-23T00:05:00+0000,2023-06-25T00:05:00+0000,1,-1,1.00687977331,1.00687977331,17.1938328647,0.451068988391,EUR+TRY,False,True,
three_book_sign_only,three_book_sign_only|2023-06-28T00:00:00+00:00,2023-06-28T00:00:00+0000,2023-06-29T00:00:00+0000,2023-06-29T00:05:00+0000,2023-07-01T00:05:00+0000,1,-1,2.07012792859,1.33936789777,2.89724052151,2.07012792859,EUR+TRY+BRL,True,False,selection
three_book_sign_only,three_book_sign_only|2023-06-30T00:00:00+00:00,2023-06-30T00:00:00+0000,2023-07-01T00:00:00+0000,2023-07-01T00:05:00+0000,2023-07-03T00:05:00+0000,-1,1,-1.80684559041,-1.68389901082,-1.80684559041,-2.02163302555,EUR+TRY+BRL,True,False,selection
three_book_sign_only,three_book_sign_only|2023-07-10T00:00:00+00:00,2023-07-10T00:00:00+0000,2023-07-11T00:00:00+0000,2023-07-11T00:05:00+0000,2023-07-13T00:05:00+0000,-1,1,-1.07550443941,-1.58404263666,-0.70514004087,-1.07550443941,EUR+BRL,True,False,selection
three_book_sign_only,three_book_sign_only|2023-07-13T00:00:00+00:00,2023-07-13T00:00:00+0000,2023-07-14T00:00:00+0000,2023-07-14T00:05:00+0000,2023-07-16T00:05:00+0000,-1,1,-2.40298598461,-2.40298598461,-4.09745930198,-2.05503772361,EUR+TRY+BRL,True,False,selection
three_book_sign_only,three_book_sign_only|2023-07-14T00:00:00+00:00,2023-07-14T00:00:00+0000,2023-07-15T00:00:00+0000,2023-07-15T00:05:00+0000,2023-07-17T00:05:00+0000,1,-1,1.43158708805,0.136859087982,4.41265789076,1.43158708805,TRY+BRL,False,True,
three_book_sign_only,three_book_sign_only|2023-08-05T00:00:00+00:00,2023-08-05T00:00:00+0000,2023-08-06T00:00:00+0000,2023-08-06T00:05:00+0000,2023-08-08T00:05:00+0000,-1,1,-0.0920259575693,-0.0920259575693,-0.162817248497,-0.0444677273244,,True,False,selection
three_book_sign_only,three_book_sign_only|2023-08-08T00:00:00+00:00,2023-08-08T00:00:00+0000,2023-08-09T00:00:00+0000,2023-08-09T00:05:00+0000,2023-08-11T00:05:00+0000,1,-1,0.233176119671,1.34653279756,0.0850804975219,0.233176119671,EUR,True,False,selection
three_book_sign_only,three_book_sign_only|2023-08-11T00:00:00+00:00,2023-08-11T00:00:00+0000,2023-08-12T00:00:00+0000,2023-08-12T00:05:00+0000,2023-08-14T00:05:00+0000,1,-1,0.585266119015,0.753032448794,0.353230776688,0.585266119015,,True,False,selection
three_book_sign_only,three_book_sign_only|2023-08-16T00:00:00+00:00,2023-08-16T00:00:00+0000,2023-08-17T00:00:00+0000,2023-08-17T00:05:00+0000,2023-08-19T00:05:00+0000,1,-1,0.32006256445,0.669867361844,0.0632266547312,0.32006256445,,True,False,selection
three_book_sign_only,three_book_sign_only|2023-08-21T00:00:00+00:00,2023-08-21T00:00:00+0000,2023-08-22T00:00:00+0000,2023-08-22T00:05:00+0000,2023-08-24T00:05:00+0000,-1,1,-1.23264636257,-2.50429473068,-0.3449309249,-1.23264636257,EUR+BRL,True,False,selection
three_book_sign_only,three_book_sign_only|2023-08-27T00:00:00+00:00,2023-08-27T00:00:00+0000,2023-08-28T00:00:00+0000,2023-08-28T00:05:00+0000,2023-08-30T00:05:00+0000,-1,1,-0.184867236556,-0.184867236556,-1.15189882853,-0.0268637335581,TRY,True,False,selection
three_book_sign_only,three_book_sign_only|2023-09-04T00:00:00+00:00,2023-09-04T00:00:00+0000,2023-09-05T00:00:00+0000,2023-09-05T00:05:00+0000,2023-09-07T00:05:00+0000,-1,1,-0.926079556447,-0.926079556447,-0.333977406672,-1.2608250321,BRL,True,False,selection
three_book_sign_only,three_book_sign_only|2023-09-06T00:00:00+00:00,2023-09-06T00:00:00+0000,2023-09-07T00:00:00+0000,2023-09-07T00:05:00+0000,2023-09-09T00:05:00+0000,1,-1,0.0886135548813,0.0230014678026,0.0886135548813,0.220648727334,,True,False,selection
three_book_sign_only,three_book_sign_only|2023-09-08T00:00:00+00:00,2023-09-08T00:00:00+0000,2023-09-09T00:00:00+0000,2023-09-09T00:05:00+0000,2023-09-11T00:05:00+0000,1,-1,0.365387786701,0.203375003726,1.11567498967,0.365387786701,TRY,True,False,selection
three_book_sign_only,three_book_sign_only|2023-09-11T00:00:00+00:00,2023-09-11T00:00:00+0000,2023-09-12T00:00:00+0000,2023-09-12T00:05:00+0000,2023-09-14T00:05:00+0000,-1,1,-0.532475974685,-0.532475974685,-0.237676931051,-2.50780760087,BRL,True,False,selection
three_book_sign_only,three_book_sign_only|2023-09-17T00:00:00+00:00,2023-09-17T00:00:00+0000,2023-09-18T00:00:00+0000,2023-09-18T00:05:00+0000,2023-09-20T00:05:00+0000,-1,1,-0.0891733667698,-0.159290163118,-0.0891733667698,-0.0365325410965,,True,False,selection
three_book_sign_only,three_book_sign_only|2023-09-20T00:00:00+00:00,2023-09-20T00:00:00+0000,2023-09-21T00:00:00+0000,2023-09-21T00:05:00+0000,2023-09-23T00:05:00+0000,1,-1,0.278144195741,0.765460145471,0.0538571114036,0.278144195741,,True,False,selection
three_book_sign_only,three_book_sign_only|2023-09-22T00:00:00+00:00,2023-09-22T00:00:00+0000,2023-09-23T00:00:00+0000,2023-09-23T00:05:00+0000,2023-09-25T00:05:00+0000,1,-1,0.297923191969,0.630878568832,0.297923191969,0.191584232374,,True,False,selection
three_book_sign_only,three_book_sign_only|2023-09-26T00:00:00+00:00,2023-09-26T00:00:00+0000,2023-09-27T00:00:00+0000,2023-09-27T00:05:00+0000,2023-09-29T00:05:00+0000,1,-1,0.317493186566,0.506163743445,0.256211249096,0.317493186566,,True,False,selection
three_book_sign_only,three_book_sign_only|2023-10-02T00:00:00+00:00,2023-10-02T00:00:00+0000,2023-10-03T00:00:00+0000,2023-10-03T00:05:00+0000,2023-10-05T00:05:00+0000,1,-1,1.61194555423,2.46959182303,0.551045188082,1.61194555423,EUR+BRL,True,False,selection
three_book_sign_only,three_book_sign_only|2023-10-07T00:00:00+00:00,2023-10-07T00:00:00+0000,2023-10-08T00:00:00+0000,2023-10-08T00:05:00+0000,2023-10-10T00:05:00+0000,1,-1,0.295737890709,0.100188488586,0.295737890709,0.575981175764,,True,False,selection
three_book_sign_only,three_book_sign_only|2023-10-10T00:00:00+00:00,2023-10-10T00:00:00+0000,2023-10-11T00:00:00+0000,2023-10-11T00:05:00+0000,2023-10-13T00:05:00+0000,-1,1,-1.32146552879,-0.828435287813,-1.32146552879,-3.87135823206,TRY+BRL,True,False,selection
three_book_sign_only,three_book_sign_only|2023-10-13T00:00:00+00:00,2023-10-13T00:00:00+0000,2023-10-14T00:00:00+0000,2023-10-14T00:05:00+0000,2023-10-16T00:05:00+0000,1,-1,1.20134680502,0.855788565877,1.20134680502,1.22621054371,TRY+BRL,True,False,selection
three_book_sign_only,three_book_sign_only|2023-10-16T00:00:00+00:00,2023-10-16T00:00:00+0000,2023-10-17T00:00:00+0000,2023-10-17T00:05:00+0000,2023-10-19T00:05:00+0000,-1,1,-0.763045376378,-0.763045376378,-0.125808077829,-3.71013586276,BRL,True,False,selection
three_book_sign_only,three_book_sign_only|2023-10-18T00:00:00+00:00,2023-10-18T00:00:00+0000,2023-10-19T00:00:00+0000,2023-10-19T00:05:00+0000,2023-10-21T00:05:00+0000,1,-1,1.01284512921,1.01284512921,0.427470705047,1.01553569017,EUR+BRL,True,False,selection
three_book_sign_only,three_book_sign_only|2023-10-19T00:00:00+00:00,2023-10-19T00:00:00+0000,2023-10-20T00:00:00+0000,2023-10-20T00:05:00+0000,2023-10-22T00:05:00+0000,-1,1,-0.831871198165,-1.33146546832,-0.292307852822,-0.831871198165,EUR,False,True,
three_book_sign_only,three_book_sign_only|2023-10-22T00:00:00+00:00,2023-10-22T00:00:00+0000,2023-10-23T00:00:00+0000,2023-10-23T00:05:00+0000,2023-10-25T00:05:00+0000,-1,1,-0.166076155887,-0.166076155887,-1.81858123674,-0.0402256097697,TRY,True,False,selection
three_book_sign_only,three_book_sign_only|2023-11-09T00:00:00+00:00,2023-11-09T00:00:00+0000,2023-11-10T00:00:00+0000,2023-11-10T00:05:00+0000,2023-11-12T00:05:00+0000,1,-1,1.3272080871,1.19745480539,1.3272080871,1.53349779544,EUR+TRY+BRL,True,False,selection
three_book_sign_only,three_book_sign_only|2023-11-10T00:00:00+00:00,2023-11-10T00:00:00+0000,2023-11-11T00:00:00+0000,2023-11-11T00:05:00+0000,2023-11-13T00:05:00+0000,-1,1,-0.768237432207,-0.309400046222,-0.768237432207,-1.70519005442,BRL,False,True,
three_book_sign_only,three_book_sign_only|2023-11-11T00:00:00+00:00,2023-11-11T00:00:00+0000,2023-11-12T00:00:00+0000,2023-11-12T00:05:00+0000,2023-11-14T00:05:00+0000,1,-1,0.53015892522,0.344107582473,1.27758105788,0.53015892522,TRY,True,False,selection
three_book_sign_only,three_book_sign_only|2023-11-14T00:00:00+00:00,2023-11-14T00:00:00+0000,2023-11-15T00:00:00+0000,2023-11-15T00:05:00+0000,2023-11-17T00:05:00+0000,-1,1,-2.22531816334,-5.34500927319,-0.546569802382,-2.22531816334,EUR+BRL,True,False,selection
three_book_sign_only,three_book_sign_only|2023-11-16T00:00:00+00:00,2023-11-16T00:00:00+0000,2023-11-17T00:00:00+0000,2023-11-17T00:05:00+0000,2023-11-19T00:05:00+0000,1,-1,0.62415999048,0.0194690236621,1.87912031404,0.62415999048,TRY,True,False,selection
three_book_sign_only,three_book_sign_only|2023-11-18T00:00:00+00:00,2023-11-18T00:00:00+0000,2023-11-19T00:00:00+0000,2023-11-19T00:05:00+0000,2023-11-21T00:05:00+0000,1,-1,0.469774729603,0.469774729603,1.3514807376,0.463039123843,TRY,True,False,selection
three_book_sign_only,three_book_sign_only|2023-11-19T00:00:00+00:00,2023-11-19T00:00:00+0000,2023-11-20T00:00:00+0000,2023-11-20T00:05:00+0000,2023-11-22T00:05:00+0000,-1,1,-0.827219392133,-0.581758266741,-2.07414787306,-0.827219392133,TRY,False,True,
three_book_sign_only,three_book_sign_only|2023-11-26T00:00:00+00:00,2023-11-26T00:00:00+0000,2023-11-27T00:00:00+0000,2023-11-27T00:05:00+0000,2023-11-29T00:05:00+0000,1,-1,0.348982399629,0.482201636799,0.21653547015,0.348982399629,,True,False,selection
three_book_sign_only,three_book_sign_only|2023-11-28T00:00:00+00:00,2023-11-28T00:00:00+0000,2023-11-29T00:00:00+0000,2023-11-29T00:05:00+0000,2023-12-01T00:05:00+0000,-1,1,-1.43563881136,-1.43563881136,-0.863941672786,-1.86336181097,EUR+BRL,True,False,selection
three_book_sign_only,three_book_sign_only|2023-12-04T00:00:00+00:00,2023-12-04T00:00:00+0000,2023-12-05T00:00:00+0000,2023-12-05T00:05:00+0000,2023-12-07T00:05:00+0000,1,-1,1.70172502408,1.70172502408,0.119057350769,2.06881083398,EUR+BRL,True,False,selection
three_book_sign_only,three_book_sign_only|2023-12-07T00:00:00+00:00,2023-12-07T00:00:00+0000,2023-12-08T00:00:00+0000,2023-12-08T00:05:00+0000,2023-12-10T00:05:00+0000,-1,1,-0.586661863049,-0.586661863049,-0.722413492498,-0.0877526061275,,True,False,selection
three_book_sign_only,three_book_sign_only|2023-12-08T00:00:00+00:00,2023-12-08T00:00:00+0000,2023-12-09T00:00:00+0000,2023-12-09T00:05:00+0000,2023-12-11T00:05:00+0000,1,-1,0.984572553196,0.984572553196,0.69109151894,1.06357626724,BRL,False,True,
three_book_sign_only,three_book_sign_only|2023-12-14T00:00:00+00:00,2023-12-14T00:00:00+0000,2023-12-15T00:00:00+0000,2023-12-15T00:05:00+0000,2023-12-17T00:05:00+0000,-1,1,-3.27047189357,-3.92152891763,-3.27047189357,-1.24496148084,EUR+TRY+BRL,True,False,selection
three_book_sign_only,three_book_sign_only|2023-12-15T00:00:00+00:00,2023-12-15T00:00:00+0000,2023-12-16T00:00:00+0000,2023-12-16T00:05:00+0000,2023-12-18T00:05:00+0000,1,-1,3.02812130856,3.02812130856,4.2575665131,2.03307676639,EUR+TRY+BRL,False,True,
three_book_sign_only,three_book_sign_only|2023-12-18T00:00:00+00:00,2023-12-18T00:00:00+0000,2023-12-19T00:00:00+0000,2023-12-19T00:05:00+0000,2023-12-21T00:05:00+0000,-1,1,-0.937645322796,-0.894460929053,-0.937645322796,-3.29008227217,BRL,True,False,selection
three_book_sign_only,three_book_sign_only|2023-12-21T00:00:00+00:00,2023-12-21T00:00:00+0000,2023-12-22T00:00:00+0000,2023-12-22T00:05:00+0000,2023-12-24T00:05:00+0000,-1,1,-1.58029355263,-1.76426218142,-0.522535875668,-1.58029355263,EUR+BRL,True,False,selection
three_book_sign_only,three_book_sign_only|2023-12-24T00:00:00+00:00,2023-12-24T00:00:00+0000,2023-12-25T00:00:00+0000,2023-12-25T00:05:00+0000,2023-12-27T00:05:00+0000,1,-1,0.860673199629,0.860673199629,1.33883038218,0.290370178673,TRY,True,False,selection
three_book_sign_only,three_book_sign_only|2023-12-29T00:00:00+00:00,2023-12-29T00:00:00+0000,2023-12-30T00:00:00+0000,2023-12-30T00:05:00+0000,2024-01-01T00:05:00+0000,1,-1,1.08726174451,1.08726174451,7.28471474713,0.987890534833,EUR+TRY,True,False,
try_only,try_only|2021-05-05T00:00:00+00:00,2021-05-05T00:00:00+0000,2021-05-06T00:00:00+0000,2021-05-06T00:05:00+0000,2021-05-08T00:05:00+0000,-1,1,-2.1494031619,-0.714026106796,-2.1494031619,-2.6911774907,TRY+BRL,True,False,train
try_only,try_only|2021-05-10T00:00:00+00:00,2021-05-10T00:00:00+0000,2021-05-11T00:00:00+0000,2021-05-11T00:05:00+0000,2021-05-13T00:05:00+0000,1,-1,1.37435375142,1.91299934766,1.37435375142,0.550442801704,EUR+TRY,True,False,train
try_only,try_only|2021-05-11T00:00:00+00:00,2021-05-11T00:00:00+0000,2021-05-12T00:00:00+0000,2021-05-12T00:05:00+0000,2021-05-14T00:05:00+0000,-1,1,-1.4068555468,-0.684118958468,-1.43158095089,-1.4068555468,TRY+BRL,False,True,
try_only,try_only|2021-05-12T00:00:00+00:00,2021-05-12T00:00:00+0000,2021-05-13T00:00:00+0000,2021-05-13T00:05:00+0000,2021-05-15T00:05:00+0000,1,-1,2.2858837347,2.25864017971,3.11870079886,2.2858837347,EUR+TRY+BRL,True,False,train
try_only,try_only|2021-05-14T00:00:00+00:00,2021-05-14T00:00:00+0000,2021-05-15T00:00:00+0000,2021-05-15T00:05:00+0000,2021-05-17T00:05:00+0000,-1,1,-1.52318887792,-1.52318887792,-1.64115597652,-0.79190279222,EUR+TRY,True,False,train
try_only,try_only|2021-05-17T00:00:00+00:00,2021-05-17T00:00:00+0000,2021-05-18T00:00:00+0000,2021-05-18T00:05:00+0000,2021-05-20T00:05:00+0000,-1,1,-0.291850050161,-0.291850050161,-1.37498306387,-0.249181732795,TRY,True,False,train
try_only,try_only|2021-05-19T00:00:00+00:00,2021-05-19T00:00:00+0000,2021-05-20T00:00:00+0000,2021-05-20T00:05:00+0000,2021-05-22T00:05:00+0000,1,-1,1.72868233852,1.4042146308,1.72868233852,2.5968467031,EUR+TRY+BRL,True,False,train
try_only,try_only|2021-05-20T00:00:00+00:00,2021-05-20T00:00:00+0000,2021-05-21T00:00:00+0000,2021-05-21T00:05:00+0000,2021-05-23T00:05:00+0000,-1,1,-1.47267829796,-0.635543549454,-1.80386866298,-1.47267829796,TRY+BRL,False,True,
try_only,try_only|2021-05-28T00:00:00+00:00,2021-05-28T00:00:00+0000,2021-05-29T00:00:00+0000,2021-05-29T00:05:00+0000,2021-05-31T00:05:00+0000,1,-1,0.990502723759,0.990502723759,1.35231419972,0.155984936175,TRY,True,False,train
try_only,try_only|2021-05-31T00:00:00+00:00,2021-05-31T00:00:00+0000,2021-06-01T00:00:00+0000,2021-06-01T00:05:00+0000,2021-06-03T00:05:00+0000,-1,1,-1.78957289881,-1.78957289881,-2.07103878964,-0.861245866768,EUR+TRY,True,False,train
try_only,try_only|2021-06-15T00:00:00+00:00,2021-06-15T00:00:00+0000,2021-06-16T00:00:00+0000,2021-06-16T00:05:00+0000,2021-06-18T00:05:00+0000,1,-1,0.135391307918,0.135391307918,1.38493457644,-0.590483642186,TRY,True,False,train
try_only,try_only|2021-06-22T00:00:00+00:00,2021-06-22T00:00:00+0000,2021-06-23T00:00:00+0000,2021-06-23T00:05:00+0000,2021-06-25T00:05:00+0000,-1,1,-1.29264431192,-0.664656341767,-1.29264431192,-1.61833078512,TRY+BRL,True,False,train
try_only,try_only|2021-06-25T00:00:00+00:00,2021-06-25T00:00:00+0000,2021-06-26T00:00:00+0000,2021-06-26T00:05:00+0000,2021-06-28T00:05:00+0000,1,-1,1.31192673922,0.583722443781,1.3933308871,1.31192673922,TRY+BRL,True,False,train
try_only,try_only|2021-07-21T00:00:00+00:00,2021-07-21T00:00:00+0000,2021-07-22T00:00:00+0000,2021-07-22T00:05:00+0000,2021-07-24T00:05:00+0000,-1,1,-0.962761472262,-0.962761472262,-1.39877317543,-0.547845816063,TRY,True,False,train
try_only,try_only|2021-07-29T00:00:00+00:00,2021-07-29T00:00:00+0000,2021-07-30T00:00:00+0000,2021-07-30T00:05:00+0000,2021-08-01T00:05:00+0000,-1,1,-1.46927388385,-1.46927388385,-1.61494868974,-1.25535088632,EUR+TRY+BRL,True,False,train
try_only,try_only|2021-08-01T00:00:00+00:00,2021-08-01T00:00:00+0000,2021-08-02T00:00:00+0000,2021-08-02T00:05:00+0000,2021-08-04T00:05:00+0000,1,-1,1.1165772636,1.39746674592,1.1165772636,0.187767012344,EUR+TRY,True,False,train
try_only,try_only|2021-08-08T00:00:00+00:00,2021-08-08T00:00:00+0000,2021-08-09T00:00:00+0000,2021-08-09T00:05:00+0000,2021-08-11T00:05:00+0000,1,-1,1.19486970115,1.19486970115,1.53476658131,0.289537155606,EUR+TRY,True,False,train
try_only,try_only|2021-08-12T00:00:00+00:00,2021-08-12T00:00:00+0000,2021-08-13T00:00:00+0000,2021-08-13T00:05:00+0000,2021-08-15T00:05:00+0000,-1,1,-0.522937617012,-0.522937617012,-1.13882182722,0.358727045094,TRY,True,False,train
try_only,try_only|2021-08-16T00:00:00+00:00,2021-08-16T00:00:00+0000,2021-08-17T00:00:00+0000,2021-08-17T00:05:00+0000,2021-08-19T00:05:00+0000,1,-1,1.1193938756,2.1976804532,1.1193938756,0.647352810554,EUR+TRY,True,False,train
try_only,try_only|2021-08-27T00:00:00+00:00,2021-08-27T00:00:00+0000,2021-08-28T00:00:00+0000,2021-08-28T00:05:00+0000,2021-08-30T00:05:00+0000,-1,1,-2.4219109057,-3.03391462545,-1.27090591835,-2.4219109057,EUR+TRY+BRL,True,False,train
try_only,try_only|2021-08-31T00:00:00+00:00,2021-08-31T00:00:00+0000,2021-09-01T00:00:00+0000,2021-09-01T00:05:00+0000,2021-09-03T00:05:00+0000,-1,1,-0.974517299669,-0.974517299669,-1.05630776657,-0.638032121811,TRY,True,False,train
try_only,try_only|2021-09-07T00:00:00+00:00,2021-09-07T00:00:00+0000,2021-09-08T00:00:00+0000,2021-09-08T00:05:00+0000,2021-09-10T00:05:00+0000,1,-1,2.61502809063,3.92059572352,2.42479698916,2.61502809063,EUR+TRY+BRL,True,False,train
try_only,try_only|2021-09-16T00:00:00+00:00,2021-09-16T00:00:00+0000,2021-09-17T00:00:00+0000,2021-09-17T00:05:00+0000,2021-09-19T00:05:00+0000,1,-1,1.23968644503,0.667494270592,1.23968644503,1.26247822838,TRY+BRL,True,False,train
try_only,try_only|2021-09-23T00:00:00+00:00,2021-09-23T00:00:00+0000,2021-09-24T00:00:00+0000,2021-09-24T00:05:00+0000,2021-09-26T00:05:00+0000,1,-1,-0.331478296939,-1.37988466917,1.18915408251,-0.331478296939,TRY,True,False,train
try_only,try_only|2021-09-30T00:00:00+00:00,2021-09-30T00:00:00+0000,2021-10-01T00:00:00+0000,2021-10-01T00:05:00+0000,2021-10-03T00:05:00+0000,-1,1,-1.03054194604,-0.108306275118,-1.20435943087,-1.03054194604,TRY+BRL,True,False,train
try_only,try_only|2021-10-04T00:00:00+00:00,2021-10-04T00:00:00+0000,2021-10-05T00:00:00+0000,2021-10-05T00:05:00+0000,2021-10-07T00:05:00+0000,1,-1,2.11951430923,0.0321080579149,2.33529243934,2.11951430923,TRY+BRL,True,False,train
try_only,try_only|2021-10-08T00:00:00+00:00,2021-10-08T00:00:00+0000,2021-10-09T00:00:00+0000,2021-10-09T00:05:00+0000,2021-10-11T00:05:00+0000,1,-1,0.813981614228,0.513211945456,1.26877667238,0.813981614228,TRY,True,False,train
try_only,try_only|2021-10-15T00:00:00+00:00,2021-10-15T00:00:00+0000,2021-10-16T00:00:00+0000,2021-10-16T00:05:00+0000,2021-10-18T00:05:00+0000,1,-1,-0.462657908347,-0.462657908347,1.26700011227,-1.4898791336,TRY,True,False,train
try_only,try_only|2021-10-20T00:00:00+00:00,2021-10-20T00:00:00+0000,2021-10-21T00:00:00+0000,2021-10-21T00:05:00+0000,2021-10-23T00:05:00+0000,-1,1,-2.27287701057,-2.27766686668,-2.27287701057,0.360889061197,EUR+TRY,True,False,train
try_only,try_only|2021-10-21T00:00:00+00:00,2021-10-21T00:00:00+0000,2021-10-22T00:00:00+0000,2021-10-22T00:05:00+0000,2021-10-24T00:05:00+0000,1,-1,2.22336276067,2.22336276067,5.2449026939,1.77210059404,EUR+TRY+BRL,False,True,
try_only,try_only|2021-10-24T00:00:00+00:00,2021-10-24T00:00:00+0000,2021-10-25T00:00:00+0000,2021-10-25T00:05:00+0000,2021-10-27T00:05:00+0000,1,-1,0.0535210459213,0.0535210459213,1.45831443893,0.0412734537594,TRY,True,False,train
try_only,try_only|2021-10-25T00:00:00+00:00,2021-10-25T00:00:00+0000,2021-10-26T00:00:00+0000,2021-10-26T00:05:00+0000,2021-10-28T00:05:00+0000,-1,1,-2.15050599133,0.185108472486,-2.15050599133,-2.20762454813,TRY+BRL,False,True,
try_only,try_only|2021-10-29T00:00:00+00:00,2021-10-29T00:00:00+0000,2021-10-30T00:00:00+0000,2021-10-30T00:05:00+0000,2021-11-01T00:05:00+0000,-1,1,0.122320467095,2.1058153291,-1.04624388217,0.122320467095,TRY,True,False,train
try_only,try_only|2021-11-03T00:00:00+00:00,2021-11-03T00:00:00+0000,2021-11-04T00:00:00+0000,2021-11-04T00:05:00+0000,2021-11-06T00:05:00+0000,1,-1,-0.731057660252,-0.731057660252,1.6872656137,-2.08466280018,TRY,True,False,train
try_only,try_only|2021-11-10T00:00:00+00:00,2021-11-10T00:00:00+0000,2021-11-11T00:00:00+0000,2021-11-11T00:05:00+0000,2021-11-13T00:05:00+0000,1,-1,2.14829616036,2.80687351872,2.14829616036,0.78789493502,EUR+TRY,True,False,train
try_only,try_only|2021-11-12T00:00:00+00:00,2021-11-12T00:00:00+0000,2021-11-13T00:00:00+0000,2021-11-13T00:05:00+0000,2021-11-15T00:05:00+0000,1,-1,1.05440629383,-0.351948872074,1.50625706175,1.05440629383,TRY+BRL,True,False,train
try_only,try_only|2021-11-16T00:00:00+00:00,2021-11-16T00:00:00+0000,2021-11-17T00:00:00+0000,2021-11-17T00:05:00+0000,2021-11-19T00:05:00+0000,1,-1,1.60744120586,1.60744120586,4.11637381925,1.142724221,EUR+TRY+BRL,True,False,train
try_only,try_only|2021-11-19T00:00:00+00:00,2021-11-19T00:00:00+0000,2021-11-20T00:00:00+0000,2021-11-20T00:05:00+0000,2021-11-22T00:05:00+0000,-1,1,0.50704284526,2.38114269491,-2.14454488448,0.50704284526,TRY,True,False,train
try_only,try_only|2021-11-21T00:00:00+00:00,2021-11-21T00:00:00+0000,2021-11-22T00:00:00+0000,2021-11-22T00:05:00+0000,2021-11-24T00:05:00+0000,1,-1,0.310858269073,-0.54313893756,1.66425394764,0.310858269073,TRY,True,False,train
try_only,try_only|2021-11-24T00:00:00+00:00,2021-11-24T00:00:00+0000,2021-11-25T00:00:00+0000,2021-11-25T00:05:00+0000,2021-11-27T00:05:00+0000,-1,1,0.229584657707,1.45243980729,-2.41823615166,0.229584657707,TRY,True,False,train
try_only,try_only|2021-11-26T00:00:00+00:00,2021-11-26T00:00:00+0000,2021-11-27T00:00:00+0000,2021-11-27T00:05:00+0000,2021-11-29T00:05:00+0000,1,-1,0.805640704137,-1.78927147105,8.75529568089,0.805640704137,TRY,True,False,train
try_only,try_only|2021-11-28T00:00:00+00:00,2021-11-28T00:00:00+0000,2021-11-29T00:00:00+0000,2021-11-29T00:05:00+0000,2021-12-01T00:05:00+0000,-1,1,-0.671112013614,-0.461548585776,-1.56604431759,-0.671112013614,TRY,True,False,train
try_only,try_only|2021-11-30T00:00:00+00:00,2021-11-30T00:00:00+0000,2021-12-01T00:00:00+0000,2021-12-01T00:05:00+0000,2021-12-03T00:05:00+0000,1,-1,-0.0286976394174,-1.49279549738,5.9459518923,-0.0286976394174,TRY,True,False,train
try_only,try_only|2021-12-06T00:00:00+00:00,2021-12-06T00:00:00+0000,2021-12-07T00:00:00+0000,2021-12-07T00:05:00+0000,2021-12-09T00:05:00+0000,-1,1,-0.015175484646,0.430405847421,-3.72970408506,-0.015175484646,TRY,True,False,train
try_only,try_only|2021-12-09T00:00:00+00:00,2021-12-09T00:00:00+0000,2021-12-10T00:00:00+0000,2021-12-10T00:05:00+0000,2021-12-12T00:05:00+0000,1,-1,1.33067272773,1.16614607715,3.23756417524,1.33067272773,EUR+TRY+BRL,True,False,train
try_only,try_only|2021-12-11T00:00:00+00:00,2021-12-11T00:00:00+0000,2021-12-12T00:00:00+0000,2021-12-12T00:05:00+0000,2021-12-14T00:05:00+0000,-1,1,-0.409568336809,-0.266826979509,-3.11634891522,-0.409568336809,TRY,True,False,train
try_only,try_only|2021-12-13T00:00:00+00:00,2021-12-13T00:00:00+0000,2021-12-14T00:00:00+0000,2021-12-14T00:05:00+0000,2021-12-16T00:05:00+0000,1,-1,1.5713906566,0.578211473199,2.27885542914,1.5713906566,TRY+BRL,True,False,train
try_only,try_only|2021-12-19T00:00:00+00:00,2021-12-19T00:00:00+0000,2021-12-20T00:00:00+0000,2021-12-20T00:05:00+0000,2021-12-22T00:05:00+0000,1,-1,0.134459940309,-0.507510639474,3.35250341056,0.134459940309,TRY,True,False,train
try_only,try_only|2021-12-20T00:00:00+00:00,2021-12-20T00:00:00+0000,2021-12-21T00:00:00+0000,2021-12-21T00:05:00+0000,2021-12-23T00:05:00+0000,-1,1,-1.17019748638,-1.17019748638,-23.9819738076,0.0885304708824,EUR+TRY,False,True,
try_only,try_only|2021-12-24T00:00:00+00:00,2021-12-24T00:00:00+0000,2021-12-25T00:00:00+0000,2021-12-25T00:05:00+0000,2021-12-27T00:05:00+0000,1,-1,0.864435063886,0.864435063886,2.93754103601,0.223448282679,TRY,True,False,train
try_only,try_only|2021-12-25T00:00:00+00:00,2021-12-25T00:00:00+0000,2021-12-26T00:00:00+0000,2021-12-26T00:05:00+0000,2021-12-28T00:05:00+0000,-1,1,0.157944215327,0.16636503362,-2.18118670602,0.157944215327,TRY,False,True,
try_only,try_only|2021-12-27T00:00:00+00:00,2021-12-27T00:00:00+0000,2021-12-28T00:00:00+0000,2021-12-28T00:05:00+0000,2021-12-30T00:05:00+0000,1,-1,-0.358275968331,-0.358275968331,2.32047717555,-1.00491003057,TRY,True,False,train
try_only,try_only|2022-01-03T00:00:00+00:00,2022-01-03T00:00:00+0000,2022-01-04T00:00:00+0000,2022-01-04T00:05:00+0000,2022-01-06T00:05:00+0000,-1,1,1.40320677806,1.40320677806,-1.03936518102,1.53413072466,TRY,True,False,train
try_only,try_only|2022-01-04T00:00:00+00:00,2022-01-04T00:00:00+0000,2022-01-05T00:00:00+0000,2022-01-05T00:05:00+0000,2022-01-07T00:05:00+0000,1,-1,0.560580778797,0.560580778797,2.18201924647,0.464432842862,TRY,False,True,
try_only,try_only|2022-01-07T00:00:00+00:00,2022-01-07T00:00:00+0000,2022-01-08T00:00:00+0000,2022-01-08T00:05:00+0000,2022-01-10T00:05:00+0000,1,-1,-1.77902601652,-1.95937090299,1.5998306389,-1.77902601652,TRY,True,False,train
try_only,try_only|2022-01-11T00:00:00+00:00,2022-01-11T00:00:00+0000,2022-01-12T00:00:00+0000,2022-01-12T00:05:00+0000,2022-01-14T00:05:00+0000,-1,1,-1.58064974343,-0.872451216843,-1.58064974343,-2.61240625472,TRY+BRL,True,False,train
try_only,try_only|2022-01-13T00:00:00+00:00,2022-01-13T00:00:00+0000,2022-01-14T00:00:00+0000,2022-01-14T00:05:00+0000,2022-01-16T00:05:00+0000,1,-1,-0.211041599967,-1.01202940281,2.78173626509,-0.211041599967,TRY,True,False,train
try_only,try_only|2022-01-14T00:00:00+00:00,2022-01-14T00:00:00+0000,2022-01-15T00:00:00+0000,2022-01-15T00:05:00+0000,2022-01-17T00:05:00+0000,-1,1,-0.438869602771,1.37877815171,-1.0134474001,-0.438869602771,TRY,False,True,
try_only,try_only|2022-01-21T00:00:00+00:00,2022-01-21T00:00:00+0000,2022-01-22T00:00:00+0000,2022-01-22T00:05:00+0000,2022-01-24T00:05:00+0000,1,-1,1.04358762357,-0.373111038216,1.38919969655,1.04358762357,TRY+BRL,True,False,train
try_only,try_only|2022-01-26T00:00:00+00:00,2022-01-26T00:00:00+0000,2022-01-27T00:00:00+0000,2022-01-27T00:05:00+0000,2022-01-29T00:05:00+0000,1,-1,1.07852063022,1.93922600415,1.07852063022,-0.643609974829,EUR+TRY,True,False,train
try_only,try_only|2022-01-28T00:00:00+00:00,2022-01-28T00:00:00+0000,2022-01-29T00:00:00+0000,2022-01-29T00:05:00+0000,2022-01-31T00:05:00+0000,-1,1,-1.18657870346,0.153350945142,-1.18657870346,-1.49728872193,TRY+BRL,True,False,train
try_only,try_only|2022-01-31T00:00:00+00:00,2022-01-31T00:00:00+0000,2022-02-01T00:00:00+0000,2022-02-01T00:05:00+0000,2022-02-03T00:05:00+0000,-1,1,-2.92561467648,-2.92561467648,-2.11180292856,-3.34651048505,EUR+TRY+BRL,True,False,train
try_only,try_only|2022-02-02T00:00:00+00:00,2022-02-02T00:00:00+0000,2022-02-03T00:00:00+0000,2022-02-03T00:05:00+0000,2022-02-05T00:05:00+0000,1,-1,0.0384542998391,-0.682476572651,1.26817282673,0.0384542998391,TRY,True,False,train
try_only,try_only|2022-02-07T00:00:00+00:00,2022-02-07T00:00:00+0000,2022-02-08T00:00:00+0000,2022-02-08T00:05:00+0000,2022-02-10T00:05:00+0000,1,-1,0.432204566813,0.432204566813,1.19673258238,-2.2174123374,TRY,True,False,train
try_only,try_only|2022-02-24T00:00:00+00:00,2022-02-24T00:00:00+0000,2022-02-25T00:00:00+0000,2022-02-25T00:05:00+0000,2022-02-27T00:05:00+0000,1,-1,3.00547058679,3.00547058679,1.03404227348,3.44717587513,EUR+TRY+BRL,True,False,train
try_only,try_only|2022-02-25T00:00:00+00:00,2022-02-25T00:00:00+0000,2022-02-26T00:00:00+0000,2022-02-26T00:05:00+0000,2022-02-28T00:05:00+0000,-1,1,-1.85390273997,-1.85390273997,-2.05696434977,1.17502898101,EUR+TRY,False,True,
try_only,try_only|2022-02-27T00:00:00+00:00,2022-02-27T00:00:00+0000,2022-02-28T00:00:00+0000,2022-02-28T00:05:00+0000,2022-03-02T00:05:00+0000,1,-1,1.83079094579,2.75862932419,1.83079094579,0.123231557405,EUR+TRY,True,False,train
try_only,try_only|2022-02-28T00:00:00+00:00,2022-02-28T00:00:00+0000,2022-03-01T00:00:00+0000,2022-03-01T00:05:00+0000,2022-03-03T00:05:00+0000,-1,1,-1.71093396784,-1.46406173162,-3.5648217876,-1.71093396784,EUR+TRY+BRL,False,True,
try_only,try_only|2022-03-02T00:00:00+00:00,2022-03-02T00:00:00+0000,2022-03-03T00:00:00+0000,2022-03-03T00:05:00+0000,2022-03-05T00:05:00+0000,1,-1,0.187545469892,0.187545469892,1.04105945326,-0.885440353304,TRY,True,False,train
try_only,try_only|2022-03-10T00:00:00+00:00,2022-03-10T00:00:00+0000,2022-03-11T00:00:00+0000,2022-03-11T00:05:00+0000,2022-03-13T00:05:00+0000,1,-1,1.6786603075,2.11156052045,1.6786603075,0.190224701612,EUR+TRY,True,False,train
try_only,try_only|2022-03-16T00:00:00+00:00,2022-03-16T00:00:00+0000,2022-03-17T00:00:00+0000,2022-03-17T00:05:00+0000,2022-03-19T00:05:00+0000,-1,1,-2.16560885507,-2.184791044,-1.24680253327,-2.16560885507,EUR+TRY+BRL,True,False,train
try_only,try_only|2022-03-29T00:00:00+00:00,2022-03-29T00:00:00+0000,2022-03-30T00:00:00+0000,2022-03-30T00:05:00+0000,2022-04-01T00:05:00+0000,-1,1,-1.13591537575,-3.12381705916,-1.13591537575,0.272083348969,EUR+TRY,True,False,train
try_only,try_only|2022-04-12T00:00:00+00:00,2022-04-12T00:00:00+0000,2022-04-13T00:00:00+0000,2022-04-13T00:05:00+0000,2022-04-15T00:05:00+0000,-1,1,-1.08004297413,1.85209056078,-1.0891408855,-1.08004297413,TRY+BRL,True,False,train
try_only,try_only|2022-04-29T00:00:00+00:00,2022-04-29T00:00:00+0000,2022-04-30T00:00:00+0000,2022-04-30T00:05:00+0000,2022-05-02T00:05:00+0000,1,-1,0.805163766027,-1.33279092064,1.06418529756,0.805163766027,TRY,True,False,train
try_only,try_only|2022-05-04T00:00:00+00:00,2022-05-04T00:00:00+0000,2022-05-05T00:00:00+0000,2022-05-05T00:05:00+0000,2022-05-07T00:05:00+0000,-1,1,-2.17917195384,-3.53999519996,-2.06334889871,-2.17917195384,EUR+TRY+BRL,True,False,train
try_only,try_only|2022-05-05T00:00:00+00:00,2022-05-05T00:00:00+0000,2022-05-06T00:00:00+0000,2022-05-06T00:05:00+0000,2022-05-08T00:05:00+0000,1,-1,2.66020470739,2.66020470739,1.53267972724,4.36005514758,EUR+TRY+BRL,False,True,
try_only,try_only|2022-05-09T00:00:00+00:00,2022-05-09T00:00:00+0000,2022-05-10T00:00:00+0000,2022-05-10T00:05:00+0000,2022-05-12T00:05:00+0000,1,-1,1.86956105101,-1.3912847755,1.86956105101,2.89543185446,TRY+BRL,True,False,train
try_only,try_only|2022-05-11T00:00:00+00:00,2022-05-11T00:00:00+0000,2022-05-12T00:00:00+0000,2022-05-12T00:05:00+0000,2022-05-14T00:05:00+0000,1,-1,-0.158435326955,-1.49975220753,1.07983336435,-0.158435326955,TRY,True,False,train
try_only,try_only|2022-05-15T00:00:00+00:00,2022-05-15T00:00:00+0000,2022-05-16T00:00:00+0000,2022-05-16T00:05:00+0000,2022-05-18T00:05:00+0000,-1,1,-0.400206726316,-0.089517564221,-1.09902990738,-0.400206726316,TRY,True,False,train
try_only,try_only|2022-05-18T00:00:00+00:00,2022-05-18T00:00:00+0000,2022-05-19T00:00:00+0000,2022-05-19T00:05:00+0000,2022-05-21T00:05:00+0000,1,-1,2.27135388691,2.35628767933,2.27135388691,1.42199490449,EUR+TRY+BRL,True,False,train
try_only,try_only|2022-05-19T00:00:00+00:00,2022-05-19T00:00:00+0000,2022-05-20T00:00:00+0000,2022-05-20T00:05:00+0000,2022-05-22T00:05:00+0000,-1,1,-1.84072280913,-3.5171356714,-1.76939163588,-1.84072280913,EUR+TRY+BRL,False,True,
try_only,try_only|2022-05-25T00:00:00+00:00,2022-05-25T00:00:00+0000,2022-05-26T00:00:00+0000,2022-05-26T00:05:00+0000,2022-05-28T00:05:00+0000,1,-1,1.23644121503,1.31456238536,1.23644121503,0.171550456153,EUR+TRY,True,False,train
try_only,try_only|2022-06-07T00:00:00+00:00,2022-06-07T00:00:00+0000,2022-06-08T00:00:00+0000,2022-06-08T00:05:00+0000,2022-06-10T00:05:00+0000,1,-1,1.42696514479,-0.459502312678,1.42696514479,2.32666070186,TRY+BRL,True,False,train
try_only,try_only|2022-06-23T00:00:00+00:00,2022-06-23T00:00:00+0000,2022-06-24T00:00:00+0000,2022-06-24T00:05:00+0000,2022-06-26T00:05:00+0000,-1,1,0.946452690847,1.21374636492,-1.19699565313,0.946452690847,TRY,True,False,train
try_only,try_only|2022-06-26T00:00:00+00:00,2022-06-26T00:00:00+0000,2022-06-27T00:00:00+0000,2022-06-27T00:05:00+0000,2022-06-29T00:05:00+0000,-1,1,-0.582713242036,-0.582713242036,-2.69631632238,0.628543374455,TRY,True,False,train
try_only,try_only|2022-06-27T00:00:00+00:00,2022-06-27T00:00:00+0000,2022-06-28T00:00:00+0000,2022-06-28T00:05:00+0000,2022-06-30T00:05:00+0000,1,-1,-0.945201028608,-0.945201028608,1.05450846353,-1.05393872359,TRY,False,True,
try_only,try_only|2022-07-05T00:00:00+00:00,2022-07-05T00:00:00+0000,2022-07-06T00:00:00+0000,2022-07-06T00:05:00+0000,2022-07-08T00:05:00+0000,1,-1,1.61972745867,4.70572050805,1.44119894764,1.61972745867,EUR+TRY+BRL,True,False,train
try_only,try_only|2022-07-08T00:00:00+00:00,2022-07-08T00:00:00+0000,2022-07-09T00:00:00+0000,2022-07-09T00:05:00+0000,2022-07-11T00:05:00+0000,1,-1,-0.267044337956,-0.267044337956,1.47544380137,-1.87745875405,TRY,True,False,train
try_only,try_only|2022-07-14T00:00:00+00:00,2022-07-14T00:00:00+0000,2022-07-15T00:00:00+0000,2022-07-15T00:05:00+0000,2022-07-17T00:05:00+0000,-1,1,-0.234128354394,-0.234128354394,-1.18057376655,0.348087979086,TRY,True,False,train
try_only,try_only|2022-07-16T00:00:00+00:00,2022-07-16T00:00:00+0000,2022-07-17T00:00:00+0000,2022-07-17T00:05:00+0000,2022-07-19T00:05:00+0000,-1,1,-0.334975676023,-0.334975676023,-1.8433910611,-0.0845229890557,TRY,True,False,train
try_only,try_only|2022-07-19T00:00:00+00:00,2022-07-19T00:00:00+0000,2022-07-20T00:00:00+0000,2022-07-20T00:05:00+0000,2022-07-22T00:05:00+0000,1,-1,-0.352192003037,-2.45103131253,1.09048217657,-0.352192003037,TRY,True,False,train
try_only,try_only|2022-07-22T00:00:00+00:00,2022-07-22T00:00:00+0000,2022-07-23T00:00:00+0000,2022-07-23T00:05:00+0000,2022-07-25T00:05:00+0000,1,-1,0.626525538748,0.626525538748,1.31765927169,0.445221127131,TRY,True,False,train
try_only,try_only|2022-07-25T00:00:00+00:00,2022-07-25T00:00:00+0000,2022-07-26T00:00:00+0000,2022-07-26T00:05:00+0000,2022-07-28T00:05:00+0000,1,-1,-0.582258621613,-0.582258621613,1.14290656503,-3.06441667592,TRY,True,False,train
try_only,try_only|2022-07-27T00:00:00+00:00,2022-07-27T00:00:00+0000,2022-07-28T00:00:00+0000,2022-07-28T00:05:00+0000,2022-07-30T00:05:00+0000,-1,1,-2.28906483995,-2.28906483995,-1.02880706066,-3.36074868502,EUR+TRY+BRL,True,False,train
try_only,try_only|2022-08-05T00:00:00+00:00,2022-08-05T00:00:00+0000,2022-08-06T00:00:00+0000,2022-08-06T00:05:00+0000,2022-08-08T00:05:00+0000,-1,1,-1.49998125065,1.14417791541,-1.49998125065,-1.71447060505,TRY+BRL,True,False,train
try_only,try_only|2022-08-10T00:00:00+00:00,2022-08-10T00:00:00+0000,2022-08-11T00:00:00+0000,2022-08-11T00:05:00+0000,2022-08-13T00:05:00+0000,-1,1,-1.55599915534,-2.41421386048,-1.55599915534,-1.25121925405,EUR+TRY+BRL,True,False,train
try_only,try_only|2022-08-12T00:00:00+00:00,2022-08-12T00:00:00+0000,2022-08-13T00:00:00+0000,2022-08-13T00:05:00+0000,2022-08-15T00:05:00+0000,-1,1,-1.26123146801,0.956608939498,-1.26123146801,-2.07353194725,TRY+BRL,True,False,train
try_only,try_only|2022-08-22T00:00:00+00:00,2022-08-22T00:00:00+0000,2022-08-23T00:00:00+0000,2022-08-23T00:05:00+0000,2022-08-25T00:05:00+0000,-1,1,-1.02133784988,1.87837600737,-1.18511859472,-1.02133784988,TRY+BRL,True,False,train
try_only,try_only|2022-08-26T00:00:00+00:00,2022-08-26T00:00:00+0000,2022-08-27T00:00:00+0000,2022-08-27T00:05:00+0000,2022-08-29T00:05:00+0000,1,-1,0.57087800295,0.57087800295,1.22914507444,-1.32875854953,TRY,True,False,train
try_only,try_only|2022-08-29T00:00:00+00:00,2022-08-29T00:00:00+0000,2022-08-30T00:00:00+0000,2022-08-30T00:05:00+0000,2022-09-01T00:05:00+0000,-1,1,-1.91782454151,-2.22476548753,-1.08196707613,-1.91782454151,EUR+TRY+BRL,True,False,train
try_only,try_only|2022-09-22T00:00:00+00:00,2022-09-22T00:00:00+0000,2022-09-23T00:00:00+0000,2022-09-23T00:05:00+0000,2022-09-25T00:05:00+0000,-1,1,-1.56100929234,-0.58628247517,-1.56100929234,-2.30677829817,TRY+BRL,True,False,train
try_only,try_only|2022-10-25T00:00:00+00:00,2022-10-25T00:00:00+0000,2022-10-26T00:00:00+0000,2022-10-26T00:05:00+0000,2022-10-28T00:05:00+0000,-1,1,-1.42532028525,-2.13040829896,-1.42532028525,-0.381301584884,EUR+TRY,True,False,train
try_only,try_only|2022-11-04T00:00:00+00:00,2022-11-04T00:00:00+0000,2022-11-05T00:00:00+0000,2022-11-05T00:05:00+0000,2022-11-07T00:05:00+0000,-1,1,-2.54840814952,-5.51445798257,-2.44886015762,-2.54840814952,EUR+TRY+BRL,True,False,train
try_only,try_only|2022-11-06T00:00:00+00:00,2022-11-06T00:00:00+0000,2022-11-07T00:00:00+0000,2022-11-07T00:05:00+0000,2022-11-09T00:05:00+0000,1,-1,1.00514461692,1.00514461692,1.69293467175,0.736858823382,EUR+TRY,True,False,train
try_only,try_only|2022-11-07T00:00:00+00:00,2022-11-07T00:00:00+0000,2022-11-08T00:00:00+0000,2022-11-08T00:05:00+0000,2022-11-10T00:05:00+0000,-1,1,-1.32383752649,-2.7407963763,-1.32383752649,2.507777659,EUR+TRY,False,True,
try_only,try_only|2022-11-08T00:00:00+00:00,2022-11-08T00:00:00+0000,2022-11-09T00:00:00+0000,2022-11-09T00:05:00+0000,2022-11-11T00:05:00+0000,1,-1,1.19717688771,-0.798027351671,2.14907580548,1.19717688771,TRY+BRL,True,False,train
try_only,try_only|2022-11-10T00:00:00+00:00,2022-11-10T00:00:00+0000,2022-11-11T00:00:00+0000,2022-11-11T00:05:00+0000,2022-11-13T00:05:00+0000,-1,1,-4.53953198024,-4.99409632056,-4.53953198024,2.39892166065,EUR+TRY,True,False,train
try_only,try_only|2022-11-12T00:00:00+00:00,2022-11-12T00:00:00+0000,2022-11-13T00:00:00+0000,2022-11-13T00:05:00+0000,2022-11-15T00:05:00+0000,1,-1,0.69610985139,0.69610985139,1.37089552411,-1.18595503057,TRY,True,False,train
try_only,try_only|2022-11-14T00:00:00+00:00,2022-11-14T00:00:00+0000,2022-11-15T00:00:00+0000,2022-11-15T00:05:00+0000,2022-11-17T00:05:00+0000,-1,1,-0.317337707344,-0.317337707344,-1.07151361247,2.16029469492,TRY,True,False,train
try_only,try_only|2022-11-20T00:00:00+00:00,2022-11-20T00:00:00+0000,2022-11-21T00:00:00+0000,2022-11-21T00:05:00+0000,2022-11-23T00:05:00+0000,1,-1,0.53749740251,0.0689740643362,1.71191250623,0.53749740251,TRY,True,False,train
try_only,try_only|2022-11-21T00:00:00+00:00,2022-11-21T00:00:00+0000,2022-11-22T00:00:00+0000,2022-11-22T00:05:00+0000,2022-11-24T00:05:00+0000,-1,1,-1.96637447744,1.92033667223,-1.96637447744,-2.36334891442,TRY+BRL,False,True,
try_only,try_only|2022-11-30T00:00:00+00:00,2022-11-30T00:00:00+0000,2022-12-01T00:00:00+0000,2022-12-01T00:05:00+0000,2022-12-03T00:05:00+0000,-1,1,-2.5736274877,-2.5736274877,-1.15453072602,-2.62239920028,EUR+TRY+BRL,True,False,train
try_only,try_only|2022-12-16T00:00:00+00:00,2022-12-16T00:00:00+0000,2022-12-17T00:00:00+0000,2022-12-17T00:05:00+0000,2022-12-19T00:05:00+0000,1,-1,1.47467952345,1.47467952345,2.22017783883,0.469661357647,EUR+TRY,True,False,train
try_only,try_only|2022-12-30T00:00:00+00:00,2022-12-30T00:00:00+0000,2022-12-31T00:00:00+0000,2022-12-31T00:05:00+0000,2023-01-02T00:05:00+0000,1,-1,0.998247820298,-1.18949341253,1.61058805305,0.998247820298,TRY,True,False,
try_only,try_only|2023-01-06T00:00:00+00:00,2023-01-06T00:00:00+0000,2023-01-07T00:00:00+0000,2023-01-07T00:05:00+0000,2023-01-09T00:05:00+0000,1,-1,-2.98424321312,-2.98424321312,1.26749177474,-3.53508263225,TRY,True,False,selection
try_only,try_only|2023-01-08T00:00:00+00:00,2023-01-08T00:00:00+0000,2023-01-09T00:00:00+0000,2023-01-09T00:05:00+0000,2023-01-11T00:05:00+0000,-1,1,-0.432167759125,-0.432167759125,-1.07186409945,0.787851266691,TRY,True,False,selection
try_only,try_only|2023-01-13T00:00:00+00:00,2023-01-13T00:00:00+0000,2023-01-14T00:00:00+0000,2023-01-14T00:05:00+0000,2023-01-16T00:05:00+0000,1,-1,0.80588177188,0.80588177188,1.15454133915,-1.25767475703,TRY,True,False,selection
try_only,try_only|2023-01-16T00:00:00+00:00,2023-01-16T00:00:00+0000,2023-01-17T00:00:00+0000,2023-01-17T00:05:00+0000,2023-01-19T00:05:00+0000,1,-1,1.06523950503,0.00727889103015,1.45186386007,1.06523950503,TRY+BRL,True,False,selection
try_only,try_only|2023-01-20T00:00:00+00:00,2023-01-20T00:00:00+0000,2023-01-21T00:00:00+0000,2023-01-21T00:05:00+0000,2023-01-23T00:05:00+0000,-1,1,-0.394863176322,-0.394863176322,-1.66902139828,0.229489906775,TRY,True,False,selection
try_only,try_only|2023-01-24T00:00:00+00:00,2023-01-24T00:00:00+0000,2023-01-25T00:00:00+0000,2023-01-25T00:05:00+0000,2023-01-27T00:05:00+0000,1,-1,-0.299300282592,-0.299300282592,1.46699556368,-1.24297524549,TRY,True,False,selection
try_only,try_only|2023-01-25T00:00:00+00:00,2023-01-25T00:00:00+0000,2023-01-26T00:00:00+0000,2023-01-26T00:05:00+0000,2023-01-28T00:05:00+0000,-1,1,-1.38464968741,-0.915453015426,-1.38464968741,-2.24925669029,TRY+BRL,False,True,
try_only,try_only|2023-01-29T00:00:00+00:00,2023-01-29T00:00:00+0000,2023-01-30T00:00:00+0000,2023-01-30T00:05:00+0000,2023-02-01T00:05:00+0000,-1,1,-0.460749131828,-0.173289943375,-1.81913534878,-0.460749131828,TRY,True,False,selection
try_only,try_only|2023-01-30T00:00:00+00:00,2023-01-30T00:00:00+0000,2023-01-31T00:00:00+0000,2023-01-31T00:05:00+0000,2023-02-02T00:05:00+0000,1,-1,0.742752897838,0.742752897838,2.08259449052,0.531617675562,TRY,False,True,
try_only,try_only|2023-01-31T00:00:00+00:00,2023-01-31T00:00:00+0000,2023-02-01T00:00:00+0000,2023-02-01T00:05:00+0000,2023-02-03T00:05:00+0000,-1,1,-1.22048641861,-0.247959997977,-1.28695780085,-1.22048641861,TRY+BRL,True,False,selection
try_only,try_only|2023-02-05T00:00:00+00:00,2023-02-05T00:00:00+0000,2023-02-06T00:00:00+0000,2023-02-06T00:05:00+0000,2023-02-08T00:05:00+0000,1,-1,0.921731691632,0.49588760743,1.42554428857,0.921731691632,TRY,True,False,selection
try_only,try_only|2023-02-07T00:00:00+00:00,2023-02-07T00:00:00+0000,2023-02-08T00:00:00+0000,2023-02-08T00:05:00+0000,2023-02-10T00:05:00+0000,-1,1,0.0355904747742,0.0355904747742,-3.38804757037,0.477178415289,TRY,True,False,selection
try_only,try_only|2023-02-08T00:00:00+00:00,2023-02-08T00:00:00+0000,2023-02-09T00:00:00+0000,2023-02-09T00:05:00+0000,2023-02-11T00:05:00+0000,1,-1,0.581345638166,0.223112405698,1.7782262507,0.581345638166,TRY,False,True,
try_only,try_only|2023-02-11T00:00:00+00:00,2023-02-11T00:00:00+0000,2023-02-12T00:00:00+0000,2023-02-12T00:05:00+0000,2023-02-14T00:05:00+0000,-1,1,-0.302595841148,-0.302595841148,-1.32503617633,0.356147128708,TRY,True,False,selection
try_only,try_only|2023-02-14T00:00:00+00:00,2023-02-14T00:00:00+0000,2023-02-15T00:00:00+0000,2023-02-15T00:05:00+0000,2023-02-17T00:05:00+0000,-1,1,-0.242204380304,-0.242204380304,-2.04043887476,0.215662590101,TRY,True,False,selection
try_only,try_only|2023-02-16T00:00:00+00:00,2023-02-16T00:00:00+0000,2023-02-17T00:00:00+0000,2023-02-17T00:05:00+0000,2023-02-19T00:05:00+0000,1,-1,0.994334771437,0.893228748497,2.34162473469,0.994334771437,TRY,True,False,selection
try_only,try_only|2023-02-21T00:00:00+00:00,2023-02-21T00:00:00+0000,2023-02-22T00:00:00+0000,2023-02-22T00:05:00+0000,2023-02-24T00:05:00+0000,1,-1,0.959320380276,0.959320380276,1.00539392771,0.527124455622,TRY,True,False,selection
try_only,try_only|2023-02-24T00:00:00+00:00,2023-02-24T00:00:00+0000,2023-02-25T00:00:00+0000,2023-02-25T00:05:00+0000,2023-02-27T00:05:00+0000,1,-1,1.63573814269,1.55415161957,1.63573814269,2.04528236584,EUR+TRY+BRL,True,False,selection
try_only,try_only|2023-02-27T00:00:00+00:00,2023-02-27T00:00:00+0000,2023-02-28T00:00:00+0000,2023-02-28T00:05:00+0000,2023-03-02T00:05:00+0000,-1,1,-0.156598359513,-0.156598359513,-1.62778869809,0.0113665260248,TRY,True,False,selection
try_only,try_only|2023-03-03T00:00:00+00:00,2023-03-03T00:00:00+0000,2023-03-04T00:00:00+0000,2023-03-04T00:05:00+0000,2023-03-06T00:05:00+0000,1,-1,0.582598852736,0.48241836389,2.65811970405,0.582598852736,TRY,True,False,selection
try_only,try_only|2023-03-06T00:00:00+00:00,2023-03-06T00:00:00+0000,2023-03-07T00:00:00+0000,2023-03-07T00:05:00+0000,2023-03-09T00:05:00+0000,-1,1,-1.57164222765,-2.17135865821,-1.53466172996,-1.57164222765,EUR+TRY+BRL,True,False,selection
try_only,try_only|2023-03-08T00:00:00+00:00,2023-03-08T00:00:00+0000,2023-03-09T00:00:00+0000,2023-03-09T00:05:00+0000,2023-03-11T00:05:00+0000,1,-1,0.0422126764078,0.0422126764078,1.66499289204,-1.57357240551,TRY,True,False,selection
try_only,try_only|2023-03-10T00:00:00+00:00,2023-03-10T00:00:00+0000,2023-03-11T00:00:00+0000,2023-03-11T00:05:00+0000,2023-03-13T00:05:00+0000,1,-1,1.30165128814,-2.21964270006,1.30165128814,1.66036835007,TRY+BRL,True,False,selection
try_only,try_only|2023-03-12T00:00:00+00:00,2023-03-12T00:00:00+0000,2023-03-13T00:00:00+0000,2023-03-13T00:05:00+0000,2023-03-15T00:05:00+0000,-1,1,1.82790692365,2.15367109553,-3.28120412366,1.82790692365,TRY,True,False,selection
try_only,try_only|2023-03-14T00:00:00+00:00,2023-03-14T00:00:00+0000,2023-03-15T00:00:00+0000,2023-03-15T00:05:00+0000,2023-03-17T00:05:00+0000,1,-1,1.1965835541,0.788176778693,1.1965835541,1.58586244744,TRY+BRL,True,False,selection
try_only,try_only|2023-03-16T00:00:00+00:00,2023-03-16T00:00:00+0000,2023-03-17T00:00:00+0000,2023-03-17T00:05:00+0000,2023-03-19T00:05:00+0000,-1,1,-1.04557233469,-0.352214681247,-1.04557233469,-1.27762404205,TRY+BRL,True,False,selection
try_only,try_only|2023-03-18T00:00:00+00:00,2023-03-18T00:00:00+0000,2023-03-19T00:00:00+0000,2023-03-19T00:05:00+0000,2023-03-21T00:05:00+0000,1,-1,0.433751052833,0.433751052833,1.32352149021,-0.821023609216,TRY,True,False,selection
try_only,try_only|2023-03-20T00:00:00+00:00,2023-03-20T00:00:00+0000,2023-03-21T00:00:00+0000,2023-03-21T00:05:00+0000,2023-03-23T00:05:00+0000,1,-1,-0.0681704946385,-1.34407122345,1.03101501724,-0.0681704946385,TRY,True,False,selection
try_only,try_only|2023-03-22T00:00:00+00:00,2023-03-22T00:00:00+0000,2023-03-23T00:00:00+0000,2023-03-23T00:05:00+0000,2023-03-25T00:05:00+0000,1,-1,0.269293469011,-1.66943222973,2.12163169601,0.269293469011,TRY,True,False,selection
try_only,try_only|2023-03-23T00:00:00+00:00,2023-03-23T00:00:00+0000,2023-03-24T00:00:00+0000,2023-03-24T00:05:00+0000,2023-03-26T00:05:00+0000,-1,1,-0.448749220621,-0.448749220621,-1.86603685935,0.127557964366,TRY,False,True,
try_only,try_only|2023-03-24T00:00:00+00:00,2023-03-24T00:00:00+0000,2023-03-25T00:00:00+0000,2023-03-25T00:05:00+0000,2023-03-27T00:05:00+0000,1,-1,2.50358962024,2.50358962024,2.73219913808,-0.320032802437,EUR+TRY,True,False,selection
try_only,try_only|2023-03-26T00:00:00+00:00,2023-03-26T00:00:00+0000,2023-03-27T00:00:00+0000,2023-03-27T00:05:00+0000,2023-03-29T00:05:00+0000,-1,1,-1.07678064695,-1.14752114384,-1.07678064695,-0.37048304556,EUR+TRY,True,False,selection
try_only,try_only|2023-03-28T00:00:00+00:00,2023-03-28T00:00:00+0000,2023-03-29T00:00:00+0000,2023-03-29T00:05:00+0000,2023-03-31T00:05:00+0000,-1,1,-1.88815330363,-1.88815330363,-1.17149548744,-1.9683088834,EUR+TRY+BRL,True,False,selection
try_only,try_only|2023-04-02T00:00:00+00:00,2023-04-02T00:00:00+0000,2023-04-03T00:00:00+0000,2023-04-03T00:05:00+0000,2023-04-05T00:05:00+0000,1,-1,1.19197127871,1.24851981412,1.19197127871,0.514498072344,EUR+TRY,True,False,selection
try_only,try_only|2023-04-06T00:00:00+00:00,2023-04-06T00:00:00+0000,2023-04-07T00:00:00+0000,2023-04-07T00:05:00+0000,2023-04-09T00:05:00+0000,1,-1,0.901377053707,-0.0420951371333,1.68245315923,0.901377053707,TRY,True,False,selection
try_only,try_only|2023-04-10T00:00:00+00:00,2023-04-10T00:00:00+0000,2023-04-11T00:00:00+0000,2023-04-11T00:05:00+0000,2023-04-13T00:05:00+0000,-1,1,-0.363895387557,0.499570485077,-1.47480872133,-0.363895387557,TRY,True,False,selection
try_only,try_only|2023-04-11T00:00:00+00:00,2023-04-11T00:00:00+0000,2023-04-12T00:00:00+0000,2023-04-12T00:05:00+0000,2023-04-14T00:05:00+0000,1,-1,0.116977201761,0.116977201761,1.07125189592,-1.56093798511,TRY,False,True,
try_only,try_only|2023-04-14T00:00:00+00:00,2023-04-14T00:00:00+0000,2023-04-15T00:00:00+0000,2023-04-15T00:05:00+0000,2023-04-17T00:05:00+0000,1,-1,0.798230212315,0.798230212315,2.3972921034,-0.237663658834,TRY,True,False,selection
try_only,try_only|2023-04-17T00:00:00+00:00,2023-04-17T00:00:00+0000,2023-04-18T00:00:00+0000,2023-04-18T00:05:00+0000,2023-04-20T00:05:00+0000,1,-1,0.911500024487,0.911500024487,1.78392253726,-0.189641253243,TRY,True,False,selection
try_only,try_only|2023-04-19T00:00:00+00:00,2023-04-19T00:00:00+0000,2023-04-20T00:00:00+0000,2023-04-20T00:05:00+0000,2023-04-22T00:05:00+0000,1,-1,4.16919557378,0.844234086936,14.207728831,4.16919557378,TRY+BRL,True,False,selection
try_only,try_only|2023-04-24T00:00:00+00:00,2023-04-24T00:00:00+0000,2023-04-25T00:00:00+0000,2023-04-25T00:05:00+0000,2023-04-27T00:05:00+0000,-1,1,-1.2981294315,-1.2981294315,-8.51033539892,-1.18652225308,EUR+TRY+BRL,True,False,selection
try_only,try_only|2023-04-27T00:00:00+00:00,2023-04-27T00:00:00+0000,2023-04-28T00:00:00+0000,2023-04-28T00:05:00+0000,2023-04-30T00:05:00+0000,-1,1,-1.77878735832,0.124104592563,-1.77878735832,-2.72225043574,TRY+BRL,True,False,selection
try_only,try_only|2023-04-28T00:00:00+00:00,2023-04-28T00:00:00+0000,2023-04-29T00:00:00+0000,2023-04-29T00:05:00+0000,2023-05-01T00:05:00+0000,1,-1,0.921045910106,0.292568477327,3.28531915863,0.921045910106,TRY,False,True,
try_only,try_only|2023-05-02T00:00:00+00:00,2023-05-02T00:00:00+0000,2023-05-03T00:00:00+0000,2023-05-03T00:05:00+0000,2023-05-05T00:05:00+0000,-1,1,-0.952274458979,-0.952274458979,-2.1965183629,0.491614031687,TRY,True,False,selection
try_only,try_only|2023-05-04T00:00:00+00:00,2023-05-04T00:00:00+0000,2023-05-05T00:00:00+0000,2023-05-05T00:05:00+0000,2023-05-07T00:05:00+0000,1,-1,1.272134059,1.272134059,1.40653274738,-0.577539232784,EUR+TRY,True,False,selection
try_only,try_only|2023-05-08T00:00:00+00:00,2023-05-08T00:00:00+0000,2023-05-09T00:00:00+0000,2023-05-09T00:05:00+0000,2023-05-11T00:05:00+0000,1,-1,1.09100600199,0.884706131313,2.61032101107,1.09100600199,TRY+BRL,True,False,selection
try_only,try_only|2023-05-11T00:00:00+00:00,2023-05-11T00:00:00+0000,2023-05-12T00:00:00+0000,2023-05-12T00:05:00+0000,2023-05-14T00:05:00+0000,1,-1,1.3752997568,1.3752997568,8.16343981411,-0.0577230435229,EUR+TRY,True,False,selection
try_only,try_only|2023-05-13T00:00:00+00:00,2023-05-13T00:00:00+0000,2023-05-14T00:00:00+0000,2023-05-14T00:05:00+0000,2023-05-16T00:05:00+0000,-1,1,-0.523010387364,0.958613611879,-5.08493459867,-0.523010387364,TRY,True,False,selection
try_only,try_only|2023-05-15T00:00:00+00:00,2023-05-15T00:00:00+0000,2023-05-16T00:00:00+0000,2023-05-16T00:05:00+0000,2023-05-18T00:05:00+0000,-1,1,-1.54725880521,-0.448546077791,-9.1348484755,-1.54725880521,TRY+BRL,True,False,selection
try_only,try_only|2023-05-18T00:00:00+00:00,2023-05-18T00:00:00+0000,2023-05-19T00:00:00+0000,2023-05-19T00:05:00+0000,2023-05-21T00:05:00+0000,1,-1,1.60833609946,1.60833609946,3.12173660597,1.20918854427,EUR+TRY+BRL,True,False,selection
try_only,try_only|2023-05-24T00:00:00+00:00,2023-05-24T00:00:00+0000,2023-05-25T00:00:00+0000,2023-05-25T00:05:00+0000,2023-05-27T00:05:00+0000,1,-1,1.13153737015,1.13153737015,3.74948910671,-0.253565173929,EUR+TRY,True,False,selection
try_only,try_only|2023-05-28T00:00:00+00:00,2023-05-28T00:00:00+0000,2023-05-29T00:00:00+0000,2023-05-29T00:05:00+0000,2023-05-31T00:05:00+0000,-1,1,-0.444088083712,-0.444088083712,-2.54764466881,-0.37822520155,TRY,True,False,selection
try_only,try_only|2023-05-30T00:00:00+00:00,2023-05-30T00:00:00+0000,2023-05-31T00:00:00+0000,2023-05-31T00:05:00+0000,2023-06-02T00:05:00+0000,1,-1,0.714834073067,-0.266738752248,1.27333030169,0.714834073067,TRY,True,False,selection
try_only,try_only|2023-06-03T00:00:00+00:00,2023-06-03T00:00:00+0000,2023-06-04T00:00:00+0000,2023-06-04T00:05:00+0000,2023-06-06T00:05:00+0000,-1,1,0.0118866781316,0.0118866781316,-2.09278045468,0.707139488298,TRY,True,False,selection
try_only,try_only|2023-06-05T00:00:00+00:00,2023-06-05T00:00:00+0000,2023-06-06T00:00:00+0000,2023-06-06T00:05:00+0000,2023-06-08T00:05:00+0000,1,-1,0.711646666476,0.711646666476,6.38322947958,-1.22721063486,TRY,True,False,selection
try_only,try_only|2023-06-08T00:00:00+00:00,2023-06-08T00:00:00+0000,2023-06-09T00:00:00+0000,2023-06-09T00:05:00+0000,2023-06-11T00:05:00+0000,-1,1,-2.01511626915,-2.01511626915,-2.52141169403,0.206768591277,EUR+TRY,True,False,selection
try_only,try_only|2023-06-09T00:00:00+00:00,2023-06-09T00:00:00+0000,2023-06-10T00:00:00+0000,2023-06-10T00:05:00+0000,2023-06-12T00:05:00+0000,1,-1,0.932697895854,0.932697895854,1.70549966828,-1.62571567862,TRY,False,True,
try_only,try_only|2023-06-12T00:00:00+00:00,2023-06-12T00:00:00+0000,2023-06-13T00:00:00+0000,2023-06-13T00:05:00+0000,2023-06-15T00:05:00+0000,-1,1,-2.22472387375,-1.62187497357,-2.69416764066,-2.22472387375,EUR+TRY+BRL,True,False,selection
try_only,try_only|2023-06-15T00:00:00+00:00,2023-06-15T00:00:00+0000,2023-06-16T00:00:00+0000,2023-06-16T00:05:00+0000,2023-06-18T00:05:00+0000,-1,1,-1.79305480408,-4.38692841887,-1.79305480408,-0.846711175363,EUR+TRY,True,False,selection
try_only,try_only|2023-06-19T00:00:00+00:00,2023-06-19T00:00:00+0000,2023-06-20T00:00:00+0000,2023-06-20T00:05:00+0000,2023-06-22T00:05:00+0000,-1,1,-2.27178808215,0.593264508737,-3.79939775718,-2.27178808215,TRY+BRL,True,False,selection
try_only,try_only|2023-06-22T00:00:00+00:00,2023-06-22T00:00:00+0000,2023-06-23T00:00:00+0000,2023-06-23T00:05:00+0000,2023-06-25T00:05:00+0000,1,-1,1.00687977331,1.00687977331,17.1938328647,0.451068988391,EUR+TRY,True,False,selection
try_only,try_only|2023-06-26T00:00:00+00:00,2023-06-26T00:00:00+0000,2023-06-27T00:00:00+0000,2023-06-27T00:05:00+0000,2023-06-29T00:05:00+0000,1,-1,-0.11662483954,-0.11662483954,8.24085974639,-0.646441236507,TRY,True,False,selection
try_only,try_only|2023-06-28T00:00:00+00:00,2023-06-28T00:00:00+0000,2023-06-29T00:00:00+0000,2023-06-29T00:05:00+0000,2023-07-01T00:05:00+0000,1,-1,2.07012792859,1.33936789777,2.89724052151,2.07012792859,EUR+TRY+BRL,True,False,selection
try_only,try_only|2023-06-30T00:00:00+00:00,2023-06-30T00:00:00+0000,2023-07-01T00:00:00+0000,2023-07-01T00:05:00+0000,2023-07-03T00:05:00+0000,-1,1,-1.80684559041,-1.68389901082,-1.80684559041,-2.02163302555,EUR+TRY+BRL,True,False,selection
try_only,try_only|2023-07-13T00:00:00+00:00,2023-07-13T00:00:00+0000,2023-07-14T00:00:00+0000,2023-07-14T00:05:00+0000,2023-07-16T00:05:00+0000,-1,1,-2.40298598461,-2.40298598461,-4.09745930198,-2.05503772361,EUR+TRY+BRL,True,False,selection
try_only,try_only|2023-07-14T00:00:00+00:00,2023-07-14T00:00:00+0000,2023-07-15T00:00:00+0000,2023-07-15T00:05:00+0000,2023-07-17T00:05:00+0000,1,-1,1.43158708805,0.136859087982,4.41265789076,1.43158708805,TRY+BRL,False,True,
try_only,try_only|2023-07-18T00:00:00+00:00,2023-07-18T00:00:00+0000,2023-07-19T00:00:00+0000,2023-07-19T00:05:00+0000,2023-07-21T00:05:00+0000,1,-1,0.0788517273514,0.0788517273514,6.22305767438,-0.252490482031,TRY,True,False,selection
try_only,try_only|2023-07-19T00:00:00+00:00,2023-07-19T00:00:00+0000,2023-07-20T00:00:00+0000,2023-07-20T00:05:00+0000,2023-07-22T00:05:00+0000,-1,1,-0.0872667922311,0.722396248494,-1.5775455346,-0.0872667922311,TRY,False,True,
try_only,try_only|2023-08-15T00:00:00+00:00,2023-08-15T00:00:00+0000,2023-08-16T00:00:00+0000,2023-08-16T00:05:00+0000,2023-08-18T00:05:00+0000,1,-1,1.20274699297,-1.97074954662,1.20274699297,1.44415862765,TRY+BRL,True,False,selection
try_only,try_only|2023-08-17T00:00:00+00:00,2023-08-17T00:00:00+0000,2023-08-18T00:00:00+0000,2023-08-18T00:05:00+0000,2023-08-20T00:05:00+0000,1,-1,1.51456363596,0.934473828606,2.33748981398,1.51456363596,TRY+BRL,True,False,selection
try_only,try_only|2023-08-24T00:00:00+00:00,2023-08-24T00:00:00+0000,2023-08-25T00:00:00+0000,2023-08-25T00:05:00+0000,2023-08-27T00:05:00+0000,-1,1,0.125974524003,1.13018868909,-7.58356023662,0.125974524003,TRY,True,False,selection
try_only,try_only|2023-08-25T00:00:00+00:00,2023-08-25T00:00:00+0000,2023-08-26T00:00:00+0000,2023-08-26T00:05:00+0000,2023-08-28T00:05:00+0000,1,-1,0.638381745995,0.638381745995,3.79376992005,-0.0438802799503,TRY,False,True,
try_only,try_only|2023-08-27T00:00:00+00:00,2023-08-27T00:00:00+0000,2023-08-28T00:00:00+0000,2023-08-28T00:05:00+0000,2023-08-30T00:05:00+0000,-1,1,-0.184867236556,-0.184867236556,-1.15189882853,-0.0268637335581,TRY,True,False,selection
try_only,try_only|2023-09-01T00:00:00+00:00,2023-09-01T00:00:00+0000,2023-09-02T00:00:00+0000,2023-09-02T00:05:00+0000,2023-09-04T00:05:00+0000,1,-1,1.48076167708,1.569038788,1.48076167708,-0.374495169101,EUR+TRY,True,False,selection
try_only,try_only|2023-09-08T00:00:00+00:00,2023-09-08T00:00:00+0000,2023-09-09T00:00:00+0000,2023-09-09T00:05:00+0000,2023-09-11T00:05:00+0000,1,-1,0.365387786701,0.203375003726,1.11567498967,0.365387786701,TRY,True,False,selection
try_only,try_only|2023-09-23T00:00:00+00:00,2023-09-23T00:00:00+0000,2023-09-24T00:00:00+0000,2023-09-24T00:05:00+0000,2023-09-26T00:05:00+0000,1,-1,0.0177875240322,0.0177875240322,1.28333919634,0.00120409759219,TRY,True,False,selection
try_only,try_only|2023-10-01T00:00:00+00:00,2023-10-01T00:00:00+0000,2023-10-02T00:00:00+0000,2023-10-02T00:05:00+0000,2023-10-04T00:05:00+0000,-1,1,-0.0450969193744,0.0878791410159,-1.25046473872,-0.0450969193744,TRY,True,False,selection
try_only,try_only|2023-10-03T00:00:00+00:00,2023-10-03T00:00:00+0000,2023-10-04T00:00:00+0000,2023-10-04T00:05:00+0000,2023-10-06T00:05:00+0000,1,-1,1.12634029638,0.290598108088,1.12634029638,3.87940503291,TRY+BRL,True,False,selection
try_only,try_only|2023-10-09T00:00:00+00:00,2023-10-09T00:00:00+0000,2023-10-10T00:00:00+0000,2023-10-10T00:05:00+0000,2023-10-12T00:05:00+0000,1,-1,-0.573719114785,-0.573719114785,1.48224942749,-1.47740592955,TRY,True,False,selection
try_only,try_only|2023-10-10T00:00:00+00:00,2023-10-10T00:00:00+0000,2023-10-11T00:00:00+0000,2023-10-11T00:05:00+0000,2023-10-13T00:05:00+0000,-1,1,-1.32146552879,-0.828435287813,-1.32146552879,-3.87135823206,TRY+BRL,False,True,
try_only,try_only|2023-10-13T00:00:00+00:00,2023-10-13T00:00:00+0000,2023-10-14T00:00:00+0000,2023-10-14T00:05:00+0000,2023-10-16T00:05:00+0000,1,-1,1.20134680502,0.855788565877,1.20134680502,1.22621054371,TRY+BRL,True,False,selection
try_only,try_only|2023-10-20T00:00:00+00:00,2023-10-20T00:00:00+0000,2023-10-21T00:00:00+0000,2023-10-21T00:05:00+0000,2023-10-23T00:05:00+0000,1,-1,-0.268518229358,-0.397002637083,1.29188734709,-0.268518229358,TRY,True,False,selection
try_only,try_only|2023-10-22T00:00:00+00:00,2023-10-22T00:00:00+0000,2023-10-23T00:00:00+0000,2023-10-23T00:05:00+0000,2023-10-25T00:05:00+0000,-1,1,-0.166076155887,-0.166076155887,-1.81858123674,-0.0402256097697,TRY,True,False,selection
try_only,try_only|2023-10-24T00:00:00+00:00,2023-10-24T00:00:00+0000,2023-10-25T00:00:00+0000,2023-10-25T00:05:00+0000,2023-10-27T00:05:00+0000,1,-1,1.01341170808,2.34907214686,1.01341170808,-0.803369744073,EUR+TRY,True,False,selection
try_only,try_only|2023-10-27T00:00:00+00:00,2023-10-27T00:00:00+0000,2023-10-28T00:00:00+0000,2023-10-28T00:05:00+0000,2023-10-30T00:05:00+0000,1,-1,1.13183253382,-0.138154421861,1.70219848145,1.13183253382,TRY+BRL,True,False,selection
try_only,try_only|2023-10-29T00:00:00+00:00,2023-10-29T00:00:00+0000,2023-10-30T00:00:00+0000,2023-10-30T00:05:00+0000,2023-11-01T00:05:00+0000,-1,1,-0.756966721684,0.168060972045,-1.11707421,-0.756966721684,TRY,True,False,selection
try_only,try_only|2023-11-03T00:00:00+00:00,2023-11-03T00:00:00+0000,2023-11-04T00:00:00+0000,2023-11-04T00:05:00+0000,2023-11-06T00:05:00+0000,1,-1,-2.85455082755,-3.28046057027,1.34136057203,-2.85455082755,TRY,True,False,selection
try_only,try_only|2023-11-05T00:00:00+00:00,2023-11-05T00:00:00+0000,2023-11-06T00:00:00+0000,2023-11-06T00:05:00+0000,2023-11-08T00:05:00+0000,1,-1,-0.00503278515563,-0.425264121832,1.00522674922,-0.00503278515563,TRY,True,False,selection
try_only,try_only|2023-11-06T00:00:00+00:00,2023-11-06T00:00:00+0000,2023-11-07T00:00:00+0000,2023-11-07T00:05:00+0000,2023-11-09T00:05:00+0000,-1,1,-1.58392092595,0.0933952098768,-1.73207039472,-1.58392092595,TRY+BRL,False,True,
try_only,try_only|2023-11-07T00:00:00+00:00,2023-11-07T00:00:00+0000,2023-11-08T00:00:00+0000,2023-11-08T00:05:00+0000,2023-11-10T00:05:00+0000,1,-1,0.802993840306,0.802993840306,1.51326024047,-1.05941423174,TRY,True,False,selection
try_only,try_only|2023-11-09T00:00:00+00:00,2023-11-09T00:00:00+0000,2023-11-10T00:00:00+0000,2023-11-10T00:05:00+0000,2023-11-12T00:05:00+0000,1,-1,1.3272080871,1.19745480539,1.3272080871,1.53349779544,EUR+TRY+BRL,True,False,selection
try_only,try_only|2023-11-11T00:00:00+00:00,2023-11-11T00:00:00+0000,2023-11-12T00:00:00+0000,2023-11-12T00:05:00+0000,2023-11-14T00:05:00+0000,1,-1,0.53015892522,0.344107582473,1.27758105788,0.53015892522,TRY,True,False,selection
try_only,try_only|2023-11-15T00:00:00+00:00,2023-11-15T00:00:00+0000,2023-11-16T00:00:00+0000,2023-11-16T00:05:00+0000,2023-11-18T00:05:00+0000,-1,1,-0.941527356579,0.78328346219,-1.35459869783,-0.941527356579,TRY,True,False,selection
try_only,try_only|2023-11-16T00:00:00+00:00,2023-11-16T00:00:00+0000,2023-11-17T00:00:00+0000,2023-11-17T00:05:00+0000,2023-11-19T00:05:00+0000,1,-1,0.62415999048,0.0194690236621,1.87912031404,0.62415999048,TRY,False,True,
try_only,try_only|2023-11-19T00:00:00+00:00,2023-11-19T00:00:00+0000,2023-11-20T00:00:00+0000,2023-11-20T00:05:00+0000,2023-11-22T00:05:00+0000,-1,1,-0.827219392133,-0.581758266741,-2.07414787306,-0.827219392133,TRY,True,False,selection
try_only,try_only|2023-11-25T00:00:00+00:00,2023-11-25T00:00:00+0000,2023-11-26T00:00:00+0000,2023-11-26T00:05:00+0000,2023-11-28T00:05:00+0000,-1,1,-0.973607897558,-0.973607897558,-1.30501927141,0.0898275885718,TRY,True,False,selection
try_only,try_only|2023-12-14T00:00:00+00:00,2023-12-14T00:00:00+0000,2023-12-15T00:00:00+0000,2023-12-15T00:05:00+0000,2023-12-17T00:05:00+0000,-1,1,-3.27047189357,-3.92152891763,-3.27047189357,-1.24496148084,EUR+TRY+BRL,True,False,selection
try_only,try_only|2023-12-15T00:00:00+00:00,2023-12-15T00:00:00+0000,2023-12-16T00:00:00+0000,2023-12-16T00:05:00+0000,2023-12-18T00:05:00+0000,1,-1,3.02812130856,3.02812130856,4.2575665131,2.03307676639,EUR+TRY+BRL,False,True,
try_only,try_only|2023-12-20T00:00:00+00:00,2023-12-20T00:00:00+0000,2023-12-21T00:00:00+0000,2023-12-21T00:05:00+0000,2023-12-23T00:05:00+0000,-1,1,1.23351549792,1.23351549792,-1.85388778245,2.20538905869,TRY,True,False,selection
try_only,try_only|2023-12-22T00:00:00+00:00,2023-12-22T00:00:00+0000,2023-12-23T00:00:00+0000,2023-12-23T00:05:00+0000,2023-12-25T00:05:00+0000,1,-1,0.327210285653,0.327210285653,1.9675409684,-1.32541454368,TRY,True,False,selection
try_only,try_only|2023-12-24T00:00:00+00:00,2023-12-24T00:00:00+0000,2023-12-25T00:00:00+0000,2023-12-25T00:05:00+0000,2023-12-27T00:05:00+0000,1,-1,0.860673199629,0.860673199629,1.33883038218,0.290370178673,TRY,True,False,selection
try_only,try_only|2023-12-26T00:00:00+00:00,2023-12-26T00:00:00+0000,2023-12-27T00:00:00+0000,2023-12-27T00:05:00+0000,2023-12-29T00:05:00+0000,1,-1,-1.39563962186,-1.39563962186,4.02450116259,-4.63582055042,TRY,True,False,selection
try_only,try_only|2023-12-27T00:00:00+00:00,2023-12-27T00:00:00+0000,2023-12-28T00:00:00+0000,2023-12-28T00:05:00+0000,2023-12-30T00:05:00+0000,-1,1,-1.45390237341,-2.06182210128,-1.45390237341,0.565453327186,EUR+TRY,False,True,
try_only,try_only|2023-12-29T00:00:00+00:00,2023-12-29T00:00:00+0000,2023-12-30T00:00:00+0000,2023-12-30T00:05:00+0000,2024-01-01T00:05:00+0000,1,-1,1.08726174451,1.08726174451,7.28471474713,0.987890534833,EUR+TRY,True,False,
