{
  "config": {
    "input_jsonl": "results/text_state_action_value_poc.jsonl",
    "output": "results/text_state_action_value_poc_baseline_report.json",
    "positive_label": "TAKE",
    "min_count": 8,
    "smoothing": 2.0,
    "top_k_tokens": 8
  },
  "train": {
    "rows": 5484,
    "positive_rate": 0.15444930707512763,
    "auc": 0.6934619872647987,
    "top_19pct": {
      "threshold": 0.48576358125943264,
      "selected": 1097,
      "precision": 0.28258887876025524,
      "recall": 0.3659976387249115
    },
    "top_9pct": {
      "threshold": 0.652633605895819,
      "selected": 549,
      "precision": 0.30418943533697634,
      "recall": 0.19716646989374262
    },
    "top_5pct": {
      "threshold": 0.7573707847061969,
      "selected": 275,
      "precision": 0.3236363636363636,
      "recall": 0.1050767414403778
    }
  },
  "eval": {
    "rows": 1542,
    "positive_rate": 0.11219195849546044,
    "auc": 0.6914417933008778,
    "top_19pct": {
      "threshold": 0.2705357099365971,
      "selected": 309,
      "precision": 0.20711974110032363,
      "recall": 0.3699421965317919
    },
    "top_9pct": {
      "threshold": 0.4680777216411934,
      "selected": 155,
      "precision": 0.2064516129032258,
      "recall": 0.18497109826589594
    },
    "top_5pct": {
      "threshold": 0.6040581824771286,
      "selected": 78,
      "precision": 0.2564102564102564,
      "recall": 0.11560693641618497
    }
  },
  "learned_token_count": 194,
  "top_positive_tokens": [
    [
      "state.oscillator_pressure=strong_down",
      0.735160908603349
    ],
    [
      "cross.daily_context=strong_up|hold=288",
      0.5600891145129675
    ],
    [
      "cross.volatility=high|hold=288",
      0.5250393585557057
    ],
    [
      "state.intraday_trend=strong_down",
      0.513597109313371
    ],
    [
      "cross.weekly_context=strong_up|hold=288",
      0.474099241600426
    ],
    [
      "cross.volatility=medium|hold=288",
      0.44498551402255887
    ],
    [
      "cross.weekly_context=strong_down|hold=288",
      0.44064728745066173
    ],
    [
      "cross.volatility=high|side=LONG",
      0.4363271444079687
    ],
    [
      "cross.daily_context=strong_down|hold=288",
      0.43435790838632804
    ],
    [
      "state.kimchi_pressure=strong_up",
      0.40354183006516325
    ],
    [
      "cross.weekly_context=flat|hold=288",
      0.39153791120339987
    ],
    [
      "candidate.hold=288",
      0.38484067755620904
    ],
    [
      "cross.candidate_alignment_short=strong_down|side=LONG",
      0.37165758509039765
    ],
    [
      "state.kimchi_pressure=up",
      0.3676594474273189
    ],
    [
      "state.window_drawdown=medium",
      0.36612073626968755
    ],
    [
      "state.session_trend=strong_down",
      0.36246157721198236
    ],
    [
      "cross.candidate_alignment_short=down|side=LONG",
      0.3524423466695538
    ],
    [
      "cross.candidate_alignment_short=up|side=LONG",
      0.35171565676844807
    ],
    [
      "state.short_trend=strong_down",
      0.33385907418202254
    ],
    [
      "cross.volatility=high|hold=144",
      0.3215367948591611
    ],
    [
      "cross.daily_context=strong_down|side=LONG",
      0.3143630001831274
    ],
    [
      "cross.candidate_alignment_daily=strong_down|side=LONG",
      0.3143630001831274
    ],
    [
      "state.candidate_alignment_short=strong_down",
      0.31218817184550174
    ],
    [
      "cross.daily_context=up|hold=288",
      0.3103688677001026
    ],
    [
      "cross.daily_context=flat|hold=288",
      0.3103074411780159
    ],
    [
      "state.four_hour_context=strong_down",
      0.30078271632850895
    ],
    [
      "state.volatility=high",
      0.3003739728558826
    ],
    [
      "cross.candidate_alignment_short=strong_up|side=SHORT",
      0.2893367297489794
    ],
    [
      "state.taker_imbalance=flat",
      0.2875474136355495
    ],
    [
      "cross.daily_context=strong_down|hold=144",
      0.2786966500392197
    ]
  ],
  "top_negative_tokens": [
    [
      "cross.volatility=low|hold=72",
      -1.4793686304415872
    ],
    [
      "cross.weekly_context=up|hold=72",
      -1.478615396318669
    ],
    [
      "cross.weekly_context=down|hold=72",
      -1.3674476923580214
    ],
    [
      "cross.daily_context=flat|hold=72",
      -1.1805608187065588
    ],
    [
      "cross.daily_context=down|hold=72",
      -1.0177370576258717
    ],
    [
      "cross.weekly_context=flat|hold=72",
      -0.9826855892042546
    ],
    [
      "cross.daily_context=up|hold=72",
      -0.9251883729605334
    ],
    [
      "candidate.hold=72",
      -0.6932336353522075
    ],
    [
      "cross.volatility=medium|hold=72",
      -0.6297016585948324
    ],
    [
      "cross.weekly_context=up|side=SHORT",
      -0.6206875340221645
    ],
    [
      "cross.volatility=low|hold=144",
      -0.517085919866008
    ],
    [
      "cross.weekly_context=strong_up|hold=72",
      -0.47452393991359704
    ],
    [
      "cross.weekly_context=down|side=LONG",
      -0.45769028476537593
    ],
    [
      "cross.daily_context=strong_up|hold=72",
      -0.4411000128880861
    ],
    [
      "cross.volatility=low|side=LONG",
      -0.4264678356021339
    ],
    [
      "state.volatility=low",
      -0.41379545256936023
    ],
    [
      "cross.volatility=low|side=SHORT",
      -0.39990898800923635
    ],
    [
      "cross.daily_context=flat|side=SHORT",
      -0.3436586249497218
    ],
    [
      "cross.candidate_alignment_daily=flat|side=SHORT",
      -0.3436586249497218
    ],
    [
      "state.weekly_context=up",
      -0.3410799432538603
    ],
    [
      "state.external_availability=missing_or_partial",
      -0.32861452293886506
    ],
    [
      "cross.weekly_context=up|hold=144",
      -0.32603522669139284
    ],
    [
      "cross.candidate_alignment_daily=up|side=SHORT",
      -0.31562097091663
    ],
    [
      "cross.daily_context=down|side=SHORT",
      -0.31562097091663
    ],
    [
      "state.dxy_pressure=strong_up",
      -0.3090144841974866
    ],
    [
      "cross.candidate_alignment_short=down|side=SHORT",
      -0.30658404288735464
    ],
    [
      "state.money_flow_pressure=strong_up",
      -0.2980754193856622
    ],
    [
      "state.three_day_context=flat",
      -0.28881589794040047
    ],
    [
      "state.weekly_context=down",
      -0.2797171460103624
    ],
    [
      "cross.weekly_context=strong_down|hold=72",
      -0.2718354675253657
    ]
  ],
  "target_counts": {
    "SKIP": 4184,
    "ABSTAIN": 1822,
    "TAKE": 1020
  }
}