{
  "eval_jsonl": "data/wave_llm_decision_sft_top5_eval_2024h2_2026.jsonl",
  "prediction_report": "results/wave_llm_decision_top5_gemma4_e4b_lora_s50_eval_report.json",
  "by_prediction": {
    "TAKE_FULL": {
      "n": 67,
      "mean_pct": 0.10047446603914274,
      "compound_ret_pct": 5.7255965656058505,
      "positive_rate": 0.417910447761194
    },
    "TAKE_SMALL": {
      "n": 114,
      "mean_pct": 0.3820965545322698,
      "compound_ret_pct": 51.91305563243562,
      "positive_rate": 0.47368421052631576
    }
  },
  "selected_policy_take_full_take_small_half": {
    "n": 181,
    "mean_pct": 0.15752095487824277,
    "compound_ret_pct": 30.873602744231277,
    "positive_rate": 0.4530386740331492
  },
  "selected_policy_non_abstain_full": {
    "n": 181,
    "mean_pct": 0.2778497040955874,
    "compound_ret_pct": 60.61098432843324,
    "positive_rate": 0.4530386740331492
  },
  "selected_policy_take_full_only": {
    "n": 67,
    "mean_pct": 0.10047446603914274,
    "compound_ret_pct": 5.7255965656058505,
    "positive_rate": 0.417910447761194
  },
  "all_rows": {
    "n": 181,
    "mean_pct": 0.2778497040955874,
    "compound_ret_pct": 60.61098432843324,
    "positive_rate": 0.4530386740331492
  },
  "leakage_guard": {
    "uses_predictions_and_realized_eval_rewards_for_reporting_only": true
  }
}