{
  "eval_jsonl": "data/wave_llm_decision_sft_eval_2024h2_2026.jsonl",
  "prediction_report": "results/wave_llm_decision_gemma4_e4b_lora_s30_eval_report.json",
  "by_prediction": {
    "ABSTAIN": {
      "n": 4,
      "mean_pct": -0.250550877630798,
      "compound_ret_pct": -1.00487223174629,
      "positive_rate": 0.25
    },
    "TAKE_FULL": {
      "n": 5,
      "mean_pct": 1.4628044756850955,
      "compound_ret_pct": 7.2850212550928495,
      "positive_rate": 0.6
    },
    "TAKE_SMALL": {
      "n": 33,
      "mean_pct": 0.2607121249381342,
      "compound_ret_pct": 8.529291892752134,
      "positive_rate": 0.48484848484848486
    }
  },
  "selected_policy_take_full_take_small_half": {
    "n": 38,
    "mean_pct": 0.305678222102755,
    "compound_ret_pct": 11.882666901451987,
    "positive_rate": 0.5
  },
  "selected_policy_non_abstain_full": {
    "n": 38,
    "mean_pct": 0.4188821710890501,
    "compound_ret_pct": 16.4356738751408,
    "positive_rate": 0.5
  },
  "selected_policy_take_full_only": {
    "n": 5,
    "mean_pct": 1.4628044756850955,
    "compound_ret_pct": 7.2850212550928495,
    "positive_rate": 0.6
  },
  "all_rows": {
    "n": 42,
    "mean_pct": 0.35512664263954086,
    "compound_ret_pct": 15.26564412052287,
    "positive_rate": 0.47619047619047616
  },
  "leakage_guard": {
    "uses_predictions_and_realized_eval_rewards_for_reporting_only": true
  }
}