{
  "name": "kalman_top10_funding_premium_long_20260713",
  "status": "candidate_strong_research_forward_shadow_top10_family",
  "side": "LONG",
  "base_setup": "long_minimal_funding_premium",
  "hold_bars": 576,
  "stride_bars": 12,
  "entry_delay_bars": 1,
  "state_model": {
    "type": "causal_local_linear_kalman_slope_innovation",
    "q_level": 0.1,
    "q_slope": 0.001,
    "r_obs": 0.5,
    "state_quantiles": [
      0.25,
      0.75
    ],
    "allowed_states": [
      2,
      3,
      8
    ]
  },
  "selection": {
    "policy": "qualifying member of pre-evaluation ranked Top-10 family",
    "pre_evaluation_rank": 4,
    "family_representative_rule": "highest pre-evaluation rank among OOS passers",
    "later_windows_used_to_rank_within_passing_family": false
  },
  "metrics": {
    "test2024": {
      "total_return_pct": 17.00933857998028,
      "cagr_pct": 16.971680207355067,
      "strict_mdd_pct": 3.5798284447082995,
      "cagr_to_strict_mdd": 4.740919982476422,
      "trades": 19
    },
    "eval2025": {
      "total_return_pct": 12.432035694640131,
      "cagr_pct": 12.441059784644292,
      "strict_mdd_pct": 3.9371047665178516,
      "cagr_to_strict_mdd": 3.1599514166974307,
      "trades": 15
    },
    "ytd2026": {
      "total_return_pct": 13.543211777251486,
      "cagr_pct": 35.69071340581158,
      "strict_mdd_pct": 3.483515680142124,
      "cagr_to_strict_mdd": 10.245601479352443,
      "trades": 18
    }
  },
  "cost_stress_bps_per_side": {
    "6": {
      "test2024": {
        "return_pct": 17.00933857998028,
        "cagr_pct": 16.971680207355067,
        "strict_mdd_pct": 3.5798284447082995,
        "ratio": 4.740919982476422,
        "trades": 19,
        "longs": 19,
        "shorts": 0,
        "win_rate": 0.6842105263157895,
        "long_win_rate": 0.6842105263157895,
        "short_win_rate": 0,
        "sharpe_like": 2.184465914226225
      },
      "eval2025": {
        "return_pct": 12.432035694640131,
        "cagr_pct": 12.441059784644292,
        "strict_mdd_pct": 3.9371047665178516,
        "ratio": 3.1599514166974307,
        "trades": 15,
        "longs": 15,
        "shorts": 0,
        "win_rate": 0.5333333333333333,
        "long_win_rate": 0.5333333333333333,
        "short_win_rate": 0,
        "sharpe_like": 1.6022134895935287
      },
      "ytd2026": {
        "return_pct": 13.543211777251486,
        "cagr_pct": 35.69071340581158,
        "strict_mdd_pct": 3.483515680142124,
        "ratio": 10.245601479352443,
        "trades": 18,
        "longs": 18,
        "shorts": 0,
        "win_rate": 0.7222222222222222,
        "long_win_rate": 0.7222222222222222,
        "short_win_rate": 0,
        "sharpe_like": 2.6264424166517935
      }
    },
    "8": {
      "test2024": {
        "return_pct": 16.56539174500353,
        "cagr_pct": 16.528783962991977,
        "strict_mdd_pct": 3.608760282349477,
        "ratio": 4.580183406427579,
        "trades": 19,
        "longs": 19,
        "shorts": 0,
        "win_rate": 0.631578947368421,
        "long_win_rate": 0.631578947368421,
        "short_win_rate": 0,
        "sharpe_like": 2.1326391988815114
      },
      "eval2025": {
        "return_pct": 12.095127284716511,
        "cagr_pct": 12.103893902213425,
        "strict_mdd_pct": 4.023552721667267,
        "ratio": 3.008260296188651,
        "trades": 15,
        "longs": 15,
        "shorts": 0,
        "win_rate": 0.5333333333333333,
        "long_win_rate": 0.5333333333333333,
        "short_win_rate": 0,
        "sharpe_like": 1.5622137223399382
      },
      "ytd2026": {
        "return_pct": 13.13504849224698,
        "cagr_pct": 34.52155454832242,
        "strict_mdd_pct": 3.512476417392385,
        "ratio": 9.828266569245967,
        "trades": 18,
        "longs": 18,
        "shorts": 0,
        "win_rate": 0.7222222222222222,
        "long_win_rate": 0.7222222222222222,
        "short_win_rate": 0,
        "sharpe_like": 2.552876871051352
      }
    },
    "10": {
      "test2024": {
        "return_pct": 16.123085133072877,
        "cagr_pct": 16.08752062269414,
        "strict_mdd_pct": 3.6376863318866803,
        "ratio": 4.422459540196357,
        "trades": 19,
        "longs": 19,
        "shorts": 0,
        "win_rate": 0.631578947368421,
        "long_win_rate": 0.631578947368421,
        "short_win_rate": 0,
        "sharpe_like": 2.080796926966114
      },
      "eval2025": {
        "return_pct": 11.759194883666169,
        "cagr_pct": 11.767705465617627,
        "strict_mdd_pct": 4.109931518456566,
        "ratio": 2.8632363855144827,
        "trades": 15,
        "longs": 15,
        "shorts": 0,
        "win_rate": 0.5333333333333333,
        "long_win_rate": 0.5333333333333333,
        "short_win_rate": 0,
        "sharpe_like": 1.5222019485526288
      },
      "ytd2026": {
        "return_pct": 12.72831185127432,
        "cagr_pct": 33.36235411468764,
        "strict_mdd_pct": 3.5414313607570747,
        "ratio": 9.42058470605387,
        "trades": 18,
        "longs": 18,
        "shorts": 0,
        "win_rate": 0.7222222222222222,
        "long_win_rate": 0.7222222222222222,
        "short_win_rate": 0,
        "sharpe_like": 2.479289243642297
      }
    },
    "15": {
      "test2024": {
        "return_pct": 15.024455931800084,
        "cagr_pct": 14.991467835374173,
        "strict_mdd_pct": 3.709976136575033,
        "ratio": 4.040852901338056,
        "trades": 19,
        "longs": 19,
        "shorts": 0,
        "win_rate": 0.5789473684210527,
        "long_win_rate": 0.5789473684210527,
        "short_win_rate": 0,
        "sharpe_like": 1.9511231463106848
      },
      "eval2025": {
        "return_pct": 10.923616020851746,
        "cagr_pct": 10.931492761172755,
        "strict_mdd_pct": 4.325576260261044,
        "ratio": 2.527176057812249,
        "trades": 15,
        "longs": 15,
        "shorts": 0,
        "win_rate": 0.5333333333333333,
        "long_win_rate": 0.5333333333333333,
        "short_win_rate": 0,
        "sharpe_like": 1.4221199539556486
      },
      "ytd2026": {
        "return_pct": 11.717680063544655,
        "cagr_pct": 30.50737266192016,
        "strict_mdd_pct": 3.61379337472304,
        "ratio": 8.441925007474518,
        "trades": 18,
        "longs": 18,
        "shorts": 0,
        "win_rate": 0.7222222222222222,
        "long_win_rate": 0.7222222222222222,
        "short_win_rate": 0,
        "sharpe_like": 2.2952235091936526
      }
    }
  },
  "trade_return_bootstrap": {
    "test2024": {
      "trades": 19,
      "mean_trade_return_pct": 0.8433678833151393,
      "ci95_low_pct": 0.14615636392067652,
      "ci95_high_pct": 1.6105620685680504,
      "probability_mean_positive": 0.9921
    },
    "eval2025": {
      "trades": 15,
      "mean_trade_return_pct": 0.8014720666174332,
      "ci95_low_pct": -0.09812767242604928,
      "ci95_high_pct": 1.792348715259211,
      "probability_mean_positive": 0.95715
    },
    "ytd2026": {
      "trades": 18,
      "mean_trade_return_pct": 0.71436290448527,
      "ci95_low_pct": 0.21158720021866306,
      "ci95_high_pct": 1.239112765270465,
      "probability_mean_positive": 0.9975
    }
  },
  "risk_notes": [
    "Family-level Top-10 generalization does not prove exact-parameter superiority.",
    "The underlying base setup has prior research-history exposure.",
    "Annual trade counts are sparse; start with forward shadow or tightly capped size."
  ],
  "artifacts": {
    "validation_result": "results/top10_state_model_validation_2026-07-13.json",
    "report": "docs/top10-state-model-generalization-2026-07-13.md"
  }
}