{
  "name": "semimarkov_top10_funding_premium_long_20260713",
  "status": "candidate_strong_research_forward_shadow_top10_family",
  "side": "LONG",
  "base_setup": "long_minimal_funding_premium",
  "hold_bars": 576,
  "stride_bars": 12,
  "entry_delay_bars": 1,
  "state_model": {
    "type": "observable_explicit_duration_semimarkov",
    "duration_cutpoints_hours": [
      1,
      6,
      24,
      72
    ],
    "allowed_keys": [
      10,
      12,
      15,
      16,
      17,
      20,
      26,
      31,
      35,
      46,
      47,
      52,
      55,
      57
    ]
  },
  "selection": {
    "policy": "qualifying member of pre-evaluation ranked Top-10 family",
    "pre_evaluation_rank": 7,
    "family_representative_rule": "highest pre-evaluation rank among OOS passers",
    "later_windows_used_to_rank_within_passing_family": false
  },
  "metrics": {
    "test2024": {
      "total_return_pct": 37.09926822454512,
      "cagr_pct": 37.01065010226592,
      "strict_mdd_pct": 3.5276739360751153,
      "cagr_to_strict_mdd": 10.491516725449948,
      "trades": 22
    },
    "eval2025": {
      "total_return_pct": 16.44232940374866,
      "cagr_pct": 16.45447081943694,
      "strict_mdd_pct": 3.4280809149032754,
      "cagr_to_strict_mdd": 4.799907361551064,
      "trades": 17
    },
    "ytd2026": {
      "total_return_pct": 8.658223191258596,
      "cagr_pct": 22.08350856505095,
      "strict_mdd_pct": 3.5637487621114405,
      "cagr_to_strict_mdd": 6.196707467101853,
      "trades": 25
    }
  },
  "cost_stress_bps_per_side": {
    "6": {
      "test2024": {
        "return_pct": 37.09926822454512,
        "cagr_pct": 37.01065010226592,
        "strict_mdd_pct": 3.5276739360751153,
        "ratio": 10.491516725449948,
        "trades": 22,
        "longs": 22,
        "shorts": 0,
        "win_rate": 0.8636363636363636,
        "long_win_rate": 0.8636363636363636,
        "short_win_rate": 0,
        "sharpe_like": 4.853535741530725
      },
      "eval2025": {
        "return_pct": 16.44232940374866,
        "cagr_pct": 16.45447081943694,
        "strict_mdd_pct": 3.4280809149032754,
        "ratio": 4.799907361551064,
        "trades": 17,
        "longs": 17,
        "shorts": 0,
        "win_rate": 0.6470588235294118,
        "long_win_rate": 0.6470588235294118,
        "short_win_rate": 0,
        "sharpe_like": 2.2227888196714316
      },
      "ytd2026": {
        "return_pct": 8.658223191258596,
        "cagr_pct": 22.08350856505095,
        "strict_mdd_pct": 3.5637487621114405,
        "ratio": 6.196707467101853,
        "trades": 25,
        "longs": 25,
        "shorts": 0,
        "win_rate": 0.68,
        "long_win_rate": 0.68,
        "short_win_rate": 0,
        "sharpe_like": 1.29644452937439
      }
    },
    "8": {
      "test2024": {
        "return_pct": 36.497146341102706,
        "cagr_pct": 36.41014777055502,
        "strict_mdd_pct": 3.556621423198647,
        "ratio": 10.237285175493758,
        "trades": 22,
        "longs": 22,
        "shorts": 0,
        "win_rate": 0.8636363636363636,
        "long_win_rate": 0.8636363636363636,
        "short_win_rate": 0,
        "sharpe_like": 4.786736066499246
      },
      "eval2025": {
        "return_pct": 16.046959613669266,
        "cagr_pct": 16.058789435400467,
        "strict_mdd_pct": 3.45705828590972,
        "ratio": 4.645218016963407,
        "trades": 17,
        "longs": 17,
        "shorts": 0,
        "win_rate": 0.6470588235294118,
        "long_win_rate": 0.6470588235294118,
        "short_win_rate": 0,
        "sharpe_like": 2.1740629478892433
      },
      "ytd2026": {
        "return_pct": 8.116098772172297,
        "cagr_pct": 20.624968402679112,
        "strict_mdd_pct": 3.6119717090602577,
        "ratio": 5.71016886730965,
        "trades": 25,
        "longs": 25,
        "shorts": 0,
        "win_rate": 0.68,
        "long_win_rate": 0.68,
        "short_win_rate": 0,
        "sharpe_like": 1.2203729752774086
      }
    },
    "10": {
      "test2024": {
        "return_pct": 35.897609054642075,
        "cagr_pct": 35.81221769062479,
        "strict_mdd_pct": 3.5855631190874204,
        "ratio": 9.987892138889341,
        "trades": 22,
        "longs": 22,
        "shorts": 0,
        "win_rate": 0.8636363636363636,
        "long_win_rate": 0.8636363636363636,
        "short_win_rate": 0,
        "sharpe_like": 4.719916340537296
      },
      "eval2025": {
        "return_pct": 15.652892913817528,
        "cagr_pct": 15.66441308734625,
        "strict_mdd_pct": 3.486029859702855,
        "ratio": 4.493482189702605,
        "trades": 17,
        "longs": 17,
        "shorts": 0,
        "win_rate": 0.6470588235294118,
        "long_win_rate": 0.6470588235294118,
        "short_win_rate": 0,
        "sharpe_like": 2.125322450301361
      },
      "ytd2026": {
        "return_pct": 7.576625322841424,
        "cagr_pct": 19.183710209415985,
        "strict_mdd_pct": 3.6929431316039985,
        "ratio": 5.194694184495526,
        "trades": 25,
        "longs": 25,
        "shorts": 0,
        "win_rate": 0.64,
        "long_win_rate": 0.64,
        "short_win_rate": 0,
        "sharpe_like": 1.1442785871555632
      }
    },
    "15": {
      "test2024": {
        "return_pct": 34.41000243892329,
        "cagr_pct": 34.32857557131983,
        "strict_mdd_pct": 3.657892025959286,
        "ratio": 9.384797399074984,
        "trades": 22,
        "longs": 22,
        "shorts": 0,
        "win_rate": 0.8636363636363636,
        "long_win_rate": 0.8636363636363636,
        "short_win_rate": 0,
        "sharpe_like": 4.5527792501337805
      },
      "eval2025": {
        "return_pct": 14.673399882229955,
        "cagr_pct": 14.684154387319781,
        "strict_mdd_pct": 3.5584334351832836,
        "ratio": 4.126578353871455,
        "trades": 17,
        "longs": 17,
        "shorts": 0,
        "win_rate": 0.6470588235294118,
        "long_win_rate": 0.6470588235294118,
        "short_win_rate": 0,
        "sharpe_like": 2.0034071800068327
      },
      "ytd2026": {
        "return_pct": 6.239456495884155,
        "cagr_pct": 15.6548464949122,
        "strict_mdd_pct": 3.909525628010657,
        "ratio": 4.004282868169377,
        "trades": 25,
        "longs": 25,
        "shorts": 0,
        "win_rate": 0.64,
        "long_win_rate": 0.64,
        "short_win_rate": 0,
        "sharpe_like": 0.9539426580025034
      }
    }
  },
  "trade_return_bootstrap": {
    "test2024": {
      "trades": 22,
      "mean_trade_return_pct": 1.4538156963964397,
      "ci95_low_pct": 0.8943450757660341,
      "ci95_high_pct": 2.048044992702637,
      "probability_mean_positive": 1.0
    },
    "eval2025": {
      "trades": 17,
      "mean_trade_return_pct": 0.9127756725763577,
      "ci95_low_pct": 0.15048626332848247,
      "ci95_high_pct": 1.719899671477198,
      "probability_mean_positive": 0.99235
    },
    "ytd2026": {
      "trades": 25,
      "mean_trade_return_pct": 0.34100215362023434,
      "ci95_low_pct": -0.17497886714032027,
      "ci95_high_pct": 0.8298653944176125,
      "probability_mean_positive": 0.9045
    }
  },
  "risk_notes": [
    "Family-level Top-10 generalization does not prove exact-parameter superiority.",
    "The underlying base setup has prior research-history exposure.",
    "Annual trade counts are sparse; start with forward shadow or tightly capped size."
  ],
  "artifacts": {
    "validation_result": "results/top10_state_model_validation_2026-07-13.json",
    "report": "docs/top10-state-model-generalization-2026-07-13.md"
  }
}